<COLLADA xmlns="http://www.collada.org/2005/11/COLLADASchema" version="1.4.1">
  <asset>
    <created>2026-09-21T21:54:03.168091</created>
    <modified>2026-09-21T21:54:03.168091</modified>
    <up_axis>Y_UP</up_axis>
  </asset>
  <library_effects>
    <effect id="de5003eb156d415192f3cb006159aa4e" name="de5003eb156d415192f3cb006159aa4e">
      <profile_COMMON>
        <technique sid="common">
          <phong>
            <emission>
              <color>0.0 0.0 0.0 1.0</color>
            </emission>
            <ambient>
              <color>0.0 0.0 0.0 1.0</color>
            </ambient>
            <diffuse>
              <color>0.8941176470588236 0.8941176470588236 0.8941176470588236 1.0</color>
            </diffuse>
            <specular>
              <color>0.0 0.0 0.0 1.0</color>
            </specular>
            <shininess>
              <float>0.0</float>
            </shininess>
            <reflective>
              <color>0.0 0.0 0.0 1.0</color>
            </reflective>
            <reflectivity>
              <float>0.0</float>
            </reflectivity>
            <transparent>
              <color>0.0 0.0 0.0 1.0</color>
            </transparent>
            <transparency>
              <float>1.0</float>
            </transparency>
          </phong>
        </technique>
        <extra>
          <technique profile="GOOGLEEARTH">
            <double_sided>0</double_sided>
          </technique>
        </extra>
      </profile_COMMON>
    </effect>
  </library_effects>
  <library_geometries>
    <geometry id="b6819878c21a470f81d7be70cb35dccb" name="0b00a4cd50b54e8aa7cef4de14f0caac">
      <mesh>
        <source id="verts-array">
          <float_array count="6510" id="verts-array-array">0.01434974 -0.006132453 0.0494504 -0.01615026 -0.006132453 0.0494504 -0.01615026 -0.006631353 0.0493224 0.01434974 -0.006631353 0.0493224 -0.01615026 -0.007080953 0.0490704 0.01434974 -0.007080953 0.0490704 -0.01615026 -0.007451453 0.0487124 0.01434974 -0.007451453 0.0487124 -0.01615026 -0.007718253 0.0482724 0.01434974 -0.007718253 0.0482724 -0.01615026 -0.007863653 0.0477784 0.01434974 -0.007863653 0.0477784 -0.01615026 -0.007878053 0.0472634 0.01434974 -0.007878053 0.0472634 0.01434974 -0.007888353 0.0467754 -0.01615026 -0.007888353 0.0467754 0.01434974 -0.008016353 0.0463044 -0.01615026 -0.008016353 0.0463044 0.01434974 -0.008254553 0.0458794 -0.01615026 -0.008254553 0.0458794 0.01434974 -0.008588653 0.0455234 -0.01615026 -0.008588653 0.0455234 0.01434974 -0.008998853 0.0452594 -0.01615026 -0.008998853 0.0452594 0.01434974 -0.009460753 0.0451034 -0.01615026 -0.009460753 0.0451034 0.01434974 0.04754615 -0.0188466 -0.01615026 0.04754615 -0.0188466 0.01434974 0.04748025 -0.0194036 -0.01615026 0.04748025 -0.0194036 0.01434974 0.04727235 -0.0199256 -0.01615026 0.04727235 -0.0199256 0.01434974 0.04693665 -0.0203746 -0.01615026 0.04693665 -0.0203746 0.01434974 0.04649585 -0.0207226 -0.01615026 0.04649585 -0.0207226 0.01434974 0.04598025 -0.0209436 -0.01615026 0.04598025 -0.0209436 0.01434974 0.04542485 -0.0210246 -0.01615026 0.04542485 -0.0210246 0.01434974 0.04486745 -0.0209586 -0.01615026 0.04486745 -0.0209586 0.01434974 0.04434605 -0.0207506 -0.01615026 0.04434605 -0.0207506 0.01434974 0.04389635 -0.0204156 -0.01615026 0.04389635 -0.0204156 0.01434974 0.04354875 -0.0199746 -0.01615026 0.04354875 -0.0199746 0.01434974 0.04332715 -0.0194586 -0.01615026 0.04332715 -0.0194586 0.01434974 0.04324655 -0.0189036 -0.01615026 0.04324655 -0.0189036 0.01434974 0.04331235 -0.0183456 -0.01615026 0.04331235 -0.0183456 0.01434974 0.04352025 -0.0178246 -0.01615026 0.04352025 -0.0178246 0.01434974 0.04385605 -0.0173746 -0.01615026 0.04385605 -0.0173746 0.01434974 0.04429675 -0.0170276 -0.01615026 0.04429675 -0.0170276 0.01434974 0.04481235 -0.0168056 -0.01615026 0.04481235 -0.0168056 0.01434974 0.04536785 -0.0167246 -0.01615026 0.04536785 -0.0167246 0.01434974 0.04592525 -0.0167906 -0.01615026 0.04592525 -0.0167906 0.01434974 0.04644655 -0.0169986 -0.01615026 0.04644655 -0.0169986 0.01434974 0.04689635 -0.0173346 -0.01615026 0.04689635 -0.0173346 0.01434974 0.04724385 -0.0177756 -0.01615026 0.04724385 -0.0177756 0.01434974 0.04746555 -0.0182906 -0.01615026 0.04746555 -0.0182906 -0.02815026 -0.03999615 -0.0006886036 -0.01615026 -0.03965965 0.004760396 -0.02815026 -0.03965965 0.004760396 -0.01615026 -0.03858435 0.0101124 -0.02815026 -0.03858435 0.0101124 -0.01615026 -0.03679025 0.0152684 -0.02815026 -0.03679025 0.0152684 -0.01615026 -0.03431075 0.0201324 -0.02815026 -0.03431075 0.0201324 -0.01615026 -0.03119205 0.0246134 -0.02815026 -0.03119205 0.0246134 -0.01615026 -0.02749225 0.0286284 -0.02815026 -0.02749225 0.0286284 -0.01615026 -0.02328025 0.0321014 -0.02815026 -0.02328025 0.0321014 -0.01615026 -0.01863455 0.0349694 -0.02815026 -0.01863455 0.0349694 -0.01615026 -0.01364165 0.0371774 -0.02815026 -0.01364165 0.0371774 -0.01615026 -0.008394553 0.0386844 -0.02815026 -0.008394553 0.0386844 -0.01615026 -0.002991053 0.0394644 -0.02815026 -0.002991053 0.0394644 -0.01615026 0.002468247 0.0395004 -0.02815026 0.002468247 0.0395004 -0.01615026 0.007881567 0.0387924 -0.02815026 0.007881567 0.0387924 -0.01615026 0.01314816 0.0373544 -0.02815026 0.01314816 0.0373544 -0.01615026 0.01816987 0.0352124 -0.02815026 0.01816987 0.0352124 -0.01615026 0.02285318 0.0324074 -0.02815026 0.02285318 0.0324074 -0.01615026 0.02711085 0.0289894 -0.02815026 0.02711085 0.0289894 -0.01615026 0.03086355 0.0250244 -0.02815026 0.03086355 0.0250244 -0.01615026 0.03404135 0.0205854 -0.02815026 0.03404135 0.0205854 -0.01615026 0.03658505 0.0157554 -0.02815026 0.03658505 0.0157554 -0.01615026 0.03844735 0.0106234 -0.02815026 0.03844735 0.0106234 -0.01615026 0.03959345 0.005285396 -0.02815026 0.03959345 0.005285396 -0.01615026 0.04000215 -0.0001586036 -0.02815026 0.04000215 -0.0001586036 -0.01615026 0.03966565 -0.005607604 -0.02815026 0.03966565 -0.005607604 -0.01615026 0.03859035 -0.0109606 -0.02815026 0.03859035 -0.0109606 -0.01615026 0.03679625 -0.0161166 -0.02815026 0.03679625 -0.0161166 -0.01615026 0.03431675 -0.0209806 -0.02815026 0.03431675 -0.0209806 -0.01615026 0.03119795 -0.0254616 -0.02815026 0.03119795 -0.0254616 -0.01615026 0.02749815 -0.0294756 -0.02815026 0.02749815 -0.0294756 -0.01615026 0.02328619 -0.0329486 -0.02815026 0.02328619 -0.0329486 -0.01615026 0.01864048 -0.0358166 -0.02815026 0.01864048 -0.0358166 -0.01615026 0.01364758 -0.0380246 -0.02815026 0.01364758 -0.0380246 -0.01615026 0.008400507 -0.0395326 -0.02815026 0.008400507 -0.0395326 -0.01615026 0.002997047 -0.0403116 -0.02815026 0.002997047 -0.0403116 -0.01615026 -0.002462253 -0.0403476 -0.02815026 -0.002462253 -0.0403476 -0.01615026 -0.007875653 -0.0396406 -0.02815026 -0.007875653 -0.0396406 -0.01615026 -0.01314225 -0.0382026 -0.02815026 -0.01314225 -0.0382026 -0.01615026 -0.01816395 -0.0360606 -0.02815026 -0.01816395 -0.0360606 -0.01615026 -0.02284725 -0.0332546 -0.02815026 -0.02284725 -0.0332546 -0.01615026 -0.02710485 -0.0298376 -0.02815026 -0.02710485 -0.0298376 -0.01615026 -0.03085755 -0.0258726 -0.02815026 -0.03085755 -0.0258726 -0.01615026 -0.03403535 -0.0214336 -0.02815026 -0.03403535 -0.0214336 -0.01615026 -0.03657905 -0.0166026 -0.02815026 -0.03657905 -0.0166026 -0.01615026 -0.03844135 -0.0114706 -0.02815026 -0.03844135 -0.0114706 -0.01615026 -0.03958755 -0.006132604 -0.02815026 -0.03958755 -0.006132604 -0.01615026 -0.03999615 -0.0006886036 -0.02815026 0.04000215 -0.0001586036 -0.02815026 0.03966565 -0.005607604 -0.02815026 2.946649e-06 -0.0004236036 -0.02815026 0.03658505 0.0157554 -0.02815026 0.03844735 0.0106234 -0.02815026 0.03959345 0.005285396 -0.02815026 0.02711085 0.0289894 -0.02815026 0.03086355 0.0250244 -0.02815026 0.03404135 0.0205854 -0.02815026 0.01314816 0.0373544 -0.02815026 0.01816987 0.0352124 -0.02815026 0.02285318 0.0324074 -0.02815026 -0.002991053 0.0394644 -0.02815026 0.002468247 0.0395004 -0.02815026 0.007881567 0.0387924 -0.02815026 -0.01863455 0.0349694 -0.02815026 -0.01364165 0.0371774 -0.02815026 -0.008394553 0.0386844 -0.02815026 -0.03119205 0.0246134 -0.02815026 -0.02749225 0.0286284 -0.02815026 -0.02328025 0.0321014 -0.02815026 -0.03858435 0.0101124 -0.02815026 -0.03679025 0.0152684 -0.02815026 -0.03431075 0.0201324 -0.02815026 -0.03958755 -0.006132604 -0.02815026 -0.03999615 -0.0006886036 -0.02815026 -0.03965965 0.004760396 -0.02815026 -0.03403535 -0.0214336 -0.02815026 -0.03657905 -0.0166026 -0.02815026 -0.03844135 -0.0114706 -0.02815026 -0.02284725 -0.0332546 -0.02815026 -0.02710485 -0.0298376 -0.02815026 -0.03085755 -0.0258726 -0.02815026 -0.007875653 -0.0396406 -0.02815026 -0.01314225 -0.0382026 -0.02815026 -0.01816395 -0.0360606 -0.02815026 0.008400507 -0.0395326 -0.02815026 0.002997047 -0.0403116 -0.02815026 -0.002462253 -0.0403476 -0.02815026 0.02328619 -0.0329486 -0.02815026 0.01864048 -0.0358166 -0.02815026 0.01364758 -0.0380246 -0.02815026 0.03431675 -0.0209806 -0.02815026 0.03119795 -0.0254616 -0.02815026 0.02749815 -0.0294756 -0.02815026 0.03859035 -0.0109606 -0.02815026 0.03679625 -0.0161166 -0.01615026 0.04609825 0.005697396 -0.01615026 0.04650195 -0.0001156036 -0.01615026 0.04312205 -0.0004236036 -0.01615026 0.01589752 -0.0480256 -0.01615026 0.01660405 -0.0478426 -0.01615026 0.01664079 -0.0487586 -0.01615026 -0.03119205 0.0246134 -0.01615026 -0.03059755 0.0301764 -0.01615026 -0.02749225 0.0286284 -0.01615026 0.01364758 -0.0380246 -0.01615026 0.01864048 -0.0358166 -0.01615026 0.01660405 -0.0419216 -0.01615026 0.03119795 -0.0254616 -0.01615026 0.03060345 -0.0310246 -0.01615026 0.02749815 -0.0294756 -0.01615026 0.03966565 -0.005607604 -0.01615026 0.04000215 -0.0001586036 -0.01615026 0.04150045 -0.0004236036 -0.01615026 0.03959345 0.005285396 -0.01615026 0.04150045 0.0161774 -0.01615026 0.03679625 -0.0161166 -0.01615026 0.03859035 -0.0109606 -0.01615026 0.04179475 -0.0225216 -0.01615026 0.04115235 -0.0228296 -0.01615026 0.04060085 -0.0232806 -0.01615026 0.03431675 -0.0209806 -0.01615026 0.04017125 -0.0238496 -0.01615026 0.03692585 -0.0286896 -0.01615026 0.03310055 -0.0330856 -0.01615026 0.02875545 -0.0369686 -0.01615026 0.02265214 -0.0419186 -0.01615026 0.02295202 -0.0412726 -0.01615026 0.02339589 -0.0407156 -0.01615026 0.02328619 -0.0329486 -0.01615026 0.02395871 -0.0402786 -0.01615026 -0.007875653 -0.0396406 -0.01615026 -0.002462253 -0.0403476 -0.01615026 2.946649e-06 -0.0419216 -0.01615026 0.002997047 -0.0403116 -0.01615026 0.008400507 -0.0395326 -0.01615026 -0.03085755 -0.0258726 -0.01615026 -0.02710485 -0.0298376 -0.01615026 -0.03059755 -0.0310246 -0.01615026 -0.02284725 -0.0332546 -0.01615026 -0.02209435 -0.0422156 -0.01615026 -0.01314225 -0.0382026 -0.01615026 -0.02240275 -0.0415736 -0.01615026 -0.01816395 -0.0360606 -0.01615026 -0.02285405 -0.0410216 -0.01615026 -0.02342255 -0.0405916 -0.01615026 -0.02826275 -0.0373466 -0.01615026 -0.03265895 -0.0335216 -0.01615026 -0.03654215 -0.0291766 -0.01615026 -0.03985145 -0.0243796 -0.01615026 -0.03403535 -0.0214336 -0.01615026 -0.03657905 -0.0166026 -0.01615026 -0.03965965 0.004760396 -0.01615026 -0.03999615 -0.0006886036 -0.01615026 -0.04149445 -0.0004236036 -0.01615026 -0.03958755 -0.006132604 -0.01615026 -0.04149235 -0.0230726 -0.01615026 -0.03844135 -0.0114706 -0.01615026 -0.04084595 -0.0233726 -0.01615026 -0.04028845 -0.0238166 -0.01615026 -0.04178875 0.0216734 -0.01615026 -0.03679025 0.0152684 -0.01615026 -0.04149445 0.0161774 -0.01615026 -0.03858435 0.0101124 -0.01615026 -0.04114645 0.0219824 -0.01615026 -0.04059485 0.0224334 -0.01615026 -0.03431075 0.0201324 -0.01615026 -0.04016535 0.0230014 -0.01615026 -0.03691995 0.0278424 -0.01615026 -0.03309465 0.0322384 -0.01615026 -0.02874945 0.0361214 -0.01615026 -0.02328025 0.0321014 -0.01615026 -0.01863455 0.0349694 -0.01615026 2.946649e-06 0.0410734 -0.01615026 -0.002991053 0.0394644 -0.01615026 -0.008394553 0.0386844 -0.01615026 -0.02395275 0.0394304 -0.01615026 -0.02338995 0.0398674 -0.01615026 -0.01364165 0.0371774 -0.01615026 -0.02294605 0.0404254 -0.01615026 -0.02264615 0.0410714 -0.01615026 0.01816987 0.0352124 -0.01615026 0.01314816 0.0373544 -0.01615026 0.01660405 0.0410734 -0.01615026 0.007881567 0.0387924 -0.01615026 0.002468247 0.0395004 -0.01615026 0.03086355 0.0250244 -0.01615026 0.02711085 0.0289894 -0.01615026 0.03060345 0.0301764 -0.01615026 0.02285318 0.0324074 -0.01615026 0.02826865 0.0364994 -0.01615026 0.02342852 0.0397444 -0.01615026 0.02285996 0.0401744 -0.01615026 0.03985735 0.0235324 -0.01615026 0.04029445 0.0229694 -0.01615026 0.03658505 0.0157554 -0.01615026 0.03266485 0.0326734 -0.01615026 0.03654815 0.0283284 -0.01615026 0.03404135 0.0205854 -0.01615026 0.04085185 0.0225254 -0.01615026 0.03844735 0.0106234 -0.01615026 0.04330035 0.0175274 -0.01615026 0.04364785 0.0170874 -0.01615026 0.04312205 0.0161774 -0.01615026 0.04517635 0.0164774 -0.01615026 0.04573175 0.0165584 -0.01615026 0.04833795 0.0162144 -0.01615026 0.04409765 0.0167514 -0.01615026 0.04461895 0.0165434 -0.01615026 0.04624745 0.0167794 -0.01615026 0.04668815 0.0171274 -0.01615026 0.04885365 0.0171214 -0.01615026 0.04702385 0.0175774 -0.01615026 0.04911705 0.0181324 -0.01615026 0.04723175 0.0180984 -0.01615026 0.04911005 0.0191754 -0.01615026 0.04729765 0.0186554 -0.01615026 0.04883315 0.0201824 -0.01615026 0.04721705 0.0192114 -0.01615026 0.04830525 0.0210834 -0.01615026 0.04699535 0.0197264 -0.01615026 0.04756225 0.0218164 -0.01615026 0.04664785 0.0201674 -0.01615026 0.04665475 0.0223324 -0.01615026 0.04619805 0.0205034 -0.01615026 0.04564465 0.0225964 -0.01615026 0.04567675 0.0207114 -0.01615026 0.04460065 0.0225894 -0.01615026 0.04511935 0.0207774 -0.01615026 0.04359405 0.0223134 -0.01615026 0.04456395 0.0206964 -0.01615026 0.04290915 0.0221164 -0.01615026 0.04404825 0.0204744 -0.01615026 0.04360755 0.0201274 -0.01615026 0.04149825 0.0222254 -0.01615026 0.04219715 0.0220864 -0.01615026 0.04327185 0.0196774 -0.01615026 0.04306395 0.0191564 -0.01615026 0.04299805 0.0185984 -0.01615026 0.04307865 0.0180434 -0.01615026 0.01695412 0.0434294 -0.01615026 0.01740389 0.0430934 -0.01615026 0.01660405 0.0426954 -0.01615026 0.01792523 0.0428854 -0.01615026 0.01848261 0.0428194 -0.01615026 0.01903805 0.0429004 -0.01615026 0.0195537 0.0431224 -0.01615026 0.02197248 0.0427774 -0.01615026 0.0178702 0.0470384 -0.01615026 0.01735454 0.0468174 -0.01615026 0.01689961 0.0486554 -0.01615026 0.01999442 0.0434694 -0.01615026 0.02033016 0.0439194 -0.01615026 0.02216025 0.0434644 -0.01615026 0.02053806 0.0444404 -0.01615026 0.01842564 0.0471194 -0.01615026 0.01790624 0.0489314 -0.01615026 0.01898302 0.0470534 -0.01615026 0.01895019 0.0489384 -0.01615026 0.01950436 0.0468454 -0.01615026 0.01996034 0.0486754 -0.01615026 0.01995413 0.0465094 -0.01615026 0.0208679 0.0481594 -0.01615026 0.02030167 0.0460694 -0.01615026 0.02161104 0.0474264 -0.01615026 0.02052331 0.0455534 -0.01615026 0.02213914 0.0465254 -0.01615026 0.02060394 0.0449984 -0.01615026 0.02241623 0.0455184 -0.01615026 0.02242343 0.0444754 -0.01615026 2.946649e-06 0.0426954 -0.01615026 0.01638494 0.0443854 -0.01615026 0.01660657 0.0438704 -0.01615026 0.01691383 0.0464694 -0.01615026 0.01657809 0.0460194 -0.01615026 0.01599887 0.0481274 -0.01615026 0.01637019 0.0454984 -0.01615026 0.01630431 0.0449414 -0.01615026 0.01392168 0.0453294 -0.01615026 0.01440404 0.0458534 -0.01615026 0.0147491 0.0464774 -0.01615026 0.01526538 0.0473844 -0.01615026 0.007230247 0.0478784 -0.01615026 0.007251457 0.0473634 -0.01615026 0.005477047 0.0495274 -0.01615026 -0.0003299534 0.0498254 -0.01615026 0.007268197 0.0468764 -0.01615026 0.007402447 0.0464074 -0.01615026 0.008398717 0.0453754 -0.01615026 0.008862667 0.0452244 -0.01615026 0.007646227 0.0459844 -0.01615026 0.007985037 0.0456334 -0.01615026 0.01124503 0.0446964 -0.01615026 0.01195204 0.0446074 -0.01615026 0.01266009 0.0446884 -0.01615026 0.01332922 0.0449334 -0.01615026 0.005977647 0.0494054 -0.01615026 0.006430447 0.0491604 -0.01615026 0.007078297 0.0483704 -0.01615026 0.006805677 0.0488074 -0.01615026 -0.04486145 0.0201114 -0.01615026 -0.04541885 0.0201774 -0.01615026 -0.04593965 0.0219894 -0.01615026 -0.04694625 0.0217124 -0.01615026 -0.04597425 0.0200964 -0.01615026 -0.04784675 0.0211844 -0.01615026 -0.04648995 0.0198744 -0.01615026 -0.04693065 0.0195274 -0.01615026 -0.04351435 0.0169774 -0.01615026 -0.04385005 0.0165274 -0.01615026 -0.04429075 0.0161794 -0.01615026 -0.04354285 0.0191264 -0.01615026 -0.04389035 0.0195674 -0.01615026 -0.04330645 0.0174984 -0.01615026 -0.04324055 0.0180564 -0.01615026 -0.04332115 0.0186114 -0.01615026 -0.04489575 0.0219964 -0.01615026 -0.04388545 0.0217334 -0.01615026 -0.04434015 0.0199034 -0.01615026 -0.04319805 0.0215454 -0.01615026 -0.04248585 0.0215254 -0.01615026 -0.04536185 0.0158774 -0.01615026 -0.04535405 0.0129024 -0.01615026 -0.04574995 0.0134954 -0.01615026 -0.04480645 0.0159584 -0.01615026 -0.04591925 0.0159434 -0.01615026 -0.04510895 0.0122334 -0.01615026 -0.04502865 0.0115254 -0.01615026 -0.04511755 0.0108184 -0.01615026 -0.04745955 0.0174434 -0.01615026 -0.04723795 0.0169274 -0.01615026 -0.04741615 0.0161774 -0.01615026 -0.04689035 0.0164874 -0.01615026 -0.04644055 0.0161514 -0.01615026 -0.04747425 0.0185564 -0.01615026 -0.04935945 0.0185234 -0.01615026 -0.04909595 0.0195334 -0.01615026 -0.04935265 0.0174794 -0.01615026 -0.04907595 0.0164724 -0.01615026 -0.04754015 0.0179994 -0.01615026 -0.04726635 0.0190774 -0.01615026 -0.04857995 0.0204414 -0.01615026 -0.01637895 -0.0452336 -0.01615026 -0.01660065 -0.0447176 -0.01615026 -0.01791925 -0.0437336 -0.01615026 -0.01847665 -0.0436676 -0.01615026 -0.01903215 -0.0437476 -0.01615026 -0.01954775 -0.0439696 -0.01615026 -0.01998845 -0.0443166 -0.01615026 -0.01694815 -0.0442766 -0.01615026 -0.01739795 -0.0439406 -0.01615026 -0.02053205 -0.0452886 -0.01615026 -0.02215425 -0.0443126 -0.01615026 -0.02032425 -0.0447666 -0.01615026 -0.02196655 -0.0436246 -0.01615026 -0.02194615 -0.0429126 -0.01615026 -0.02160505 -0.0482736 -0.01615026 -0.02029575 -0.0469166 -0.01615026 -0.01994815 -0.0473576 -0.01615026 -0.02051735 -0.0464006 -0.01615026 -0.02213315 -0.0473726 -0.01615026 -0.02059795 -0.0458456 -0.01615026 -0.02241025 -0.0463666 -0.01615026 -0.02241745 -0.0453226 -0.01615026 -0.01786425 -0.0478866 -0.01615026 -0.01734855 -0.0476646 -0.01615026 -0.01525945 -0.0482316 -0.01615026 -0.01690785 -0.0473176 -0.01615026 -0.01474315 -0.0473246 -0.01615026 -0.01657215 -0.0468676 -0.01615026 -0.01439805 -0.0467016 -0.01615026 -0.01636425 -0.0463456 -0.01615026 -0.01391575 -0.0461766 -0.01615026 -0.01629835 -0.0457886 -0.01615026 -0.01194605 -0.0454556 -0.01615026 -0.01265415 -0.0455356 -0.01615026 -0.01332325 -0.0457806 -0.01615026 0.0003110466 -0.0469226 -0.01615026 -0.005507253 -0.0465966 -0.01615026 -0.01123905 -0.0455446 -0.01615026 -0.01949845 -0.0476936 -0.01615026 -0.01897705 -0.0479006 -0.01615026 -0.02086195 -0.0490066 -0.01615026 -0.01995435 -0.0495226 -0.01615026 -0.01599295 -0.0489746 -0.01615026 -0.01689365 -0.0495026 -0.01615026 -0.01841965 -0.0479666 -0.01615026 -0.01790025 -0.0497796 -0.01615026 -0.01894425 -0.0497866 -0.01615026 -0.02089555 0.0436214 -0.01615026 -0.02054805 0.0431804 -0.01615026 -0.02253705 0.0424824 -0.01615026 -0.01846405 0.0426524 -0.01615026 -0.01794845 0.0428734 -0.01615026 -0.01750775 0.0432214 -0.01615026 -0.01717195 0.0436704 -0.01615026 -0.01696405 0.0441924 -0.01615026 -0.01720045 0.0458204 -0.01615026 -0.01536325 0.0462774 -0.01615026 -0.01697885 0.0453054 -0.01615026 -0.01501005 0.0456584 -0.01615026 -0.01689825 0.0447494 -0.01615026 -0.02111725 0.0441374 -0.01615026 -0.02273385 0.0431674 -0.01615026 -0.02119785 0.0446924 -0.01615026 -0.02301045 0.0441744 -0.01615026 -0.02113195 0.0452504 -0.01615026 -0.02301705 0.0452174 -0.01615026 -0.02092405 0.0457714 -0.01615026 -0.02275335 0.0462284 -0.01615026 -0.02058835 0.0462214 -0.01615026 -0.02223725 0.0471354 -0.01615026 -0.02014765 0.0465684 -0.01615026 -0.02150385 0.0478784 -0.01615026 -0.01963195 0.0467904 -0.01615026 -0.02060325 0.0484064 -0.01615026 -0.01907655 0.0468714 -0.01615026 -0.01959665 0.0486834 -0.01615026 -0.01851915 0.0468054 -0.01615026 -0.01855265 0.0486904 -0.01615026 -0.01799775 0.0465974 -0.01615026 -0.01754245 0.0484274 -0.01615026 -0.01754805 0.0462614 -0.01615026 -0.01663485 0.0479114 -0.01615026 -0.01589155 0.0471784 -0.01615026 -0.01452075 0.0451404 -0.01615026 -0.01392305 0.0447524 -0.01615026 -0.009460753 0.0451034 -0.01615026 -0.008998853 0.0452594 -0.01615026 -0.008588653 0.0455234 -0.01615026 -0.008254553 0.0458794 -0.01615026 -0.007451453 0.0487124 -0.01615026 -0.007080953 0.0490704 -0.01615026 -0.006631353 0.0493224 -0.01615026 -0.01325075 0.0445164 -0.01615026 -0.01254175 0.0444454 -0.01615026 -0.01183595 0.0445434 -0.01615026 -0.008016353 0.0463044 -0.01615026 -0.007888353 0.0467754 -0.01615026 -0.007878053 0.0472634 -0.01615026 -0.006132453 0.0494504 -0.01615026 -0.007863653 0.0477784 -0.01615026 -0.007718253 0.0482724 -0.01615026 -0.04627445 0.0139774 -0.01615026 -0.04689795 0.0143224 -0.01615026 -0.04780525 0.0148384 -0.01615026 -0.04854815 0.0155724 -0.01615026 -0.04461295 -0.0173906 -0.01615026 -0.04517035 -0.0173246 -0.01615026 -0.04517345 -0.0143496 -0.01615026 -0.04409165 -0.0175986 -0.01615026 -0.04364185 -0.0179346 -0.01615026 -0.04609235 -0.006545604 -0.01615026 -0.04649605 -0.0007316036 -0.01615026 -0.04616935 0.005086396 -0.01615026 -0.04572585 -0.0174056 -0.01615026 -0.04624145 -0.0176276 -0.01615026 -0.04742735 -0.0161916 -0.01615026 -0.04729175 -0.0195036 -0.01615026 -0.04721105 -0.0200586 -0.01615026 -0.04755625 -0.0226636 -0.01615026 -0.04493735 -0.0136776 -0.01615026 -0.04486635 -0.0129686 -0.01615026 -0.04496465 -0.0122626 -0.01615026 -0.04669845 -0.0157896 -0.01615026 -0.04607955 -0.0154366 -0.01615026 -0.04556155 -0.0149476 -0.01615026 -0.04668215 -0.0179746 -0.01615026 -0.04701795 -0.0184246 -0.01615026 -0.04722585 -0.0189456 -0.01615026 -0.04698945 -0.0205746 -0.01615026 -0.04664185 -0.0210146 -0.01615026 -0.04664875 -0.0231806 -0.01615026 -0.04619215 -0.0213506 -0.01615026 -0.04563865 -0.0234436 -0.01615026 -0.04567075 -0.0215586 -0.01615026 -0.04459475 -0.0234376 -0.01615026 -0.04511335 -0.0216246 -0.01615026 -0.04358805 -0.0231606 -0.01615026 -0.04455795 -0.0215436 -0.01615026 -0.04290315 -0.0229636 -0.01615026 -0.04404235 -0.0213226 -0.01615026 -0.04219125 -0.0229336 -0.01615026 -0.04360165 -0.0209746 -0.01615026 -0.04326585 -0.0205246 -0.01615026 -0.04305795 -0.0200036 -0.01615026 -0.04299205 -0.0194466 -0.01615026 -0.04307275 -0.0188906 -0.01615026 -0.04329435 -0.0183756 -0.01615026 -0.04882715 -0.0210296 -0.01615026 -0.04910405 -0.0200236 -0.01615026 -0.04759885 -0.0163186 -0.01615026 -0.04829925 -0.0219306 -0.01615026 -0.04911105 -0.0189796 -0.01615026 -0.04884775 -0.0179696 -0.01615026 -0.04833195 -0.0170616 -0.01615026 0.01536926 -0.0471256 -0.01615026 0.01501597 -0.0465066 -0.01615026 0.0145267 -0.0459886 -0.01615026 0.01392904 -0.0456006 -0.01615026 0.01325673 -0.0453636 -0.01615026 0.01254768 -0.0452936 -0.01615026 0.01184191 -0.0453916 -0.01615026 0.006124547 -0.0465186 -0.01615026 0.02224317 -0.0479826 -0.01615026 0.02150981 -0.0487256 -0.01615026 0.02060917 -0.0492536 -0.01615026 0.01960259 -0.0495306 -0.01615026 0.01855865 -0.0495376 -0.01615026 0.01754844 -0.0492746 -0.01615026 0.01720643 -0.0466686 -0.01615026 0.01755398 -0.0471086 -0.01615026 0.01800375 -0.0474446 -0.01615026 0.01958288 -0.0434846 -0.01615026 0.0190255 -0.0434186 -0.01615026 0.01847005 -0.0434996 -0.01615026 0.01795441 -0.0437216 -0.01615026 0.01751369 -0.0440686 -0.01615026 0.01717795 -0.0445186 -0.01615026 0.01852509 -0.0476526 -0.01615026 0.01908247 -0.0477186 -0.01615026 0.01963791 -0.0476376 -0.01615026 0.02015356 -0.0474166 -0.01615026 0.02059428 -0.0470686 -0.01615026 0.02275929 -0.0470756 -0.01615026 0.02093002 -0.0466186 -0.01615026 0.02302302 -0.0460656 -0.01615026 0.02113792 -0.0460976 -0.01615026 0.02301638 -0.0450216 -0.01615026 0.0212038 -0.0455406 -0.01615026 0.02273985 -0.0440146 -0.01615026 0.02112317 -0.0449846 -0.01615026 0.02254298 -0.0433296 -0.01615026 0.02090153 -0.0444696 -0.01615026 0.02251318 -0.0426176 -0.01615026 0.02055399 -0.0440286 -0.01615026 0.02010422 -0.0436926 -0.01615026 0.01697005 -0.0450396 -0.01615026 0.01690417 -0.0455976 -0.01615026 0.0169848 -0.0461526 -0.01615026 0.04249175 -0.0223726 -0.01615026 0.04536785 -0.0167246 -0.01615026 0.04481235 -0.0168056 -0.01615026 0.04511495 -0.0130806 -0.01615026 0.04352025 -0.0178246 -0.01615026 0.04385605 -0.0173746 -0.01615026 0.04429675 -0.0170276 -0.01615026 0.04503465 -0.0123726 -0.01615026 0.04617535 -0.005933604 -0.01615026 0.04512355 -0.0116656 -0.01615026 0.04331235 -0.0183456 -0.01615026 0.04324655 -0.0189036 -0.01615026 0.04332715 -0.0194586 -0.01615026 0.04486745 -0.0209586 -0.01615026 0.04389145 -0.0225806 -0.01615026 0.04434605 -0.0207506 -0.01615026 0.04320405 -0.0223936 -0.01615026 0.04389635 -0.0204156 -0.01615026 0.04354875 -0.0199746 -0.01615026 0.04535995 -0.0137496 -0.01615026 0.04575595 -0.0143426 -0.01615026 0.04592525 -0.0167906 -0.01615026 0.04628045 -0.0148246 -0.01615026 0.04644655 -0.0169986 -0.01615026 0.04690385 -0.0151696 -0.01615026 0.04689635 -0.0173346 -0.01615026 0.04781125 -0.0156866 -0.01615026 0.04724385 -0.0177756 -0.01615026 0.04855415 -0.0164196 -0.01615026 0.04746555 -0.0182906 -0.01615026 0.04908185 -0.0173206 -0.01615026 0.04754615 -0.0188466 -0.01615026 0.04935865 -0.0183266 -0.01615026 0.04748025 -0.0194036 -0.01615026 0.04936545 -0.0193706 -0.01615026 0.04727235 -0.0199256 -0.01615026 0.04910185 -0.0203806 -0.01615026 0.04693665 -0.0203746 -0.01615026 0.04858595 -0.0212886 -0.01615026 0.04649585 -0.0207226 -0.01615026 0.04785275 -0.0220316 -0.01615026 0.04598025 -0.0209436 -0.01615026 0.04695215 -0.0225596 -0.01615026 0.04542485 -0.0210246 -0.01615026 0.04594565 -0.0228366 -0.01615026 0.04490175 -0.0228446 -0.01615026 0.04670435 0.0149424 -0.01615026 0.04608555 0.0145894 -0.01615026 0.04556745 0.0141004 -0.01615026 0.04517945 0.0135024 -0.01615026 0.04494325 0.0128304 -0.01615026 0.04487235 0.0121214 -0.01615026 0.04497065 0.0114154 -0.01615026 0.04760485 0.0154704 -0.01615026 0.02195212 0.0420654 -0.01615026 0.02210033 0.0413684 -0.01615026 0.02240874 0.0407254 -0.01615026 -0.02009825 0.0428454 -0.01615026 -0.01957695 0.0426374 -0.01615026 -0.02250725 0.0417704 -0.01615026 -0.01901955 0.0425714 0.01434974 -0.01123905 -0.0455446 -0.01615026 -0.01123905 -0.0455446 -0.01615026 -0.005507253 -0.0465966 0.01434974 -0.005507253 -0.0465966 -0.01615026 0.0003110466 -0.0469226 0.01434974 0.0003110466 -0.0469226 -0.01615026 0.006124547 -0.0465186 0.01434974 0.006124547 -0.0465186 -0.01615026 0.01184191 -0.0453916 0.01434974 0.01184191 -0.0453916 0.01434974 0.01254768 -0.0452936 -0.01615026 0.01254768 -0.0452936 0.01434974 0.01325673 -0.0453636 -0.01615026 0.01325673 -0.0453636 0.01434974 0.01392904 -0.0456006 -0.01615026 0.01392904 -0.0456006 0.01434974 0.0145267 -0.0459886 -0.01615026 0.0145267 -0.0459886 0.01434974 0.01501597 -0.0465066 -0.01615026 0.01501597 -0.0465066 0.01434974 0.01536926 -0.0471256 -0.01615026 0.01536926 -0.0471256 0.01434974 0.04359405 0.0223134 -0.01615026 0.04359405 0.0223134 0.01434974 0.04290915 0.0221164 -0.01615026 0.04290915 0.0221164 0.01434974 0.04219715 0.0220864 -0.01615026 0.04219715 0.0220864 0.01434974 0.04149825 0.0222254 -0.01615026 0.04149825 0.0222254 0.01434974 0.04085185 0.0225254 -0.01615026 0.04085185 0.0225254 0.01434974 0.04029445 0.0229694 -0.01615026 0.04029445 0.0229694 0.01434974 0.03985735 0.0235324 -0.01615026 0.03985735 0.0235324 0.01434974 0.0147491 0.0464774 -0.01615026 0.0147491 0.0464774 0.01434974 0.01440404 0.0458534 -0.01615026 0.01440404 0.0458534 0.01434974 0.01392168 0.0453294 -0.01615026 0.01392168 0.0453294 0.01434974 0.01332922 0.0449334 -0.01615026 0.01332922 0.0449334 0.01434974 0.01266009 0.0446884 -0.01615026 0.01266009 0.0446884 0.01434974 0.01195204 0.0446074 -0.01615026 0.01195204 0.0446074 0.01434974 0.01124503 0.0446964 -0.01615026 0.01124503 0.0446964 0.01434974 -0.03985145 -0.0243796 -0.01615026 -0.03985145 -0.0243796 -0.01615026 -0.03654215 -0.0291766 0.01434974 -0.03654215 -0.0291766 -0.01615026 -0.03265895 -0.0335216 0.01434974 -0.03265895 -0.0335216 -0.01615026 -0.02826275 -0.0373466 0.01434974 -0.02826275 -0.0373466 -0.01615026 -0.02342255 -0.0405916 0.01434974 -0.02342255 -0.0405916 0.01434974 -0.01474315 -0.0473246 -0.01615026 -0.01474315 -0.0473246 0.01434974 -0.01439805 -0.0467016 -0.01615026 -0.01439805 -0.0467016 0.01434974 -0.01391575 -0.0461766 -0.01615026 -0.01391575 -0.0461766 0.01434974 -0.01332325 -0.0457806 -0.01615026 -0.01332325 -0.0457806 0.01434974 -0.01265415 -0.0455356 -0.01615026 -0.01265415 -0.0455356 0.01434974 -0.01194605 -0.0454556 -0.01615026 -0.01194605 -0.0454556 0.01434974 0.04497065 0.0114154 -0.01615026 0.04497065 0.0114154 0.01434974 0.04487235 0.0121214 -0.01615026 0.04487235 0.0121214 0.01434974 0.04494325 0.0128304 -0.01615026 0.04494325 0.0128304 0.01434974 0.04517945 0.0135024 -0.01615026 0.04517945 0.0135024 0.01434974 0.04556745 0.0141004 -0.01615026 0.04556745 0.0141004 0.01434974 0.04608555 0.0145894 -0.01615026 0.04608555 0.0145894 0.01434974 0.04670435 0.0149424 -0.01615026 0.04670435 0.0149424 0.01434974 -0.02215425 -0.0443126 -0.01615026 -0.02215425 -0.0443126 -0.01615026 -0.02241745 -0.0453226 0.01434974 -0.02241745 -0.0453226 -0.01615026 -0.02241025 -0.0463666 0.01434974 -0.02241025 -0.0463666 -0.01615026 -0.02213315 -0.0473726 0.01434974 -0.02213315 -0.0473726 -0.01615026 -0.02160505 -0.0482736 0.01434974 -0.02160505 -0.0482736 -0.01615026 -0.02086195 -0.0490066 0.01434974 -0.02086195 -0.0490066 -0.01615026 -0.01995435 -0.0495226 0.01434974 -0.01995435 -0.0495226 -0.01615026 -0.01894425 -0.0497866 0.01434974 -0.01894425 -0.0497866 -0.01615026 -0.01790025 -0.0497796 0.01434974 -0.01790025 -0.0497796 -0.01615026 -0.01689365 -0.0495026 0.01434974 -0.01689365 -0.0495026 -0.01615026 -0.01599295 -0.0489746 0.01434974 -0.01599295 -0.0489746 -0.01615026 -0.01525945 -0.0482316 0.01434974 -0.01525945 -0.0482316 0.01434974 -0.01183595 0.0445434 -0.01615026 -0.01183595 0.0445434 0.01434974 -0.01254175 0.0444454 -0.01615026 -0.01254175 0.0444454 0.01434974 -0.01325075 0.0445164 -0.01615026 -0.01325075 0.0445164 0.01434974 -0.01392305 0.0447524 -0.01615026 -0.01392305 0.0447524 0.01434974 -0.01452075 0.0451404 -0.01615026 -0.01452075 0.0451404 0.01434974 -0.01501005 0.0456584 -0.01615026 -0.01501005 0.0456584 0.01434974 -0.01536325 0.0462774 -0.01615026 -0.01536325 0.0462774 0.01434974 -0.04689795 0.0143224 -0.01615026 -0.04689795 0.0143224 0.01434974 -0.04627445 0.0139774 -0.01615026 -0.04627445 0.0139774 0.01434974 -0.04574995 0.0134954 -0.01615026 -0.04574995 0.0134954 0.01434974 -0.04535405 0.0129024 -0.01615026 -0.04535405 0.0129024 0.01434974 -0.04510895 0.0122334 -0.01615026 -0.04510895 0.0122334 0.01434974 -0.04502865 0.0115254 -0.01615026 -0.04502865 0.0115254 0.01434974 -0.04511755 0.0108184 -0.01615026 -0.04511755 0.0108184 0.01434974 -0.02285405 -0.0410216 -0.01615026 -0.02285405 -0.0410216 0.01434974 -0.02240275 -0.0415736 -0.01615026 -0.02240275 -0.0415736 0.01434974 -0.02209435 -0.0422156 -0.01615026 -0.02209435 -0.0422156 0.01434974 -0.02194615 -0.0429126 -0.01615026 -0.02194615 -0.0429126 0.01434974 -0.02196655 -0.0436246 -0.01615026 -0.02196655 -0.0436246 0.01434974 -0.04358805 -0.0231606 -0.01615026 -0.04358805 -0.0231606 0.01434974 -0.04290315 -0.0229636 -0.01615026 -0.04290315 -0.0229636 0.01434974 -0.04219125 -0.0229336 -0.01615026 -0.04219125 -0.0229336 0.01434974 -0.04149235 -0.0230726 -0.01615026 -0.04149235 -0.0230726 0.01434974 -0.04084595 -0.0233726 -0.01615026 -0.04084595 -0.0233726 0.01434974 -0.04028845 -0.0238166 -0.01615026 -0.04028845 -0.0238166 0.01434974 -0.04496465 -0.0122626 -0.01615026 -0.04496465 -0.0122626 0.01434974 -0.04486635 -0.0129686 -0.01615026 -0.04486635 -0.0129686 0.01434974 -0.04493735 -0.0136776 -0.01615026 -0.04493735 -0.0136776 0.01434974 -0.04517345 -0.0143496 -0.01615026 -0.04517345 -0.0143496 0.01434974 -0.04556155 -0.0149476 -0.01615026 -0.04556155 -0.0149476 0.01434974 -0.04607955 -0.0154366 -0.01615026 -0.04607955 -0.0154366 0.01434974 -0.04669845 -0.0157896 -0.01615026 -0.04669845 -0.0157896 0.01434974 -0.04742735 -0.0161916 -0.01615026 -0.04742735 -0.0161916 0.01434974 -0.04759885 -0.0163186 -0.01615026 -0.04759885 -0.0163186 -0.01615026 -0.04833195 -0.0170616 0.01434974 -0.04833195 -0.0170616 -0.01615026 -0.04884775 -0.0179696 0.01434974 -0.04884775 -0.0179696 -0.01615026 -0.04911105 -0.0189796 0.01434974 -0.04911105 -0.0189796 -0.01615026 -0.04910405 -0.0200236 0.01434974 -0.04910405 -0.0200236 -0.01615026 -0.04882715 -0.0210296 0.01434974 -0.04882715 -0.0210296 -0.01615026 -0.04829925 -0.0219306 0.01434974 -0.04829925 -0.0219306 -0.01615026 -0.04755625 -0.0226636 0.01434974 -0.04755625 -0.0226636 -0.01615026 -0.04664875 -0.0231806 0.01434974 -0.04664875 -0.0231806 -0.01615026 -0.04563865 -0.0234436 0.01434974 -0.04563865 -0.0234436 -0.01615026 -0.04459475 -0.0234376 0.01434974 -0.04459475 -0.0234376 -0.01615026 -0.04616935 0.005086396 0.01434974 -0.04616935 0.005086396 -0.01615026 -0.04649605 -0.0007316036 0.01434974 -0.04649605 -0.0007316036 -0.01615026 -0.04609235 -0.006545604 0.01434974 -0.04609235 -0.006545604 0.01434974 -0.04388545 0.0217334 -0.01615026 -0.04388545 0.0217334 -0.01615026 -0.04489575 0.0219964 0.01434974 -0.04489575 0.0219964 -0.01615026 -0.04593965 0.0219894 0.01434974 -0.04593965 0.0219894 -0.01615026 -0.04694625 0.0217124 0.01434974 -0.04694625 0.0217124 -0.01615026 -0.04784675 0.0211844 0.01434974 -0.04784675 0.0211844 -0.01615026 -0.04857995 0.0204414 0.01434974 -0.04857995 0.0204414 -0.01615026 -0.04909595 0.0195334 0.01434974 -0.04909595 0.0195334 -0.01615026 -0.04935945 0.0185234 0.01434974 -0.04935945 0.0185234 -0.01615026 -0.04935265 0.0174794 0.01434974 -0.04935265 0.0174794 -0.01615026 -0.04907595 0.0164724 0.01434974 -0.04907595 0.0164724 -0.01615026 -0.04854815 0.0155724 0.01434974 -0.04854815 0.0155724 -0.01615026 -0.04780525 0.0148384 0.01434974 -0.04780525 0.0148384 0.01434974 -0.04016535 0.0230014 -0.01615026 -0.04016535 0.0230014 0.01434974 -0.04059485 0.0224334 -0.01615026 -0.04059485 0.0224334 0.01434974 -0.04114645 0.0219824 -0.01615026 -0.04114645 0.0219824 0.01434974 -0.04178875 0.0216734 -0.01615026 -0.04178875 0.0216734 0.01434974 -0.04248585 0.0215254 -0.01615026 -0.04248585 0.0215254 0.01434974 -0.04319805 0.0215454 -0.01615026 -0.04319805 0.0215454 0.01434974 -0.02273385 0.0431674 -0.01615026 -0.02273385 0.0431674 0.01434974 -0.02253705 0.0424824 -0.01615026 -0.02253705 0.0424824 0.01434974 -0.02250725 0.0417704 -0.01615026 -0.02250725 0.0417704 0.01434974 -0.02264615 0.0410714 -0.01615026 -0.02264615 0.0410714 0.01434974 -0.02294605 0.0404254 -0.01615026 -0.02294605 0.0404254 0.01434974 -0.02338995 0.0398674 -0.01615026 -0.02338995 0.0398674 0.01434974 -0.02395275 0.0394304 -0.01615026 -0.02395275 0.0394304 -0.01615026 -0.01589155 0.0471784 0.01434974 -0.01589155 0.0471784 -0.01615026 -0.01663485 0.0479114 0.01434974 -0.01663485 0.0479114 -0.01615026 -0.01754245 0.0484274 0.01434974 -0.01754245 0.0484274 -0.01615026 -0.01855265 0.0486904 0.01434974 -0.01855265 0.0486904 -0.01615026 -0.01959665 0.0486834 0.01434974 -0.01959665 0.0486834 -0.01615026 -0.02060325 0.0484064 0.01434974 -0.02060325 0.0484064 -0.01615026 -0.02150385 0.0478784 0.01434974 -0.02150385 0.0478784 -0.01615026 -0.02223725 0.0471354 0.01434974 -0.02223725 0.0471354 -0.01615026 -0.02275335 0.0462284 0.01434974 -0.02275335 0.0462284 -0.01615026 -0.02301705 0.0452174 0.01434974 -0.02301705 0.0452174 -0.01615026 -0.02301045 0.0441744 0.01434974 -0.02301045 0.0441744 -0.01615026 -0.02874945 0.0361214 0.01434974 -0.02874945 0.0361214 -0.01615026 -0.03309465 0.0322384 0.01434974 -0.03309465 0.0322384 -0.01615026 -0.03691995 0.0278424 0.01434974 -0.03691995 0.0278424 0.01434974 0.04729765 0.0186554 -0.01615026 0.04729765 0.0186554 0.01434974 0.04723175 0.0180984 -0.01615026 0.04723175 0.0180984 0.01434974 0.04702385 0.0175774 -0.01615026 0.04702385 0.0175774 0.01434974 0.04668815 0.0171274 -0.01615026 0.04668815 0.0171274 0.01434974 0.04624745 0.0167794 -0.01615026 0.04624745 0.0167794 0.01434974 0.04573175 0.0165584 -0.01615026 0.04573175 0.0165584 0.01434974 0.04517635 0.0164774 -0.01615026 0.04517635 0.0164774 0.01434974 0.04461895 0.0165434 -0.01615026 0.04461895 0.0165434 0.01434974 0.04409765 0.0167514 -0.01615026 0.04409765 0.0167514 0.01434974 0.04364785 0.0170874 -0.01615026 0.04364785 0.0170874 0.01434974 0.04330035 0.0175274 -0.01615026 0.04330035 0.0175274 0.01434974 0.04307865 0.0180434 -0.01615026 0.04307865 0.0180434 0.01434974 0.04299805 0.0185984 -0.01615026 0.04299805 0.0185984 0.01434974 0.04306395 0.0191564 -0.01615026 0.04306395 0.0191564 0.01434974 0.04327185 0.0196774 -0.01615026 0.04327185 0.0196774 0.01434974 0.04360755 0.0201274 -0.01615026 0.04360755 0.0201274 0.01434974 0.04404825 0.0204744 -0.01615026 0.04404825 0.0204744 0.01434974 0.04456395 0.0206964 -0.01615026 0.04456395 0.0206964 0.01434974 0.04511935 0.0207774 -0.01615026 0.04511935 0.0207774 0.01434974 0.04567675 0.0207114 -0.01615026 0.04567675 0.0207114 0.01434974 0.04619805 0.0205034 -0.01615026 0.04619805 0.0205034 0.01434974 0.04664785 0.0201674 -0.01615026 0.04664785 0.0201674 0.01434974 0.04699535 0.0197264 -0.01615026 0.04699535 0.0197264 0.01434974 0.04721705 0.0192114 -0.01615026 0.04721705 0.0192114 0.01434974 0.02060394 0.0449984 -0.01615026 0.02060394 0.0449984 0.01434974 0.02053806 0.0444404 -0.01615026 0.02053806 0.0444404 0.01434974 0.02033016 0.0439194 -0.01615026 0.02033016 0.0439194 0.01434974 0.01999442 0.0434694 -0.01615026 0.01999442 0.0434694 0.01434974 0.0195537 0.0431224 -0.01615026 0.0195537 0.0431224 0.01434974 0.01903805 0.0429004 -0.01615026 0.01903805 0.0429004 0.01434974 0.01848261 0.0428194 -0.01615026 0.01848261 0.0428194 0.01434974 0.01792523 0.0428854 -0.01615026 0.01792523 0.0428854 0.01434974 0.01740389 0.0430934 -0.01615026 0.01740389 0.0430934 0.01434974 0.01695412 0.0434294 -0.01615026 0.01695412 0.0434294 0.01434974 0.01660657 0.0438704 -0.01615026 0.01660657 0.0438704 0.01434974 0.01638494 0.0443854 -0.01615026 0.01638494 0.0443854 0.01434974 0.01630431 0.0449414 -0.01615026 0.01630431 0.0449414 0.01434974 0.01637019 0.0454984 -0.01615026 0.01637019 0.0454984 0.01434974 0.01657809 0.0460194 -0.01615026 0.01657809 0.0460194 0.01434974 0.01691383 0.0464694 -0.01615026 0.01691383 0.0464694 0.01434974 0.01735454 0.0468174 -0.01615026 0.01735454 0.0468174 0.01434974 0.0178702 0.0470384 -0.01615026 0.0178702 0.0470384 0.01434974 0.01842564 0.0471194 -0.01615026 0.01842564 0.0471194 0.01434974 0.01898302 0.0470534 -0.01615026 0.01898302 0.0470534 0.01434974 0.01950436 0.0468454 -0.01615026 0.01950436 0.0468454 0.01434974 0.01995413 0.0465094 -0.01615026 0.01995413 0.0465094 0.01434974 0.02030167 0.0460694 -0.01615026 0.02030167 0.0460694 0.01434974 0.02052331 0.0455534 -0.01615026 0.02052331 0.0455534 0.01434974 -0.04324055 0.0180564 -0.01615026 -0.04324055 0.0180564 0.01434974 -0.04330645 0.0174984 -0.01615026 -0.04330645 0.0174984 0.01434974 -0.04351435 0.0169774 -0.01615026 -0.04351435 0.0169774 0.01434974 -0.04385005 0.0165274 -0.01615026 -0.04385005 0.0165274 0.01434974 -0.04429075 0.0161794 -0.01615026 -0.04429075 0.0161794 0.01434974 -0.04480645 0.0159584 -0.01615026 -0.04480645 0.0159584 0.01434974 -0.04536185 0.0158774 -0.01615026 -0.04536185 0.0158774 0.01434974 -0.04591925 0.0159434 -0.01615026 -0.04591925 0.0159434 0.01434974 -0.04644055 0.0161514 -0.01615026 -0.04644055 0.0161514 0.01434974 -0.04689035 0.0164874 -0.01615026 -0.04689035 0.0164874 0.01434974 -0.04723795 0.0169274 -0.01615026 -0.04723795 0.0169274 0.01434974 -0.04745955 0.0174434 -0.01615026 -0.04745955 0.0174434 0.01434974 -0.04754015 0.0179994 -0.01615026 -0.04754015 0.0179994 0.01434974 -0.04747425 0.0185564 -0.01615026 -0.04747425 0.0185564 0.01434974 -0.04726635 0.0190774 -0.01615026 -0.04726635 0.0190774 0.01434974 -0.04693065 0.0195274 -0.01615026 -0.04693065 0.0195274 0.01434974 -0.04648995 0.0198744 -0.01615026 -0.04648995 0.0198744 0.01434974 -0.04597425 0.0200964 -0.01615026 -0.04597425 0.0200964 0.01434974 -0.04541885 0.0201774 -0.01615026 -0.04541885 0.0201774 0.01434974 -0.04486145 0.0201114 -0.01615026 -0.04486145 0.0201114 0.01434974 -0.04434015 0.0199034 -0.01615026 -0.04434015 0.0199034 0.01434974 -0.04389035 0.0195674 -0.01615026 -0.04389035 0.0195674 0.01434974 -0.04354285 0.0191264 -0.01615026 -0.04354285 0.0191264 0.01434974 -0.04332115 0.0186114 -0.01615026 -0.04332115 0.0186114 0.01434974 -0.01629835 -0.0457886 -0.01615026 -0.01629835 -0.0457886 0.01434974 -0.01636425 -0.0463456 -0.01615026 -0.01636425 -0.0463456 0.01434974 -0.01657215 -0.0468676 -0.01615026 -0.01657215 -0.0468676 0.01434974 -0.01690785 -0.0473176 -0.01615026 -0.01690785 -0.0473176 0.01434974 -0.01734855 -0.0476646 -0.01615026 -0.01734855 -0.0476646 0.01434974 -0.01786425 -0.0478866 -0.01615026 -0.01786425 -0.0478866 0.01434974 -0.01841965 -0.0479666 -0.01615026 -0.01841965 -0.0479666 0.01434974 -0.01897705 -0.0479006 -0.01615026 -0.01897705 -0.0479006 0.01434974 -0.01949845 -0.0476936 -0.01615026 -0.01949845 -0.0476936 0.01434974 -0.01994815 -0.0473576 -0.01615026 -0.01994815 -0.0473576 0.01434974 -0.02029575 -0.0469166 -0.01615026 -0.02029575 -0.0469166 0.01434974 -0.02051735 -0.0464006 -0.01615026 -0.02051735 -0.0464006 0.01434974 -0.02059795 -0.0458456 -0.01615026 -0.02059795 -0.0458456 0.01434974 -0.02053205 -0.0452886 -0.01615026 -0.02053205 -0.0452886 0.01434974 -0.02032425 -0.0447666 -0.01615026 -0.02032425 -0.0447666 0.01434974 -0.01998845 -0.0443166 -0.01615026 -0.01998845 -0.0443166 0.01434974 -0.01954775 -0.0439696 -0.01615026 -0.01954775 -0.0439696 0.01434974 -0.01903215 -0.0437476 -0.01615026 -0.01903215 -0.0437476 0.01434974 -0.01847665 -0.0436676 -0.01615026 -0.01847665 -0.0436676 0.01434974 -0.01791925 -0.0437336 -0.01615026 -0.01791925 -0.0437336 0.01434974 -0.01739795 -0.0439406 -0.01615026 -0.01739795 -0.0439406 0.01434974 -0.01694815 -0.0442766 -0.01615026 -0.01694815 -0.0442766 0.01434974 -0.01660065 -0.0447176 -0.01615026 -0.01660065 -0.0447176 0.01434974 -0.01637895 -0.0452336 -0.01615026 -0.01637895 -0.0452336 0.01434974 -0.04299205 -0.0194466 -0.01615026 -0.04299205 -0.0194466 0.01434974 -0.04305795 -0.0200036 -0.01615026 -0.04305795 -0.0200036 0.01434974 -0.04326585 -0.0205246 -0.01615026 -0.04326585 -0.0205246 0.01434974 -0.04360165 -0.0209746 -0.01615026 -0.04360165 -0.0209746 0.01434974 -0.04404235 -0.0213226 -0.01615026 -0.04404235 -0.0213226 0.01434974 -0.04455795 -0.0215436 -0.01615026 -0.04455795 -0.0215436 0.01434974 -0.04511335 -0.0216246 -0.01615026 -0.04511335 -0.0216246 0.01434974 -0.04567075 -0.0215586 -0.01615026 -0.04567075 -0.0215586 0.01434974 -0.04619215 -0.0213506 -0.01615026 -0.04619215 -0.0213506 0.01434974 -0.04664185 -0.0210146 -0.01615026 -0.04664185 -0.0210146 0.01434974 -0.04698945 -0.0205746 -0.01615026 -0.04698945 -0.0205746 0.01434974 -0.04721105 -0.0200586 -0.01615026 -0.04721105 -0.0200586 0.01434974 -0.04729175 -0.0195036 -0.01615026 -0.04729175 -0.0195036 0.01434974 -0.04722585 -0.0189456 -0.01615026 -0.04722585 -0.0189456 0.01434974 -0.04701795 -0.0184246 -0.01615026 -0.04701795 -0.0184246 0.01434974 -0.04668215 -0.0179746 -0.01615026 -0.04668215 -0.0179746 0.01434974 -0.04624145 -0.0176276 -0.01615026 -0.04624145 -0.0176276 0.01434974 -0.04572585 -0.0174056 -0.01615026 -0.04572585 -0.0174056 0.01434974 -0.04517035 -0.0173246 -0.01615026 -0.04517035 -0.0173246 0.01434974 -0.04461295 -0.0173906 -0.01615026 -0.04461295 -0.0173906 0.01434974 -0.04409165 -0.0175986 -0.01615026 -0.04409165 -0.0175986 0.01434974 -0.04364185 -0.0179346 -0.01615026 -0.04364185 -0.0179346 0.01434974 -0.04329435 -0.0183756 -0.01615026 -0.04329435 -0.0183756 0.01434974 -0.04307275 -0.0188906 -0.01615026 -0.04307275 -0.0188906 0.01434974 -0.01689825 0.0447494 -0.01615026 -0.01689825 0.0447494 0.01434974 -0.01696405 0.0441924 -0.01615026 -0.01696405 0.0441924 0.01434974 -0.01717195 0.0436704 -0.01615026 -0.01717195 0.0436704 0.01434974 -0.01750775 0.0432214 -0.01615026 -0.01750775 0.0432214 0.01434974 -0.01794845 0.0428734 -0.01615026 -0.01794845 0.0428734 0.01434974 -0.01846405 0.0426524 -0.01615026 -0.01846405 0.0426524 0.01434974 -0.01901955 0.0425714 -0.01615026 -0.01901955 0.0425714 0.01434974 -0.01957695 0.0426374 -0.01615026 -0.01957695 0.0426374 0.01434974 -0.02009825 0.0428454 -0.01615026 -0.02009825 0.0428454 0.01434974 -0.02054805 0.0431804 -0.01615026 -0.02054805 0.0431804 0.01434974 -0.02089555 0.0436214 -0.01615026 -0.02089555 0.0436214 0.01434974 -0.02111725 0.0441374 -0.01615026 -0.02111725 0.0441374 0.01434974 -0.02119785 0.0446924 -0.01615026 -0.02119785 0.0446924 0.01434974 -0.02113195 0.0452504 -0.01615026 -0.02113195 0.0452504 0.01434974 -0.02092405 0.0457714 -0.01615026 -0.02092405 0.0457714 0.01434974 -0.02058835 0.0462214 -0.01615026 -0.02058835 0.0462214 0.01434974 -0.02014765 0.0465684 -0.01615026 -0.02014765 0.0465684 0.01434974 -0.01963195 0.0467904 -0.01615026 -0.01963195 0.0467904 0.01434974 -0.01907655 0.0468714 -0.01615026 -0.01907655 0.0468714 0.01434974 -0.01851915 0.0468054 -0.01615026 -0.01851915 0.0468054 0.01434974 -0.01799775 0.0465974 -0.01615026 -0.01799775 0.0465974 0.01434974 -0.01754805 0.0462614 -0.01615026 -0.01754805 0.0462614 0.01434974 -0.01720045 0.0458204 -0.01615026 -0.01720045 0.0458204 0.01434974 -0.01697885 0.0453054 -0.01615026 -0.01697885 0.0453054 0.01434974 0.0212038 -0.0455406 -0.01615026 0.0212038 -0.0455406 0.01434974 0.02113792 -0.0460976 -0.01615026 0.02113792 -0.0460976 0.01434974 0.02093002 -0.0466186 -0.01615026 0.02093002 -0.0466186 0.01434974 0.02059428 -0.0470686 -0.01615026 0.02059428 -0.0470686 0.01434974 0.02015356 -0.0474166 -0.01615026 0.02015356 -0.0474166 0.01434974 0.01963791 -0.0476376 -0.01615026 0.01963791 -0.0476376 0.01434974 0.01908247 -0.0477186 -0.01615026 0.01908247 -0.0477186 0.01434974 0.01852509 -0.0476526 -0.01615026 0.01852509 -0.0476526 0.01434974 0.01800375 -0.0474446 -0.01615026 0.01800375 -0.0474446 0.01434974 0.01755398 -0.0471086 -0.01615026 0.01755398 -0.0471086 0.01434974 0.01720643 -0.0466686 -0.01615026 0.01720643 -0.0466686 0.01434974 0.0169848 -0.0461526 -0.01615026 0.0169848 -0.0461526 0.01434974 0.01690417 -0.0455976 -0.01615026 0.01690417 -0.0455976 0.01434974 0.01697005 -0.0450396 -0.01615026 0.01697005 -0.0450396 0.01434974 0.01717795 -0.0445186 -0.01615026 0.01717795 -0.0445186 0.01434974 0.01751369 -0.0440686 -0.01615026 0.01751369 -0.0440686 0.01434974 0.01795441 -0.0437216 -0.01615026 0.01795441 -0.0437216 0.01434974 0.01847005 -0.0434996 -0.01615026 0.01847005 -0.0434996 0.01434974 0.0190255 -0.0434186 -0.01615026 0.0190255 -0.0434186 0.01434974 0.01958288 -0.0434846 -0.01615026 0.01958288 -0.0434846 0.01434974 0.02010422 -0.0436926 -0.01615026 0.02010422 -0.0436926 0.01434974 0.02055399 -0.0440286 -0.01615026 0.02055399 -0.0440286 0.01434974 0.02090153 -0.0444696 -0.01615026 0.02090153 -0.0444696 0.01434974 0.02112317 -0.0449846 -0.01615026 0.02112317 -0.0449846 0.01434974 -0.03999615 -0.0006886036 0.02894974 -0.03965965 0.004760396 0.01434974 -0.03965965 0.004760396 0.02894974 -0.03858435 0.0101124 0.01434974 -0.03858435 0.0101124 0.02894974 -0.03679025 0.0152684 0.01434974 -0.03679025 0.0152684 0.02894974 -0.03431075 0.0201324 0.01434974 -0.03431075 0.0201324 0.02894974 -0.03119205 0.0246134 0.01434974 -0.03119205 0.0246134 0.02894974 -0.02749225 0.0286284 0.01434974 -0.02749225 0.0286284 0.02894974 -0.02328025 0.0321014 0.01434974 -0.02328025 0.0321014 0.02894974 -0.01863455 0.0349694 0.01434974 -0.01863455 0.0349694 0.02894974 -0.01364165 0.0371774 0.01434974 -0.01364165 0.0371774 0.02894974 -0.008394553 0.0386844 0.01434974 -0.008394553 0.0386844 0.02894974 -0.002991053 0.0394644 0.01434974 -0.002991053 0.0394644 0.02894974 0.002468247 0.0395004 0.01434974 0.002468247 0.0395004 0.02894974 0.007881567 0.0387924 0.01434974 0.007881567 0.0387924 0.02894974 0.01314816 0.0373544 0.01434974 0.01314816 0.0373544 0.02894974 0.01816987 0.0352124 0.01434974 0.01816987 0.0352124 0.02894974 0.02285318 0.0324074 0.01434974 0.02285318 0.0324074 0.02894974 0.02711085 0.0289894 0.01434974 0.02711085 0.0289894 0.02894974 0.03086355 0.0250244 0.01434974 0.03086355 0.0250244 0.02894974 0.03404135 0.0205854 0.01434974 0.03404135 0.0205854 0.02894974 0.03658505 0.0157554 0.01434974 0.03658505 0.0157554 0.02894974 0.03844735 0.0106234 0.01434974 0.03844735 0.0106234 0.02894974 0.03959345 0.005285396 0.01434974 0.03959345 0.005285396 0.02894974 0.04000215 -0.0001586036 0.01434974 0.04000215 -0.0001586036 0.02894974 0.03966565 -0.005607604 0.01434974 0.03966565 -0.005607604 0.02894974 0.03859035 -0.0109606 0.01434974 0.03859035 -0.0109606 0.02894974 0.03679625 -0.0161166 0.01434974 0.03679625 -0.0161166 0.02894974 0.03431675 -0.0209806 0.01434974 0.03431675 -0.0209806 0.02894974 0.03119795 -0.0254616 0.01434974 0.03119795 -0.0254616 0.02894974 0.02749815 -0.0294756 0.01434974 0.02749815 -0.0294756 0.02894974 0.02328619 -0.0329486 0.01434974 0.02328619 -0.0329486 0.02894974 0.01864048 -0.0358166 0.01434974 0.01864048 -0.0358166 0.02894974 0.01364758 -0.0380246 0.01434974 0.01364758 -0.0380246 0.02894974 0.008400507 -0.0395326 0.01434974 0.008400507 -0.0395326 0.02894974 0.002997047 -0.0403116 0.01434974 0.002997047 -0.0403116 0.02894974 -0.002462253 -0.0403476 0.01434974 -0.002462253 -0.0403476 0.02894974 -0.007875653 -0.0396406 0.01434974 -0.007875653 -0.0396406 0.02894974 -0.01314225 -0.0382026 0.01434974 -0.01314225 -0.0382026 0.02894974 -0.01816395 -0.0360606 0.01434974 -0.01816395 -0.0360606 0.02894974 -0.02284725 -0.0332546 0.01434974 -0.02284725 -0.0332546 0.02894974 -0.02710485 -0.0298376 0.01434974 -0.02710485 -0.0298376 0.02894974 -0.03085755 -0.0258726 0.01434974 -0.03085755 -0.0258726 0.02894974 -0.03403535 -0.0214336 0.01434974 -0.03403535 -0.0214336 0.02894974 -0.03657905 -0.0166026 0.01434974 -0.03657905 -0.0166026 0.02894974 -0.03844135 -0.0114706 0.01434974 -0.03844135 -0.0114706 0.02894974 -0.03958755 -0.006132604 0.01434974 -0.03958755 -0.006132604 0.02894974 -0.03999615 -0.0006886036 0.02894974 -0.03999615 -0.0006886036 0.02894974 -0.03958755 -0.006132604 0.02894974 2.946649e-06 -0.0004236036 0.02894974 -0.03679025 0.0152684 0.02894974 -0.03858435 0.0101124 0.02894974 -0.03965965 0.004760396 0.02894974 -0.02749225 0.0286284 0.02894974 -0.03119205 0.0246134 0.02894974 -0.03431075 0.0201324 0.02894974 -0.01364165 0.0371774 0.02894974 -0.01863455 0.0349694 0.02894974 -0.02328025 0.0321014 0.02894974 0.002468247 0.0395004 0.02894974 -0.002991053 0.0394644 0.02894974 -0.008394553 0.0386844 0.02894974 0.01816987 0.0352124 0.02894974 0.01314816 0.0373544 0.02894974 0.007881567 0.0387924 0.02894974 0.03086355 0.0250244 0.02894974 0.02711085 0.0289894 0.02894974 0.02285318 0.0324074 0.02894974 0.03844735 0.0106234 0.02894974 0.03658505 0.0157554 0.02894974 0.03404135 0.0205854 0.02894974 0.03966565 -0.005607604 0.02894974 0.04000215 -0.0001586036 0.02894974 0.03959345 0.005285396 0.02894974 0.03431675 -0.0209806 0.02894974 0.03679625 -0.0161166 0.02894974 0.03859035 -0.0109606 0.02894974 0.02328619 -0.0329486 0.02894974 0.02749815 -0.0294756 0.02894974 0.03119795 -0.0254616 0.02894974 0.008400507 -0.0395326 0.02894974 0.01364758 -0.0380246 0.02894974 0.01864048 -0.0358166 0.02894974 -0.007875653 -0.0396406 0.02894974 -0.002462253 -0.0403476 0.02894974 0.002997047 -0.0403116 0.02894974 -0.02284725 -0.0332546 0.02894974 -0.01816395 -0.0360606 0.02894974 -0.01314225 -0.0382026 0.02894974 -0.03403535 -0.0214336 0.02894974 -0.03085755 -0.0258726 0.02894974 -0.02710485 -0.0298376 0.02894974 -0.03844135 -0.0114706 0.02894974 -0.03657905 -0.0166026 0.01434974 0.005477047 0.0495274 -0.01615026 0.005477047 0.0495274 -0.01615026 -0.0003299534 0.0498254 0.01434974 -0.0003299534 0.0498254 0.01434974 0.007251457 0.0473634 -0.01615026 0.007251457 0.0473634 -0.01615026 0.007230247 0.0478784 0.01434974 0.007230247 0.0478784 -0.01615026 0.007078297 0.0483704 0.01434974 0.007078297 0.0483704 -0.01615026 0.006805677 0.0488074 0.01434974 0.006805677 0.0488074 -0.01615026 0.006430447 0.0491604 0.01434974 0.006430447 0.0491604 -0.01615026 0.005977647 0.0494054 0.01434974 0.005977647 0.0494054 0.01434974 0.008862667 0.0452244 -0.01615026 0.008862667 0.0452244 0.01434974 0.008398717 0.0453754 -0.01615026 0.008398717 0.0453754 0.01434974 0.007985037 0.0456334 -0.01615026 0.007985037 0.0456334 0.01434974 0.007646227 0.0459844 -0.01615026 0.007646227 0.0459844 0.01434974 0.007402447 0.0464074 -0.01615026 0.007402447 0.0464074 0.01434974 0.007268197 0.0468764 -0.01615026 0.007268197 0.0468764 0.01434974 0.02216025 0.0434644 -0.01615026 0.02216025 0.0434644 -0.01615026 0.02242343 0.0444754 0.01434974 0.02242343 0.0444754 -0.01615026 0.02241623 0.0455184 0.01434974 0.02241623 0.0455184 -0.01615026 0.02213914 0.0465254 0.01434974 0.02213914 0.0465254 -0.01615026 0.02161104 0.0474264 0.01434974 0.02161104 0.0474264 -0.01615026 0.0208679 0.0481594 0.01434974 0.0208679 0.0481594 -0.01615026 0.01996034 0.0486754 0.01434974 0.01996034 0.0486754 -0.01615026 0.01895019 0.0489384 0.01434974 0.01895019 0.0489384 -0.01615026 0.01790624 0.0489314 0.01434974 0.01790624 0.0489314 -0.01615026 0.01689961 0.0486554 0.01434974 0.01689961 0.0486554 -0.01615026 0.01599887 0.0481274 0.01434974 0.01599887 0.0481274 -0.01615026 0.01526538 0.0473844 0.01434974 0.01526538 0.0473844 0.01434974 0.02342852 0.0397444 -0.01615026 0.02342852 0.0397444 0.01434974 0.02285996 0.0401744 -0.01615026 0.02285996 0.0401744 0.01434974 0.02240874 0.0407254 -0.01615026 0.02240874 0.0407254 0.01434974 0.02210033 0.0413684 -0.01615026 0.02210033 0.0413684 0.01434974 0.02195212 0.0420654 -0.01615026 0.02195212 0.0420654 0.01434974 0.02197248 0.0427774 -0.01615026 0.02197248 0.0427774 -0.01615026 0.03654815 0.0283284 0.01434974 0.03654815 0.0283284 -0.01615026 0.03266485 0.0326734 0.01434974 0.03266485 0.0326734 -0.01615026 0.02826865 0.0364994 0.01434974 0.02826865 0.0364994 -0.01615026 0.04760485 0.0154704 0.01434974 0.04760485 0.0154704 -0.01615026 0.04833795 0.0162144 0.01434974 0.04833795 0.0162144 -0.01615026 0.04885365 0.0171214 0.01434974 0.04885365 0.0171214 -0.01615026 0.04911705 0.0181324 0.01434974 0.04911705 0.0181324 -0.01615026 0.04911005 0.0191754 0.01434974 0.04911005 0.0191754 -0.01615026 0.04883315 0.0201824 0.01434974 0.04883315 0.0201824 -0.01615026 0.04830525 0.0210834 0.01434974 0.04830525 0.0210834 -0.01615026 0.04756225 0.0218164 0.01434974 0.04756225 0.0218164 -0.01615026 0.04665475 0.0223324 0.01434974 0.04665475 0.0223324 -0.01615026 0.04564465 0.0225964 0.01434974 0.04564465 0.0225964 -0.01615026 0.04460065 0.0225894 0.01434974 0.04460065 0.0225894 0.01434974 0.04512355 -0.0116656 -0.01615026 0.04512355 -0.0116656 -0.01615026 0.04617535 -0.005933604 0.01434974 0.04617535 -0.005933604 -0.01615026 0.04650195 -0.0001156036 0.01434974 0.04650195 -0.0001156036 -0.01615026 0.04609825 0.005697396 0.01434974 0.04609825 0.005697396 0.01434974 0.04690385 -0.0151696 -0.01615026 0.04690385 -0.0151696 0.01434974 0.04628045 -0.0148246 -0.01615026 0.04628045 -0.0148246 0.01434974 0.04575595 -0.0143426 -0.01615026 0.04575595 -0.0143426 0.01434974 0.04535995 -0.0137496 -0.01615026 0.04535995 -0.0137496 0.01434974 0.04511495 -0.0130806 -0.01615026 0.04511495 -0.0130806 0.01434974 0.04503465 -0.0123726 -0.01615026 0.04503465 -0.0123726 0.01434974 0.04389145 -0.0225806 -0.01615026 0.04389145 -0.0225806 -0.01615026 0.04490175 -0.0228446 0.01434974 0.04490175 -0.0228446 -0.01615026 0.04594565 -0.0228366 0.01434974 0.04594565 -0.0228366 -0.01615026 0.04695215 -0.0225596 0.01434974 0.04695215 -0.0225596 -0.01615026 0.04785275 -0.0220316 0.01434974 0.04785275 -0.0220316 -0.01615026 0.04858595 -0.0212886 0.01434974 0.04858595 -0.0212886 -0.01615026 0.04910185 -0.0203806 0.01434974 0.04910185 -0.0203806 -0.01615026 0.04936545 -0.0193706 0.01434974 0.04936545 -0.0193706 -0.01615026 0.04935865 -0.0183266 0.01434974 0.04935865 -0.0183266 -0.01615026 0.04908185 -0.0173206 0.01434974 0.04908185 -0.0173206 -0.01615026 0.04855415 -0.0164196 0.01434974 0.04855415 -0.0164196 -0.01615026 0.04781125 -0.0156866 0.01434974 0.04781125 -0.0156866 0.01434974 0.04017125 -0.0238496 -0.01615026 0.04017125 -0.0238496 0.01434974 0.04060085 -0.0232806 -0.01615026 0.04060085 -0.0232806 0.01434974 0.04115235 -0.0228296 -0.01615026 0.04115235 -0.0228296 0.01434974 0.04179475 -0.0225216 -0.01615026 0.04179475 -0.0225216 0.01434974 0.04249175 -0.0223726 -0.01615026 0.04249175 -0.0223726 0.01434974 0.04320405 -0.0223936 -0.01615026 0.04320405 -0.0223936 0.01434974 0.02395871 -0.0402786 -0.01615026 0.02395871 -0.0402786 -0.01615026 0.02875545 -0.0369686 0.01434974 0.02875545 -0.0369686 -0.01615026 0.03310055 -0.0330856 0.01434974 0.03310055 -0.0330856 -0.01615026 0.03692585 -0.0286896 0.01434974 0.03692585 -0.0286896 0.01434974 0.02273985 -0.0440146 -0.01615026 0.02273985 -0.0440146 0.01434974 0.02254298 -0.0433296 -0.01615026 0.02254298 -0.0433296 0.01434974 0.02251318 -0.0426176 -0.01615026 0.02251318 -0.0426176 0.01434974 0.02265214 -0.0419186 -0.01615026 0.02265214 -0.0419186 0.01434974 0.02295202 -0.0412726 -0.01615026 0.02295202 -0.0412726 0.01434974 0.02339589 -0.0407156 -0.01615026 0.02339589 -0.0407156 -0.01615026 0.01589752 -0.0480256 0.01434974 0.01589752 -0.0480256 -0.01615026 0.01664079 -0.0487586 0.01434974 0.01664079 -0.0487586 -0.01615026 0.01754844 -0.0492746 0.01434974 0.01754844 -0.0492746 -0.01615026 0.01855865 -0.0495376 0.01434974 0.01855865 -0.0495376 -0.01615026 0.01960259 -0.0495306 0.01434974 0.01960259 -0.0495306 -0.01615026 0.02060917 -0.0492536 0.01434974 0.02060917 -0.0492536 -0.01615026 0.02150981 -0.0487256 0.01434974 0.02150981 -0.0487256 -0.01615026 0.02224317 -0.0479826 0.01434974 0.02224317 -0.0479826 -0.01615026 0.02275929 -0.0470756 0.01434974 0.02275929 -0.0470756 -0.01615026 0.02302302 -0.0460656 0.01434974 0.02302302 -0.0460656 -0.01615026 0.02301638 -0.0450216 0.01434974 0.02301638 -0.0450216 0.01434974 -0.02749225 0.0286284 0.01434974 -0.03059755 0.0301764 0.01434974 -0.03119205 0.0246134 0.01434974 0.01314816 0.0373544 0.01434974 0.01816987 0.0352124 0.01434974 0.01660405 0.0410734 0.01434974 0.02749815 -0.0294756 0.01434974 0.03060345 -0.0310246 0.01434974 0.03119795 -0.0254616 0.01434974 -0.04084595 -0.0233726 0.01434974 -0.04028845 -0.0238166 0.01434974 -0.03657905 -0.0166026 0.01434974 -0.03403535 -0.0214336 0.01434974 -0.03985145 -0.0243796 0.01434974 -0.03085755 -0.0258726 0.01434974 -0.04149445 -0.0004236036 0.01434974 -0.04149235 -0.0230726 0.01434974 -0.03958755 -0.006132604 0.01434974 -0.03844135 -0.0114706 0.01434974 -0.03654215 -0.0291766 0.01434974 -0.03265895 -0.0335216 0.01434974 -0.03059755 -0.0310246 0.01434974 -0.02826275 -0.0373466 0.01434974 -0.02710485 -0.0298376 0.01434974 -0.02284725 -0.0332546 0.01434974 -0.01816395 -0.0360606 0.01434974 0.002997047 -0.0403116 0.01434974 -0.002462253 -0.0403476 0.01434974 2.946649e-06 -0.0419216 0.01434974 -0.007875653 -0.0396406 0.01434974 -0.02342255 -0.0405916 0.01434974 -0.02285405 -0.0410216 0.01434974 -0.01314225 -0.0382026 0.01434974 -0.02240275 -0.0415736 0.01434974 -0.02209435 -0.0422156 0.01434974 0.008400507 -0.0395326 0.01434974 0.01660405 -0.0419216 0.01434974 0.01364758 -0.0380246 0.01434974 0.01864048 -0.0358166 0.01434974 0.02265214 -0.0419186 0.01434974 0.02295202 -0.0412726 0.01434974 0.02875545 -0.0369686 0.01434974 0.02328619 -0.0329486 0.01434974 0.02395871 -0.0402786 0.01434974 0.02339589 -0.0407156 0.01434974 0.03679625 -0.0161166 0.01434974 0.03431675 -0.0209806 0.01434974 0.04017125 -0.0238496 0.01434974 0.03692585 -0.0286896 0.01434974 0.03310055 -0.0330856 0.01434974 0.04060085 -0.0232806 0.01434974 0.04115235 -0.0228296 0.01434974 0.03859035 -0.0109606 0.01434974 0.04179475 -0.0225216 0.01434974 0.03966565 -0.005607604 0.01434974 0.04150045 -0.0004236036 0.01434974 0.03658505 0.0157554 0.01434974 0.03844735 0.0106234 0.01434974 0.04150045 0.0161774 0.01434974 0.03959345 0.005285396 0.01434974 0.04000215 -0.0001586036 0.01434974 0.04085185 0.0225254 0.01434974 0.04029445 0.0229694 0.01434974 0.03404135 0.0205854 0.01434974 0.03985735 0.0235324 0.01434974 0.03086355 0.0250244 0.01434974 0.03654815 0.0283284 0.01434974 0.03266485 0.0326734 0.01434974 0.03060345 0.0301764 0.01434974 0.02826865 0.0364994 0.01434974 0.02342852 0.0397444 0.01434974 0.02711085 0.0289894 0.01434974 0.02285318 0.0324074 0.01434974 -0.008394553 0.0386844 0.01434974 -0.002991053 0.0394644 0.01434974 2.946649e-06 0.0410734 0.01434974 0.002468247 0.0395004 0.01434974 0.007881567 0.0387924 0.01434974 -0.01863455 0.0349694 0.01434974 -0.01364165 0.0371774 0.01434974 -0.02294605 0.0404254 0.01434974 -0.02264615 0.0410714 0.01434974 -0.02874945 0.0361214 0.01434974 -0.02328025 0.0321014 0.01434974 -0.02395275 0.0394304 0.01434974 -0.02338995 0.0398674 0.01434974 -0.03679025 0.0152684 0.01434974 -0.03431075 0.0201324 0.01434974 -0.04016535 0.0230014 0.01434974 -0.03691995 0.0278424 0.01434974 -0.03309465 0.0322384 0.01434974 -0.03999615 -0.0006886036 0.01434974 -0.03965965 0.004760396 0.01434974 -0.04149445 0.0161774 0.01434974 -0.03858435 0.0101124 0.01434974 0.04517635 0.0164774 0.01434974 0.04461895 0.0165434 0.01434974 0.04312205 0.0161774 0.01434974 0.04409765 0.0167514 0.01434974 0.04364785 0.0170874 0.01434974 0.04330035 0.0175274 0.01434974 0.04668815 0.0171274 0.01434974 0.04624745 0.0167794 0.01434974 0.04833795 0.0162144 0.01434974 0.04573175 0.0165584 0.01434974 0.04702385 0.0175774 0.01434974 0.04885365 0.0171214 0.01434974 0.04723175 0.0180984 0.01434974 0.04911705 0.0181324 0.01434974 0.04729765 0.0186554 0.01434974 0.04911005 0.0191754 0.01434974 0.04721705 0.0192114 0.01434974 0.04883315 0.0201824 0.01434974 0.04699535 0.0197264 0.01434974 0.04830525 0.0210834 0.01434974 0.04664785 0.0201674 0.01434974 0.04756225 0.0218164 0.01434974 0.04619805 0.0205034 0.01434974 0.04665475 0.0223324 0.01434974 0.04567675 0.0207114 0.01434974 0.04564465 0.0225964 0.01434974 0.04511935 0.0207774 0.01434974 0.04460065 0.0225894 0.01434974 0.04456395 0.0206964 0.01434974 0.04359405 0.0223134 0.01434974 0.04404825 0.0204744 0.01434974 0.04290915 0.0221164 0.01434974 0.04360755 0.0201274 0.01434974 0.04307865 0.0180434 0.01434974 0.04299805 0.0185984 0.01434974 0.04306395 0.0191564 0.01434974 0.04149825 0.0222254 0.01434974 0.04219715 0.0220864 0.01434974 0.04327185 0.0196774 0.01434974 0.0195537 0.0431224 0.01434974 0.01903805 0.0429004 0.01434974 0.02197248 0.0427774 0.01434974 0.01848261 0.0428194 0.01434974 0.01660405 0.0426954 0.01434974 0.01792523 0.0428854 0.01434974 0.01740389 0.0430934 0.01434974 0.01691383 0.0464694 0.01434974 0.01735454 0.0468174 0.01434974 0.01689961 0.0486554 0.01434974 0.0178702 0.0470384 0.01434974 0.01790624 0.0489314 0.01434974 0.01842564 0.0471194 0.01434974 0.01895019 0.0489384 0.01434974 0.01898302 0.0470534 0.01434974 0.01996034 0.0486754 0.01434974 0.01950436 0.0468454 0.01434974 0.0208679 0.0481594 0.01434974 0.01995413 0.0465094 0.01434974 0.02161104 0.0474264 0.01434974 0.02030167 0.0460694 0.01434974 0.02213914 0.0465254 0.01434974 0.02052331 0.0455534 0.01434974 0.02241623 0.0455184 0.01434974 0.02060394 0.0449984 0.01434974 0.02242343 0.0444754 0.01434974 0.02053806 0.0444404 0.01434974 0.02216025 0.0434644 0.01434974 0.02033016 0.0439194 0.01434974 0.01999442 0.0434694 0.01434974 0.01695412 0.0434294 0.01434974 0.01660657 0.0438704 0.01434974 2.946649e-06 0.0426954 0.01434974 0.01638494 0.0443854 0.01434974 0.01630431 0.0449414 0.01434974 0.01637019 0.0454984 0.01434974 0.01440404 0.0458534 0.01434974 0.0147491 0.0464774 0.01434974 0.01657809 0.0460194 0.01434974 0.01526538 0.0473844 0.01434974 0.008862667 0.0452244 0.01434974 0.008398717 0.0453754 0.01434974 0.007268197 0.0468764 0.01434974 0.007251457 0.0473634 0.01434974 -0.0003299534 0.0498254 0.01434974 0.007985037 0.0456334 0.01434974 0.007646227 0.0459844 0.01434974 0.007402447 0.0464074 0.01434974 0.005477047 0.0495274 0.01434974 0.007230247 0.0478784 0.01434974 0.005977647 0.0494054 0.01434974 0.01599887 0.0481274 0.01434974 0.01392168 0.0453294 0.01434974 0.01332922 0.0449334 0.01434974 0.01266009 0.0446884 0.01434974 0.01195204 0.0446074 0.01434974 0.01124503 0.0446964 0.01434974 0.006430447 0.0491604 0.01434974 0.007078297 0.0483704 0.01434974 0.006805677 0.0488074 0.01434974 -0.04726635 0.0190774 0.01434974 -0.04693065 0.0195274 0.01434974 -0.04784675 0.0211844 0.01434974 -0.04648995 0.0198744 0.01434974 -0.04694625 0.0217124 0.01434974 -0.04597425 0.0200964 0.01434974 -0.04593965 0.0219894 0.01434974 -0.04541885 0.0201774 0.01434974 -0.04489575 0.0219964 0.01434974 -0.04486145 0.0201114 0.01434974 -0.04388545 0.0217334 0.01434974 -0.04434015 0.0199034 0.01434974 -0.04319805 0.0215454 0.01434974 -0.04059485 0.0224334 0.01434974 -0.04114645 0.0219824 0.01434974 -0.04178875 0.0216734 0.01434974 -0.04332115 0.0186114 0.01434974 -0.04324055 0.0180564 0.01434974 -0.04330645 0.0174984 0.01434974 -0.04351435 0.0169774 0.01434974 -0.04248585 0.0215254 0.01434974 -0.04389035 0.0195674 0.01434974 -0.04354285 0.0191264 0.01434974 -0.04907595 0.0164724 0.01434974 -0.04741615 0.0161774 0.01434974 -0.04745955 0.0174434 0.01434974 -0.04935265 0.0174794 0.01434974 -0.04754015 0.0179994 0.01434974 -0.04935945 0.0185234 0.01434974 -0.04747425 0.0185564 0.01434974 -0.04909595 0.0195334 0.01434974 -0.04857995 0.0204414 0.01434974 -0.04644055 0.0161514 0.01434974 -0.04689035 0.0164874 0.01434974 -0.04723795 0.0169274 0.01434974 -0.04385005 0.0165274 0.01434974 -0.04429075 0.0161794 0.01434974 -0.04480645 0.0159584 0.01434974 -0.04536185 0.0158774 0.01434974 -0.04535405 0.0129024 0.01434974 -0.04510895 0.0122334 0.01434974 -0.04502865 0.0115254 0.01434974 -0.04511755 0.0108184 0.01434974 -0.04616935 0.005086396 0.01434974 -0.01954775 -0.0439696 0.01434974 -0.01903215 -0.0437476 0.01434974 -0.01660065 -0.0447176 0.01434974 -0.01637895 -0.0452336 0.01434974 -0.01694815 -0.0442766 0.01434974 -0.01847665 -0.0436676 0.01434974 -0.01791925 -0.0437336 0.01434974 -0.01739795 -0.0439406 0.01434974 -0.01998845 -0.0443166 0.01434974 -0.02194615 -0.0429126 0.01434974 -0.02032425 -0.0447666 0.01434974 -0.01629835 -0.0457886 0.01434974 -0.01332325 -0.0457806 0.01434974 -0.01949845 -0.0476936 0.01434974 -0.01994815 -0.0473576 0.01434974 -0.02160505 -0.0482736 0.01434974 -0.02029575 -0.0469166 0.01434974 -0.02213315 -0.0473726 0.01434974 -0.02051735 -0.0464006 0.01434974 -0.02241025 -0.0463666 0.01434974 -0.02059795 -0.0458456 0.01434974 -0.02241745 -0.0453226 0.01434974 -0.02053205 -0.0452886 0.01434974 -0.02215425 -0.0443126 0.01434974 -0.02196655 -0.0436246 0.01434974 -0.01690785 -0.0473176 0.01434974 -0.01525945 -0.0482316 0.01434974 -0.01657215 -0.0468676 0.01434974 -0.01474315 -0.0473246 0.01434974 -0.01636425 -0.0463456 0.01434974 -0.01439805 -0.0467016 0.01434974 -0.01391575 -0.0461766 0.01434974 -0.01265415 -0.0455356 0.01434974 -0.01194605 -0.0454556 0.01434974 -0.01123905 -0.0455446 0.01434974 -0.005507253 -0.0465966 0.01434974 -0.01734855 -0.0476646 0.01434974 -0.01786425 -0.0478866 0.01434974 -0.01599295 -0.0489746 0.01434974 -0.01689365 -0.0495026 0.01434974 -0.01841965 -0.0479666 0.01434974 -0.01790025 -0.0497796 0.01434974 -0.01894425 -0.0497866 0.01434974 -0.01897705 -0.0479006 0.01434974 -0.01995435 -0.0495226 0.01434974 -0.02086195 -0.0490066 0.01434974 -0.01717195 0.0436704 0.01434974 -0.01750775 0.0432214 0.01434974 -0.01696405 0.0441924 0.01434974 -0.01697885 0.0453054 0.01434974 -0.01392305 0.0447524 0.01434974 -0.01452075 0.0451404 0.01434974 -0.01325075 0.0445164 0.01434974 -0.01689825 0.0447494 0.01434974 -0.01254175 0.0444454 0.01434974 -0.01501005 0.0456584 0.01434974 -0.01536325 0.0462774 0.01434974 -0.01720045 0.0458204 0.01434974 -0.01589155 0.0471784 0.01434974 -0.01754805 0.0462614 0.01434974 -0.01663485 0.0479114 0.01434974 -0.01799775 0.0465974 0.01434974 -0.01754245 0.0484274 0.01434974 -0.01851915 0.0468054 0.01434974 -0.01855265 0.0486904 0.01434974 -0.01907655 0.0468714 0.01434974 -0.01959665 0.0486834 0.01434974 -0.01963195 0.0467904 0.01434974 -0.02060325 0.0484064 0.01434974 -0.02014765 0.0465684 0.01434974 -0.02150385 0.0478784 0.01434974 -0.02058835 0.0462214 0.01434974 -0.02223725 0.0471354 0.01434974 -0.02092405 0.0457714 0.01434974 -0.02275335 0.0462284 0.01434974 -0.02113195 0.0452504 0.01434974 -0.02301705 0.0452174 0.01434974 -0.02119785 0.0446924 0.01434974 -0.02301045 0.0441744 0.01434974 -0.02111725 0.0441374 0.01434974 -0.02273385 0.0431674 0.01434974 -0.02089555 0.0436214 0.01434974 -0.02253705 0.0424824 0.01434974 -0.02054805 0.0431804 0.01434974 -0.007878053 0.0472634 0.01434974 -0.007888353 0.0467754 0.01434974 -0.008016353 0.0463044 0.01434974 -0.008254553 0.0458794 0.01434974 -0.008588653 0.0455234 0.01434974 -0.008998853 0.0452594 0.01434974 -0.009460753 0.0451034 0.01434974 -0.01183595 0.0445434 0.01434974 -0.006132453 0.0494504 0.01434974 -0.007863653 0.0477784 0.01434974 -0.006631353 0.0493224 0.01434974 -0.007080953 0.0490704 0.01434974 -0.007451453 0.0487124 0.01434974 -0.007718253 0.0482724 0.01434974 -0.01794845 0.0428734 0.01434974 -0.01846405 0.0426524 0.01434974 -0.01901955 0.0425714 0.01434974 -0.02250725 0.0417704 0.01434974 -0.01957695 0.0426374 0.01434974 -0.02009825 0.0428454 0.01434974 0.02285996 0.0401744 0.01434974 0.02240874 0.0407254 0.01434974 0.02210033 0.0413684 0.01434974 0.02195212 0.0420654 0.01434974 0.04494325 0.0128304 0.01434974 0.04517945 0.0135024 0.01434974 0.04487235 0.0121214 0.01434974 0.04312205 -0.0004236036 0.01434974 0.04497065 0.0114154 0.01434974 0.04556745 0.0141004 0.01434974 0.04608555 0.0145894 0.01434974 0.04670435 0.0149424 0.01434974 0.04760485 0.0154704 0.01434974 0.04617535 -0.005933604 0.01434974 0.04650195 -0.0001156036 0.01434974 0.04609825 0.005697396 0.01434974 0.04481235 -0.0168056 0.01434974 0.04536785 -0.0167246 0.01434974 0.04535995 -0.0137496 0.01434974 0.04352025 -0.0178246 0.01434974 0.04385605 -0.0173746 0.01434974 0.04429675 -0.0170276 0.01434974 0.04389635 -0.0204156 0.01434974 0.04354875 -0.0199746 0.01434974 0.04249175 -0.0223726 0.01434974 0.04511495 -0.0130806 0.01434974 0.04503465 -0.0123726 0.01434974 0.04512355 -0.0116656 0.01434974 0.04434605 -0.0207506 0.01434974 0.04332715 -0.0194586 0.01434974 0.04324655 -0.0189036 0.01434974 0.04331235 -0.0183456 0.01434974 0.04320405 -0.0223936 0.01434974 0.04389145 -0.0225806 0.01434974 0.04486745 -0.0209586 0.01434974 0.04490175 -0.0228446 0.01434974 0.04542485 -0.0210246 0.01434974 0.04594565 -0.0228366 0.01434974 0.04598025 -0.0209436 0.01434974 0.04695215 -0.0225596 0.01434974 0.04649585 -0.0207226 0.01434974 0.04785275 -0.0220316 0.01434974 0.04693665 -0.0203746 0.01434974 0.04858595 -0.0212886 0.01434974 0.04727235 -0.0199256 0.01434974 0.04910185 -0.0203806 0.01434974 0.04748025 -0.0194036 0.01434974 0.04936545 -0.0193706 0.01434974 0.04754615 -0.0188466 0.01434974 0.04935865 -0.0183266 0.01434974 0.04746555 -0.0182906 0.01434974 0.04908185 -0.0173206 0.01434974 0.04724385 -0.0177756 0.01434974 0.04855415 -0.0164196 0.01434974 0.04689635 -0.0173346 0.01434974 0.04781125 -0.0156866 0.01434974 0.04644655 -0.0169986 0.01434974 0.04690385 -0.0151696 0.01434974 0.04592525 -0.0167906 0.01434974 0.04628045 -0.0148246 0.01434974 0.04575595 -0.0143426 0.01434974 0.01751369 -0.0440686 0.01434974 0.01795441 -0.0437216 0.01434974 0.02010422 -0.0436926 0.01434974 0.02055399 -0.0440286 0.01434974 0.02059428 -0.0470686 0.01434974 0.02015356 -0.0474166 0.01434974 0.02224317 -0.0479826 0.01434974 0.01717795 -0.0445186 0.01434974 0.01852509 -0.0476526 0.01434974 0.01660405 -0.0478426 0.01434974 0.01908247 -0.0477186 0.01434974 0.01963791 -0.0476376 0.01434974 0.01800375 -0.0474446 0.01434974 0.01755398 -0.0471086 0.01434974 0.01720643 -0.0466686 0.01434974 0.01847005 -0.0434996 0.01434974 0.0190255 -0.0434186 0.01434974 0.01958288 -0.0434846 0.01434974 0.02093002 -0.0466186 0.01434974 0.02275929 -0.0470756 0.01434974 0.02113792 -0.0460976 0.01434974 0.02302302 -0.0460656 0.01434974 0.0212038 -0.0455406 0.01434974 0.02301638 -0.0450216 0.01434974 0.02112317 -0.0449846 0.01434974 0.02273985 -0.0440146 0.01434974 0.02090153 -0.0444696 0.01434974 0.02254298 -0.0433296 0.01434974 0.02251318 -0.0426176 0.01434974 0.0169848 -0.0461526 0.01434974 0.01690417 -0.0455976 0.01434974 0.01697005 -0.0450396 0.01434974 0.01664079 -0.0487586 0.01434974 0.01754844 -0.0492746 0.01434974 0.01855865 -0.0495376 0.01434974 0.01960259 -0.0495306 0.01434974 0.02060917 -0.0492536 0.01434974 0.02150981 -0.0487256 0.01434974 0.01254768 -0.0452936 0.01434974 0.01325673 -0.0453636 0.01434974 0.01392904 -0.0456006 0.01434974 0.0145267 -0.0459886 0.01434974 0.0003110466 -0.0469226 0.01434974 0.006124547 -0.0465186 0.01434974 0.01184191 -0.0453916 0.01434974 0.01501597 -0.0465066 0.01434974 0.01536926 -0.0471256 0.01434974 0.01589752 -0.0480256 0.01434974 -0.04364185 -0.0179346 0.01434974 -0.04409165 -0.0175986 0.01434974 -0.04461295 -0.0173906 0.01434974 -0.04326585 -0.0205246 0.01434974 -0.04360165 -0.0209746 0.01434974 -0.04722585 -0.0189456 0.01434974 -0.04701795 -0.0184246 0.01434974 -0.04742735 -0.0161916 0.01434974 -0.04305795 -0.0200036 0.01434974 -0.04664185 -0.0210146 0.01434974 -0.04755625 -0.0226636 0.01434974 -0.04619215 -0.0213506 0.01434974 -0.04664875 -0.0231806 0.01434974 -0.04567075 -0.0215586 0.01434974 -0.04563865 -0.0234436 0.01434974 -0.04511335 -0.0216246 0.01434974 -0.04459475 -0.0234376 0.01434974 -0.04455795 -0.0215436 0.01434974 -0.04358805 -0.0231606 0.01434974 -0.04404235 -0.0213226 0.01434974 -0.04290315 -0.0229636 0.01434974 -0.04219125 -0.0229336 0.01434974 -0.04668215 -0.0179746 0.01434974 -0.04624145 -0.0176276 0.01434974 -0.04669845 -0.0157896 0.01434974 -0.04572585 -0.0174056 0.01434974 -0.04607955 -0.0154366 0.01434974 -0.04329435 -0.0183756 0.01434974 -0.04307275 -0.0188906 0.01434974 -0.04299205 -0.0194466 0.01434974 -0.04698945 -0.0205746 0.01434974 -0.04721105 -0.0200586 0.01434974 -0.04729175 -0.0195036 0.01434974 -0.04556155 -0.0149476 0.01434974 -0.04517035 -0.0173246 0.01434974 -0.04517345 -0.0143496 0.01434974 -0.04493735 -0.0136776 0.01434974 -0.04486635 -0.0129686 0.01434974 -0.04496465 -0.0122626 0.01434974 -0.04649605 -0.0007316036 0.01434974 -0.04609235 -0.006545604 0.01434974 -0.04882715 -0.0210296 0.01434974 -0.04829925 -0.0219306 0.01434974 -0.04759885 -0.0163186 0.01434974 -0.04833195 -0.0170616 0.01434974 -0.04884775 -0.0179696 0.01434974 -0.04911105 -0.0189796 0.01434974 -0.04910405 -0.0200236 0.01434974 -0.04854815 0.0155724 0.01434974 -0.04780525 0.0148384 0.01434974 -0.04689795 0.0143224 0.01434974 -0.04591925 0.0159434 0.01434974 -0.04627445 0.0139774 0.01434974 -0.04574995 0.0134954</float_array>
          <technique_common>
            <accessor count="2170" source="#verts-array-array" stride="3">
              <param type="float" name="X"/>
              <param type="float" name="Y"/>
              <param type="float" name="Z"/>
            </accessor>
          </technique_common>
        </source>
        <source id="normals-array">
          <float_array count="6510" id="normals-array-array">0 -0.1571879 0.9875687 0 -0.1571879 0.9875687 0 -0.3718559 0.9282905 0 -0.3718559 0.9282905 0 -0.596838 0.8023618 0 -0.596838 0.8023618 0 -0.7814436 0.6239759 0 -0.7814436 0.6239759 0 -0.9148471 0.4038003 0 -0.9148471 0.4038003 0 -0.987685 0.1564559 0 -0.987685 0.1564559 0 -0.9996992 0.02452619 0 -0.9996992 0.02452619 0 -0.9897603 0.1427393 0 -0.9897603 0.1427393 0 -0.9256297 0.3784304 0 -0.9256297 0.3784304 0 -0.8066938 0.5909697 0 -0.8066938 0.5909697 0 -0.6399924 0.7683812 0 -0.6399924 0.7683812 0 -0.4338676 0.9009767 0 -0.4338676 0.9009767 0 -0.2750332 0.9614347 0 -0.2750332 0.9614347 0 -0.9999142 -0.01309775 0 -0.9999142 -0.01309775 0 -0.969309 0.2458457 0 -0.969309 0.2458457 0 -0.872495 0.4886231 0 -0.872495 0.4886231 0 -0.7163392 0.6977522 0 -0.7163392 0.6977522 0 -0.5112289 0.8594446 0 -0.5112289 0.8594446 0 -0.2714307 0.962458 0 -0.2714307 0.962458 0 -0.01348045 0.9999091 0 -0.01348045 0.9999091 0 0.2461627 0.9692285 0 0.2461627 0.9692285 0 0.4881055 0.8727846 0 0.4881055 0.8727846 0 0.6974057 0.7166766 0 0.6974057 0.7166766 0 0.8594647 0.5111952 0 0.8594647 0.5111952 0 0.9624446 0.2714781 0 0.9624446 0.2714781 0 0.99991 0.01341856 0 0.99991 0.01341856 0 0.9692753 -0.2459784 0 0.9692753 -0.2459784 0 0.8725595 -0.4885079 0 0.8725595 -0.4885079 0 0.7162118 -0.697883 0 0.7162118 -0.697883 0 0.5113786 -0.8593555 0 0.5113786 -0.8593555 0 0.2722062 -0.962239 0 0.2722062 -0.962239 0 0.01346759 -0.9999093 0 0.01346759 -0.9999093 0 -0.2461947 -0.9692204 0 -0.2461947 -0.9692204 0 -0.4887111 -0.8724457 0 -0.4887111 -0.8724457 0 -0.6979293 -0.7161667 0 -0.6979293 -0.7161667 0 -0.8592786 -0.5115079 0 -0.8592786 -0.5115079 0 -0.9623615 -0.2717726 0 -0.9623615 -0.2717726 0 -0.9999781 -0.006619211 0 -0.991565 0.1296103 0 -0.991565 0.1296103 0 -0.9646807 0.2634218 0 -0.9646807 0.2634218 0 -0.9198319 0.3923127 0 -0.9198319 0.3923127 0 -0.8578489 0.513902 0 -0.8578489 0.513902 0 -0.7798973 0.6259075 0 -0.7798973 0.6259075 0 -0.6873845 0.7262937 0 -0.6873845 0.7262937 0 -0.5820957 0.8131203 0 -0.5820957 0.8131203 0 -0.465964 0.8848037 0 -0.465964 0.8848037 0 -0.3410421 0.940048 0 -0.3410421 0.940048 0 -0.2099458 0.977713 0 -0.2099458 0.977713 0 -0.07490716 0.9971905 0 -0.07490716 0.9971905 0 0.06168889 0.9980954 0 0.06168889 0.9980954 0 0.1970006 0.9804034 0 0.1970006 0.9804034 0 0.3286398 0.9444554 0 0.3286398 0.9444554 0 0.4541418 0.8909294 0 0.4541418 0.8909294 0 0.5712574 0.820771 0 0.5712574 0.820771 0 0.6777281 0.7353126 0 0.6777281 0.7353126 0 0.7714998 0.6362296 0 0.7714998 0.6362296 0 0.8509416 0.5252604 0 0.8509416 0.5252604 0 0.914543 0.4044886 0 0.914543 0.4044886 0 0.961111 0.2761624 0 0.961111 0.2761624 0 0.9897624 0.1427249 0 0.9897624 0.1427249 0 0.999978 0.006628344 0 0.999978 0.006628344 0 0.9915674 -0.1295924 0 0.9915674 -0.1295924 0 0.9646855 -0.2634044 0 0.9646855 -0.2634044 0 0.9198319 -0.3923127 0 0.9198319 -0.3923127 0 0.857845 -0.5139085 0 0.857845 -0.5139085 0 0.7798537 -0.6259618 0 0.7798537 -0.6259618 0 0.6873412 -0.7263347 0 0.6873412 -0.7263347 0 0.5820972 -0.8131192 0 0.5820972 -0.8131192 0 0.4659636 -0.8848039 0 0.4659636 -0.8848039 0 0.3411255 -0.9400177 0 0.3411255 -0.9400177 0 0.2099445 -0.9777133 0 0.2099445 -0.9777133 0 0.07481729 -0.9971973 0 0.07481729 -0.9971973 0 -0.0615973 -0.9981011 0 -0.0615973 -0.9981011 0 -0.1969104 -0.9804215 0 -0.1969104 -0.9804215 0 -0.3286399 -0.9444553 0 -0.3286399 -0.9444553 0 -0.4542125 -0.8908934 0 -0.4542125 -0.8908934 0 -0.5712669 -0.8207643 0 -0.5712669 -0.8207643 0 -0.6776786 -0.7353582 0 -0.6776786 -0.7353582 0 -0.7714998 -0.6362296 0 -0.7714998 -0.6362296 0 -0.850964 -0.525224 0 -0.850964 -0.525224 0 -0.9145603 -0.4044496 0 -0.9145603 -0.4044496 0 -0.9611085 -0.276171 0 -0.9611085 -0.276171 0 -0.9897624 -0.1427247 0 -0.9897624 -0.1427247 0 -0.9999781 -0.006619211 -1 0 0 -1 0 0 -1 0 0 -1 0 0 -1 0 0 -1 0 0 -1 0 0 -1 0 0 -1 0 0 -1 0 0 -1 0 0 -1 0 0 -1 0 0 -1 0 0 -1 0 0 -1 0 0 -1 0 0 -1 0 0 -1 0 0 -1 0 0 -1 0 0 -1 0 0 -1 0 0 -1 0 0 -1 0 0 -1 0 0 -1 0 0 -1 0 0 -1 0 0 -1 0 0 -1 0 0 -1 0 0 -1 0 0 -1 0 0 -1 0 0 -1 0 0 -1 0 0 -1 0 0 -1 0 0 -1 0 0 -1 0 0 -1 0 0 -1 0 0 -1 0 0 -1 0 0 -1 0 0 -1 0 0 -1 0 0 -1 0 0 -1 0 0 -1 0 0 -1 0 0 -1 0 0 -1 0 0 -1 0 0 -1 0 0 -1 0 0 -1 0 0 -1 0 0 -1 0 0 -1 0 0 -1 0 0 -1 0 0 -1 0 0 -1 0 0 -1 0 0 -1 0 0 -1 0 0 -1 0 0 -1 0 0 -1 0 0 -1 0 0 -1 0 0 -1 0 0 -1 0 0 -1 0 0 -1 0 0 -1 0 0 -1 0 0 -1 0 0 -1 0 0 -1 0 0 -1 0 0 -1 0 0 -1 0 0 -1 0 0 -1 0 0 -1 0 0 -1 0 0 -1 0 0 -1 0 0 -1 0 0 -1 0 0 -1 0 0 -1 0 0 -1 0 0 -1 0 0 -1 0 0 -1 0 0 -1 0 0 -1 0 0 -1 0 0 -1 0 0 -1 0 0 -1 0 0 -1 0 0 -1 0 0 -1 0 0 -1 0 0 -1 0 0 -1 0 0 -1 0 0 -1 0 0 -1 0 0 -1 0 0 -1 0 0 -1 0 0 -1 0 0 -1 0 0 -1 0 0 -1 0 0 -1 0 0 -1 0 0 -1 0 0 -1 0 0 -1 0 0 -1 0 0 -1 0 0 -1 0 0 -1 0 0 -1 0 0 -1 0 0 -1 0 0 -1 0 0 -1 0 0 -1 0 0 -1 0 0 -1 0 0 -1 0 0 -1 0 0 -1 0 0 -1 0 0 -1 0 0 -1 0 0 -1 0 0 -1 0 0 -1 0 0 -1 0 0 -1 0 0 -1 0 0 -1 0 0 -1 0 0 -1 0 0 -1 0 0 -1 0 0 -1 0 0 -1 0 0 -1 0 0 -1 0 0 -1 0 0 -1 0 0 -1 0 0 -1 0 0 -1 0 0 -1 0 0 -1 0 0 -1 0 0 -1 0 0 -1 0 0 -1 0 0 -1 0 0 -1 0 0 -1 0 0 -1 0 0 -1 0 0 -1 0 0 -1 0 0 -1 0 0 -1 0 0 -1 0 0 -1 0 0 -1 0 0 -1 0 0 -1 0 0 -1 0 0 -1 0 0 -1 0 0 -1 0 0 -1 0 0 -1 0 0 -1 0 0 -1 0 0 -1 0 0 -1 0 0 -1 0 0 -1 0 0 -1 0 0 -1 0 0 -1 0 0 -1 0 0 -1 0 0 -1 0 0 -1 0 0 -1 0 0 -1 0 0 -1 0 0 -1 0 0 -1 0 0 -1 0 0 -1 0 0 -1 0 0 -1 0 0 -1 0 0 -1 0 0 -1 0 0 -1 0 0 -1 0 0 -1 0 0 -1 0 0 -1 0 0 -1 0 0 -1 0 0 -1 0 0 -1 0 0 -1 0 0 -1 0 0 -1 0 0 -1 0 0 -1 0 0 -1 0 0 -1 0 0 -1 0 0 -1 0 0 -1 0 0 -1 0 0 -1 0 0 -1 0 0 -1 0 0 -1 0 0 -1 0 0 -1 0 0 -1 0 0 -1 0 0 -1 0 0 -1 0 0 -1 0 0 -1 0 0 -1 0 0 -1 0 0 -1 0 0 -1 0 0 -1 0 0 -1 0 0 -1 0 0 -1 0 0 -1 0 0 -1 0 0 -1 0 0 -1 0 0 -1 0 0 -1 0 0 -1 0 0 -1 0 0 -1 0 0 -1 0 0 -1 0 0 -1 0 0 -1 0 0 -1 0 0 -1 0 0 -1 0 0 -1 0 0 -1 0 0 -1 0 0 -1 0 0 -1 0 0 -1 0 0 -1 0 0 -1 0 0 -1 0 0 -1 0 0 -1 0 0 -1 0 0 -1 0 0 -1 0 0 -1 0 0 -1 0 0 -1 0 0 -1 0 0 -1 0 0 -1 0 0 -1 0 0 -1 0 0 -1 0 0 -1 0 0 -1 0 0 -1 0 0 -1 0 0 -1 0 0 -1 0 0 -1 0 0 -1 0 0 -1 0 0 -1 0 0 -1 0 0 -1 0 0 -1 0 0 -1 0 0 -1 0 0 -1 0 0 -1 0 0 -1 0 0 -1 0 0 -1 0 0 -1 0 0 -1 0 0 -1 0 0 -1 0 0 -1 0 0 -1 0 0 -1 0 0 -1 0 0 -1 0 0 -1 0 0 -1 0 0 -1 0 0 -1 0 0 -1 0 0 -1 0 0 -1 0 0 -1 0 0 -1 0 0 -1 0 0 -1 0 0 -1 0 0 -1 0 0 -1 0 0 -1 0 0 -1 0 0 -1 0 0 -1 0 0 -1 0 0 -1 0 0 -1 0 0 -1 0 0 -1 0 0 -1 0 0 -1 0 0 -1 0 0 -1 0 0 -1 0 0 -1 0 0 -1 0 0 -1 0 0 -1 0 0 -1 0 0 -1 0 0 -1 0 0 -1 0 0 -1 0 0 -1 0 0 -1 0 0 -1 0 0 -1 0 0 -1 0 0 -1 0 0 -1 0 0 -1 0 0 -1 0 0 -1 0 0 -1 0 0 -1 0 0 -1 0 0 -1 0 0 -1 0 0 -1 0 0 -1 0 0 -1 0 0 -1 0 0 -1 0 0 -1 0 0 -1 0 0 -1 0 0 -1 0 0 -1 0 0 -1 0 0 -1 0 0 -1 0 0 -1 0 0 -1 0 0 -1 0 0 -1 0 0 -1 0 0 -1 0 0 -1 0 0 -1 0 0 -1 0 0 -1 0 0 -1 0 0 -1 0 0 -1 0 0 -1 0 0 -1 0 0 -1 0 0 -1 0 0 -1 0 0 -1 0 0 -1 0 0 -1 0 0 -1 0 0 -1 0 0 -1 0 0 -1 0 0 -1 0 0 -1 0 0 -1 0 0 -1 0 0 -1 0 0 -1 0 0 -1 0 0 -1 0 0 -1 0 0 -1 0 0 -1 0 0 -1 0 0 -1 0 0 -1 0 0 -1 0 0 -1 0 0 -1 0 0 -1 0 0 -1 0 0 -1 0 0 -1 0 0 -1 0 0 -1 0 0 -1 0 0 -1 0 0 -1 0 0 -1 0 0 -1 0 0 -1 0 0 -1 0 0 -1 0 0 -1 0 0 -1 0 0 -1 0 0 -1 0 0 -1 0 0 -1 0 0 -1 0 0 -1 0 0 -1 0 0 -1 0 0 -1 0 0 -1 0 0 -1 0 0 -1 0 0 -1 0 0 -1 0 0 -1 0 0 -1 0 0 -1 0 0 -1 0 0 -1 0 0 -1 0 0 -1 0 0 -1 0 0 -1 0 0 -1 0 0 -1 0 0 -1 0 0 -1 0 0 -1 0 0 -1 0 0 -1 0 0 -1 0 0 -1 0 0 -1 0 0 -1 0 0 -1 0 0 -1 0 0 -1 0 0 -1 0 0 -1 0 0 -1 0 0 -1 0 0 -1 0 0 -1 0 0 -1 0 0 -1 0 0 -1 0 0 -1 0 0 -1 0 0 -1 0 0 -1 0 0 -1 0 0 -1 0 0 -1 0 0 -1 0 0 -1 0 0 -1 0 0 -1 0 0 -1 0 0 -1 0 0 -1 0 0 -1 0 0 -1 0 0 -1 0 0 -1 0 0 -1 0 0 -1 0 0 -1 0 0 -1 0 0 -1 0 0 -1 0 0 -1 0 0 -1 0 0 -1 0 0 -1 0 0 -1 0 0 -1 0 0 -1 0 0 -1 0 0 -1 0 0 -1 0 0 -1 0 0 -1 0 0 -1 0 0 -1 0 0 -1 0 0 -1 0 0 -1 0 0 -1 0 0 -1 0 0 -1 0 0 -1 0 0 -1 0 0 -1 0 0 -1 0 0 -1 0 0 -1 0 0 -1 0 0 -1 0 0 -1 0 0 -1 0 0 -1 0 0 -1 0 0 -1 0 0 -1 0 0 -1 0 0 -1 0 0 0 -0.1527707 -0.9882617 0 -0.1527707 -0.9882617 0 -0.1184656 -0.9929582 0 -0.1184656 -0.9929582 0 0.006705093 -0.9999775 0 0.006705093 -0.9999775 0 0.1316198 -0.9913003 0 0.1316198 -0.9913003 0 0.1655331 -0.9862042 0 0.1655331 -0.9862042 0 0.01978292 -0.9998043 0 0.01978292 -0.9998043 0 -0.2169213 -0.9761891 0 -0.2169213 -0.9761891 0 -0.4415837 -0.8972201 0 -0.4415837 -0.8972201 0 -0.6402797 -0.7681419 0 -0.6402797 -0.7681419 0 -0.8034337 -0.5953942 0 -0.8034337 -0.5953942 0 -0.8654738 -0.5009543 0 -0.8654738 -0.5009543 0 -0.2704333 0.9627387 0 -0.2704333 0.9627387 0 -0.1603956 0.9870528 0 -0.1603956 0.9870528 0 0.07702976 0.9970288 0 0.07702976 0.9970288 0 0.3102191 0.9506651 0 0.3102191 0.9506651 0 0.5257367 0.8506474 0 0.5257367 0.8506474 0 0.711501 0.7026851 0 0.711501 0.7026851 0 0.8068042 0.5908189 0 0.8068042 0.5908189 0 -0.8721076 0.4893142 0 -0.8721076 0.4893142 0 -0.8112048 0.5847622 0 -0.8112048 0.5847622 0 -0.6502978 0.7596794 0 -0.6502978 0.7596794 0 -0.4529701 0.8915257 0 -0.4529701 0.8915257 0 -0.2303576 0.9731061 0 -0.2303576 0.9731061 0 0.005659984 0.999984 0 0.005659984 0.999984 0 0.1708217 0.985302 0 0.1708217 0.985302 0 -0.8068616 -0.5907405 0 -0.8068616 -0.5907405 0 -0.7859202 -0.618328 0 -0.7859202 -0.618328 0 -0.7023881 -0.7117941 0 -0.7023881 -0.7117941 0 -0.6078229 -0.7940726 0 -0.6078229 -0.7940726 0 -0.5802906 -0.8144095 0 -0.5802906 -0.8144095 0 0.8719252 -0.4896391 0 0.8719252 -0.4896391 0 0.8112876 -0.5846473 0 0.8112876 -0.5846473 0 0.6506702 -0.7593604 0 0.6506702 -0.7593604 0 0.4529627 -0.8915295 0 0.4529627 -0.8915295 0 0.2296823 -0.9732657 0 0.2296823 -0.9732657 0 -0.00636194 -0.9999798 0 -0.00636194 -0.9999798 0 0.9861668 0.1657561 0 0.9861668 0.1657561 0 0.999813 0.01933732 0 0.999813 0.01933732 0 0.9761512 -0.2170918 0 0.9761512 -0.2170918 0 0.8974792 -0.4410568 0 0.8974792 -0.4410568 0 0.7681059 -0.6403228 0 0.7681059 -0.6403228 0 0.5951587 -0.8036082 0 0.5951587 -0.8036082 0 0.5006636 -0.8656419 0 0.5006636 -0.8656419 0 -0.9662275 0.2576906 0 -0.9662275 0.2576906 0 -0.9923201 0.1236964 0 -0.9923201 0.1236964 0 -0.9905152 -0.1374032 0 -0.9905152 -0.1374032 0 -0.9212676 -0.3889292 0 -0.9212676 -0.3889292 0 -0.789257 -0.614063 0 -0.789257 -0.614063 0 -0.6034001 -0.7974386 0 -0.6034001 -0.7974386 0 -0.3767645 -0.9263091 0 -0.3767645 -0.9263091 0 -0.1241473 -0.9922638 0 -0.1241473 -0.9922638 0 0.137187 -0.9905452 0 0.137187 -0.9905452 0 0.3888452 -0.9213031 0 0.3888452 -0.9213031 0 0.6139266 -0.7893631 0 0.6139266 -0.7893631 0 0.7971543 -0.6037757 0 0.7971543 -0.6037757 0 -0.183705 0.9829814 0 -0.183705 0.9829814 0 -0.0190784 0.999818 0 -0.0190784 0.999818 0 0.2169626 0.9761799 0 0.2169626 0.9761799 0 0.4409782 0.8975178 0 0.4409782 0.8975178 0 0.6402562 0.7681614 0 0.6402562 0.7681614 0 0.8034572 0.5953625 0 0.8034572 0.5953625 0 0.8656143 0.5007113 0 0.8656143 0.5007113 0 -0.4892664 -0.8721344 0 -0.4892664 -0.8721344 0 -0.5845264 -0.8113747 0 -0.5845264 -0.8113747 0 -0.7595787 -0.6504154 0 -0.7595787 -0.6504154 0 -0.8916034 -0.4528172 0 -0.8916034 -0.4528172 0 -0.9731951 -0.2299812 0 -0.9731951 -0.2299812 0 -0.9999815 0.006075264 0 -0.9999815 0.006075264 0 -0.9882753 0.1526822 0 -0.9882753 0.1526822 0 -0.6936188 -0.7203422 0 -0.6936188 -0.7203422 0 -0.843734 -0.5367615 0 -0.843734 -0.5367615 0 -0.9464742 -0.3227794 0 -0.9464742 -0.3227794 0 -0.9959139 -0.09030762 0 -0.9959139 -0.09030762 0 -0.9891429 0.1469568 0 -0.9891429 0.1469568 0 0.2708657 -0.9626171 0 0.2708657 -0.9626171 0 0.1603985 -0.9870523 0 0.1603985 -0.9870523 0 -0.07702682 -0.997029 0 -0.07702682 -0.997029 0 -0.3102191 -0.9506651 0 -0.3102191 -0.9506651 0 -0.5256995 -0.8506703 0 -0.5256995 -0.8506703 0 -0.7115092 -0.7026768 0 -0.7115092 -0.7026768 0 -0.9861626 -0.1657807 0 -0.9861626 -0.1657807 0 -0.9998144 -0.01926751 0 -0.9998144 -0.01926751 0 -0.9761504 0.2170954 0 -0.9761504 0.2170954 0 -0.8974824 0.4410502 0 -0.8974824 0.4410502 0 -0.7680991 0.640331 0 -0.7680991 0.640331 0 -0.5951695 0.8036002 0 -0.5951695 0.8036002 0 -0.4892031 0.8721699 0 -0.4892031 0.8721699 0 -0.5402279 0.8415188 0 -0.5402279 0.8415188 0 -0.655434 0.7552524 0 -0.655434 0.7552524 0 -0.7975051 0.6033122 0 -0.7975051 0.6033122 0 -0.9264937 0.3763104 0 -0.9264937 0.3763104 0 -0.9923025 0.1238374 0 -0.9923025 0.1238374 0 -0.990541 -0.1372168 0 -0.990541 -0.1372168 0 -0.9213357 -0.388768 0 -0.9213357 -0.388768 0 -0.7893284 -0.6139712 0 -0.7893284 -0.6139712 0 -0.6037776 -0.7971528 0 -0.6037776 -0.7971528 0 -0.3767426 -0.926318 0 -0.3767426 -0.926318 0 -0.1241624 -0.9922619 0 -0.1241624 -0.9922619 0 0.1367003 -0.9906125 0 0.1367003 -0.9906125 0 -0.9929533 0.1185067 0 -0.9929533 0.1185067 0 -0.9999781 -0.006615035 0 -0.9999781 -0.006615035 0 -0.9912955 -0.1316558 0 -0.9912955 -0.1316558 0 0.2578692 0.9661798 0 0.2578692 0.9661798 0 0.1236631 0.9923243 0 0.1236631 0.9923243 0 -0.1371873 0.9905451 0 -0.1371873 0.9905451 0 -0.3888899 0.9212843 0 -0.3888899 0.9212843 0 -0.6140456 0.7892706 0 -0.6140456 0.7892706 0 -0.7974343 0.6034058 0 -0.7974343 0.6034058 0 -0.9264274 0.3764734 0 -0.9264274 0.3764734 0 -0.9922792 0.1240244 0 -0.9922792 0.1240244 0 -0.9905842 -0.1369046 0 -0.9905842 -0.1369046 0 -0.9213429 -0.3887509 0 -0.9213429 -0.3887509 0 -0.789435 -0.6138342 0 -0.789435 -0.6138342 0 -0.6037821 -0.7971494 0 -0.6037821 -0.7971494 0 -0.8144547 0.5802271 0 -0.8144547 0.5802271 0 -0.7203997 0.6935591 0 -0.7203997 0.6935591 0 -0.5370171 0.8435714 0 -0.5370171 0.8435714 0 -0.3229085 0.9464302 0 -0.3229085 0.9464302 0 -0.09043985 0.9959019 0 -0.09043985 0.9959019 0 0.1469858 0.9891386 0 0.1469858 0.9891386 0 -0.9627192 -0.2705028 0 -0.9627192 -0.2705028 0 -0.9871 -0.1601049 0 -0.9871 -0.1601049 0 -0.9970243 0.0770873 0 -0.9970243 0.0770873 0 -0.9506738 0.3101925 0 -0.9506738 0.3101925 0 -0.8507853 0.5255134 0 -0.8507853 0.5255134 0 -0.7029324 0.7112566 0 -0.7029324 0.7112566 0 -0.5908047 0.8068146 0 -0.5908047 0.8068146 0 0.789165 0.6141812 0 0.789165 0.6141812 0 0.6033464 0.7974792 0 0.6033464 0.7974792 0 0.376324 0.9264881 0 0.376324 0.9264881 0 0.1236754 0.9923227 0 0.1236754 0.9923227 0 -0.137187 0.9905452 0 -0.137187 0.9905452 0 -0.3888675 0.9212937 0 -0.3888675 0.9212937 0 -0.6139726 0.7893273 0 -0.6139726 0.7893273 0 -0.7972251 0.6036821 0 -0.7972251 0.6036821 0 -0.9263332 0.3767052 0 -0.9263332 0.3767052 0 -0.9922712 0.1240885 0 -0.9922712 0.1240885 0 -0.9906032 -0.136767 0 -0.9906032 -0.136767 0 -0.6183038 0.7859392 0 -0.6183038 0.7859392 0 -0.7117556 0.7024272 0 -0.7117556 0.7024272 0 -0.7940599 0.6078395 0 -0.7940599 0.6078395 0 -0.9999142 -0.01309775 0 -0.9999142 -0.01309775 0 -0.9692278 0.2461654 0 -0.9692278 0.2461654 0 -0.8725944 0.4884456 0 -0.8725944 0.4884456 0 -0.7167497 0.6973306 0 -0.7167497 0.6973306 0 -0.5112461 0.8594344 0 -0.5112461 0.8594344 0 -0.2713969 0.9624675 0 -0.2713969 0.9624675 0 -0.01348045 0.9999091 0 -0.01348045 0.9999091 0 0.2461947 0.9692204 0 0.2461947 0.9692204 0 0.4887111 0.8724457 0 0.4887111 0.8724457 0 0.6975339 0.7165518 0 0.6975339 0.7165518 0 0.8591763 0.5116797 0 0.8591763 0.5116797 0 0.9624224 0.2715569 0 0.9624224 0.2715569 0 0.9999111 0.01333019 0 0.9999111 0.01333019 0 0.9692536 -0.246064 0 0.9692536 -0.246064 0 0.8725944 -0.4884456 0 0.8725944 -0.4884456 0 0.7162616 -0.6978318 0 0.7162616 -0.6978318 0 0.5113483 -0.8593735 0 0.5113483 -0.8593735 0 0.2721846 -0.962245 0 0.2721846 -0.962245 0 0.01348045 -0.9999091 0 0.01348045 -0.9999091 0 -0.2461947 -0.9692204 0 -0.2461947 -0.9692204 0 -0.4887111 -0.8724457 0 -0.4887111 -0.8724457 0 -0.6979293 -0.7161667 0 -0.6979293 -0.7161667 0 -0.8592786 -0.5115079 0 -0.8592786 -0.5115079 0 -0.9623615 -0.2717726 0 -0.9623615 -0.2717726 0 -0.9999106 -0.01337433 0 -0.9999106 -0.01337433 0 -0.9692579 0.2460469 0 -0.9692579 0.2460469 0 -0.8725804 0.4884705 0 -0.8725804 0.4884705 0 -0.716234 0.6978602 0 -0.716234 0.6978602 0 -0.511354 0.8593702 0 -0.511354 0.8593702 0 -0.2721966 0.9622416 0 -0.2721966 0.9622416 0 -0.01347321 0.9999092 0 -0.01347321 0.9999092 0 0.2461843 0.969223 0 0.2461843 0.969223 0 0.4887152 0.8724434 0 0.4887152 0.8724434 0 0.6979189 0.7161768 0 0.6979189 0.7161768 0 0.8592883 0.5114915 0 0.8592883 0.5114915 0 0.9623691 0.2717457 0 0.9623691 0.2717457 0 0.9999137 0.01313888 0 0.9999137 0.01313888 0 0.969233 -0.246145 0 0.969233 -0.246145 0 0.8725802 -0.4884708 0 0.8725802 -0.4884708 0 0.7167222 -0.6973587 0 0.7167222 -0.6973587 0 0.5112544 -0.8594294 0 0.5112544 -0.8594294 0 0.2714082 -0.9624643 0 0.2714082 -0.9624643 0 0.01347321 -0.9999092 0 0.01347321 -0.9999092 0 -0.2461839 -0.9692231 0 -0.2461839 -0.9692231 0 -0.4887136 -0.8724443 0 -0.4887136 -0.8724443 0 -0.6975253 -0.7165601 0 -0.6975253 -0.7165601 0 -0.8591871 -0.5116615 0 -0.8591871 -0.5116615 0 -0.9624285 -0.2715351 0 -0.9624285 -0.2715351 0 -0.9999111 -0.01333019 0 -0.9999111 -0.01333019 0 -0.9692536 0.246064 0 -0.9692536 0.246064 0 -0.8725944 0.4884456 0 -0.8725944 0.4884456 0 -0.7167497 0.6973306 0 -0.7167497 0.6973306 0 -0.5112461 0.8594344 0 -0.5112461 0.8594344 0 -0.2713969 0.9624675 0 -0.2713969 0.9624675 0 -0.01348045 0.9999091 0 -0.01348045 0.9999091 0 0.2461947 0.9692204 0 0.2461947 0.9692204 0 0.4887111 0.8724457 0 0.4887111 0.8724457 0 0.6974838 0.7166006 0 0.6974838 0.7166006 0 0.8591824 0.5116695 0 0.8591824 0.5116695 0 0.9624793 0.271355 0 0.9624793 0.271355 0 0.9999142 0.01309775 0 0.9999142 0.01309775 0 0.9692278 -0.2461654 0 0.9692278 -0.2461654 0 0.8725944 -0.4884456 0 0.8725944 -0.4884456 0 0.7162616 -0.6978318 0 0.7162616 -0.6978318 0 0.5113483 -0.8593735 0 0.5113483 -0.8593735 0 0.2721846 -0.962245 0 0.2721846 -0.962245 0 0.01348045 -0.9999091 0 0.01348045 -0.9999091 0 -0.2461947 -0.9692204 0 -0.2461947 -0.9692204 0 -0.4887111 -0.8724457 0 -0.4887111 -0.8724457 0 -0.6979293 -0.7161667 0 -0.6979293 -0.7161667 0 -0.8592786 -0.5115079 0 -0.8592786 -0.5115079 0 -0.9623267 -0.2718956 0 -0.9623267 -0.2718956 0 -0.9999125 -0.01322565 0 -0.9999125 -0.01322565 0 -0.969309 0.2458457 0 -0.969309 0.2458457 0 -0.8727554 0.4881578 0 -0.8727554 0.4881578 0 -0.7162616 0.6978318 0 -0.7162616 0.6978318 0 -0.5113483 0.8593735 0 -0.5113483 0.8593735 0 -0.2713361 0.9624847 0 -0.2713361 0.9624847 0 -0.01259879 0.9999206 0 -0.01259879 0.9999206 0 0.2453603 0.969432 0 0.2453603 0.969432 0 0.4880064 0.87284 0 0.4880064 0.87284 0 0.6979174 0.7161783 0 0.6979174 0.7161783 0 0.8594647 0.5111952 0 0.8594647 0.5111952 0 0.9624446 0.2714781 0 0.9624446 0.2714781 0 0.9999125 0.01322565 0 0.9999125 0.01322565 0 0.9693293 -0.2457655 0 0.9693293 -0.2457655 0 0.8727609 -0.4881479 0 0.8727609 -0.4881479 0 0.7162118 -0.697883 0 0.7162118 -0.697883 0 0.5113786 -0.8593555 0 0.5113786 -0.8593555 0 0.2713578 -0.9624786 0 0.2713578 -0.9624786 0 0.01258609 -0.9999208 0 0.01258609 -0.9999208 0 -0.2453921 -0.9694239 0 -0.2453921 -0.9694239 0 -0.4879886 -0.87285 0 -0.4879886 -0.87285 0 -0.6979293 -0.7161667 0 -0.6979293 -0.7161667 0 -0.8594586 -0.5112054 0 -0.8594586 -0.5112054 0 -0.9624224 -0.2715569 0 -0.9624224 -0.2715569 0 -0.9999131 -0.01318582 0 -0.9999131 -0.01318582 0 -0.9692278 0.2461654 0 -0.9692278 0.2461654 0 -0.8725595 0.4885079 0 -0.8725595 0.4885079 0 -0.7166999 0.6973817 0 -0.7166999 0.6973817 0 -0.5112763 0.8594164 0 -0.5112763 0.8594164 0 -0.2714307 0.962458 0 -0.2714307 0.962458 0 -0.01348045 0.9999091 0 -0.01348045 0.9999091 0 0.2461627 0.9692285 0 0.2461627 0.9692285 0 0.4887288 0.8724357 0 0.4887288 0.8724357 0 0.697522 0.7165634 0 0.697522 0.7165634 0 0.8591824 0.5116695 0 0.8591824 0.5116695 0 0.9624207 0.271563 0 0.9624207 0.271563 0 0.99991 0.01341841 0 0.99991 0.01341841 0 0.9692536 -0.246064 0 0.9692536 -0.246064 0 0.8725595 -0.4885079 0 0.8725595 -0.4885079 0 0.7162118 -0.697883 0 0.7162118 -0.697883 0 0.5113786 -0.8593555 0 0.5113786 -0.8593555 0 0.2722062 -0.962239 0 0.2722062 -0.962239 0 0.01346759 -0.9999093 0 0.01346759 -0.9999093 0 -0.2461947 -0.9692204 0 -0.2461947 -0.9692204 0 -0.4887111 -0.8724457 0 -0.4887111 -0.8724457 0 -0.6979293 -0.7161667 0 -0.6979293 -0.7161667 0 -0.8593205 -0.5114375 0 -0.8593205 -0.5114375 0 -0.9623598 -0.2717785 0 -0.9623598 -0.2717785 0 -0.9999131 -0.01318627 0 -0.9999131 -0.01318627 0 -0.9693307 0.2457599 0 -0.9693307 0.2457599 0 -0.87246 0.4886854 0 -0.87246 0.4886854 0 -0.7163278 0.6977639 0 -0.7163278 0.6977639 0 -0.5112763 0.8594164 0 -0.5112763 0.8594164 0 -0.2714183 0.9624615 0 -0.2714183 0.9624615 0 -0.01346759 0.9999093 0 -0.01346759 0.9999093 0 0.2461947 0.9692204 0 0.2461947 0.9692204 0 0.4880879 0.8727945 0 0.4880879 0.8727945 0 0.6974176 0.716665 0 0.6974176 0.716665 0 0.8594586 0.5112054 0 0.8594586 0.5112054 0 0.9624224 0.2715569 0 0.9624224 0.2715569 0 0.9999111 0.01333019 0 0.9999111 0.01333019 0 0.9692536 -0.246064 0 0.9692536 -0.246064 0 0.8725944 -0.4884456 0 0.8725944 -0.4884456 0 0.7162616 -0.6978318 0 0.7162616 -0.6978318 0 0.5113483 -0.8593735 0 0.5113483 -0.8593735 0 0.2721846 -0.962245 0 0.2721846 -0.962245 0 0.01348045 -0.9999091 0 0.01348045 -0.9999091 0 -0.2461627 -0.9692285 0 -0.2461627 -0.9692285 0 -0.4887288 -0.8724357 0 -0.4887288 -0.8724357 0 -0.6979174 -0.7161783 0 -0.6979174 -0.7161783 0 -0.8592847 -0.5114976 0 -0.8592847 -0.5114976 0 -0.9623838 -0.2716937 0 -0.9623838 -0.2716937 0 -0.9999136 -0.01314188 0 -0.9999136 -0.01314188 0 -0.9692322 0.2461482 0 -0.9692322 0.2461482 0 -0.8725804 0.4884705 0 -0.8725804 0.4884705 0 -0.716722 0.697359 0 -0.716722 0.697359 0 -0.5112517 0.859431 0 -0.5112517 0.859431 0 -0.2714088 0.9624641 0 -0.2714088 0.9624641 0 -0.01347321 0.9999092 0 -0.01347321 0.9999092 0 0.2461839 0.9692231 0 0.2461839 0.9692231 0 0.4887136 0.8724443 0 0.4887136 0.8724443 0 0.6975243 0.7165611 0 0.6975243 0.7165611 0 0.8591872 0.5116613 0 0.8591872 0.5116613 0 0.9624297 0.271531 0 0.9624297 0.271531 0 0.9999106 0.01337168 0 0.9999106 0.01337168 0 0.9692587 -0.2460437 0 0.9692587 -0.2460437 0 0.8725817 -0.4884682 0 0.8725817 -0.4884682 0 0.7162335 -0.6978607 0 0.7162335 -0.6978607 0 0.511357 -0.8593684 0 0.511357 -0.8593684 0 0.2721988 -0.962241 0 0.2721988 -0.962241 0 0.01347192 -0.9999092 0 0.01347192 -0.9999092 0 -0.2461839 -0.9692231 0 -0.2461839 -0.9692231 0 -0.4887136 -0.8724443 0 -0.4887136 -0.8724443 0 -0.6979207 -0.716175 0 -0.6979207 -0.716175 0 -0.8592894 -0.5114897 0 -0.8592894 -0.5114897 0 -0.9623677 -0.2717507 0 -0.9623677 -0.2717507 0 -0.9999781 -0.006619211 0 -0.991565 0.1296103 0 -0.991565 0.1296103 0 -0.9646807 0.2634218 0 -0.9646807 0.2634218 0 -0.9198319 0.3923127 0 -0.9198319 0.3923127 0 -0.8578489 0.513902 0 -0.8578489 0.513902 0 -0.7798973 0.6259075 0 -0.7798973 0.6259075 0 -0.6873845 0.7262937 0 -0.6873845 0.7262937 0 -0.5820957 0.8131203 0 -0.5820957 0.8131203 0 -0.465964 0.8848037 0 -0.465964 0.8848037 0 -0.3410421 0.940048 0 -0.3410421 0.940048 0 -0.2099458 0.977713 0 -0.2099458 0.977713 0 -0.07490716 0.9971905 0 -0.07490716 0.9971905 0 0.06168889 0.9980954 0 0.06168889 0.9980954 0 0.1970006 0.9804034 0 0.1970006 0.9804034 0 0.3286398 0.9444554 0 0.3286398 0.9444554 0 0.4541418 0.8909294 0 0.4541418 0.8909294 0 0.5712574 0.820771 0 0.5712574 0.820771 0 0.6777281 0.7353126 0 0.6777281 0.7353126 0 0.7714998 0.6362296 0 0.7714998 0.6362296 0 0.8509416 0.5252604 0 0.8509416 0.5252604 0 0.914543 0.4044886 0 0.914543 0.4044886 0 0.961111 0.2761624 0 0.961111 0.2761624 0 0.9897624 0.1427249 0 0.9897624 0.1427249 0 0.999978 0.006628344 0 0.999978 0.006628344 0 0.9915674 -0.1295924 0 0.9915674 -0.1295924 0 0.9646855 -0.2634044 0 0.9646855 -0.2634044 0 0.9198319 -0.3923127 0 0.9198319 -0.3923127 0 0.857845 -0.5139085 0 0.857845 -0.5139085 0 0.7798537 -0.6259618 0 0.7798537 -0.6259618 0 0.6873412 -0.7263347 0 0.6873412 -0.7263347 0 0.5820972 -0.8131192 0 0.5820972 -0.8131192 0 0.4659636 -0.8848039 0 0.4659636 -0.8848039 0 0.3411255 -0.9400177 0 0.3411255 -0.9400177 0 0.2099445 -0.9777133 0 0.2099445 -0.9777133 0 0.07481729 -0.9971973 0 0.07481729 -0.9971973 0 -0.0615973 -0.9981011 0 -0.0615973 -0.9981011 0 -0.1969104 -0.9804215 0 -0.1969104 -0.9804215 0 -0.3286399 -0.9444553 0 -0.3286399 -0.9444553 0 -0.4542125 -0.8908934 0 -0.4542125 -0.8908934 0 -0.5712669 -0.8207643 0 -0.5712669 -0.8207643 0 -0.6776786 -0.7353582 0 -0.6776786 -0.7353582 0 -0.7714998 -0.6362296 0 -0.7714998 -0.6362296 0 -0.850964 -0.525224 0 -0.850964 -0.525224 0 -0.9145603 -0.4044496 0 -0.9145603 -0.4044496 0 -0.9611085 -0.276171 0 -0.9611085 -0.276171 0 -0.9897624 -0.1427247 0 -0.9897624 -0.1427247 0 -0.9999781 -0.006619211 1 0 0 1 0 0 1 0 0 1 0 0 1 0 0 1 0 0 1 0 0 1 0 0 1 0 0 1 0 0 1 0 0 1 0 0 1 0 0 1 0 0 1 0 0 1 0 0 1 0 0 1 0 0 1 0 0 1 0 0 1 0 0 1 0 0 1 0 0 1 0 0 1 0 0 1 0 0 1 0 0 1 0 0 1 0 0 1 0 0 1 0 0 1 0 0 1 0 0 1 0 0 1 0 0 1 0 0 1 0 0 1 0 0 1 0 0 1 0 0 1 0 0 1 0 0 1 0 0 1 0 0 1 0 0 1 0 0 1 0 0 0 0.1446508 0.9894828 0 0.1446508 0.9894828 0 -0.006632534 0.999978 0 -0.006632534 0.999978 0 0.9992871 0.03775172 0 0.9992871 0.03775172 0 0.9855247 0.169532 0 0.9855247 0.169532 0 0.9095243 0.4156507 0 0.9095243 0.4156507 0 0.7732528 0.6340979 0 0.7732528 0.6340979 0 0.5854414 0.8107147 0 0.5854414 0.8107147 0 0.3592905 0.9332258 0 0.3592905 0.9332258 0 0.2632394 0.9647305 0 0.2632394 0.9647305 0 0.4224513 0.9063856 0 0.4224513 0.9063856 0 0.6290692 0.7773493 0 0.6290692 0.7773493 0 0.7989349 0.6014175 0 0.7989349 0.6014175 0 0.9207468 0.3901607 0 0.9207468 0.3901607 0 0.987767 0.1559373 0 0.987767 0.1559373 0 0.9662011 -0.2577893 0 0.9662011 -0.2577893 0 0.9923366 -0.1235641 0 0.9923366 -0.1235641 0 0.9905328 0.1372759 0 0.9905328 0.1372759 0 0.9213189 0.3888078 0 0.9213189 0.3888078 0 0.7892488 0.6140736 0 0.7892488 0.6140736 0 0.6033969 0.797441 0 0.6033969 0.797441 0 0.3763384 0.9264823 0 0.3763384 0.9264823 0 0.1236813 0.992322 0 0.1236813 0.992322 0 -0.1367262 0.9906089 0 -0.1367262 0.9906089 0 -0.388408 0.9214875 0 -0.388408 0.9214875 0 -0.6139207 0.7893677 0 -0.6139207 0.7893677 0 -0.7971603 0.6037677 0 -0.7971603 0.6037677 0 0.5802726 0.8144223 0 0.5802726 0.8144223 0 0.6933117 0.7206378 0 0.6933117 0.7206378 0 0.8436784 0.5368489 0 0.8436784 0.5368489 0 0.9465679 0.3225045 0 0.9465679 0.3225045 0 0.9959108 0.09034241 0 0.9959108 0.09034241 0 0.9891129 -0.1471587 0 0.9891129 -0.1471587 0 0.7858904 0.6183658 0 0.7858904 0.6183658 0 0.7024297 0.7117532 0 0.7024297 0.7117532 0 0.6078769 0.7940312 0 0.6078769 0.7940312 0 0.6143378 -0.7890431 0 0.6143378 -0.7890431 0 0.7975902 -0.6031996 0 0.7975902 -0.6031996 0 0.9264483 -0.3764221 0 0.9264483 -0.3764221 0 0.9923121 -0.1237604 0 0.9923121 -0.1237604 0 0.990558 0.1370941 0 0.990558 0.1370941 0 0.9213851 0.3886509 0 0.9213851 0.3886509 0 0.7893284 0.6139712 0 0.7893284 0.6139712 0 0.6034458 0.797404 0 0.6034458 0.797404 0 0.3767865 0.9263001 0 0.3767865 0.9263001 0 0.1241473 0.9922638 0 0.1241473 0.9922638 0 -0.1367295 0.9906084 0 -0.1367295 0.9906084 0 0.9882753 -0.1526822 0 0.9882753 -0.1526822 0 0.9929543 -0.1184982 0 0.9929543 -0.1184982 0 0.999978 0.006629546 0 0.999978 0.006629546 0 0.991298 0.1316368 0 0.991298 0.1316368 0 0.4896383 0.8719256 0 0.4896383 0.8719256 0 0.5845539 0.8113549 0 0.5845539 0.8113549 0 0.7595407 0.6504597 0 0.7595407 0.6504597 0 0.8916068 0.4528105 0 0.8916068 0.4528105 0 0.9732102 0.2299171 0 0.9732102 0.2299171 0 0.9999815 -0.006075264 0 0.9999815 -0.006075264 0 -0.2576628 -0.9662349 0 -0.2576628 -0.9662349 0 -0.1236477 -0.9923262 0 -0.1236477 -0.9923262 0 0.1376743 -0.9904776 0 0.1376743 -0.9904776 0 0.3888792 -0.9212887 0 0.3888792 -0.9212887 0 0.6140264 -0.7892855 0 0.6140264 -0.7892855 0 0.7974594 -0.6033726 0 0.7974594 -0.6033726 0 0.9264256 -0.3764778 0 0.9264256 -0.3764778 0 0.9922734 -0.1240704 0 0.9922734 -0.1240704 0 0.9905605 0.1370761 0 0.9905605 0.1370761 0 0.9213858 0.3886493 0 0.9213858 0.3886493 0 0.7893998 0.6138794 0 0.7893998 0.6138794 0 0.6038233 0.7971182 0 0.6038233 0.7971182 0 0.8146399 -0.579967 0 0.8146399 -0.579967 0 0.720685 -0.6932626 0 0.720685 -0.6932626 0 0.5364952 -0.8439033 0 0.5364952 -0.8439033 0 0.3229444 -0.9464179 0 0.3229444 -0.9464179 0 0.09044123 -0.9959018 0 0.09044123 -0.9959018 0 -0.1470079 -0.9891353 0 -0.1470079 -0.9891353 0 0.5908531 -0.8067791 0 0.5908531 -0.8067791 0 0.6183622 -0.7858932 0 0.6183622 -0.7858932 0 0.7117596 -0.7024232 0 0.7117596 -0.7024232 0 0.7940308 -0.6078775 0 0.7940308 -0.6078775 0 0.9627152 0.2705171 0 0.9627152 0.2705171 0 0.9870924 0.1601515 0 0.9870924 0.1601515 0 0.9970212 -0.07712846 0 0.9970212 -0.07712846 0 0.9506649 -0.3102197 0 0.9506649 -0.3102197 0 0.8505709 -0.5258603 0 0.8505709 -0.5258603 0 0.7026271 -0.7115583 0 0.7026271 -0.7115583 0 -0.7890321 -0.614352 0 -0.7890321 -0.614352 0 -0.6033449 -0.7974804 0 -0.6033449 -0.7974804 0 -0.3763124 -0.9264929 0 -0.3763124 -0.9264929 0 -0.1236741 -0.9923229 0 -0.1236741 -0.9923229 0 0.1371897 -0.9905448 0 0.1371897 -0.9905448 0 0.388861 -0.9212965 0 0.388861 -0.9212965 0 0.6139757 -0.7893249 0 0.6139757 -0.7893249 0 0.7972283 -0.6036779 0 0.7972283 -0.6036779 0 0.9262793 -0.3768378 0 0.9262793 -0.3768378 0 0.9922564 -0.1242062 0 0.9922564 -0.1242062 0 0.9906055 0.1367509 0 0.9906055 0.1367509 1 0 0 1 0 0 1 0 0 1 0 0 1 0 0 1 0 0 1 0 0 1 0 0 1 0 0 1 0 0 1 0 0 1 0 0 1 0 0 1 0 0 1 0 0 1 0 0 1 0 0 1 0 0 1 0 0 1 0 0 1 0 0 1 0 0 1 0 0 1 0 0 1 0 0 1 0 0 1 0 0 1 0 0 1 0 0 1 0 0 1 0 0 1 0 0 1 0 0 1 0 0 1 0 0 1 0 0 1 0 0 1 0 0 1 0 0 1 0 0 1 0 0 1 0 0 1 0 0 1 0 0 1 0 0 1 0 0 1 0 0 1 0 0 1 0 0 1 0 0 1 0 0 1 0 0 1 0 0 1 0 0 1 0 0 1 0 0 1 0 0 1 0 0 1 0 0 1 0 0 1 0 0 1 0 0 1 0 0 1 0 0 1 0 0 1 0 0 1 0 0 1 0 0 1 0 0 1 0 0 1 0 0 1 0 0 1 0 0 1 0 0 1 0 0 1 0 0 1 0 0 1 0 0 1 0 0 1 0 0 1 0 0 1 0 0 1 0 0 1 0 0 1 0 0 1 0 0 1 0 0 1 0 0 1 0 0 1 0 0 1 0 0 1 0 0 1 0 0 1 0 0 1 0 0 1 0 0 1 0 0 1 0 0 1 0 0 1 0 0 1 0 0 1 0 0 1 0 0 1 0 0 1 0 0 1 0 0 1 0 0 1 0 0 1 0 0 1 0 0 1 0 0 1 0 0 1 0 0 1 0 0 1 0 0 1 0 0 1 0 0 1 0 0 1 0 0 1 0 0 1 0 0 1 0 0 1 0 0 1 0 0 1 0 0 1 0 0 1 0 0 1 0 0 1 0 0 1 0 0 1 0 0 1 0 0 1 0 0 1 0 0 1 0 0 1 0 0 1 0 0 1 0 0 1 0 0 1 0 0 1 0 0 1 0 0 1 0 0 1 0 0 1 0 0 1 0 0 1 0 0 1 0 0 1 0 0 1 0 0 1 0 0 1 0 0 1 0 0 1 0 0 1 0 0 1 0 0 1 0 0 1 0 0 1 0 0 1 0 0 1 0 0 1 0 0 1 0 0 1 0 0 1 0 0 1 0 0 1 0 0 1 0 0 1 0 0 1 0 0 1 0 0 1 0 0 1 0 0 1 0 0 1 0 0 1 0 0 1 0 0 1 0 0 1 0 0 1 0 0 1 0 0 1 0 0 1 0 0 1 0 0 1 0 0 1 0 0 1 0 0 1 0 0 1 0 0 1 0 0 1 0 0 1 0 0 1 0 0 1 0 0 1 0 0 1 0 0 1 0 0 1 0 0 1 0 0 1 0 0 1 0 0 1 0 0 1 0 0 1 0 0 1 0 0 1 0 0 1 0 0 1 0 0 1 0 0 1 0 0 1 0 0 1 0 0 1 0 0 1 0 0 1 0 0 1 0 0 1 0 0 1 0 0 1 0 0 1 0 0 1 0 0 1 0 0 1 0 0 1 0 0 1 0 0 1 0 0 1 0 0 1 0 0 1 0 0 1 0 0 1 0 0 1 0 0 1 0 0 1 0 0 1 0 0 1 0 0 1 0 0 1 0 0 1 0 0 1 0 0 1 0 0 1 0 0 1 0 0 1 0 0 1 0 0 1 0 0 1 0 0 1 0 0 1 0 0 1 0 0 1 0 0 1 0 0 1 0 0 1 0 0 1 0 0 1 0 0 1 0 0 1 0 0 1 0 0 1 0 0 1 0 0 1 0 0 1 0 0 1 0 0 1 0 0 1 0 0 1 0 0 1 0 0 1 0 0 1 0 0 1 0 0 1 0 0 1 0 0 1 0 0 1 0 0 1 0 0 1 0 0 1 0 0 1 0 0 1 0 0 1 0 0 1 0 0 1 0 0 1 0 0 1 0 0 1 0 0 1 0 0 1 0 0 1 0 0 1 0 0 1 0 0 1 0 0 1 0 0 1 0 0 1 0 0 1 0 0 1 0 0 1 0 0 1 0 0 1 0 0 1 0 0 1 0 0 1 0 0 1 0 0 1 0 0 1 0 0 1 0 0 1 0 0 1 0 0 1 0 0 1 0 0 1 0 0 1 0 0 1 0 0 1 0 0 1 0 0 1 0 0 1 0 0 1 0 0 1 0 0 1 0 0 1 0 0 1 0 0 1 0 0 1 0 0 1 0 0 1 0 0 1 0 0 1 0 0 1 0 0 1 0 0 1 0 0 1 0 0 1 0 0 1 0 0 1 0 0 1 0 0 1 0 0 1 0 0 1 0 0 1 0 0 1 0 0 1 0 0 1 0 0 1 0 0 1 0 0 1 0 0 1 0 0 1 0 0 1 0 0 1 0 0 1 0 0 1 0 0 1 0 0 1 0 0 1 0 0 1 0 0 1 0 0 1 0 0 1 0 0 1 0 0 1 0 0 1 0 0 1 0 0 1 0 0 1 0 0 1 0 0 1 0 0 1 0 0 1 0 0 1 0 0 1 0 0 1 0 0 1 0 0 1 0 0 1 0 0 1 0 0 1 0 0 1 0 0 1 0 0 1 0 0 1 0 0 1 0 0 1 0 0 1 0 0 1 0 0 1 0 0 1 0 0 1 0 0 1 0 0 1 0 0 1 0 0 1 0 0 1 0 0 1 0 0 1 0 0 1 0 0 1 0 0 1 0 0 1 0 0 1 0 0 1 0 0 1 0 0 1 0 0 1 0 0 1 0 0 1 0 0 1 0 0 1 0 0 1 0 0 1 0 0 1 0 0 1 0 0 1 0 0 1 0 0 1 0 0 1 0 0 1 0 0 1 0 0 1 0 0 1 0 0 1 0 0 1 0 0 1 0 0 1 0 0 1 0 0 1 0 0 1 0 0 1 0 0 1 0 0 1 0 0 1 0 0 1 0 0 1 0 0 1 0 0 1 0 0 1 0 0 1 0 0 1 0 0 1 0 0 1 0 0 1 0 0 1 0 0 1 0 0 1 0 0 1 0 0 1 0 0 1 0 0 1 0 0 1 0 0 1 0 0 1 0 0 1 0 0 1 0 0 1 0 0 1 0 0 1 0 0 1 0 0 1 0 0 1 0 0 1 0 0 1 0 0 1 0 0 1 0 0 1 0 0 1 0 0 1 0 0 1 0 0 1 0 0 1 0 0 1 0 0 1 0 0 1 0 0 1 0 0 1 0 0 1 0 0 1 0 0 1 0 0 1 0 0 1 0 0 1 0 0 1 0 0 1 0 0 1 0 0 1 0 0 1 0 0 1 0 0 1 0 0 1 0 0 1 0 0 1 0 0 1 0 0 1 0 0 1 0 0 1 0 0 1 0 0 1 0 0 1 0 0 1 0 0 1 0 0 1 0 0 1 0 0 1 0 0 1 0 0 1 0 0</float_array>
          <technique_common>
            <accessor count="2170" source="#normals-array-array" stride="3">
              <param type="float" name="X"/>
              <param type="float" name="Y"/>
              <param type="float" name="Z"/>
            </accessor>
          </technique_common>
        </source>
        <vertices id="verts-array-vertices">
          <input semantic="POSITION" source="#verts-array"/>
        </vertices>
        <triangles count="2236" material="material0">
          <input offset="0" semantic="VERTEX" source="#verts-array-vertices"/>
          <input offset="1" semantic="NORMAL" source="#normals-array"/>
          <p>0 0 1 1 2 2 0 0 2 2 3 3 4 4 3 3 2 2 3 3 4 4 5 5 6 6 5 5 4 4 5 5 6 6 7 7 8 8 7 7 6 6 7 7 8 8 9 9 10 10 9 9 8 8 9 9 10 10 11 11 12 12 11 11 10 10 11 11 12 12 13 13 13 13 12 12 14 14 15 15 14 14 12 12 14 14 15 15 16 16 17 17 16 16 15 15 16 16 17 17 18 18 19 19 18 18 17 17 18 18 19 19 20 20 21 21 20 20 19 19 20 20 21 21 22 22 23 23 22 22 21 21 22 22 23 23 24 24 25 25 24 24 23 23 26 26 27 27 28 28 29 29 28 28 27 27 28 28 29 29 30 30 31 31 30 30 29 29 30 30 31 31 32 32 33 33 32 32 31 31 32 32 33 33 34 34 35 35 34 34 33 33 34 34 35 35 36 36 37 37 36 36 35 35 36 36 37 37 38 38 39 39 38 38 37 37 38 38 39 39 40 40 41 41 40 40 39 39 40 40 41 41 42 42 43 43 42 42 41 41 42 42 43 43 44 44 45 45 44 44 43 43 44 44 45 45 46 46 47 47 46 46 45 45 46 46 47 47 48 48 49 49 48 48 47 47 48 48 49 49 50 50 51 51 50 50 49 49 50 50 51 51 52 52 53 53 52 52 51 51 52 52 53 53 54 54 55 55 54 54 53 53 54 54 55 55 56 56 57 57 56 56 55 55 56 56 57 57 58 58 59 59 58 58 57 57 58 58 59 59 60 60 61 61 60 60 59 59 60 60 61 61 62 62 63 63 62 62 61 61 62 62 63 63 64 64 65 65 64 64 63 63 64 64 65 65 66 66 67 67 66 66 65 65 66 66 67 67 68 68 69 69 68 68 67 67 68 68 69 69 70 70 71 71 70 70 69 69 70 70 71 71 72 72 73 73 72 72 71 71 72 72 73 73 26 26 27 27 26 26 73 73 74 74 75 75 76 76 77 77 76 76 75 75 76 76 77 77 78 78 79 79 78 78 77 77 78 78 79 79 80 80 81 81 80 80 79 79 80 80 81 81 82 82 83 83 82 82 81 81 82 82 83 83 84 84 85 85 84 84 83 83 84 84 85 85 86 86 87 87 86 86 85 85 86 86 87 87 88 88 89 89 88 88 87 87 88 88 89 89 90 90 91 91 90 90 89 89 90 90 91 91 92 92 93 93 92 92 91 91 92 92 93 93 94 94 95 95 94 94 93 93 94 94 95 95 96 96 97 97 96 96 95 95 96 96 97 97 98 98 99 99 98 98 97 97 98 98 99 99 100 100 101 101 100 100 99 99 100 100 101 101 102 102 103 103 102 102 101 101 102 102 103 103 104 104 105 105 104 104 103 103 104 104 105 105 106 106 107 107 106 106 105 105 106 106 107 107 108 108 109 109 108 108 107 107 108 108 109 109 110 110 111 111 110 110 109 109 110 110 111 111 112 112 113 113 112 112 111 111 112 112 113 113 114 114 115 115 114 114 113 113 114 114 115 115 116 116 117 117 116 116 115 115 116 116 117 117 118 118 119 119 118 118 117 117 118 118 119 119 120 120 121 121 120 120 119 119 120 120 121 121 122 122 123 123 122 122 121 121 122 122 123 123 124 124 125 125 124 124 123 123 124 124 125 125 126 126 127 127 126 126 125 125 126 126 127 127 128 128 129 129 128 128 127 127 128 128 129 129 130 130 131 131 130 130 129 129 130 130 131 131 132 132 133 133 132 132 131 131 132 132 133 133 134 134 135 135 134 134 133 133 134 134 135 135 136 136 137 137 136 136 135 135 136 136 137 137 138 138 139 139 138 138 137 137 138 138 139 139 140 140 141 141 140 140 139 139 140 140 141 141 142 142 143 143 142 142 141 141 142 142 143 143 144 144 145 145 144 144 143 143 144 144 145 145 146 146 147 147 146 146 145 145 146 146 147 147 148 148 149 149 148 148 147 147 148 148 149 149 150 150 151 151 150 150 149 149 150 150 151 151 152 152 153 153 152 152 151 151 152 152 153 153 154 154 155 155 154 154 153 153 154 154 155 155 156 156 157 157 156 156 155 155 156 156 157 157 158 158 159 159 158 158 157 157 158 158 159 159 160 160 161 161 160 160 159 159 160 160 161 161 162 162 163 163 162 162 161 161 162 162 163 163 164 164 165 165 164 164 163 163 164 164 165 165 74 74 75 75 74 74 165 165 166 166 167 167 168 168 169 169 170 170 168 168 171 171 168 168 170 170 168 168 171 171 166 166 172 172 173 173 168 168 174 174 168 168 173 173 168 168 174 174 169 169 175 175 176 176 168 168 177 177 168 168 176 176 168 168 177 177 172 172 178 178 179 179 168 168 180 180 168 168 179 179 168 168 180 180 175 175 181 181 182 182 168 168 183 183 168 168 182 182 168 168 183 183 178 178 184 184 185 185 168 168 186 186 168 168 185 185 168 168 186 186 181 181 187 187 188 188 168 168 189 189 168 168 188 188 168 168 189 189 184 184 190 190 191 191 168 168 192 192 168 168 191 191 168 168 192 192 187 187 193 193 194 194 168 168 195 195 168 168 194 194 168 168 195 195 190 190 196 196 197 197 168 168 198 198 168 168 197 197 168 168 198 198 193 193 199 199 200 200 168 168 201 201 168 168 200 200 168 168 201 201 196 196 202 202 203 203 168 168 204 204 168 168 203 203 168 168 204 204 199 199 205 205 206 206 168 168 207 207 168 168 206 206 168 168 207 207 202 202 208 208 209 209 168 168 210 210 168 168 209 209 168 168 210 210 205 205 167 167 211 211 168 168 212 212 168 168 211 211 168 168 212 212 208 208 213 213 214 214 215 215 216 216 217 217 218 218 219 219 220 220 221 221 222 222 223 223 224 224 225 225 226 226 227 227 228 228 229 229 230 230 231 231 230 230 229 229 230 230 231 231 232 232 233 233 234 234 235 235 235 235 236 236 233 233 237 237 233 233 236 236 233 233 237 237 238 238 239 239 238 238 237 237 238 238 239 239 225 225 240 240 225 225 239 239 225 225 240 240 226 226 241 241 226 226 240 240 226 226 241 241 242 242 243 243 224 224 244 244 223 223 244 244 224 224 244 244 223 223 245 245 227 227 226 226 246 246 242 242 246 246 226 226 246 246 242 242 223 223 247 247 223 223 242 242 223 223 247 247 245 245 248 248 249 249 250 250 251 251 250 250 249 249 250 250 251 251 224 224 252 252 224 224 251 251 224 224 252 252 222 222 253 253 254 254 255 255 256 256 255 255 254 254 248 248 257 257 258 258 259 259 258 258 257 257 258 258 259 259 260 260 259 259 261 261 260 260 262 262 260 260 261 261 260 260 262 262 256 256 263 263 256 256 262 262 256 256 263 263 255 255 263 263 264 264 255 255 265 265 255 255 264 264 255 255 265 265 253 253 266 266 253 253 265 265 253 253 266 266 267 267 268 268 267 267 266 266 269 269 270 270 271 271 272 272 271 271 270 270 271 271 272 272 273 273 274 274 273 273 272 272 273 273 274 274 275 275 268 268 275 275 274 274 275 275 268 268 276 276 266 266 276 276 268 268 277 277 278 278 279 279 280 280 279 279 278 278 279 279 280 280 269 269 277 277 281 281 278 278 282 282 278 278 281 281 278 278 282 282 283 283 284 284 283 283 282 282 283 283 284 284 219 219 285 285 219 219 284 284 219 219 285 285 220 220 286 286 220 220 285 285 220 220 286 286 287 287 221 221 220 220 288 288 287 287 288 288 220 220 288 288 287 287 289 289 290 290 291 291 292 292 287 287 293 293 289 289 294 294 289 289 293 293 289 289 294 294 295 295 296 296 295 295 294 294 295 295 296 296 292 292 297 297 292 292 296 296 292 292 297 297 290 290 298 298 299 299 300 300 301 301 300 300 299 299 300 300 301 301 290 290 302 302 290 290 301 301 290 290 302 302 291 291 303 303 304 304 305 305 306 306 305 305 304 304 305 305 306 306 307 307 307 307 306 306 308 308 298 298 308 308 306 306 308 308 298 298 309 309 310 310 311 311 312 312 307 307 313 313 305 305 314 314 305 305 313 313 305 305 314 314 303 303 310 310 303 303 314 314 303 303 310 310 315 315 312 312 315 315 310 310 311 311 316 316 312 312 232 232 312 312 316 316 312 312 232 232 317 317 231 231 317 317 232 232 318 318 319 319 320 320 321 321 322 322 323 323 319 319 324 324 320 320 325 325 320 320 324 324 320 320 325 325 321 321 322 322 326 326 323 323 327 327 323 323 326 326 323 323 327 327 328 328 329 329 328 328 327 327 328 328 329 329 330 330 331 331 330 330 329 329 330 330 331 331 332 332 333 333 332 332 331 331 332 332 333 333 334 334 335 335 334 334 333 333 334 334 335 335 336 336 337 337 336 336 335 335 336 336 337 337 338 338 339 339 338 338 337 337 338 338 339 339 340 340 341 341 340 340 339 339 340 340 341 341 342 342 343 343 342 342 341 341 342 342 343 343 344 344 345 345 344 344 343 343 344 344 345 345 346 346 347 347 346 346 345 345 346 346 347 347 348 348 349 349 348 348 347 347 348 348 349 349 350 350 316 316 351 351 232 232 352 352 232 232 351 351 232 232 352 352 348 348 350 350 353 353 348 348 354 354 348 348 353 353 348 348 354 354 232 232 355 355 232 232 354 354 232 232 355 355 356 356 357 357 358 358 359 359 360 360 359 359 358 358 359 359 360 360 361 361 362 362 363 363 364 364 365 365 366 366 367 367 363 363 368 368 364 364 369 369 364 364 368 368 364 364 369 369 370 370 371 371 370 370 369 369 365 365 367 367 372 372 373 373 372 372 367 367 372 372 373 373 374 374 375 375 374 374 373 373 374 374 375 375 376 376 377 377 376 376 375 375 376 376 377 377 378 378 379 379 378 378 377 377 378 378 379 379 380 380 381 381 380 380 379 379 380 380 381 381 382 382 383 383 382 382 381 381 382 382 383 383 384 384 385 385 384 384 383 383 384 384 385 385 371 371 386 386 371 371 385 385 371 371 386 386 370 370 387 387 388 388 359 359 389 389 359 359 388 388 359 359 389 389 357 357 366 366 390 390 367 367 391 391 367 367 390 390 367 367 391 391 392 392 393 393 394 394 395 395 395 395 396 396 393 393 397 397 393 393 396 396 393 393 397 397 391 391 398 398 391 391 397 397 391 391 398 398 392 392 399 399 400 400 401 401 402 402 401 401 400 400 402 402 400 400 387 387 403 403 387 387 400 400 387 387 403 403 404 404 387 387 405 405 406 406 404 404 407 407 387 387 408 408 387 387 407 407 387 387 408 408 405 405 406 406 409 409 387 387 410 410 387 387 409 409 387 387 410 410 388 388 411 411 388 388 410 410 388 388 411 411 394 394 412 412 394 394 411 411 394 394 412 412 395 395 401 401 413 413 399 399 414 414 399 399 413 413 399 399 414 414 415 415 416 416 415 415 414 414 417 417 418 418 419 419 419 419 418 418 420 420 421 421 420 420 418 418 420 420 421 421 422 422 423 423 422 422 421 421 422 422 423 423 424 424 425 425 279 279 426 426 427 427 426 426 279 279 277 277 428 428 429 429 425 425 430 430 279 279 431 431 279 279 430 430 279 279 431 431 277 277 432 432 277 277 431 431 277 277 432 432 428 428 419 419 433 433 417 417 434 434 417 417 433 433 417 417 434 434 435 435 436 436 435 435 434 434 435 435 436 436 429 429 437 437 429 429 436 436 429 429 437 437 277 277 438 438 439 439 440 440 269 269 271 271 279 279 441 441 279 279 271 271 279 279 441 441 427 427 438 438 440 440 442 442 439 439 438 438 443 443 441 441 443 443 438 438 443 443 441 441 444 444 271 271 444 444 441 441 444 444 271 271 445 445 446 446 447 447 448 448 449 449 448 448 447 447 448 448 449 449 450 450 451 451 452 452 453 453 452 452 451 451 454 454 448 448 455 455 446 446 454 454 446 446 455 455 446 446 454 454 456 456 451 451 456 456 454 454 424 424 457 457 422 422 451 451 422 422 457 457 422 422 451 451 458 458 453 453 458 458 451 451 250 250 459 459 460 460 248 248 250 250 257 257 461 461 257 257 250 250 257 257 461 461 462 462 462 462 463 463 257 257 464 464 257 257 463 463 257 257 464 464 465 465 460 460 466 466 250 250 467 467 250 250 466 466 250 250 467 467 461 461 468 468 469 469 470 470 471 471 470 470 469 469 470 470 471 471 465 465 472 472 465 465 471 471 465 465 472 472 257 257 473 473 474 474 475 475 474 474 473 473 476 476 477 477 476 476 473 473 476 476 477 477 478 478 479 479 478 478 477 477 478 478 479 479 468 468 480 480 468 468 479 479 468 468 480 480 469 469 481 481 482 482 483 483 484 484 483 483 482 482 483 483 484 484 485 485 486 486 485 485 484 484 485 485 486 486 487 487 488 488 487 487 486 486 487 487 488 488 489 489 490 490 489 489 488 488 250 250 491 491 459 459 492 492 459 459 491 491 459 459 492 492 490 490 493 493 490 490 492 492 490 490 493 493 489 489 494 494 495 495 250 250 496 496 250 250 495 495 250 250 496 496 491 491 475 475 497 497 473 473 498 498 473 473 497 497 473 473 498 498 499 499 500 500 499 499 498 498 483 483 501 501 481 481 502 502 481 481 501 501 481 481 502 502 503 503 504 504 503 503 502 502 503 503 504 504 498 498 505 505 498 498 504 504 498 498 505 505 500 500 506 506 507 507 508 508 387 387 509 509 510 510 510 510 511 511 387 387 512 512 387 387 511 511 387 387 512 512 513 513 514 514 515 515 516 516 517 517 516 516 515 515 516 516 517 517 518 518 506 506 508 508 519 519 520 520 519 519 508 508 519 519 520 520 521 521 522 522 521 521 520 520 521 521 522 522 523 523 524 524 523 523 522 522 523 523 524 524 525 525 526 526 525 525 524 524 525 525 526 526 527 527 528 528 527 527 526 526 527 527 528 528 529 529 530 530 529 529 528 528 529 529 530 530 531 531 532 532 531 531 530 530 531 531 532 532 533 533 534 534 533 533 532 532 533 533 534 534 535 535 536 536 535 535 534 534 535 535 536 536 537 537 538 538 537 537 536 536 537 537 538 538 539 539 540 540 539 539 538 538 539 539 540 540 514 514 541 541 514 514 540 540 514 514 541 541 515 515 517 517 542 542 518 518 543 543 518 518 542 542 518 518 543 543 513 513 544 544 545 545 387 387 546 546 387 387 545 545 387 387 546 546 547 547 548 548 549 549 550 550 543 543 551 551 513 513 552 552 513 513 551 551 513 513 552 552 387 387 553 553 387 387 552 552 387 387 553 553 544 544 547 547 554 554 387 387 555 555 387 387 554 554 387 387 555 555 402 402 556 556 402 402 555 555 402 402 556 556 557 557 558 558 557 557 556 556 557 557 558 558 550 550 559 559 550 550 558 558 550 550 559 559 548 548 440 440 560 560 442 442 561 561 442 442 560 560 442 442 561 561 450 450 562 562 450 450 561 561 450 450 562 562 448 448 563 563 448 448 562 562 448 448 563 563 455 455 564 564 565 565 566 566 564 564 271 271 567 567 568 568 567 567 271 271 569 569 570 570 271 271 571 571 271 271 570 570 271 271 571 571 445 445 572 572 573 573 574 574 575 575 576 576 577 577 566 566 578 578 564 564 579 579 564 564 578 578 564 564 579 579 271 271 580 580 271 271 579 579 271 271 580 580 569 569 574 574 581 581 572 572 582 582 572 572 581 581 572 572 582 582 565 565 583 583 565 565 582 582 565 565 583 583 566 566 573 573 584 584 574 574 585 585 574 574 584 584 574 574 585 585 586 586 576 576 587 587 577 577 588 588 577 577 587 587 577 577 588 588 589 589 590 590 589 589 588 588 589 589 590 590 591 591 592 592 591 591 590 590 591 591 592 592 593 593 594 594 593 593 592 592 593 593 594 594 595 595 596 596 595 595 594 594 595 595 596 596 597 597 598 598 597 597 596 596 597 597 598 598 599 599 600 600 599 599 598 598 599 599 600 600 273 273 601 601 273 273 600 600 273 273 601 601 602 602 602 602 603 603 273 273 604 604 273 273 603 603 273 273 604 604 271 271 605 605 271 271 604 604 271 271 605 605 568 568 606 606 607 607 608 608 586 586 575 575 574 574 577 577 574 574 575 575 574 574 577 577 608 608 609 609 608 608 577 577 608 608 609 609 606 606 607 607 610 610 608 608 611 611 608 608 610 610 608 608 611 611 612 612 217 217 216 216 224 224 613 613 224 224 216 216 224 224 613 613 614 614 614 614 615 615 224 224 616 616 224 224 615 615 224 224 616 616 617 617 617 617 618 618 224 224 619 619 224 224 618 618 224 224 619 619 250 250 620 620 250 250 619 619 250 250 620 620 494 494 621 621 622 622 217 217 623 623 217 217 622 622 217 217 623 623 624 624 624 624 625 625 217 217 626 626 217 217 625 625 217 217 626 626 218 218 627 627 628 628 217 217 629 629 217 217 628 628 243 243 630 630 224 224 631 631 224 224 630 630 224 224 631 631 632 632 632 632 633 633 224 224 634 634 224 224 633 633 224 224 634 634 635 635 629 629 636 636 217 217 637 637 217 217 636 636 217 217 637 637 621 621 638 638 621 621 637 637 638 638 639 639 621 621 640 640 621 621 639 639 621 621 640 640 641 641 642 642 641 641 640 640 641 641 642 642 643 643 644 644 643 643 642 642 643 643 644 644 645 645 646 646 645 645 644 644 645 645 646 646 647 647 648 648 647 647 646 646 647 647 648 648 649 649 650 650 649 649 648 648 649 649 650 650 651 651 652 652 651 651 650 650 651 651 652 652 243 243 653 653 243 243 652 652 243 243 653 653 630 630 635 635 654 654 224 224 655 655 224 224 654 654 224 224 655 655 217 217 656 656 217 217 655 655 217 217 656 656 627 627 215 215 657 657 235 235 658 658 659 659 660 660 661 661 215 215 662 662 663 663 662 662 215 215 663 663 215 215 659 659 664 664 659 659 215 215 659 659 664 664 660 660 214 214 665 665 215 215 666 666 215 215 665 665 215 215 666 666 664 664 661 661 667 667 215 215 668 668 215 215 667 667 215 215 668 668 657 657 669 669 657 657 668 668 670 670 671 671 672 672 673 673 672 672 671 671 672 672 673 673 674 674 657 657 674 674 673 673 674 674 657 657 675 675 669 669 675 675 657 657 660 660 676 676 658 658 677 677 658 658 676 676 658 658 677 677 678 678 679 679 678 678 677 677 678 678 679 679 680 680 681 681 680 680 679 679 680 680 681 681 682 682 683 683 682 682 681 681 682 682 683 683 684 684 685 685 684 684 683 683 684 684 685 685 686 686 687 687 686 686 685 685 686 686 687 687 688 688 689 689 688 688 687 687 688 688 689 689 690 690 691 691 690 690 689 689 690 690 691 691 692 692 693 693 692 692 691 691 692 692 693 693 694 694 695 695 694 694 693 693 694 694 695 695 696 696 697 697 696 696 695 695 696 696 697 697 698 698 699 699 698 698 697 697 698 698 699 699 700 700 701 701 700 700 699 699 700 700 701 701 670 670 702 702 670 670 701 701 670 670 702 702 671 671 703 703 704 704 320 320 705 705 320 320 704 704 320 320 705 705 706 706 706 706 707 707 320 320 708 708 320 320 707 707 320 320 708 708 215 215 709 709 215 215 708 708 215 215 709 709 213 213 321 321 323 323 320 320 710 710 320 320 323 323 320 320 710 710 703 703 364 364 711 711 300 300 712 712 300 300 711 711 300 300 712 712 298 298 713 713 298 298 712 712 298 298 713 713 309 309 234 234 228 228 235 235 230 230 235 235 228 228 235 235 230 230 215 215 232 232 215 215 230 230 215 215 232 232 320 320 356 356 320 320 232 232 320 320 356 356 318 318 507 507 714 714 508 508 715 715 508 508 714 714 508 508 715 715 716 716 717 717 716 716 715 715 716 716 717 717 297 297 509 509 297 297 717 717 297 297 509 509 290 290 387 387 290 290 509 509 290 290 387 387 300 300 359 359 300 300 387 387 300 300 359 359 364 364 361 361 364 364 359 359 364 364 361 361 362 362 718 718 719 719 720 720 718 718 720 720 721 721 722 722 721 721 720 720 721 721 722 722 723 723 724 724 723 723 722 722 723 723 724 724 725 725 726 726 725 725 724 724 725 725 726 726 727 727 727 727 726 726 728 728 729 729 728 728 726 726 728 728 729 729 730 730 731 731 730 730 729 729 730 730 731 731 732 732 733 733 732 732 731 731 732 732 733 733 734 734 735 735 734 734 733 733 734 734 735 735 736 736 737 737 736 736 735 735 736 736 737 737 738 738 739 739 738 738 737 737 740 740 741 741 742 742 743 743 742 742 741 741 742 742 743 743 744 744 745 745 744 744 743 743 744 744 745 745 746 746 747 747 746 746 745 745 746 746 747 747 748 748 749 749 748 748 747 747 748 748 749 749 750 750 751 751 750 750 749 749 750 750 751 751 752 752 753 753 752 752 751 751 754 754 755 755 756 756 757 757 756 756 755 755 756 756 757 757 758 758 759 759 758 758 757 757 758 758 759 759 760 760 761 761 760 760 759 759 760 760 761 761 762 762 763 763 762 762 761 761 762 762 763 763 764 764 765 765 764 764 763 763 764 764 765 765 766 766 767 767 766 766 765 765 768 768 769 769 770 770 768 768 770 770 771 771 772 772 771 771 770 770 771 771 772 772 773 773 774 774 773 773 772 772 773 773 774 774 775 775 776 776 775 775 774 774 775 775 776 776 777 777 778 778 779 779 780 780 781 781 780 780 779 779 780 780 781 781 782 782 783 783 782 782 781 781 782 782 783 783 784 784 785 785 784 784 783 783 784 784 785 785 786 786 787 787 786 786 785 785 786 786 787 787 788 788 789 789 788 788 787 787 788 788 789 789 718 718 719 719 718 718 789 789 790 790 791 791 792 792 793 793 792 792 791 791 792 792 793 793 794 794 795 795 794 794 793 793 794 794 795 795 796 796 797 797 796 796 795 795 796 796 797 797 798 798 799 799 798 798 797 797 798 798 799 799 800 800 801 801 800 800 799 799 800 800 801 801 802 802 803 803 802 802 801 801 804 804 805 805 806 806 804 804 806 806 807 807 808 808 807 807 806 806 807 807 808 808 809 809 810 810 809 809 808 808 809 809 810 810 811 811 812 812 811 811 810 810 811 811 812 812 813 813 814 814 813 813 812 812 813 813 814 814 815 815 816 816 815 815 814 814 815 815 816 816 817 817 818 818 817 817 816 816 817 817 818 818 819 819 820 820 819 819 818 818 819 819 820 820 821 821 822 822 821 821 820 820 821 821 822 822 823 823 824 824 823 823 822 822 823 823 824 824 825 825 826 826 825 825 824 824 825 825 826 826 827 827 779 779 827 827 826 826 827 827 779 779 778 778 828 828 829 829 830 830 831 831 830 830 829 829 830 830 831 831 832 832 833 833 832 832 831 831 832 832 833 833 834 834 835 835 834 834 833 833 834 834 835 835 836 836 837 837 836 836 835 835 836 836 837 837 838 838 839 839 838 838 837 837 838 838 839 839 840 840 841 841 840 840 839 839 842 842 843 843 844 844 845 845 844 844 843 843 844 844 845 845 846 846 847 847 846 846 845 845 846 846 847 847 848 848 849 849 848 848 847 847 848 848 849 849 850 850 851 851 850 850 849 849 850 850 851 851 852 852 853 853 852 852 851 851 852 852 853 853 854 854 855 855 854 854 853 853 777 777 776 776 856 856 857 857 856 856 776 776 856 856 857 857 858 858 859 859 858 858 857 857 858 858 859 859 860 860 861 861 860 860 859 859 860 860 861 861 862 862 863 863 862 862 861 861 862 862 863 863 864 864 865 865 864 864 863 863 864 864 865 865 804 804 805 805 804 804 865 865 866 866 867 867 868 868 869 869 868 868 867 867 868 868 869 869 870 870 871 871 870 870 869 869 870 870 871 871 872 872 873 873 872 872 871 871 872 872 873 873 874 874 875 875 874 874 873 873 874 874 875 875 876 876 877 877 876 876 875 875 876 876 877 877 768 768 769 769 768 768 877 877 878 878 879 879 880 880 881 881 880 880 879 879 880 880 881 881 882 882 883 883 882 882 881 881 882 882 883 883 884 884 885 885 884 884 883 883 884 884 885 885 886 886 887 887 886 886 885 885 886 886 887 887 888 888 889 889 888 888 887 887 888 888 889 889 890 890 891 891 890 890 889 889 890 890 891 891 892 892 893 893 892 892 891 891 892 892 893 893 894 894 893 893 895 895 894 894 896 896 894 894 895 895 894 894 896 896 897 897 898 898 897 897 896 896 897 897 898 898 899 899 900 900 899 899 898 898 899 899 900 900 901 901 902 902 901 901 900 900 901 901 902 902 903 903 904 904 903 903 902 902 903 903 904 904 905 905 906 906 905 905 904 904 905 905 906 906 907 907 908 908 907 907 906 906 907 907 908 908 909 909 910 910 909 909 908 908 909 909 910 910 911 911 912 912 911 911 910 910 911 911 912 912 913 913 914 914 913 913 912 912 913 913 914 914 915 915 867 867 915 915 914 914 915 915 867 867 866 866 854 854 855 855 916 916 854 854 916 916 917 917 918 918 917 917 916 916 917 917 918 918 919 919 920 920 919 919 918 918 919 919 920 920 921 921 879 879 921 921 920 920 921 921 879 879 878 878 922 922 923 923 924 924 922 922 924 924 925 925 926 926 925 925 924 924 925 925 926 926 927 927 928 928 927 927 926 926 927 927 928 928 929 929 930 930 929 929 928 928 929 929 930 930 931 931 932 932 931 931 930 930 931 931 932 932 933 933 934 934 933 933 932 932 933 933 934 934 935 935 936 936 935 935 934 934 935 935 936 936 937 937 938 938 937 937 936 936 937 937 938 938 939 939 940 940 939 939 938 938 939 939 940 940 941 941 942 942 941 941 940 940 941 941 942 942 943 943 944 944 943 943 942 942 943 943 944 944 945 945 843 843 945 945 944 944 945 945 843 843 842 842 946 946 947 947 948 948 949 949 948 948 947 947 948 948 949 949 950 950 951 951 950 950 949 949 950 950 951 951 952 952 953 953 952 952 951 951 952 952 953 953 954 954 955 955 954 954 953 953 954 954 955 955 956 956 957 957 956 956 955 955 956 956 957 957 922 922 923 923 922 922 957 957 958 958 959 959 960 960 961 961 960 960 959 959 960 960 961 961 962 962 963 963 962 962 961 961 962 962 963 963 964 964 965 965 964 964 963 963 964 964 965 965 966 966 967 967 966 966 965 965 966 966 967 967 968 968 969 969 968 968 967 967 968 968 969 969 970 970 971 971 970 970 969 969 840 840 841 841 972 972 840 840 972 972 973 973 974 974 973 973 972 972 973 973 974 974 975 975 976 976 975 975 974 974 975 975 976 976 977 977 978 978 977 977 976 976 977 977 978 978 979 979 980 980 979 979 978 978 979 979 980 980 981 981 982 982 981 981 980 980 981 981 982 982 983 983 984 984 983 983 982 982 983 983 984 984 985 985 986 986 985 985 984 984 985 985 986 986 987 987 988 988 987 987 986 986 987 987 988 988 989 989 990 990 989 989 988 988 989 989 990 990 991 991 992 992 991 991 990 990 991 991 992 992 993 993 959 959 993 993 992 992 993 993 959 959 958 958 25 25 829 829 24 24 828 828 24 24 829 829 970 970 971 971 994 994 970 970 994 994 995 995 996 996 995 995 994 994 995 995 996 996 997 997 998 998 997 997 996 996 997 997 998 998 999 999 947 947 999 999 998 998 999 999 947 947 946 946 1000 1000 1001 1001 1002 1002 1003 1003 1002 1002 1001 1001 1002 1002 1003 1003 1004 1004 1005 1005 1004 1004 1003 1003 1004 1004 1005 1005 1006 1006 1007 1007 1006 1006 1005 1005 1006 1006 1007 1007 1008 1008 1009 1009 1008 1008 1007 1007 1008 1008 1009 1009 1010 1010 1011 1011 1010 1010 1009 1009 1010 1010 1011 1011 1012 1012 1013 1013 1012 1012 1011 1011 1012 1012 1013 1013 1014 1014 1015 1015 1014 1014 1013 1013 1014 1014 1015 1015 1016 1016 1017 1017 1016 1016 1015 1015 1016 1016 1017 1017 1018 1018 1019 1019 1018 1018 1017 1017 1018 1018 1019 1019 1020 1020 1021 1021 1020 1020 1019 1019 1020 1020 1021 1021 1022 1022 1023 1023 1022 1022 1021 1021 1022 1022 1023 1023 1024 1024 1025 1025 1024 1024 1023 1023 1024 1024 1025 1025 1026 1026 1027 1027 1026 1026 1025 1025 1026 1026 1027 1027 1028 1028 1029 1029 1028 1028 1027 1027 1028 1028 1029 1029 1030 1030 1031 1031 1030 1030 1029 1029 1030 1030 1031 1031 1032 1032 1033 1033 1032 1032 1031 1031 1032 1032 1033 1033 1034 1034 1035 1035 1034 1034 1033 1033 1034 1034 1035 1035 1036 1036 1037 1037 1036 1036 1035 1035 1036 1036 1037 1037 1038 1038 1039 1039 1038 1038 1037 1037 1038 1038 1039 1039 1040 1040 1041 1041 1040 1040 1039 1039 1040 1040 1041 1041 1042 1042 1043 1043 1042 1042 1041 1041 1042 1042 1043 1043 1044 1044 1045 1045 1044 1044 1043 1043 1044 1044 1045 1045 1046 1046 1047 1047 1046 1046 1045 1045 1046 1046 1047 1047 1000 1000 1001 1001 1000 1000 1047 1047 1048 1048 1049 1049 1050 1050 1051 1051 1050 1050 1049 1049 1050 1050 1051 1051 1052 1052 1053 1053 1052 1052 1051 1051 1052 1052 1053 1053 1054 1054 1055 1055 1054 1054 1053 1053 1054 1054 1055 1055 1056 1056 1057 1057 1056 1056 1055 1055 1056 1056 1057 1057 1058 1058 1059 1059 1058 1058 1057 1057 1058 1058 1059 1059 1060 1060 1061 1061 1060 1060 1059 1059 1060 1060 1061 1061 1062 1062 1063 1063 1062 1062 1061 1061 1062 1062 1063 1063 1064 1064 1065 1065 1064 1064 1063 1063 1064 1064 1065 1065 1066 1066 1067 1067 1066 1066 1065 1065 1066 1066 1067 1067 1068 1068 1069 1069 1068 1068 1067 1067 1068 1068 1069 1069 1070 1070 1071 1071 1070 1070 1069 1069 1070 1070 1071 1071 1072 1072 1073 1073 1072 1072 1071 1071 1072 1072 1073 1073 1074 1074 1075 1075 1074 1074 1073 1073 1074 1074 1075 1075 1076 1076 1077 1077 1076 1076 1075 1075 1076 1076 1077 1077 1078 1078 1079 1079 1078 1078 1077 1077 1078 1078 1079 1079 1080 1080 1081 1081 1080 1080 1079 1079 1080 1080 1081 1081 1082 1082 1083 1083 1082 1082 1081 1081 1082 1082 1083 1083 1084 1084 1085 1085 1084 1084 1083 1083 1084 1084 1085 1085 1086 1086 1087 1087 1086 1086 1085 1085 1086 1086 1087 1087 1088 1088 1089 1089 1088 1088 1087 1087 1088 1088 1089 1089 1090 1090 1091 1091 1090 1090 1089 1089 1090 1090 1091 1091 1092 1092 1093 1093 1092 1092 1091 1091 1092 1092 1093 1093 1094 1094 1095 1095 1094 1094 1093 1093 1094 1094 1095 1095 1048 1048 1049 1049 1048 1048 1095 1095 1096 1096 1097 1097 1098 1098 1099 1099 1098 1098 1097 1097 1098 1098 1099 1099 1100 1100 1101 1101 1100 1100 1099 1099 1100 1100 1101 1101 1102 1102 1103 1103 1102 1102 1101 1101 1102 1102 1103 1103 1104 1104 1105 1105 1104 1104 1103 1103 1104 1104 1105 1105 1106 1106 1107 1107 1106 1106 1105 1105 1106 1106 1107 1107 1108 1108 1109 1109 1108 1108 1107 1107 1108 1108 1109 1109 1110 1110 1111 1111 1110 1110 1109 1109 1110 1110 1111 1111 1112 1112 1113 1113 1112 1112 1111 1111 1112 1112 1113 1113 1114 1114 1115 1115 1114 1114 1113 1113 1114 1114 1115 1115 1116 1116 1117 1117 1116 1116 1115 1115 1116 1116 1117 1117 1118 1118 1119 1119 1118 1118 1117 1117 1118 1118 1119 1119 1120 1120 1121 1121 1120 1120 1119 1119 1120 1120 1121 1121 1122 1122 1123 1123 1122 1122 1121 1121 1122 1122 1123 1123 1124 1124 1125 1125 1124 1124 1123 1123 1124 1124 1125 1125 1126 1126 1127 1127 1126 1126 1125 1125 1126 1126 1127 1127 1128 1128 1129 1129 1128 1128 1127 1127 1128 1128 1129 1129 1130 1130 1131 1131 1130 1130 1129 1129 1130 1130 1131 1131 1132 1132 1133 1133 1132 1132 1131 1131 1132 1132 1133 1133 1134 1134 1135 1135 1134 1134 1133 1133 1134 1134 1135 1135 1136 1136 1137 1137 1136 1136 1135 1135 1136 1136 1137 1137 1138 1138 1139 1139 1138 1138 1137 1137 1138 1138 1139 1139 1140 1140 1141 1141 1140 1140 1139 1139 1140 1140 1141 1141 1142 1142 1143 1143 1142 1142 1141 1141 1142 1142 1143 1143 1096 1096 1097 1097 1096 1096 1143 1143 1144 1144 1145 1145 1146 1146 1147 1147 1146 1146 1145 1145 1146 1146 1147 1147 1148 1148 1149 1149 1148 1148 1147 1147 1148 1148 1149 1149 1150 1150 1151 1151 1150 1150 1149 1149 1150 1150 1151 1151 1152 1152 1153 1153 1152 1152 1151 1151 1152 1152 1153 1153 1154 1154 1155 1155 1154 1154 1153 1153 1154 1154 1155 1155 1156 1156 1157 1157 1156 1156 1155 1155 1156 1156 1157 1157 1158 1158 1159 1159 1158 1158 1157 1157 1158 1158 1159 1159 1160 1160 1161 1161 1160 1160 1159 1159 1160 1160 1161 1161 1162 1162 1163 1163 1162 1162 1161 1161 1162 1162 1163 1163 1164 1164 1165 1165 1164 1164 1163 1163 1164 1164 1165 1165 1166 1166 1167 1167 1166 1166 1165 1165 1166 1166 1167 1167 1168 1168 1169 1169 1168 1168 1167 1167 1168 1168 1169 1169 1170 1170 1171 1171 1170 1170 1169 1169 1170 1170 1171 1171 1172 1172 1173 1173 1172 1172 1171 1171 1172 1172 1173 1173 1174 1174 1175 1175 1174 1174 1173 1173 1174 1174 1175 1175 1176 1176 1177 1177 1176 1176 1175 1175 1176 1176 1177 1177 1178 1178 1179 1179 1178 1178 1177 1177 1178 1178 1179 1179 1180 1180 1181 1181 1180 1180 1179 1179 1180 1180 1181 1181 1182 1182 1183 1183 1182 1182 1181 1181 1182 1182 1183 1183 1184 1184 1185 1185 1184 1184 1183 1183 1184 1184 1185 1185 1186 1186 1187 1187 1186 1186 1185 1185 1186 1186 1187 1187 1188 1188 1189 1189 1188 1188 1187 1187 1188 1188 1189 1189 1190 1190 1191 1191 1190 1190 1189 1189 1190 1190 1191 1191 1144 1144 1145 1145 1144 1144 1191 1191 1192 1192 1193 1193 1194 1194 1195 1195 1194 1194 1193 1193 1194 1194 1195 1195 1196 1196 1197 1197 1196 1196 1195 1195 1196 1196 1197 1197 1198 1198 1199 1199 1198 1198 1197 1197 1198 1198 1199 1199 1200 1200 1201 1201 1200 1200 1199 1199 1200 1200 1201 1201 1202 1202 1203 1203 1202 1202 1201 1201 1202 1202 1203 1203 1204 1204 1205 1205 1204 1204 1203 1203 1204 1204 1205 1205 1206 1206 1207 1207 1206 1206 1205 1205 1206 1206 1207 1207 1208 1208 1209 1209 1208 1208 1207 1207 1208 1208 1209 1209 1210 1210 1211 1211 1210 1210 1209 1209 1210 1210 1211 1211 1212 1212 1213 1213 1212 1212 1211 1211 1212 1212 1213 1213 1214 1214 1215 1215 1214 1214 1213 1213 1214 1214 1215 1215 1216 1216 1217 1217 1216 1216 1215 1215 1216 1216 1217 1217 1218 1218 1219 1219 1218 1218 1217 1217 1218 1218 1219 1219 1220 1220 1221 1221 1220 1220 1219 1219 1220 1220 1221 1221 1222 1222 1223 1223 1222 1222 1221 1221 1222 1222 1223 1223 1224 1224 1225 1225 1224 1224 1223 1223 1224 1224 1225 1225 1226 1226 1227 1227 1226 1226 1225 1225 1226 1226 1227 1227 1228 1228 1229 1229 1228 1228 1227 1227 1228 1228 1229 1229 1230 1230 1231 1231 1230 1230 1229 1229 1230 1230 1231 1231 1232 1232 1233 1233 1232 1232 1231 1231 1232 1232 1233 1233 1234 1234 1235 1235 1234 1234 1233 1233 1234 1234 1235 1235 1236 1236 1237 1237 1236 1236 1235 1235 1236 1236 1237 1237 1238 1238 1239 1239 1238 1238 1237 1237 1238 1238 1239 1239 1192 1192 1193 1193 1192 1192 1239 1239 1240 1240 1241 1241 1242 1242 1243 1243 1242 1242 1241 1241 1242 1242 1243 1243 1244 1244 1245 1245 1244 1244 1243 1243 1244 1244 1245 1245 1246 1246 1247 1247 1246 1246 1245 1245 1246 1246 1247 1247 1248 1248 1249 1249 1248 1248 1247 1247 1248 1248 1249 1249 1250 1250 1251 1251 1250 1250 1249 1249 1250 1250 1251 1251 1252 1252 1253 1253 1252 1252 1251 1251 1252 1252 1253 1253 1254 1254 1255 1255 1254 1254 1253 1253 1254 1254 1255 1255 1256 1256 1257 1257 1256 1256 1255 1255 1256 1256 1257 1257 1258 1258 1259 1259 1258 1258 1257 1257 1258 1258 1259 1259 1260 1260 1261 1261 1260 1260 1259 1259 1260 1260 1261 1261 1262 1262 1263 1263 1262 1262 1261 1261 1262 1262 1263 1263 1264 1264 1265 1265 1264 1264 1263 1263 1264 1264 1265 1265 1266 1266 1267 1267 1266 1266 1265 1265 1266 1266 1267 1267 1268 1268 1269 1269 1268 1268 1267 1267 1268 1268 1269 1269 1270 1270 1271 1271 1270 1270 1269 1269 1270 1270 1271 1271 1272 1272 1273 1273 1272 1272 1271 1271 1272 1272 1273 1273 1274 1274 1275 1275 1274 1274 1273 1273 1274 1274 1275 1275 1276 1276 1277 1277 1276 1276 1275 1275 1276 1276 1277 1277 1278 1278 1279 1279 1278 1278 1277 1277 1278 1278 1279 1279 1280 1280 1281 1281 1280 1280 1279 1279 1280 1280 1281 1281 1282 1282 1283 1283 1282 1282 1281 1281 1282 1282 1283 1283 1284 1284 1285 1285 1284 1284 1283 1283 1284 1284 1285 1285 1286 1286 1287 1287 1286 1286 1285 1285 1286 1286 1287 1287 1240 1240 1241 1241 1240 1240 1287 1287 1288 1288 1289 1289 1290 1290 1291 1291 1290 1290 1289 1289 1290 1290 1291 1291 1292 1292 1293 1293 1292 1292 1291 1291 1292 1292 1293 1293 1294 1294 1295 1295 1294 1294 1293 1293 1294 1294 1295 1295 1296 1296 1297 1297 1296 1296 1295 1295 1296 1296 1297 1297 1298 1298 1299 1299 1298 1298 1297 1297 1298 1298 1299 1299 1300 1300 1301 1301 1300 1300 1299 1299 1300 1300 1301 1301 1302 1302 1303 1303 1302 1302 1301 1301 1302 1302 1303 1303 1304 1304 1305 1305 1304 1304 1303 1303 1304 1304 1305 1305 1306 1306 1307 1307 1306 1306 1305 1305 1306 1306 1307 1307 1308 1308 1309 1309 1308 1308 1307 1307 1308 1308 1309 1309 1310 1310 1311 1311 1310 1310 1309 1309 1310 1310 1311 1311 1312 1312 1313 1313 1312 1312 1311 1311 1312 1312 1313 1313 1314 1314 1315 1315 1314 1314 1313 1313 1314 1314 1315 1315 1316 1316 1317 1317 1316 1316 1315 1315 1316 1316 1317 1317 1318 1318 1319 1319 1318 1318 1317 1317 1318 1318 1319 1319 1320 1320 1321 1321 1320 1320 1319 1319 1320 1320 1321 1321 1322 1322 1323 1323 1322 1322 1321 1321 1322 1322 1323 1323 1324 1324 1325 1325 1324 1324 1323 1323 1324 1324 1325 1325 1326 1326 1327 1327 1326 1326 1325 1325 1326 1326 1327 1327 1328 1328 1329 1329 1328 1328 1327 1327 1328 1328 1329 1329 1330 1330 1331 1331 1330 1330 1329 1329 1330 1330 1331 1331 1332 1332 1333 1333 1332 1332 1331 1331 1332 1332 1333 1333 1334 1334 1335 1335 1334 1334 1333 1333 1334 1334 1335 1335 1288 1288 1289 1289 1288 1288 1335 1335 1336 1336 1337 1337 1338 1338 1339 1339 1338 1338 1337 1337 1338 1338 1339 1339 1340 1340 1341 1341 1340 1340 1339 1339 1340 1340 1341 1341 1342 1342 1343 1343 1342 1342 1341 1341 1342 1342 1343 1343 1344 1344 1345 1345 1344 1344 1343 1343 1344 1344 1345 1345 1346 1346 1347 1347 1346 1346 1345 1345 1346 1346 1347 1347 1348 1348 1349 1349 1348 1348 1347 1347 1348 1348 1349 1349 1350 1350 1351 1351 1350 1350 1349 1349 1350 1350 1351 1351 1352 1352 1353 1353 1352 1352 1351 1351 1352 1352 1353 1353 1354 1354 1355 1355 1354 1354 1353 1353 1354 1354 1355 1355 1356 1356 1357 1357 1356 1356 1355 1355 1356 1356 1357 1357 1358 1358 1359 1359 1358 1358 1357 1357 1358 1358 1359 1359 1360 1360 1361 1361 1360 1360 1359 1359 1360 1360 1361 1361 1362 1362 1363 1363 1362 1362 1361 1361 1362 1362 1363 1363 1364 1364 1365 1365 1364 1364 1363 1363 1364 1364 1365 1365 1366 1366 1367 1367 1366 1366 1365 1365 1366 1366 1367 1367 1368 1368 1369 1369 1368 1368 1367 1367 1368 1368 1369 1369 1370 1370 1371 1371 1370 1370 1369 1369 1370 1370 1371 1371 1372 1372 1373 1373 1372 1372 1371 1371 1372 1372 1373 1373 1374 1374 1375 1375 1374 1374 1373 1373 1374 1374 1375 1375 1376 1376 1377 1377 1376 1376 1375 1375 1376 1376 1377 1377 1378 1378 1379 1379 1378 1378 1377 1377 1378 1378 1379 1379 1380 1380 1381 1381 1380 1380 1379 1379 1380 1380 1381 1381 1382 1382 1383 1383 1382 1382 1381 1381 1382 1382 1383 1383 1384 1384 1385 1385 1384 1384 1383 1383 1384 1384 1385 1385 1386 1386 1387 1387 1386 1386 1385 1385 1386 1386 1387 1387 1388 1388 1389 1389 1388 1388 1387 1387 1388 1388 1389 1389 1390 1390 1391 1391 1390 1390 1389 1389 1390 1390 1391 1391 1392 1392 1393 1393 1392 1392 1391 1391 1392 1392 1393 1393 1394 1394 1395 1395 1394 1394 1393 1393 1394 1394 1395 1395 1396 1396 1397 1397 1396 1396 1395 1395 1396 1396 1397 1397 1398 1398 1399 1399 1398 1398 1397 1397 1398 1398 1399 1399 1400 1400 1401 1401 1400 1400 1399 1399 1400 1400 1401 1401 1402 1402 1403 1403 1402 1402 1401 1401 1402 1402 1403 1403 1404 1404 1405 1405 1404 1404 1403 1403 1404 1404 1405 1405 1406 1406 1407 1407 1406 1406 1405 1405 1406 1406 1407 1407 1408 1408 1409 1409 1408 1408 1407 1407 1408 1408 1409 1409 1410 1410 1411 1411 1410 1410 1409 1409 1410 1410 1411 1411 1412 1412 1413 1413 1412 1412 1411 1411 1412 1412 1413 1413 1414 1414 1415 1415 1414 1414 1413 1413 1414 1414 1415 1415 1416 1416 1417 1417 1416 1416 1415 1415 1416 1416 1417 1417 1418 1418 1419 1419 1418 1418 1417 1417 1418 1418 1419 1419 1420 1420 1421 1421 1420 1420 1419 1419 1420 1420 1421 1421 1422 1422 1423 1423 1422 1422 1421 1421 1422 1422 1423 1423 1424 1424 1425 1425 1424 1424 1423 1423 1424 1424 1425 1425 1426 1426 1427 1427 1426 1426 1425 1425 1426 1426 1427 1427 1336 1336 1337 1337 1336 1336 1427 1427 1428 1428 1429 1429 1430 1430 1431 1431 1432 1432 1430 1430 1433 1433 1430 1430 1432 1432 1430 1430 1433 1433 1428 1428 1434 1434 1435 1435 1430 1430 1436 1436 1430 1430 1435 1435 1430 1430 1436 1436 1431 1431 1437 1437 1438 1438 1430 1430 1439 1439 1430 1430 1438 1438 1430 1430 1439 1439 1434 1434 1440 1440 1441 1441 1430 1430 1442 1442 1430 1430 1441 1441 1430 1430 1442 1442 1437 1437 1443 1443 1444 1444 1430 1430 1445 1445 1430 1430 1444 1444 1430 1430 1445 1445 1440 1440 1446 1446 1447 1447 1430 1430 1448 1448 1430 1430 1447 1447 1430 1430 1448 1448 1443 1443 1449 1449 1450 1450 1430 1430 1451 1451 1430 1430 1450 1450 1430 1430 1451 1451 1446 1446 1452 1452 1453 1453 1430 1430 1454 1454 1430 1430 1453 1453 1430 1430 1454 1454 1449 1449 1455 1455 1456 1456 1430 1430 1457 1457 1430 1430 1456 1456 1430 1430 1457 1457 1452 1452 1458 1458 1459 1459 1430 1430 1460 1460 1430 1430 1459 1459 1430 1430 1460 1460 1455 1455 1461 1461 1462 1462 1430 1430 1463 1463 1430 1430 1462 1462 1430 1430 1463 1463 1458 1458 1464 1464 1465 1465 1430 1430 1466 1466 1430 1430 1465 1465 1430 1430 1466 1466 1461 1461 1467 1467 1468 1468 1430 1430 1469 1469 1430 1430 1468 1468 1430 1430 1469 1469 1464 1464 1470 1470 1471 1471 1430 1430 1472 1472 1430 1430 1471 1471 1430 1430 1472 1472 1467 1467 1429 1429 1473 1473 1430 1430 1474 1474 1430 1430 1473 1473 1430 1430 1474 1474 1470 1470 1475 1475 1476 1476 1477 1477 1475 1475 1477 1477 1478 1478 1 1 1478 1478 1477 1477 1478 1478 1 1 0 0 1479 1479 1480 1480 1481 1481 1479 1479 1481 1481 1482 1482 1483 1483 1482 1482 1481 1481 1482 1482 1483 1483 1484 1484 1485 1485 1484 1484 1483 1483 1484 1484 1485 1485 1486 1486 1487 1487 1486 1486 1485 1485 1486 1486 1487 1487 1488 1488 1489 1489 1488 1488 1487 1487 1488 1488 1489 1489 1490 1490 1476 1476 1490 1490 1489 1489 1490 1490 1476 1476 1475 1475 1491 1491 1492 1492 1493 1493 1494 1494 1493 1493 1492 1492 1493 1493 1494 1494 1495 1495 1496 1496 1495 1495 1494 1494 1495 1495 1496 1496 1497 1497 1498 1498 1497 1497 1496 1496 1497 1497 1498 1498 1499 1499 1500 1500 1499 1499 1498 1498 1499 1499 1500 1500 1501 1501 1502 1502 1501 1501 1500 1500 1501 1501 1502 1502 1479 1479 1480 1480 1479 1479 1502 1502 767 767 1492 1492 766 766 1491 1491 766 766 1492 1492 1503 1503 1504 1504 1505 1505 1503 1503 1505 1505 1506 1506 1507 1507 1506 1506 1505 1505 1506 1506 1507 1507 1508 1508 1509 1509 1508 1508 1507 1507 1508 1508 1509 1509 1510 1510 1511 1511 1510 1510 1509 1509 1510 1510 1511 1511 1512 1512 1513 1513 1512 1512 1511 1511 1512 1512 1513 1513 1514 1514 1515 1515 1514 1514 1513 1513 1514 1514 1515 1515 1516 1516 1517 1517 1516 1516 1515 1515 1516 1516 1517 1517 1518 1518 1519 1519 1518 1518 1517 1517 1518 1518 1519 1519 1520 1520 1521 1521 1520 1520 1519 1519 1520 1520 1521 1521 1522 1522 1523 1523 1522 1522 1521 1521 1522 1522 1523 1523 1524 1524 1525 1525 1524 1524 1523 1523 1524 1524 1525 1525 1526 1526 755 755 1526 1526 1525 1525 1526 1526 755 755 754 754 1527 1527 1528 1528 1529 1529 1530 1530 1529 1529 1528 1528 1529 1529 1530 1530 1531 1531 1532 1532 1531 1531 1530 1530 1531 1531 1532 1532 1533 1533 1534 1534 1533 1533 1532 1532 1533 1533 1534 1534 1535 1535 1536 1536 1535 1535 1534 1534 1535 1535 1536 1536 1537 1537 1538 1538 1537 1537 1536 1536 1537 1537 1538 1538 1503 1503 1504 1504 1503 1503 1538 1538 752 752 753 753 1539 1539 752 752 1539 1539 1540 1540 1541 1541 1540 1540 1539 1539 1540 1540 1541 1541 1542 1542 1543 1543 1542 1542 1541 1541 1542 1542 1543 1543 1544 1544 1528 1528 1544 1544 1543 1543 1544 1544 1528 1528 1527 1527 802 802 803 803 1545 1545 802 802 1545 1545 1546 1546 1547 1547 1546 1546 1545 1545 1546 1546 1547 1547 1548 1548 1549 1549 1548 1548 1547 1547 1548 1548 1549 1549 1550 1550 1551 1551 1550 1550 1549 1549 1550 1550 1551 1551 1552 1552 1553 1553 1552 1552 1551 1551 1552 1552 1553 1553 1554 1554 1555 1555 1554 1554 1553 1553 1554 1554 1555 1555 1556 1556 1557 1557 1556 1556 1555 1555 1556 1556 1557 1557 1558 1558 1559 1559 1558 1558 1557 1557 1558 1558 1559 1559 1560 1560 1561 1561 1560 1560 1559 1559 1560 1560 1561 1561 1562 1562 1563 1563 1562 1562 1561 1561 1562 1562 1563 1563 1564 1564 1565 1565 1564 1564 1563 1563 1564 1564 1565 1565 1566 1566 741 741 1566 1566 1565 1565 1566 1566 741 741 740 740 1567 1567 1568 1568 1569 1569 1567 1567 1569 1569 1570 1570 1571 1571 1570 1570 1569 1569 1570 1570 1571 1571 1572 1572 1573 1573 1572 1572 1571 1571 1572 1572 1573 1573 1574 1574 791 791 1574 1574 1573 1573 1574 1574 791 791 790 790 1575 1575 1576 1576 1577 1577 1578 1578 1577 1577 1576 1576 1577 1577 1578 1578 1579 1579 1580 1580 1579 1579 1578 1578 1579 1579 1580 1580 1581 1581 1582 1582 1581 1581 1580 1580 1581 1581 1582 1582 1583 1583 1584 1584 1583 1583 1582 1582 1583 1583 1584 1584 1585 1585 1586 1586 1585 1585 1584 1584 1585 1585 1586 1586 1567 1567 1568 1568 1567 1567 1586 1586 1587 1587 1588 1588 1589 1589 1587 1587 1589 1589 1590 1590 1591 1591 1590 1590 1589 1589 1590 1590 1591 1591 1592 1592 1593 1593 1592 1592 1591 1591 1592 1592 1593 1593 1594 1594 1595 1595 1594 1594 1593 1593 1594 1594 1595 1595 1596 1596 1597 1597 1596 1596 1595 1595 1596 1596 1597 1597 1598 1598 1599 1599 1598 1598 1597 1597 1598 1598 1599 1599 1600 1600 1601 1601 1600 1600 1599 1599 1600 1600 1601 1601 1602 1602 1603 1603 1602 1602 1601 1601 1602 1602 1603 1603 1604 1604 1605 1605 1604 1604 1603 1603 1604 1604 1605 1605 1606 1606 1607 1607 1606 1606 1605 1605 1606 1606 1607 1607 1608 1608 1609 1609 1608 1608 1607 1607 1608 1608 1609 1609 1610 1610 1576 1576 1610 1610 1609 1609 1610 1610 1576 1576 1575 1575 1611 1611 1612 1612 1613 1613 1614 1614 1613 1613 1612 1612 1613 1613 1614 1614 1615 1615 1616 1616 1615 1615 1614 1614 1615 1615 1616 1616 1617 1617 1618 1618 1617 1617 1616 1616 1617 1617 1618 1618 1619 1619 1620 1620 1619 1619 1618 1618 1619 1619 1620 1620 1621 1621 1622 1622 1621 1621 1620 1620 1621 1621 1622 1622 1587 1587 1588 1588 1587 1587 1622 1622 1623 1623 1624 1624 1625 1625 1623 1623 1625 1625 1626 1626 1627 1627 1626 1626 1625 1625 1626 1626 1627 1627 1628 1628 1629 1629 1628 1628 1627 1627 1628 1628 1629 1629 1630 1630 1612 1612 1630 1630 1629 1629 1630 1630 1612 1612 1611 1611 1631 1631 1632 1632 1633 1633 1634 1634 1633 1633 1632 1632 1633 1633 1634 1634 1635 1635 1636 1636 1635 1635 1634 1634 1635 1635 1636 1636 1637 1637 1638 1638 1637 1637 1636 1636 1637 1637 1638 1638 1639 1639 1640 1640 1639 1639 1638 1638 1639 1639 1640 1640 1641 1641 1642 1642 1641 1641 1640 1640 1641 1641 1642 1642 1623 1623 1624 1624 1623 1623 1642 1642 738 738 739 739 1643 1643 738 738 1643 1643 1644 1644 1645 1645 1644 1644 1643 1643 1644 1644 1645 1645 1646 1646 1647 1647 1646 1646 1645 1645 1646 1646 1647 1647 1648 1648 1649 1649 1648 1648 1647 1647 1648 1648 1649 1649 1650 1650 1651 1651 1650 1650 1649 1649 1650 1650 1651 1651 1652 1652 1653 1653 1652 1652 1651 1651 1652 1652 1653 1653 1654 1654 1655 1655 1654 1654 1653 1653 1654 1654 1655 1655 1656 1656 1657 1657 1656 1656 1655 1655 1656 1656 1657 1657 1658 1658 1659 1659 1658 1658 1657 1657 1658 1658 1659 1659 1660 1660 1661 1661 1660 1660 1659 1659 1660 1660 1661 1661 1662 1662 1663 1663 1662 1662 1661 1661 1662 1662 1663 1663 1664 1664 1632 1632 1664 1664 1663 1663 1664 1664 1632 1632 1631 1631 1665 1665 1666 1666 1667 1667 1668 1668 1669 1669 1670 1670 1671 1671 1672 1672 1673 1673 1674 1674 1675 1675 1676 1676 1676 1676 1675 1675 1677 1677 1678 1678 1677 1677 1675 1675 1677 1677 1678 1678 1679 1679 1680 1680 1681 1681 1682 1682 1674 1674 1676 1676 1681 1681 1683 1683 1681 1681 1676 1676 1681 1681 1683 1683 1682 1682 1684 1684 1685 1685 1686 1686 1687 1687 1686 1686 1685 1685 1678 1678 1684 1684 1679 1679 1686 1686 1679 1679 1684 1684 1679 1679 1686 1686 1688 1688 1687 1687 1688 1688 1686 1686 1688 1688 1687 1687 1689 1689 1690 1690 1689 1689 1687 1687 1691 1691 1692 1692 1693 1693 1694 1694 1693 1693 1692 1692 1687 1687 1695 1695 1690 1690 1696 1696 1690 1690 1695 1695 1690 1690 1696 1696 1697 1697 1698 1698 1697 1697 1696 1696 1697 1697 1698 1698 1694 1694 1699 1699 1694 1694 1698 1698 1694 1694 1699 1699 1693 1693 1691 1691 1693 1693 1700 1700 1701 1701 1700 1700 1693 1693 1700 1700 1701 1701 1702 1702 1702 1702 1701 1701 1703 1703 1704 1704 1703 1703 1701 1701 1703 1703 1704 1704 1705 1705 1706 1706 1707 1707 1708 1708 1703 1703 1708 1708 1707 1707 1708 1708 1703 1703 1709 1709 1705 1705 1709 1709 1703 1703 1710 1710 1711 1711 1712 1712 1712 1712 1711 1711 1713 1713 1673 1673 1713 1713 1711 1711 1713 1713 1673 1673 1714 1714 1672 1672 1714 1714 1673 1673 1714 1714 1672 1672 1706 1706 1671 1671 1706 1706 1672 1672 1706 1706 1671 1671 1707 1707 1712 1712 1715 1715 1710 1710 1716 1716 1710 1710 1715 1715 1710 1710 1716 1716 1717 1717 1718 1718 1717 1717 1716 1716 1717 1717 1718 1718 1719 1719 1720 1720 1719 1719 1718 1718 1721 1721 1722 1722 1723 1723 1724 1724 1723 1723 1722 1722 1723 1723 1724 1724 1720 1720 1725 1725 1720 1720 1724 1724 1720 1720 1725 1725 1719 1719 1726 1726 1727 1727 1721 1721 1721 1721 1727 1727 1728 1728 1729 1729 1728 1728 1727 1727 1728 1728 1729 1729 1730 1730 1731 1731 1732 1732 1733 1733 1734 1734 1733 1733 1732 1732 1734 1734 1735 1735 1669 1669 1729 1729 1731 1731 1730 1730 1733 1733 1730 1730 1731 1731 1730 1730 1733 1733 1736 1736 1734 1734 1736 1736 1733 1733 1736 1736 1734 1734 1737 1737 1669 1669 1737 1737 1734 1734 1738 1738 1739 1739 1740 1740 1741 1741 1740 1740 1739 1739 1740 1740 1741 1741 1670 1670 1742 1742 1670 1670 1741 1741 1670 1670 1742 1742 1668 1668 1743 1743 1744 1744 1745 1745 1745 1745 1744 1744 1746 1746 1747 1747 1748 1748 1749 1749 1743 1743 1749 1749 1748 1748 1749 1749 1743 1743 1750 1750 1745 1745 1750 1750 1743 1743 1751 1751 1752 1752 1753 1753 1753 1753 1752 1752 1754 1754 1667 1667 1754 1754 1752 1752 1754 1754 1667 1667 1755 1755 1666 1666 1755 1755 1667 1667 1755 1755 1666 1666 1747 1747 1665 1665 1747 1747 1666 1666 1747 1747 1665 1665 1748 1748 1682 1682 1756 1756 1680 1680 1757 1757 1680 1680 1756 1756 1680 1680 1757 1757 1758 1758 1759 1759 1758 1758 1757 1757 1758 1758 1759 1759 1751 1751 1760 1760 1761 1761 1762 1762 1761 1761 1763 1763 1762 1762 1764 1764 1762 1762 1763 1763 1762 1762 1764 1764 1765 1765 1766 1766 1767 1767 1768 1768 1769 1769 1768 1768 1767 1767 1766 1766 1768 1768 1770 1770 1771 1771 1770 1770 1768 1768 1770 1770 1771 1771 1772 1772 1773 1773 1772 1772 1771 1771 1772 1772 1773 1773 1774 1774 1775 1775 1774 1774 1773 1773 1774 1774 1775 1775 1776 1776 1777 1777 1776 1776 1775 1775 1776 1776 1777 1777 1778 1778 1779 1779 1778 1778 1777 1777 1778 1778 1779 1779 1780 1780 1781 1781 1780 1780 1779 1779 1780 1780 1781 1781 1782 1782 1783 1783 1782 1782 1781 1781 1782 1782 1783 1783 1784 1784 1785 1785 1784 1784 1783 1783 1784 1784 1785 1785 1786 1786 1787 1787 1786 1786 1785 1785 1786 1786 1787 1787 1788 1788 1789 1789 1788 1788 1787 1787 1788 1788 1789 1789 1790 1790 1791 1791 1790 1790 1789 1789 1790 1790 1791 1791 1792 1792 1793 1793 1794 1794 1723 1723 1795 1795 1723 1723 1794 1794 1726 1726 1721 1721 1796 1796 1723 1723 1796 1796 1721 1721 1796 1796 1723 1723 1797 1797 1795 1795 1797 1797 1723 1723 1797 1797 1795 1795 1791 1791 1798 1798 1791 1791 1795 1795 1791 1791 1798 1798 1792 1792 1799 1799 1800 1800 1801 1801 1802 1802 1801 1801 1800 1800 1801 1801 1802 1802 1803 1803 1804 1804 1803 1803 1802 1802 1803 1803 1804 1804 1805 1805 1806 1806 1807 1807 1808 1808 1809 1809 1808 1808 1807 1807 1808 1808 1809 1809 1810 1810 1811 1811 1810 1810 1809 1809 1810 1810 1811 1811 1812 1812 1813 1813 1812 1812 1811 1811 1812 1812 1813 1813 1814 1814 1815 1815 1814 1814 1813 1813 1814 1814 1815 1815 1816 1816 1817 1817 1816 1816 1815 1815 1816 1816 1817 1817 1818 1818 1819 1819 1818 1818 1817 1817 1818 1818 1819 1819 1820 1820 1821 1821 1820 1820 1819 1819 1820 1820 1821 1821 1822 1822 1823 1823 1822 1822 1821 1821 1822 1822 1823 1823 1824 1824 1825 1825 1824 1824 1823 1823 1824 1824 1825 1825 1826 1826 1827 1827 1826 1826 1825 1825 1826 1826 1827 1827 1801 1801 1828 1828 1801 1801 1827 1827 1801 1801 1828 1828 1799 1799 1805 1805 1829 1829 1803 1803 1830 1830 1803 1803 1829 1829 1803 1803 1830 1830 1831 1831 1832 1832 1831 1831 1830 1830 1833 1833 1834 1834 1835 1835 1835 1835 1834 1834 1836 1836 1837 1837 1836 1836 1834 1834 1836 1836 1837 1837 1838 1838 1839 1839 1840 1840 1831 1831 1841 1841 1842 1842 1843 1843 1840 1840 1844 1844 1831 1831 1845 1845 1831 1831 1844 1844 1831 1831 1845 1845 1846 1846 1843 1843 1842 1842 1847 1847 1848 1848 1847 1847 1842 1842 1847 1847 1848 1848 1849 1849 1806 1806 1808 1808 1837 1837 1850 1850 1837 1837 1808 1808 1837 1837 1850 1850 1838 1838 1835 1835 1851 1851 1833 1833 1852 1852 1833 1833 1851 1851 1833 1833 1852 1852 1832 1832 1852 1852 1853 1853 1832 1832 1854 1854 1832 1832 1853 1853 1832 1832 1854 1854 1831 1831 1855 1855 1831 1831 1854 1854 1831 1831 1855 1855 1839 1839 1849 1849 1848 1848 1856 1856 1857 1857 1856 1856 1848 1848 1856 1856 1857 1857 1858 1858 1859 1859 1860 1860 1861 1861 1862 1862 1861 1861 1860 1860 1861 1861 1862 1862 1863 1863 1864 1864 1863 1863 1862 1862 1863 1863 1864 1864 1865 1865 1866 1866 1865 1865 1864 1864 1865 1865 1866 1866 1867 1867 1868 1868 1867 1867 1866 1866 1867 1867 1868 1868 1869 1869 1870 1870 1869 1869 1868 1868 1869 1869 1870 1870 1871 1871 1753 1753 1872 1872 1751 1751 1873 1873 1751 1751 1872 1872 1751 1751 1873 1873 1758 1758 1874 1874 1758 1758 1873 1873 1758 1758 1874 1874 1875 1875 1875 1875 1876 1876 1758 1758 1877 1877 1758 1758 1876 1876 1758 1758 1877 1877 1878 1878 1871 1871 1870 1870 1879 1879 1880 1880 1879 1879 1870 1870 1879 1879 1880 1880 1874 1874 1881 1881 1874 1874 1880 1880 1874 1874 1881 1881 1875 1875 1882 1882 1883 1883 1884 1884 1882 1882 1884 1884 1885 1885 1886 1886 1885 1885 1884 1884 1885 1885 1886 1886 1887 1887 1888 1888 1887 1887 1886 1886 1887 1887 1888 1888 1889 1889 1859 1859 1861 1861 1888 1888 1890 1890 1888 1888 1861 1861 1888 1888 1890 1890 1889 1889 1891 1891 1892 1892 1883 1883 1893 1893 1883 1883 1892 1892 1883 1883 1893 1893 1884 1884 1878 1878 1894 1894 1758 1758 1895 1895 1758 1758 1894 1894 1758 1758 1895 1895 1680 1680 1896 1896 1680 1680 1895 1895 1896 1896 1897 1897 1898 1898 1898 1898 1899 1899 1896 1896 1900 1900 1896 1896 1899 1899 1896 1896 1900 1900 1680 1680 1901 1901 1680 1680 1900 1900 1680 1680 1901 1901 1902 1902 1699 1699 1903 1903 1904 1904 1905 1905 1906 1906 1693 1693 1905 1905 1693 1693 1907 1907 1904 1904 1908 1908 1699 1699 1909 1909 1699 1699 1908 1908 1699 1699 1909 1909 1693 1693 1910 1910 1693 1693 1909 1909 1693 1693 1910 1910 1907 1907 1903 1903 1699 1699 1911 1911 1912 1912 1911 1911 1699 1699 1911 1911 1912 1912 1913 1913 1906 1906 1914 1914 1915 1915 1916 1916 1917 1917 1918 1918 1919 1919 1918 1918 1917 1917 1918 1918 1919 1919 1920 1920 1921 1921 1920 1920 1919 1919 1920 1920 1921 1921 1922 1922 1923 1923 1922 1922 1921 1921 1922 1922 1923 1923 1924 1924 1925 1925 1924 1924 1923 1923 1924 1924 1925 1925 1926 1926 1913 1913 1926 1926 1925 1925 1926 1926 1913 1913 1927 1927 1912 1912 1927 1927 1913 1913 1928 1928 1929 1929 1930 1930 1931 1931 1930 1930 1929 1929 1930 1930 1931 1931 1932 1932 1933 1933 1932 1932 1931 1931 1932 1932 1933 1933 1914 1914 1934 1934 1914 1914 1933 1933 1914 1914 1934 1934 1915 1915 1915 1915 1935 1935 1906 1906 1936 1936 1906 1906 1935 1935 1906 1906 1936 1936 1693 1693 1937 1937 1693 1693 1936 1936 1693 1693 1937 1937 1938 1938 1928 1928 1939 1939 1929 1929 1940 1940 1929 1929 1939 1939 1929 1929 1940 1940 1941 1941 1941 1941 1940 1940 1942 1942 1943 1943 1942 1942 1940 1940 1942 1942 1943 1943 1944 1944 1944 1944 1943 1943 1945 1945 1946 1946 1945 1945 1943 1943 1945 1945 1946 1946 1947 1947 1916 1916 1918 1918 1946 1946 1948 1948 1946 1946 1918 1918 1946 1946 1948 1948 1947 1947 1949 1949 1950 1950 1831 1831 1949 1949 1831 1831 1951 1951 1952 1952 1953 1953 1954 1954 1953 1953 1952 1952 1955 1955 1956 1956 1955 1955 1952 1952 1955 1955 1956 1956 1957 1957 1954 1954 1958 1958 1952 1952 1959 1959 1952 1952 1958 1958 1952 1952 1959 1959 1960 1960 1961 1961 1960 1960 1959 1959 1960 1960 1961 1961 1962 1962 1963 1963 1962 1962 1961 1961 1962 1962 1963 1963 1964 1964 1965 1965 1964 1964 1963 1963 1964 1964 1965 1965 1966 1966 1967 1967 1966 1966 1965 1965 1966 1966 1967 1967 1968 1968 1969 1969 1968 1968 1967 1967 1968 1968 1969 1969 1970 1970 1971 1971 1970 1970 1969 1969 1970 1970 1971 1971 1972 1972 1973 1973 1972 1972 1971 1971 1972 1972 1973 1973 1974 1974 1975 1975 1974 1974 1973 1973 1974 1974 1975 1975 1976 1976 1977 1977 1976 1976 1975 1975 1976 1976 1977 1977 1978 1978 1979 1979 1978 1978 1977 1977 1978 1978 1979 1979 1980 1980 1981 1981 1980 1980 1979 1979 1980 1980 1981 1981 1982 1982 1983 1983 1982 1982 1981 1981 1982 1982 1983 1983 1984 1984 1985 1985 1984 1984 1983 1983 1984 1984 1985 1985 1986 1986 1987 1987 1988 1988 1831 1831 1989 1989 1831 1831 1988 1988 1831 1831 1989 1989 1990 1990 1990 1990 1991 1991 1831 1831 1992 1992 1831 1831 1991 1991 1831 1831 1992 1992 1993 1993 1956 1956 1951 1951 1957 1957 1831 1831 1957 1957 1951 1951 1957 1957 1831 1831 1994 1994 1993 1993 1994 1994 1831 1831 1846 1846 1841 1841 1831 1831 1843 1843 1831 1831 1841 1841 1831 1831 1843 1843 1987 1987 1995 1995 1987 1987 1843 1843 1987 1987 1995 1995 1996 1996 1997 1997 1996 1996 1995 1995 1998 1998 1999 1999 1997 1997 2000 2000 1997 1997 1999 1999 1997 1997 2000 2000 1996 1996 1950 1950 2001 2001 1831 1831 2002 2002 1831 1831 2001 2001 1831 1831 2002 2002 1746 1746 2003 2003 1746 1746 2002 2002 1746 1746 2003 2003 2004 2004 2005 2005 2004 2004 2003 2003 2004 2004 2005 2005 1985 1985 2006 2006 1985 1985 2005 2005 1985 1985 2006 2006 1986 1986 1735 1735 2007 2007 1669 1669 2008 2008 1669 1669 2007 2007 1669 1669 2008 2008 1670 1670 2009 2009 1670 1670 2008 2008 1670 1670 2009 2009 2010 2010 1762 1762 2011 2011 2012 2012 2011 2011 1762 1762 2013 2013 2014 2014 2013 2013 1762 1762 2013 2013 2014 2014 2015 2015 2012 2012 2016 2016 1762 1762 2017 2017 1762 1762 2016 2016 1762 1762 2017 2017 2018 2018 1769 1769 1760 1760 1768 1768 1762 1762 1768 1768 1760 1760 1768 1768 1762 1762 2019 2019 2018 2018 2019 2019 1762 1762 2020 2020 2021 2021 2014 2014 2022 2022 2014 2014 2021 2021 2014 2014 2022 2022 2015 2015 2023 2023 2024 2024 2025 2025 2026 2026 2027 2027 2014 2014 2028 2028 2014 2014 2027 2027 2014 2014 2028 2028 2023 2023 2029 2029 2030 2030 2031 2031 2025 2025 2032 2032 2023 2023 2033 2033 2023 2023 2032 2032 2023 2023 2033 2033 2014 2014 2034 2034 2014 2014 2033 2033 2014 2014 2034 2034 2020 2020 2029 2029 2031 2031 2035 2035 2030 2030 2036 2036 2031 2031 2037 2037 2031 2031 2036 2036 2031 2031 2037 2037 2014 2014 2038 2038 2014 2014 2037 2037 2014 2014 2038 2038 2026 2026 2031 2031 2039 2039 2035 2035 2040 2040 2035 2035 2039 2039 2035 2035 2040 2040 2041 2041 2042 2042 2041 2041 2040 2040 2041 2041 2042 2042 2043 2043 2044 2044 2043 2043 2042 2042 2043 2043 2044 2044 2045 2045 2046 2046 2045 2045 2044 2044 2045 2045 2046 2046 2047 2047 2048 2048 2047 2047 2046 2046 2047 2047 2048 2048 2049 2049 2050 2050 2049 2049 2048 2048 2049 2049 2050 2050 2051 2051 2052 2052 2051 2051 2050 2050 2051 2051 2052 2052 2053 2053 2054 2054 2053 2053 2052 2052 2053 2053 2054 2054 2055 2055 2056 2056 2055 2055 2054 2054 2055 2055 2056 2056 2057 2057 2058 2058 2057 2057 2056 2056 2057 2057 2058 2058 2059 2059 2060 2060 2059 2059 2058 2058 2059 2059 2060 2060 2061 2061 2062 2062 2061 2061 2060 2060 2061 2061 2062 2062 2063 2063 2064 2064 2063 2063 2062 2062 2063 2063 2064 2064 2065 2065 2066 2066 2065 2065 2064 2064 2065 2065 2066 2066 2024 2024 2067 2067 2024 2024 2066 2066 2024 2024 2067 2067 2025 2025 2068 2068 2069 2069 1701 1701 2070 2070 2071 2071 1704 1704 2072 2072 2073 2073 2074 2074 2068 2068 1701 1701 2075 2075 2076 2076 2077 2077 2078 2078 2074 2074 2078 2078 2077 2077 2078 2078 2074 2074 2079 2079 2073 2073 2079 2079 2074 2074 2076 2076 2080 2080 2077 2077 2081 2081 2077 2077 2080 2080 2077 2077 2081 2081 2082 2082 2069 2069 2083 2083 1701 1701 2084 2084 1701 1701 2083 2083 1701 1701 2084 2084 1704 1704 2085 2085 1704 1704 2084 2084 1704 1704 2085 2085 2070 2070 2072 2072 2074 2074 2086 2086 2087 2087 2086 2086 2074 2074 2086 2086 2087 2087 2088 2088 2089 2089 2088 2088 2087 2087 2088 2088 2089 2089 2090 2090 2091 2091 2090 2090 2089 2089 2090 2090 2091 2091 2092 2092 2093 2093 2092 2092 2091 2091 2092 2092 2093 2093 2094 2094 2095 2095 2094 2094 2093 2093 2094 2094 2095 2095 2071 2071 2096 2096 2071 2071 2095 2095 2071 2071 2096 2096 1704 1704 2082 2082 2097 2097 2077 2077 2098 2098 2077 2077 2097 2097 2077 2077 2098 2098 1701 1701 2099 2099 1701 1701 2098 2098 1701 1701 2099 2099 2075 2075 2100 2100 2101 2101 2077 2077 2102 2102 2077 2077 2101 2101 2077 2077 2102 2102 2103 2103 2103 2103 2104 2104 2077 2077 2105 2105 2077 2077 2104 2104 2077 2077 2105 2105 2074 2074 2106 2106 2107 2107 1701 1701 2108 2108 1701 1701 2107 2107 1701 1701 2108 2108 2109 2109 1938 1938 2110 2110 1693 1693 2111 2111 1693 1693 2110 2110 1693 1693 2111 2111 1701 1701 2112 2112 1701 1701 2111 2111 1701 1701 2112 2112 2106 2106 2109 2109 2113 2113 1701 1701 2114 2114 1701 1701 2113 2113 1701 1701 2114 2114 2077 2077 2115 2115 2077 2077 2114 2114 2077 2077 2115 2115 2100 2100 2116 2116 1680 1680 2117 2117 2118 2118 2117 2117 1680 1680 2119 2119 2120 2120 1681 1681 2121 2121 2122 2122 2123 2123 2119 2119 1681 1681 2124 2124 2125 2125 2126 2126 2127 2127 2128 2128 2127 2127 2126 2126 2127 2127 2128 2128 2129 2129 2130 2130 2129 2129 2128 2128 2129 2129 2130 2130 2131 2131 2132 2132 2131 2131 2130 2130 2131 2131 2132 2132 2133 2133 2134 2134 2133 2133 2132 2132 2133 2133 2134 2134 2135 2135 2136 2136 2135 2135 2134 2134 2135 2135 2136 2136 2120 2120 2137 2137 2120 2120 2136 2136 2120 2120 2137 2137 1681 1681 2122 2122 2138 2138 2123 2123 2139 2139 2123 2123 2138 2138 2123 2123 2139 2139 2140 2140 2141 2141 2140 2140 2139 2139 2140 2140 2141 2141 2142 2142 2116 2116 2143 2143 1680 1680 2144 2144 1680 1680 2143 2143 1680 1680 2144 2144 1681 1681 2145 2145 1681 1681 2144 2144 1681 1681 2145 2145 2124 2124 2125 2125 2146 2146 2126 2126 2147 2147 2126 2126 2146 2146 2126 2126 2147 2147 2148 2148 2142 2142 2141 2141 2149 2149 2150 2150 2149 2149 2141 2141 2149 2149 2150 2150 2151 2151 2151 2151 2150 2150 2152 2152 2118 2118 2152 2152 2150 2150 2152 2152 2118 2118 2153 2153 1680 1680 2153 2153 2118 2118 2153 2153 1680 1680 2154 2154 1902 1902 2155 2155 1680 1680 2156 2156 1680 1680 2155 2155 1680 1680 2156 2156 2154 2154 2157 2157 2158 2158 2159 2159 2126 2126 2159 2159 2158 2158 2159 2159 2126 2126 2123 2123 2148 2148 2123 2123 2126 2126 2123 2123 2148 2148 2121 2121 2159 2159 2160 2160 2161 2161 2161 2161 2162 2162 2159 2159 2163 2163 2159 2159 2162 2162 2159 2159 2163 2163 2157 2157 1882 1882 2164 2164 1883 1883 2165 2165 1883 1883 2164 2164 1883 1883 2165 2165 1891 1891 2166 2166 1891 1891 2165 2165 1891 1891 2166 2166 2167 2167 2168 2168 2167 2167 2166 2166 2167 2167 2168 2168 1897 1897 2169 2169 1897 1897 2168 2168 1897 1897 2169 2169 1898 1898 1744 1744 1738 1738 1746 1746 1740 1740 1746 1746 1738 1738 1746 1746 1740 1740 1831 1831 1670 1670 1831 1831 1740 1740 1831 1831 1670 1670 1803 1803 2010 2010 1803 1803 1670 1670 1803 1803 2010 2010 1801 1801 1765 1765 1793 1793 1762 1762 1723 1723 1762 1762 1793 1793 1762 1762 1723 1723 2014 2014 1720 1720 2014 2014 1723 1723 2014 2014 1720 1720 2031 2031 1718 1718 2031 2031 1720 1720</p>
        </triangles>
      </mesh>
    </geometry>
  </library_geometries>
  <library_materials>
    <material id="32c77e1062a94c2cbbcaaf15fd722edc" name="defaultmaterial">
      <instance_effect url="#de5003eb156d415192f3cb006159aa4e"/>
    </material>
  </library_materials>
  <library_visual_scenes>
    <visual_scene id="scene">
      <node id="node0" name="node0">
        <instance_geometry url="#b6819878c21a470f81d7be70cb35dccb">
          <bind_material>
            <technique_common>
              <instance_material symbol="material0" target="#32c77e1062a94c2cbbcaaf15fd722edc"/>
            </technique_common>
          </bind_material>
        </instance_geometry>
      </node>
    </visual_scene>
  </library_visual_scenes>
  <scene>
    <instance_visual_scene url="#scene"/>
  </scene>
</COLLADA>
