<COLLADA xmlns="http://www.collada.org/2005/11/COLLADASchema" version="1.4.1">
  <asset>
    <created>2026-09-21T21:22:56.595124</created>
    <modified>2026-09-21T21:22:56.595124</modified>
    <up_axis>Y_UP</up_axis>
  </asset>
  <library_effects>
    <effect id="83ae96315467420fa07b9e518a3192e7" name="83ae96315467420fa07b9e518a3192e7">
      <profile_COMMON>
        <technique sid="common">
          <phong>
            <emission>
              <color>0.0 0.0 0.0 1.0</color>
            </emission>
            <ambient>
              <color>0.0 0.0 0.0 1.0</color>
            </ambient>
            <diffuse>
              <color>0.8941176470588236 0.8941176470588236 0.8941176470588236 1.0</color>
            </diffuse>
            <specular>
              <color>0.0 0.0 0.0 1.0</color>
            </specular>
            <shininess>
              <float>0.0</float>
            </shininess>
            <reflective>
              <color>0.0 0.0 0.0 1.0</color>
            </reflective>
            <reflectivity>
              <float>0.0</float>
            </reflectivity>
            <transparent>
              <color>0.0 0.0 0.0 1.0</color>
            </transparent>
            <transparency>
              <float>1.0</float>
            </transparency>
          </phong>
        </technique>
        <extra>
          <technique profile="GOOGLEEARTH">
            <double_sided>0</double_sided>
          </technique>
        </extra>
      </profile_COMMON>
    </effect>
  </library_effects>
  <library_geometries>
    <geometry id="4051ef829098481fa5bbe81a16cb3afd" name="568ef9779dd348788369920ddc79d3fe">
      <mesh>
        <source id="verts-array">
          <float_array count="7356" id="verts-array-array">0.03766563 -0.09513495 0.021532 0.04034279 -0.09485389 0.01755519 0.03941553 -0.09229862 0.01808511 0.03906394 -0.0916704 0.01841029 0.03861826 -0.09080803 0.01877409 0.03792975 -0.08924767 0.01921494 0.03785124 -0.08904358 0.01925335 0.03738995 -0.08767773 0.01941396 0.03699849 -0.08610052 0.01939837 0.03675529 -0.08451158 0.01917094 0.03666743 -0.08331121 0.01886051 0.03443676 -0.07950062 0.0204633 0.03665689 -0.08291363 0.01873053 0.03669466 -0.08138301 0.01809448 0.03676701 -0.08055386 0.01765132 0.03684942 -0.07990732 0.01725059 0.03695858 -0.07923198 0.01677415 0.04105969 -0.09480593 0.01609081 0.04045519 -0.09394964 0.01692347 0.04023499 -0.09362104 0.01719629 -0.001135108 -0.1037174 0.01320545 -0.0006571044 -0.103513 0.01475154 -0.001056518 -0.1028889 0.0139461 -0.001037045 -0.1026655 0.01412488 -0.001865493 -0.08716762 0.01798089 -0.003777729 -0.08783544 0.01398852 -0.003242185 -0.08887574 0.01483745 -0.003114493 -0.08914277 0.01502318 -0.002496549 -0.09056184 0.01582198 -0.002186448 -0.09138904 0.0161638 -0.001945803 -0.09210435 0.01639686 -0.001554524 -0.09349054 0.01669382 -0.001392599 -0.09420032 0.01677268 -0.001225603 -0.09507432 0.01680524 0.001363381 -0.1028019 0.01904959 -0.001009879 -0.09667951 0.01669081 -0.0009674253 -0.09714699 0.01661501 -0.0009007205 -0.09830632 0.01634405 -0.0008862014 -0.09988887 0.01577653 -0.0009456698 -0.1014216 0.01498358 0.004222125 -0.1019541 0.0228154 0.0009932511 -0.0863198 0.0217467 0.007794937 -0.1010066 0.02588235 0.004566063 -0.08537228 0.02481365 0.01192444 -0.1000009 0.02811856 0.008695566 -0.08436658 0.02704986 0.016433 -0.09898049 0.02942479 0.01320413 -0.08334616 0.02835609 0.02112088 -0.09799042 0.02974536 0.017892 -0.08235609 0.02867666 0.02578697 -0.09707316 0.0290665 0.02255809 -0.08143883 0.0279978 0.0302249 -0.09626943 0.02741615 0.02699602 -0.0806351 0.02634745 0.03424328 -0.0956137 0.02486831 0.03101441 -0.07997937 0.02379961 -0.001225603 -0.09507432 0.01680524 -0.001392599 -0.09420032 0.01677268 -0.01831837 -0.09777526 0.01561327 -0.003777729 -0.08783544 0.01398852 -0.01969685 -0.09002389 0.01183145 -0.003242185 -0.08887574 0.01483745 -0.01935068 -0.09227957 0.01373601 -0.003114493 -0.08914277 0.01502318 -0.01888164 -0.09491722 0.01502327 -0.002496549 -0.09056184 0.01582198 -0.001554524 -0.09349054 0.01669382 -0.001945803 -0.09210435 0.01639686 -0.002186448 -0.09138904 0.0161638 -0.0170516 -0.1034475 0.01460731 -0.0009007205 -0.09830632 0.01634405 -0.01769564 -0.1006781 0.01547201 -0.0009674253 -0.09714699 0.01661501 -0.001009879 -0.09667951 0.01669081 -0.001056518 -0.1028889 0.0139461 -0.001037045 -0.1026655 0.01412488 -0.01642565 -0.1059141 0.0130715 -0.0009456698 -0.1014216 0.01498358 -0.0008862014 -0.09988887 0.01577653 0.002692176 -0.1040086 0.01222751 0.002390074 -0.1029729 0.0134465 -0.001135108 -0.1037174 0.01320545 -0.01585628 -0.1079261 0.01095913 -0.01537834 -0.1093603 0.008399652 0.003170117 -0.1054429 0.009668029 -0.01502127 -0.1101286 0.005550876 0.003527182 -0.1062112 0.006819254 -0.01492592 -0.1102324 0.004476978 0.003622531 -0.106315 0.005745356 0.003617198 -0.1063113 0.005812043 -0.001220779 -0.08286347 0.004142306 -0.01976923 -0.08678089 0.002873928 -0.01983068 -0.0867665 0.003728146 -0.00128223 -0.08284909 0.004996524 -0.01994449 -0.08718005 0.006669695 -0.001396039 -0.08326263 0.007938073 -0.01989893 -0.08828852 0.009426963 -0.001350478 -0.0843711 0.01069534 -0.001148393 -0.08610648 0.01309983 -0.0009817939 -0.08724495 0.01417972 -0.002071016 -0.1098711 -0.02907609 0.006340219 -0.1080946 -0.02850091 -0.003564638 -0.108893 -0.01025458 -0.01370186 -0.111034 -0.01094778 -0.01835943 -0.08770409 -0.01489132 -0.01788205 -0.08760327 -0.01485868 -0.01657417 -0.08845973 -0.0313397 0.001496908 -0.08464314 -0.03010396 -0.01747752 -0.09673155 9.334574e-05 -0.01835943 -0.08770409 -0.01489132 -0.01725124 -0.0976949 -0.0002404308 -0.01705154 -0.08856056 -0.03137234 -0.0164905 -0.101995 0.001915771 -0.01655337 -0.1014167 0.00104901 -0.01370186 -0.111034 -0.01094778 -0.0166703 -0.1006401 0.0003605207 -0.01220823 -0.1120121 -0.02976929 -0.01683338 -0.09971818 -0.0001021276 -0.01703157 -0.09871357 -0.0003066714 -0.01769494 -0.09588918 0.0006711716 -0.01788864 -0.09522517 0.001453011 -0.01976923 -0.08678089 0.002873928 -0.01804552 -0.09478478 0.002387007 -0.01815479 -0.09459805 0.003408278 -0.01983068 -0.0867665 0.003728146 -0.01820906 -0.09467769 0.004447757 -0.0164861 -0.1023356 0.002903149 -0.01492592 -0.1102324 0.004476978 -0.01654036 -0.1024152 0.003942628 -0.01502127 -0.1101286 0.005550876 -0.01664963 -0.1022285 0.004963899 -0.01537834 -0.1093603 0.008399652 -0.01680651 -0.1017881 0.005897895 -0.01585628 -0.1079261 0.01095913 -0.01700021 -0.1011241 0.006679734 -0.01642565 -0.1059141 0.0130715 -0.01721763 -0.1002817 0.00725756 -0.0170516 -0.1034475 0.01460731 -0.01744391 -0.09931837 0.007591337 -0.01769564 -0.1006781 0.01547201 -0.01766359 -0.0982997 0.007657577 -0.01831837 -0.09777526 0.01561327 -0.01786177 -0.09729509 0.007453033 -0.01888164 -0.09491722 0.01502327 -0.01802485 -0.09637314 0.006990385 -0.01935068 -0.09227957 0.01373601 -0.01814178 -0.09559657 0.006301895 -0.01969685 -0.09002389 0.01183145 -0.01820465 -0.09501824 0.005435135 -0.01989893 -0.08828852 0.009426963 -0.01994449 -0.08718005 0.006669695 -0.0009817939 -0.08724495 0.01417972 0.002505931 -0.08952887 -0.02976999 0.001496908 -0.08464314 -0.03010396 -0.001220779 -0.08286347 0.004142306 -0.00128223 -0.08284909 0.004996524 -0.001148393 -0.08610648 0.01309983 -0.001396039 -0.08326263 0.007938073 -0.001350478 -0.0843711 0.01069534 0.02570584 -0.09979062 -0.01044288 0.02703917 -0.1006637 -0.02724446 0.02684303 -0.09955042 -0.01006378 0.03159917 -0.1000115 -0.02691649 0.02816504 -0.09931513 -0.009511036 0.02871584 -0.09923083 -0.009242684 0.03385556 -0.09883103 -0.005362978 0.0369302 -0.1000144 -0.02649328 0.03495471 -0.09883421 -0.004080246 0.03524808 -0.09884028 -0.003693024 0.03227458 -0.09888013 -0.006868065 0.03185649 -0.09890398 -0.007211397 0.03054399 -0.09900894 -0.008170945 0.04148466 -0.1006722 -0.02609767 0.03879621 -0.09897094 0.00609077 0.03876697 -0.0988925 0.008148598 0.03857542 -0.09899806 0.004040567 0.03810035 -0.09898291 0.001998124 0.03739337 -0.09893953 3.927286e-05 0.03724089 -0.09893 -0.0003068135 0.03643707 -0.0988845 -0.001874678 0.03876697 -0.0988925 0.008148598 0.03876163 -0.09888884 0.008215285 0.03815626 -0.0959576 0.008014917 0.03739337 -0.09893953 3.927286e-05 0.03516077 -0.08260827 0.002756143 0.03724089 -0.09893 -0.0003068135 0.03397886 -0.08313546 -0.001385465 0.03643707 -0.0988845 -0.001874678 0.03810035 -0.09898291 0.001998124 0.03857542 -0.09899806 0.004040567 0.03879621 -0.09897094 0.00609077 0.03227458 -0.09888013 -0.006868065 0.03185464 -0.08382849 -0.005106058 0.03185649 -0.09890398 -0.007211397 0.02891112 -0.084647 -0.008187027 0.03054399 -0.09900894 -0.008170945 0.03385556 -0.09883103 -0.005362978 0.03495471 -0.09883421 -0.004080246 0.03524808 -0.09884028 -0.003693024 0.02871584 -0.09923083 -0.009242684 0.02531977 -0.08554349 -0.01045149 0.02816504 -0.09931513 -0.009511036 0.0212889 -0.08646583 -0.0117661 0.02570584 -0.09979062 -0.01044288 0.02684303 -0.09955042 -0.01006378 0.01285717 -0.08817558 -0.01130371 0.0157004 -0.1019476 -0.01036239 0.01628942 -0.1017986 -0.01053835 0.01705205 -0.08736065 -0.01205582 0.01824155 -0.1013671 -0.01095331 0.01987731 -0.1010407 -0.01112071 0.02411417 -0.1001459 -0.01083099 0.0144128 -0.1023037 -0.009891586 0.008947126 -0.08886338 -0.009552202 0.0126073 -0.1028728 -0.009008838 0.00864804 -0.1043901 -0.005878144 0.009362631 -0.1040913 -0.006600375 0.005549026 -0.08938421 -0.006904884 0.01092735 -0.1034737 -0.00791659 0.01188968 -0.1031212 -0.008577754 0.007934422 -0.1046974 -0.005069008 0.002860411 -0.08970764 -0.003513403 0.006678981 -0.105254 -0.003355737 0.001037473 -0.08981507 0.0004227283 0.005641596 -0.1057146 -0.001532717 0.006121623 -0.1055028 -0.002435786 0.0001865599 -0.08970003 0.004676562 0.004421685 -0.1062058 0.001541056 0.00479655 -0.1060679 0.0004265528 0.003617198 -0.1063113 0.005812043 0.003622531 -0.106315 0.005745356 0.003011824 -0.1033801 0.005611675 0.003764635 -0.1063494 0.004492768 0.004164136 -0.1062856 0.002467978 0.003182131 -0.1030494 0.009934341 0.0003568665 -0.08936938 0.008999229 0.004363963 -0.1025222 0.01407694 0.001538699 -0.08884213 0.01314183 0.006488263 -0.1018292 0.01779654 0.003662998 -0.08814915 0.01686143 0.009431782 -0.1010107 0.02087751 0.006606517 -0.08733064 0.0199424 0.01302313 -0.1001142 0.02314198 0.01019786 -0.08643415 0.02220686 0.017054 -0.09919185 0.02445658 0.01422873 -0.08551181 0.02352147 0.02129085 -0.09829703 0.02474631 0.01846559 -0.08461699 0.02381119 0.02548573 -0.0974821 0.02399419 0.02266047 -0.08380206 0.02305908 0.02939577 -0.0967943 0.02224269 0.02657051 -0.08311426 0.02130757 0.03279387 -0.09627347 0.01959537 0.02996861 -0.08259343 0.01866026 0.03548241 -0.09594998 0.01620488 0.03265714 -0.08226994 0.01526977 0.03730543 -0.09584261 0.01226776 0.03448016 -0.08216257 0.01133264 0.035331 -0.08227756 0.007079804 0.02587714 -0.01101981 0.0001484626 0.01885704 -0.01250245 -0.000331585 0.02614367 -0.01131434 -0.002839597 0.01865361 -0.01270478 -0.002019732 -0.01200954 -0.01902144 -0.002442299 -0.01902964 -0.02050407 -0.002922347 -0.01152374 -0.01907821 -0.004083316 -0.01876311 -0.0207986 -0.005910406 -0.01149367 -0.01908226 -0.0041661 -0.008357052 -0.01955616 -0.009279635 -0.009568467 -0.01937615 -0.007788991 -0.01813366 -0.0220492 -0.01125285 -0.009631919 -0.01936639 -0.007700111 -0.01069885 -0.0192004 -0.0059572 0.02756814 -0.01470059 -0.01321223 0.01437085 -0.01575231 -0.01052342 0.01293401 -0.01655532 -0.011778 0.01255849 -0.0167496 -0.01205284 0.01136512 -0.01732479 -0.01280774 0.009640203 -0.01805122 -0.01363613 0.005098826 -0.01939604 -0.01465891 0.004090798 -0.01959172 -0.0146976 -0.01733864 -0.02418485 -0.01628304 0.009050401 -0.01827166 -0.01385731 0.007826957 -0.01868392 -0.01422629 0.005987545 -0.01919402 -0.01457276 0.002182202 -0.01986639 -0.01459471 0.0009612626 -0.01997977 -0.01441048 0.0002669927 -0.02002365 -0.0142634 -0.001617016 -0.02007491 -0.01371213 -0.003065041 -0.02004954 -0.0131222 -0.003455117 -0.02003349 -0.01293501 -0.005232588 -0.01991513 -0.01191902 -0.006670603 -0.01977139 -0.01086736 -0.006880183 -0.01974722 -0.01069339 0.01748494 -0.0136625 -0.005939029 0.01668153 -0.01425428 -0.007521958 0.02677312 -0.01256494 -0.008182044 0.01563148 -0.01496902 -0.009087936 0.01541961 -0.01510586 -0.009356797 0.01861654 -0.01273833 -0.002227856 0.01817324 -0.01311842 -0.004068439 0.01752234 -0.01363424 -0.005854157 0.02850512 -0.01765793 -0.01778062 -0.01640166 -0.02714219 -0.02085143 0.02955616 -0.0213488 -0.02175139 -0.01535062 -0.03083307 -0.0248222 0.03069 -0.02566326 -0.02500715 -0.01421678 -0.03514752 -0.02807796 0.03187276 -0.03047288 -0.0274488 -0.01303402 -0.03995714 -0.03051961 0.03306936 -0.03563439 -0.0290062 -0.01183742 -0.04511865 -0.03207701 0.03424401 -0.04099395 -0.02963092 -0.01066277 -0.05047822 -0.03270173 0.03486297 -0.04394397 -0.02957113 -0.01004381 -0.05342824 -0.03264194 0.01612353 -0.01236361 0.009958263 0.0203256 -0.01109853 0.01576976 0.01338021 -0.01271632 0.01308676 0.01690278 -0.01157696 0.01911204 0.009944063 -0.01326804 0.01539717 0.01288197 -0.0122328 0.02166572 0.006050528 -0.01398102 0.01673041 0.0188486 -0.01233544 0.002137141 0.02568224 -0.01089218 0.002604438 0.0179894 -0.01223357 0.006223253 0.0248134 -0.01074849 0.007331489 0.02300241 -0.01081809 0.01178492 -0.008710024 -0.01738176 0.01157619 -0.01600398 -0.0187713 0.01328548 -0.01092988 -0.01807726 0.008108301 -0.01802286 -0.01948258 0.008979534 -0.012186 -0.01860659 0.004159802 -0.01911129 -0.02002534 0.004327837 -0.0123909 -0.01893319 9.256493e-07 -0.01922454 -0.02037644 -0.0004663714 0.008438843 -0.01303735 0.02331972 0.00376861 -0.01395528 0.02400129 0.001964806 -0.01480656 0.01699753 -0.0009251245 -0.01494659 0.02368033 -0.002034645 -0.0156886 0.01617753 -0.005437352 -0.01596799 0.02237084 -0.005675687 -0.01656692 0.01432906 -0.009571421 -0.01697493 0.02013032 -0.01314571 -0.01792317 0.01705726 0.003764635 -0.1063494 0.004492768 0.003622531 -0.106315 0.005745356 0.006340219 -0.1080946 -0.02850091 0.007934422 -0.1046974 -0.005069008 0.006678981 -0.105254 -0.003355737 0.006121623 -0.1055028 -0.002435786 0.005641596 -0.1057146 -0.001532717 0.00479655 -0.1060679 0.0004265528 0.004421685 -0.1062058 0.001541056 0.004164136 -0.1062856 0.002467978 0.01188968 -0.1031212 -0.008577754 0.01092735 -0.1034737 -0.00791659 0.01025362 -0.1056484 -0.02831748 0.009362631 -0.1040913 -0.006600375 0.00864804 -0.1043901 -0.005878144 0.01957488 -0.1022402 -0.02775488 0.01824155 -0.1013671 -0.01095331 0.0151379 -0.1034881 -0.02804214 0.01628942 -0.1017986 -0.01053835 0.0157004 -0.1019476 -0.01036239 0.0144128 -0.1023037 -0.009891586 0.0126073 -0.1028728 -0.009008838 0.05471242 -0.07340409 -0.02646499 0.03664135 -0.07722068 -0.02770072 0.05340453 -0.07254762 -0.009983971 0.03392366 -0.07544101 0.006545548 0.05388191 -0.0724468 -0.009951327 0.05247211 -0.0715236 0.007813925 0.05393184 -0.05450443 -0.02750909 0.05234747 -0.04475102 -0.02814167 -0.01657417 -0.08845973 -0.0313397 0.001496908 -0.08464314 -0.03010396 -0.01777263 -0.08589778 -0.03156794 -0.02115949 -0.07750993 -0.0322726 -0.02762571 -0.04959422 -0.03423643 -0.02617139 -0.05914217 -0.03362485 -0.02399622 -0.06850525 -0.03296566 0.04998508 -0.03509804 -0.02883078 0.04694235 -0.02590991 -0.02954972 0.04328177 -0.01730168 -0.03028755 0.03664135 -0.07722068 -0.02770072 0.05471242 -0.07340409 -0.02646499 0.05471981 -0.06420505 -0.02694245 0.002505931 -0.08952887 -0.02976999 0.03765037 -0.0821064 -0.02736675 -0.02745934 -0.02259167 -0.03562647 -0.02824545 -0.03110336 -0.03524652 -0.02831492 -0.04021394 -0.03477859 -0.008829842 0.01360552 -0.03602913 -0.01238777 0.01091806 -0.03617182 0.01205339 0.01580294 -0.03448609 0.01688539 0.01368777 -0.03399272 0.03918315 -0.009581684 -0.03101399 0.03477722 -0.002840204 -0.03171397 0.02517634 0.002959014 -0.03277723 -0.01568635 0.007512501 -0.03625661 -0.01886917 0.003122223 -0.03628104 0.02050109 0.01149786 -0.03359198 -0.01973044 -0.006525249 -0.03584804 0.02543692 0.007631856 -0.03299939 0.03015613 0.002905619 -0.03237928 0.002971294 0.01726004 -0.03528254 -0.001111333 0.01678265 -0.03558172 -0.005077302 0.01555294 -0.03583254 -0.02157822 -0.001835531 -0.03623839 -0.02397903 -0.007723377 -0.03612293 -0.0260102 -0.01474984 -0.03591898 0.007388814 0.01696929 -0.03491687 -0.01705154 -0.08856056 -0.03137234 -0.01900401 -0.08897292 -0.03150585 -0.01220823 -0.1120121 -0.02976929 -0.0141607 -0.1124244 -0.0299028 0.04871996 -0.1017954 -0.02546513 0.04989589 -0.09889573 -0.0255225 0.04148466 -0.1006722 -0.02609767 0.006340219 -0.1080946 -0.02850091 -0.002071016 -0.1098711 -0.02907609 0.002723598 -0.1142866 -0.02846614 0.04608617 -0.107004 -0.02540346 0.0369302 -0.1000144 -0.02649328 0.03159917 -0.1000115 -0.02691649 0.03277333 -0.1201806 -0.02577519 0.02887197 -0.1216491 -0.02600847 0.02703917 -0.1006637 -0.02724446 0.02479319 -0.122377 -0.02629433 0.01957488 -0.1022402 -0.02775488 0.02044227 -0.1223396 -0.02664155 0.0151379 -0.1034881 -0.02804214 0.01025362 -0.1056484 -0.02831748 0.03647049 -0.1179847 -0.02559591 0.03993427 -0.1150683 -0.02547258 0.04315599 -0.111404 -0.02540734 0.007205159 -0.1175118 -0.02794289 0.01158175 -0.1198786 -0.02747259 0.01586714 -0.1214584 -0.02705041 0.02568224 -0.01089218 0.002604438 0.02245336 0.004742148 0.001535738 0.02158453 0.004885835 0.006262789 0.0248134 -0.01074849 0.007331489 0.01977354 0.00481624 0.01071622 0.02300241 -0.01081809 0.01178492 0.01709673 0.004535801 0.01470106 0.0203256 -0.01109853 0.01576976 0.01367391 0.004057368 0.01804334 0.01690278 -0.01157696 0.01911204 0.009653096 0.003401531 0.02059702 0.01288197 -0.0122328 0.02166572 0.005209969 0.002596977 0.02225102 0.008438843 -0.01303735 0.02331972 0.0005397367 0.001679049 0.02293259 0.00376861 -0.01395528 0.02400129 -0.004153998 0.0006877372 0.02261163 -0.0009251245 -0.01494659 0.02368033 -0.008666226 -0.0003336601 0.02130214 -0.005437352 -0.01596799 0.02237084 -0.01280029 -0.0013406 0.01906162 -0.009571421 -0.01697493 0.02013032 -0.01637458 -0.002288841 0.01598856 -0.01314571 -0.01792317 0.01705726 -0.01923285 -0.003136968 0.01221678 -0.01600398 -0.0187713 0.01328548 -0.02125173 -0.003848253 0.007910834 -0.01802286 -0.01948258 0.008979534 -0.02234016 -0.004391011 0.003259137 -0.01911129 -0.02002534 0.004327837 -0.02245342 -0.004742114 -0.001535071 -0.01922454 -0.02037644 -0.0004663714 -0.01091255 0.01672008 0.008027082 -0.01233143 0.01589836 0.008095805 -0.008829842 0.01360552 -0.03602913 -0.01514853 0.01389253 0.008346136 -0.01593068 0.01323703 0.008446706 -0.01238777 0.01091806 -0.03617182 -0.02331279 -0.07439427 -0.01500474 -0.02252444 -0.07661466 -0.01507691 -0.02115949 -0.07750993 -0.0322726 -0.01788205 -0.08760327 -0.01485868 -0.01657417 -0.08845973 -0.0313397 -0.01777263 -0.08589778 -0.03156794 -0.02164906 -0.07893881 -0.01511267 -0.02051799 -0.08174753 -0.01509894 -0.01984204 -0.08333482 -0.01506327 -0.02431767 -0.07134708 -0.01484405 -0.02399622 -0.06850525 -0.03296566 -0.02481365 -0.06974284 -0.01473273 -0.02734678 -0.06009533 -0.01364209 -0.02718169 -0.0608227 -0.0137499 -0.02617139 -0.05914217 -0.03362485 -0.02616899 -0.06493668 -0.01428043 -0.02545655 -0.06754453 -0.01454742 -0.02912809 -0.05062672 -0.01180346 -0.02905321 -0.05111331 -0.01191989 -0.02762571 -0.04959422 -0.03423643 -0.02832526 -0.05534358 -0.01282557 -0.02778381 -0.05808173 -0.01332035 -0.02831492 -0.04021394 -0.03477859 -0.03040329 -0.03925589 -0.008201368 -0.03013421 -0.04249417 -0.00943007 -0.03009896 -0.04285367 -0.009554242 -0.02972689 -0.04625373 -0.01063578 -0.02945158 -0.04839146 -0.01123511 -0.03078613 -0.03145903 -0.004184028 -0.03072032 -0.03350235 -0.005426672 -0.02824545 -0.03110336 -0.03524652 -0.03080032 -0.0308853 -0.003801119 -0.03059065 -0.03633054 -0.006901704 -0.03057978 -0.03652636 -0.006995132 -0.03043434 -0.03881853 -0.008019636 -0.03098541 -0.0209114 0.007842297 -0.03094269 -0.0222826 0.005400699 -0.02745934 -0.02259167 -0.03562647 -0.03093648 -0.02243287 0.00514482 -0.03090434 -0.02374736 0.003102236 -0.03088654 -0.02486652 0.001624939 -0.03088166 -0.02521165 0.001211331 -0.03085951 -0.02688441 -0.0005673275 -0.03084996 -0.027657 -0.001286819 -0.03083577 -0.02890156 -0.002339014 -0.03082803 -0.02940295 -0.002731216 -0.0260102 -0.01474984 -0.03591898 -0.02999264 -0.01269409 0.01288414 -0.03017358 -0.01352604 0.01285676 -0.03038032 -0.0145621 0.01275859 -0.03061782 -0.01593661 0.01247768 -0.0307902 -0.01714457 0.01201851 -0.03083234 -0.01749171 0.01183431 -0.0308909 -0.01804833 0.01147387 -0.03094711 -0.01877568 0.01085731 -0.03095737 -0.01895455 0.01067594 -0.03098985 -0.01987863 0.00952604 -0.03099401 -0.02030024 0.008881644 -0.02910828 -0.009240496 0.01268344 -0.0293908 -0.01025831 0.01278322 -0.02988199 -0.01221365 0.01288302 -0.02659319 -0.002142279 0.01151771 -0.02732979 -0.003952046 0.0118657 -0.02397903 -0.007723377 -0.03612293 -0.02780363 -0.005216231 0.01209368 -0.02849251 -0.007225396 0.01241966 -0.01886917 0.003122223 -0.03628104 -0.02253562 0.00552327 0.009920553 -0.02157822 -0.001835531 -0.03623839 -0.02256487 0.005479027 0.009930577 -0.02423626 0.002692301 0.01051833 -0.02532337 0.0006171404 0.01095475 -0.0259206 -0.0006304282 0.01121327 -0.01568635 0.007512501 -0.03625661 -0.01708788 0.01218007 0.008620744 -0.01809806 0.01116768 0.008799109 -0.0189855 0.01020427 0.008978643 -0.01928216 0.009866274 0.00904298 -0.02081437 0.007974409 0.009415471 -0.0129755 0.0154857 0.008138461 -0.005077302 0.01555294 -0.03583254 -0.008556873 0.01783347 0.007993436 -0.008631305 0.01780283 0.007993139 -0.001111333 0.01678265 -0.03558172 0.002971294 0.01726004 -0.03528254 -0.001702365 0.01947374 0.008400921 -0.004050889 0.01915985 0.008182646 -0.004581202 0.01905454 0.008144025 -0.006361272 0.01860491 0.008046219 0.003886081 0.01926237 0.009224037 0.003055907 0.01937553 0.009075935 0.007388814 0.01696929 -0.03491687 0.0006603234 0.01954463 0.008698241 -0.0005069212 0.01953959 0.008541586 0.00539558 0.01898604 0.009513882 0.01205339 0.01580294 -0.03448609 0.007857945 0.01833811 0.01004933 0.01688539 0.01368777 -0.03399272 0.01327684 0.01605066 0.01148017 0.01276348 0.01631791 0.01133112 0.01077217 0.01725393 0.0107769 0.01033759 0.01743769 0.01066255 0.008507921 0.01812595 0.01020234 0.0152926 0.0148965 0.01209588 0.02050109 0.01149786 -0.03359198 0.01683581 0.01389788 0.01259569 0.01783457 0.01319735 0.01293134 0.02543692 0.007631856 -0.03299939 0.02038241 0.01121481 0.01382217 0.02557197 0.006244259 0.01570372 0.02346252 0.008422772 0.01494196 0.03015613 0.002905619 -0.03237928 0.02289864 0.008966982 0.01473634 0.02168397 0.01008955 0.01429232 0.03090345 -0.0003098236 0.01704499 0.03087017 -0.0002634495 0.01704395 0.03477722 -0.002840204 -0.03171397 0.0295683 0.001480954 0.01688314 0.02844473 0.002909232 0.0166193 0.02791445 0.003557373 0.01647021 0.02631869 0.005418809 0.01596157 0.03269313 -0.002835582 0.01672461 0.03254028 -0.002613937 0.01679237 0.03418232 -0.005020208 0.01531097 0.03451886 -0.005509636 0.01471722 0.03488699 -0.006039766 0.01392218 0.03335632 -0.003800833 0.01629904 0.0339818 -0.004725109 0.01560919 0.0334363 -0.003918927 0.01622815 0.03188273 -0.001675879 0.01697973 0.03110536 -0.0005875696 0.01704732 0.03925341 -0.01285114 0.003506975 0.03867792 -0.01185318 0.004526436 0.03918315 -0.009581684 -0.03101399 0.03781577 -0.01041517 0.006251639 0.03778355 -0.01036289 0.006321702 0.03700312 -0.009132924 0.008138534 0.03639062 -0.008213735 0.009747782 0.03618281 -0.00790819 0.01033016 0.03582402 -0.007387543 0.01136249 0.0350792 -0.006315994 0.01344753 0.04332116 -0.02091856 -0.001941649 0.04321869 -0.02068806 -0.001829166 0.04328177 -0.01730168 -0.03028755 0.04193967 -0.01795545 -0.0003429406 0.04110279 -0.01627617 0.0007318704 0.04082244 -0.01573217 0.001114287 0.04078727 -0.01566394 0.001163198 0.03966969 -0.01358796 0.002825937 0.04577547 -0.02684879 -0.004372818 0.04576818 -0.02683092 -0.00436629 0.04694235 -0.02590991 -0.02954972 0.04487306 -0.02455155 -0.003529188 0.04451356 -0.02368051 -0.003179088 0.04998508 -0.03509804 -0.02883078 0.04957067 -0.03871081 -0.007463122 0.04845396 -0.03474398 -0.006619799 0.04834265 -0.03437595 -0.006533245 0.04820674 -0.0339319 -0.006426478 0.04710732 -0.03054774 -0.005534427 0.05160817 -0.0479072 -0.008885741 0.05234747 -0.04475102 -0.02814167 0.05238848 -0.05276261 -0.009390157 0.05393184 -0.05450443 -0.02750909 0.05090535 -0.04433083 -0.008410163 0.05077411 -0.0437193 -0.008319764 0.05065209 -0.04316426 -0.008234738 0.05296863 -0.05765853 -0.009748637 0.05333971 -0.06263715 -0.009969742 0.05471981 -0.06420505 -0.02694245 0.05269065 -0.05508316 -0.009578071 0.05249823 -0.05356546 -0.009459259 0.05471242 -0.07340409 -0.02646499 0.05340453 -0.07254762 -0.009983971 0.05348737 -0.06760811 -0.01004826 0.05346688 -0.06612191 -0.01003973 0.05337334 -0.06332348 -0.009989667 -0.0190567 0.1013718 -0.03442345 -0.02015852 0.1011244 -0.03444379 -0.0195276 0.1004277 -0.0316916 -0.01832814 0.08036027 -0.0139775 0.01727525 0.09092772 -0.01288456 0.01662101 0.09146573 -0.0132477 -0.03072032 -0.03350235 -0.005426672 -0.03078613 -0.03145903 -0.004184028 -0.04073205 -0.03355939 -0.004864159 -0.03094269 -0.0222826 0.005400699 -0.03098541 -0.0209114 0.007842297 -0.04507243 -0.02527699 0.00441693 0.05853949 -0.09577666 -0.006007783 0.04840227 -0.09791763 -0.006700985 0.04805618 -0.09876082 -0.006450586 0.04020163 -0.1115302 -0.001841901 0.03857493 -0.113394 -0.002376382 0.06173265 -0.1083737 -0.0007503177 -0.02507366 -0.1009141 -0.01445239 -0.0249908 -0.1012861 -0.01439534 -0.01792253 -0.09979174 -0.01390706 -0.01835943 -0.08770409 -0.01489132 -0.01788205 -0.08760327 -0.01485868 -0.01984204 -0.08333482 -0.01506327 -0.0203119 -0.08811645 -0.01502484 -0.02690622 -0.08309305 -0.01553597 -0.02690155 -0.08313438 -0.01553647 -0.02640314 -0.08850483 -0.01546594 -0.01970364 -0.09105111 -0.01485621 -0.02615545 -0.09241433 -0.01529736 -0.02612917 -0.09295167 -0.01526534 -0.02605731 -0.09415671 -0.01518597 -0.0256838 -0.0975766 -0.01487916 -0.02546067 -0.09896133 -0.01471918 -0.02322785 -0.1071879 -0.0132004 -0.01652876 -0.1068474 -0.01249763 -0.02374913 -0.1057095 -0.01355866 -0.02424558 -0.1041328 -0.01389496 -0.01565432 -0.1114463 -0.01108129 -0.02047281 -0.1132393 -0.01113143 -0.01370186 -0.111034 -0.01094778 -0.00294314 -0.1095329 -0.009936955 -0.003564638 -0.108893 -0.01025458 -0.0228441 -0.1081847 -0.01293231 -0.02215607 -0.1098228 -0.012437 -0.0210624 -0.1121219 -0.01160795 -0.01838062 -0.1167108 -0.009179825 -0.001784028 -0.1106749 -0.009309499 -0.01864821 -0.116304 -0.009459261 -0.01981667 -0.1144035 -0.01056985 -0.0168659 -0.1188629 -0.007337589 0.001064411 -0.1132026 -0.007490564 -0.01762117 -0.117822 -0.008315476 0.0004854216 -0.11272 -0.007899099 -0.0001579319 -0.1121635 -0.008328635 -0.01577292 -0.1202542 -0.006036447 0.004649748 -0.1158467 -0.004689004 0.003463994 -0.1150356 -0.005567568 -0.01644873 -0.1194107 -0.006787835 0.002955779 -0.1146694 -0.005992564 0.001517257 -0.1135689 -0.007154334 0.0053241 -0.1162805 -0.004342739 -0.01526507 -0.1208523 -0.005668739 0.005680092 -0.1165001 -0.004211667 -0.01514497 -0.120989 -0.005609918 0.006564651 -0.1170266 -0.004016675 -0.01467494 -0.1215127 -0.005473076 -0.01445298 -0.1217528 -0.005445998 0.00673915 -0.1171276 -0.003994564 -0.013839 -0.1223981 -0.005451132 0.008070236 -0.1178544 -0.003958644 -0.01208378 -0.1241064 -0.005844845 0.009727734 -0.1186646 -0.004094389 -0.01319051 -0.1230511 -0.005547548 -0.01350963 -0.1227325 -0.005489986 0.01501595 -0.1205513 -0.004866449 -0.008882407 -0.1268115 -0.007081509 0.017445 -0.1210563 -0.005183838 0.01797285 -0.1211356 -0.005243301 0.01409496 -0.1202989 -0.004730659 0.01257925 -0.119813 -0.004498506 -0.01002783 -0.1258978 -0.006605144 0.01083946 -0.1191482 -0.004238183 0.009966467 -0.118772 -0.004123101 0.03110606 -0.1190892 -0.004719273 0.03070077 -0.119286 -0.004805493 0.0571506 -0.117334 -0.005145395 0.03315697 -0.1179318 -0.004206831 0.05725419 -0.1171725 -0.00504713 0.05901439 -0.1142041 -0.003360096 0.03263687 -0.1182511 -0.004348034 0.0285388 -0.1201697 -0.005183269 0.02723328 -0.1205759 -0.005344108 0.02636568 -0.1207974 -0.005424555 0.02197105 -0.1213684 -0.005530676 -0.003864351 -0.1302306 -0.009326215 0.02314601 -0.121304 -0.005550269 0.0241703 -0.1211958 -0.005538892 0.01974648 -0.1213218 -0.005409288 0.01874754 -0.1212326 -0.005322436 -0.005154408 -0.129435 -0.00873666 -0.007696118 -0.1277024 -0.007597003 0.06001954 -0.1122607 -0.002370809 0.0604425 -0.1113766 -0.001954269 0.06141142 -0.1091678 -0.001029861 0.03811381 -0.1138771 -0.002544569 0.036658 -0.1152753 -0.003076624 0.03473661 -0.1168489 -0.00373294 0.05934879 -0.1135803 -0.003031481 0.03459129 -0.1169559 -0.003779094 0.06221051 -0.1071239 -0.0003936308 0.06252251 -0.1062683 -0.0002285056 0.04071101 -0.1108929 -0.001717071 0.06210264 -0.1074144 -0.0004654448 0.04168004 -0.1096167 -0.001614079 0.04132474 -0.1100942 -0.001624491 0.04126917 -0.1101688 -0.001630047 0.06261551 -0.1060067 -0.0001945409 0.06292547 -0.1051226 -0.0001626488 0.04208203 -0.1090669 -0.001655951 0.04235793 -0.1086873 -0.001725103 0.06300855 -0.1048839 -0.0001825223 0.06321953 -0.1042806 -0.0003076256 0.04276924 -0.1081139 -0.001901058 0.0429666 -0.1078367 -0.002018332 0.06336196 -0.1038706 -0.0004512272 0.06349045 -0.1035028 -0.0006198566 0.04354252 -0.1070121 -0.002471518 0.04426632 -0.105946 -0.003166597 0.06372136 -0.1028429 -0.001016525 0.06408566 -0.1017719 -0.00180267 0.04432762 -0.1058527 -0.003227855 0.04481954 -0.1050781 -0.003721272 0.06474805 -0.09948486 -0.003303363 0.06483368 -0.09914008 -0.003493284 0.04604474 -0.102969 -0.004858673 0.06446365 -0.100538 -0.002662483 0.06424235 -0.1012779 -0.002159441 0.06049195 -0.09536431 -0.00587427 0.06558653 -0.09506496 -0.005248475 0.06560246 -0.09493679 -0.005293047 0.06573737 -0.09373449 -0.005691369 0.06585318 -0.0922851 -0.006124137 0.05961752 -0.09076537 -0.007290606 0.06521522 -0.09737726 -0.004346151 0.04724993 -0.1005762 -0.00584566 0.04715672 -0.1007746 -0.005772435 0.06593519 -0.08943275 -0.006860514 0.06593491 -0.0893893 -0.00687083 0.05822375 -0.08370972 -0.008700036 0.06584059 -0.08678687 -0.007432427 0.06581309 -0.08640431 -0.007507728 0.06547568 -0.0833623 -0.008044158 0.06529322 -0.08221782 -0.008221575 0.06491574 -0.08029441 -0.008492113 0.06412887 -0.07723027 -0.008860445 0.05644264 -0.07496909 -0.009649182 0.05583438 -0.07203444 -0.009817813 0.05985376 -0.06476984 -0.009603143 0.05388191 -0.0724468 -0.009951327 0.05348737 -0.06760811 -0.01004826 0.05340453 -0.07254762 -0.009983971 0.06308365 -0.07411318 -0.009164641 0.06289474 -0.07360724 -0.009207934 0.06133707 -0.06926177 -0.009482029 0.0597467 -0.06443172 -0.009606107 0.05337334 -0.06332348 -0.009989667 0.05346688 -0.06612191 -0.01003973 0.0544902 -0.04344938 -0.008146372 0.05077411 -0.0437193 -0.008319764 0.05451247 -0.04356868 -0.008163518 0.05090535 -0.04433083 -0.008410163 0.05557003 -0.04872334 -0.008817216 0.05160817 -0.0479072 -0.008885741 0.05628156 -0.05183612 -0.009114292 0.05238848 -0.05276261 -0.009390157 0.056819 -0.05403559 -0.009281793 0.05249823 -0.05356546 -0.009459259 0.0568597 -0.05420039 -0.009293102 0.05269065 -0.05508316 -0.009578071 0.05820731 -0.05925432 -0.009541284 0.05296863 -0.05765853 -0.009748637 0.05333971 -0.06263715 -0.009969742 0.04576818 -0.02683092 -0.00436629 0.04577547 -0.02684879 -0.004372818 0.05234551 -0.02941373 -0.005167624 0.04710732 -0.03054774 -0.005534427 0.05289434 -0.03372275 -0.006296385 0.04820674 -0.0339319 -0.006426478 0.04834265 -0.03437595 -0.006533245 0.05290563 -0.033804 -0.006315375 0.04845396 -0.03474398 -0.006619799 0.05358299 -0.03829204 -0.007272954 0.04957067 -0.03871081 -0.007463122 0.05065209 -0.04316426 -0.008234738 0.04451356 -0.02368051 -0.003179088 0.04487306 -0.02455155 -0.003529188 0.05159857 -0.02198911 -0.002615338 0.05192631 -0.02555225 -0.003953086 0.05192431 -0.02553075 -0.003945322 0.05181364 -0.0243903 -0.003542265 0.04332116 -0.02091856 -0.001941649 0.05137997 -0.01921655 -0.001390572 0.04321869 -0.02068806 -0.001829166 0.0513391 -0.01864235 -0.001113267 0.04193967 -0.01795545 -0.0003429406 0.05082651 -0.01040644 0.004299344 0.03925341 -0.01285114 0.003506975 0.03966969 -0.01358796 0.002825937 0.05088167 -0.01132702 0.003504777 0.04078727 -0.01566394 0.001163198 0.04082244 -0.01573217 0.001114287 0.0510087 -0.01347465 0.001883675 0.04110279 -0.01627617 0.0007318704 0.05104966 -0.0141755 0.001412061 0.05115276 -0.01582727 0.0003921021 0.03867792 -0.01185318 0.004526436 0.05076757 -0.009424393 0.005229037 0.03781577 -0.01041517 0.006251639 0.05066408 -0.007803105 0.007007934 0.05065335 -0.007644977 0.007200767 0.03778355 -0.01036289 0.006321702 0.05056235 -0.006425254 0.008838797 0.03700312 -0.009132924 0.008138534 0.05045216 -0.005243578 0.01071032 0.03639062 -0.008213735 0.009747782 0.03618281 -0.00790819 0.01033016 0.05043055 -0.005022297 0.01109187 0.03582402 -0.007387543 0.01136249 0.05027125 -0.003379316 0.01403946 0.0350792 -0.006315994 0.01344753 0.05022662 -0.002800359 0.01497115 0.03488699 -0.006039766 0.01392218 0.05017334 -0.001466221 0.01657307 0.03418232 -0.005020208 0.01531097 0.03451886 -0.005509636 0.01471722 0.05019941 -0.002347232 0.01560237 0.05017691 -0.0003840424 0.01737294 0.0334363 -0.003918927 0.01622815 0.0339818 -0.004725109 0.01560919 0.05017412 -0.0005798018 0.01725432 0.03335632 -0.003800833 0.01629904 0.05018535 -4.612568e-05 0.01755394 0.05022829 0.001199232 0.018023 0.05031151 0.00346528 0.01836085 0.03188273 -0.001675879 0.01697973 0.05028443 0.00271482 0.01830328 0.03254028 -0.002613937 0.01679237 0.03269313 -0.002835582 0.01672461 0.02844473 0.002909232 0.0166193 0.0295683 0.001480954 0.01688314 0.05041823 0.007537739 0.01812353 0.03087017 -0.0002634495 0.01704395 0.05040711 0.006879432 0.01820709 0.05034769 0.004574844 0.01837437 0.03090345 -0.0003098236 0.01704499 0.03110536 -0.0005875696 0.01704732 0.05035669 0.01408328 0.01678606 0.02346252 0.008422772 0.01494196 0.02557197 0.006244259 0.01570372 0.02631869 0.005418809 0.01596157 0.02791445 0.003557373 0.01647021 0.05036671 0.01376151 0.01686787 0.05043209 0.009944306 0.01772334 0.05043221 0.009329518 0.01783766 0.0152926 0.0148965 0.01209588 0.04947873 0.02541338 0.01342854 0.01327684 0.01605066 0.01148017 0.01276348 0.01631791 0.01133112 0.01683581 0.01389788 0.01259569 0.01783457 0.01319735 0.01293134 0.02038241 0.01121481 0.01382217 0.02289864 0.008966982 0.01473634 0.05016024 0.01824773 0.01565002 0.05010906 0.0189964 0.01543127 0.02168397 0.01008955 0.01429232 0.04972241 0.02330434 0.01410794 -0.06027919 0.02441599 -0.001190344 -0.05998264 0.02092505 -1.807525e-05 -0.01708788 0.01218007 0.008620744 -0.05976991 0.01894384 0.0006532278 -0.05901144 0.01348058 0.002525154 -0.06053922 0.02985432 -0.002979231 -0.01593068 0.01323703 0.008446706 -0.01514853 0.01389253 0.008346136 -0.0129755 0.0154857 0.008138461 -0.01233143 0.01589836 0.008095805 -0.01091255 0.01672008 0.008027082 -0.008631305 0.01780283 0.007993139 -0.008556873 0.01783347 0.007993436 -0.006361272 0.01860491 0.008046219 -0.004050889 0.01915985 0.008182646 -0.001702365 0.01947374 0.008400921 0.04196181 0.05509359 0.002880054 -0.004581202 0.01905454 0.008144025 -0.0005069212 0.01953959 0.008541586 0.0006603234 0.01954463 0.008698241 0.003055907 0.01937553 0.009075935 0.003886081 0.01926237 0.009224037 0.00539558 0.01898604 0.009513882 0.007857945 0.01833811 0.01004933 0.04905911 0.02850081 0.0124081 0.01033759 0.01743769 0.01066255 0.01077217 0.01725393 0.0107769 0.04903198 0.02868327 0.01234624 0.04813675 0.03392301 0.01055645 0.04720112 0.03831321 0.009012503 0.04697205 0.03927768 0.008668975 0.04554622 0.04463211 0.00673769 0.04462914 0.04763709 0.005639872 0.008507921 0.01812595 0.01020234 0.04386161 0.04995528 0.00478649 -0.05681192 0.002965937 0.006160136 -0.05671847 0.002599122 0.006286058 -0.0259206 -0.0006304282 0.01121327 -0.05661556 0.002203886 0.00642124 -0.05536376 -0.002233678 0.007917397 -0.05386866 -0.006774351 0.009364892 -0.05386185 -0.00679385 0.009370464 -0.02659319 -0.002142279 0.01151771 -0.05348356 -0.00784787 0.009685286 -0.02732979 -0.003952046 0.0118657 -0.02532337 0.0006171404 0.01095475 -0.02423626 0.002692301 0.01051833 -0.02256487 0.005479027 0.009930577 -0.02253562 0.00552327 0.009920553 -0.02081437 0.007974409 0.009415471 -0.01928216 0.009866274 0.00904298 -0.05866038 0.01143994 0.003229608 -0.05800663 0.008106242 0.004384886 -0.01809806 0.01116768 0.008799109 -0.0189855 0.01020427 0.008978643 -0.05107893 -0.01389825 0.01118296 -0.02910828 -0.009240496 0.01268344 -0.05140203 -0.01314629 0.01103889 -0.02849251 -0.007225396 0.01241966 -0.05258227 -0.01024684 0.0103556 -0.02780363 -0.005216231 0.01209368 -0.02999264 -0.01269409 0.01288414 -0.02988199 -0.01221365 0.01288302 -0.0293908 -0.01025831 0.01278322 -0.0503169 -0.01559983 0.01143633 -0.04950574 -0.01731769 0.01154577 -0.03017358 -0.01352604 0.01285676 -0.04937364 -0.01758862 0.01154422 -0.03038032 -0.0145621 0.01275859 -0.04868576 -0.0189591 0.01142493 -0.03061782 -0.01593661 0.01247768 -0.04830424 -0.01968981 0.01126315 -0.0307902 -0.01714457 0.01201851 -0.04801715 -0.02022502 0.01108473 -0.04774071 -0.020728 0.01085757 -0.03083234 -0.01749171 0.01183431 -0.04757368 -0.02102797 0.01068954 -0.0308909 -0.01804833 0.01147387 -0.04721104 -0.02167619 0.01021962 -0.03094711 -0.01877568 0.01085731 -0.04693979 -0.02215331 0.009763697 -0.03095737 -0.01895455 0.01067594 -0.04669495 -0.02257477 0.009267626 -0.03098985 -0.01987863 0.00952604 -0.04633174 -0.02319338 0.008368305 -0.03099401 -0.02030024 0.008881644 -0.04616684 -0.02346898 0.007901505 -0.03093648 -0.02243287 0.00514482 -0.04499917 -0.02540269 0.004183176 -0.03090434 -0.02374736 0.003102236 -0.04432798 -0.02656422 0.002209473 -0.03088654 -0.02486652 0.001624939 -0.04375531 -0.02758419 0.0007449383 -0.04359271 -0.02788033 0.0003603859 -0.03088166 -0.02521165 0.001211331 -0.04280157 -0.0293666 -0.001345845 -0.03085951 -0.02688441 -0.0005673275 -0.04242337 -0.03010082 -0.002077251 -0.03084996 -0.027657 -0.001286819 -0.03083577 -0.02890156 -0.002339014 -0.04082672 -0.03335942 -0.004726368 -0.03080032 -0.0308853 -0.003801119 -0.04183007 -0.03128554 -0.003139837 -0.03082803 -0.02940295 -0.002731216 -0.03059065 -0.03633054 -0.006901704 -0.03966171 -0.03588779 -0.006314623 -0.03057978 -0.03652636 -0.006995132 -0.03863848 -0.03822862 -0.007547191 -0.03043434 -0.03881853 -0.008019636 -0.03839758 -0.03879657 -0.007817987 -0.03040329 -0.03925589 -0.008201368 -0.0372123 -0.04168679 -0.009064393 -0.03013421 -0.04249417 -0.00943007 -0.03666534 -0.04307271 -0.009591839 -0.03009896 -0.04285367 -0.009554242 -0.03625218 -0.04415312 -0.009975016 -0.02972689 -0.04625373 -0.01063578 -0.035884 -0.04513919 -0.0103064 -0.03461023 -0.04871334 -0.01137865 -0.02431767 -0.07134708 -0.01484405 -0.02481365 -0.06974284 -0.01473273 -0.02894118 -0.06983297 -0.01494209 -0.02545655 -0.06754453 -0.01454742 -0.02948317 -0.06719273 -0.01469138 -0.02616899 -0.06493668 -0.01428043 -0.0306743 -0.06204275 -0.0140621 -0.02718169 -0.0608227 -0.0137499 -0.03078898 -0.06158405 -0.0139966 -0.02734678 -0.06009533 -0.01364209 -0.03190599 -0.0573922 -0.01331968 -0.02778381 -0.05808173 -0.01332035 -0.03220056 -0.0563551 -0.01312876 -0.02832526 -0.05534358 -0.01282557 -0.03330146 -0.0526972 -0.01237159 -0.02905321 -0.05111331 -0.01191989 -0.03350484 -0.05205349 -0.0122243 -0.02912809 -0.05062672 -0.01180346 -0.02945158 -0.04839146 -0.01123511 -0.0275948 -0.07771054 -0.01542434 -0.02331279 -0.07439427 -0.01500474 -0.02846018 -0.07238562 -0.01514092 -0.02848858 -0.07222577 -0.01512938 -0.02051799 -0.08174753 -0.01509894 -0.02164906 -0.07893881 -0.01511267 -0.02252444 -0.07661466 -0.01507691 0.001796664 -0.1331387 -0.01193118 0.05353428 -0.1222012 -0.00838276 0.0005573831 -0.1325776 -0.01135955 0.05545213 -0.1197837 -0.006700798 -0.001433692 -0.1315904 -0.01044283 0.05563362 -0.1195367 -0.006537508 -0.002413751 -0.1310635 -0.009991501 0.003686806 -0.1339195 -0.01280335 0.04901027 -0.1268328 -0.01210619 0.05111352 -0.124841 -0.01041251 0.05130043 -0.1246508 -0.01025789 0.0534653 -0.1222821 -0.008442288 0.005302034 -0.134517 -0.01354716 0.006894958 -0.1350463 -0.0142802 0.04886242 -0.1269632 -0.01222265 0.008447623 -0.135507 -0.0149959 0.01018913 -0.1359607 -0.01579843 0.01239153 -0.1364414 -0.01681612 0.01355168 -0.1366536 -0.01735288 0.04655701 -0.1288627 -0.01401653 0.04589009 -0.1293665 -0.01452643 0.01967509 -0.1373213 -0.02021738 0.02039177 -0.1373504 -0.02055677 0.04427464 -0.1305091 -0.01574539 0.01698099 -0.1371202 -0.01894996 0.01448703 -0.1368046 -0.01778712 0.0400883 -0.1330102 -0.01882349 0.0411493 -0.1324344 -0.01805201 0.0439748 -0.1307094 -0.01596972 0.03940535 -0.1333611 -0.01931649 0.02049629 -0.1373538 -0.02060656 0.03862349 -0.1337448 -0.01987993 0.02348744 -0.1373597 -0.02204236 0.0358446 -0.1349573 -0.02185958 0.02643284 -0.1371912 -0.02346776 0.02671752 -0.1371656 -0.0236052 0.03384775 -0.1356904 -0.02325967 0.02698619 -0.1371399 -0.02373388 0.03300065 -0.1359677 -0.02384185 0.02932266 -0.1368503 -0.02480707 0.03166026 -0.1363626 -0.02469613 0.0309226 -0.1365507 -0.02502716 0.03017101 -0.1367084 -0.02506856 0.03057235 -0.136631 -0.02509498 -0.05917902 0.05041272 -0.009324709 -0.05945642 0.04860836 -0.008787878 -0.009294966 0.04272392 -0.0001308788 -0.05985904 0.04549918 -0.007857677 -0.06032112 0.04039484 -0.006307182 -0.06037012 0.03963423 -0.006072655 -0.06055136 0.03516667 -0.004678617 0.04137411 0.05654299 0.002339223 0.03984789 0.06005589 0.001015995 0.03751629 0.06485558 -0.000817711 0.03750626 0.0648765 -0.000825621 -0.06055142 0.03035235 -0.003140682 -0.05717159 0.05977219 -0.01208767 -0.05785219 0.05707648 -0.01129042 -0.01143292 0.0633019 -0.006955876 0.03500865 0.0694147 -0.002599648 0.03316421 0.07244036 -0.003816333 -0.05827789 0.05518663 -0.01073279 0.02946724 0.07783107 -0.00608342 0.02857722 0.07901268 -0.006604191 -0.01688135 0.07253544 -0.01078813 0.02650357 0.08161033 -0.007790705 0.02356539 0.08495037 -0.009427941 0.03230675 0.07376631 -0.004360101 -0.05598923 0.06379416 -0.01329373 -0.05388644 0.06959009 -0.01510354 -0.05442475 0.0682345 -0.01466899 -0.05588169 0.06412772 -0.01339494 0.02277919 0.08578178 -0.009861 0.02037465 0.08817006 -0.01117941 0.01836462 0.08999845 -0.01228374 0.02345942 0.08506366 -0.009486436 -0.0532343 0.07113822 -0.01561038 -0.05282185 0.07206998 -0.01592138 0.01418965 0.09334169 -0.01461394 0.01302085 0.0941742 -0.01528234 -0.01495679 0.0873795 -0.01671051 -0.05015276 0.07736515 -0.01781493 -0.05108648 0.07564129 -0.01717163 -0.04629056 0.08338708 -0.02036172 -0.04649291 0.08310965 -0.02023077 -0.04730042 0.08196151 -0.01970582 -0.04923 0.0789542 -0.01843601 -0.05002093 0.07759915 -0.01790401 -0.01591728 0.09162747 -0.01948455 0.01103351 0.09548999 -0.01643858 0.008062372 0.09723158 -0.01822941 -0.04231501 0.08820327 -0.02292426 -0.0428376 0.0876343 -0.02258761 -0.04301061 0.08744246 -0.02247585 0.01109464 0.09545083 -0.01640257 -0.0451823 0.08485134 -0.02107812 0.002417672 0.09981607 -0.02185929 -0.01634079 0.09519105 -0.02248478 0.005171204 0.09867154 -0.02004845 0.005821352 0.0983686 -0.01963255 -0.03815389 0.0921535 -0.02561591 -0.03847169 0.09188402 -0.02540916 -0.03859158 0.09178164 -0.02533199 0.00770418 0.0974229 -0.0184506 -0.04077408 0.08977986 -0.02391853 -0.003210153 0.1014743 -0.02578122 -0.016268 0.09811036 -0.02579485 -0.0003823854 0.1007553 -0.02377867 0.0008064782 0.1003837 -0.02295484 -0.03313735 0.09578219 -0.02884375 -0.03330223 0.09568052 -0.02874005 -0.03403504 0.09521195 -0.02827563 0.002082083 0.09994104 -0.02208628 -0.03604016 0.09381662 -0.02698508 -0.02096343 0.09903501 -0.02926715 -0.004788008 0.101775 -0.02691449 -0.006071547 0.1019669 -0.02783594 -0.02779469 0.09858224 -0.03198958 -0.02918927 0.09794339 -0.03122328 -0.003420281 0.1015188 -0.02593179 -0.03062502 0.09721994 -0.03038755 -0.008771441 0.1022185 -0.02974077 -0.008788256 0.1022194 -0.02975219 -0.01100495 0.1022723 -0.03123368 -0.01125876 0.1022702 -0.03139534 -0.02183782 0.1006905 -0.03426622 -0.02357739 0.1001701 -0.03383882 -0.0241767 0.09997413 -0.03363712 -0.02558918 0.09947459 -0.03306933 -0.01337991 0.1021778 -0.03264171 -0.013976 0.102131 -0.03294775 -0.01510212 0.102017 -0.0334591 -0.01676501 0.1017912 -0.03402934 -0.01849253 0.1014868 -0.0343706 -0.004788008 0.101775 -0.02691449 -0.003420281 0.1015188 -0.02593179 -0.001509374 0.1002675 -0.04999663 0.03984789 0.06005589 0.001015995 0.04137411 0.05654299 0.002339223 0.04504471 0.054141 -0.04390519 0.04386161 0.04995528 0.00478649 0.04462914 0.04763709 0.005639872 0.04850264 0.04510215 -0.04316106 -0.04580286 -0.01832789 -0.04734862 -0.0431605 -0.02372751 -0.04685833 -0.04774071 -0.020728 0.01085757 -0.04801715 -0.02022502 0.01108473 -0.04830424 -0.01968981 0.01126315 -0.04868576 -0.0189591 0.01142493 -0.04937364 -0.01758862 0.01154422 -0.04950574 -0.01731769 0.01154577 -0.0503169 -0.01559983 0.01143633 0.05031151 0.00346528 0.01836085 0.05476557 -0.003045631 -0.04016196 0.05034769 0.004574844 0.01837437 0.05040711 0.006879432 0.01820709 0.05028443 0.00271482 0.01830328 0.05022829 0.001199232 0.018023 0.05018535 -4.612568e-05 0.01755394 0.05507186 0.006289654 -0.04062278 0.05035669 0.01408328 0.01678606 0.05036671 0.01376151 0.01686787 0.05043209 0.009944306 0.01772334 0.05043221 0.009329518 0.01783766 0.05041823 0.007537739 0.01812353 0.04947873 0.02541338 0.01342854 0.04972241 0.02330434 0.01410794 0.05460092 0.01605307 -0.04116753 0.05010906 0.0189964 0.01543127 0.05016024 0.01824773 0.01565002 0.04697205 0.03927768 0.008668975 0.04720112 0.03831321 0.009012503 0.05128576 0.03563831 -0.04244839 0.04813675 0.03392301 0.01055645 0.05333447 0.0258718 -0.04177828 0.04903198 0.02868327 0.01234624 0.04905911 0.02850081 0.0124081 0.04554622 0.04463211 0.00673769 0.04196181 0.05509359 0.002880054 0.04098538 0.06259822 -0.04466682 0.03646767 0.07028049 -0.04542455 0.03316421 0.07244036 -0.003816333 0.03500865 0.0694147 -0.002599648 0.03750626 0.0648765 -0.000825621 0.03751629 0.06485558 -0.000817711 0.03172062 0.07696185 -0.04614848 0.02946724 0.07783107 -0.00608342 0.03230675 0.07376631 -0.004360101 0.02345942 0.08506366 -0.009486436 0.02356539 0.08495037 -0.009427941 0.02653972 0.08300602 -0.04687371 0.02650357 0.08161033 -0.007790705 0.02857722 0.07901268 -0.006604191 0.01727525 0.09092772 -0.01288456 0.01836462 0.08999845 -0.01228374 0.02116727 0.0881623 -0.04756801 0.02037465 0.08817006 -0.01117941 0.02277919 0.08578178 -0.009861 0.01109464 0.09545083 -0.01640257 0.01302085 0.0941742 -0.01528234 0.01564043 0.09245793 -0.04822984 0.01418965 0.09334169 -0.01461394 0.01662101 0.09146573 -0.0132477 0.01011848 0.0958419 -0.0488439 0.008062372 0.09723158 -0.01822941 0.01103351 0.09548999 -0.01643858 0.005171204 0.09867154 -0.02004845 0.005821352 0.0983686 -0.01963255 0.00770418 0.0974229 -0.0184506 -0.0003823854 0.1007553 -0.02377867 0.0008064782 0.1003837 -0.02295484 0.004255824 0.09851758 -0.04944819 0.002082083 0.09994104 -0.02208628 0.002417672 0.09981607 -0.02185929 -0.003210153 0.1014743 -0.02578122 -0.00712523 0.1011414 -0.0504877 -0.01125876 0.1022702 -0.03139534 -0.01100495 0.1022723 -0.03123368 -0.008788256 0.1022194 -0.02975219 -0.008771441 0.1022185 -0.02974077 -0.006071547 0.1019669 -0.02783594 -0.01676501 0.1017912 -0.03402934 -0.0125577 0.1011963 -0.05092167 -0.01849253 0.1014868 -0.0343706 -0.01771686 0.1004953 -0.05129465 -0.01510212 0.102017 -0.0334591 -0.013976 0.102131 -0.03294775 -0.01337991 0.1021778 -0.03264171 -0.02274117 0.09904253 -0.05161787 -0.0241767 0.09997413 -0.03363712 -0.02357739 0.1001701 -0.03383882 -0.02183782 0.1006905 -0.03426622 -0.02015852 0.1011244 -0.03444379 -0.0190567 0.1013718 -0.03442345 -0.02558918 0.09947459 -0.03306933 -0.02754599 0.09687237 -0.05188639 -0.02779469 0.09858224 -0.03198958 -0.03330223 0.09568052 -0.02874005 -0.03313735 0.09578219 -0.02884375 -0.0321461 0.09397245 -0.05210075 -0.03062502 0.09721994 -0.03038755 -0.02918927 0.09794339 -0.03122328 -0.03645553 0.09038032 -0.05225606 -0.03859158 0.09178164 -0.02533199 -0.03847169 0.09188402 -0.02540916 -0.03815389 0.0921535 -0.02561591 -0.03604016 0.09381662 -0.02698508 -0.03403504 0.09521195 -0.02827563 -0.04077408 0.08977986 -0.02391853 -0.04047635 0.08608635 -0.052352 -0.04231501 0.08820327 -0.02292426 -0.04394333 0.08143415 -0.05238536 -0.04649291 0.08310965 -0.02023077 -0.04629056 0.08338708 -0.02036172 -0.0451823 0.08485134 -0.02107812 -0.04301061 0.08744246 -0.02247585 -0.0428376 0.0876343 -0.02258761 -0.04730042 0.08196151 -0.01970582 -0.04728828 0.07580631 -0.05235835 -0.04923 0.0789542 -0.01843601 -0.05282185 0.07206998 -0.01592138 -0.05108648 0.07564129 -0.01717163 -0.05032899 0.06923315 -0.05225807 -0.05015276 0.07736515 -0.01781493 -0.05002093 0.07759915 -0.01790401 -0.05588169 0.06412772 -0.01339494 -0.05442475 0.0682345 -0.01466899 -0.05291709 0.06178069 -0.05207617 -0.05388644 0.06959009 -0.01510354 -0.0532343 0.07113822 -0.01561038 -0.05463715 0.05496943 -0.05185871 -0.05717159 0.05977219 -0.01208767 -0.05598923 0.06379416 -0.01329373 -0.05945642 0.04860836 -0.008787878 -0.05917902 0.05041272 -0.009324709 -0.05606505 0.04638837 -0.05152609 -0.05827789 0.05518663 -0.01073279 -0.05785219 0.05707648 -0.01129042 -0.05985904 0.04549918 -0.007857677 -0.05679812 0.03729428 -0.05111168 -0.06032112 0.04039484 -0.006307182 -0.05678367 0.0278859 -0.05062161 -0.06055136 0.03516667 -0.004678617 -0.06037012 0.03963423 -0.006072655 -0.05998264 0.02092505 -1.807525e-05 -0.06027919 0.02441599 -0.001190344 -0.05601321 0.01832433 -0.05006358 -0.06053922 0.02985432 -0.002979231 -0.06055142 0.03035235 -0.003140682 -0.05976991 0.01894384 0.0006532278 -0.05448121 0.00870119 -0.04944192 -0.05901144 0.01348058 0.002525154 -0.05671847 0.002599122 0.006286058 -0.05681192 0.002965937 0.006160136 -0.05224048 -0.0006685604 -0.04877719 -0.05800663 0.008106242 0.004384886 -0.05866038 0.01143994 0.003229608 -0.04931626 -0.00976139 -0.04807261 -0.05536376 -0.002233678 0.007917397 -0.05661556 0.002203886 0.00642124 -0.05107893 -0.01389825 0.01118296 -0.05140203 -0.01314629 0.01103889 -0.05258227 -0.01024684 0.0103556 -0.05348356 -0.00784787 0.009685286 -0.05386185 -0.00679385 0.009370464 -0.05386866 -0.006774351 0.009364892 0.02411417 -0.1001459 -0.01083099 0.01987731 -0.1010407 -0.01112071 -0.0203119 -0.08811645 -0.01502484 -0.01900401 -0.08897292 -0.03150585 -0.01835943 -0.08770409 -0.01489132 -0.01705154 -0.08856056 -0.03137234 0.05027125 -0.003379316 0.01403946 0.05043055 -0.005022297 0.01109187 0.05022662 -0.002800359 0.01497115 0.05017691 -0.0003840424 0.01737294 0.05017412 -0.0005798018 0.01725432 0.05017334 -0.001466221 0.01657307 0.05019941 -0.002347232 0.01560237 0.05045216 -0.005243578 0.01071032 0.05056235 -0.006425254 0.008838797 0.05065335 -0.007644977 0.007200767 0.05066408 -0.007803105 0.007007934 0.05076757 -0.009424393 0.005229037 0.05432453 -0.01255234 -0.03970293 0.06208122 -0.06650335 -0.03628372 0.05985376 -0.06476984 -0.009603143 0.06133707 -0.06926177 -0.009482029 0.06517855 -0.07548231 -0.03557132 0.06289474 -0.07360724 -0.009207934 0.06308365 -0.07411318 -0.009164641 0.056819 -0.05403559 -0.009281793 0.0568597 -0.05420039 -0.009293102 0.05851528 -0.05330184 -0.03725274 0.05820731 -0.05925432 -0.009541284 0.0597467 -0.06443172 -0.009606107 0.05602463 -0.03985088 -0.0381494 0.05358299 -0.03829204 -0.007272954 0.0544902 -0.04344938 -0.008146372 0.05451247 -0.04356868 -0.008163518 0.05557003 -0.04872334 -0.008817216 0.05628156 -0.05183612 -0.009114292 0.05192431 -0.02553075 -0.003945322 0.05192631 -0.02555225 -0.003953086 0.05462534 -0.02623812 -0.03896785 0.05234551 -0.02941373 -0.005167624 0.05289434 -0.03372275 -0.006296385 0.05290563 -0.033804 -0.006315375 0.05082651 -0.01040644 0.004299344 0.05088167 -0.01132702 0.003504777 0.0510087 -0.01347465 0.001883675 0.05104966 -0.0141755 0.001412061 0.05115276 -0.01582727 0.0003921021 0.0513391 -0.01864235 -0.001113267 0.05137997 -0.01921655 -0.001390572 0.05159857 -0.02198911 -0.002615338 0.05181364 -0.0243903 -0.003542265 0.05714227 -0.0728909 -0.02629883 0.05583438 -0.07203444 -0.009817813 0.0551898 -0.07330326 -0.02643234 0.05388191 -0.0724468 -0.009951327 -0.0141607 -0.1124244 -0.0299028 -0.01565432 -0.1114463 -0.01108129 -0.01220823 -0.1120121 -0.02976929 -0.01370186 -0.111034 -0.01094778 0.04886734 -0.08860118 0.008415328 0.05570098 -0.08715792 0.008882625 0.0489216 -0.08852154 0.00737585 0.05575525 -0.08707829 0.007843147 0.0489172 -0.088181 0.006388471 0.05575084 -0.08673774 0.006855768 0.04885433 -0.08760266 0.005521711 0.05568797 -0.08615941 0.005989008 0.0487374 -0.0868261 0.004833221 0.05557104 -0.08538284 0.005300518 0.04857432 -0.08590414 0.004370573 0.05540796 -0.08446088 0.00483787 0.04837613 -0.08489954 0.004166029 0.05520978 -0.08345628 0.004633326 0.04815646 -0.08388086 0.00423227 0.0549901 -0.08243761 0.004699567 0.04793018 -0.08291752 0.004566046 0.05476382 -0.08147426 0.005033343 0.04771276 -0.08207515 0.005143872 0.0545464 -0.08063189 0.005611169 0.04751906 -0.08141114 0.005925711 0.0543527 -0.07996788 0.006393008 0.04736218 -0.08097075 0.006859708 0.05419582 -0.07952749 0.007327005 0.04725291 -0.08078402 0.007880978 0.05408655 -0.07934076 0.008348275 0.04719864 -0.08086366 0.008920457 0.05403229 -0.0794204 0.009387754 0.04720305 -0.0812042 0.009907835 0.05403669 -0.07976094 0.01037513 0.04726592 -0.08178254 0.0107746 0.05409956 -0.08033928 0.01124189 0.04738285 -0.0825591 0.01146309 0.05421649 -0.08111584 0.01193038 0.04754593 -0.08348106 0.01192573 0.05437957 -0.0820378 0.01239303 0.04774411 -0.08448566 0.01213028 0.05457776 -0.0830424 0.01259757 0.04796379 -0.08550434 0.01206404 0.05479743 -0.08406108 0.01253133 0.04819007 -0.08646768 0.01173026 0.05502371 -0.08502443 0.01219756 0.04840749 -0.08731005 0.01115243 0.05524113 -0.0858668 0.01161973 0.04860119 -0.08797406 0.0103706 0.05543483 -0.0865308 0.01083789 0.04875807 -0.08841445 0.009436599 0.05559171 -0.08697119 0.009903896 -0.01654036 -0.1024152 0.003942628 -0.009706718 -0.100972 0.004409925 -0.0164861 -0.1023356 0.002903149 -0.009652456 -0.1008923 0.003370446 -0.0164905 -0.101995 0.001915771 -0.00965686 -0.1005518 0.002383068 -0.01655337 -0.1014167 0.00104901 -0.009719733 -0.09997344 0.001516308 -0.0166703 -0.1006401 0.0003605207 -0.009836662 -0.09919688 0.0008278178 -0.01683338 -0.09971818 -0.0001021276 -0.009999742 -0.09827492 0.0003651694 -0.01703157 -0.09871357 -0.0003066714 -0.01019793 -0.09727032 0.0001606256 -0.01725124 -0.0976949 -0.0002404308 -0.0104176 -0.09625164 0.0002268663 -0.01747752 -0.09673155 9.334574e-05 -0.01064388 -0.09528829 0.0005606428 -0.01769494 -0.09588918 0.0006711716 -0.0108613 -0.09444592 0.001138469 -0.01788864 -0.09522517 0.001453011 -0.011055 -0.09378192 0.001920308 -0.01804552 -0.09478478 0.002387007 -0.01121188 -0.09334153 0.002854304 -0.01815479 -0.09459805 0.003408278 -0.01132115 -0.0931548 0.003875575 -0.01820906 -0.09467769 0.004447757 -0.01137542 -0.09323443 0.004915054 -0.01820465 -0.09501824 0.005435135 -0.01137101 -0.09357498 0.005902432 -0.01814178 -0.09559657 0.006301895 -0.01130814 -0.09415331 0.006769192 -0.01802485 -0.09637314 0.006990385 -0.01119121 -0.09492988 0.007457682 -0.01786177 -0.09729509 0.007453033 -0.01102813 -0.09585184 0.00792033 -0.01766359 -0.0982997 0.007657577 -0.01082995 -0.09685644 0.008124874 -0.01744391 -0.09931837 0.007591337 -0.01061027 -0.09787511 0.008058634 -0.01721763 -0.1002817 0.00725756 -0.01038399 -0.09883846 0.007724857 -0.01700021 -0.1011241 0.006679734 -0.01016657 -0.09968083 0.007147031 -0.01680651 -0.1017881 0.005897895 -0.00997287 -0.1003448 0.006365192 -0.01664963 -0.1022285 0.004963899 -0.009815991 -0.1007852 0.005431196 -0.00965686 -0.1005518 0.002383068 -0.009652456 -0.1008923 0.003370446 -0.01051394 -0.09706338 0.00414275 -0.009706718 -0.100972 0.004409925 -0.009815991 -0.1007852 0.005431196 -0.009999742 -0.09827492 0.0003651694 -0.009836662 -0.09919688 0.0008278178 -0.009719733 -0.09997344 0.001516308 -0.01064388 -0.09528829 0.0005606428 -0.0104176 -0.09625164 0.0002268663 -0.01019793 -0.09727032 0.0001606256 -0.01121188 -0.09334153 0.002854304 -0.011055 -0.09378192 0.001920308 -0.0108613 -0.09444592 0.001138469 -0.01137101 -0.09357498 0.005902432 -0.01137542 -0.09323443 0.004915054 -0.01132115 -0.0931548 0.003875575 -0.01102813 -0.09585184 0.00792033 -0.01119121 -0.09492988 0.007457682 -0.01130814 -0.09415331 0.006769192 -0.01038399 -0.09883846 0.007724857 -0.01061027 -0.09787511 0.008058634 -0.01082995 -0.09685644 0.008124874 -0.00997287 -0.1003448 0.006365192 -0.01016657 -0.09968083 0.007147031 0.04860119 -0.08797406 0.0103706 0.04875807 -0.08841445 0.009436599 0.04806012 -0.0846926 0.008148153 0.04886734 -0.08860118 0.008415328 0.0489216 -0.08852154 0.00737585 0.04796379 -0.08550434 0.01206404 0.04819007 -0.08646768 0.01173026 0.04840749 -0.08731005 0.01115243 0.04738285 -0.0825591 0.01146309 0.04754593 -0.08348106 0.01192573 0.04774411 -0.08448566 0.01213028 0.04719864 -0.08086366 0.008920457 0.04720305 -0.0812042 0.009907835 0.04726592 -0.08178254 0.0107746 0.04751906 -0.08141114 0.005925711 0.04736218 -0.08097075 0.006859708 0.04725291 -0.08078402 0.007880978 0.04815646 -0.08388086 0.00423227 0.04793018 -0.08291752 0.004566046 0.04771276 -0.08207515 0.005143872 0.0487374 -0.0868261 0.004833221 0.04857432 -0.08590414 0.004370573 0.04837613 -0.08489954 0.004166029 0.0489172 -0.088181 0.006388471 0.04885433 -0.08760266 0.005521711 0.002390074 -0.1029729 0.0134465 0.002692176 -0.1040086 0.01222751 0.003170117 -0.1054429 0.009668029 0.003527182 -0.1062112 0.006819254 0.03443676 -0.07950062 0.0204633 0.03695858 -0.07923198 0.01677415 0.03416264 -0.07982248 0.01658296 -0.0009817939 -0.08724495 0.01417972 -0.003777729 -0.08783544 0.01398852 -0.001865493 -0.08716762 0.01798089 0.0009932511 -0.0863198 0.0217467 0.004566063 -0.08537228 0.02481365 0.008695566 -0.08436658 0.02704986 0.02255809 -0.08143883 0.0279978 0.02699602 -0.0806351 0.02634745 0.03101441 -0.07997937 0.02379961 0.02929412 -0.08228711 -0.004763557 0.03151389 -0.08159155 -0.001294672 0.03765037 -0.0821064 -0.02736675 0.02625978 -0.08310195 -0.007516425 0.03277002 -0.08106223 0.002653827 0.03297492 -0.08073563 0.006812703 0.03211572 -0.08063376 0.01089882 0.03024985 -0.0807638 0.01463383 0.02750653 -0.08111651 0.01776232 0.004460486 -0.0873052 -0.003144634 0.007203888 -0.08695254 -0.006274128 0.002505931 -0.08952887 -0.02976999 0.01064003 -0.08640083 -0.008584532 0.01453357 -0.08568785 -0.009917777 0.01861921 -0.08486226 -0.0101839 0.02261874 -0.08398027 -0.009364897 0.003196445 -0.08647745 0.01278386 0.001940318 -0.08700678 0.008835365 0.001735419 -0.08733338 0.004676488 0.002594617 -0.08743524 0.0005903766 0.02407038 -0.08166823 0.02007273 0.02017685 -0.08238121 0.02140597 0.017892 -0.08235609 0.02867666 0.01609113 -0.08320675 0.02167309 0.01320413 -0.08334616 0.02835609 0.01209168 -0.08408879 0.02085309 0.008450635 -0.08496711 0.01900462 0.005416298 -0.08578195 0.01625175 -0.0006571044 -0.103513 0.01475154 -0.001135108 -0.1037174 0.01320545 0.002390074 -0.1029729 0.0134465 0.03730543 -0.09584261 0.01226776 0.03815626 -0.0959576 0.008014917 0.03753451 -0.09555045 0.01584975 0.003011824 -0.1033801 0.005611675 0.003182131 -0.1030494 0.009934341 0.007794937 -0.1010066 0.02588235 0.01192444 -0.1000009 0.02811856 0.016433 -0.09898049 0.02942479 0.004222125 -0.1019541 0.0228154 0.001363381 -0.1028019 0.01904959 0.04105969 -0.09480593 0.01609081 0.04034279 -0.09485389 0.01755519 0.03766563 -0.09513495 0.021532 0.03424328 -0.0956137 0.02486831 0.0302249 -0.09626943 0.02741615 0.02578697 -0.09707316 0.0290665 0.02112088 -0.09799042 0.02974536 0.02548573 -0.0974821 0.02399419 0.02939577 -0.0967943 0.02224269 0.03279387 -0.09627347 0.01959537 0.03548241 -0.09594998 0.01620488 0.009431782 -0.1010107 0.02087751 0.006488263 -0.1018292 0.01779654 0.004363963 -0.1025222 0.01407694 0.01302313 -0.1001142 0.02314198 0.017054 -0.09919185 0.02445658 0.02129085 -0.09829703 0.02474631 0.03876163 -0.09888884 0.008215285 0.03876697 -0.0988925 0.008148598 0.05731542 -0.09497509 0.009416975 0.03401178 -0.07879757 0.01562373 0.03416264 -0.07982248 0.01658296 0.03695858 -0.07923198 0.01677415 0.03684942 -0.07990732 0.01725059 0.05256023 -0.07488016 0.01689211 0.0529114 -0.07714622 0.01875541 0.05235043 -0.07312131 0.01452797 0.03380197 -0.07703872 0.0132596 0.05229492 -0.07197658 0.01180419 0.03374647 -0.07589399 0.01053582 0.05239685 -0.07151513 0.008888343 0.0338484 -0.07543254 0.007619965 0.03867221 -0.09878964 0.009216563 0.05722067 -0.09487223 0.01048494 0.05686644 -0.09411206 0.01331729 0.03831799 -0.09802947 0.01204891 0.05639253 -0.09269334 0.01586584 0.03784408 -0.09661075 0.01459746 0.03753451 -0.09555045 0.01584975 0.04105969 -0.09480593 0.01609081 0.04045519 -0.09394964 0.01692347 0.05582785 -0.0907021 0.01797363 0.04023499 -0.09362104 0.01719629 0.05520649 -0.0882591 0.01951504 0.03941553 -0.09229862 0.01808511 0.03785124 -0.08904358 0.01925335 0.03792975 -0.08924767 0.01921494 0.0545662 -0.08551245 0.0203953 0.03861826 -0.09080803 0.01877409 0.03906394 -0.0916704 0.01841029 0.03738995 -0.08767773 0.01941396 0.05394573 -0.08262853 0.02056182 0.03699849 -0.08610052 0.01939837 0.03675529 -0.08451158 0.01917094 0.05338278 -0.07978227 0.0200036 0.03666743 -0.08331121 0.01886051 0.03676701 -0.08055386 0.01765132 0.03669466 -0.08138301 0.01809448 0.03665689 -0.08291363 0.01873053 0.03867221 -0.09878964 0.009216563 0.03831799 -0.09802947 0.01204891 0.03784408 -0.09661075 0.01459746 0.03753451 -0.09555045 0.01584975 0.0545464 -0.08063189 0.005611169 0.05476382 -0.08147426 0.005033343 0.05388191 -0.0724468 -0.009951327 0.0551898 -0.07330326 -0.02643234 0.05557104 -0.08538284 0.005300518 0.05853949 -0.09577666 -0.006007783 0.05540796 -0.08446088 0.00483787 0.06003311 -0.09675476 -0.02482929 0.05520978 -0.08345628 0.004633326 0.0549901 -0.08243761 0.004699567 0.05568797 -0.08615941 0.005989008 0.05575084 -0.08673774 0.006855768 0.05731542 -0.09497509 0.009416975 0.05575525 -0.08707829 0.007843147 0.05570098 -0.08715792 0.008882625 0.05722067 -0.09487223 0.01048494 0.05559171 -0.08697119 0.009903896 0.05686644 -0.09411206 0.01331729 0.05639253 -0.09269334 0.01586584 0.05543483 -0.0865308 0.01083789 0.05582785 -0.0907021 0.01797363 0.05524113 -0.0858668 0.01161973 0.05520649 -0.0882591 0.01951504 0.05502371 -0.08502443 0.01219756 0.0545662 -0.08551245 0.0203953 0.05479743 -0.08406108 0.01253133 0.05394573 -0.08262853 0.02056182 0.05457776 -0.0830424 0.01259757 0.05338278 -0.07978227 0.0200036 0.05437957 -0.0820378 0.01239303 0.0529114 -0.07714622 0.01875541 0.05421649 -0.08111584 0.01193038 0.05256023 -0.07488016 0.01689211 0.05409956 -0.08033928 0.01124189 0.05235043 -0.07312131 0.01452797 0.05403669 -0.07976094 0.01037513 0.05229492 -0.07197658 0.01180419 0.05403229 -0.0794204 0.009387754 0.05239685 -0.07151513 0.008888343 0.05408655 -0.07934076 0.008348275 0.05247211 -0.0715236 0.007813925 0.05419582 -0.07952749 0.007327005 0.0543527 -0.07996788 0.006393008 0.03380197 -0.07703872 0.0132596 0.03374647 -0.07589399 0.01053582 0.0338484 -0.07543254 0.007619965 0.03664135 -0.07722068 -0.02770072 0.03765037 -0.0821064 -0.02736675 0.03392366 -0.07544101 0.006545548 0.03416264 -0.07982248 0.01658296 0.03401178 -0.07879757 0.01562373 0.05853949 -0.09577666 -0.006007783 0.04840227 -0.09791763 -0.006700985 0.04989589 -0.09889573 -0.0255225 0.04148466 -0.1006722 -0.02609767 0.01902282 -0.08681655 -0.01005031 0.0212889 -0.08646583 -0.0117661 0.02302235 -0.08593456 -0.00923131 0.02531977 -0.08554349 -0.01045149 0.02666339 -0.08505624 -0.007382837 0.02891112 -0.084647 -0.008187027 0.02969773 -0.0842414 -0.00462997 0.03185464 -0.08382849 -0.005106058 0.0319175 -0.08354585 -0.001161084 0.03397886 -0.08313546 -0.001385465 0.03317363 -0.08301652 0.002787414 0.03516077 -0.08260827 0.002756143 0.03337853 -0.08268992 0.006946291 0.035331 -0.08227756 0.007079804 0.03251933 -0.08258806 0.0110324 0.03448016 -0.08216257 0.01133264 0.03065346 -0.08271809 0.01476741 0.03265714 -0.08226994 0.01526977 0.02791014 -0.08307081 0.01789591 0.02996861 -0.08259343 0.01866026 0.02447399 -0.08362252 0.02020632 0.02657051 -0.08311426 0.02130757 0.02058046 -0.0843355 0.02153956 0.02266047 -0.08380206 0.02305908 0.01649474 -0.08516104 0.02180668 0.01846559 -0.08461699 0.02381119 0.01422873 -0.08551181 0.02352147 0.01249529 -0.08604308 0.02098668 0.01019786 -0.08643415 0.02220686 0.008854244 -0.0869214 0.01913821 0.006606517 -0.08733064 0.0199424 0.005819907 -0.08773624 0.01638534 0.003662998 -0.08814915 0.01686143 0.003600055 -0.08843174 0.01291745 0.001538699 -0.08884213 0.01314183 0.002343927 -0.08896107 0.008968952 0.0003568665 -0.08936938 0.008999229 0.002139029 -0.08928767 0.004810076 0.0001865599 -0.08970003 0.004676562 0.002998226 -0.08938953 0.0007239641 0.001037473 -0.08981507 0.0004227283 0.004864095 -0.0892595 -0.003011046 0.002860411 -0.08970764 -0.003513403 0.007607498 -0.08890684 -0.006140541 0.005549026 -0.08938421 -0.006904884 0.01104364 -0.08835512 -0.008450945 0.008947126 -0.08886338 -0.009552202 0.01493718 -0.08764214 -0.009784189 0.01285717 -0.08817558 -0.01130371 0.01705205 -0.08736065 -0.01205582 0.03337853 -0.08268992 0.006946291 0.03297492 -0.08073563 0.006812703 0.03317363 -0.08301652 0.002787414 0.03277002 -0.08106223 0.002653827 0.0319175 -0.08354585 -0.001161084 0.03151389 -0.08159155 -0.001294672 0.02969773 -0.0842414 -0.00462997 0.02929412 -0.08228711 -0.004763557 0.02666339 -0.08505624 -0.007382837 0.02625978 -0.08310195 -0.007516425 0.02302235 -0.08593456 -0.00923131 0.02261874 -0.08398027 -0.009364897 0.01902282 -0.08681655 -0.01005031 0.01861921 -0.08486226 -0.0101839 0.01493718 -0.08764214 -0.009784189 0.01453357 -0.08568785 -0.009917777 0.01104364 -0.08835512 -0.008450945 0.01064003 -0.08640083 -0.008584532 0.007607498 -0.08890684 -0.006140541 0.007203888 -0.08695254 -0.006274128 0.004864095 -0.0892595 -0.003011046 0.004460486 -0.0873052 -0.003144634 0.002998226 -0.08938953 0.0007239641 0.002594617 -0.08743524 0.0005903766 0.002139029 -0.08928767 0.004810076 0.001735419 -0.08733338 0.004676488 0.002343927 -0.08896107 0.008968952 0.001940318 -0.08700678 0.008835365 0.003600055 -0.08843174 0.01291745 0.003196445 -0.08647745 0.01278386 0.005819907 -0.08773624 0.01638534 0.005416298 -0.08578195 0.01625175 0.008854244 -0.0869214 0.01913821 0.008450635 -0.08496711 0.01900462 0.01249529 -0.08604308 0.02098668 0.01209168 -0.08408879 0.02085309 0.01649474 -0.08516104 0.02180668 0.01609113 -0.08320675 0.02167309 0.02058046 -0.0843355 0.02153956 0.02017685 -0.08238121 0.02140597 0.02447399 -0.08362252 0.02020632 0.02407038 -0.08166823 0.02007273 0.02791014 -0.08307081 0.01789591 0.02750653 -0.08111651 0.01776232 0.03065346 -0.08271809 0.01476741 0.03024985 -0.0807638 0.01463383 0.03251933 -0.08258806 0.0110324 0.03211572 -0.08063376 0.01089882 -0.006880183 -0.01974722 -0.01069339 -0.006670603 -0.01977139 -0.01086736 -0.007326043 -0.01659806 -0.01108328 0.004090798 -0.01959172 -0.0146976 0.005098826 -0.01939604 -0.01465891 0.004089279 -0.01450777 -0.01499305 -0.01200954 -0.01902144 -0.002442299 -0.01193531 -0.01708076 -0.004218774 -0.0123909 -0.01893319 9.256493e-07 -0.01279451 -0.0169789 -0.0001326619 -0.012186 -0.01860659 0.004159802 -0.01258961 -0.01665229 0.004026215 -0.01092988 -0.01807726 0.008108301 -0.01133349 -0.01612297 0.007974713 -0.008710024 -0.01738176 0.01157619 -0.009113633 -0.01542746 0.0114426 -0.005675687 -0.01656692 0.01432906 -0.006079296 -0.01461262 0.01419547 -0.002034645 -0.0156886 0.01617753 -0.002438254 -0.01373431 0.01604394 0.001964806 -0.01480656 0.01699753 0.001561197 -0.01285227 0.01686394 0.006050528 -0.01398102 0.01673041 0.005646919 -0.01202673 0.01659682 0.009944063 -0.01326804 0.01539717 0.009540453 -0.01131375 0.01526358 0.01338021 -0.01271632 0.01308676 0.0129766 -0.01076203 0.01295317 0.01612353 -0.01236361 0.009958263 0.01571992 -0.01040932 0.009824675 0.0179894 -0.01223357 0.006223253 0.01758579 -0.01027928 0.006089665 0.0188486 -0.01233544 0.002137141 0.01844499 -0.01038115 0.002003553 0.01885704 -0.01250245 -0.000331585 0.01824009 -0.01070775 -0.002155323 0.01865361 -0.01270478 -0.002019732 0.01748494 -0.0136625 -0.005939029 0.01752234 -0.01363424 -0.005854157 0.01698396 -0.01123707 -0.006103822 0.01817324 -0.01311842 -0.004068439 0.01861654 -0.01273833 -0.002227856 0.01668153 -0.01425428 -0.007521958 0.01476419 -0.01193263 -0.009572707 0.01563148 -0.01496902 -0.009087936 0.01255849 -0.0167496 -0.01205284 0.01293401 -0.01655532 -0.011778 0.01172985 -0.01274747 -0.01232557 0.01437085 -0.01575231 -0.01052342 0.01541961 -0.01510586 -0.009356797 0.01136512 -0.01732479 -0.01280774 0.008088809 -0.01362579 -0.01417405 0.009640203 -0.01805122 -0.01363613 0.005987545 -0.01919402 -0.01457276 0.007826957 -0.01868392 -0.01422629 0.009050401 -0.01827166 -0.01385731 0.002182202 -0.01986639 -0.01459471 3.63588e-06 -0.01533337 -0.01472693 0.0009612626 -0.01997977 -0.01441048 -0.003455117 -0.02003349 -0.01293501 -0.003065041 -0.02004954 -0.0131222 -0.003889899 -0.01604634 -0.01339368 -0.001617016 -0.02007491 -0.01371213 0.0002669927 -0.02002365 -0.0142634 -0.005232588 -0.01991513 -0.01191902 -0.01069885 -0.0192004 -0.0059572 -0.01006944 -0.01695072 -0.007953784 -0.01149367 -0.01908226 -0.0041661 -0.01152374 -0.01907821 -0.004083316 -0.009631919 -0.01936639 -0.007700111 -0.009568467 -0.01937615 -0.007788991 -0.008357052 -0.01955616 -0.009279635 0.004089279 -0.01450777 -0.01499305 0.002118506 -0.01505188 -0.01699856 3.63588e-06 -0.01533337 -0.01472693 -0.002076374 -0.01586681 -0.01624645 -0.003889899 -0.01604634 -0.01339368 -0.005986415 -0.0165546 -0.01449494 -0.007326043 -0.01659806 -0.01108328 -0.009384514 -0.01707543 -0.01184762 -0.01006944 -0.01695072 -0.007953784 -0.01207313 -0.01739887 -0.00845614 -0.01193531 -0.01708076 -0.004218774 -0.01389607 -0.01750629 -0.004520009 -0.01279451 -0.0169789 -0.0001326619 -0.01474698 -0.01739125 -0.0002661753 -0.01258961 -0.01665229 0.004026215 -0.01457667 -0.0170606 0.004056491 -0.01133349 -0.01612297 0.007974713 -0.01339484 -0.01653335 0.008199095 -0.009113633 -0.01542746 0.0114426 -0.01127054 -0.01584038 0.01191869 -0.006079296 -0.01461262 0.01419547 -0.008327023 -0.01502186 0.01499966 -0.002438254 -0.01373431 0.01604394 -0.004735679 -0.01412537 0.01726413 0.001561197 -0.01285227 0.01686394 -0.0007048081 -0.01320304 0.01857873 0.003532049 -0.01230822 0.01886846 0.005646919 -0.01202673 0.01659682 0.007726929 -0.01149328 0.01811634 0.009540453 -0.01131375 0.01526358 0.01163697 -0.01080549 0.01636484 0.0129766 -0.01076203 0.01295317 0.01503507 -0.01028466 0.01371752 0.01571992 -0.01040932 0.009824675 0.0177236 -0.009961171 0.01032703 0.01758579 -0.01027928 0.006089665 0.01954662 -0.009853799 0.006389905 0.01844499 -0.01038115 0.002003553 0.02039746 -0.009968788 0.002137067 0.01824009 -0.01070775 -0.002155323 0.02022723 -0.01029949 -0.002186595 0.01698396 -0.01123707 -0.006103822 0.01904532 -0.01082669 -0.006328203 0.01476419 -0.01193263 -0.009572707 0.0169211 -0.01151972 -0.0100488 0.01172985 -0.01274747 -0.01232557 0.01397758 -0.01233823 -0.01312976 0.008088809 -0.01362579 -0.01417405 0.01038623 -0.01323472 -0.01539423 0.006355363 -0.01415706 -0.01670884 -0.01902964 -0.02050407 -0.002922347 -0.01535062 -0.03083307 -0.0248222 -0.01640166 -0.02714219 -0.02085143 -0.01973044 -0.006525249 -0.03584804 -0.01183742 -0.04511865 -0.03207701 -0.01066277 -0.05047822 -0.03270173 -0.01004381 -0.05342824 -0.03264194 -0.01733864 -0.02418485 -0.01628304 -0.01813366 -0.0220492 -0.01125285 -0.01876311 -0.0207986 -0.005910406 -0.01303402 -0.03995714 -0.03051961 -0.01421678 -0.03514752 -0.02807796 0.03424401 -0.04099395 -0.02963092 0.03486297 -0.04394397 -0.02957113 0.02517634 0.002959014 -0.03277723 0.02587714 -0.01101981 0.0001484626 0.02614367 -0.01131434 -0.002839597 0.02677312 -0.01256494 -0.008182044 0.02756814 -0.01470059 -0.01321223 0.02850512 -0.01765793 -0.01778062 0.02955616 -0.0213488 -0.02175139 0.03069 -0.02566326 -0.02500715 0.03187276 -0.03047288 -0.0274488 0.03306936 -0.03563439 -0.0290062 -0.01757224 -0.003711216 -0.001201288 -0.01474698 -0.01739125 -0.0002661753 -0.01672133 -0.003826257 -0.005455122 -0.01389607 -0.01750629 -0.004520009 -0.01489839 -0.003718833 -0.009391253 -0.01207313 -0.01739887 -0.00845614 -0.01220978 -0.003395396 -0.01278273 -0.009384514 -0.01707543 -0.01184762 -0.008811679 -0.002874565 -0.01543005 -0.005986415 -0.0165546 -0.01449494 -0.004901638 -0.002186772 -0.01718156 -0.002076374 -0.01586681 -0.01624645 -0.0007067584 -0.001371837 -0.01793367 0.002118506 -0.01505188 -0.01699856 0.003530099 -0.0004770177 -0.01764395 0.006355363 -0.01415706 -0.01670884 0.007560969 0.0004453176 -0.01632934 0.01038623 -0.01323472 -0.01539423 0.01115231 0.001341808 -0.01406488 0.01397758 -0.01233823 -0.01312976 0.01409583 0.00216032 -0.01098391 0.0169211 -0.01151972 -0.0100488 0.01622005 0.002853349 -0.007263316 0.01904532 -0.01082669 -0.006328203 0.01740196 0.003380546 -0.003121708 0.02022723 -0.01029949 -0.002186595 0.01757219 0.00371125 0.001201954 0.02039746 -0.009968788 0.002137067 0.01672136 0.003826239 0.005454793 0.01954662 -0.009853799 0.006389905 0.01489834 0.003718867 0.009391919 0.0177236 -0.009961171 0.01032703 0.0122098 0.003395379 0.01278241 0.01503507 -0.01028466 0.01371752 0.008811705 0.002874548 0.01542972 0.01163697 -0.01080549 0.01636484 0.004901665 0.002186754 0.01718123 0.007726929 -0.01149328 0.01811634 0.0007067846 0.00137182 0.01793334 0.003532049 -0.01230822 0.01886846 -0.003530072 0.0004770001 0.01764362 -0.0007048081 -0.01320304 0.01857873 -0.007560943 -0.0004453351 0.01632901 -0.004735679 -0.01412537 0.01726413 -0.01115229 -0.001341826 0.01406455 -0.008327023 -0.01502186 0.01499966 -0.01409581 -0.002160337 0.01098358 -0.01127054 -0.01584038 0.01191869 -0.01622011 -0.002853314 0.007263982 -0.01339484 -0.01653335 0.008199095 -0.01740194 -0.003380564 0.003121378 -0.01457667 -0.0170606 0.004056491 -0.01220978 -0.003395396 -0.01278273 -0.008811679 -0.002874565 -0.01543005 -0.01973044 -0.006525249 -0.03584804 0.007560969 0.0004453176 -0.01632934 0.01115231 0.001341808 -0.01406488 0.02517634 0.002959014 -0.03277723 -0.01409581 -0.002160337 0.01098358 -0.01622011 -0.002853314 0.007263982 -0.02125173 -0.003848253 0.007910834 -0.02234016 -0.004391011 0.003259137 -0.01740194 -0.003380564 0.003121378 -0.02245342 -0.004742114 -0.001535071 -0.004901638 -0.002186772 -0.01718156 -0.0007067584 -0.001371837 -0.01793367 0.003530099 -0.0004770177 -0.01764395 0.01409583 0.00216032 -0.01098391 0.01622005 0.002853349 -0.007263316 0.02245336 0.004742148 0.001535738 -0.01923285 -0.003136968 0.01221678 -0.01637458 -0.002288841 0.01598856 -0.01115229 -0.001341826 0.01406455 -0.01280029 -0.0013406 0.01906162 -0.007560943 -0.0004453351 0.01632901 -0.008666226 -0.0003336601 0.02130214 -0.003530072 0.0004770001 0.01764362 -0.004153998 0.0006877372 0.02261163 0.0007067846 0.00137182 0.01793334 0.0005397367 0.001679049 0.02293259 0.004901665 0.002186754 0.01718123 0.005209969 0.002596977 0.02225102 0.008811705 0.002874548 0.01542972 -0.01757224 -0.003711216 -0.001201288 -0.01672133 -0.003826257 -0.005455122 -0.01489839 -0.003718833 -0.009391253 0.009653096 0.003401531 0.02059702 0.01367391 0.004057368 0.01804334 0.0122098 0.003395379 0.01278241 0.01709673 0.004535801 0.01470106 0.01489834 0.003718867 0.009391919 0.01977354 0.00481624 0.01071622 0.01672136 0.003826239 0.005454793 0.02158453 0.004885835 0.006262789 0.01757219 0.00371125 0.001201954 0.01740196 0.003380546 -0.003121708 0.05462534 -0.02623812 -0.03896785 -0.03899379 -0.03226066 -0.04608423 0.05432453 -0.01255234 -0.03970293 -0.0431605 -0.02372751 -0.04685833 0.05128576 0.03563831 -0.04244839 0.05333447 0.0258718 -0.04177828 -0.05448121 0.00870119 -0.04944192 -0.05601321 0.01832433 -0.05006358 -0.05678367 0.0278859 -0.05062161 0.04850264 0.04510215 -0.04316106 -0.02158785 -0.1071235 -0.04081256 -0.02335109 -0.100342 -0.0413049 0.02790654 -0.1377402 -0.03529378 0.06208122 -0.06650335 -0.03628372 -0.02474954 -0.08483905 -0.04222152 0.05851528 -0.05330184 -0.03725274 -0.02670652 -0.07129834 -0.04308048 0.05602463 -0.03985088 -0.0381494 -0.02974764 -0.05796426 -0.04401475 -0.03385293 -0.04492362 -0.04501821 -0.04580286 -0.01832789 -0.04734862 -0.04931626 -0.00976139 -0.04807261 0.05476557 -0.003045631 -0.04016196 -0.05224048 -0.0006685604 -0.04877719 0.05507186 0.006289654 -0.04062278 0.05460092 0.01605307 -0.04116753 0.06517855 -0.07548231 -0.03557132 0.06693496 -0.08127371 -0.03513097 -0.02403365 -0.09432383 -0.04167181 0.06800312 -0.08820198 -0.03468617 0.06801025 -0.09521688 -0.03432106 0.06695746 -0.1021561 -0.03404399 0.06486787 -0.1088602 -0.03386143 0.06179094 -0.1151742 -0.03377749 -0.05606505 0.04638837 -0.05152609 -0.05463715 0.05496943 -0.05185871 0.04504471 0.054141 -0.04390519 -0.05679812 0.03729428 -0.05111168 -0.01881799 -0.1135549 -0.04025854 0.05779749 -0.1209523 -0.03379413 0.05297826 -0.126062 -0.03391104 0.04744635 -0.1303846 -0.0341254 0.04132696 -0.1338212 -0.03443243 0.03476361 -0.136292 -0.03482488 0.0209139 -0.1381324 -0.03582831 0.01394589 -0.1374599 -0.03641622 0.007165535 -0.1357376 -0.0370438 0.0007268267 -0.1330056 -0.03769672 -0.005219735 -0.1293267 -0.0383598 -0.01053843 -0.124786 -0.03901785 -0.01510675 -0.119488 -0.0396557 0.02653972 0.08300602 -0.04687371 0.03172062 0.07696185 -0.04614848 -0.05291709 0.06178069 -0.05207617 0.03646767 0.07028049 -0.04542455 0.04098538 0.06259822 -0.04466682 -0.05032899 0.06923315 -0.05225807 -0.04728828 0.07580631 -0.05235835 0.02116727 0.0881623 -0.04756801 -0.04394333 0.08143415 -0.05238536 0.01564043 0.09245793 -0.04822984 -0.04047635 0.08608635 -0.052352 0.01011848 0.0958419 -0.0488439 -0.03645553 0.09038032 -0.05225606 0.004255824 0.09851758 -0.04944819 -0.0321461 0.09397245 -0.05210075 -0.02754599 0.09687237 -0.05188639 -0.001509374 0.1002675 -0.04999663 -0.02274117 0.09904253 -0.05161787 -0.01771686 0.1004953 -0.05129465 -0.0125577 0.1011963 -0.05092167 -0.00712523 0.1011414 -0.0504877 0.05714227 -0.0728909 -0.02629883 0.0551898 -0.07330326 -0.02643234 0.06198558 -0.0963424 -0.02469578 0.06003311 -0.09675476 -0.02482929 0.06252251 -0.1062683 -0.0002285056 0.06221051 -0.1071239 -0.0003936308 0.06486787 -0.1088602 -0.03386143 0.06693496 -0.08127371 -0.03513097 -0.02335109 -0.100342 -0.0413049 -0.0256838 -0.0975766 -0.01487916 -0.02403365 -0.09432383 -0.04167181 -0.02605731 -0.09415671 -0.01518597 -0.02612917 -0.09295167 -0.01526534 -0.02424558 -0.1041328 -0.01389496 -0.0249908 -0.1012861 -0.01439534 -0.02158785 -0.1071235 -0.04081256 -0.02507366 -0.1009141 -0.01445239 -0.02546067 -0.09896133 -0.01471918 -0.02215607 -0.1098228 -0.012437 -0.0228441 -0.1081847 -0.01293231 -0.01881799 -0.1135549 -0.04025854 -0.02322785 -0.1071879 -0.0132004 -0.02374913 -0.1057095 -0.01355866 -0.01838062 -0.1167108 -0.009179825 -0.01864821 -0.116304 -0.009459261 -0.01510675 -0.119488 -0.0396557 -0.01981667 -0.1144035 -0.01056985 -0.02047281 -0.1132393 -0.01113143 -0.0210624 -0.1121219 -0.01160795 -0.01350963 -0.1227325 -0.005489986 -0.013839 -0.1223981 -0.005451132 -0.01053843 -0.124786 -0.03901785 -0.01445298 -0.1217528 -0.005445998 -0.01467494 -0.1215127 -0.005473076 -0.01514497 -0.120989 -0.005609918 -0.01526507 -0.1208523 -0.005668739 -0.01577292 -0.1202542 -0.006036447 -0.01644873 -0.1194107 -0.006787835 -0.0168659 -0.1188629 -0.007337589 -0.01762117 -0.117822 -0.008315476 -0.01002783 -0.1258978 -0.006605144 -0.01208378 -0.1241064 -0.005844845 -0.01319051 -0.1230511 -0.005547548 -0.003864351 -0.1302306 -0.009326215 -0.005154408 -0.129435 -0.00873666 -0.005219735 -0.1293267 -0.0383598 -0.007696118 -0.1277024 -0.007597003 -0.008882407 -0.1268115 -0.007081509 0.001796664 -0.1331387 -0.01193118 0.0007268267 -0.1330056 -0.03769672 0.003686806 -0.1339195 -0.01280335 0.007165535 -0.1357376 -0.0370438 0.005302034 -0.134517 -0.01354716 0.006894958 -0.1350463 -0.0142802 0.0005573831 -0.1325776 -0.01135955 -0.001433692 -0.1315904 -0.01044283 -0.002413751 -0.1310635 -0.009991501 0.01394589 -0.1374599 -0.03641622 0.01018913 -0.1359607 -0.01579843 0.008447623 -0.135507 -0.0149959 0.01448703 -0.1368046 -0.01778712 0.01355168 -0.1366536 -0.01735288 0.01239153 -0.1364414 -0.01681612 0.01698099 -0.1371202 -0.01894996 0.0209139 -0.1381324 -0.03582831 0.01967509 -0.1373213 -0.02021738 0.02643284 -0.1371912 -0.02346776 0.02348744 -0.1373597 -0.02204236 0.02049629 -0.1373538 -0.02060656 0.02039177 -0.1373504 -0.02055677 0.03300065 -0.1359677 -0.02384185 0.03166026 -0.1363626 -0.02469613 0.03476361 -0.136292 -0.03482488 0.0309226 -0.1365507 -0.02502716 0.02790654 -0.1377402 -0.03529378 0.03057235 -0.136631 -0.02509498 0.03017101 -0.1367084 -0.02506856 0.02932266 -0.1368503 -0.02480707 0.02698619 -0.1371399 -0.02373388 0.02671752 -0.1371656 -0.0236052 0.03940535 -0.1333611 -0.01931649 0.03862349 -0.1337448 -0.01987993 0.04132696 -0.1338212 -0.03443243 0.0358446 -0.1349573 -0.02185958 0.03384775 -0.1356904 -0.02325967 0.04427464 -0.1305091 -0.01574539 0.0439748 -0.1307094 -0.01596972 0.04744635 -0.1303846 -0.0341254 0.0411493 -0.1324344 -0.01805201 0.0400883 -0.1330102 -0.01882349 0.04901027 -0.1268328 -0.01210619 0.04886242 -0.1269632 -0.01222265 0.05297826 -0.126062 -0.03391104 0.04655701 -0.1288627 -0.01401653 0.04589009 -0.1293665 -0.01452643 0.05545213 -0.1197837 -0.006700798 0.05353428 -0.1222012 -0.00838276 0.05779749 -0.1209523 -0.03379413 0.0534653 -0.1222821 -0.008442288 0.05130043 -0.1246508 -0.01025789 0.05111352 -0.124841 -0.01041251 0.05901439 -0.1142041 -0.003360096 0.05725419 -0.1171725 -0.00504713 0.06179094 -0.1151742 -0.03377749 0.0571506 -0.117334 -0.005145395 0.05563362 -0.1195367 -0.006537508 0.06210264 -0.1074144 -0.0004654448 0.06173265 -0.1083737 -0.0007503177 0.06141142 -0.1091678 -0.001029861 0.0604425 -0.1113766 -0.001954269 0.06001954 -0.1122607 -0.002370809 0.05934879 -0.1135803 -0.003031481 0.06408566 -0.1017719 -0.00180267 0.06372136 -0.1028429 -0.001016525 0.06349045 -0.1035028 -0.0006198566 0.06336196 -0.1038706 -0.0004512272 0.06321953 -0.1042806 -0.0003076256 0.06300855 -0.1048839 -0.0001825223 0.06292547 -0.1051226 -0.0001626488 0.06261551 -0.1060067 -0.0001945409 0.06558653 -0.09506496 -0.005248475 0.06521522 -0.09737726 -0.004346151 0.06695746 -0.1021561 -0.03404399 0.06483368 -0.09914008 -0.003493284 0.06474805 -0.09948486 -0.003303363 0.06446365 -0.100538 -0.002662483 0.06424235 -0.1012779 -0.002159441 0.06593519 -0.08943275 -0.006860514 0.06585318 -0.0922851 -0.006124137 0.06801025 -0.09521688 -0.03432106 0.06573737 -0.09373449 -0.005691369 0.06560246 -0.09493679 -0.005293047 0.06412887 -0.07723027 -0.008860445 0.06491574 -0.08029441 -0.008492113 0.06800312 -0.08820198 -0.03468617 0.06529322 -0.08221782 -0.008221575 0.06547568 -0.0833623 -0.008044158 0.06581309 -0.08640431 -0.007507728 0.06584059 -0.08678687 -0.007432427 0.06593491 -0.0893893 -0.00687083 0.03070077 -0.119286 -0.004805493 0.03110606 -0.1190892 -0.004719273 0.03277333 -0.1201806 -0.02577519 0.04840227 -0.09791763 -0.006700985 0.04989589 -0.09889573 -0.0255225 0.04805618 -0.09876082 -0.006450586 0.04871996 -0.1017954 -0.02546513 0.04724993 -0.1005762 -0.00584566 0.04715672 -0.1007746 -0.005772435 0.04604474 -0.102969 -0.004858673 0.04608617 -0.107004 -0.02540346 0.04481954 -0.1050781 -0.003721272 0.04126917 -0.1101688 -0.001630047 0.04132474 -0.1100942 -0.001624491 0.04315599 -0.111404 -0.02540734 0.04168004 -0.1096167 -0.001614079 0.04208203 -0.1090669 -0.001655951 0.04235793 -0.1086873 -0.001725103 0.04276924 -0.1081139 -0.001901058 0.0429666 -0.1078367 -0.002018332 0.04354252 -0.1070121 -0.002471518 0.04426632 -0.105946 -0.003166597 0.04432762 -0.1058527 -0.003227855 0.03993427 -0.1150683 -0.02547258 0.03811381 -0.1138771 -0.002544569 0.03857493 -0.113394 -0.002376382 0.04020163 -0.1115302 -0.001841901 0.04071101 -0.1108929 -0.001717071 0.03647049 -0.1179847 -0.02559591 0.03263687 -0.1182511 -0.004348034 0.03315697 -0.1179318 -0.004206831 0.03459129 -0.1169559 -0.003779094 0.03473661 -0.1168489 -0.00373294 0.036658 -0.1152753 -0.003076624 0.02479319 -0.122377 -0.02629433 0.02314601 -0.121304 -0.005550269 0.0241703 -0.1211958 -0.005538892 0.02887197 -0.1216491 -0.02600847 0.02636568 -0.1207974 -0.005424555 0.02723328 -0.1205759 -0.005344108 0.0285388 -0.1201697 -0.005183269 0.02197105 -0.1213684 -0.005530676 0.02044227 -0.1223396 -0.02664155 0.01974648 -0.1213218 -0.005409288 0.01501595 -0.1205513 -0.004866449 0.017445 -0.1210563 -0.005183838 0.01586714 -0.1214584 -0.02705041 0.01797285 -0.1211356 -0.005243301 0.01874754 -0.1212326 -0.005322436 0.009966467 -0.118772 -0.004123101 0.01083946 -0.1191482 -0.004238183 0.01158175 -0.1198786 -0.02747259 0.01257925 -0.119813 -0.004498506 0.01409496 -0.1202989 -0.004730659 0.005680092 -0.1165001 -0.004211667 0.006564651 -0.1170266 -0.004016675 0.007205159 -0.1175118 -0.02794289 0.00673915 -0.1171276 -0.003994564 0.008070236 -0.1178544 -0.003958644 0.009727734 -0.1186646 -0.004094389 0.002955779 -0.1146694 -0.005992564 0.003463994 -0.1150356 -0.005567568 0.004649748 -0.1158467 -0.004689004 0.0053241 -0.1162805 -0.004342739 0.002723598 -0.1142866 -0.02846614 -0.002071016 -0.1098711 -0.02907609 -0.003564638 -0.108893 -0.01025458 -0.00294314 -0.1095329 -0.009936955 -0.001784028 -0.1106749 -0.009309499 -0.0001579319 -0.1121635 -0.008328635 0.0004854216 -0.11272 -0.007899099 0.001064411 -0.1132026 -0.007490564 0.001517257 -0.1135689 -0.007154334 -0.01652876 -0.1068474 -0.01249763 -0.01565432 -0.1114463 -0.01108129 -0.0141607 -0.1124244 -0.0299028 -0.01792253 -0.09979174 -0.01390706 -0.01970364 -0.09105111 -0.01485621 -0.01900401 -0.08897292 -0.03150585 -0.0203119 -0.08811645 -0.01502484 0.06049195 -0.09536431 -0.00587427 0.06198558 -0.0963424 -0.02469578 0.05853949 -0.09577666 -0.006007783 0.06003311 -0.09675476 -0.02482929 0.06049195 -0.09536431 -0.00587427 0.05961752 -0.09076537 -0.007290606 0.06198558 -0.0963424 -0.02469578 0.05822375 -0.08370972 -0.008700036 0.05714227 -0.0728909 -0.02629883 0.05644264 -0.07496909 -0.009649182 0.05583438 -0.07203444 -0.009817813 -0.02615545 -0.09241433 -0.01529736 -0.02474954 -0.08483905 -0.04222152 -0.04280157 -0.0293666 -0.001345845 -0.04242337 -0.03010082 -0.002077251 -0.03899379 -0.03226066 -0.04608423 -0.04183007 -0.03128554 -0.003139837 -0.04359271 -0.02788033 0.0003603859 -0.04375531 -0.02758419 0.0007449383 -0.04432798 -0.02656422 0.002209473 -0.04757368 -0.02102797 0.01068954 -0.04721104 -0.02167619 0.01021962 -0.04499917 -0.02540269 0.004183176 -0.04507243 -0.02527699 0.00441693 -0.04588049 -0.02392396 0.00684193 -0.04570121 -0.02423432 0.00639214 -0.04616684 -0.02346898 0.007901505 -0.04633174 -0.02319338 0.008368305 -0.04669495 -0.02257477 0.009267626 -0.04693979 -0.02215331 0.009763697 -0.03966171 -0.03588779 -0.006314623 -0.03863848 -0.03822862 -0.007547191 -0.03839758 -0.03879657 -0.007817987 -0.04073205 -0.03355939 -0.004864159 -0.04082672 -0.03335942 -0.004726368 -0.02974764 -0.05796426 -0.04401475 -0.03220056 -0.0563551 -0.01312876 -0.03385293 -0.04492362 -0.04501821 -0.03330146 -0.0526972 -0.01237159 -0.03350484 -0.05205349 -0.0122243 -0.03461023 -0.04871334 -0.01137865 -0.035884 -0.04513919 -0.0103064 -0.03625218 -0.04415312 -0.009975016 -0.03666534 -0.04307271 -0.009591839 -0.0372123 -0.04168679 -0.009064393 -0.0306743 -0.06204275 -0.0140621 -0.03078898 -0.06158405 -0.0139966 -0.03190599 -0.0573922 -0.01331968 -0.02640314 -0.08850483 -0.01546594 -0.02690155 -0.08313438 -0.01553647 -0.02670652 -0.07129834 -0.04308048 -0.02690622 -0.08309305 -0.01553597 -0.0275948 -0.07771054 -0.01542434 -0.02846018 -0.07238562 -0.01514092 -0.02848858 -0.07222577 -0.01512938 -0.02894118 -0.06983297 -0.01494209 -0.02948317 -0.06719273 -0.01469138</float_array>
          <technique_common>
            <accessor count="2452" source="#verts-array-array" stride="3">
              <param type="float" name="X"/>
              <param type="float" name="Y"/>
              <param type="float" name="Z"/>
            </accessor>
          </technique_common>
        </source>
        <source id="normals-array">
          <float_array count="7356" id="normals-array-array">0.7395091 0.1870116 0.6466474 0.8472607 0.1932706 0.4947683 0.8184704 0.1782104 0.5462118 0.8108677 0.1757178 0.5582265 0.8007475 0.1865193 0.5692222 0.7911258 0.1929461 0.5804238 0.7857935 0.195551 0.5867609 0.7776224 0.198217 0.5966686 0.7699021 0.2005576 0.6058279 0.7759391 0.2051773 0.5965072 0.7812398 0.2100838 0.5878173 0.7306702 0.2070211 0.6505869 0.784167 0.2144526 0.5823162 0.7885594 0.2263014 0.5718057 0.7896994 0.2415381 0.5639452 0.787768 0.2592021 0.5587806 0.7867036 0.2658923 0.5571344 0.8782376 0.1956761 0.4363594 0.8727271 0.2020146 0.4444519 0.8593552 0.2107724 0.4659223 -0.9302742 -0.1914863 0.3129265 -0.9096482 -0.1789925 0.3748358 -0.9299318 -0.1848714 0.3178828 -0.9277859 -0.1705424 0.3318564 -0.8302652 -0.1227026 0.5436945 -0.8911836 -0.09718587 0.4431102 -0.8892756 -0.1032441 0.4455666 -0.8838328 -0.1186942 0.4524944 -0.8763949 -0.1317018 0.4632349 -0.8707331 -0.1370809 0.4722633 -0.8656534 -0.1401352 0.4806312 -0.8610517 -0.1417562 0.4883596 -0.8568832 -0.1430267 0.4952722 -0.8605241 -0.1466119 0.4878558 -0.8294628 -0.1444355 0.5395645 -0.8652359 -0.1512314 0.4780125 -0.868979 -0.1559858 0.4696211 -0.8725032 -0.1619912 0.4609741 -0.8789089 -0.1735354 0.4443025 -0.9078023 -0.1678915 0.3843271 -0.711393 -0.0993625 0.6957349 -0.711393 -0.0993625 0.6957349 -0.5560822 -0.05817144 0.8290891 -0.5560822 -0.05817144 0.8290891 -0.3764999 -0.01443804 0.9263042 -0.3764999 -0.01443804 0.9263042 -0.1804373 0.02993814 0.9831308 -0.1804373 0.02993814 0.9831308 0.02329474 0.07296612 0.9970623 0.02329474 0.07296612 0.9970623 0.2262114 0.1128539 0.9675187 0.2262114 0.1128539 0.9675187 0.4192013 0.1478074 0.8957808 0.4192013 0.1478074 0.8957808 0.5938866 0.1763111 0.7849924 0.5938866 0.1763111 0.7849924 -0.06515553 -0.02787239 0.9974858 -0.08015075 0.05672936 0.9951671 -0.08291494 0.05906425 0.9948048 -0.1885345 0.6238077 0.7584976 -0.1961224 0.7068825 0.6795978 -0.1741296 0.5346972 0.8269086 -0.1681954 0.5193526 0.8378444 -0.1607823 0.4632662 0.8715122 -0.1311457 0.2988787 0.9452366 -0.1454248 0.3795399 0.9136745 -0.09792833 0.1344693 0.986067 -0.1150138 0.2203014 0.9686274 -0.1279005 0.2995881 0.9454567 0.01954591 -0.4125372 0.910731 -0.007718326 -0.2772185 0.9607759 -0.03177752 -0.1797567 0.9831977 -0.03639741 -0.1879292 0.9815079 -0.05392279 -0.1227406 0.9909728 0.08366222 -0.6447045 0.7598399 0.07056453 -0.594091 0.8012968 0.07133831 -0.6184228 0.7826009 0.04828286 -0.5074287 0.86034 0.01935675 -0.390352 0.9204622 0.1292132 -0.8010517 0.5844828 0.1119199 -0.7434237 0.65939 0.1035643 -0.7166643 0.689686 0.1218973 -0.7866502 0.6052458 0.1641043 -0.9044796 0.3936832 0.1641043 -0.9044796 0.3936832 0.1898777 -0.9622284 0.1950976 0.1897349 -0.9619797 0.1964577 0.1999693 -0.9757283 0.08925557 0.2004949 -0.9772645 0.06896295 0.1985783 -0.9758254 0.09127738 -0.2031838 0.9779139 -0.04899766 -0.2031838 0.9779139 -0.04899766 -0.2095723 0.9765886 0.04851953 -0.2095723 0.9765886 0.04851953 -0.2164086 0.9438819 0.249508 -0.2164086 0.9438819 0.249508 -0.2126119 0.851495 0.479325 -0.2126119 0.851495 0.479325 -0.1984105 0.7263981 0.6580115 -0.1892616 0.6610351 0.7260941 0.2018046 -0.9771456 0.06679375 0.2018046 -0.9771456 0.06679375 0.2018046 -0.9771456 0.06679375 0.2018046 -0.9771456 0.06679375 -0.2018046 0.9771456 -0.06679375 -0.2018046 0.9771456 -0.06679375 -0.2018046 0.9771456 -0.06679375 -0.2018046 0.9771456 -0.06679375 -0.9762343 -0.2061796 -0.06675672 -0.9762343 -0.2061796 -0.06675672 -0.9762343 -0.2061796 -0.06675672 -0.9762343 -0.2061796 -0.06675672 -0.9762343 -0.2061796 -0.06675672 -0.9762343 -0.2061796 -0.06675672 -0.9762343 -0.2061796 -0.06675672 -0.9762343 -0.2061796 -0.06675672 -0.9762343 -0.2061796 -0.06675672 -0.9762343 -0.2061796 -0.06675672 -0.9762343 -0.2061796 -0.06675672 -0.9762343 -0.2061796 -0.06675672 -0.9762343 -0.2061796 -0.06675672 -0.9762343 -0.2061796 -0.06675672 -0.9762343 -0.2061796 -0.06675672 -0.9762343 -0.2061796 -0.06675672 -0.9762343 -0.2061796 -0.06675672 -0.9762343 -0.2061796 -0.06675672 -0.9762343 -0.2061796 -0.06675672 -0.9762343 -0.2061796 -0.06675672 -0.9762343 -0.2061796 -0.06675672 -0.9762343 -0.2061796 -0.06675672 -0.9762343 -0.2061796 -0.06675672 -0.9762343 -0.2061796 -0.06675672 -0.9762343 -0.2061796 -0.06675672 -0.9762343 -0.2061796 -0.06675672 -0.9762343 -0.2061796 -0.06675672 -0.9762343 -0.2061796 -0.06675672 -0.9762343 -0.2061796 -0.06675672 -0.9762343 -0.2061796 -0.06675672 -0.9762343 -0.2061796 -0.06675672 -0.9762343 -0.2061796 -0.06675672 -0.9762343 -0.2061796 -0.06675672 -0.9762343 -0.2061796 -0.06675672 -0.9762343 -0.2061796 -0.06675672 -0.9762343 -0.2061796 -0.06675672 -0.9762343 -0.2061796 -0.06675672 -0.9762343 -0.2061796 -0.06675672 -0.9762343 -0.2061796 -0.06675672 -0.9762343 -0.2061796 -0.06675672 -0.9762343 -0.2061796 -0.06675672 -0.9762343 -0.2061796 -0.06675672 -0.9762343 -0.2061796 -0.06675672 0.9762343 0.2061796 0.06675672 0.9762343 0.2061796 0.06675672 0.9762343 0.2061796 0.06675672 0.9762343 0.2061796 0.06675672 0.9762343 0.2061796 0.06675672 0.9762343 0.2061796 0.06675672 0.9762343 0.2061796 0.06675672 0.9762343 0.2061796 0.06675672 0.1924503 -0.9790745 0.06615166 0.1703893 -0.9831479 0.06623942 0.1610785 -0.9846544 0.06715257 0.06641619 -0.995932 0.06089621 0.1319473 -0.9890833 0.06560531 0.1001832 -0.9931454 0.06021242 -0.04680453 -0.9976984 0.04906268 -0.07719003 -0.9958541 0.04812825 -0.07489895 -0.9961365 0.04584996 -0.09831902 -0.9941843 0.04394142 -0.009970323 -0.9984179 0.05533835 0.01592375 -0.9981811 0.05814487 0.05520852 -0.9968793 0.05642327 -0.1464032 -0.9884155 0.04001193 -0.2074882 -0.9776175 0.03482435 -0.2077989 -0.9775696 0.03431081 -0.3420209 -0.9383791 0.04966235 -0.2178151 -0.9749867 0.04424278 -0.1767094 -0.9833268 0.0429197 -0.1557849 -0.9868671 0.04271412 -0.1325355 -0.9902541 0.04279306 -0.9780546 -0.2051693 -0.03625878 -0.9762343 -0.2061796 -0.06675672 -0.9769088 -0.2097081 -0.04088761 -0.9133146 -0.1851972 0.3627098 -0.9666174 -0.1886097 0.173428 -0.8965852 -0.1709732 0.4085378 -0.9010126 -0.1593329 0.4034716 -0.8578846 -0.1491781 0.4917111 -0.9438441 -0.1821979 0.2756125 -0.9677544 -0.2077856 0.1423959 -0.9654817 -0.2505368 0.07124962 -0.6545304 -0.1058939 0.7485829 -0.7829999 -0.1209195 0.6101554 -0.6163734 -0.08792456 0.78253 -0.6202396 -0.07728674 0.7805957 -0.5437018 -0.06087857 0.8370676 -0.7219251 -0.1079897 0.6834928 -0.780153 -0.1330713 0.6112718 -0.8090745 -0.1489225 0.5685249 -0.4724783 -0.04314244 0.8802857 -0.419933 -0.03131132 0.9070148 -0.4099748 -0.02243463 0.9118209 -0.1925109 0.02306374 0.9810238 -0.2801638 0.003397868 0.9599462 -0.3477373 -0.01186587 0.9375169 0.2725282 0.1153048 0.9552137 0.2841529 0.123649 0.9507723 0.2193054 0.1059925 0.9698818 0.03821327 0.07342814 0.9965681 0.1404389 0.08954252 0.986032 0.002795494 0.06877122 0.9976285 -0.1602487 0.03433647 0.9864793 0.3589188 0.1341401 0.9236795 0.4912381 0.1526518 0.8575445 0.4357051 0.148268 0.8877937 0.6815576 0.1891234 0.7069028 0.6294304 0.1788707 0.7561895 0.6798263 0.1822855 0.7103578 0.5618412 0.1677114 0.8100662 0.4952723 0.1605658 0.8537705 0.7354567 0.1925899 0.6496249 0.8289784 0.2008214 0.5219823 0.7886583 0.1996115 0.5815267 0.9300994 0.2097475 0.3015313 0.8675998 0.2063487 0.4524277 0.8291738 0.206634 0.5193969 0.9762435 0.2061474 0.06672216 0.9433743 0.1852659 0.2751754 0.9029065 0.2089199 0.3756493 0.9762343 0.2061796 0.06675672 0.9746224 0.2067164 0.08590463 0.9749188 0.2018269 0.09380464 0.9693769 0.1848314 0.1616964 0.9612183 0.1055231 0.2548024 0.9667726 0.1878071 -0.1734337 0.9667726 0.1878071 -0.1734337 0.9011225 0.1585191 -0.4035467 0.9011225 0.1585191 -0.4035467 0.7830796 0.1200122 -0.6102323 0.7830796 0.1200122 -0.6102323 0.6195945 0.07454993 -0.7813738 0.6195945 0.07454993 -0.7813738 0.4200562 0.02474208 -0.9071607 0.4200562 0.02474208 -0.9071607 0.1960544 -0.02651484 -0.9802345 0.1960544 -0.02651484 -0.9802345 -0.03920049 -0.07620042 -0.9963216 -0.03920049 -0.07620042 -0.9963216 -0.2723195 -0.1214869 -0.9545067 -0.2723195 -0.1214869 -0.9545067 -0.4895603 -0.1597024 -0.8572198 -0.4895603 -0.1597024 -0.8572198 -0.6782966 -0.1886289 -0.7101639 -0.6782966 -0.1886289 -0.7101639 -0.8276923 -0.2066047 -0.5217662 -0.8276923 -0.2066047 -0.5217662 -0.9289588 -0.2125693 -0.3030673 -0.9289588 -0.2125693 -0.3030673 -0.9762333 -0.2061803 -0.06677055 0.1998872 -0.9756554 0.09023049 0.1970682 -0.9767868 0.08397399 0.1882986 -0.9659605 0.1773807 0.192931 -0.9751691 0.1087326 0.200659 -0.9763097 0.0809652 0.2019616 -0.9753488 0.08891744 0.2005219 -0.9735172 0.1097963 0.1991519 -0.9637704 0.1774405 0.1965536 -0.9709776 0.1362686 0.1797995 -0.9384725 0.2948584 0.1915653 -0.94717 0.2572388 0.1801566 -0.9264469 0.3305144 0.195601 -0.9520351 0.2353069 0.1920033 -0.9633263 0.187449 0.1471355 -0.8621901 0.4847467 0.1522673 -0.9070235 0.392585 0.1543454 -0.896235 0.415861 0.1546375 -0.8896168 0.4297316 0.153845 -0.8809244 0.4475534 0.1523319 -0.8735541 0.4622751 0.149486 -0.8636634 0.4813933 0.1483043 -0.8602852 0.4877655 0.1509303 -0.861159 0.4854125 0.1514262 -0.8699854 0.46925 0.1502634 -0.8660772 0.4767925 0.148824 -0.8616594 0.4851748 0.1504461 -0.8662937 0.4763415 0.1518514 -0.8698478 0.4693676 0.1536219 -0.8738478 0.461292 0.1568721 -0.8802318 0.4478651 0.1619445 -0.8879762 0.4304327 0.1667626 -0.893674 0.4165777 0.1754905 -0.9016232 0.395321 0.1789337 -0.9111509 0.3711963 0.1734705 -0.9280979 0.3294576 0.1740609 -0.9510356 0.2554096 0.1764726 -0.9396205 0.2932077 0.1691885 -0.9291747 0.3286481 0.1552865 -0.9235145 0.3507236 0.1470858 -0.9185532 0.3669138 0.19498 -0.970893 0.1391027 0.1788618 -0.9633789 0.1997738 0.168929 -0.9581292 0.2311957 0.1196743 -0.7696864 0.6271052 0.1196743 -0.7696864 0.6271052 0.08684011 -0.6543862 0.7511574 0.08684011 -0.6543862 0.7511574 0.05140074 -0.5195292 0.8529053 0.05140074 -0.5195292 0.8529053 0.01444001 -0.3692352 0.9292238 0.01444001 -0.3692352 0.9292238 -0.02294274 -0.2079812 0.9778637 -0.02294274 -0.2079812 0.9778637 -0.0555615 -0.05962565 0.9966733 -0.0555615 -0.05962565 0.9966733 -0.07662031 0.04022261 0.9962487 -0.07662031 0.04022261 0.9962487 0.2018046 -0.9771456 0.06679375 0.2018046 -0.9771456 0.06679375 0.2018046 -0.9771456 0.06679375 0.2018046 -0.9771456 0.06679375 0.2018046 -0.9771456 0.06679375 0.2018046 -0.9771456 0.06679375 0.2018046 -0.9771456 0.06679375 0.2018046 -0.9771456 0.06679375 0.2018046 -0.9771456 0.06679375 0.2018046 -0.9771456 0.06679375 0.2018046 -0.9771456 0.06679375 0.2018046 -0.9771456 0.06679375 0.2018046 -0.9771456 0.06679375 0.2018046 -0.9771456 0.06679375 0.2018046 -0.9771456 0.06679375 0.2018046 -0.9771456 0.06679375 0.2018046 -0.9771456 0.06679375 0.2018046 -0.9771456 0.06679375 0.2018046 -0.9771456 0.06679375 0.2018046 -0.9771456 0.06679375 0.2018046 -0.9771456 0.06679375 0.2018046 -0.9771456 0.06679375 0.2018046 -0.9771456 0.06679375 0.2018046 -0.9771456 0.06679375 0.2018046 -0.9771456 0.06679375 0.2018046 -0.9771456 0.06679375 0.2018046 -0.9771456 0.06679375 0.2018046 -0.9771456 0.06679375 0.2018046 -0.9771456 0.06679375 0.5802139 -0.809683 0.08812118 0.5804277 -0.8095288 0.08812971 0.5236537 -0.8478162 0.08363278 0.4978191 -0.862475 0.09117616 0.5197044 -0.849699 0.08898805 0.5337125 -0.8410636 0.08810787 0.5477486 -0.8320422 0.08761961 0.5612903 -0.8229685 0.08761288 0.5684762 -0.8180082 0.08773416 0.5751006 -0.8133444 0.08792147 0.3857071 -0.9186378 0.08564216 0.4145281 -0.9062513 0.0829159 0.4638162 -0.8822848 0.08029945 0.4582218 -0.8840984 0.09166701 0.4765305 -0.8740623 0.09451821 0.2339287 -0.969805 0.06896156 0.2212949 -0.9724862 0.07279476 0.334733 -0.9394064 0.07395558 0.2500669 -0.9651848 0.07671256 0.280298 -0.9570199 0.07447165 0.3272366 -0.9411679 0.08437501 0.3595569 -0.9288031 0.08968617 -0.2018046 0.9771456 -0.06679375 -0.2018046 0.9771456 -0.06679375 -0.2018046 0.9771456 -0.06679375 -0.2035257 0.9780601 -0.04444988 -0.2018046 0.9771456 -0.06679375 -0.2035257 0.9780601 -0.04444988 -0.07900255 0.05173454 0.9955311 -0.07900255 0.05173454 0.9955311 -0.07900255 0.05173454 0.9955311 -0.07900255 0.05173454 0.9955311 -0.07900255 0.05173454 0.9955311 -0.07900255 0.05173454 0.9955311 -0.07900255 0.05173454 0.9955311 -0.07900255 0.05173454 0.9955311 -0.07900255 0.05173454 0.9955311 -0.07900255 0.05173454 0.9955311 -0.07900255 0.05173454 0.9955311 -0.07900255 0.05173454 0.9955311 -0.07900255 0.05173454 0.9955311 -0.07900255 0.05173454 0.9955311 -0.07900255 0.05173454 0.9955311 -0.07900255 0.05173454 0.9955311 -0.07900255 0.05173454 0.9955311 -0.07900255 0.05173454 0.9955311 -0.07900255 0.05173454 0.9955311 -0.07900255 0.05173454 0.9955311 -0.07900255 0.05173454 0.9955311 -0.07900255 0.05173454 0.9955311 -0.07900255 0.05173454 0.9955311 -0.07900255 0.05173454 0.9955311 -0.07900255 0.05173454 0.9955311 -0.07900255 0.05173454 0.9955311 -0.07900255 0.05173454 0.9955311 -0.07900255 0.05173454 0.9955311 -0.07900255 0.05173454 0.9955311 -0.07900255 0.05173454 0.9955311 -0.07900255 0.05173454 0.9955311 -0.07900255 0.05173454 0.9955311 -0.07900255 0.05173454 0.9955311 -0.07900255 0.05173454 0.9955311 -0.07900255 0.05173454 0.9955311 -0.07900255 0.05173454 0.9955311 -0.07900255 0.05173454 0.9955311 -0.07900255 0.05173454 0.9955311 -0.07900255 0.05173454 0.9955311 -0.07900255 0.05173454 0.9955311 -0.07900255 0.05173454 0.9955311 -0.07900255 0.05173454 0.9955311 -0.07900255 0.05173454 0.9955311 -0.07900255 0.05173454 0.9955311 -0.07900255 0.05173454 0.9955311 -0.07900255 0.05173454 0.9955311 -0.07900255 0.05173454 0.9955311 -0.07900255 0.05173454 0.9955311 -0.07900255 0.05173454 0.9955311 -0.07900255 0.05173454 0.9955311 -0.07900255 0.05173454 0.9955311 -0.07900255 0.05173454 0.9955311 -0.07900255 0.05173454 0.9955311 -0.07900255 0.05173454 0.9955311 -0.07900255 0.05173454 0.9955311 -0.07900255 0.05173454 0.9955311 -0.07900255 0.05173454 0.9955311 -0.07900255 0.05173454 0.9955311 -0.07900255 0.05173454 0.9955311 -0.07900255 0.05173454 0.9955311 -0.07900255 0.05173454 0.9955311 -0.07900255 0.05173454 0.9955311 -0.07900255 0.05173454 0.9955311 -0.07900255 0.05173454 0.9955311 -0.07900255 0.05173454 0.9955311 -0.07900255 0.05173454 0.9955311 -0.07900255 0.05173454 0.9955311 0.9707565 0.2086063 0.1188074 0.9707565 0.2086063 0.1188074 0.9384882 0.21243 0.2722379 0.9384882 0.21243 0.2722379 0.8597024 0.2093969 0.465902 0.8597024 0.2093969 0.465902 0.7433083 0.197206 0.6392203 0.7433083 0.197206 0.6392203 0.5945102 0.1764062 0.7844989 0.5945102 0.1764062 0.7844989 0.4196896 0.1478916 0.8955382 0.4196896 0.1478916 0.8955382 0.2265807 0.1129237 0.9674241 0.2265807 0.1129237 0.9674241 0.02350902 0.07300981 0.9970541 0.02350902 0.07300981 0.9970541 -0.180648 0.02989208 0.9830935 -0.180648 0.02989208 0.9830935 -0.3768502 -0.01452023 0.9261604 -0.3768502 -0.01452023 0.9261604 -0.5565269 -0.05828422 0.8287827 -0.5565269 -0.05828422 0.8287827 -0.7119319 -0.09951297 0.6951619 -0.7119319 -0.09951297 0.6951619 -0.8361904 -0.1363824 0.5312113 -0.8361904 -0.1363824 0.5312113 -0.9239685 -0.1673125 0.3439313 -0.9239685 -0.1673125 0.3439313 -0.9713324 -0.190922 0.1416408 -0.9713324 -0.190922 0.1416408 -0.9790323 -0.203187 -0.01452276 -0.9790323 -0.203187 -0.01452276 0.4666245 -0.8804288 0.08430119 0.5250763 -0.8463796 0.08908671 0.5287663 -0.8444055 0.08593889 0.622386 -0.7774559 0.09054267 0.665543 -0.740424 0.09394057 0.6580219 -0.7474619 0.09114741 0.9457565 0.3192241 0.06033804 0.9382764 0.3412051 0.05671378 0.9379341 0.341389 0.06109957 0.9064083 0.4195788 0.04876124 0.9029827 0.4268187 0.04947777 0.91319 0.4039945 0.05359515 0.9302055 0.362628 0.05673402 0.9224951 0.3818728 0.05635516 0.9132015 0.4042115 0.05173127 0.9519057 0.2998761 0.06284841 0.9613591 0.2671838 0.06634356 0.9571057 0.2830017 0.0621188 0.9762416 0.2059853 0.06724831 0.9730446 0.2203351 0.06809338 0.9786945 0.1926323 0.07106302 0.9682744 0.2408701 0.06653026 0.9621534 0.2652562 0.06245015 0.9889892 0.1291914 0.07218053 0.9869896 0.1433134 0.07288911 0.9903842 0.1159354 0.07548654 0.9837756 0.1644872 0.0716206 0.9794255 0.1900575 0.06785214 0.9961419 0.03699381 0.07957925 0.9960717 0.04430164 0.07667176 0.995182 0.06082543 0.07689657 0.9940141 0.07621297 0.07827905 0.9928565 0.09140145 0.07669259 0.9907888 0.1142624 0.07267504 0.9963697 -0.0255626 0.08120289 0.9965894 -0.01013593 0.08189555 0.9954797 -0.04626292 0.08294476 0.996021 -0.03677087 0.08117947 0.9964526 0.007476033 0.08382356 0.9964551 0.01732635 0.08232264 0.9964914 0.03221839 0.07724596 0.9879374 -0.1293488 0.08513872 0.9894319 -0.11755 0.08489167 0.9873614 -0.1331655 0.08593248 0.9909078 -0.1043612 0.08491493 0.990791 -0.1054056 0.08498741 0.9918077 -0.09495174 0.08544979 0.9925439 -0.08630317 0.08607157 0.9932898 -0.07619662 0.08700314 0.9938061 -0.06767752 0.08814312 0.9943466 -0.06160664 0.08648389 0.9956089 -0.04607419 0.08148731 0.9699551 -0.226382 0.0890971 0.9716967 -0.2190205 0.08851835 0.9739187 -0.2089791 0.08837461 0.9766574 -0.1957535 0.08843625 0.9793635 -0.1815595 0.08878844 0.9811963 -0.1711172 0.08929009 0.9822148 -0.1649411 0.08971374 0.9831656 -0.1589059 0.09019062 0.984236 -0.1517619 0.09081783 0.9846813 -0.1486519 0.09113332 0.9848096 -0.1484914 0.09000241 0.9865933 -0.1390035 0.08550781 0.9588084 -0.26888 0.09159663 0.9645186 -0.2482569 0.08984624 0.9689094 -0.2309043 0.08886987 0.9228614 -0.3733883 0.09438229 0.933496 -0.3464762 0.09240951 0.9413612 -0.3247113 0.09166082 0.9430412 -0.3190776 0.09414284 0.951021 -0.294281 0.0946454 0.8415862 -0.5317907 0.0945054 0.8344969 -0.5421354 0.0985092 0.899747 -0.4262515 0.09362147 0.8520164 -0.5139469 0.09963264 0.8775996 -0.469809 0.09538551 0.8994283 -0.4262929 0.09645293 0.9112431 -0.4002004 0.09734298 0.761846 -0.6409208 0.09386777 0.6969817 -0.7106768 0.09568237 0.7280599 -0.6790301 0.09405799 0.749766 -0.6550408 0.09366166 0.7722392 -0.6280002 0.09624089 0.8050257 -0.5853514 0.09642245 0.568585 -0.8174851 0.09181046 0.3748812 -0.9237976 0.07785909 0.3571509 -0.9305542 0.08069736 0.4031833 -0.9111579 0.08505606 0.2027158 -0.9768927 0.06772686 0.02103158 -0.9982459 0.05534258 0.08699731 -0.9944581 0.05902983 0.1577238 -0.9853994 0.06411904 0.2167237 -0.9737099 0.07014204 0.2841307 -0.9558634 0.07479881 -0.1657046 -0.9854414 0.03804347 -0.1111524 -0.9928571 0.04335793 -0.1579859 -0.9866038 0.04066254 -0.04207587 -0.9979016 0.049213 0.02210858 -0.9983133 0.05368297 -0.2265864 -0.9734272 0.03313731 -0.3249765 -0.9453799 0.02543908 -0.2899425 -0.9566591 0.02714363 -0.4617165 -0.8869579 0.01111831 -0.482853 -0.875672 0.00718466 -0.4478383 -0.894045 0.01115335 -0.412102 -0.910992 0.01629379 -0.3776984 -0.9257179 0.01975451 -0.3377472 -0.9409769 0.0221181 -0.5233671 -0.8521028 0.002780506 -0.5682247 -0.8228728 -0.001039025 -0.5602254 -0.828339 -0.001414819 -0.5960462 -0.8029373 -0.004535273 -0.6624306 -0.749024 -0.01219763 -0.6340224 -0.7732591 -0.009271859 -0.7272673 -0.6860111 -0.02170356 -0.7039284 -0.7100727 -0.01678411 -0.7428936 -0.669028 -0.02259746 -0.685446 -0.7279776 -0.01457366 -0.6649229 -0.7467816 -0.01395732 -0.8100042 -0.5854393 -0.03397079 -0.8054422 -0.5917398 -0.0332691 -0.8073532 -0.5891745 -0.03246884 -0.7912425 -0.6107411 -0.03050394 -0.7769434 -0.6289925 -0.02697165 -0.7642745 -0.6443798 -0.02567466 -0.7473562 -0.6639603 -0.02480882 -0.8290173 -0.5580877 -0.03561544 -0.8242413 -0.5651326 -0.03537488 -0.8429739 -0.5367786 -0.0355484 -0.8435296 -0.5359079 -0.03550408 -0.8455328 -0.5327541 -0.03531767 -0.8332842 -0.5516911 -0.03569828 -0.8410093 -0.5398457 -0.03563811 -0.8382374 -0.5441363 -0.03568841 -0.8175793 -0.5747601 -0.03485585 -0.8110716 -0.5839521 -0.03409891 -0.884352 -0.4649066 -0.04223112 -0.880099 -0.4728632 -0.04273335 -0.8584899 -0.5111694 -0.04124325 -0.8760187 -0.4803664 -0.04288745 -0.8719753 -0.4876672 -0.04289161 -0.8654577 -0.4991787 -0.04246754 -0.8620109 -0.5051382 -0.04210291 -0.8597941 -0.5089275 -0.04179533 -0.8512883 -0.5234698 -0.03588199 -0.8482792 -0.5283917 -0.03499474 -0.92259 -0.3828381 -0.04756756 -0.9173024 -0.3951581 -0.04905494 -0.8998158 -0.433577 -0.04839976 -0.9092378 -0.4132905 -0.04977493 -0.9029722 -0.4268594 -0.04931775 -0.9016352 -0.429697 -0.04913746 -0.8944832 -0.4450043 -0.04325548 -0.8883188 -0.4573596 -0.04137461 -0.9371096 -0.3444682 -0.05627817 -0.9343032 -0.3519838 -0.05643455 -0.9326133 -0.3566734 -0.05492287 -0.9308018 -0.3621718 -0.04939147 -0.9268642 -0.3726214 -0.0455647 -0.9580482 -0.2801008 -0.06072249 -0.9683091 -0.2424953 -0.05977963 -0.9613548 -0.2682415 -0.06199529 -0.9587946 -0.277332 -0.06164307 -0.9547554 -0.2920536 -0.05609656 -0.9491412 -0.3102887 -0.05340314 -0.9837122 -0.1675004 -0.06522212 -0.9768379 -0.2036204 -0.06577543 -0.9872745 -0.143948 -0.06758692 -0.9897049 -0.1248261 -0.07001946 -0.9789444 -0.192663 -0.06744535 -0.9760892 -0.2091155 -0.05933438 -0.9750877 -0.2154448 -0.0527977 -0.993925 -0.0856519 -0.06911497 -0.9954389 -0.06224756 -0.0722948 -0.9962085 -0.04388661 -0.07511713 -0.9911533 -0.1113644 -0.07220228 -0.989551 -0.1248615 -0.07210003 -0.9968741 -0.00329577 -0.07893785 -0.9973177 0.009786521 -0.07253654 -0.9973902 0.003117588 -0.07213265 -0.9968346 -0.0220318 -0.07638979 -0.9962385 -0.03961974 -0.07706583 -0.2161085 0.9337128 0.2854428 -0.2130501 0.9344257 0.2854089 -0.2162058 0.9228308 0.3188077 -0.143737 0.3854636 0.911459 -0.1497945 0.4117103 0.8989195 -0.1524316 0.4257891 0.8918903 0.0517341 -0.4880484 0.871282 0.05589926 -0.5376056 0.8413415 0.04947968 -0.529086 0.8471244 0.1471762 -0.8568307 0.494146 0.1460196 -0.8561923 0.4955936 0.146147 -0.8554785 0.4967873 -0.1341871 0.3329131 0.933361 -0.1340157 0.3322609 0.9336179 -0.1397407 0.3578543 0.9232621 -0.01312199 -0.2456826 0.9692615 0.01229254 -0.3313314 0.9434344 -0.005310082 -0.2966005 0.9549869 -0.09464093 0.1230129 0.987882 -0.09733244 0.1383353 0.9855911 -0.1050144 0.130556 0.9858636 -0.07137371 0.01502845 0.9973364 -0.07137371 0.01502845 0.9973364 -0.06747024 0.007186403 0.9976954 -0.07175607 0.02334433 0.997149 -0.06383719 -0.02151275 0.9977284 -0.06861171 -0.006070699 0.997625 -0.07421453 0.02257215 0.9969868 -0.08475958 0.06072675 0.9945492 -0.07814416 0.04758308 0.9958059 -0.08063915 0.05842796 0.9950294 -0.08682853 0.07213569 0.9936082 -0.09548911 0.08936552 0.9914109 -0.09495157 0.1060824 0.9898135 -0.1124127 0.204807 0.9723258 -0.1225294 0.2222446 0.967261 -0.1149656 0.1804802 0.9768366 -0.1094227 0.1621159 0.980686 -0.1333992 0.3156351 0.9394568 -0.1354436 0.3440216 0.9291416 -0.1343453 0.334773 0.9326727 -0.1340258 0.3611797 0.9228144 -0.1341506 0.3329899 0.9333388 -0.114864 0.2281687 0.9668223 -0.1238932 0.2596295 0.957728 -0.1295412 0.300293 0.9450096 -0.1675358 0.4981744 0.8507373 -0.1425931 0.4072791 0.9021036 -0.1606522 0.4476179 0.8796755 -0.1468429 0.3906265 0.9087619 -0.1826823 0.6079459 0.7726765 -0.1659 0.538723 0.8259871 -0.1742931 0.5583141 0.8111148 -0.1632631 0.5048253 0.8476418 -0.1563105 0.4630881 0.8724199 -0.1672411 0.5216083 0.8366332 -0.1631881 0.4952933 0.8532609 -0.1806262 0.6004997 0.7789572 -0.1803612 0.6047702 0.7757079 -0.1823802 0.6158935 0.7664285 -0.1746469 0.5788888 0.7964837 -0.1407018 0.3688278 0.9187867 -0.1432604 0.3789683 0.9142535 -0.1129857 0.2229765 0.968254 -0.1191058 0.2524097 0.960262 -0.08905316 0.09895939 0.9910987 -0.09397653 0.1242497 0.9877907 -0.06991503 0.007953 0.9975212 -0.06306277 -0.02491996 0.9976984 -0.04905519 -0.08930027 0.994796 -0.02986048 -0.1745639 0.984193 -9.032702e-05 -0.3093476 0.950949 -0.01120279 -0.261901 0.9650297 -0.01888376 -0.2255423 0.9740503 -0.03219258 -0.1669378 0.9854417 0.02762729 -0.425517 0.9045286 0.03309649 -0.439486 0.8976395 0.03276504 -0.4449776 0.8949421 0.03320508 -0.4625248 0.8859843 0.02124967 -0.4049336 0.9140991 0.01448347 -0.3819074 0.9240871 0.02104445 -0.3926154 0.9194619 0.00515648 -0.3397935 0.9404859 -0.00377138 -0.293002 0.9561044 0.04662002 -0.4789658 0.8765947 0.04715034 -0.4870306 0.8721112 0.05092393 -0.5440538 0.8375036 0.04404991 -0.4647831 0.8843281 0.04616096 -0.5231811 0.8509704 0.04253097 -0.4924748 0.8692869 0.04630744 -0.472659 0.8800279 0.04807684 -0.4966753 0.8666038 0.04895334 -0.5045895 0.8619704 0.04996121 -0.5139033 0.856392 0.04102318 -0.4920295 0.8696114 0.05970612 -0.5347701 0.8428856 0.04263186 -0.4958804 0.8673437 0.04695787 -0.5065949 0.8609045 0.03699227 -0.482742 0.874981 0.03411088 -0.4749914 0.8793291 0.05213094 -0.5083041 0.8595983 0.04055549 -0.4738269 0.8796837 0.02706665 -0.4410361 0.8970811 0.0199657 -0.4074561 0.9130065 0.0101891 -0.353131 0.9355184 0.01968365 -0.3667361 0.9301167 0.02443407 -0.4035001 0.9146533 0.02864519 -0.4262623 0.904146 0.03826214 -0.4686787 0.8825397 0.03113419 -0.4380818 0.8983958 -0.02575295 -0.1972187 0.9800212 -0.04214427 -0.1323473 0.9903071 -0.0302562 -0.1545121 0.9875275 -0.01612037 -0.2492741 0.9682988 -0.07759423 0.05746088 0.9953278 -0.06304755 -0.01479078 0.9979009 -0.05315624 -0.06833318 0.9962454 -0.05962245 -0.04633282 0.9971451 -0.08570506 0.07448629 0.9935323 -0.1032959 0.1751761 0.9791033 -0.1242876 0.290807 0.9486748 -0.1092807 0.1982971 0.9740308 -0.1340824 0.3280641 0.9350913 -0.1467893 0.4086586 0.9008058 -0.1617594 0.5014033 0.849958 -0.1514584 0.4265303 0.8917019 -0.1704952 0.5202896 0.8367975 -0.176078 0.5819863 0.7939071 -0.1809839 0.6195014 0.7638474 -0.1814306 0.594976 0.7829984 -0.1762258 0.6129325 0.7702325 -0.1826242 0.6168224 0.765623 -0.1794303 0.5878198 0.7888426 -0.1668267 0.5222088 0.8363413 -0.1586001 0.4761475 0.8649448 -0.1688315 0.5155919 0.8400363 -0.1707392 0.5633243 0.808402 -0.171686 0.5985696 0.7824566 -0.1279614 0.3152393 0.9403457 -0.1377265 0.3558804 0.9243271 -0.1339667 0.3320167 0.9337119 -0.1277721 0.3053266 0.9436366 -0.1186687 0.2701445 0.9554788 -0.1087716 0.2212895 0.9691232 -0.1476162 0.41105 0.8995818 -0.1500287 0.3951022 0.9063033 -0.1544869 0.4313131 0.8888773 -0.1159866 0.2386998 0.9641418 -0.1010691 0.2082452 0.9728407 -0.08786539 0.136302 0.9867631 -0.08165641 0.2000854 0.9763698 -0.09079344 0.1778507 0.97986 -0.09620825 0.1508174 0.9838689 -0.09405725 0.1291081 0.9871597 -0.0858335 0.1078842 0.9904512 -0.07886077 0.08735428 0.993051 -0.07680269 0.0630155 0.995053 -0.0721872 0.02036487 0.9971832 -0.06561441 -0.002618961 0.9978416 -0.07207443 0.01300747 0.9973144 -0.0723836 0.006286882 0.9973571 -0.07119505 0.01417435 0.9973617 -0.08076489 0.06353898 0.9947059 -0.07890843 0.04692234 0.995777 -0.07047884 0.01909172 0.9973306 -0.06119792 -0.02030754 0.997919 -0.06487413 -0.0267577 0.9975346 -0.06555011 -0.01253521 0.9977705 -0.03411131 -0.1605149 0.9864438 -0.03477758 -0.1562957 0.9870979 -0.03734939 -0.1415283 0.9892294 -0.03859845 -0.1448656 0.9886982 -0.04005302 -0.1159932 0.9924421 -0.04445164 -0.1279706 0.9907813 -0.04569956 -0.09776939 0.9941593 -0.04750166 -0.1001282 0.99384 -0.04970138 -0.08368682 0.9952519 -0.05059593 -0.08898493 0.9947471 -0.05228309 -0.07225252 0.9960151 -0.05433448 -0.07560741 0.9956562 -0.05066911 -0.03950466 0.9979339 -0.06138041 -0.06030674 0.9962909 -0.06851665 -0.0426494 0.9967379 -0.002244714 -0.3365076 0.9416781 -0.01810768 -0.3379674 0.9409836 -0.006762311 -0.2792408 0.9601973 -0.007490053 -0.2800548 0.9599548 -0.01565491 -0.2428771 0.9699307 -0.01568099 -0.2506286 0.9679563 -0.01667791 -0.2363122 0.971534 -0.01974733 -0.2214007 0.974983 -0.01990525 -0.223784 0.9744355 -0.025938 -0.1918224 0.9810868 -0.02739749 -0.1962884 0.9801634 -0.03535924 -0.1708055 0.9846701 0.0186595 -0.3856237 0.9224675 0.01120052 -0.3562791 0.9343125 0.01713302 -0.3834535 0.9234013 0.003130648 -0.3211149 0.9470351 0.008289884 -0.3365262 0.9416376 0.009791178 -0.3453229 0.9384329 0.02595817 -0.4159955 0.9089961 0.02637431 -0.4191886 0.907516 0.03409935 -0.4473594 0.893704 0.03444013 -0.4528165 0.8909383 0.04577652 -0.4955925 0.867348 0.09033252 -0.6667272 0.7398073 0.09086307 -0.6691843 0.7375204 0.07994156 -0.628159 0.7739674 0.07917911 -0.6258116 0.7759449 0.06160983 -0.5814185 0.8112686 0.05668683 -0.5620103 0.8251855 0.06702177 -0.5790579 0.812527 0.05620973 -0.5387601 0.840582 0.05690624 -0.5401694 0.8396301 0.0462385 -0.499047 0.8653404 0.1029725 -0.7137851 0.6927536 0.1025984 -0.7093867 0.697312 0.1148884 -0.7543037 0.6463951 0.1140434 -0.7497044 0.6518723 0.1227448 -0.7798489 0.6138154 0.1241783 -0.7832469 0.6091831 0.1332986 -0.8150698 0.5638198 0.1348805 -0.8181661 0.5589379 0.1426515 -0.8438771 0.5172253 0.1434543 -0.8457193 0.5139842 0.1474013 -0.8578572 0.4922945 0.1471413 -0.8565967 0.4945619 0.1474939 -0.8593317 0.4896883 0.1446336 -0.8485411 0.5089784 0.1421537 -0.8428618 0.5190147 0.1347347 -0.8191173 0.5575781 0.1326494 -0.8121289 0.5681996 0.09106301 -0.6662167 0.7401776 0.1003945 -0.7020789 0.7049867 0.1181939 -0.7627012 0.6358593 0.1190644 -0.7668875 0.6306404 0.04285126 -0.4935668 0.8686516 0.05350041 -0.5278792 0.8476327 0.07755722 -0.620447 0.780404 0.05816438 -0.5562051 0.8290071 0.03056301 -0.4309759 0.9018457 0.02189506 -0.4038074 0.914582 -0.01321688 -0.2543158 0.9670309 -0.06058665 -0.03779396 0.9974472 -0.0373906 -0.139374 0.9895336 -0.0436984 -0.1189225 0.9919415 -0.01395798 -0.2414637 0.9703095 0.006736415 -0.332729 0.9429984 -0.09572172 0.1338704 0.9863651 -0.08338571 0.08368744 0.9929971 -0.1008564 0.1410838 0.9848469 -0.06849504 0.01789728 0.9974909 -0.09795394 0.106801 0.9894436 -0.07786075 0.039459 0.9961831 -0.06191531 -0.027168 0.9977116 -0.05594157 -0.05794509 0.9967512 -0.1210839 0.2463787 0.9615801 -0.1161723 0.2377887 0.9643446 -0.1118787 0.2199259 0.9690798 -0.1044968 0.1971481 0.9747887 -0.09985691 0.1714627 0.9801169 -0.1221696 0.2311967 0.965206 -0.1112542 0.2012937 0.9731923 -0.1034648 0.1715238 0.9797319 -0.1251418 0.2864179 0.949897 -0.1284845 0.2913003 0.9479641 -0.1255728 0.2879767 0.9493687 -0.1263124 0.291204 0.9482855 -0.1240034 0.2827207 0.9511531 -0.1223757 0.2782243 0.9526885 -0.1190987 0.2705464 0.9553116 -0.1153745 0.2550529 0.9600191 -0.1220835 0.2644311 0.9566461 -0.1262269 0.2764492 0.9527028 -0.1148347 0.262298 0.9581298 -0.1308865 0.2864743 0.9491055 -0.1279771 0.3049618 0.9437268 -0.1276279 0.3059703 0.9434476 -0.1295518 0.2986526 0.9455279 -0.1276619 0.3058113 0.9434945 -0.1277675 0.3048614 0.9437876 -0.1285623 0.3035453 0.9441038 -0.1303944 0.2997754 0.9450566 -0.1300944 0.3004685 0.9448778 -0.1300408 0.3006027 0.9448425 -0.1295782 0.3019176 0.9444868 -0.1294271 0.302341 0.944372 -0.1290392 0.3036746 0.9439972 -0.1291456 0.3033072 0.9441007 -0.1289099 0.304067 0.9438885 -0.1290745 0.3045383 0.9437141 -0.1282241 0.3035209 0.9441576 -0.1281715 0.3020489 0.9446367 -0.1287489 0.3041411 0.9438866 -0.1278644 0.3031065 0.9443395 -0.1279092 0.3031607 0.9443161 -0.1274664 0.3026866 0.944528 -0.1269722 0.3021959 0.9447517 -0.1262462 0.3014833 0.9450766 -0.1256267 0.300953 0.9453281 -0.1279557 0.2986298 0.9457524 -0.1261515 0.2990867 0.9458504 -0.1263936 0.2914369 0.9482031 -0.1285934 0.3009979 0.9449148 -0.1293774 0.3027267 0.9442553 -0.1303018 0.304673 0.9435019 -0.13064 0.3052387 0.9432722 -0.1304785 0.3050799 0.943346 -0.1300219 0.3045728 0.9435729 -0.1247483 0.300205 0.9456822 -0.1288593 0.3034492 0.9440942 -0.1247563 0.2940487 0.9476134 -0.1208599 0.2939866 0.9481375 -0.1233089 0.2569507 0.9585256 -0.121381 0.2903086 0.9492037 -0.1217823 0.2772964 0.953035 -0.1187863 0.2513607 0.9605767 -0.1165016 0.2398909 0.9637841 -0.1169242 0.2418279 0.9632487 -0.1149659 0.2367515 0.9647443 -0.1144835 0.2273119 0.9670692 -0.1259461 0.2637221 0.9563411 -0.125326 0.2727586 0.9538848 -0.125768 0.2909354 0.9484403 -0.1256448 0.2881187 0.9493161 -0.1258753 0.2876032 0.9494418 -0.1263286 0.2908587 0.9483893 -0.1278566 0.3031975 0.9443114 -0.1276886 0.2999288 0.9453773 -0.1272137 0.2939637 0.9473131 -0.1266662 0.292912 0.9477121 -0.09308421 0.1287567 0.9872978 -0.09795738 0.1464234 0.98436 -0.1031701 0.1687876 0.9802381 -0.1076835 0.1848488 0.9768496 -0.1096886 0.2109993 0.9713124 -0.1125706 0.2095867 0.9712885 -0.07526981 0.009427521 0.9971186 -0.08392211 0.05171215 0.9951296 -0.09056705 0.104204 0.9904237 -0.08167678 0.07614715 0.9937457 -0.06893073 0.0009509044 0.997621 -0.05890571 -0.04307452 0.9973338 -0.05463639 -0.06621917 0.9963081 -0.0406851 -0.126022 0.9911928 -0.03463568 -0.1588685 0.986692 -0.0105018 -0.2590912 0.9657958 -0.008926067 -0.263949 0.9644953 0.02264075 -0.4030078 0.9149165 0.0118512 -0.3501897 0.9366038 0.02945194 -0.4314074 0.9016763 0.04714077 -0.5026509 0.8632032 0.04900119 -0.5112399 0.85804 0.06983298 -0.5896666 0.804622 0.07373879 -0.6071876 0.7911295 0.09309369 -0.6755232 0.7314383 0.09726098 -0.6928202 0.7145211 0.1113991 -0.7394097 0.6639756 0.1163117 -0.7596268 0.6398739 0.129851 -0.8001499 0.5855757 0.1335258 -0.8107801 0.569918 0.1409452 -0.840139 0.5237374 0.1439657 -0.8425443 0.5190309 0.1424901 -0.842784 0.5190488 0.1424262 -0.8427314 0.5191518 0.1331523 -0.8136374 0.5659193 0.1330319 -0.8135141 0.5661249 0.1220932 -0.7777049 0.616659 0.122068 -0.7777016 0.6166682 0.1125594 -0.7455253 0.6569037 0.1123562 -0.7453016 0.6571922 0.1006752 -0.7040683 0.7029597 0.1004427 -0.7038455 0.703216 0.08390188 -0.6603916 0.7462194 0.08914811 -0.6626887 0.7435699 0.08253371 -0.6286862 0.773267 0.06457669 -0.5677623 0.8206557 0.07041601 -0.5730616 0.8164815 0.06931402 -0.6234891 0.7787534 0.08096171 -0.5979438 0.7974387 0.04264348 -0.4479543 0.8930389 0.03176934 -0.4954001 0.8680838 0.03089822 -0.4213433 0.9063747 0.02908757 -0.4382208 0.8983966 0.02278365 -0.394333 0.9186851 0.02182439 -0.4095933 0.9120071 0.01639242 -0.371688 0.928213 0.01493177 -0.3708231 0.9285835 0.006705217 -0.340089 0.9403694 0.007078168 -0.344194 0.9388719 0.002433383 -0.3158821 0.9487953 0.0007307117 -0.324079 0.9460297 -0.004685181 -0.2884527 0.9574827 -0.005234984 -0.3099002 0.9507547 -0.006620525 -0.2691678 0.9630705 -0.05150536 -0.07741123 0.995668 -0.04849507 -0.08984817 0.9947741 -0.04739932 -0.09492063 0.9943558 -0.04639747 -0.1053304 0.9933543 -0.04113629 -0.1154634 0.9924596 -0.04034345 -0.125301 0.9912982 -0.03697329 -0.1413338 0.9892713 -0.0375296 -0.1463649 0.9885185 -0.03288629 -0.1578911 0.9869087 -0.03121765 -0.1605242 0.9865381 -0.03048655 -0.1809659 0.9830167 -0.02806513 -0.1715295 0.9847792 -0.02619649 -0.1981278 0.9798261 -0.02598264 -0.1980905 0.9798393 -0.02086319 -0.2194574 0.975399 -0.02013051 -0.2253666 0.974066 -0.01509846 -0.2389062 0.9709253 -0.01392065 -0.2425433 0.9700407 -0.0107061 -0.25909 0.9657939 -0.05557555 -0.04403198 0.9974831 -0.05388426 -0.06034557 0.9967221 -0.05132575 -0.07233879 0.9960586 -0.05037685 -0.08403308 0.9951887 -0.06560429 -0.01260355 0.9977661 -0.06109856 -0.02831628 0.99773 -0.05867757 -0.04468291 0.9972765 0.08057856 -0.6273827 0.7745308 0.07651342 -0.6152997 0.7845712 0.07310298 -0.6035751 0.7939478 0.06983211 -0.5906948 0.8038676 0.067266 -0.5812861 0.8109142 0.06432907 -0.5693203 0.8195951 0.06210821 -0.5613691 0.8252317 0.0892557 -0.6454632 0.7585583 0.09860545 -0.7066469 0.7006619 0.09323245 -0.6861668 0.721445 0.08823075 -0.6614207 0.7448074 0.08274802 -0.6394546 0.7643629 0.09416968 -0.6731839 0.7334545 0.09962624 -0.698387 0.7087526 0.1079627 -0.7323407 0.6723251 0.1059568 -0.7228513 0.6828317 0.1135844 -0.7480589 0.6538398 0.123414 -0.7751573 0.6195968 0.1308183 -0.7955146 0.5916444 0.1134524 -0.756463 0.6441213 0.1241055 -0.7857769 0.6059311 0.1582398 -0.8735674 0.4602611 0.1656678 -0.8885955 0.4277291 0.1296501 -0.8081054 0.5745925 0.1437265 -0.8439087 0.5168759 0.1342325 -0.8170009 0.5607951 0.1562013 -0.8844589 0.4396971 0.1414043 -0.8530225 0.5023519 0.1215811 -0.8190443 0.5607001 0.1615853 -0.8976103 0.4101048 0.1637275 -0.9039284 0.3951034 0.1667722 -0.9108251 0.3776039 0.1710105 -0.9248701 0.3396626 0.1777727 -0.9348432 0.3073516 0.1825143 -0.9503749 0.2519445 0.1899353 -0.9580054 0.214826 0.1869939 -0.9561946 0.2252223 0.189425 -0.962178 0.195785 0.1917544 -0.965698 0.1750933 0.1926689 -0.9697373 0.1499609 0.1959982 -0.9708447 0.1380043 0.1977597 -0.9736499 0.1135644 0.1978833 -0.9735161 0.1144924 0.1962106 -0.9711214 0.135737 -0.1281334 0.3014765 0.9448247 -0.1279275 0.3001496 0.945275 -0.1283735 0.301897 0.9446579 -0.1280757 0.2991486 0.9455722 -0.1281092 0.2993251 0.9455118 -0.1281171 0.2999597 0.9453096 -0.1282262 0.3010374 0.9449521 -0.1280507 0.3005746 0.9451232 -0.1278244 0.2998752 0.945376 -0.1270969 0.2981844 0.9460087 -0.1272292 0.2982316 0.945976 -0.1284608 0.3024499 0.9444691 -0.1303706 0.3142656 0.9403407 -0.1294061 0.308834 0.9422715 -0.1289248 0.3048886 0.9436214 -0.1280586 0.3002044 0.9452398 -0.1284769 0.302521 0.9444442 -0.1288521 0.3045703 0.9437341 -0.1303904 0.3112856 0.9413286 -0.1316906 0.3176836 0.9390073 -0.1337439 0.3308551 0.934156 -0.1331891 0.327815 0.9353064 -0.1362278 0.3419492 0.9297917 -0.1291366 0.3057784 0.9433045 -0.1321134 0.3223866 0.9373435 -0.1368009 0.3538122 0.925258 -0.1353099 0.3420812 0.9298772 -0.1336531 0.3302648 0.9343779 -0.1393223 0.3558224 0.9241102 -0.1416995 0.3738125 0.9166163 -0.1458682 0.3960042 0.9065887 -0.1385629 0.349909 0.9264793 -0.1389773 0.3628933 0.9214086 -0.1417401 0.3749255 0.9161553 -0.1555599 0.4515081 0.878602 -0.1606108 0.4800577 0.8624087 -0.1583873 0.4684704 0.8691657 -0.1478312 0.4175737 0.8965367 -0.1455817 0.3973192 0.9060593 -0.1650323 0.5201768 0.837962 -0.1631026 0.5066988 0.8465541 -0.160135 0.4787121 0.8632448 -0.1539306 0.4455552 0.8819217 -0.1495521 0.4273624 0.8916253 -0.1750544 0.5686333 0.8037488 -0.1690154 0.5207639 0.8368027 -0.1729322 0.5582236 0.8114683 -0.1816142 0.6248041 0.7593656 -0.1796111 0.6129309 0.7694514 -0.1778832 0.5871599 0.789684 -0.1657452 0.5025958 0.8484846 -0.1707957 0.5445211 0.8211733 -0.1916398 0.6817846 0.7060056 -0.1921685 0.6811966 0.7064294 -0.1879599 0.6405301 0.7445752 -0.1835476 0.6119023 0.7693412 -0.1972692 0.7381669 0.6451314 -0.19561 0.7274525 0.657685 -0.1952822 0.7057508 0.6810144 -0.179029 0.589121 0.7879626 -0.1888504 0.6600757 0.7270733 -0.2063777 0.7988125 0.5650724 -0.2067272 0.7934302 0.5724791 -0.2047841 0.7564477 0.6211686 -0.2012114 0.7279168 0.6554778 -0.2081559 0.845793 0.4912284 -0.2072032 0.8352826 0.5092836 -0.2084673 0.8145525 0.5413368 -0.1977463 0.7102833 0.6755694 -0.2040355 0.7730669 0.6006139 -0.2151385 0.8758586 0.4319572 -0.2141858 0.8343627 0.507901 -0.2138249 0.8590453 0.4651022 -0.2112032 0.9060746 0.366636 -0.2126822 0.8933584 0.3958245 -0.2119475 0.8202482 0.531292 -0.2149071 0.8698526 0.4440399 -0.2150319 0.8849606 0.4130449 -0.2180545 0.8971362 0.3841859 -0.2160235 0.9112308 0.3507025 -0.2168184 0.9209279 0.3238544 -0.2105279 0.9353084 0.2843875 -0.2101673 0.935454 0.2841753 -0.2121974 0.9333611 0.2894985 -0.2165374 0.9247402 0.3129971 -0.2183345 0.9290529 0.2986482 -0.2212171 0.9322142 0.2864257 -0.222665 0.9333023 0.2817216 -0.2223116 0.9333927 0.2817013 -0.2190657 0.9333526 0.2843644 0.1963804 0.9798629 -0.03610308 0.2326392 0.9717171 -0.04055719 0.2254162 0.9736994 -0.03312222 0.9014773 0.430196 0.04764475 0.916009 0.3982086 0.04855353 0.9156797 0.3985528 0.05183003 0.9365118 0.3461985 0.05560739 0.9465227 0.3177447 0.05597494 0.9444431 0.3235136 0.0580198 -0.9093706 -0.4128742 -0.05079439 -0.8956409 -0.4421831 -0.04797367 -0.8844868 -0.4641251 -0.04765508 -0.8858919 -0.4613444 -0.04854855 -0.888538 -0.4562301 -0.04852123 -0.8923062 -0.4488082 -0.04858853 -0.8962229 -0.440911 -0.04880492 -0.899941 -0.4332325 -0.04915105 -0.9052827 -0.4218642 -0.04993814 0.9960974 -0.03735328 0.07996682 0.9960656 -0.03567016 0.08112347 0.9965552 -0.02633209 0.07864036 0.9969635 -0.0133586 0.07671539 0.9956492 -0.04628445 0.08087293 0.9950169 -0.05707442 0.08175542 0.9943757 -0.06657331 0.0823714 0.9968524 0.01178118 0.07840008 0.995588 0.05778903 0.0739256 0.9962271 0.04168977 0.07611501 0.9966895 0.02368761 0.07777463 0.9970675 0.007303198 0.07617814 0.9972086 -0.001498239 0.07465086 0.9870698 0.1452941 0.06769652 0.9898915 0.1226122 0.07128127 0.9929872 0.09223245 0.07395613 0.9928842 0.09591622 0.07057598 0.9945463 0.07688931 0.07046731 0.9628411 0.2627257 0.06254745 0.9688588 0.2390724 0.06447515 0.9666631 0.2482228 0.06283256 0.9760692 0.2069872 0.06667234 0.9830548 0.1700762 0.06839145 0.982361 0.1751535 0.06548436 0.9847946 0.1613544 0.06437712 0.9546111 0.2921591 0.05797191 0.9252167 0.3761553 0.04981102 0.8798743 0.4730593 0.04512209 0.8372298 0.5455617 0.03753208 0.8417183 0.5387049 0.03615706 0.85859 0.5111654 0.03915664 0.8837933 0.4657352 0.04472405 0.8929987 0.4478375 0.04466454 0.7863252 0.617146 0.0286974 0.8042672 0.5933896 0.03229796 0.8237951 0.5657785 0.03544532 0.7227636 0.6907599 0.02153117 0.7363428 0.6762048 0.02337643 0.725363 0.6880864 0.01963576 0.7623445 0.6466132 0.02687459 0.7846467 0.6192043 0.03025894 0.6398177 0.7684546 0.01052637 0.6591576 0.7518884 0.0132299 0.653054 0.7572404 0.01037061 0.6873286 0.7261668 0.01616205 0.7116861 0.7022229 0.0196448 0.5473602 0.8368969 -0.000520429 0.5685643 0.8226354 0.0023534 0.5686014 0.8226127 0.0009514473 0.5981081 0.8014047 0.004157761 0.6225959 0.7825108 0.007153606 0.4702849 0.8824665 -0.009222457 0.4976769 0.8673269 -0.007865922 0.5278433 0.8493298 -0.004513404 0.4168823 0.9087885 -0.01768033 0.4447339 0.8955818 -0.01204281 0.4672542 0.8840785 -0.00887144 0.2978458 0.9541624 -0.02935976 0.331445 0.9431872 -0.02328345 0.355356 0.9345013 -0.02072288 0.3620865 0.9317501 -0.02711149 0.3841966 0.9228773 -0.02627596 0.2569306 0.9656189 -0.03958336 0.08592722 0.9952651 -0.04543052 0.01261548 0.9983343 -0.05629779 0.04423665 0.9977843 -0.0496945 0.07293092 0.996278 -0.04594705 0.1146891 0.9922747 -0.04730101 0.1575355 0.986567 -0.04322223 -0.1356247 0.9883836 -0.06858423 -0.05725226 0.9966912 -0.0576955 -0.1722787 0.9825904 -0.06954235 -0.2012146 0.9770672 -0.06965909 -0.09102519 0.9940407 -0.05997895 -0.04887549 0.9967044 -0.06474242 -0.02272503 0.9975673 -0.06590168 -0.3402232 0.9369756 -0.07952886 -0.3495995 0.9337879 -0.07629124 -0.320427 0.9443028 -0.07495858 -0.2812021 0.9566174 -0.0762134 -0.2408606 0.9677899 -0.07327339 -0.205458 0.9763668 -0.06704343 -0.3920908 0.9163397 -0.08115648 -0.4685279 0.8792081 -0.08645603 -0.4361051 0.8961097 -0.08246003 -0.5710466 0.8161939 -0.08793928 -0.5529657 0.8285395 -0.08804111 -0.5831157 0.8072173 -0.09152207 -0.5197624 0.8498754 -0.08694132 -0.475238 0.8759152 -0.0831953 -0.6818887 0.7252712 -0.09491801 -0.6963767 0.7117175 -0.0922907 -0.6794354 0.7279702 -0.09179829 -0.6689726 0.7376034 -0.09174369 -0.6370831 0.7653939 -0.0910899 -0.5966101 0.7976036 -0.08879662 -0.7285827 0.6785088 -0.09377121 -0.7634556 0.6387624 -0.09548907 -0.7532119 0.6510419 -0.0938946 -0.8277705 0.5528589 -0.09561912 -0.8306391 0.548741 -0.09445614 -0.8213854 0.5624893 -0.0945078 -0.8047962 0.5857713 -0.09578659 -0.780673 0.6175181 -0.09602637 -0.7638389 0.6385536 -0.09380519 -0.8477954 0.5216465 -0.09553996 -0.8813827 0.4627419 -0.09505004 -0.8675405 0.4882166 -0.0949633 -0.9160264 0.3901163 -0.09330011 -0.9001342 0.4246766 -0.09699557 -0.9236754 0.3715327 -0.09373978 -0.8879632 0.4494772 -0.09742504 -0.8795695 0.466386 -0.09402924 -0.9520891 0.2920642 -0.09069119 -0.9418683 0.3226723 -0.0936312 -0.9546798 0.2830687 -0.09197073 -0.932888 0.3475228 -0.09459285 -0.9254376 0.3674441 -0.09246675 -0.975544 0.200845 -0.08930442 -0.9679795 0.2347312 -0.08897768 -0.9596588 0.266424 -0.08985096 -0.9899893 0.1131027 -0.08443296 -0.9862365 0.1410771 -0.08622595 -0.9891994 0.1184506 -0.08633669 -0.980865 0.1738197 -0.08769539 -0.9748544 0.2047772 -0.08789321 -0.9932278 0.08092524 -0.0833643 -0.9959463 0.03529965 -0.08273359 -0.9953916 0.05014396 -0.08173823 -0.9959241 -0.04563926 -0.07779565 -0.9968584 -0.007950678 -0.07880452 -0.9964417 0.02545416 -0.08034924 -0.9899708 -0.1214226 -0.07221085 -0.9928255 -0.09307957 -0.07505868 -0.989754 -0.1227016 -0.07301529 -0.99498 -0.06391512 -0.07700447 -0.9962654 -0.03900678 -0.07703023 -0.986308 -0.1487168 -0.07127254 -0.9776068 -0.1989668 -0.06853532 -0.9814874 -0.1786138 -0.06913409 -0.9610612 -0.2692492 -0.0621795 -0.964036 -0.2581627 -0.06313994 -0.9598278 -0.2733279 -0.06342236 -0.9702291 -0.2332837 -0.06506994 -0.976519 -0.2048028 -0.06683191 -0.9361029 -0.3470814 -0.05697263 -0.948162 -0.3122621 -0.05900158 -0.9574431 -0.282057 -0.06121006 -0.9112143 -0.4087378 -0.05120425 -0.917 -0.3953706 -0.05285005 -0.9246151 -0.376784 -0.05586305 -0.9312768 -0.3594429 -0.05936624 -0.9347382 -0.3504866 -0.0585123 -0.9397365 -0.3371231 -0.05694979 0.2018046 -0.9771456 0.06679375 0.2018046 -0.9771456 0.06679375 0.2018046 -0.9771456 0.06679375 0.2018046 -0.9771456 0.06679375 0.2018046 -0.9771456 0.06679375 0.2018046 -0.9771456 0.06679375 0.9951115 -0.05477446 0.08217631 0.9953598 -0.04991957 0.08226164 0.9951077 -0.05485417 0.08216833 0.9943136 -0.06743365 0.08242035 0.9945493 -0.0640413 0.08228212 0.9945913 -0.0634038 0.08226886 0.9948162 -0.05985489 0.08220828 0.99563 -0.04369909 0.08253036 0.9958422 -0.03797324 0.08280283 0.9958951 -0.03622737 0.08294953 0.9959947 -0.03240032 0.08333528 0.9962207 -0.02635733 0.08276259 0.9966784 -0.008567012 0.0809862 0.9524049 0.298178 0.0633617 0.949587 0.3078488 0.05927564 0.9431664 0.3271899 0.05817124 0.9479779 0.3126132 0.06008988 0.9362927 0.3466538 0.05645382 0.9404138 0.3356808 0.05422417 0.9701671 0.2335715 0.06496226 0.967498 0.2443446 0.06514116 0.9718518 0.2252021 0.06919576 0.9613842 0.2676109 0.06422525 0.954419 0.2922058 0.06082881 0.9864263 0.1465742 0.07402196 0.9868258 0.1455265 0.07068883 0.9834265 0.1671076 0.07033753 0.9806099 0.1822458 0.07204705 0.977096 0.2009602 0.06998914 0.972492 0.2235213 0.06555632 0.9948256 0.06815342 0.07534695 0.9945111 0.07271404 0.07523512 0.994749 0.06590417 0.07830102 0.9926932 0.09390268 0.0757796 0.9908888 0.1112681 0.07588726 0.989423 0.1252663 0.0731464 0.9967 -0.01417865 0.07992551 0.996802 -0.006808723 0.07961997 0.9968347 0.0007729131 0.07949785 0.9967922 0.007413247 0.07968864 0.9966439 0.01646857 0.08018593 0.9963518 0.02620848 0.08121741 0.9959377 0.03555401 0.08272894 0.995682 0.04598582 0.0806385 0.995104 0.06358471 0.07566402 0.2018046 -0.9771456 0.06679375 0.2018046 -0.9771456 0.06679375 0.2018046 -0.9771456 0.06679375 0.2018046 -0.9771456 0.06679375 -0.2018046 0.9771456 -0.06679375 -0.2018046 0.9771456 -0.06679375 -0.2018046 0.9771456 -0.06679375 -0.2018046 0.9771456 -0.06679375 -0.2018046 0.9771456 -0.06679375 -0.2018046 0.9771456 -0.06679375 -0.2153749 0.9572466 0.1931128 -0.2153749 0.9572466 0.1931128 -0.2142665 0.8720634 0.4399947 -0.2142665 0.8720634 0.4399947 -0.1985604 0.7275264 0.6567185 -0.1985604 0.7275264 0.6567185 -0.1693627 0.5336322 0.8285849 -0.1693627 0.5336322 0.8285849 -0.1285481 0.3029112 0.9443094 -0.1285481 0.3029112 0.9443094 -0.07900255 0.05173454 0.9955311 -0.07900255 0.05173454 0.9955311 -0.0240715 -0.2029687 0.9788893 -0.0240715 -0.2029687 0.9788893 0.03255096 -0.4440415 0.8954147 0.03255096 -0.4440415 0.8954147 0.08683363 -0.6543625 0.7511789 0.08683363 -0.6543625 0.7511789 0.1352526 -0.8203214 0.5556793 0.1352526 -0.8203214 0.5556793 0.1744851 -0.9304701 0.3221495 0.1744851 -0.9304701 0.3221495 0.2018046 -0.9771456 0.06679375 0.2018046 -0.9771456 0.06679375 0.2153749 -0.9572466 -0.1931128 0.2153749 -0.9572466 -0.1931128 0.2142665 -0.8720634 -0.4399947 0.2142665 -0.8720634 -0.4399947 0.1985604 -0.7275264 -0.6567185 0.1985604 -0.7275264 -0.6567185 0.1693627 -0.5336322 -0.8285849 0.1693627 -0.5336322 -0.8285849 0.1285481 -0.3029112 -0.9443094 0.1285481 -0.3029112 -0.9443094 0.07900255 -0.05173454 -0.9955311 0.07900255 -0.05173454 -0.9955311 0.0240715 0.2029687 -0.9788893 0.0240715 0.2029687 -0.9788893 -0.03255096 0.4440415 -0.8954147 -0.03255096 0.4440415 -0.8954147 -0.08683363 0.6543625 -0.7511789 -0.08683363 0.6543625 -0.7511789 -0.1352526 0.8203214 -0.5556793 -0.1352526 0.8203214 -0.5556793 -0.1744851 0.9304701 -0.3221495 -0.1744851 0.9304701 -0.3221495 -0.2018046 0.9771456 -0.06679375 -0.2018046 0.9771456 -0.06679375 -0.2153749 0.9572466 0.1931128 -0.2153749 0.9572466 0.1931128 -0.2142665 0.8720634 0.4399947 -0.2142665 0.8720634 0.4399947 -0.1985604 0.7275264 0.6567185 -0.1985604 0.7275264 0.6567185 -0.1693627 0.5336322 0.8285849 -0.1693627 0.5336322 0.8285849 -0.1285481 0.3029112 0.9443094 -0.1285481 0.3029112 0.9443094 -0.07900255 0.05173454 0.9955311 -0.07900255 0.05173454 0.9955311 -0.0240715 -0.2029687 0.9788893 -0.0240715 -0.2029687 0.9788893 0.03255096 -0.4440415 0.8954147 0.03255096 -0.4440415 0.8954147 0.08683363 -0.6543625 0.7511789 0.08683363 -0.6543625 0.7511789 0.1352526 -0.8203214 0.5556793 0.1352526 -0.8203214 0.5556793 0.1744851 -0.9304701 0.3221495 0.1744851 -0.9304701 0.3221495 0.2018046 -0.9771456 0.06679375 0.2018046 -0.9771456 0.06679375 0.2153749 -0.9572466 -0.1931128 0.2153749 -0.9572466 -0.1931128 0.2142665 -0.8720634 -0.4399947 0.2142665 -0.8720634 -0.4399947 0.1985604 -0.7275264 -0.6567185 0.1985604 -0.7275264 -0.6567185 0.1693627 -0.5336322 -0.8285849 0.1693627 -0.5336322 -0.8285849 0.1285481 -0.3029112 -0.9443094 0.1285481 -0.3029112 -0.9443094 0.07900255 -0.05173454 -0.9955311 0.07900255 -0.05173454 -0.9955311 0.0240715 0.2029687 -0.9788893 0.0240715 0.2029687 -0.9788893 -0.03255096 0.4440415 -0.8954147 -0.03255096 0.4440415 -0.8954147 -0.08683363 0.6543625 -0.7511789 -0.08683363 0.6543625 -0.7511789 -0.1352526 0.8203214 -0.5556793 -0.1352526 0.8203214 -0.5556793 -0.1744851 0.9304701 -0.3221495 -0.1744851 0.9304701 -0.3221495 -0.9762343 -0.2061796 -0.06675672 -0.9762343 -0.2061796 -0.06675672 -0.9762343 -0.2061796 -0.06675672 -0.9762343 -0.2061796 -0.06675672 -0.9762343 -0.2061796 -0.06675672 -0.9762343 -0.2061796 -0.06675672 -0.9762343 -0.2061796 -0.06675672 -0.9762343 -0.2061796 -0.06675672 -0.9762343 -0.2061796 -0.06675672 -0.9762343 -0.2061796 -0.06675672 -0.9762343 -0.2061796 -0.06675672 -0.9762343 -0.2061796 -0.06675672 -0.9762343 -0.2061796 -0.06675672 -0.9762343 -0.2061796 -0.06675672 -0.9762343 -0.2061796 -0.06675672 -0.9762343 -0.2061796 -0.06675672 -0.9762343 -0.2061796 -0.06675672 -0.9762343 -0.2061796 -0.06675672 -0.9762343 -0.2061796 -0.06675672 -0.9762343 -0.2061796 -0.06675672 -0.9762343 -0.2061796 -0.06675672 -0.9762343 -0.2061796 -0.06675672 -0.9762343 -0.2061796 -0.06675672 -0.9762343 -0.2061796 -0.06675672 -0.9762343 -0.2061796 -0.06675672 0.9762343 0.2061796 0.06675672 0.9762343 0.2061796 0.06675672 0.9762343 0.2061796 0.06675672 0.9762343 0.2061796 0.06675672 0.9762343 0.2061796 0.06675672 0.9762343 0.2061796 0.06675672 0.9762343 0.2061796 0.06675672 0.9762343 0.2061796 0.06675672 0.9762343 0.2061796 0.06675672 0.9762343 0.2061796 0.06675672 0.9762343 0.2061796 0.06675672 0.9762343 0.2061796 0.06675672 0.9762343 0.2061796 0.06675672 0.9762343 0.2061796 0.06675672 0.9762343 0.2061796 0.06675672 0.9762343 0.2061796 0.06675672 0.9762343 0.2061796 0.06675672 0.9762343 0.2061796 0.06675672 0.9762343 0.2061796 0.06675672 0.9762343 0.2061796 0.06675672 0.9762343 0.2061796 0.06675672 0.9762343 0.2061796 0.06675672 0.9762343 0.2061796 0.06675672 0.9762343 0.2061796 0.06675672 0.9762343 0.2061796 0.06675672 0.9762343 0.2061796 0.06675672 0.9762343 0.2061796 0.06675672 0.9762343 0.2061796 0.06675672 0.9762343 0.2061796 0.06675672 -0.2018046 0.9771456 -0.06679375 -0.2018046 0.9771456 -0.06679375 -0.2018046 0.9771456 -0.06679375 -0.2018046 0.9771456 -0.06679375 -0.2018046 0.9771456 -0.06679375 -0.2018046 0.9771456 -0.06679375 -0.2018046 0.9771456 -0.06679375 -0.2018046 0.9771456 -0.06679375 -0.2018046 0.9771456 -0.06679375 -0.2018046 0.9771456 -0.06679375 -0.2018046 0.9771456 -0.06679375 -0.2018046 0.9771456 -0.06679375 -0.2018046 0.9771456 -0.06679375 -0.2018046 0.9771456 -0.06679375 -0.2018046 0.9771456 -0.06679375 -0.2018046 0.9771456 -0.06679375 -0.2018046 0.9771456 -0.06679375 -0.2018046 0.9771456 -0.06679375 -0.2018046 0.9771456 -0.06679375 -0.2018046 0.9771456 -0.06679375 -0.2018046 0.9771456 -0.06679375 -0.2018046 0.9771456 -0.06679375 -0.2018046 0.9771456 -0.06679375 -0.2018046 0.9771456 -0.06679375 -0.2018046 0.9771456 -0.06679375 -0.2018046 0.9771456 -0.06679375 -0.2018046 0.9771456 -0.06679375 -0.2018046 0.9771456 -0.06679375 -0.2018046 0.9771456 -0.06679375 -0.2018046 0.9771456 -0.06679375 -0.2018046 0.9771456 -0.06679375 -0.2018046 0.9771456 -0.06679375 -0.2018046 0.9771456 -0.06679375 -0.2018046 0.9771456 -0.06679375 -0.2018046 0.9771456 -0.06679375 -0.2018046 0.9771456 -0.06679375 -0.2018046 0.9771456 -0.06679375 -0.2018046 0.9771456 -0.06679375 -0.2018046 0.9771456 -0.06679375 -0.2018046 0.9771456 -0.06679375 0.2018046 -0.9771456 0.06679375 0.2018046 -0.9771456 0.06679375 0.2018046 -0.9771456 0.06679375 0.2018046 -0.9771456 0.06679375 0.2018046 -0.9771456 0.06679375 0.2018046 -0.9771456 0.06679375 0.2018046 -0.9771456 0.06679375 0.2018046 -0.9771456 0.06679375 0.2018046 -0.9771456 0.06679375 0.2018046 -0.9771456 0.06679375 0.2018046 -0.9771456 0.06679375 0.2018046 -0.9771456 0.06679375 0.2018046 -0.9771456 0.06679375 0.2018046 -0.9771456 0.06679375 0.2018046 -0.9771456 0.06679375 0.2018046 -0.9771456 0.06679375 0.2018046 -0.9771456 0.06679375 0.2018046 -0.9771456 0.06679375 0.2018046 -0.9771456 0.06679375 0.2018046 -0.9771456 0.06679375 0.2018046 -0.9771456 0.06679375 0.2018046 -0.9771456 0.06679375 0.2018046 -0.9771456 0.06679375 0.2018046 -0.9771456 0.06679375 0.2018046 -0.9771456 0.06679375 0.2018046 -0.9771456 0.06679375 0.2018046 -0.9771456 0.06679375 0.2018046 -0.9771456 0.06679375 0.2018046 -0.9771456 0.06679375 0.2018046 -0.9771456 0.06679375 0.1998134 -0.9755033 0.09202159 0.2016865 -0.9770673 0.06827954 0.1999846 -0.975739 0.08910415 -0.1974606 0.7192986 0.6660472 -0.1885421 0.6561332 0.7307127 -0.1814004 0.629865 0.7552244 -0.1700284 0.5586678 0.8117762 -0.1925613 0.6987627 0.6889491 -0.1609632 0.5096333 0.845201 -0.2119414 0.8439829 0.4927208 -0.2119414 0.8439829 0.4927208 -0.2165727 0.9394041 0.2657369 -0.2165727 0.9394041 0.2657369 -0.2102932 0.9756785 0.06187325 -0.2102932 0.9756785 0.06187325 0.1898946 -0.9621099 0.1956646 0.1899601 -0.9623634 0.19435 0.1643901 -0.9052326 0.3918289 0.1643901 -0.9052326 0.3918289 0.1252718 -0.7869359 0.6041845 0.1296063 -0.8023202 0.582653 0.1122356 -0.7445053 0.6581148 0.1081816 -0.7111948 0.6946213 0.08556666 -0.6310232 0.7710305 0.0795861 -0.6214399 0.7794091 0.06522212 -0.5621015 0.8244926 0.03009057 -0.4171819 0.9083247 0.04435452 -0.4829552 0.874521 -0.03365394 -0.1597507 0.9865836 -0.01719309 -0.2308471 0.9728381 -0.02250514 -0.1877126 0.9819661 0.003922076 -0.320888 0.947109 0.02385839 -0.4084113 0.9124861 -0.05407705 -0.06570986 0.9963724 -0.07416874 0.05279877 0.995847 -0.08065032 0.06027083 0.9949186 -0.1045457 0.1810701 0.9778977 -0.1213267 0.2900588 0.949287 -0.1223661 0.2702687 0.9549772 -0.1639099 0.5012765 0.8496207 -0.1490933 0.4233111 0.8936324 -0.1345956 0.3406224 0.9305162 -0.9762343 -0.2061796 -0.06675672 -0.9762343 -0.2061796 -0.06675672 -0.9762343 -0.2061796 -0.06675672 -0.9762343 -0.2061796 -0.06675672 0.9762343 0.2061796 0.06675672 0.9762343 0.2061796 0.06675672 0.9762343 0.2061796 0.06675672 0.9762343 0.2061796 0.06675672 0.9762343 0.2061796 0.06675672 0.9762343 0.2061796 0.06675672 0.9762343 0.2061796 0.06675672 0.9762343 0.2061796 0.06675672 0.9762343 0.2061796 0.06675672 0.9762343 0.2061796 0.06675672 0.9762343 0.2061796 0.06675672 0.9762343 0.2061796 0.06675672 0.9762343 0.2061796 0.06675672 0.9762343 0.2061796 0.06675672 0.9762343 0.2061796 0.06675672 0.9762343 0.2061796 0.06675672 0.9762343 0.2061796 0.06675672 0.9762343 0.2061796 0.06675672 0.9762343 0.2061796 0.06675672 0.9762343 0.2061796 0.06675672 0.9762343 0.2061796 0.06675672 0.9762343 0.2061796 0.06675672 0.9762343 0.2061796 0.06675672 0.9762343 0.2061796 0.06675672 0.9762343 0.2061796 0.06675672 0.9762343 0.2061796 0.06675672 0.9762343 0.2061796 0.06675672 0.9762343 0.2061796 0.06675672 0.9762343 0.2061796 0.06675672 0.9762343 0.2061796 0.06675672 0.9762343 0.2061796 0.06675672 0.9762343 0.2061796 0.06675672 0.9762343 0.2061796 0.06675672 0.9762343 0.2061796 0.06675672 0.9762343 0.2061796 0.06675672 0.9762343 0.2061796 0.06675672 0.9762343 0.2061796 0.06675672 0.9762343 0.2061796 0.06675672 0.9762343 0.2061796 0.06675672 0.9762343 0.2061796 0.06675672 0.9762343 0.2061796 0.06675672 0.9762343 0.2061796 0.06675672 0.9762343 0.2061796 0.06675672 -0.9762343 -0.2061796 -0.06675672 -0.9762343 -0.2061796 -0.06675672 -0.9762343 -0.2061796 -0.06675672 -0.9762343 -0.2061796 -0.06675672 -0.9762343 -0.2061796 -0.06675672 -0.9762343 -0.2061796 -0.06675672 -0.9762343 -0.2061796 -0.06675672 -0.9762343 -0.2061796 -0.06675672 0.2018046 -0.9771456 0.06679375 0.2018046 -0.9771456 0.06679375 0.2018046 -0.9771456 0.06679375 0.2018046 -0.9771456 0.06679375 0.2018046 -0.9771456 0.06679375 0.2018046 -0.9771456 0.06679375 0.2018046 -0.9771456 0.06679375 0.2018046 -0.9771456 0.06679375 0.2018046 -0.9771456 0.06679375 0.2018046 -0.9771456 0.06679375 0.2018046 -0.9771456 0.06679375 0.2018046 -0.9771456 0.06679375 0.2018046 -0.9771456 0.06679375 0.2018046 -0.9771456 0.06679375 0.2018046 -0.9771456 0.06679375 0.2018046 -0.9771456 0.06679375 0.2018046 -0.9771456 0.06679375 0.2018046 -0.9771456 0.06679375 0.2018046 -0.9771456 0.06679375 0.2018046 -0.9771456 0.06679375 0.2018046 -0.9771456 0.06679375 0.2018046 -0.9771456 0.06679375 0.2018046 -0.9771456 0.06679375 0.2018046 -0.9771456 0.06679375 0.2018046 -0.9771456 0.06679375 0.2018046 -0.9771456 0.06679375 0.2018046 -0.9771456 0.06679375 0.2018046 -0.9771456 0.06679375 0.2018046 -0.9771456 0.06679375 0.2018046 -0.9771456 0.06679375 0.2018046 -0.9771456 0.06679375 0.2018046 -0.9771456 0.06679375 0.2018046 -0.9771456 0.06679375 0.2018046 -0.9771456 0.06679375 0.2018046 -0.9771456 0.06679375 0.2018046 -0.9771456 0.06679375 0.2018046 -0.9771456 0.06679375 0.2018046 -0.9771456 0.06679375 0.2018046 -0.9771456 0.06679375 0.2018046 -0.9771456 0.06679375 0.2018046 -0.9771456 0.06679375 0.2018046 -0.9771456 0.06679375 0.2018046 -0.9771456 0.06679375 0.2018046 -0.9771456 0.06679375 0.2018046 -0.9771456 0.06679375 0.2018046 -0.9771456 0.06679375 0.2018046 -0.9771456 0.06679375 0.2018046 -0.9771456 0.06679375 0.2018046 -0.9771456 0.06679375 0.2018046 -0.9771456 0.06679375 0.2018046 -0.9771456 0.06679375 0.2018046 -0.9771456 0.06679375 0.2018046 -0.9771456 0.06679375 0.2018046 -0.9771456 0.06679375 -0.9762343 -0.2061796 -0.06675672 -0.9762343 -0.2061796 -0.06675672 -0.9634102 -0.1857602 0.1932198 -0.9634102 -0.1857602 0.1932198 -0.8849562 -0.1526935 0.4399286 -0.8849562 -0.1526935 0.4399286 -0.7462254 -0.1092265 0.6566713 -0.7462254 -0.1092265 0.6566713 -0.5565013 -0.05827773 0.8288004 -0.5565013 -0.05827773 0.8288004 -0.3289138 -0.003376538 0.9443539 -0.3289138 -0.003376538 0.9443539 -0.07900255 0.05173454 0.9955311 -0.07900255 0.05173454 0.9955311 0.1762897 0.1033219 0.9789007 0.1762897 0.1033219 0.9789007 0.4196615 0.1478868 0.8955522 0.4196615 0.1478868 0.8955522 0.6345096 0.1823832 0.7510885 0.6345096 0.1823832 0.7510885 0.8059573 0.2044256 0.5555564 0.8059573 0.2044256 0.5555564 0.9225094 0.212544 0.3221825 0.9225094 0.212544 0.3221825 0.9762343 0.2061796 0.06675672 0.9762343 0.2061796 0.06675672 0.9634102 0.1857602 -0.1932198 0.9634102 0.1857602 -0.1932198 0.8849256 0.1526827 -0.4399939 0.8849256 0.1526827 -0.4399939 0.7461792 0.1092132 -0.656726 0.7461792 0.1092132 -0.656726 0.5565013 0.05827773 -0.8288004 0.5565013 0.05827773 -0.8288004 0.3290233 0.003401763 -0.9443157 0.3290233 0.003401763 -0.9443157 0.07900255 -0.05173454 -0.9955311 0.07900255 -0.05173454 -0.9955311 -0.176404 -0.1033439 -0.9788777 -0.176404 -0.1033439 -0.9788777 -0.4196615 -0.1478868 -0.8955522 -0.4196615 -0.1478868 -0.8955522 -0.6344552 -0.1823753 -0.7511364 -0.6344552 -0.1823753 -0.7511364 -0.8059168 -0.2044214 -0.5556168 -0.8059168 -0.2044214 -0.5556168 -0.9225094 -0.212544 -0.3221825 -0.9225094 -0.212544 -0.3221825 0.664735 0.1837654 0.7241255 0.5974968 0.1552157 0.7867055 0.6315977 0.1698184 0.7564695 0.003073862 0.05801824 0.9983108 -0.07814832 0.05191493 0.9955891 -0.07475857 0.03227424 0.9966793 0.9739959 0.1315813 0.1844407 0.9232165 0.1947366 0.3312837 0.979918 0.1900893 0.06022254 0.9762343 0.2061796 0.06675672 0.9634102 0.1857602 -0.1932198 0.9634102 0.1857602 -0.1932198 0.8849256 0.1526827 -0.4399939 0.8849256 0.1526827 -0.4399939 0.7461792 0.1092132 -0.656726 0.7461792 0.1092132 -0.656726 0.5565013 0.05827773 -0.8288004 0.5565013 0.05827773 -0.8288004 0.3290233 0.003401763 -0.9443157 0.3290233 0.003401763 -0.9443157 0.07900255 -0.05173454 -0.9955311 0.07900255 -0.05173454 -0.9955311 -0.176404 -0.1033439 -0.9788777 -0.176404 -0.1033439 -0.9788777 -0.4196615 -0.1478868 -0.8955522 -0.4196615 -0.1478868 -0.8955522 -0.6344552 -0.1823753 -0.7511364 -0.6344552 -0.1823753 -0.7511364 -0.8059168 -0.2044214 -0.5556168 -0.8059168 -0.2044214 -0.5556168 -0.9225094 -0.212544 -0.3221825 -0.9225094 -0.212544 -0.3221825 -0.9737673 -0.2074917 -0.09340522 -0.971904 -0.2210325 -0.08091457 -0.9703309 -0.2295402 0.07595611 -0.9552952 -0.2206602 0.1967746 -0.9669702 -0.188587 0.1714747 -0.8711764 -0.1481401 0.4680877 -0.8971711 -0.1585589 0.4122416 -0.8769509 -0.184029 0.4439486 -0.9232492 -0.2009806 0.3274411 -0.9536139 -0.1852674 0.2372689 -0.8194104 -0.1547491 0.5519232 -0.7385411 -0.1366969 0.6602052 -0.7727117 -0.1212359 0.6230718 -0.5399907 -0.05456903 0.8399002 -0.5969355 -0.0738897 0.7988794 -0.5500666 -0.08170445 0.8311144 -0.6605448 -0.1019486 0.7438327 -0.729823 -0.1047763 0.6755593 -0.4594304 -0.04738202 0.8869491 -0.3236657 -0.02405062 0.9458658 -0.3846046 -0.02266064 0.9228032 -0.1515077 0.02724473 0.9880805 -0.2314852 0.006268062 0.9728182 -0.3174831 -0.001063419 0.9482633 0.08495417 0.07228578 0.9937593 0.1792498 0.08221967 0.9803619 0.1676227 0.1013341 0.9806294 0.4638813 0.1510045 0.8729328 0.4010783 0.1439926 0.9046559 0.4276544 0.1280508 0.8948266 0.3188798 0.1166964 0.9405837 0.2384811 0.1087624 0.9650376 0.5588613 0.1188683 0.8206975 0.894378 0.1297064 0.4280936 0.8031121 0.1898911 0.5647587 0.9047475 0.190035 0.3812069 0.930608 0.2119854 0.2983806 0.8246409 0.204732 0.5273065 0.7761678 0.1798107 0.6043441 0.7502213 0.1333779 0.6475943 -0.2018046 0.9771456 -0.06679375 -0.2018046 0.9771456 -0.06679375 -0.2018046 0.9771456 -0.06679375 -0.2018046 0.9771456 -0.06679375 -0.2018046 0.9771456 -0.06679375 -0.2018046 0.9771456 -0.06679375 -0.2018046 0.9771456 -0.06679375 -0.2018046 0.9771456 -0.06679375 -0.2018046 0.9771456 -0.06679375 -0.2018046 0.9771456 -0.06679375 -0.2018046 0.9771456 -0.06679375 -0.2018046 0.9771456 -0.06679375 -0.2018046 0.9771456 -0.06679375 -0.2018046 0.9771456 -0.06679375 -0.2018046 0.9771456 -0.06679375 -0.2018046 0.9771456 -0.06679375 -0.2018046 0.9771456 -0.06679375 -0.2018046 0.9771456 -0.06679375 -0.2018046 0.9771456 -0.06679375 -0.2018046 0.9771456 -0.06679375 -0.2018046 0.9771456 -0.06679375 -0.2018046 0.9771456 -0.06679375 -0.2018046 0.9771456 -0.06679375 -0.2018046 0.9771456 -0.06679375 -0.2018046 0.9771456 -0.06679375 -0.2018046 0.9771456 -0.06679375 -0.2018046 0.9771456 -0.06679375 -0.2018046 0.9771456 -0.06679375 -0.2018046 0.9771456 -0.06679375 -0.2018046 0.9771456 -0.06679375 -0.2018046 0.9771456 -0.06679375 -0.2018046 0.9771456 -0.06679375 -0.2018046 0.9771456 -0.06679375 -0.2018046 0.9771456 -0.06679375 -0.2018046 0.9771456 -0.06679375 -0.2018046 0.9771456 -0.06679375 -0.2018046 0.9771456 -0.06679375 -0.2018046 0.9771456 -0.06679375 -0.2018046 0.9771456 -0.06679375 -0.2018046 0.9771456 -0.06679375 -0.2018046 0.9771456 -0.06679375 -0.2018046 0.9771456 -0.06679375 -0.2018046 0.9771456 -0.06679375 -0.2018046 0.9771456 -0.06679375 -0.2018046 0.9771456 -0.06679375 -0.2018046 0.9771456 -0.06679375 -0.2018046 0.9771456 -0.06679375 -0.2018046 0.9771456 -0.06679375 -0.2018046 0.9771456 -0.06679375 -0.2018046 0.9771456 -0.06679375 -0.9762343 -0.2061796 -0.06675672 -0.9762343 -0.2061796 -0.06675672 -0.9762343 -0.2061796 -0.06675672 -0.9762343 -0.2061796 -0.06675672 -0.9762343 -0.2061796 -0.06675672 -0.9762343 -0.2061796 -0.06675672 -0.9762343 -0.2061796 -0.06675672 -0.9762343 -0.2061796 -0.06675672 -0.9762343 -0.2061796 -0.06675672 -0.9762343 -0.2061796 -0.06675672 -0.9762343 -0.2061796 -0.06675672 -0.9762343 -0.2061796 -0.06675672 0.9762343 0.2061796 0.06675672 0.9762343 0.2061796 0.06675672 0.9762343 0.2061796 0.06675672 0.9762343 0.2061796 0.06675672 0.9762343 0.2061796 0.06675672 0.9762343 0.2061796 0.06675672 0.9762343 0.2061796 0.06675672 0.9762343 0.2061796 0.06675672 0.9762343 0.2061796 0.06675672 0.9762343 0.2061796 0.06675672 0.9762343 0.2061796 0.06675672 0.9762343 0.2061796 0.06675672 0.9762354 0.2061789 0.06674289 0.9762354 0.2061789 0.06674289 0.9289505 0.2125693 0.3030929 0.9289505 0.2125693 0.3030929 0.8277051 0.2066059 0.5217453 0.8277051 0.2066059 0.5217453 0.6783429 0.1886353 0.7101181 0.6783429 0.1886353 0.7101181 0.4895603 0.1597024 0.8572198 0.4895603 0.1597024 0.8572198 0.2723195 0.1214869 0.9545067 0.2723195 0.1214869 0.9545067 0.03920049 0.07620042 0.9963216 0.03920049 0.07620042 0.9963216 -0.1960544 0.02651484 0.9802345 -0.1960544 0.02651484 0.9802345 -0.4200562 -0.02474208 0.9071607 -0.4200562 -0.02474208 0.9071607 -0.6195945 -0.07454993 0.7813738 -0.6195945 -0.07454993 0.7813738 -0.7831181 -0.1200236 0.6101806 -0.7831181 -0.1200236 0.6101806 -0.9011319 -0.1585226 0.4035242 -0.9011319 -0.1585226 0.4035242 -0.9667684 -0.1878044 0.1734602 -0.9667684 -0.1878044 0.1734602 -0.9762333 -0.2061803 -0.06677055 -0.9762333 -0.2061803 -0.06677055 -0.9289588 -0.2125693 -0.3030673 -0.9289588 -0.2125693 -0.3030673 -0.8276923 -0.2066047 -0.5217662 -0.8276923 -0.2066047 -0.5217662 -0.6782966 -0.1886289 -0.7101639 -0.6782966 -0.1886289 -0.7101639 -0.4895603 -0.1597024 -0.8572198 -0.4895603 -0.1597024 -0.8572198 -0.2723195 -0.1214869 -0.9545067 -0.2723195 -0.1214869 -0.9545067 -0.03920049 -0.07620042 -0.9963216 -0.03920049 -0.07620042 -0.9963216 0.1960544 -0.02651484 -0.9802345 0.1960544 -0.02651484 -0.9802345 0.4200562 0.02474208 -0.9071607 0.4200562 0.02474208 -0.9071607 0.6195945 0.07454993 -0.7813738 0.6195945 0.07454993 -0.7813738 0.7830796 0.1200122 -0.6102323 0.7830796 0.1200122 -0.6102323 0.9011225 0.1585191 -0.4035467 0.9011225 0.1585191 -0.4035467 0.9667726 0.1878071 -0.1734337 0.9667726 0.1878071 -0.1734337 -0.2018046 0.9771456 -0.06679375 -0.2018046 0.9771456 -0.06679375 -0.2018046 0.9771456 -0.06679375 -0.2018046 0.9771456 -0.06679375 -0.2018046 0.9771456 -0.06679375 -0.2018046 0.9771456 -0.06679375 -0.2018046 0.9771456 -0.06679375 -0.2018046 0.9771456 -0.06679375 -0.2018046 0.9771456 -0.06679375 -0.2018046 0.9771456 -0.06679375 -0.2018046 0.9771456 -0.06679375 -0.2018046 0.9771456 -0.06679375 -0.2018046 0.9771456 -0.06679375 -0.2018046 0.9771456 -0.06679375 -0.2018046 0.9771456 -0.06679375 -0.2018046 0.9771456 -0.06679375 -0.2018046 0.9771456 -0.06679375 -0.2018046 0.9771456 -0.06679375 -0.2018046 0.9771456 -0.06679375 -0.2018046 0.9771456 -0.06679375 -0.2018046 0.9771456 -0.06679375 -0.2018046 0.9771456 -0.06679375 -0.2018046 0.9771456 -0.06679375 -0.2018046 0.9771456 -0.06679375 -0.2018046 0.9771456 -0.06679375 -0.2018046 0.9771456 -0.06679375 -0.2018046 0.9771456 -0.06679375 -0.2018046 0.9771456 -0.06679375 -0.2018046 0.9771456 -0.06679375 -0.2018046 0.9771456 -0.06679375 -0.2018046 0.9771456 -0.06679375 -0.2018046 0.9771456 -0.06679375 -0.2018046 0.9771456 -0.06679375 -0.2018046 0.9771456 -0.06679375 -0.2018046 0.9771456 -0.06679375 -0.2018046 0.9771456 -0.06679375 -0.2018046 0.9771456 -0.06679375 -0.2018046 0.9771456 -0.06679375 -0.2018046 0.9771456 -0.06679375 -0.2018046 0.9771456 -0.06679375 -0.2018046 0.9771456 -0.06679375 -0.2018046 0.9771456 -0.06679375 -0.2018046 0.9771456 -0.06679375 -0.2018046 0.9771456 -0.06679375 0.07900255 -0.05173454 -0.9955311 0.07900255 -0.05173454 -0.9955311 0.07900255 -0.05173454 -0.9955311 0.07900255 -0.05173454 -0.9955311 0.07900255 -0.05173454 -0.9955311 0.07900255 -0.05173454 -0.9955311 0.07900255 -0.05173454 -0.9955311 0.07900255 -0.05173454 -0.9955311 0.07900255 -0.05173454 -0.9955311 0.07900255 -0.05173454 -0.9955311 0.07900255 -0.05173454 -0.9955311 0.07900255 -0.05173454 -0.9955311 0.07900255 -0.05173454 -0.9955311 0.07900255 -0.05173454 -0.9955311 0.07900255 -0.05173454 -0.9955311 0.07900255 -0.05173454 -0.9955311 0.07900255 -0.05173454 -0.9955311 0.07900255 -0.05173454 -0.9955311 0.07900255 -0.05173454 -0.9955311 0.07900255 -0.05173454 -0.9955311 0.07900255 -0.05173454 -0.9955311 0.07900255 -0.05173454 -0.9955311 0.07900255 -0.05173454 -0.9955311 0.07900255 -0.05173454 -0.9955311 0.07900255 -0.05173454 -0.9955311 0.07900255 -0.05173454 -0.9955311 0.07900255 -0.05173454 -0.9955311 0.07900255 -0.05173454 -0.9955311 0.07900255 -0.05173454 -0.9955311 0.07900255 -0.05173454 -0.9955311 0.07900255 -0.05173454 -0.9955311 0.07900255 -0.05173454 -0.9955311 0.07900255 -0.05173454 -0.9955311 0.07900255 -0.05173454 -0.9955311 0.07900255 -0.05173454 -0.9955311 0.07900255 -0.05173454 -0.9955311 0.07900255 -0.05173454 -0.9955311 0.07900255 -0.05173454 -0.9955311 0.07900255 -0.05173454 -0.9955311 0.07900255 -0.05173454 -0.9955311 0.07900255 -0.05173454 -0.9955311 0.07900255 -0.05173454 -0.9955311 0.07900255 -0.05173454 -0.9955311 0.07900255 -0.05173454 -0.9955311 0.07900255 -0.05173454 -0.9955311 0.07900255 -0.05173454 -0.9955311 0.07900255 -0.05173454 -0.9955311 0.07900255 -0.05173454 -0.9955311 0.07900255 -0.05173454 -0.9955311 0.07900255 -0.05173454 -0.9955311 0.07900255 -0.05173454 -0.9955311 0.07900255 -0.05173454 -0.9955311 0.07900255 -0.05173454 -0.9955311 0.07900255 -0.05173454 -0.9955311 0.07900255 -0.05173454 -0.9955311 0.07900255 -0.05173454 -0.9955311 0.07900255 -0.05173454 -0.9955311 0.07900255 -0.05173454 -0.9955311 0.07900255 -0.05173454 -0.9955311 0.07900255 -0.05173454 -0.9955311 0.07900255 -0.05173454 -0.9955311 0.07900255 -0.05173454 -0.9955311 0.07900255 -0.05173454 -0.9955311 0.07900255 -0.05173454 -0.9955311 0.07900255 -0.05173454 -0.9955311 0.07900255 -0.05173454 -0.9955311 0.07900255 -0.05173454 -0.9955311 0.07900255 -0.05173454 -0.9955311 0.07900255 -0.05173454 -0.9955311 0.07900255 -0.05173454 -0.9955311 0.07900255 -0.05173454 -0.9955311 0.07900255 -0.05173454 -0.9955311 -0.07900255 0.05173454 0.9955311 -0.07900255 0.05173454 0.9955311 -0.07900255 0.05173454 0.9955311 -0.07900255 0.05173454 0.9955311 0.9323576 -0.3496459 0.09196232 0.9279674 -0.3610217 0.09241127 0.9265899 -0.3649694 0.09071081 0.9719857 0.2259922 0.06458633 -0.9799012 -0.1863002 -0.07131546 -0.9874165 -0.1406747 -0.07224413 -0.9924629 -0.0971219 -0.07473079 -0.9930296 -0.09067499 -0.07530059 -0.9953776 -0.05879984 -0.07593417 -0.9555307 -0.2882313 -0.06232024 -0.9670255 -0.2447303 -0.07049019 -0.9425305 -0.3284464 -0.06131316 -0.9732235 -0.2187404 -0.07063048 -0.9803082 -0.1853365 -0.06816244 -0.9042823 -0.4237995 -0.05164786 -0.9199998 -0.3873884 -0.05941844 -0.882675 -0.4674393 -0.04883937 -0.9299526 -0.3628189 -0.05958627 -0.9425046 -0.3291807 -0.05766383 -0.8164808 -0.576299 -0.03519394 -0.8299171 -0.5565463 -0.03864907 -0.8024704 -0.5956387 -0.03543783 -0.8487542 -0.5268399 -0.04534391 -0.8648905 -0.4997155 -0.04742155 -0.8839973 -0.4652252 -0.04598124 -0.7111832 -0.7027226 -0.01998479 -0.7195171 -0.6941458 -0.02136941 -0.7033382 -0.7105567 -0.02060425 -0.7288426 -0.6842895 -0.02316068 -0.7367353 -0.6757221 -0.0249139 -0.7427523 -0.6690466 -0.02637559 -0.7485536 -0.6624849 -0.02795166 -0.7579159 -0.651627 -0.03075294 -0.769522 -0.6376734 -0.03476368 -0.7807517 -0.6238568 -0.03506239 -0.8007738 -0.5980871 -0.03245277 -0.646766 -0.7625214 -0.01596702 -0.6793799 -0.7335984 -0.01662149 -0.7016495 -0.7122775 -0.01867743 -0.5151158 -0.8571166 -0.002636394 -0.5492089 -0.8356831 -0.001842612 -0.5890301 -0.8080942 -0.005236149 -0.5940123 -0.8043611 -0.01235082 -0.6185283 -0.785562 -0.01775102 -0.3961149 -0.9181263 0.01170585 -0.4614288 -0.8871451 0.007547638 -0.3661911 -0.9304244 0.01464743 -0.3213837 -0.9467539 0.01922579 -0.3266478 -0.9448619 0.02317579 -0.2934172 -0.9556435 0.02553229 -0.4280158 -0.9036925 0.01193012 -0.467673 -0.8839015 0.0003854313 -0.4895671 -0.8719515 -0.004956419 -0.1747784 -0.9841065 0.03141533 -0.2289397 -0.9730474 0.02766731 -0.2611914 -0.964956 0.02527917 -0.129174 -0.9908701 0.03860656 -0.15515 -0.9871388 0.03854271 -0.1858007 -0.9819171 0.03628776 -0.0907926 -0.9950395 0.04065797 -0.02188135 -0.9987457 0.0450348 -0.04019188 -0.9980061 0.04866743 0.0900664 -0.9953001 0.03557871 0.04543838 -0.9978397 0.04744833 0.002520075 -0.9986876 0.05115485 -0.01374619 -0.9986209 0.05066895 0.2571668 -0.9638471 0.06974268 0.2327884 -0.9703825 0.0645557 0.2773237 -0.9587605 0.06220766 0.2149945 -0.9750071 0.05602209 0.1234879 -0.9907799 0.05573143 0.2052899 -0.977285 0.05263163 0.1876429 -0.980559 0.05739453 0.1647993 -0.9844216 0.06128 0.1131418 -0.9925853 0.04442226 0.1058207 -0.9939802 0.02837713 0.4038838 -0.9113856 0.07908305 0.3796559 -0.9220525 0.07537018 0.4188678 -0.9050211 0.07407159 0.3386045 -0.9382463 0.0709986 0.2873569 -0.9550805 0.07243822 0.523581 -0.8477641 0.08461102 0.4984216 -0.8632487 0.07985937 0.550335 -0.830801 0.08307333 0.4641742 -0.8823203 0.07780209 0.4227757 -0.9026562 0.08045219 0.6359008 -0.7666664 0.08861626 0.6111338 -0.7871354 0.0832671 0.6697666 -0.7371648 0.08944729 0.5853403 -0.8065282 0.0829998 0.548559 -0.8315986 0.08675699 0.7633106 -0.639208 0.09364886 0.7390149 -0.6674904 0.09117868 0.7728328 -0.6280365 0.09110219 0.7167938 -0.6919375 0.08619269 0.6946862 -0.7140586 0.08678393 0.6630787 -0.7429705 0.09122247 0.8474532 -0.5224781 0.09401939 0.8247757 -0.55802 0.09142643 0.860158 -0.5018575 0.09092435 0.8067508 -0.5839363 0.09039681 0.7844278 -0.613038 0.09411447 0.9231598 -0.3730988 0.09259178 0.916167 -0.3899813 0.09248008 0.9058763 -0.4135419 0.09149438 0.8913275 -0.4446267 0.08855706 0.8782952 -0.4697274 0.08918411 0.8634463 -0.4955534 0.09427236 0.9622169 -0.25997 0.08095807 0.9572167 -0.2768704 0.08413677 0.953435 -0.2890499 0.0860921 0.9509964 -0.2966603 0.08716902 0.9477738 -0.3064518 0.0883858 0.9443187 -0.3166217 0.08951497 0.940922 -0.3263259 0.09042831 0.9368022 -0.3377369 0.09129893 0.9905763 -0.1143861 0.0753291 0.984759 -0.1531571 0.08241681 0.9713306 -0.2207939 0.08812964 0.9787869 -0.1857801 0.08638265 0.9750176 -0.2040359 0.0878072 0.9692653 -0.2322539 0.08113514 0.9664144 -0.2449737 0.0776602 0.9972407 0.00680604 0.07392308 0.9962179 -0.0344049 0.07978814 0.9941056 -0.07077396 0.08212799 0.9939996 -0.07894563 0.07571251 0.9930997 -0.09381974 0.07036174 0.9551883 0.2903932 0.05733288 0.9729797 0.2228667 0.06034059 0.9940127 0.08054916 0.07382743 0.9811313 0.1841782 0.05881896 0.9871444 0.1449653 0.06731344 0.9919903 0.1029973 0.07312186 0.9955483 0.06285405 0.07023558 0.9970429 0.03648103 0.06763527 -0.3957209 0.91504 -0.07814572 -0.4483155 0.8905558 -0.07696481 -0.4282083 0.9001037 -0.08031759 -0.9304837 0.3545242 -0.09226405 -0.9236406 0.372121 -0.09172842 -0.9250443 0.3684546 -0.09238122 -0.9074869 0.4100961 -0.09104223 -0.9168916 0.388193 -0.09282268 -0.9075643 0.4094243 -0.09326739 -0.8900654 0.4463161 -0.09265814 -0.8598664 0.5021056 -0.0923022 -0.8722593 0.4800044 -0.09359222 -0.7892954 0.6067518 -0.09415444 -0.7963843 0.5974062 -0.09422228 -0.7894886 0.6066106 -0.09344136 -0.8024257 0.5892952 -0.09404379 -0.8101459 0.5787115 -0.09357704 -0.8175107 0.5683951 -0.09275369 -0.8252625 0.5572747 -0.09157848 -0.833145 0.5456865 -0.08997573 -0.84312 0.5305767 -0.08739039 -0.8512861 0.5170845 -0.08908201 -0.8617848 0.4984473 -0.09421882 -0.6952355 0.7128753 -0.09195909 -0.695176 0.7136984 -0.08581883 -0.72287 0.6857941 -0.08453082 -0.7544257 0.6500327 -0.09110079 -0.7762996 0.6233809 -0.09356868 -0.5747016 0.8136751 -0.08746922 -0.486269 0.8704257 -0.07682106 -0.5255257 0.8466697 -0.08350579 -0.559479 0.8242595 -0.08706027 -0.5981752 0.7968063 -0.08535946 -0.646382 0.7579741 -0.08755285 -0.07992865 0.9953186 -0.05433568 -0.07868556 0.9952267 -0.05772618 -0.1396899 0.9883274 -0.06079217 -0.2614039 0.9627588 -0.06901781 -0.2071956 0.9760964 -0.06561894 -0.2696293 0.9607237 -0.06565086 -0.3269047 0.9426276 -0.06772442 -0.01508506 0.9985761 -0.05116871 0.1029586 0.9938732 -0.04019517 0.05391891 0.9974829 -0.04605035 0.2333562 0.9719038 -0.03078769 0.1732813 0.9843968 -0.03060377 0.270321 0.9624311 -0.02555104 0.1376064 0.98988 -0.03466932 0.1044245 0.99359 -0.04329513 0.4022456 0.9153996 -0.01555738 0.3764441 0.9262817 -0.0170925 0.4127924 0.9107542 -0.01136997 0.33284 0.9427477 -0.02107873 0.2840311 0.9584281 -0.02723742 0.5181472 0.8552856 -0.003165913 0.5063397 0.8623252 -0.003934302 0.5318065 0.8468658 0.0001803051 0.4900968 0.8716566 -0.004448483 0.4613542 0.8871812 -0.00786447 0.4253393 0.9049368 -0.01326102 0.5886418 0.8083407 0.009279283 0.5698772 0.8217183 0.004345518 0.5497393 0.8353361 0.000594583 0.5321812 0.8466287 -0.001756631 0.6310658 0.7756589 0.01045403 0.6762856 0.7364786 0.0153957 0.7023207 0.7111462 0.03188783 0.701107 0.7123528 0.03166228 0.6809809 0.7319635 0.0222353 0.6577028 0.7531339 0.01471038 0.6411246 0.7673533 0.01132058 0.6227333 0.7822796 0.01554955 0.6089581 0.7930369 0.01620202 0.9762343 0.2061796 0.06675672 0.9762343 0.2061796 0.06675672 0.9762343 0.2061796 0.06675672 0.9762343 0.2061796 0.06675672 0.9762343 0.2061796 0.06675672 0.9762343 0.2061796 0.06675672 0.9762343 0.2061796 0.06675672 -0.2018046 0.9771456 -0.06679375 -0.2018046 0.9771456 -0.06679375 -0.2018046 0.9771456 -0.06679375 -0.2018046 0.9771456 -0.06679375 -0.9762343 -0.2061796 -0.06675672 -0.9762343 -0.2061796 -0.06675672 -0.9762343 -0.2061796 -0.06675672 -0.9762343 -0.2061796 -0.06675672 -0.9762343 -0.2061796 -0.06675672 -0.9762343 -0.2061796 -0.06675672 -0.9762343 -0.2061796 -0.06675672 -0.9953942 -0.06122606 -0.07376831 -0.9909425 -0.1132956 -0.07209108 -0.9035891 -0.425961 -0.04565136 -0.9062813 -0.4200804 -0.04676258 -0.9102628 -0.41096 -0.05033369 -0.9114442 -0.4082597 -0.05092654 -0.900587 -0.4322078 -0.04625548 -0.8985364 -0.4364198 -0.04658471 -0.8974339 -0.4386688 -0.04671317 -0.8841497 -0.4649343 -0.04599309 -0.8859915 -0.4613848 -0.04629281 -0.8981501 -0.4372015 -0.0467031 -0.8934629 -0.4466835 -0.04688182 -0.8939698 -0.4451894 -0.05122794 -0.8986997 -0.4349052 -0.05653618 -0.8805407 -0.4728992 -0.03184859 -0.887403 -0.4590213 -0.04260717 -0.8871627 -0.4591267 -0.04631494 -0.8867263 -0.4599605 -0.04639755 -0.9211537 -0.3858871 -0.05066483 -0.9258225 -0.3747042 -0.04949175 -0.9291695 -0.3665082 -0.04812291 -0.9169204 -0.3957803 -0.05113658 -0.9144438 -0.4014621 -0.05119282 -0.9621492 -0.2654217 -0.06180776 -0.9598085 -0.2748722 -0.05668349 -0.9380154 -0.3420468 -0.05595597 -0.9574436 -0.2839976 -0.05144999 -0.9538049 -0.2955112 -0.0541242 -0.9486064 -0.3113856 -0.05643492 -0.9431937 -0.3272787 -0.057221 -0.9400007 -0.3363838 -0.05696151 -0.9352609 -0.3503808 -0.05020334 -0.9329378 -0.3570834 -0.04602647 -0.9722501 -0.2258948 -0.06083791 -0.9685654 -0.2407458 -0.06263042 -0.9647181 -0.2556191 -0.06307084 -0.9943162 -0.07826823 -0.07217635 -0.9919301 -0.1080221 -0.06637651 -0.980048 -0.187083 -0.06712556 -0.9915239 -0.1166792 -0.05715123 -0.9881962 -0.1391801 -0.0640091 -0.9842244 -0.1632806 -0.06812998 -0.9821563 -0.1751745 -0.06843101 -0.9792109 -0.1932181 -0.0617483 -0.9770261 -0.2056553 -0.0559105</float_array>
          <technique_common>
            <accessor count="2452" source="#normals-array-array" stride="3">
              <param type="float" name="X"/>
              <param type="float" name="Y"/>
              <param type="float" name="Z"/>
            </accessor>
          </technique_common>
        </source>
        <vertices id="verts-array-vertices">
          <input semantic="POSITION" source="#verts-array"/>
        </vertices>
        <triangles count="2424" material="material0">
          <input offset="0" semantic="VERTEX" source="#verts-array-vertices"/>
          <input offset="1" semantic="NORMAL" source="#normals-array"/>
          <p>0 0 1 1 2 2 2 2 3 3 0 0 4 4 0 0 3 3 0 0 4 4 5 5 5 5 6 6 0 0 7 7 0 0 6 6 0 0 7 7 8 8 9 9 10 10 11 11 12 12 11 11 10 10 11 11 12 12 13 13 13 13 14 14 11 11 15 15 11 11 14 14 11 11 15 15 16 16 17 17 18 18 1 1 19 19 1 1 18 18 1 1 19 19 2 2 20 20 21 21 22 22 23 23 22 22 21 21 24 24 25 25 26 26 26 26 27 27 24 24 28 28 24 24 27 27 24 24 28 28 29 29 29 29 30 30 24 24 31 31 24 24 30 30 24 24 31 31 32 32 32 32 33 33 34 34 35 35 34 34 33 33 34 34 35 35 36 36 36 36 37 37 34 34 38 38 34 34 37 37 34 34 38 38 21 21 39 39 21 21 38 38 21 21 39 39 23 23 32 32 34 34 24 24 40 40 24 24 34 34 24 24 40 40 41 41 42 42 41 41 40 40 41 41 42 42 43 43 44 44 43 43 42 42 43 43 44 44 45 45 46 46 45 45 44 44 45 45 46 46 47 47 48 48 47 47 46 46 47 47 48 48 49 49 50 50 49 49 48 48 49 49 50 50 51 51 52 52 51 51 50 50 51 51 52 52 53 53 54 54 53 53 52 52 53 53 54 54 55 55 0 0 55 55 54 54 55 55 0 0 11 11 8 8 11 11 0 0 11 11 8 8 9 9 56 56 57 57 58 58 59 59 60 60 61 61 62 62 61 61 60 60 61 61 62 62 63 63 64 64 63 63 62 62 63 63 64 64 65 65 57 57 66 66 58 58 67 67 58 58 66 66 58 58 67 67 64 64 68 68 64 64 67 67 64 64 68 68 65 65 69 69 70 70 71 71 72 72 71 71 70 70 71 71 72 72 58 58 73 73 58 58 72 72 58 58 73 73 56 56 74 74 75 75 76 76 77 77 76 76 75 75 76 76 77 77 69 69 78 78 69 69 77 77 69 69 78 78 70 70 79 79 80 80 81 81 74 74 76 76 81 81 82 82 81 81 76 76 81 81 82 82 79 79 83 83 79 79 82 82 79 79 83 83 84 84 85 85 84 84 83 83 84 84 85 85 86 86 87 87 88 88 85 85 89 89 85 85 88 88 85 85 89 89 86 86 90 90 91 91 92 92 90 90 92 92 93 93 94 94 93 93 92 92 93 93 94 94 95 95 96 96 95 95 94 94 95 95 96 96 97 97 60 60 97 97 96 96 97 97 60 60 98 98 59 59 98 98 60 60 98 98 59 59 99 99 100 100 101 101 102 102 88 88 102 102 101 101 102 102 88 88 103 103 87 87 103 103 88 88 104 104 91 91 105 105 90 90 105 105 91 91 105 105 90 90 106 106 107 107 106 106 90 90 108 108 109 109 110 110 111 111 110 110 109 109 112 112 113 113 114 114 115 115 114 114 113 113 114 114 115 115 116 116 117 117 116 116 115 115 116 116 117 117 111 111 118 118 111 111 117 117 111 111 118 118 110 110 108 108 119 119 109 109 120 120 109 109 119 119 109 109 120 120 121 121 120 120 122 122 121 121 123 123 121 121 122 122 121 121 123 123 124 124 125 125 124 124 123 123 112 112 114 114 126 126 127 127 126 126 114 114 126 126 127 127 128 128 129 129 128 128 127 127 128 128 129 129 130 130 131 131 130 130 129 129 130 130 131 131 132 132 133 133 132 132 131 131 132 132 133 133 134 134 135 135 134 134 133 133 134 134 135 135 136 136 137 137 136 136 135 135 136 136 137 137 138 138 139 139 138 138 137 137 138 138 139 139 140 140 141 141 140 140 139 139 140 140 141 141 142 142 143 143 142 142 141 141 142 142 143 143 144 144 145 145 144 144 143 143 144 144 145 145 146 146 147 147 146 146 145 145 146 146 147 147 148 148 149 149 148 148 147 147 148 148 149 149 125 125 150 150 125 125 149 149 125 125 150 150 124 124 151 151 152 152 153 153 153 153 154 154 151 151 155 155 151 151 154 154 151 151 155 155 156 156 157 157 156 156 155 155 156 156 157 157 158 158 159 159 160 160 161 161 162 162 161 161 160 160 161 161 162 162 163 163 164 164 163 163 162 162 165 165 166 166 167 167 168 168 167 167 166 166 165 165 169 169 166 166 170 170 166 166 169 169 166 166 170 170 162 162 171 171 162 162 170 170 162 162 171 171 164 164 166 166 172 172 173 173 174 174 173 173 172 172 173 173 175 175 166 166 176 176 166 166 175 175 166 166 176 176 177 177 177 177 178 178 166 166 179 179 166 166 178 178 166 166 179 179 168 168 180 180 181 181 182 182 183 183 184 184 185 185 186 186 185 185 184 184 185 185 186 186 187 187 183 183 188 188 184 184 189 189 184 184 188 188 184 184 189 189 182 182 190 190 182 182 189 189 182 182 190 190 180 180 191 191 192 192 193 193 194 194 193 193 192 192 193 193 194 194 195 195 191 191 196 196 192 192 197 197 192 192 196 196 192 192 197 197 186 186 198 198 186 186 197 197 186 186 198 198 187 187 195 195 194 194 199 199 200 200 199 199 194 194 199 199 200 200 201 201 202 202 203 203 200 200 204 204 200 200 203 203 200 200 204 204 201 201 205 205 206 206 207 207 205 205 207 207 208 208 207 207 209 209 208 208 210 210 208 208 209 209 208 208 210 210 202 202 211 211 202 202 210 210 202 202 211 211 203 203 206 206 205 205 212 212 213 213 212 212 205 205 212 212 213 213 214 214 215 215 216 216 217 217 218 218 217 217 216 216 217 217 218 218 213 213 219 219 213 213 218 218 213 213 219 219 214 214 215 215 217 217 220 220 221 221 220 220 217 217 220 220 221 221 222 222 223 223 224 224 221 221 225 225 221 221 224 224 221 221 225 225 222 222 226 226 227 227 223 223 228 228 223 223 227 227 223 223 228 228 224 224 229 229 230 230 231 231 232 232 231 231 230 230 231 231 232 232 233 233 233 233 227 227 231 231 226 226 231 231 227 227 231 231 226 226 234 234 235 235 234 234 226 226 234 234 235 235 236 236 237 237 236 236 235 235 236 236 237 237 238 238 239 239 238 238 237 237 238 238 239 239 240 240 241 241 240 240 239 239 240 240 241 241 242 242 243 243 242 242 241 241 242 242 243 243 244 244 245 245 244 244 243 243 244 244 245 245 246 246 247 247 246 246 245 245 246 246 247 247 248 248 249 249 248 248 247 247 248 248 249 249 250 250 251 251 250 250 249 249 250 250 251 251 252 252 253 253 252 252 251 251 252 252 253 253 254 254 255 255 254 254 253 253 254 254 255 255 256 256 257 257 256 256 255 255 256 256 257 257 182 182 258 258 182 182 257 257 182 182 258 258 184 184 259 259 260 260 261 261 262 262 261 261 260 260 263 263 264 264 265 265 266 266 265 265 264 264 265 265 266 266 267 267 268 268 269 269 270 270 271 271 270 270 269 269 270 270 271 271 266 266 272 272 266 266 271 271 266 266 272 272 267 267 273 273 274 274 275 275 275 275 276 276 273 273 277 277 273 273 276 276 273 273 277 277 278 278 279 279 280 280 281 281 278 278 282 282 273 273 283 283 273 273 282 282 273 273 283 283 284 284 280 280 285 285 281 281 286 286 281 281 285 285 281 281 286 286 287 287 287 287 288 288 281 281 289 289 281 281 288 288 281 281 289 289 290 290 290 290 291 291 281 281 292 292 281 281 291 291 281 281 292 292 270 270 293 293 270 270 292 292 270 270 293 293 268 268 294 294 295 295 296 296 297 297 296 296 295 295 296 296 297 297 273 273 298 298 273 273 297 297 273 273 298 298 274 274 262 262 299 299 261 261 300 300 261 261 299 299 261 261 300 300 296 296 301 301 296 296 300 300 296 296 301 301 294 294 284 284 279 279 273 273 281 281 273 273 279 279 273 273 281 281 302 302 303 303 302 302 281 281 302 302 303 303 304 304 305 305 304 304 303 303 304 304 305 305 306 306 307 307 306 306 305 305 306 306 307 307 308 308 309 309 308 308 307 307 308 308 309 309 310 310 311 311 310 310 309 309 310 310 311 311 312 312 313 313 312 312 311 311 312 312 313 313 314 314 315 315 314 314 313 313 316 316 317 317 318 318 319 319 318 318 317 317 318 318 319 319 320 320 321 321 320 320 319 319 320 320 321 321 322 322 260 260 259 259 323 323 324 324 323 323 259 259 323 323 324 324 325 325 326 326 325 325 324 324 325 325 326 326 316 316 327 327 316 316 326 326 316 316 327 327 317 317 328 328 329 329 330 330 331 331 330 330 329 329 330 330 331 331 332 332 333 333 332 332 331 331 332 332 333 333 334 334 335 335 334 334 333 333 334 334 335 335 263 263 264 264 263 263 335 335 321 321 336 336 322 322 337 337 322 322 336 336 322 322 337 337 338 338 339 339 338 338 337 337 338 338 339 339 340 340 341 341 340 340 339 339 340 340 341 341 342 342 343 343 342 342 341 341 342 342 343 343 328 328 344 344 328 328 343 343 328 328 344 344 329 329 345 345 346 346 347 347 348 348 349 349 347 347 349 349 350 350 347 347 351 351 347 347 350 350 347 347 351 351 352 352 352 352 353 353 347 347 354 354 347 347 353 353 347 347 354 354 345 345 355 355 356 356 357 357 358 358 357 357 356 356 357 357 358 358 347 347 359 359 347 347 358 358 347 347 359 359 348 348 360 360 361 361 362 362 363 363 362 362 361 361 363 363 364 364 362 362 365 365 362 362 364 364 362 362 365 365 357 357 366 366 357 357 365 365 357 357 366 366 355 355 367 367 368 368 369 369 370 370 369 369 368 368 369 369 370 370 371 371 372 372 371 371 370 370 373 373 374 374 314 314 375 375 376 376 377 377 314 314 377 377 376 376 377 377 314 314 378 378 315 315 378 378 314 314 379 379 380 380 315 315 381 381 315 315 380 380 315 315 381 381 378 378 374 374 382 382 314 314 383 383 314 314 382 382 314 314 383 383 384 384 385 385 386 386 387 387 388 388 389 389 376 376 385 385 376 376 389 389 376 376 385 385 314 314 387 387 314 314 385 385 314 314 387 387 373 373 390 390 391 391 315 315 392 392 315 315 391 391 315 315 392 392 379 379 393 393 394 394 395 395 396 396 395 395 394 394 384 384 397 397 314 314 398 398 314 314 397 397 314 314 398 398 399 399 394 394 400 400 396 396 401 401 396 396 400 400 396 396 401 401 402 402 403 403 402 402 401 401 402 402 403 403 404 404 399 399 404 404 403 403 404 404 399 399 405 405 398 398 405 405 399 399 406 406 407 407 408 408 401 401 409 409 403 403 410 410 403 403 409 409 403 403 410 410 315 315 411 411 315 315 410 410 315 315 411 411 390 390 393 393 395 395 408 408 412 412 408 408 395 395 408 408 412 412 406 406 413 413 414 414 415 415 416 416 415 415 414 414 417 417 418 418 419 419 420 420 421 421 422 422 417 417 419 419 423 423 424 424 425 425 426 426 426 426 425 425 427 427 428 428 427 427 425 425 427 427 428 428 429 429 430 430 429 429 428 428 429 429 430 430 431 431 432 432 431 431 430 430 431 431 432 432 433 433 426 426 434 434 424 424 435 435 424 424 434 434 424 424 435 435 419 419 436 436 419 419 435 435 419 419 436 436 423 423 422 422 437 437 420 420 438 438 420 420 437 437 420 420 438 438 433 433 439 439 433 433 438 438 433 433 439 439 431 431 440 440 441 441 442 442 440 440 442 442 443 443 444 444 443 443 442 442 443 443 444 444 445 445 446 446 445 445 444 444 445 445 446 446 447 447 448 448 447 447 446 446 447 447 448 448 449 449 450 450 449 449 448 448 449 449 450 450 451 451 452 452 451 451 450 450 451 451 452 452 453 453 454 454 453 453 452 452 453 453 454 454 455 455 456 456 455 455 454 454 455 455 456 456 457 457 458 458 457 457 456 456 457 457 458 458 459 459 460 460 459 459 458 458 459 459 460 460 461 461 462 462 461 461 460 460 461 461 462 462 463 463 464 464 463 463 462 462 463 463 464 464 465 465 466 466 465 465 464 464 465 465 466 466 467 467 468 468 467 467 466 466 467 467 468 468 469 469 470 470 469 469 468 468 469 469 470 470 471 471 472 472 473 473 474 474 475 475 476 476 477 477 478 478 479 479 480 480 481 481 482 482 483 483 479 479 484 484 480 480 485 485 480 480 484 484 480 480 485 485 483 483 486 486 483 483 485 485 483 483 486 486 481 481 478 478 480 480 487 487 488 488 487 487 480 480 487 487 488 488 489 489 490 490 491 491 492 492 493 493 492 492 491 491 492 492 493 493 488 488 494 494 488 488 493 493 488 488 494 494 489 489 495 495 496 496 497 497 498 498 497 497 496 496 497 497 498 498 492 492 499 499 492 492 498 498 492 492 499 499 490 490 500 500 501 501 502 502 502 502 503 503 500 500 504 504 500 500 503 503 500 500 504 504 497 497 505 505 497 497 504 504 497 497 505 505 495 495 506 506 507 507 508 508 506 506 508 508 509 509 507 507 510 510 508 508 511 511 508 508 510 510 508 508 511 511 500 500 512 512 500 500 511 511 500 500 512 512 501 501 513 513 514 514 515 515 516 516 515 515 514 514 515 515 516 516 517 517 517 517 518 518 515 515 519 519 515 515 518 518 515 515 519 519 520 520 520 520 521 521 515 515 522 522 515 515 521 521 515 515 522 522 508 508 523 523 508 508 522 522 508 508 523 523 509 509 524 524 525 525 526 526 526 526 527 527 524 524 528 528 524 524 527 527 524 524 528 528 529 529 529 529 530 530 524 524 531 531 524 524 530 530 524 524 531 531 532 532 532 532 533 533 524 524 534 534 524 524 533 533 524 524 534 534 515 515 535 535 515 515 534 534 515 515 535 535 513 513 536 536 537 537 524 524 538 538 524 524 537 537 524 524 538 538 525 525 539 539 540 540 541 541 542 542 541 541 540 540 541 541 542 542 524 524 543 543 524 524 542 542 524 524 543 543 536 536 544 544 545 545 546 546 547 547 546 546 545 545 547 547 548 548 546 546 549 549 546 546 548 548 546 546 549 549 541 541 550 550 541 541 549 549 541 541 550 550 539 539 477 477 476 476 551 551 552 552 551 551 476 476 551 551 552 552 553 553 553 553 554 554 551 551 555 555 551 551 554 554 551 551 555 555 544 544 556 556 544 544 555 555 544 544 556 556 545 545 474 474 473 473 477 477 557 557 477 477 473 473 477 477 557 557 475 475 558 558 559 559 474 474 560 560 474 474 559 559 474 474 560 560 472 472 561 561 562 562 563 563 563 563 564 564 561 561 565 565 561 561 564 564 561 561 565 565 558 558 566 566 558 558 565 565 558 558 566 566 559 559 567 567 568 568 569 569 570 570 569 569 568 568 569 569 570 570 562 562 571 571 562 562 570 570 562 562 571 571 563 563 567 567 569 569 572 572 573 573 572 572 569 569 572 572 573 573 574 574 575 575 576 576 577 577 577 577 578 578 575 575 579 579 575 575 578 578 575 575 579 579 573 573 580 580 573 573 579 579 573 573 580 580 574 574 576 576 575 575 581 581 582 582 581 581 575 575 581 581 582 582 583 583 583 583 582 582 584 584 585 585 584 584 582 582 584 584 585 585 586 586 587 587 588 588 589 589 590 590 589 589 588 588 589 589 590 590 585 585 591 591 585 585 590 590 585 585 591 591 586 586 592 592 593 593 594 594 595 595 594 594 593 593 595 595 596 596 594 594 597 597 594 594 596 596 594 594 597 597 589 589 598 598 589 589 597 597 589 589 598 598 587 587 599 599 600 600 594 594 601 601 594 594 602 602 603 603 602 602 594 594 599 599 594 594 604 604 601 601 605 605 594 594 606 606 594 594 605 605 594 594 606 606 604 604 600 600 607 607 594 594 608 608 594 594 607 607 594 594 608 608 592 592 609 609 610 610 611 611 612 612 611 611 610 610 612 612 613 613 611 611 614 614 611 611 613 613 611 611 614 614 615 615 615 615 616 616 611 611 617 617 611 611 616 616 611 611 617 617 594 594 618 618 594 594 617 617 594 594 618 618 603 603 619 619 620 620 621 621 622 622 621 621 620 620 621 621 622 622 623 623 623 623 624 624 621 621 625 625 621 621 624 624 621 621 625 625 611 611 626 626 611 611 625 625 611 611 626 626 609 609 627 627 628 628 629 629 630 630 629 629 628 628 629 629 630 630 621 621 631 631 621 621 630 630 621 621 631 631 619 619 632 632 633 633 634 634 634 634 635 635 632 632 636 636 632 632 635 635 632 632 636 636 629 629 637 637 629 629 636 636 629 629 637 637 627 627 638 638 639 639 640 640 641 641 640 640 639 639 638 638 642 642 639 639 643 643 639 639 642 642 639 639 643 643 632 632 644 644 632 632 643 643 632 632 644 644 633 633 645 645 641 641 646 646 647 647 646 646 641 641 645 645 648 648 641 641 649 649 641 641 648 648 641 641 649 649 640 640 650 650 651 651 647 647 652 652 647 647 651 651 652 652 653 653 647 647 654 654 647 647 653 653 647 647 654 654 646 646 655 655 656 656 657 657 658 658 659 659 660 660 661 661 662 662 663 663 664 664 665 665 666 666 667 667 668 668 669 669 670 670 671 671 672 672 673 673 674 674 675 675 676 676 677 677 678 678 676 676 678 678 679 679 680 680 681 681 678 678 678 678 681 681 679 679 682 682 679 679 681 681 679 679 682 682 683 683 684 684 683 683 682 682 683 683 684 684 685 685 685 685 686 686 683 683 687 687 683 683 686 686 683 683 687 687 675 675 688 688 675 675 687 687 675 675 688 688 673 673 689 689 690 690 691 691 675 675 691 691 690 690 691 691 675 675 692 692 674 674 692 692 675 675 693 693 694 694 695 695 696 696 695 695 694 694 695 695 696 696 697 697 689 689 698 698 690 690 699 699 690 690 698 698 690 690 699 699 693 693 700 700 693 693 699 699 693 693 700 700 694 694 701 701 702 702 703 703 696 696 703 703 702 702 703 703 696 696 704 704 694 694 704 704 696 696 705 705 706 706 707 707 708 708 707 707 706 706 707 707 708 708 701 701 709 709 701 701 708 708 701 701 709 709 702 702 710 710 711 711 712 712 710 710 712 712 713 713 714 714 713 713 712 712 713 713 714 714 705 705 715 715 705 705 714 714 705 705 715 715 706 706 711 711 710 710 716 716 717 717 716 716 710 710 716 716 717 717 718 718 719 719 718 718 717 717 718 718 719 719 720 720 719 719 721 721 720 720 722 722 720 720 721 721 720 720 722 722 723 723 724 724 723 723 722 722 723 723 724 724 725 725 726 726 727 727 728 728 725 725 728 728 727 727 728 728 725 725 729 729 724 724 729 729 725 725 730 730 731 731 732 732 733 733 732 732 731 731 730 730 734 734 731 731 735 735 731 731 734 734 731 731 735 735 736 736 737 737 736 736 735 735 736 736 737 737 726 726 738 738 726 726 737 737 726 726 738 738 727 727 739 739 740 740 741 741 742 742 743 743 744 744 743 743 742 742 741 741 745 745 741 741 742 742 741 741 745 745 739 739 740 740 746 746 741 741 747 747 741 741 746 746 741 741 747 747 748 748 749 749 750 750 751 751 752 752 751 751 750 750 749 749 753 753 750 750 754 754 750 750 753 753 750 750 754 754 755 755 733 733 755 755 754 754 755 755 733 733 756 756 731 731 756 756 733 733 757 757 758 758 671 671 759 759 671 671 758 758 671 671 759 759 672 672 671 671 760 760 757 757 761 761 757 757 760 760 757 757 761 761 762 762 744 744 763 763 742 742 757 757 742 742 763 763 742 742 757 757 764 764 762 762 764 764 757 757 765 765 766 766 767 767 670 670 672 672 767 767 768 768 767 767 672 672 767 767 768 768 765 765 769 769 770 770 766 766 771 771 766 766 770 770 766 766 771 771 767 767 766 766 772 772 769 769 773 773 769 769 772 772 769 769 773 773 774 774 775 775 774 774 773 773 773 773 776 776 775 775 777 777 775 775 776 776 775 775 777 777 778 778 779 779 778 778 777 777 777 777 780 780 779 779 781 781 779 779 780 780 779 779 781 781 782 782 783 783 782 782 781 781 781 781 784 784 783 783 785 785 783 783 784 784 783 783 785 785 786 786 787 787 786 786 785 785 788 788 789 789 790 790 788 788 790 790 791 791 787 787 785 785 790 790 792 792 790 790 785 785 790 790 792 792 791 791 793 793 794 794 795 795 795 795 796 796 793 793 797 797 793 793 796 796 793 793 797 797 798 798 793 793 667 667 794 794 669 669 794 794 667 667 794 794 669 669 799 799 800 800 799 799 669 669 799 799 800 800 789 789 801 801 789 789 800 800 789 789 801 801 790 790 797 797 802 802 798 798 803 803 798 798 802 802 798 798 803 803 804 804 805 805 804 804 803 803 805 805 806 806 804 804 807 807 804 804 806 806 804 804 807 807 808 808 808 808 809 809 804 804 810 810 804 804 809 809 804 804 810 810 811 811 812 812 813 813 814 814 815 815 814 814 813 813 814 814 815 815 816 816 810 810 817 817 811 811 818 818 811 811 817 817 811 811 818 818 812 812 819 819 812 812 818 818 812 812 819 819 813 813 820 820 821 821 813 813 822 822 813 813 821 821 813 813 822 822 815 815 823 823 824 824 825 825 826 826 825 825 824 824 825 825 826 826 827 827 828 828 827 827 826 826 827 827 828 828 829 829 830 830 829 829 828 828 829 829 830 830 831 831 832 832 831 831 830 830 831 831 832 832 833 833 834 834 833 833 832 832 833 833 834 834 835 835 836 836 835 835 834 834 835 835 836 836 820 820 837 837 820 820 836 836 820 820 837 837 821 821 838 838 839 839 840 840 841 841 840 840 839 839 840 840 841 841 842 842 841 841 843 843 842 842 844 844 842 842 843 843 842 842 844 844 845 845 846 846 845 845 844 844 845 845 846 846 847 847 848 848 847 847 846 846 847 847 848 848 823 823 849 849 823 823 848 848 823 823 849 849 824 824 850 850 851 851 852 852 840 840 853 853 838 838 854 854 838 838 853 853 838 838 854 854 851 851 855 855 851 851 854 854 851 851 855 855 852 852 850 850 852 852 856 856 857 857 856 856 852 852 856 856 857 857 858 858 859 859 858 858 857 857 858 858 859 859 860 860 861 861 862 862 863 863 861 861 863 863 864 864 863 863 865 865 864 864 866 866 864 864 865 865 864 864 866 866 867 867 868 868 867 867 866 866 867 867 868 868 869 869 860 860 869 869 868 868 869 869 860 860 870 870 859 859 870 870 860 860 862 862 861 861 871 871 872 872 871 871 861 861 871 871 872 872 873 873 872 872 874 874 873 873 875 875 873 873 874 874 873 873 875 875 876 876 877 877 876 876 875 875 876 876 877 877 878 878 879 879 878 878 877 877 878 878 879 879 880 880 880 880 879 879 881 881 882 882 881 881 879 879 881 881 882 882 883 883 884 884 883 883 882 882 883 883 884 884 885 885 886 886 885 885 884 884 885 885 886 886 887 887 888 888 889 889 890 890 887 887 886 886 890 890 891 891 890 890 886 886 890 890 891 891 888 888 892 892 893 893 894 894 889 889 888 888 894 894 895 895 894 894 888 888 894 894 895 895 892 892 893 893 892 892 896 896 897 897 896 896 892 892 896 896 897 897 898 898 899 899 900 900 901 901 902 902 901 901 900 900 901 901 902 902 898 898 903 903 898 898 902 902 898 898 903 903 896 896 904 904 905 905 906 906 907 907 906 906 905 905 906 906 907 907 908 908 908 908 907 907 909 909 910 910 909 909 907 907 909 909 910 910 899 899 911 911 899 899 910 910 899 899 911 911 900 900 912 912 913 913 914 914 914 914 915 915 912 912 916 916 912 912 915 915 912 912 916 916 917 917 918 918 917 917 916 916 904 904 906 906 916 916 919 919 916 916 906 906 916 916 919 919 918 918 920 920 921 921 922 922 923 923 922 922 921 921 920 920 924 924 921 921 925 925 921 921 924 924 921 921 925 925 926 926 913 913 912 912 927 927 928 928 927 927 912 912 927 927 928 928 929 929 926 926 930 930 921 921 927 927 921 921 930 930 921 921 927 927 931 931 929 929 931 931 927 927 932 932 933 933 934 934 935 935 934 934 933 933 934 934 935 935 936 936 932 932 934 934 937 937 938 938 937 937 934 934 937 937 938 938 939 939 939 939 940 940 937 937 941 941 937 937 940 940 937 937 941 941 942 942 942 942 943 943 937 937 944 944 937 937 943 943 937 937 944 944 945 945 946 946 947 947 948 948 946 946 948 948 949 949 947 947 950 950 948 948 951 951 948 948 950 950 948 948 951 951 952 952 952 952 953 953 948 948 954 954 948 948 953 953 948 948 954 954 955 955 956 956 957 957 921 921 958 958 921 921 957 957 921 921 958 958 923 923 956 956 959 959 957 957 960 960 957 957 959 959 957 957 960 960 961 961 961 961 962 962 957 957 963 963 957 957 962 962 957 957 963 963 964 964 955 955 965 965 948 948 957 957 948 948 965 965 948 948 957 957 966 966 964 964 966 966 957 957 967 967 968 968 969 969 970 970 969 969 968 968 969 969 970 970 971 971 971 971 972 972 969 969 973 973 969 969 972 972 969 969 973 973 974 974 975 975 974 974 973 973 974 974 975 975 976 976 969 969 977 977 967 967 978 978 967 967 977 977 967 967 978 978 979 979 979 979 980 980 967 967 981 981 967 967 980 980 967 967 981 981 982 982 936 936 983 983 934 934 984 984 934 934 983 983 934 934 984 984 985 985 967 967 985 985 984 984 985 985 967 967 986 986 982 982 986 986 967 967 987 987 988 988 989 989 990 990 989 989 988 988 989 989 990 990 991 991 991 991 990 990 975 975 992 992 975 975 990 990 975 975 992 992 976 976 993 993 994 994 987 987 995 995 987 987 994 994 987 987 995 995 988 988 987 987 996 996 993 993 997 997 993 993 996 996 993 993 997 997 998 998 999 999 998 998 997 997 998 998 999 999 1000 1000 1001 1001 1000 1000 999 999 1000 1000 1001 1001 1002 1002 1003 1003 1002 1002 1001 1001 1002 1002 1003 1003 1004 1004 1003 1003 1005 1005 1004 1004 1006 1006 1004 1004 1005 1005 1004 1004 1006 1006 1007 1007 1008 1008 1007 1007 1006 1006 1007 1007 1008 1008 1009 1009 1010 1010 1009 1009 1008 1008 1009 1009 1010 1010 1011 1011 1012 1012 1011 1011 1010 1010 1011 1011 1012 1012 1013 1013 1014 1014 1013 1013 1012 1012 1013 1013 1014 1014 1015 1015 1016 1016 1015 1015 1014 1014 1015 1015 1016 1016 1017 1017 1017 1017 1016 1016 665 665 1018 1018 665 665 1016 1016 665 665 1018 1018 666 666 664 664 666 666 1019 1019 1020 1020 1019 1019 666 666 1019 1019 1020 1020 1021 1021 1022 1022 1021 1021 1020 1020 1021 1021 1022 1022 1023 1023 1022 1022 1024 1024 1023 1023 1025 1025 1023 1023 1024 1024 1023 1023 1025 1025 1026 1026 1027 1027 1026 1026 1025 1025 1026 1026 1027 1027 1028 1028 1029 1029 1028 1028 1027 1027 1028 1028 1029 1029 1030 1030 1031 1031 1030 1030 1029 1029 663 663 662 662 1032 1032 1033 1033 1032 1032 662 662 1032 1032 1033 1033 1034 1034 1034 1034 1033 1033 1029 1029 1035 1035 1029 1029 1033 1033 1029 1029 1035 1035 1031 1031 661 661 663 663 1036 1036 1037 1037 1036 1036 663 663 1036 1036 1037 1037 1038 1038 1039 1039 1038 1038 1037 1037 1038 1038 1039 1039 1040 1040 1041 1041 1040 1040 1039 1039 1040 1040 1041 1041 1042 1042 1043 1043 1042 1042 1041 1041 1042 1042 1043 1043 1044 1044 1045 1045 1044 1044 1043 1043 1044 1044 1045 1045 1046 1046 1047 1047 1046 1046 1045 1045 1046 1046 1047 1047 1048 1048 1049 1049 1048 1048 1047 1047 1048 1048 1049 1049 1050 1050 1051 1051 1052 1052 1053 1053 1054 1054 1053 1053 1052 1052 1053 1053 1054 1054 1055 1055 1056 1056 1055 1055 1054 1054 1055 1055 1056 1056 1057 1057 1058 1058 1057 1057 1056 1056 1057 1057 1058 1058 1059 1059 1060 1060 1059 1059 1058 1058 1059 1059 1060 1060 1061 1061 1062 1062 1061 1061 1060 1060 1061 1061 1062 1062 1063 1063 1064 1064 1063 1063 1062 1062 1063 1063 1064 1064 1065 1065 1066 1066 1065 1065 1064 1064 1065 1065 1066 1066 1067 1067 1068 1068 1067 1067 1066 1066 1067 1067 1068 1068 1050 1050 1069 1069 1050 1050 1068 1068 1050 1050 1069 1069 1048 1048 1070 1070 1071 1071 1072 1072 1051 1051 1072 1072 1071 1071 1072 1072 1051 1051 1073 1073 1053 1053 1073 1073 1051 1051 678 678 1074 1074 680 680 1075 1075 680 680 1074 1074 680 680 1075 1075 1070 1070 1076 1076 1070 1070 1075 1075 1070 1070 1076 1076 1071 1071 1077 1077 1078 1078 1079 1079 1080 1080 1079 1079 1078 1078 1079 1079 1080 1080 1081 1081 1082 1082 1081 1081 1080 1080 1081 1081 1082 1082 1083 1083 741 741 1083 1083 1082 1082 1083 1083 741 741 750 750 748 748 750 750 741 741 750 750 748 748 752 752 1084 1084 1085 1085 1077 1077 1086 1086 1077 1077 1085 1085 1086 1086 1087 1087 1077 1077 1088 1088 1077 1077 1087 1087 1077 1077 1088 1088 1078 1078 1084 1084 1089 1089 1085 1085 1090 1090 1085 1085 1089 1089 1085 1085 1090 1090 1091 1091 1092 1092 1091 1091 1090 1090 1091 1091 1092 1092 1093 1093 1093 1093 1094 1094 1091 1091 1095 1095 1091 1091 1094 1094 1091 1091 1095 1095 1096 1096 1097 1097 1096 1096 1095 1095 1098 1098 1099 1099 1100 1100 1098 1098 1100 1100 1101 1101 1097 1097 1095 1095 1100 1100 1102 1102 1100 1100 1095 1095 1100 1100 1102 1102 1101 1101 1103 1103 1104 1104 1099 1099 1105 1105 1099 1099 1104 1104 1099 1099 1105 1105 1100 1100 1103 1103 1099 1099 1106 1106 1107 1107 1106 1106 1099 1099 1106 1106 1107 1107 1108 1108 1109 1109 1108 1108 1107 1107 1108 1108 1109 1109 1110 1110 1109 1109 1111 1111 1110 1110 1112 1112 1110 1110 1111 1111 1110 1110 1112 1112 1113 1113 1114 1114 1113 1113 1112 1112 1113 1113 1114 1114 1115 1115 1116 1116 1115 1115 1114 1114 1115 1115 1116 1116 1117 1117 1117 1117 1116 1116 1118 1118 1119 1119 1118 1118 1116 1116 1118 1118 1119 1119 1120 1120 1121 1121 1122 1122 1123 1123 1124 1124 1123 1123 1122 1122 1124 1124 1125 1125 1123 1123 1126 1126 1123 1123 1125 1125 1123 1123 1126 1126 1127 1127 948 948 1128 1128 1123 1123 1129 1129 1123 1123 1128 1128 1129 1129 1130 1130 1123 1123 1131 1131 1123 1123 1130 1130 1123 1123 1131 1131 1121 1121 1127 1127 1132 1132 1123 1123 937 937 1123 1123 1132 1132 1123 1123 937 937 948 948 945 945 948 948 937 937 948 948 945 945 949 949 1133 1133 1134 1134 1135 1135 1135 1135 1136 1136 1137 1137 1131 1131 1136 1136 1121 1121 1135 1135 1121 1121 1136 1136 1121 1121 1135 1135 1138 1138 1134 1134 1138 1138 1135 1135 1139 1139 1140 1140 1141 1141 1142 1142 1141 1141 1140 1140 1141 1141 1142 1142 1143 1143 1137 1137 1144 1144 1135 1135 1139 1139 1135 1135 1144 1144 1135 1135 1139 1139 1133 1133 1141 1141 1133 1133 1139 1139 1133 1133 1141 1141 1145 1145 1146 1146 1147 1147 1141 1141 1148 1148 1141 1141 1147 1147 1141 1141 1148 1148 1145 1145 1149 1149 1150 1150 658 658 1151 1151 658 658 1150 1150 658 658 1151 1151 659 659 1143 1143 1152 1152 1141 1141 1149 1149 1141 1141 1152 1152 1141 1141 1149 1149 1146 1146 658 658 1146 1146 1149 1149 1146 1146 658 658 1153 1153 1154 1154 1153 1153 658 658 1155 1155 1156 1156 1157 1157 1155 1155 1157 1157 660 660 1158 1158 660 660 1157 1157 660 660 1158 1158 658 658 1159 1159 658 658 1158 1158 658 658 1159 1159 1154 1154 1160 1160 1161 1161 1157 1157 1162 1162 1157 1157 1161 1161 1162 1162 1163 1163 1157 1157 1164 1164 1157 1157 1163 1163 1157 1157 1164 1164 1158 1158 1165 1165 1166 1166 1167 1167 1168 1168 1169 1169 1165 1165 1170 1170 1165 1165 1169 1169 1156 1156 1171 1171 1157 1157 1166 1166 1157 1157 1171 1171 1157 1157 1166 1166 1160 1160 1165 1165 1160 1160 1166 1166 1160 1160 1165 1165 1172 1172 1170 1170 1172 1172 1165 1165 1173 1173 1174 1174 1175 1175 1176 1176 1175 1175 1174 1174 1177 1177 1178 1178 1174 1174 1179 1179 1174 1174 1178 1178 1167 1167 1180 1180 1165 1165 1176 1176 1165 1165 1180 1180 1165 1165 1176 1176 1168 1168 1174 1174 1168 1168 1176 1176 1168 1168 1174 1174 1181 1181 1179 1179 1181 1181 1174 1174 1182 1182 1183 1183 1184 1184 1185 1185 1184 1184 1183 1183 1186 1186 1187 1187 1183 1183 1188 1188 1183 1183 1187 1187 1173 1173 1189 1189 1174 1174 1185 1185 1174 1174 1189 1189 1174 1174 1185 1185 1177 1177 1183 1183 1177 1177 1185 1185 1177 1177 1183 1183 1190 1190 1188 1188 1190 1190 1183 1183 1191 1191 1192 1192 1193 1193 1191 1191 1194 1194 1195 1195 1182 1182 1196 1196 1183 1183 1192 1192 1183 1183 1196 1196 1183 1183 1192 1192 1186 1186 1191 1191 1186 1186 1192 1192 1186 1186 1191 1191 1197 1197 1195 1195 1197 1197 1191 1191 1193 1193 1198 1198 1191 1191 1199 1199 1191 1191 1198 1198 1191 1191 1199 1199 1194 1194 1200 1200 1201 1201 657 657 656 656 1202 1202 657 657 1203 1203 657 657 1202 1202 657 657 1203 1203 1204 1204 1199 1199 1200 1200 1194 1194 657 657 1194 1194 1200 1200 1194 1194 657 657 1205 1205 1204 1204 1205 1205 657 657 1201 1201 1206 1206 657 657 1207 1207 657 657 1206 1206 657 657 1207 1207 1208 1208 1208 1208 1209 1209 657 657 1210 1210 657 657 1209 1209 657 657 1210 1210 655 655 1211 1211 1212 1212 1213 1213 1214 1214 1215 1215 1216 1216 1217 1217 1218 1218 1219 1219 1220 1220 1221 1221 1222 1222 1222 1222 1223 1223 1220 1220 1224 1224 1220 1220 1223 1223 1220 1220 1224 1224 1225 1225 1225 1225 1226 1226 1220 1220 1227 1227 1220 1220 1226 1226 1220 1220 1227 1227 1228 1228 1229 1229 1230 1230 1231 1231 1232 1232 1231 1231 1230 1230 1229 1229 1233 1233 1230 1230 1234 1234 1230 1230 1233 1233 1230 1230 1234 1234 1235 1235 1236 1236 1237 1237 1238 1238 1238 1238 1239 1239 1236 1236 1240 1240 1236 1236 1239 1239 1236 1236 1240 1240 1230 1230 1241 1241 1230 1230 1240 1240 1230 1230 1241 1241 1232 1232 1242 1242 1243 1243 1244 1244 1245 1245 1244 1244 1243 1243 1244 1244 1245 1245 1236 1236 1246 1246 1236 1236 1245 1245 1236 1236 1246 1246 1237 1237 1247 1247 1248 1248 1249 1249 1250 1250 1249 1249 1248 1248 1249 1249 1250 1250 1251 1251 1252 1252 1251 1251 1250 1250 1251 1251 1252 1252 1244 1244 1253 1253 1244 1244 1252 1252 1244 1244 1253 1253 1242 1242 1219 1219 1218 1218 1249 1249 1254 1254 1249 1249 1218 1218 1249 1249 1254 1254 1247 1247 1216 1216 1215 1215 1219 1219 1255 1255 1219 1219 1215 1215 1219 1219 1255 1255 1217 1217 1256 1256 1257 1257 1258 1258 1258 1258 1259 1259 1256 1256 1260 1260 1256 1256 1259 1259 1256 1256 1260 1260 1216 1216 1261 1261 1216 1216 1260 1260 1216 1216 1261 1261 1214 1214 1262 1262 1263 1263 1257 1257 1264 1264 1257 1257 1263 1263 1257 1257 1264 1264 1258 1258 1265 1265 1266 1266 1267 1267 1268 1268 1267 1267 1266 1266 1267 1267 1268 1268 1262 1262 1269 1269 1262 1262 1268 1268 1262 1262 1269 1269 1263 1263 1270 1270 1271 1271 1272 1272 1273 1273 1272 1272 1271 1271 1272 1272 1273 1273 1267 1267 1274 1274 1267 1267 1273 1273 1267 1267 1274 1274 1265 1265 1275 1275 1276 1276 1277 1277 1278 1278 1277 1277 1276 1276 1277 1277 1278 1278 1272 1272 1279 1279 1272 1272 1278 1278 1272 1272 1279 1279 1270 1270 1280 1280 1281 1281 1277 1277 1282 1282 1277 1277 1281 1281 1277 1277 1282 1282 1275 1275 1283 1283 1284 1284 1280 1280 1285 1285 1280 1280 1284 1284 1280 1280 1285 1285 1281 1281 1286 1286 1287 1287 1288 1288 1289 1289 1288 1288 1287 1287 1288 1288 1289 1289 1280 1280 1290 1290 1280 1280 1289 1289 1280 1280 1290 1290 1283 1283 1213 1213 1212 1212 1288 1288 1291 1291 1288 1288 1212 1212 1288 1288 1291 1291 1286 1286 1292 1292 1293 1293 1294 1294 1294 1294 1295 1295 1292 1292 1296 1296 1292 1292 1295 1295 1292 1292 1296 1296 1213 1213 1297 1297 1213 1213 1296 1296 1213 1213 1297 1297 1211 1211 1298 1298 1299 1299 1300 1300 1301 1301 1300 1300 1299 1299 1298 1298 1302 1302 1299 1299 1303 1303 1299 1299 1302 1302 1299 1299 1303 1303 1292 1292 1304 1304 1292 1292 1303 1303 1292 1292 1304 1304 1293 1293 1305 1305 1306 1306 1307 1307 1307 1307 1308 1308 1305 1305 1309 1309 1305 1305 1308 1308 1305 1305 1309 1309 1301 1301 1310 1310 1301 1301 1309 1309 1301 1301 1310 1310 1300 1300 1306 1306 1305 1305 1311 1311 1312 1312 1311 1311 1305 1305 1311 1311 1312 1312 1313 1313 1314 1314 1315 1315 1316 1316 1317 1317 1316 1316 1315 1315 1316 1316 1317 1317 1312 1312 1318 1318 1312 1312 1317 1317 1312 1312 1318 1318 1313 1313 1319 1319 1320 1320 1321 1321 1321 1321 1322 1322 1319 1319 1323 1323 1319 1319 1322 1322 1319 1319 1323 1323 1316 1316 1324 1324 1316 1316 1323 1323 1316 1316 1324 1324 1314 1314 1320 1320 1319 1319 1325 1325 1326 1326 1325 1325 1319 1319 1325 1325 1326 1326 1327 1327 1328 1328 1329 1329 1330 1330 1330 1330 1331 1331 1328 1328 1332 1332 1328 1328 1331 1331 1328 1328 1332 1332 1326 1326 1333 1333 1326 1326 1332 1332 1326 1326 1333 1333 1327 1327 1329 1329 1328 1328 1334 1334 1335 1335 1334 1334 1328 1328 1334 1334 1335 1335 1336 1336 1337 1337 1338 1338 1339 1339 1340 1340 1339 1339 1338 1338 1339 1339 1340 1340 1335 1335 1341 1341 1335 1335 1340 1340 1335 1335 1341 1341 1336 1336 1342 1342 1343 1343 1344 1344 1345 1345 1344 1344 1343 1343 1344 1344 1345 1345 1339 1339 1346 1346 1339 1339 1345 1345 1339 1339 1346 1346 1337 1337 1347 1347 1348 1348 1344 1344 1349 1349 1344 1344 1348 1348 1344 1344 1349 1349 1342 1342 1350 1350 1351 1351 1352 1352 1353 1353 1352 1352 1351 1351 1352 1352 1353 1353 1347 1347 1354 1354 1347 1347 1353 1353 1347 1347 1354 1354 1348 1348 1350 1350 1352 1352 1355 1355 1356 1356 1355 1355 1352 1352 1355 1355 1356 1356 1357 1357 1358 1358 1359 1359 1356 1356 1360 1360 1356 1356 1359 1359 1356 1356 1360 1360 1357 1357 1361 1361 1362 1362 1363 1363 1364 1364 1363 1363 1362 1362 1363 1363 1364 1364 1358 1358 1365 1365 1358 1358 1364 1364 1358 1358 1365 1365 1359 1359 1361 1361 1363 1363 1366 1366 1367 1367 1366 1366 1363 1363 1366 1366 1367 1367 1368 1368 1369 1369 1370 1370 1371 1371 1372 1372 1371 1371 1370 1370 1371 1371 1372 1372 1367 1367 1373 1373 1367 1367 1372 1372 1367 1367 1373 1373 1368 1368 1374 1374 1375 1375 1371 1371 1376 1376 1371 1371 1375 1375 1371 1371 1376 1376 1369 1369 1228 1228 1377 1377 1220 1220 1378 1378 1220 1220 1377 1377 1220 1220 1378 1378 1379 1379 1379 1379 1380 1380 1220 1220 1381 1381 1220 1220 1380 1380 1220 1220 1381 1381 1374 1374 1382 1382 1374 1374 1381 1381 1374 1374 1382 1382 1375 1375 160 160 159 159 1383 1383 160 160 1383 1383 360 360 1384 1384 360 360 1383 1383 360 360 1384 1384 361 361 1385 1385 1386 1386 1387 1387 1388 1388 1387 1387 1386 1386 1389 1389 1390 1390 1230 1230 1389 1389 1230 1230 1391 1391 1235 1235 1392 1392 1230 1230 1393 1393 1230 1230 1392 1392 1393 1393 1394 1394 1230 1230 1395 1395 1230 1230 1394 1394 1230 1230 1395 1395 1391 1391 1390 1390 1396 1396 1230 1230 1397 1397 1230 1230 1396 1396 1230 1230 1397 1397 1398 1398 1398 1398 1399 1399 1230 1230 1400 1400 1230 1230 1399 1399 1230 1230 1400 1400 1401 1401 1402 1402 1403 1403 1404 1404 1402 1402 1404 1404 1405 1405 1406 1406 1405 1405 1404 1404 1405 1405 1406 1406 1407 1407 1408 1408 1409 1409 1410 1410 1411 1411 1410 1410 1409 1409 1410 1410 1411 1411 1402 1402 1412 1412 1402 1402 1411 1411 1402 1402 1412 1412 1403 1403 1413 1413 1414 1414 1415 1415 1415 1415 1416 1416 1413 1413 1417 1417 1413 1413 1416 1416 1413 1413 1417 1417 1410 1410 1418 1418 1410 1410 1417 1417 1410 1410 1418 1418 1408 1408 1419 1419 1420 1420 1421 1421 1420 1420 1422 1422 1421 1421 1423 1423 1421 1421 1422 1422 1421 1421 1423 1423 1413 1413 1424 1424 1413 1413 1423 1423 1413 1413 1424 1424 1414 1414 1400 1400 1425 1425 1401 1401 1426 1426 1401 1401 1425 1425 1401 1401 1426 1426 1427 1427 1427 1427 1428 1428 1401 1401 1429 1429 1401 1401 1428 1428 1401 1401 1429 1429 1430 1430 1430 1430 1431 1431 1401 1401 1432 1432 1401 1401 1431 1431 1401 1401 1432 1432 1421 1421 1433 1433 1421 1421 1432 1432 1421 1421 1433 1433 1419 1419 1434 1434 1435 1435 1436 1436 1437 1437 1436 1436 1435 1435 1438 1438 1439 1439 1440 1440 1441 1441 1440 1440 1439 1439 1442 1442 1443 1443 1444 1444 1445 1445 1444 1444 1443 1443 1444 1444 1445 1445 1446 1446 1447 1447 1446 1446 1445 1445 1446 1446 1447 1447 1448 1448 1449 1449 1448 1448 1447 1447 1448 1448 1449 1449 1450 1450 1451 1451 1450 1450 1449 1449 1450 1450 1451 1451 1452 1452 1453 1453 1452 1452 1451 1451 1452 1452 1453 1453 1454 1454 1455 1455 1454 1454 1453 1453 1454 1454 1455 1455 1456 1456 1457 1457 1456 1456 1455 1455 1456 1456 1457 1457 1458 1458 1459 1459 1458 1458 1457 1457 1458 1458 1459 1459 1460 1460 1461 1461 1460 1460 1459 1459 1460 1460 1461 1461 1462 1462 1463 1463 1462 1462 1461 1461 1462 1462 1463 1463 1464 1464 1465 1465 1464 1464 1463 1463 1464 1464 1465 1465 1466 1466 1467 1467 1466 1466 1465 1465 1466 1466 1467 1467 1468 1468 1469 1469 1468 1468 1467 1467 1468 1468 1469 1469 1470 1470 1471 1471 1470 1470 1469 1469 1470 1470 1471 1471 1472 1472 1473 1473 1472 1472 1471 1471 1472 1472 1473 1473 1474 1474 1475 1475 1474 1474 1473 1473 1474 1474 1475 1475 1476 1476 1477 1477 1476 1476 1475 1475 1476 1476 1477 1477 1478 1478 1479 1479 1478 1478 1477 1477 1478 1478 1479 1479 1480 1480 1481 1481 1480 1480 1479 1479 1480 1480 1481 1481 1482 1482 1483 1483 1482 1482 1481 1481 1482 1482 1483 1483 1484 1484 1485 1485 1484 1484 1483 1483 1484 1484 1485 1485 1486 1486 1487 1487 1486 1486 1485 1485 1486 1486 1487 1487 1488 1488 1489 1489 1488 1488 1487 1487 1488 1488 1489 1489 1442 1442 1443 1443 1442 1442 1489 1489 1490 1490 1491 1491 1492 1492 1493 1493 1492 1492 1491 1491 1492 1492 1493 1493 1494 1494 1495 1495 1494 1494 1493 1493 1494 1494 1495 1495 1496 1496 1497 1497 1496 1496 1495 1495 1496 1496 1497 1497 1498 1498 1499 1499 1498 1498 1497 1497 1498 1498 1499 1499 1500 1500 1501 1501 1500 1500 1499 1499 1500 1500 1501 1501 1502 1502 1503 1503 1502 1502 1501 1501 1502 1502 1503 1503 1504 1504 1505 1505 1504 1504 1503 1503 1504 1504 1505 1505 1506 1506 1507 1507 1506 1506 1505 1505 1506 1506 1507 1507 1508 1508 1509 1509 1508 1508 1507 1507 1508 1508 1509 1509 1510 1510 1511 1511 1510 1510 1509 1509 1510 1510 1511 1511 1512 1512 1513 1513 1512 1512 1511 1511 1512 1512 1513 1513 1514 1514 1515 1515 1514 1514 1513 1513 1514 1514 1515 1515 1516 1516 1517 1517 1516 1516 1515 1515 1516 1516 1517 1517 1518 1518 1519 1519 1518 1518 1517 1517 1518 1518 1519 1519 1520 1520 1521 1521 1520 1520 1519 1519 1520 1520 1521 1521 1522 1522 1523 1523 1522 1522 1521 1521 1522 1522 1523 1523 1524 1524 1525 1525 1524 1524 1523 1523 1524 1524 1525 1525 1526 1526 1527 1527 1526 1526 1525 1525 1526 1526 1527 1527 1528 1528 1529 1529 1528 1528 1527 1527 1528 1528 1529 1529 1530 1530 1531 1531 1530 1530 1529 1529 1530 1530 1531 1531 1532 1532 1533 1533 1532 1532 1531 1531 1532 1532 1533 1533 1534 1534 1535 1535 1534 1534 1533 1533 1534 1534 1535 1535 1536 1536 1537 1537 1536 1536 1535 1535 1536 1536 1537 1537 1490 1490 1491 1491 1490 1490 1537 1537 1538 1538 1539 1539 1540 1540 1541 1541 1540 1540 1539 1539 1540 1540 1541 1541 1542 1542 1543 1543 1544 1544 1540 1540 1545 1545 1540 1540 1544 1544 1540 1540 1545 1545 1538 1538 1546 1546 1547 1547 1540 1540 1548 1548 1540 1540 1547 1547 1540 1540 1548 1548 1543 1543 1549 1549 1550 1550 1540 1540 1551 1551 1540 1540 1550 1550 1540 1540 1551 1551 1546 1546 1552 1552 1553 1553 1540 1540 1554 1554 1540 1540 1553 1553 1540 1540 1554 1554 1549 1549 1555 1555 1556 1556 1540 1540 1557 1557 1540 1540 1556 1556 1540 1540 1557 1557 1552 1552 1558 1558 1559 1559 1540 1540 1560 1560 1540 1540 1559 1559 1540 1540 1560 1560 1555 1555 1542 1542 1561 1561 1540 1540 1562 1562 1540 1540 1561 1561 1540 1540 1562 1562 1558 1558 1563 1563 1564 1564 1565 1565 1566 1566 1565 1565 1564 1564 1565 1565 1566 1566 1567 1567 1568 1568 1569 1569 1565 1565 1570 1570 1565 1565 1569 1569 1565 1565 1570 1570 1563 1563 1571 1571 1572 1572 1565 1565 1573 1573 1565 1565 1572 1572 1565 1565 1573 1573 1568 1568 1574 1574 1575 1575 1565 1565 1576 1576 1565 1565 1575 1575 1565 1565 1576 1576 1571 1571 1577 1577 1578 1578 1565 1565 1579 1579 1565 1565 1578 1578 1565 1565 1579 1579 1574 1574 1580 1580 1581 1581 1565 1565 1582 1582 1565 1565 1581 1581 1565 1565 1582 1582 1577 1577 1583 1583 1584 1584 1565 1565 1585 1585 1565 1565 1584 1584 1565 1565 1585 1585 1580 1580 1567 1567 1586 1586 1565 1565 1587 1587 1565 1565 1586 1586 1565 1565 1587 1587 1583 1583 231 231 1588 1588 1589 1589 1589 1589 1590 1590 231 231 1591 1591 231 231 1590 1590 231 231 1591 1591 229 229 1592 1592 1593 1593 1594 1594 1595 1595 1596 1596 1597 1597 1597 1597 1598 1598 1595 1595 1599 1599 1595 1595 1598 1598 1595 1595 1599 1599 1600 1600 1601 1601 1602 1602 1594 1594 1603 1603 1594 1594 1602 1602 1594 1594 1603 1603 1592 1592 1604 1604 1605 1605 1606 1606 1604 1604 1606 1606 1607 1607 1605 1605 1608 1608 1606 1606 1609 1609 1606 1606 1608 1608 1606 1606 1609 1609 1594 1594 1610 1610 1594 1594 1609 1609 1610 1610 1611 1611 1594 1594 1612 1612 1594 1594 1611 1611 1594 1594 1612 1612 1601 1601 1613 1613 1614 1614 1615 1615 1616 1616 1615 1615 1614 1614 1616 1616 1617 1617 1615 1615 1618 1618 1615 1615 1617 1617 1615 1615 1618 1618 1606 1606 1619 1619 1606 1606 1618 1618 1606 1606 1619 1619 1607 1607 1620 1620 1621 1621 1595 1595 1622 1622 1595 1595 1621 1621 1595 1595 1622 1622 1615 1615 1623 1623 1615 1615 1622 1622 1615 1615 1623 1623 1613 1613 1612 1612 1624 1624 1601 1601 1625 1625 1601 1601 1624 1624 1601 1601 1625 1625 1626 1626 1627 1627 1626 1626 1625 1625 1626 1626 1627 1627 1628 1628 1629 1629 1628 1628 1627 1627 1628 1628 1629 1629 1600 1600 1630 1630 1600 1600 1629 1629 1600 1600 1630 1630 1595 1595 1631 1631 1595 1595 1630 1630 1595 1595 1631 1631 1620 1620 1632 1632 1633 1633 1634 1634 1635 1635 1636 1636 1637 1637 1634 1634 1638 1638 1639 1639 1640 1640 1634 1634 1641 1641 1642 1642 1641 1641 1634 1634 1640 1640 1643 1643 1634 1634 1644 1644 1634 1634 1643 1643 1634 1634 1644 1644 1632 1632 1645 1645 1646 1646 1637 1637 1647 1647 1637 1637 1646 1646 1637 1637 1647 1647 1648 1648 1648 1648 1649 1649 1637 1637 1650 1650 1637 1637 1649 1649 1637 1637 1650 1650 1651 1651 1652 1652 1653 1653 1651 1651 1654 1654 1651 1651 1653 1653 1651 1651 1654 1654 1637 1637 1655 1655 1637 1637 1654 1654 1637 1637 1655 1655 1635 1635 1656 1656 1642 1642 1657 1657 1634 1634 1657 1657 1642 1642 1657 1657 1634 1634 1658 1658 1639 1639 1658 1658 1634 1634 1656 1656 1659 1659 1642 1642 1660 1660 1642 1642 1659 1659 1642 1642 1660 1660 1651 1651 1661 1661 1651 1651 1660 1660 1651 1651 1661 1661 1652 1652 1662 1662 1663 1663 1664 1664 1665 1665 1666 1666 1667 1667 1667 1667 1668 1668 1669 1669 1670 1670 1669 1669 1668 1668 1667 1667 1669 1669 1665 1665 1671 1671 1665 1665 1669 1669 1665 1665 1671 1671 1672 1672 1673 1673 1672 1672 1671 1671 1672 1672 1673 1673 1674 1674 1675 1675 1674 1674 1673 1673 1674 1674 1675 1675 1676 1676 372 372 1676 1676 1675 1675 1676 1676 372 372 370 370 1662 1662 1664 1664 1677 1677 1664 1664 1678 1678 1677 1677 1679 1679 1677 1677 1678 1678 1677 1677 1679 1679 1680 1680 1681 1681 1680 1680 1679 1679 1680 1680 1681 1681 1682 1682 1683 1683 1682 1682 1684 1684 1681 1681 1684 1684 1682 1682 1684 1684 1681 1681 1685 1685 1686 1686 1685 1685 1681 1681 1685 1685 1686 1686 1687 1687 1688 1688 1687 1687 1686 1686 1687 1687 1688 1688 1689 1689 1690 1690 1691 1691 1692 1692 1693 1693 1692 1692 1691 1691 1692 1692 1693 1693 1688 1688 1694 1694 1688 1688 1693 1693 1688 1688 1694 1694 1689 1689 1690 1690 1692 1692 1695 1695 1696 1696 1695 1695 1692 1692 1695 1695 1696 1696 1697 1697 1697 1697 1696 1696 1698 1698 1699 1699 1698 1698 1696 1696 1698 1698 1699 1699 1700 1700 1668 1668 1701 1701 1670 1670 1702 1702 1670 1670 1701 1701 1670 1670 1702 1702 1699 1699 1703 1703 1699 1699 1702 1702 1699 1699 1703 1703 1700 1700 182 182 181 181 1704 1704 1704 1704 1705 1705 182 182 1706 1706 182 182 1705 1705 182 182 1706 1706 1707 1707 1708 1708 1709 1709 1710 1710 1710 1710 1709 1709 1711 1711 1712 1712 1713 1713 1714 1714 1715 1715 1714 1714 1713 1713 1714 1714 1715 1715 1716 1716 1711 1711 1716 1716 1715 1715 1716 1716 1711 1711 1717 1717 1709 1709 1717 1717 1711 1711 1712 1712 1718 1718 1713 1713 1719 1719 1713 1713 1718 1718 1713 1713 1719 1719 1720 1720 1719 1719 1721 1721 1720 1720 1722 1722 1720 1720 1721 1721 1720 1720 1722 1722 1723 1723 1724 1724 1723 1723 1722 1722 1723 1723 1724 1724 1725 1725 1725 1725 1724 1724 1726 1726 1727 1727 1726 1726 1724 1724 1726 1726 1727 1727 1728 1728 1729 1729 1728 1728 1727 1727 1728 1728 1729 1729 1730 1730 1731 1731 1730 1730 1729 1729 1730 1730 1731 1731 1732 1732 1733 1733 1732 1732 1731 1731 1732 1732 1733 1733 1734 1734 1735 1735 1734 1734 1733 1733 1734 1734 1735 1735 1736 1736 1737 1737 1736 1736 1735 1735 1736 1736 1737 1737 1738 1738 1739 1739 1738 1738 1737 1737 1738 1738 1739 1739 1740 1740 1741 1741 1740 1740 1739 1739 1740 1740 1741 1741 1742 1742 1743 1743 1742 1742 1741 1741 1742 1742 1743 1743 1744 1744 1745 1745 1744 1744 1743 1743 1744 1744 1745 1745 1746 1746 1747 1747 1746 1746 1745 1745 1746 1746 1747 1747 1748 1748 1749 1749 1748 1748 1747 1747 1748 1748 1749 1749 1710 1710 1750 1750 1710 1710 1749 1749 1710 1710 1750 1750 1708 1708 1751 1751 1752 1752 1753 1753 1754 1754 1755 1755 1756 1756 1757 1757 1756 1756 1755 1755 1756 1756 1757 1757 1753 1753 1758 1758 1753 1753 1757 1757 1753 1753 1758 1758 1751 1751 1759 1759 1664 1664 1760 1760 1663 1663 1760 1760 1664 1664 1760 1760 1663 1663 1761 1761 1762 1762 1761 1761 1663 1663 1763 1763 1764 1764 1765 1765 1766 1766 1765 1765 1764 1764 1765 1765 1766 1766 1767 1767 1768 1768 1767 1767 1766 1766 1767 1767 1768 1768 1769 1769 1770 1770 1769 1769 1768 1768 1769 1769 1770 1770 1771 1771 1772 1772 1771 1771 1770 1770 1771 1771 1772 1772 1773 1773 1774 1774 1773 1773 1772 1772 1773 1773 1774 1774 1775 1775 1776 1776 1775 1775 1774 1774 1775 1775 1776 1776 1777 1777 1778 1778 1777 1777 1776 1776 1777 1777 1778 1778 1779 1779 1780 1780 1779 1779 1778 1778 1779 1779 1780 1780 1781 1781 1782 1782 1781 1781 1780 1780 1781 1781 1782 1782 1783 1783 1784 1784 1783 1783 1782 1782 1783 1783 1784 1784 1785 1785 1786 1786 1785 1785 1784 1784 1785 1785 1786 1786 1787 1787 1786 1786 1788 1788 1787 1787 1789 1789 1787 1787 1788 1788 1787 1787 1789 1789 1790 1790 1791 1791 1790 1790 1789 1789 1790 1790 1791 1791 1792 1792 1793 1793 1792 1792 1791 1791 1792 1792 1793 1793 1794 1794 1795 1795 1794 1794 1793 1793 1794 1794 1795 1795 1796 1796 1797 1797 1796 1796 1795 1795 1796 1796 1797 1797 1798 1798 1799 1799 1798 1798 1797 1797 1798 1798 1799 1799 1800 1800 1801 1801 1800 1800 1799 1799 1800 1800 1801 1801 1802 1802 1803 1803 1802 1802 1801 1801 1802 1802 1803 1803 1804 1804 1805 1805 1804 1804 1803 1803 1804 1804 1805 1805 1806 1806 1807 1807 1806 1806 1805 1805 1806 1806 1807 1807 1808 1808 1809 1809 1808 1808 1807 1807 1808 1808 1809 1809 1810 1810 1811 1811 1810 1810 1809 1809 1810 1810 1811 1811 1763 1763 1812 1812 1763 1763 1811 1811 1763 1763 1812 1812 1764 1764 1813 1813 1814 1814 1815 1815 1816 1816 1815 1815 1814 1814 1815 1815 1816 1816 1817 1817 1818 1818 1817 1817 1816 1816 1817 1817 1818 1818 1819 1819 1820 1820 1819 1819 1818 1818 1819 1819 1820 1820 1821 1821 1822 1822 1821 1821 1820 1820 1821 1821 1822 1822 1823 1823 1824 1824 1823 1823 1822 1822 1823 1823 1824 1824 1825 1825 1826 1826 1825 1825 1824 1824 1825 1825 1826 1826 1827 1827 1828 1828 1827 1827 1826 1826 1827 1827 1828 1828 1829 1829 1830 1830 1829 1829 1828 1828 1829 1829 1830 1830 1831 1831 1832 1832 1831 1831 1830 1830 1831 1831 1832 1832 1833 1833 1834 1834 1833 1833 1832 1832 1833 1833 1834 1834 1835 1835 1836 1836 1835 1835 1834 1834 1835 1835 1836 1836 1837 1837 1838 1838 1837 1837 1836 1836 1837 1837 1838 1838 1839 1839 1840 1840 1839 1839 1838 1838 1839 1839 1840 1840 1841 1841 1842 1842 1841 1841 1840 1840 1841 1841 1842 1842 1843 1843 1844 1844 1843 1843 1842 1842 1843 1843 1844 1844 1845 1845 1846 1846 1845 1845 1844 1844 1845 1845 1846 1846 1847 1847 1848 1848 1847 1847 1846 1846 1847 1847 1848 1848 1849 1849 1850 1850 1849 1849 1848 1848 1849 1849 1850 1850 1851 1851 1852 1852 1851 1851 1850 1850 1851 1851 1852 1852 1853 1853 1854 1854 1853 1853 1852 1852 1853 1853 1854 1854 1855 1855 1856 1856 1855 1855 1854 1854 1855 1855 1856 1856 1857 1857 1858 1858 1857 1857 1856 1856 1857 1857 1858 1858 1859 1859 1860 1860 1859 1859 1858 1858 1859 1859 1860 1860 1813 1813 1814 1814 1813 1813 1860 1860 1861 1861 1862 1862 1863 1863 1864 1864 1865 1865 1866 1866 1867 1867 1868 1868 1869 1869 1870 1870 1869 1869 1868 1868 1869 1869 1870 1870 1871 1871 1872 1872 1871 1871 1870 1870 1871 1871 1872 1872 1873 1873 1874 1874 1873 1873 1872 1872 1873 1873 1874 1874 1875 1875 1876 1876 1875 1875 1874 1874 1875 1875 1876 1876 1877 1877 1878 1878 1877 1877 1876 1876 1877 1877 1878 1878 1879 1879 1880 1880 1879 1879 1878 1878 1879 1879 1880 1880 1881 1881 1882 1882 1881 1881 1880 1880 1881 1881 1882 1882 1883 1883 1884 1884 1883 1883 1882 1882 1883 1883 1884 1884 1885 1885 1886 1886 1885 1885 1884 1884 1885 1885 1886 1886 1887 1887 1888 1888 1887 1887 1886 1886 1887 1887 1888 1888 1889 1889 1890 1890 1889 1889 1888 1888 1889 1889 1890 1890 1891 1891 1892 1892 1891 1891 1890 1890 1891 1891 1892 1892 1893 1893 1894 1894 1893 1893 1892 1892 1893 1893 1894 1894 1895 1895 1896 1896 1895 1895 1894 1894 1895 1895 1896 1896 1897 1897 1898 1898 1899 1899 1900 1900 1901 1901 1900 1900 1899 1899 1900 1900 1901 1901 1896 1896 1902 1902 1896 1896 1901 1901 1896 1896 1902 1902 1897 1897 1898 1898 1900 1900 1903 1903 1904 1904 1903 1903 1900 1900 1903 1903 1904 1904 1905 1905 1906 1906 1907 1907 1908 1908 1909 1909 1908 1908 1907 1907 1908 1908 1909 1909 1904 1904 1910 1910 1904 1904 1909 1909 1904 1904 1910 1910 1905 1905 1906 1906 1908 1908 1911 1911 1912 1912 1911 1911 1908 1908 1911 1911 1912 1912 1913 1913 1865 1865 1914 1914 1866 1866 1915 1915 1866 1866 1914 1914 1866 1866 1915 1915 1912 1912 1916 1916 1912 1912 1915 1915 1912 1912 1916 1916 1913 1913 1864 1864 1866 1866 1917 1917 1918 1918 1917 1917 1866 1866 1917 1917 1918 1918 1919 1919 1920 1920 1921 1921 1922 1922 1923 1923 1922 1922 1921 1921 1922 1922 1923 1923 1918 1918 1924 1924 1918 1918 1923 1923 1918 1918 1924 1924 1919 1919 1863 1863 1862 1862 1922 1922 1925 1925 1922 1922 1862 1862 1922 1922 1925 1925 1920 1920 1926 1926 1927 1927 1928 1928 1868 1868 1928 1928 1927 1927 1928 1928 1868 1868 1929 1929 1867 1867 1929 1929 1868 1868 1926 1926 1930 1930 1927 1927 1931 1931 1927 1927 1930 1930 1927 1927 1931 1931 1863 1863 1932 1932 1863 1863 1931 1931 1863 1863 1932 1932 1861 1861 1933 1933 1934 1934 1935 1935 1936 1936 1935 1935 1934 1934 1935 1935 1936 1936 1937 1937 1938 1938 1937 1937 1936 1936 1937 1937 1938 1938 1939 1939 1940 1940 1939 1939 1938 1938 1939 1939 1940 1940 1941 1941 1942 1942 1941 1941 1940 1940 1941 1941 1942 1942 1943 1943 1944 1944 1943 1943 1942 1942 1943 1943 1944 1944 1945 1945 1946 1946 1945 1945 1944 1944 1945 1945 1946 1946 1947 1947 1948 1948 1947 1947 1946 1946 1947 1947 1948 1948 1949 1949 1950 1950 1949 1949 1948 1948 1949 1949 1950 1950 1951 1951 1952 1952 1951 1951 1950 1950 1951 1951 1952 1952 1953 1953 1954 1954 1953 1953 1952 1952 1953 1953 1954 1954 1955 1955 1956 1956 1955 1955 1954 1954 1955 1955 1956 1956 1957 1957 1956 1956 1958 1958 1957 1957 1959 1959 1957 1957 1958 1958 1957 1957 1959 1959 1960 1960 1961 1961 1960 1960 1959 1959 1960 1960 1961 1961 1962 1962 1963 1963 1962 1962 1961 1961 1962 1962 1963 1963 1964 1964 1965 1965 1964 1964 1963 1963 1964 1964 1965 1965 1966 1966 1967 1967 1966 1966 1965 1965 1966 1966 1967 1967 1968 1968 1969 1969 1968 1968 1967 1967 1968 1968 1969 1969 1970 1970 1971 1971 1970 1970 1969 1969 1970 1970 1971 1971 1972 1972 1973 1973 1972 1972 1971 1971 1972 1972 1973 1973 1974 1974 1975 1975 1974 1974 1973 1973 1974 1974 1975 1975 1976 1976 1977 1977 1976 1976 1975 1975 1976 1976 1977 1977 1978 1978 1979 1979 1978 1978 1977 1977 1978 1978 1979 1979 1980 1980 1981 1981 1980 1980 1979 1979 1980 1980 1981 1981 1933 1933 1982 1982 1933 1933 1981 1981 1933 1933 1982 1982 1934 1934 1983 1983 471 471 470 470 1984 1984 1985 1985 1986 1986 1987 1987 1986 1986 1988 1988 1989 1989 1988 1988 1986 1986 1985 1985 1990 1990 1986 1986 1991 1991 1986 1986 1990 1990 1986 1986 1991 1991 470 470 1992 1992 470 470 1991 1991 470 470 1992 1992 1983 1983 1987 1987 1993 1993 1986 1986 1994 1994 1986 1986 1993 1993 1986 1986 1994 1994 1984 1984 1995 1995 1996 1996 1997 1997 440 440 1998 1998 441 441 1999 1999 441 441 1998 1998 441 441 1999 1999 1997 1997 2000 2000 1997 1997 1999 1999 1997 1997 2000 2000 2001 2001 2001 2001 2002 2002 1997 1997 2003 2003 1997 1997 2002 2002 1997 1997 2003 2003 2004 2004 2004 2004 2005 2005 1997 1997 2006 2006 1997 1997 2005 2005 1997 1997 2006 2006 1995 1995 2007 2007 2008 2008 2009 2009 2010 2010 2009 2009 2008 2008 2009 2009 2010 2010 2011 2011 2012 2012 2011 2011 2010 2010 2011 2011 2012 2012 2013 2013 2014 2014 2013 2013 2012 2012 2013 2013 2014 2014 2015 2015 2016 2016 2015 2015 2014 2014 2015 2015 2016 2016 2017 2017 2018 2018 2017 2017 2016 2016 2017 2017 2018 2018 2019 2019 2020 2020 2019 2019 2018 2018 2019 2019 2020 2020 2021 2021 2022 2022 2021 2021 2020 2020 2021 2021 2022 2022 2023 2023 2024 2024 2023 2023 2022 2022 2023 2023 2024 2024 2025 2025 2026 2026 2025 2025 2024 2024 2025 2025 2026 2026 2027 2027 2028 2028 2027 2027 2026 2026 2027 2027 2028 2028 2029 2029 2030 2030 2029 2029 2028 2028 2029 2029 2030 2030 2031 2031 2032 2032 2031 2031 2030 2030 2031 2031 2032 2032 2033 2033 2034 2034 2033 2033 2032 2032 2033 2033 2034 2034 2035 2035 2036 2036 2035 2035 2034 2034 2035 2035 2036 2036 2037 2037 2038 2038 2037 2037 2036 2036 2037 2037 2038 2038 2039 2039 2040 2040 2039 2039 2038 2038 2039 2039 2040 2040 2041 2041 2042 2042 2041 2041 2040 2040 2041 2041 2042 2042 2043 2043 2044 2044 2043 2043 2042 2042 2043 2043 2044 2044 2045 2045 2046 2046 2045 2045 2044 2044 2045 2045 2046 2046 2047 2047 2048 2048 2047 2047 2046 2046 2047 2047 2048 2048 2049 2049 2050 2050 2049 2049 2048 2048 2049 2049 2050 2050 2051 2051 2052 2052 2051 2051 2050 2050 2051 2051 2052 2052 2053 2053 2054 2054 2053 2053 2052 2052 2053 2053 2054 2054 2055 2055 2056 2056 2055 2055 2054 2054 2055 2055 2056 2056 2057 2057 2058 2058 2057 2057 2056 2056 2057 2057 2058 2058 2007 2007 2008 2008 2007 2007 2058 2058 2059 2059 2060 2060 2061 2061 2062 2062 2063 2063 2064 2064 2065 2065 2066 2066 2067 2067 2067 2067 2066 2066 2068 2068 2069 2069 2068 2068 2066 2066 2068 2068 2069 2069 2070 2070 2060 2060 2071 2071 2061 2061 2072 2072 2061 2061 2071 2071 2061 2061 2072 2072 2064 2064 2073 2073 2064 2064 2072 2072 2064 2064 2073 2073 2062 2062 2063 2063 2074 2074 2064 2064 2075 2075 2064 2064 2074 2074 2064 2064 2075 2075 2076 2076 2067 2067 2077 2077 2065 2065 2078 2078 2065 2065 2077 2077 2065 2065 2078 2078 2079 2079 2080 2080 2079 2079 2078 2078 2079 2079 2080 2080 2081 2081 2082 2082 2081 2081 2080 2080 2081 2081 2082 2082 2083 2083 2084 2084 2083 2083 2082 2082 2083 2083 2084 2084 2085 2085 2086 2086 2085 2085 2084 2084 2085 2085 2086 2086 2087 2087 2088 2088 2087 2087 2086 2086 2087 2087 2088 2088 2089 2089 2069 2069 2090 2090 2070 2070 2091 2091 2070 2070 2090 2090 2070 2070 2091 2091 2061 2061 2092 2092 2061 2061 2091 2091 2061 2061 2092 2092 2059 2059 2088 2088 2093 2093 2089 2089 2094 2094 2089 2089 2093 2093 2089 2089 2094 2094 2095 2095 2096 2096 2095 2095 2094 2094 2095 2095 2096 2096 2097 2097 2098 2098 2097 2097 2096 2096 2097 2097 2098 2098 2099 2099 2100 2100 2099 2099 2098 2098 2099 2099 2100 2100 2101 2101 2076 2076 2101 2101 2100 2100 2101 2101 2076 2076 2102 2102 2075 2075 2102 2102 2076 2076 2103 2103 2104 2104 2105 2105 2106 2106 2105 2105 2104 2104 2107 2107 2108 2108 2109 2109 2109 2109 2110 2110 2107 2107 2111 2111 2107 2107 2110 2110 2107 2107 2111 2111 2112 2112 2113 2113 2114 2114 2115 2115 2116 2116 2117 2117 2118 2118 2119 2119 2118 2118 2117 2117 2118 2118 2119 2119 2120 2120 2121 2121 2120 2120 2119 2119 2120 2120 2121 2121 2103 2103 2122 2122 2103 2103 2121 2121 2103 2103 2122 2122 2104 2104 2106 2106 2123 2123 2105 2105 2124 2124 2105 2105 2123 2123 2105 2105 2124 2124 2125 2125 2126 2126 2125 2125 2124 2124 2125 2125 2126 2126 2127 2127 2109 2109 2127 2127 2126 2126 2127 2127 2109 2109 2128 2128 2108 2108 2128 2128 2109 2109 2116 2116 2129 2129 2117 2117 2130 2130 2117 2117 2129 2129 2117 2117 2130 2130 2131 2131 2132 2132 2131 2131 2130 2130 2131 2131 2132 2132 2114 2114 2133 2133 2114 2114 2132 2132 2133 2133 2134 2134 2114 2114 2135 2135 2114 2114 2134 2134 2114 2114 2135 2135 2136 2136 2137 2137 2138 2138 2139 2139 2112 2112 2111 2111 2139 2139 2140 2140 2139 2139 2111 2111 2139 2139 2140 2140 2137 2137 2113 2113 2115 2115 2141 2141 2136 2136 2142 2142 2114 2114 2143 2143 2114 2114 2142 2142 2114 2114 2143 2143 2144 2144 2144 2144 2145 2145 2114 2114 2146 2146 2114 2114 2145 2145 2114 2114 2146 2146 2115 2115 2115 2115 2147 2147 2148 2148 2148 2148 2149 2149 2115 2115 2150 2150 2115 2115 2149 2149 2115 2115 2150 2150 2151 2151 2151 2151 2152 2152 2115 2115 2153 2153 2115 2115 2152 2152 2115 2115 2153 2153 2141 2141 2154 2154 2155 2155 2156 2156 2157 2157 2156 2156 2155 2155 2156 2156 2157 2157 2138 2138 2158 2158 2138 2138 2157 2157 2138 2138 2158 2158 2139 2139 2156 2156 2159 2159 2154 2154 2160 2160 2154 2154 2159 2159 2154 2154 2160 2160 2161 2161 2162 2162 2161 2161 2160 2160 2161 2161 2162 2162 2163 2163 2164 2164 2163 2163 2162 2162 2163 2163 2164 2164 2165 2165 2166 2166 2165 2165 2164 2164 2165 2165 2166 2166 2167 2167 2166 2166 2168 2168 2167 2167 2169 2169 2167 2167 2168 2168 2167 2167 2169 2169 2170 2170 2171 2171 2170 2170 2169 2169 2172 2172 2173 2173 2171 2171 2174 2174 2171 2171 2173 2173 2171 2171 2174 2174 2170 2170 2175 2175 2176 2176 2177 2177 2178 2178 2177 2177 2176 2176 2179 2179 2180 2180 2181 2181 2182 2182 1405 1405 1407 1407 2183 2183 2184 2184 2185 2185 2186 2186 2185 2185 2184 2184 2185 2185 2186 2186 2187 2187 2188 2188 2189 2189 2190 2190 2191 2191 2190 2190 2189 2189 2190 2190 2191 2191 2183 2183 2192 2192 2183 2183 2191 2191 2183 2183 2192 2192 2184 2184 2193 2193 2194 2194 2195 2195 2196 2196 2195 2195 2194 2194 2195 2195 2196 2196 2190 2190 2197 2197 2190 2190 2196 2196 2190 2190 2197 2197 2188 2188 2198 2198 2199 2199 2200 2200 2199 2199 2201 2201 2200 2200 2202 2202 2200 2200 2201 2201 2200 2200 2202 2202 2195 2195 2203 2203 2195 2195 2202 2202 2195 2195 2203 2203 2193 2193 2204 2204 2205 2205 2206 2206 2207 2207 2206 2206 2205 2205 2206 2206 2207 2207 2208 2208 2208 2208 2209 2209 2206 2206 2210 2210 2206 2206 2209 2209 2206 2206 2210 2210 2211 2211 2211 2211 2212 2212 2206 2206 2213 2213 2206 2206 2212 2212 2206 2206 2213 2213 2200 2200 2214 2214 2200 2200 2213 2213 2200 2200 2214 2214 2198 2198 2215 2215 2216 2216 2206 2206 2217 2217 2206 2206 2216 2216 2206 2206 2217 2217 2204 2204 2218 2218 2219 2219 2220 2220 2221 2221 2220 2220 2219 2219 2220 2220 2221 2221 2206 2206 2222 2222 2206 2206 2221 2221 2206 2206 2222 2222 2215 2215 2223 2223 2224 2224 2225 2225 2226 2226 2225 2225 2224 2224 2225 2225 2226 2226 2227 2227 2228 2228 2227 2227 2226 2226 2223 2223 2229 2229 2224 2224 2230 2230 2224 2224 2229 2229 2224 2224 2230 2230 2220 2220 2231 2231 2220 2220 2230 2230 2220 2220 2231 2231 2218 2218 2232 2232 2233 2233 2226 2226 2234 2234 2226 2226 2233 2233 2226 2226 2234 2234 2228 2228 2235 2235 2236 2236 2232 2232 2237 2237 2232 2232 2236 2236 2232 2232 2237 2237 2233 2233 2235 2235 2232 2232 2238 2238 2239 2239 2238 2238 2232 2232 2238 2238 2239 2239 2240 2240 2239 2239 2241 2241 2242 2242 2242 2242 2243 2243 2239 2239 2244 2244 2239 2239 2243 2243 2239 2239 2244 2244 2240 2240 2245 2245 2246 2246 2247 2247 2248 2248 2247 2247 2246 2246 2247 2247 2248 2248 2249 2249 2250 2250 2249 2249 2248 2248 2249 2249 2250 2250 2251 2251 2251 2251 2252 2252 2249 2249 2253 2253 2249 2249 2252 2252 2249 2249 2253 2253 2239 2239 2254 2254 2239 2239 2253 2253 2239 2239 2254 2254 2241 2241 2255 2255 2256 2256 2257 2257 2258 2258 2257 2257 2256 2256 2257 2257 2258 2258 2247 2247 2259 2259 2247 2247 2258 2258 2247 2247 2259 2259 2245 2245 2260 2260 2261 2261 2262 2262 2263 2263 2262 2262 2261 2261 2262 2262 2263 2263 2257 2257 2264 2264 2257 2257 2263 2263 2257 2257 2264 2264 2255 2255 2265 2265 2266 2266 2267 2267 2268 2268 2267 2267 2266 2266 2267 2267 2268 2268 2262 2262 2269 2269 2262 2262 2268 2268 2262 2262 2269 2269 2260 2260 2270 2270 2271 2271 2272 2272 2271 2271 2273 2273 2272 2272 2274 2274 2272 2272 2273 2273 2272 2272 2274 2274 2267 2267 2275 2275 2267 2267 2274 2274 2267 2267 2275 2275 2265 2265 2276 2276 2277 2277 2278 2278 2279 2279 2278 2278 2277 2277 2278 2278 2279 2279 2272 2272 2280 2280 2272 2272 2279 2279 2272 2272 2280 2280 2270 2270 2180 2180 2281 2281 2181 2181 2282 2282 2181 2181 2281 2281 2181 2181 2282 2282 2283 2283 2283 2283 2284 2284 2181 2181 2285 2285 2181 2181 2284 2284 2181 2181 2285 2285 2278 2278 2286 2286 2278 2278 2285 2285 2278 2278 2286 2286 2276 2276 2287 2287 2288 2288 2181 2181 2289 2289 2181 2181 2288 2288 2289 2289 2290 2290 2181 2181 2291 2291 2181 2181 2290 2290 2181 2181 2291 2291 2292 2292 2292 2292 2293 2293 2181 2181 2294 2294 2181 2181 2293 2293 2181 2181 2294 2294 2179 2179 2295 2295 2296 2296 2297 2297 2298 2298 2297 2297 2296 2296 2298 2298 2299 2299 2297 2297 2300 2300 2297 2297 2299 2299 2297 2297 2300 2300 2181 2181 2301 2301 2181 2181 2300 2300 2181 2181 2301 2301 2287 2287 2302 2302 2303 2303 2304 2304 2305 2305 2304 2304 2303 2303 2304 2304 2305 2305 2297 2297 2306 2306 2297 2297 2305 2305 2297 2297 2306 2306 2295 2295 1407 1407 2307 2307 2182 2182 2308 2308 2182 2182 2307 2307 2182 2182 2308 2308 2309 2309 2310 2310 2309 2309 2308 2308 2309 2309 2310 2310 2311 2311 2311 2311 2312 2312 2309 2309 2313 2313 2309 2309 2312 2312 2309 2309 2313 2313 2304 2304 2314 2314 2304 2304 2313 2313 2304 2304 2314 2314 2302 2302 2315 2315 2316 2316 2317 2317 2318 2318 2319 2319 2320 2320 2321 2321 2320 2320 2319 2319 2320 2320 2321 2321 2322 2322 2323 2323 2322 2322 2321 2321 2323 2323 2321 2321 2324 2324 2325 2325 2324 2324 2321 2321 2324 2324 2325 2325 2326 2326 2327 2327 2328 2328 2329 2329 2330 2330 2329 2329 2328 2328 2329 2329 2330 2330 2331 2331 2331 2331 2332 2332 2329 2329 2333 2333 2329 2329 2332 2332 2329 2329 2333 2333 2334 2334 2334 2334 2335 2335 2329 2329 2336 2336 2329 2329 2335 2335 2329 2329 2336 2336 2325 2325 2337 2337 2325 2325 2336 2336 2325 2325 2337 2337 2326 2326 2338 2338 2339 2339 2329 2329 2340 2340 2329 2329 2339 2339 2340 2340 2341 2341 2329 2329 2342 2342 2329 2329 2341 2341 2329 2329 2342 2342 2327 2327 2317 2317 2316 2316 2343 2343 2344 2344 2343 2343 2316 2316 2343 2343 2344 2344 2345 2345 2345 2345 2346 2346 2343 2343 2347 2347 2343 2343 2346 2346 2343 2343 2347 2347 2338 2338 2348 2348 2338 2338 2347 2347 2338 2338 2348 2348 2339 2339 2349 2349 2350 2350 2351 2351 2349 2349 2351 2351 2352 2352 2351 2351 2353 2353 2352 2352 2354 2354 2352 2352 2353 2353 2352 2352 2354 2354 2317 2317 2355 2355 2317 2317 2354 2354 2317 2317 2355 2355 2315 2315 2350 2350 2349 2349 2356 2356 2357 2357 2356 2356 2349 2349 2356 2356 2357 2357 2358 2358 2359 2359 2360 2360 2361 2361 2362 2362 2361 2361 2360 2360 2361 2361 2362 2362 2357 2357 2363 2363 2357 2357 2362 2362 2357 2357 2363 2363 2358 2358 2364 2364 2365 2365 2366 2366 2367 2367 2366 2366 2365 2365 2366 2366 2367 2367 2361 2361 2368 2368 2361 2361 2367 2367 2361 2361 2368 2368 2359 2359 2369 2369 2370 2370 2371 2371 2370 2370 2372 2372 2371 2371 2373 2373 2371 2371 2372 2372 2371 2371 2373 2373 2366 2366 2374 2374 2366 2366 2373 2373 2366 2366 2374 2374 2364 2364 2371 2371 2375 2375 2376 2376 2376 2376 2377 2377 2371 2371 2378 2378 2371 2371 2377 2377 2371 2371 2378 2378 2369 2369 2379 2379 2380 2380 2381 2381 2381 2381 2382 2382 2379 2379 2383 2383 2379 2379 2382 2382 2379 2379 2383 2383 2384 2384 2384 2384 2385 2385 2379 2379 2386 2386 2379 2379 2385 2385 2379 2379 2386 2386 2371 2371 2387 2387 2371 2371 2386 2386 2371 2371 2387 2387 2375 2375 2388 2388 2389 2389 2390 2390 2388 2388 2390 2390 2391 2391 2391 2391 2390 2390 2392 2392 2393 2393 2392 2392 2390 2390 2392 2392 2393 2393 2394 2394 2395 2395 2396 2396 2397 2397 2398 2398 2397 2397 2396 2396 2399 2399 2400 2400 2401 2401 2402 2402 2401 2401 2400 2400 2401 2401 2402 2402 2403 2403 2404 2404 2403 2403 2402 2402 2403 2403 2404 2404 2405 2405 2185 2185 2187 2187 2406 2406 2185 2185 2406 2406 2407 2407 2408 2408 1221 1221 2409 2409 2410 2410 2409 2409 1221 1221 2409 2409 2410 2410 2411 2411 2408 2408 2412 2412 1221 1221 2413 2413 1221 1221 2412 2412 1221 1221 2413 2413 2414 2414 2415 2415 1222 1222 1221 1221 2415 2415 1221 1221 2416 2416 2414 2414 2417 2417 1221 1221 2418 2418 1221 1221 2417 2417 1221 1221 2418 2418 2419 2419 2420 2420 2419 2419 2418 2418 2418 2418 2421 2421 2420 2420 2422 2422 2420 2420 2421 2421 2420 2420 2422 2422 2419 2419 2423 2423 2419 2419 2422 2422 2419 2419 2423 2423 1221 1221 2424 2424 1221 1221 2423 2423 1221 1221 2424 2424 2416 2416 2425 2425 2410 2410 2426 2426 2427 2427 2426 2426 2410 2410 2425 2425 2428 2428 2410 2410 2429 2429 2410 2410 2428 2428 2410 2410 2429 2429 2411 2411 2430 2430 2431 2431 2432 2432 2433 2433 2432 2432 2431 2431 2433 2433 2434 2434 2432 2432 2435 2435 2432 2432 2434 2434 2432 2432 2435 2435 2436 2436 2436 2436 2437 2437 2432 2432 2438 2438 2432 2432 2437 2437 2432 2432 2438 2438 2410 2410 2439 2439 2410 2410 2438 2438 2410 2410 2439 2439 2427 2427 2440 2440 2441 2441 2430 2430 2442 2442 2430 2430 2441 2441 2430 2430 2442 2442 2431 2431 2406 2406 2443 2443 2407 2407 2444 2444 2407 2407 2443 2443 2407 2407 2444 2444 2445 2445 2444 2444 2446 2446 2445 2445 2447 2447 2445 2445 2446 2446 2445 2445 2447 2447 2448 2448 2448 2448 2449 2449 2445 2445 2450 2450 2445 2445 2449 2449 2445 2445 2450 2450 2430 2430 2451 2451 2430 2430 2450 2450 2430 2430 2451 2451 2440 2440</p>
        </triangles>
      </mesh>
    </geometry>
  </library_geometries>
  <library_materials>
    <material id="2f877a46a58642beb417a5be7ae40486" name="defaultmaterial">
      <instance_effect url="#83ae96315467420fa07b9e518a3192e7"/>
    </material>
  </library_materials>
  <library_visual_scenes>
    <visual_scene id="scene">
      <node id="node0" name="node0">
        <instance_geometry url="#4051ef829098481fa5bbe81a16cb3afd">
          <bind_material>
            <technique_common>
              <instance_material symbol="material0" target="#2f877a46a58642beb417a5be7ae40486"/>
            </technique_common>
          </bind_material>
        </instance_geometry>
      </node>
    </visual_scene>
  </library_visual_scenes>
  <scene>
    <instance_visual_scene url="#scene"/>
  </scene>
</COLLADA>
