<COLLADA xmlns="http://www.collada.org/2005/11/COLLADASchema" version="1.4.1">
  <asset>
    <created>2026-09-21T21:22:56.651041</created>
    <modified>2026-09-21T21:22:56.651041</modified>
    <up_axis>Y_UP</up_axis>
  </asset>
  <library_effects>
    <effect id="09b81cfe83804414a975c09ac4425649" name="09b81cfe83804414a975c09ac4425649">
      <profile_COMMON>
        <technique sid="common">
          <phong>
            <emission>
              <color>0.0 0.0 0.0 1.0</color>
            </emission>
            <ambient>
              <color>0.0 0.0 0.0 1.0</color>
            </ambient>
            <diffuse>
              <color>0.8941176470588236 0.8941176470588236 0.8941176470588236 1.0</color>
            </diffuse>
            <specular>
              <color>0.0 0.0 0.0 1.0</color>
            </specular>
            <shininess>
              <float>0.0</float>
            </shininess>
            <reflective>
              <color>0.0 0.0 0.0 1.0</color>
            </reflective>
            <reflectivity>
              <float>0.0</float>
            </reflectivity>
            <transparent>
              <color>0.0 0.0 0.0 1.0</color>
            </transparent>
            <transparency>
              <float>1.0</float>
            </transparency>
          </phong>
        </technique>
        <extra>
          <technique profile="GOOGLEEARTH">
            <double_sided>0</double_sided>
          </technique>
        </extra>
      </profile_COMMON>
    </effect>
  </library_effects>
  <library_geometries>
    <geometry id="e5850b1998004908a171ad6882af8748" name="bce4462496124847bf1e25acf31e7e10">
      <mesh>
        <source id="verts-array">
          <float_array count="22329" id="verts-array-array">-0.379498 -0.05630973 0.03333489 -0.379498 -0.05503052 0.02442626 -0.379498 -0.05636196 0.03332718 -0.379611 -0.05634085 0.02412395 -0.380177 -0.05812768 0.02329506 -0.380181 -0.05937839 0.03194683 -0.37977 -0.05704135 0.02386212 -0.379849 -0.05856384 0.03252881 -0.379589 -0.05748668 0.03304152 -0.381196 -0.06084698 0.03025532 -0.380924 -0.06053824 0.03070487 -0.380295 -0.05959922 0.03175328 -0.38057 -0.05883757 0.0227968 -0.381188 -0.05965781 0.02205468 -0.381661 -0.06128413 0.02948709 -0.382477 -0.06185274 0.02811968 -0.384289 -0.0625066 0.02493128 -0.383601 -0.06233997 0.02617277 -0.38258 -0.06083851 0.02047806 -0.381855 -0.06030906 0.02128662 -0.383364 -0.06226092 0.02659105 -0.384271 -0.06159822 0.01866073 -0.385435 -0.06183768 0.01745081 -0.386157 -0.06254755 0.02128706 -0.383511 -0.06132542 0.0194682 -0.384835 -0.06257793 0.0239126 -0.386158 -0.06189083 0.01671286 -0.387498 -0.06181222 0.01537041 -0.387498 -0.06223872 0.01834064 -0.368312 -0.1248195 0.0285102 -0.368312 -0.09512411 0.03277423 -0.368368 -0.1247588 0.02808754 -0.368368 -0.09506342 0.03235157 -0.368533 -0.1247023 0.02769358 -0.368533 -0.09500685 0.03195761 -0.368795 -0.1246537 0.02735535 -0.368795 -0.09495828 0.03161938 -0.369137 -0.1246164 0.02709581 -0.369137 -0.09492101 0.03135984 -0.369535 -0.124593 0.02693268 -0.369535 -0.09489759 0.03119671 -0.369962 -0.124585 0.02687695 -0.369962 -0.09488959 0.03114099 -0.370389 -0.124593 0.02693268 -0.370389 -0.09489759 0.03119671 -0.370787 -0.1246164 0.02709581 -0.370787 -0.09492101 0.03135984 -0.371129 -0.1246537 0.02735535 -0.371129 -0.09495828 0.03161938 -0.371391 -0.1247023 0.02769358 -0.371391 -0.09500685 0.03195761 -0.371556 -0.1247588 0.02808754 -0.371556 -0.09506342 0.03235157 -0.371612 -0.1248195 0.0285102 -0.371612 -0.09512411 0.03277423 -0.371556 -0.1248802 0.02893296 -0.371556 -0.09518481 0.033197 -0.371391 -0.1249368 0.02932683 -0.371391 -0.09524137 0.03359086 -0.371129 -0.1249854 0.02966515 -0.371129 -0.09528995 0.03392919 -0.370787 -0.1250226 0.02992469 -0.370787 -0.09532722 0.03418873 -0.370389 -0.1250461 0.03008782 -0.370389 -0.09535064 0.03435185 -0.369962 -0.1250541 0.03014345 -0.369962 -0.09535863 0.03440748 -0.369535 -0.1250461 0.03008782 -0.369535 -0.09535064 0.03435185 -0.369137 -0.1250226 0.02992469 -0.369137 -0.09532722 0.03418873 -0.368795 -0.1249854 0.02966515 -0.368795 -0.09528995 0.03392919 -0.368533 -0.1249368 0.02932683 -0.368533 -0.09524137 0.03359086 -0.368368 -0.1248802 0.02893296 -0.368368 -0.09518481 0.033197 -0.379498 -0.004548302 0.03167512 -0.365 -0.004548302 0.03167512 -0.365 -0.01231418 0.03056 -0.365 -0.0164234 0.02996994 -0.365 -0.02514505 0.02871758 -0.379498 -0.05503052 0.02442626 -0.365 -0.03062197 0.02793114 -0.365 -0.03192689 0.02774376 -0.365 -0.04213776 0.02627756 -0.365 -0.05503052 0.02442626 -0.353 -0.06589792 0.04541461 -0.353 -0.06650266 0.04803537 -0.353 -0.05029933 -0.06480723 -0.353 -0.05107597 0.03431483 -0.353 -0.05497169 0.03489996 -0.353 -0.03935668 -0.04730026 -0.353 -0.04987134 -0.05822649 -0.353 -0.04835192 -0.05459182 -0.353 -0.06424025 0.04184094 -0.353 -0.04599062 -0.05143869 -0.353 -0.06175949 0.03878068 -0.353 -0.05860636 0.03641937 -0.353 -0.05045646 -0.0621222 -0.353 -0.04293035 -0.04895793 -0.353 0.01632365 -0.02752338 -0.353 0.01064041 -0.03017913 -0.353 0.0124279 -0.03907104 -0.353 0.005827512 -0.04058374 -0.353 -0.02752338 -0.01632365 -0.353 -0.03017913 -0.01064041 -0.353 -0.03167512 -0.004548302 -0.353 -0.03195379 0.001718605 -0.353 0.03167512 0.004548302 -0.353 0.03996393 0.009158989 -0.353 0.03017913 0.01064041 -0.353 0.03791131 0.0156119 -0.353 0.02752338 0.01632365 -0.353 0.03482462 0.02163897 -0.353 0.02380997 0.02137948 -0.353 0.03078797 0.02707582 -0.353 0.01918154 0.0256138 -0.353 0.02591159 0.03177402 -0.353 0.01381593 0.02886376 -0.353 0.0186893 -0.0364926 -0.353 0.02444082 -0.03291873 -0.353 0.02137948 -0.02380997 -0.353 0.02952576 -0.02844698 -0.353 0.0256138 -0.01918154 -0.353 0.03380531 -0.02319913 -0.353 0.02886376 -0.01381593 -0.353 0.03716267 -0.01731863 -0.353 0.03100451 -0.007919495 -0.353 0.03950639 -0.01096561 -0.353 0.03195379 -0.001718605 -0.353 0.04077245 -0.004313525 -0.353 0.04092639 0.002456237 -0.353 0.004548302 -0.03167512 -0.353 -0.001718605 -0.03195379 -0.353 -0.03673592 -0.04669552 -0.353 -0.007919495 -0.03100451 -0.353 -0.01381593 -0.02886376 -0.353 -0.01918154 -0.0256138 -0.353 -0.02380997 -0.02137948 -0.353 -0.0256138 0.01918154 -0.353 -0.04839095 0.03447196 -0.353 -0.02886376 0.01381593 -0.353 -0.03100451 0.007919495 -0.353 -0.02137948 0.02380997 -0.353 -0.01632365 0.02752338 -0.353 -0.005827512 0.04058374 -0.353 -0.01064041 0.03017913 -0.353 -0.004548302 0.03167512 -0.353 0.000931836 0.0409894 -0.353 0.001718605 0.03195379 -0.353 0.007665781 0.04027699 -0.353 0.007919495 0.03100451 -0.353 0.01419054 0.0384659 -0.353 0.0203283 0.03560564 -0.345 -0.001360867 -0.0273204 -0.345 -0.002026939 -0.02750727 -0.345 0.003850862 -0.02681803 -0.345 0.0201808 0.0080219 -0.345 0.01915373 0.01517457 -0.345 0.01877452 0.01512012 -0.345 -0.02619246 0.01838359 -0.345 -0.02681171 0.01746798 -0.345 -0.02667193 0.01723821 -0.345 -0.01381593 -0.02886376 -0.345 -0.008024237 -0.02852321 -0.345 -0.00893232 -0.02219917 -0.345 -0.007919495 -0.03100451 -0.345 0.007141347 -0.03119296 -0.345 0.006444797 -0.02644556 -0.345 -0.02613431 0.007074843 -0.345 -0.02553934 0.007427793 -0.345 -0.02545582 0.00876898 -0.345 0.007610429 -0.02634163 -0.345 0.00956326 -0.02579381 -0.345 0.008968242 -0.02614666 -0.345 0.01572596 -0.02511286 -0.345 0.02521214 0.009375165 -0.345 0.02487332 0.008772055 -0.345 0.03167512 0.004548302 -0.345 0.02234962 -0.01602222 -0.345 0.02189354 -0.01648908 -0.345 0.02326513 -0.01615322 -0.345 0.0140076 -0.01048994 -0.345 0.01758119 -0.009899716 -0.345 0.01624521 -0.00650706 -0.345 -0.01737586 0.002080748 -0.345 -0.01964066 0.002303846 -0.345 -0.01890908 -0.002790968 -0.345 -0.006885943 0.01608831 -0.345 -0.002487353 0.01732233 -0.345 -0.002753286 0.01917433 -0.345 0.00650706 0.01624521 -0.345 0.01048994 0.0140076 -0.345 0.009121814 0.02087951 -0.345 8.284799e-05 0.02581375 -0.345 0.0004025072 0.02638276 -0.345 -0.001924357 0.03194208 -0.345 0.0008585505 0.02684962 -0.345 0.001419888 0.02718249 -0.345 0.001718605 0.03195379 -0.345 0.001474021 0.02256339 -0.345 0.0009050377 0.02288306 -0.345 -0.0005142754 0.02201855 -0.345 0.0004381841 0.02333913 -0.345 0.0001052626 0.02390051 -0.345 -7.102345e-05 0.02452884 -0.345 -7.867354e-05 0.02518148 -0.345 0.004885859 0.02458697 -0.345 0.004724342 0.02395459 -0.345 0.00876689 0.02335125 -0.345 0.004404683 0.02338558 -0.345 0.002048259 0.02735879 -0.345 0.002700849 0.02736643 -0.345 0.007919495 0.03100451 -0.345 0.003333169 0.02720496 -0.345 0.003902152 0.02688529 -0.345 0.004369006 0.02642921 -0.345 0.004701923 0.02586793 -0.345 0.004878213 0.02523951 -0.345 0.00210634 0.02240192 -0.345 -0.0003701653 0.02101494 -0.345 0.002758931 0.02240956 -0.345 0.003948639 0.02291872 -0.345 0.003387302 0.02258586 -0.345 0.008911 0.02234765 -0.345 0.01375786 0.01081527 -0.345 0.01608831 0.006885943 -0.345 0.01980159 0.007967448 -0.345 0.01732233 0.002487353 -0.345 -0.01462839 0.01746916 -0.345 -0.0140076 0.01048994 -0.345 -0.01081527 0.01375786 -0.345 -0.01826523 0.01616136 -0.345 -0.01876007 0.01664484 -0.345 -0.01936315 0.01698366 -0.345 -0.01791228 0.01556639 -0.345 -0.0177254 0.01490029 -0.345 -0.01771731 0.01420861 -0.345 -0.01788857 0.01353827 -0.345 -0.01822739 0.01293519 -0.345 -0.01871077 0.01244036 -0.345 -0.01930584 0.01208739 -0.345 -0.02066773 0.009456513 -0.345 -0.01997184 0.01190054 -0.345 -0.02066361 0.01189243 -0.345 -0.01624521 0.00650706 -0.345 -0.01048994 -0.0140076 -0.345 -0.01375786 -0.01081527 -0.345 -0.01717176 -0.01488997 -0.345 -0.01608831 -0.006885943 -0.345 -0.01732233 -0.002487353 -0.345 -0.01394803 -0.01834232 -0.345 -0.01393994 -0.01903399 -0.345 -0.009293683 -0.01968258 -0.345 -0.0149826 -0.01659775 -0.345 -0.01448776 -0.01708123 -0.345 -0.01413491 -0.01767622 -0.345 -0.01761379 -0.01628274 -0.345 -0.01694779 -0.01609588 -0.345 -0.01625601 -0.01608777 -0.345 -0.01558578 -0.01625895 -0.345 -0.00650706 -0.01624521 -0.345 -0.002080748 -0.01737586 -0.345 0.01445652 -0.01627224 -0.345 0.01081527 -0.01375786 -0.345 0.02127809 -0.01220294 -0.345 0.0218471 -0.01252261 -0.345 0.02227049 -0.009226369 -0.345 0.02231395 -0.01297859 -0.345 0.01834749 -0.01302513 -0.345 0.01880347 -0.01255828 -0.345 0.01787388 -0.01487897 -0.345 0.01786625 -0.01422643 -0.345 0.01802781 -0.01359404 -0.345 0.01936484 -0.01222531 -0.345 0.01999316 -0.01204901 -0.345 0.0206458 -0.01204137 -0.345 0.01461773 -0.01739492 -0.345 0.01838315 -0.01606866 -0.345 0.01805019 -0.01550739 -0.345 0.01877598 -0.01822047 -0.345 0.01941892 -0.01684442 -0.345 0.01857583 -0.01682657 -0.345 0.01885001 -0.01652473 -0.345 0.02346529 -0.01754712 -0.345 0.02133227 -0.01682204 -0.345 0.02070383 -0.01699825 -0.345 0.02005131 -0.01700597 -0.345 0.02264682 -0.01353997 -0.345 0.02282312 -0.01416829 -0.345 0.02310392 -0.01503054 -0.345 0.02283076 -0.01482093 -0.345 0.02266929 -0.0154532 -0.345 -0.0186544 -0.02035671 -0.345 -0.01900737 -0.01976163 -0.345 -0.02112642 -0.02138167 -0.345 -0.01815957 -0.02084008 -0.345 -0.01919423 -0.01909563 -0.345 -0.01920233 -0.01840386 -0.345 -0.02195985 -0.0155775 -0.345 -0.01903106 -0.01773361 -0.345 -0.01884876 -0.01513078 -0.345 -0.01869225 -0.01713043 -0.345 -0.01820888 -0.0166356 -0.345 -0.01619447 -0.02134207 -0.345 -0.01688615 -0.02135016 -0.345 -0.01785412 -0.02205763 -0.345 -0.01755649 -0.0211789 -0.345 -0.01801533 -0.02093494 -0.345 -0.0141111 -0.01970432 -0.345 -0.01444992 -0.02030741 -0.345 -0.009132474 -0.02080527 -0.345 -0.0149334 -0.02080225 -0.345 0.02712787 -0.005306611 -0.345 0.03100451 -0.007919495 -0.345 0.02711967 -0.004614884 -0.345 0.03195379 -0.001718605 -0.345 0.02553934 -0.007427793 -0.345 0.02487333 -0.007614652 -0.345 0.0226497 -0.009171917 -0.345 0.02418156 -0.007622758 -0.345 0.02351122 -0.007451499 -0.345 0.02290813 -0.007112678 -0.345 0.02091238 0.002927086 -0.345 0.02237546 -0.003403066 -0.345 0.02285883 -0.002908199 -0.345 0.0269566 -0.00597689 -0.345 0.02661779 -0.006580001 -0.345 0.02613431 -0.007074843 -0.345 0.02345392 -0.002555304 -0.345 0.02412002 -0.002368431 -0.345 0.02481169 -0.002360338 -0.345 0.02548193 -0.002531542 -0.345 0.02608511 -0.002870389 -0.345 0.02657995 -0.003353794 -0.345 0.0269329 -0.003948798 -0.345 0.0224133 -0.006629273 -0.345 0.02206035 -0.006034269 -0.345 0.02187348 -0.005368197 -0.345 0.02053317 0.002872635 -0.345 0.02186538 -0.004676455 -0.345 0.02203665 -0.004006177 -0.345 0.02116367 0.008239377 -0.345 0.02066884 0.008722782 -0.345 0.02538331 0.01004543 -0.345 0.03017913 0.01064041 -0.345 0.0253752 0.01073717 -0.345 0.020631 0.01194899 -0.345 0.02111437 0.01244386 -0.345 0.02029218 0.01134588 -0.345 0.02373746 0.01282051 -0.345 0.02434065 0.01248167 -0.345 0.02752338 0.01632365 -0.345 0.02483548 0.01199826 -0.345 0.02518833 0.01140324 -0.345 0.02031588 0.009317786 -0.345 0.02012901 0.009983858 -0.345 0.02012091 0.0106756 -0.345 0.02170945 0.01279675 -0.345 0.02237545 0.01298361 -0.345 0.02306722 0.01299172 -0.345 0.02243709 0.007729326 -0.345 0.02176675 0.007900516 -0.345 0.02438985 0.008277173 -0.345 0.02379487 0.007924292 -0.345 0.02312876 0.007737419 -0.345 -0.02182253 -0.008039768 -0.345 -0.02125362 -0.008359441 -0.345 -0.02058608 -0.003031772 -0.345 -0.02078676 -0.008815484 -0.345 -0.02045379 -0.009376808 -0.345 -0.02027749 -0.01000518 -0.345 -0.02026986 -0.01065777 -0.345 -0.02043142 -0.0112901 -0.345 -0.02075109 -0.01185909 -0.345 -0.02475322 -0.008861957 -0.345 -0.02606301 -0.003818216 -0.345 -0.02507289 -0.009430941 -0.345 -0.02523436 -0.01006326 -0.345 -0.02429715 -0.008395104 -0.345 -0.02373587 -0.008062196 -0.345 -0.02369717 -0.0034785 -0.345 -0.02310744 -0.007885896 -0.345 -0.0224549 -0.00787826 -0.345 -0.02432568 -0.01591722 -0.345 -0.02505042 -0.01134422 -0.345 -0.02752338 -0.01632365 -0.345 -0.03017913 -0.01064041 -0.345 -0.02120707 -0.01232593 -0.345 -0.02176845 -0.01265886 -0.345 -0.02239677 -0.01283513 -0.345 -0.02304941 -0.01284279 -0.345 -0.02368169 -0.01268126 -0.345 -0.0242507 -0.0123616 -0.345 -0.02471756 -0.01190556 -0.345 0.01004667 -0.02529897 -0.345 0.01036175 -0.02266778 -0.345 0.01054861 -0.02333378 -0.345 0.005465516 -0.02272508 -0.345 0.005804377 -0.02212199 -0.345 0.005536714 -0.02012153 -0.345 0.006287782 -0.02162716 -0.345 0.006882786 -0.02127421 -0.345 0.01055672 -0.02402555 -0.345 0.01038551 -0.02469579 -0.345 0.007548858 -0.02108734 -0.345 0.008240599 -0.02107924 -0.345 0.01481788 -0.01878883 -0.345 0.008910878 -0.02125051 -0.345 0.009513988 -0.02158932 -0.345 0.01000886 -0.02207269 -0.345 0.005294326 -0.02339542 -0.345 0.00294278 -0.020494 -0.345 0.005302419 -0.02408709 -0.345 0.005489292 -0.02475319 -0.345 0.006940165 -0.02617046 -0.345 0.006337054 -0.02583165 -0.345 0.005842172 -0.02534818 -0.345 0.02137948 -0.02380997 -0.345 0.01968406 -0.02454451 -0.345 0.01632365 -0.02752338 -0.345 0.01064041 -0.03017913 -0.345 0.00830217 -0.02633353 -0.345 0.02380997 0.02137948 -0.345 0.01919423 0.01909563 -0.345 0.01448776 0.01708123 -0.345 0.01408522 0.01444677 -0.345 0.0149826 0.01659775 -0.345 0.01558578 0.01625895 -0.345 0.01619447 0.02134207 -0.345 0.01688615 0.02135016 -0.345 0.01776922 0.02212121 -0.345 0.01755649 0.0211789 -0.345 0.01815957 0.02084008 -0.345 0.01920233 0.01840386 -0.345 0.01903106 0.01773361 -0.345 0.01869225 0.01713043 -0.345 0.01820888 0.0166356 -0.345 0.01761379 0.01628274 -0.345 0.01694779 0.01609588 -0.345 0.01625601 0.01608777 -0.345 0.01413491 0.01767622 -0.345 0.01394803 0.01834232 -0.345 0.01307992 0.02144786 -0.345 0.01393994 0.01903399 -0.345 0.0141111 0.01970432 -0.345 0.01444992 0.02030741 -0.345 0.0149334 0.02080225 -0.345 0.01552837 0.0211552 -0.345 -0.02188384 0.01792575 -0.345 -0.02198625 0.016607 -0.345 -0.02139126 0.01695985 -0.345 -0.02003348 0.01715482 -0.345 -0.0148392 0.0189373 -0.345 -0.02072516 0.01714673 -0.345 -0.02133386 0.0120637 -0.345 -0.02193704 0.01240251 -0.345 -0.02234473 0.009215709 -0.345 -0.02243187 0.01288588 -0.345 -0.02278474 0.01348097 -0.345 -0.02297159 0.01414697 -0.345 -0.02335003 0.0162168 -0.345 -0.0229797 0.01483875 -0.345 -0.02280853 0.01550898 -0.345 -0.02487333 0.007614652 -0.345 -0.02418156 0.007622758 -0.345 -0.02203665 0.004006177 -0.345 -0.02237546 0.003403066 -0.345 -0.02131766 0.002063042 -0.345 -0.02351122 0.007451499 -0.345 -0.02290813 0.007112678 -0.345 -0.0224133 0.006629273 -0.345 -0.02206035 0.006034269 -0.345 -0.02187348 0.005368197 -0.345 -0.02186538 0.004676455 -0.345 -0.02285883 0.002908199 -0.345 -0.02345392 0.002555304 -0.345 -0.02442875 0.001616313 -0.345 -0.02412002 0.002368431 -0.345 -0.02481169 0.002360338 -0.345 -0.02679458 0.001276598 -0.345 -0.02548193 0.002531542 -0.345 -0.02608511 0.002870389 -0.345 -0.02657995 0.003353794 -0.345 -0.0269329 0.003948798 -0.345 -0.02711967 0.004614884 -0.345 -0.02712787 0.005306611 -0.345 -0.02782165 0.008429265 -0.345 -0.0269566 0.00597689 -0.345 -0.02661779 0.006580001 -0.345 0.02886376 -0.01381593 -0.345 0.02864518 -0.01426365 -0.345 0.0238445 -0.01749267 -0.345 0.02795995 -0.01556404 -0.345 0.02364434 -0.01609877 -0.345 0.02348313 -0.01497608 -0.345 -0.001718605 -0.03195379 -0.345 0.004548302 -0.03167512 -0.345 -0.02352674 -0.02169088 -0.345 -0.02347424 -0.02174759 -0.345 -0.02245079 -0.02280264 -0.345 -0.02096521 -0.02250436 -0.345 -0.02111681 -0.02404333 -0.345 -0.02076505 -0.02389826 -0.345 -0.02081321 -0.02430655 -0.345 -0.02380997 -0.02137948 -0.345 -0.03195379 0.001718605 -0.345 -0.03167512 -0.004548302 -0.345 -0.02867959 0.01419445 -0.345 -0.02886376 0.01381593 -0.345 -0.03100451 0.007919495 -0.345 -0.02692457 0.01729357 -0.345 -0.02791262 0.01564883 -0.345 -0.02646112 0.01577007 -0.345 -0.008968242 0.02614666 -0.345 -0.00830217 0.02633353 -0.345 -0.01064041 0.03017913 -0.345 -0.006940165 0.02617046 -0.345 -0.006337054 0.02583165 -0.345 -0.004548302 0.03167512 -0.345 -0.007610429 0.02634163 -0.345 -0.007548858 0.02108734 -0.345 -0.008240599 0.02107924 -0.345 -0.01498331 0.01994091 -0.345 -0.008910878 0.02125051 -0.345 -0.009513988 0.02158932 -0.345 -0.00310821 0.02164608 -0.345 -0.005294326 0.02339542 -0.345 -0.005465516 0.02272508 -0.345 -0.01000886 0.02207269 -0.345 -0.01036175 0.02266778 -0.345 -0.01054861 0.02333378 -0.345 -0.005842172 0.02534818 -0.345 -0.005489292 0.02475319 -0.345 -0.005302419 0.02408709 -0.345 -0.005804377 0.02212199 -0.345 -0.006287782 0.02162716 -0.345 -0.006882786 0.02127421 -0.345 -0.01055672 0.02402555 -0.345 -0.01038551 0.02469579 -0.345 -0.01632365 0.02752338 -0.345 -0.01004667 0.02529897 -0.345 -0.00956326 0.02579381 -0.345 0.02097058 0.02417094 -0.345 0.01996135 0.02501092 -0.345 0.01793762 0.0236438 -0.345 0.01779351 0.02464741 -0.345 0.0174143 0.02459295 -0.345 0.02238152 0.02287068 -0.345 0.01814843 0.02217566 -0.345 0.01755841 0.02358935 -0.345 0.01381593 0.02886376 -0.345 0.01272499 0.02391961 -0.345 0.0128691 0.022916 -0.345 -0.02202795 0.01892935 -0.345 -0.02370495 0.01868855 -0.345 -0.02356084 0.01768494 -0.345 -0.02246972 0.01611216 -0.345 0.0186544 0.02035671 -0.345 0.01900737 0.01976163 -0.345 0.01918154 0.0256138 -0.345 -0.0001593515 0.0195468 -0.345 0.002080748 0.01737586 -0.345 -0.0029641 0.02064247 -0.345 -0.0256138 0.01918154 -0.345 -0.02137948 0.02380997 -0.345 0.01737586 -0.002080748 -0.345 -0.02522673 -0.01071585 -0.345 0.006885943 -0.01608831 -0.345 0.005175352 -0.01760494 -0.345 0.005336561 -0.01872763 -0.345 0.002487353 -0.01732233 -0.345 0.002581417 -0.01797741 -0.345 0.002742626 -0.01910009 -0.345 -0.01552837 -0.0211552 -0.345 -0.01617712 -0.02181682 -0.345 -0.01597696 -0.02321073 -0.345 -0.01765396 -0.02345153 -0.345 -0.01918154 -0.0256138 -0.345 0.0256138 -0.01918154 -0.345 0.02702897 -0.01712997 -0.345 -0.00271868 -0.02751537 -0.345 -0.002780251 -0.02226108 -0.345 -0.00208851 -0.02225298 -0.345 -0.001418246 -0.02242415 -0.345 -0.0008151208 -0.02276306 -0.345 -0.003388944 -0.0273442 -0.345 -0.003992069 -0.02700529 -0.345 -0.004486937 -0.02652192 -0.345 0.0002276073 -0.02519929 -0.345 5.640317e-05 -0.02586953 -0.345 -0.004863593 -0.02389882 -0.345 -0.004524732 -0.02329573 -0.345 -0.004041341 -0.0228008 -0.345 -0.003446323 -0.02244795 -0.345 -0.0003202531 -0.02324643 -0.345 3.262733e-05 -0.02384142 -0.345 0.0002195006 -0.02450752 -0.345 -0.0002824578 -0.02647261 -0.345 -0.0007658487 -0.02696755 -0.345 -0.004839827 -0.02592693 -0.345 -0.00502669 -0.02526083 -0.345 -0.005034807 -0.02456906 -0.383174 -0.07908194 -0.005072324 -0.383174 -0.05928499 -0.002229635 -0.382869 -0.07926234 -0.00381601 -0.382869 -0.05946539 -0.0009733209 -0.382247 -0.07942538 -0.002680566 -0.382247 -0.05962843 0.0001621231 -0.381348 -0.07955995 -0.001743378 -0.381348 -0.059763 0.001099311 -0.380235 -0.07965688 -0.001068332 -0.380235 -0.05985993 0.001774357 -0.378984 -0.07970957 -0.0007013954 -0.378984 -0.05991262 0.002141293 -0.377679 -0.07971443 -0.0006675426 -0.377679 -0.05991748 0.002175146 -0.37641 -0.07967112 -0.0009691491 -0.37641 -0.05987418 0.00187354 -0.375263 -0.0795826 -0.001585636 -0.375263 -0.05978565 0.001257053 -0.374316 -0.07945489 -0.002475004 -0.374316 -0.05965795 0.0003676847 -0.373634 -0.07929671 -0.003576625 -0.373634 -0.05949976 -0.0007339362 -0.373263 -0.07911883 -0.004815429 -0.373263 -0.05932188 -0.00197274 -0.373229 -0.07893337 -0.006106991 -0.373229 -0.05913642 -0.003264303 -0.390548 -0.05580995 -0.02643035 -0.387498 -0.05498977 -0.03214227 -0.387525 -0.05457233 -0.03504935 -0.387498 -0.05456327 -0.0351125 -0.387525 -0.06222966 0.01827749 -0.390548 -0.06099203 0.009658491 -0.381348 -0.059763 0.001099311 -0.382247 -0.05962843 0.0001621231 -0.381348 -0.05703899 -0.01787117 -0.375573 -0.05623896 -0.0234427 -0.375835 -0.05619039 -0.02378093 -0.375231 -0.06093195 0.009240083 -0.375573 -0.06089469 0.008980545 -0.375835 -0.06084612 0.008642314 -0.376 -0.06078956 0.008248453 -0.392384 -0.05970818 0.0007174968 -0.383174 -0.057517 -0.01454223 -0.392384 -0.05709381 -0.01748936 -0.3835 -0.05840099 -0.008385931 -0.393 -0.05840099 -0.008385931 -0.383174 -0.05928499 -0.002229635 -0.382869 -0.05946539 -0.0009733209 -0.365 -0.05839033 -0.00846017 -0.365 -0.05665301 -0.02055917 -0.372977 -0.05619039 -0.02378093 -0.373581 -0.06093195 0.009240083 -0.373979 -0.06095539 0.009403308 -0.365 -0.06181222 0.01537041 -0.374406 -0.06096338 0.009458938 -0.374833 -0.06095539 0.009403308 -0.376 -0.06066815 0.007402926 -0.375835 -0.0606116 0.007009066 -0.377679 -0.05991748 0.002175146 -0.365 -0.05912191 -0.003365356 -0.373263 -0.05932188 -0.00197274 -0.373634 -0.05949976 -0.0007339362 -0.382869 -0.0573366 -0.01579854 -0.382247 -0.05717356 -0.01693399 -0.376 -0.05601243 -0.02502032 -0.375835 -0.05595587 -0.02541418 -0.375573 -0.0559073 -0.02575241 -0.373634 -0.05730223 -0.01603793 -0.373263 -0.05748011 -0.01479912 -0.380235 -0.05985993 0.001774357 -0.378984 -0.05991262 0.002141293 -0.376056 -0.06072886 0.00782569 -0.375573 -0.06056303 0.006670835 -0.375231 -0.06052576 0.006411297 -0.37641 -0.05987418 0.00187354 -0.374833 -0.06050232 0.006248071 -0.375263 -0.05978565 0.001257053 -0.374406 -0.06049434 0.006192442 -0.374316 -0.05965795 0.0003676847 -0.373979 -0.06050232 0.006248071 -0.373581 -0.06052576 0.006411297 -0.373239 -0.06056303 0.006670835 -0.365 -0.06014898 0.00378731 -0.372977 -0.0606116 0.007009066 -0.365 -0.06040097 0.005542211 -0.372812 -0.06066815 0.007402926 -0.372756 -0.06072886 0.00782569 -0.365 -0.06136509 0.01225654 -0.372812 -0.06078956 0.008248453 -0.365 -0.06159137 0.01383238 -0.372977 -0.06084612 0.008642314 -0.373239 -0.06089469 0.008980545 -0.376 -0.05613384 -0.02417479 -0.376056 -0.05607313 -0.02459755 -0.374406 -0.05630765 -0.0229643 -0.374316 -0.05714404 -0.01713955 -0.373979 -0.05629966 -0.02301993 -0.373581 -0.05627623 -0.02318316 -0.373239 -0.05623896 -0.0234427 -0.380235 -0.05694206 -0.01854622 -0.378984 -0.05688937 -0.01891316 -0.375231 -0.05627623 -0.02318316 -0.377679 -0.05688451 -0.01894701 -0.374833 -0.05629966 -0.02301993 -0.37641 -0.05692781 -0.0186454 -0.375263 -0.05701634 -0.01802892 -0.373979 -0.0558466 -0.02617517 -0.373581 -0.05587004 -0.02601195 -0.365 -0.05498977 -0.03214227 -0.373239 -0.0559073 -0.02575241 -0.365 -0.05521062 -0.03060424 -0.372977 -0.05595587 -0.02541418 -0.365 -0.05545821 -0.02887993 -0.372812 -0.05601243 -0.02502032 -0.365 -0.05565837 -0.02748603 -0.372756 -0.05607313 -0.02459755 -0.372812 -0.05613384 -0.02417479 -0.375231 -0.05587004 -0.02601195 -0.374833 -0.0558466 -0.02617517 -0.374406 -0.05583861 -0.0262308 -0.373229 -0.05766557 -0.01350756 -0.3735 -0.05840099 -0.008385931 -0.373229 -0.05913642 -0.003264303 -0.362884 -0.06650266 0.04803537 -0.35716 -0.06700148 0.05150924 -0.353 -0.06650266 0.04803537 -0.348799 -0.06755296 0.05534985 -0.339996 -0.06794111 0.05805302 -0.339996 -0.04886087 -0.07482488 -0.348799 -0.04924903 -0.07212171 -0.353 -0.05029933 -0.06480723 -0.35716 -0.04980051 -0.0682811 -0.362884 -0.05029933 -0.06480723 -0.330907 -0.06815902 0.05957055 -0.321694 -0.0682028 0.05987543 -0.324 -0.06616864 0.04570923 -0.325167 -0.0510337 -0.05969299 -0.325429 -0.05098513 -0.06003122 -0.325594 -0.05092858 -0.06042508 -0.294497 -0.05230657 -0.05082851 -0.294441 -0.05224586 -0.05125127 -0.324 -0.05110239 -0.05921459 -0.312523 -0.06807165 0.0589621 -0.303557 -0.06776795 0.05684709 -0.322571 -0.06605138 0.0448926 -0.324427 -0.06616065 0.0456536 -0.324825 -0.06613722 0.04549037 -0.32565 -0.05086787 -0.06084784 -0.325594 -0.05080716 -0.06127061 -0.291418 -0.05242383 -0.05001188 -0.291681 -0.0524724 -0.04967365 -0.294441 -0.06443471 0.03363388 -0.292022 -0.05250966 -0.04941411 -0.322406 -0.06599482 0.04449874 -0.294956 -0.06729709 0.05356792 -0.32235 -0.06593412 0.04407598 -0.322833 -0.06609995 0.04523083 -0.323175 -0.06613722 0.04549037 -0.323573 -0.06616065 0.0456536 -0.325429 -0.05075061 -0.06166447 -0.325167 -0.05070204 -0.0620027 -0.330907 -0.04864297 -0.07634242 -0.325167 -0.06609995 0.04523083 -0.325429 -0.06605138 0.0448926 -0.325594 -0.06599482 0.04449874 -0.32565 -0.06593412 0.04407598 -0.312523 -0.04873034 -0.07573396 -0.321694 -0.04859919 -0.07664729 -0.323573 -0.05064134 -0.06242546 -0.293672 -0.05210347 -0.0522429 -0.293274 -0.05208003 -0.05240613 -0.32235 -0.05086787 -0.06084784 -0.292847 -0.05207205 -0.05246176 -0.29242 -0.05208003 -0.05240613 -0.279452 -0.05091165 -0.06054297 -0.292022 -0.05210347 -0.0522429 -0.324825 -0.05066477 -0.06226223 -0.324427 -0.05064134 -0.06242546 -0.324 -0.05063335 -0.06248109 -0.293672 -0.06469852 0.03547104 -0.294014 -0.06466125 0.0352115 -0.322571 -0.05098513 -0.06003122 -0.322833 -0.0510337 -0.05969299 -0.323175 -0.05066477 -0.06226223 -0.322833 -0.05070204 -0.0620027 -0.303557 -0.04903404 -0.07361895 -0.322571 -0.05075061 -0.06166447 -0.294956 -0.0495049 -0.07033979 -0.322406 -0.05080716 -0.06127061 -0.286872 -0.05013451 -0.06595506 -0.292847 -0.0642609 0.0324234 -0.29242 -0.06426889 0.03247903 -0.2624162 -0.06282418 0.02241782 -0.292022 -0.06429232 0.03264225 -0.291681 -0.06432959 0.03290179 -0.294276 -0.06461268 0.03487327 -0.294441 -0.06455613 0.03447941 -0.294497 -0.06449542 0.03405664 -0.29242 -0.0525331 -0.04925089 -0.292847 -0.05254109 -0.04919526 -0.293274 -0.0525331 -0.04925089 -0.323175 -0.06573102 0.04266159 -0.322833 -0.06576829 0.04292112 -0.323175 -0.05107097 -0.05943345 -0.323573 -0.0510944 -0.05927022 -0.293274 -0.06426889 0.03247903 -0.2588178 -0.06161802 0.01401798 -0.293672 -0.06429232 0.03264225 -0.286872 -0.06666748 0.0491832 -0.279452 -0.06589034 0.04377111 -0.291681 -0.06466125 0.0352115 -0.324825 -0.06573102 0.04266159 -0.324427 -0.06570759 0.04249836 -0.2655353 -0.05909229 -0.003571611 -0.2665 -0.0590355 -0.003967154 -0.294014 -0.06432959 0.03290179 -0.294276 -0.06437816 0.03324002 -0.2673284 -0.05894515 -0.00459637 -0.2679641 -0.0588274 -0.005416389 -0.2683637 -0.05869028 -0.006371315 -0.2563826 -0.06035446 0.005218333 -0.2556646 -0.05975893 0.001070922 -0.291418 -0.06437816 0.03324002 -0.291254 -0.06443471 0.03363388 -0.2671135 -0.06395139 0.03026791 -0.291197 -0.06449542 0.03405664 -0.272826 -0.06497956 0.03742826 -0.291254 -0.06455613 0.03447941 -0.291418 -0.06461268 0.03487327 -0.292022 -0.06469852 0.03547104 -0.29242 -0.06472195 0.03563426 -0.292847 -0.06472994 0.03568989 -0.293274 -0.06472195 0.03563426 -0.293672 -0.05250966 -0.04941411 -0.294014 -0.0524724 -0.04967365 -0.322571 -0.06581686 0.04325935 -0.322406 -0.06587341 0.04365322 -0.2586588 -0.05912854 -0.00331918 -0.2596261 -0.05911167 -0.003436695 -0.2645 -0.05911167 -0.003436695 -0.294276 -0.05242383 -0.05001188 -0.294441 -0.05236727 -0.05040574 -0.322406 -0.05092858 -0.06042508 -0.294276 -0.05218931 -0.05164513 -0.294014 -0.05214074 -0.05198336 -0.324825 -0.05107097 -0.05943345 -0.324427 -0.0510944 -0.05927022 -0.325594 -0.06587341 0.04365322 -0.325429 -0.06581686 0.04325935 -0.325167 -0.06576829 0.04292112 -0.324 -0.0656996 0.04244273 -0.323573 -0.06570759 0.04249836 -0.291681 -0.05214074 -0.05198336 -0.291418 -0.05218931 -0.05164513 -0.272826 -0.05182243 -0.05420013 -0.291254 -0.05224586 -0.05125127 -0.2693308 -0.05241736 -0.05005692 -0.291197 -0.05230657 -0.05082851 -0.2688767 -0.05252338 -0.04931859 -0.2556483 -0.05962043 0.0001064046 -0.255868 -0.05948548 -0.000833406 -0.2563109 -0.05936209 -0.001692712 -0.291254 -0.05236727 -0.05040574 -0.2569505 -0.05925758 -0.002420517 -0.2577489 -0.05917816 -0.002973624 -0.2685 -0.05854313 -0.007396084 -0.2685 -0.05276424 -0.0476412 -0.2685953 -0.05264087 -0.04850039 -0.383174 -0.07731395 -0.01738492 -0.383174 -0.057517 -0.01454223 -0.3835 -0.07819794 -0.01122862 -0.3835 -0.05840099 -0.008385931 -0.294497 -0.1181314 -0.06028045 -0.294497 -0.1121923 -0.05942764 -0.294441 -0.1181921 -0.05985768 -0.294441 -0.112253 -0.05900488 -0.294276 -0.1182487 -0.05946382 -0.294276 -0.1123096 -0.05861102 -0.294014 -0.1182972 -0.05912559 -0.294014 -0.1123582 -0.05827279 -0.293672 -0.1183345 -0.05886605 -0.293672 -0.1123954 -0.05801325 -0.293274 -0.118358 -0.05870283 -0.293274 -0.1124189 -0.05785002 -0.292847 -0.1183659 -0.0586472 -0.292847 -0.1124269 -0.05779439 -0.29242 -0.118358 -0.05870283 -0.29242 -0.1124189 -0.05785002 -0.292022 -0.1183345 -0.05886605 -0.292022 -0.1123954 -0.05801325 -0.291681 -0.1182972 -0.05912559 -0.291681 -0.1123582 -0.05827279 -0.291418 -0.1182487 -0.05946382 -0.291418 -0.1123096 -0.05861102 -0.291254 -0.1181921 -0.05985768 -0.291254 -0.112253 -0.05900488 -0.291197 -0.1181314 -0.06028045 -0.291197 -0.1121923 -0.05942764 -0.291254 -0.1180707 -0.06070321 -0.291254 -0.1121316 -0.0598504 -0.291418 -0.1180142 -0.06109707 -0.291418 -0.1120751 -0.06024426 -0.291681 -0.1179656 -0.0614353 -0.291681 -0.1120265 -0.0605825 -0.292022 -0.1179283 -0.06169484 -0.292022 -0.1119892 -0.06084203 -0.29242 -0.1179049 -0.06185807 -0.29242 -0.1119658 -0.06100526 -0.292847 -0.1178969 -0.0619137 -0.292847 -0.1119578 -0.06106089 -0.293274 -0.1179049 -0.06185807 -0.293274 -0.1119658 -0.06100526 -0.293672 -0.1179283 -0.06169484 -0.293672 -0.1119892 -0.06084203 -0.294014 -0.1179656 -0.0614353 -0.294014 -0.1120265 -0.0605825 -0.294276 -0.1180142 -0.06109707 -0.294276 -0.1120751 -0.06024426 -0.294441 -0.1180707 -0.06070321 -0.294441 -0.1121316 -0.0598504 -0.305748 -0.09739802 0.04861011 -0.305583 -0.09745457 0.04900397 -0.307177 -0.09751528 0.04942673 -0.305527 -0.09751528 0.04942673 -0.305583 -0.09757597 0.0498494 -0.30675 -0.09728874 0.04784911 -0.306352 -0.09731217 0.04801224 -0.30601 -0.09734945 0.04827188 -0.308002 -0.09731217 0.04801224 -0.307604 -0.09728874 0.04784911 -0.307177 -0.09728076 0.04779348 -0.308771 -0.09745457 0.04900397 -0.308606 -0.09739802 0.04861011 -0.308343 -0.09734945 0.04827188 -0.308606 -0.09763254 0.05024336 -0.308771 -0.09757597 0.0498494 -0.308827 -0.09751528 0.04942673 -0.307604 -0.09774181 0.05100435 -0.308002 -0.09771837 0.05084113 -0.308343 -0.09768111 0.05058159 -0.306352 -0.09771837 0.05084113 -0.30675 -0.09774181 0.05100435 -0.307177 -0.0977498 0.05105998 -0.305748 -0.09763254 0.05024336 -0.30601 -0.09768111 0.05058159 -0.2685 -0.07460009 -0.03628463 -0.2685 -0.07256119 -0.05048389 -0.2685 -0.06272192 -0.03457901 -0.2685 -0.05276424 -0.0476412 -0.2685 -0.06646191 -0.00853316 -0.2685 -0.05854313 -0.007396084 -0.276388 -0.111754 -0.06248033 -0.276388 -0.08205857 -0.0582163 -0.276444 -0.1116933 -0.06290309 -0.276444 -0.08199786 -0.05863906 -0.276609 -0.1116367 -0.06329695 -0.276609 -0.08194131 -0.05903292 -0.276871 -0.1115881 -0.06363528 -0.276871 -0.08189273 -0.05937125 -0.277213 -0.1115509 -0.06389482 -0.277213 -0.08185546 -0.05963079 -0.277611 -0.1115275 -0.06405795 -0.277611 -0.08183204 -0.05979392 -0.278038 -0.1115195 -0.06411358 -0.278038 -0.08182405 -0.05984955 -0.278465 -0.1115275 -0.06405795 -0.278465 -0.08183204 -0.05979392 -0.278863 -0.1115509 -0.06389482 -0.278863 -0.08185546 -0.05963079 -0.279205 -0.1115881 -0.06363528 -0.279205 -0.08189273 -0.05937125 -0.279467 -0.1116367 -0.06329695 -0.279467 -0.08194131 -0.05903292 -0.279632 -0.1116933 -0.06290309 -0.279632 -0.08199786 -0.05863906 -0.279688 -0.111754 -0.06248033 -0.279688 -0.08205857 -0.0582163 -0.279632 -0.1118147 -0.06205767 -0.279632 -0.08211926 -0.05779363 -0.279467 -0.1118713 -0.06166371 -0.279467 -0.08217583 -0.05739967 -0.279205 -0.1119198 -0.06132548 -0.279205 -0.0822244 -0.05706144 -0.278863 -0.1119571 -0.06106594 -0.278863 -0.08226167 -0.0568019 -0.278465 -0.1119805 -0.06090281 -0.278465 -0.08228509 -0.05663878 -0.278038 -0.1119885 -0.06084708 -0.278038 -0.08229309 -0.05658305 -0.277611 -0.1119805 -0.06090281 -0.277611 -0.08228509 -0.05663878 -0.277213 -0.1119571 -0.06106594 -0.277213 -0.08226167 -0.0568019 -0.276871 -0.1119198 -0.06132548 -0.276871 -0.0822244 -0.05706144 -0.276609 -0.1118713 -0.06166371 -0.276609 -0.08217583 -0.05739967 -0.276444 -0.1118147 -0.06205767 -0.276444 -0.08211926 -0.05779363 -0.2683637 -0.06660906 -0.00750839 -0.2683637 -0.05869028 -0.006371315 -0.2679641 -0.06674618 -0.006553465 -0.2679641 -0.0588274 -0.005416389 -0.2673284 -0.06686393 -0.005733446 -0.2673284 -0.05894515 -0.00459637 -0.2665 -0.06695428 -0.005104229 -0.2665 -0.0590355 -0.003967154 -0.2655353 -0.06701107 -0.004708686 -0.2655353 -0.05909229 -0.003571611 -0.2645 -0.06703045 -0.00457377 -0.2645 -0.05911167 -0.003436695 -0.2591148 -0.1206779 -0.0003326644 -0.2591148 -0.126617 -0.001185471 -0.2591864 -0.1207552 0.0002054166 -0.2591864 -0.1266943 -0.00064739 -0.2593962 -0.1208272 0.0007066753 -0.2593962 -0.1267662 -0.0001461313 -0.2597299 -0.120889 0.001137259 -0.2597299 -0.1268281 0.0002844523 -0.2601648 -0.1209364 0.001467571 -0.2601648 -0.1268755 0.0006147644 -0.2606713 -0.1209662 0.001675241 -0.2606713 -0.1269053 0.0008224344 -0.2612148 -0.1209764 0.001746015 -0.2612148 -0.1269155 0.0008932085 -0.2617583 -0.1209662 0.001675241 -0.2617583 -0.1269053 0.0008224344 -0.2622648 -0.1209364 0.001467571 -0.2622648 -0.1268755 0.0006147644 -0.2626997 -0.120889 0.001137259 -0.2626997 -0.1268281 0.0002844523 -0.2630335 -0.1208272 0.0007066753 -0.2630335 -0.1267662 -0.0001461313 -0.2632433 -0.1207552 0.0002054166 -0.2632433 -0.1266943 -0.00064739 -0.2633148 -0.1206779 -0.0003326644 -0.2633148 -0.126617 -0.001185471 -0.2632433 -0.1206007 -0.0008706464 -0.2632433 -0.1265398 -0.001723453 -0.2630335 -0.1205287 -0.001372004 -0.2630335 -0.1264678 -0.002224811 -0.2626997 -0.1204669 -0.001802489 -0.2626997 -0.1264059 -0.002655295 -0.2622648 -0.1204194 -0.002132801 -0.2622648 -0.1263585 -0.002985607 -0.2617583 -0.1203896 -0.002340471 -0.2617583 -0.1263287 -0.003193277 -0.2612148 -0.1203794 -0.002411344 -0.2612148 -0.1263185 -0.00326415 -0.2606713 -0.1203896 -0.002340471 -0.2606713 -0.1263287 -0.003193277 -0.2601648 -0.1204194 -0.002132801 -0.2601648 -0.1263585 -0.002985607 -0.2597299 -0.1204669 -0.001802489 -0.2597299 -0.1264059 -0.002655295 -0.2593962 -0.1205287 -0.001372004 -0.2593962 -0.1264678 -0.002224811 -0.2591864 -0.1206007 -0.0008706464 -0.2591864 -0.1265398 -0.001723453 -0.345 0.02795995 -0.01556404 -0.345 0.02702897 -0.01712997 -0.353 0.02886376 -0.01381593 -0.353 0.0256138 -0.01918154 -0.345 0.0256138 -0.01918154 -0.345 0.02137948 -0.02380997 -0.353 0.02137948 -0.02380997 -0.345 0.01632365 -0.02752338 -0.353 0.01632365 -0.02752338 -0.345 0.01064041 -0.03017913 -0.353 0.01064041 -0.03017913 -0.345 0.007141347 -0.03119296 -0.353 0.004548302 -0.03167512 -0.345 0.004548302 -0.03167512 -0.345 -0.001718605 -0.03195379 -0.353 -0.001718605 -0.03195379 -0.345 -0.007919495 -0.03100451 -0.353 -0.007919495 -0.03100451 -0.345 -0.01381593 -0.02886376 -0.353 -0.01381593 -0.02886376 -0.345 -0.01918154 -0.0256138 -0.353 -0.01918154 -0.0256138 -0.345 -0.02081321 -0.02430655 -0.345 -0.02111681 -0.02404333 -0.353 -0.02380997 -0.02137948 -0.345 -0.02245079 -0.02280264 -0.345 -0.02347424 -0.02174759 -0.345 -0.02352674 -0.02169088 -0.345 -0.02380997 -0.02137948 -0.345 -0.02752338 -0.01632365 -0.353 -0.02752338 -0.01632365 -0.345 -0.03017913 -0.01064041 -0.353 -0.03017913 -0.01064041 -0.345 -0.03167512 -0.004548302 -0.353 -0.03167512 -0.004548302 -0.345 -0.03195379 0.001718605 -0.353 -0.03195379 0.001718605 -0.345 -0.03100451 0.007919495 -0.353 -0.03100451 0.007919495 -0.345 -0.02886376 0.01381593 -0.353 -0.02886376 0.01381593 -0.345 -0.02867959 0.01419445 -0.345 -0.02791262 0.01564883 -0.353 -0.0256138 0.01918154 -0.345 -0.02692457 0.01729357 -0.345 -0.02681171 0.01746798 -0.345 -0.02619246 0.01838359 -0.345 -0.0256138 0.01918154 -0.345 -0.02137948 0.02380997 -0.353 -0.02137948 0.02380997 -0.345 -0.01632365 0.02752338 -0.353 -0.01632365 0.02752338 -0.345 -0.01064041 0.03017913 -0.353 -0.01064041 0.03017913 -0.345 -0.004548302 0.03167512 -0.353 -0.004548302 0.03167512 -0.345 -0.001924357 0.03194208 -0.353 0.001718605 0.03195379 -0.345 0.001718605 0.03195379 -0.345 0.007919495 0.03100451 -0.353 0.007919495 0.03100451 -0.345 0.01381593 0.02886376 -0.353 0.01381593 0.02886376 -0.345 0.01918154 0.0256138 -0.353 0.01918154 0.0256138 -0.345 0.01996135 0.02501092 -0.345 0.02097058 0.02417094 -0.345 0.02238152 0.02287068 -0.353 0.02380997 0.02137948 -0.345 0.02380997 0.02137948 -0.345 0.02752338 0.01632365 -0.353 0.02752338 0.01632365 -0.345 0.03017913 0.01064041 -0.353 0.03017913 0.01064041 -0.345 0.03167512 0.004548302 -0.353 0.03167512 0.004548302 -0.345 0.03195379 -0.001718605 -0.353 0.03195379 -0.001718605 -0.345 0.03100451 -0.007919495 -0.353 0.03100451 -0.007919495 -0.345 0.02886376 -0.01381593 -0.345 0.02864518 -0.01426365 -0.2632554 -0.06703045 -0.00457377 -0.2596261 -0.05911167 -0.003436695 -0.2596261 -0.07890861 -0.006279383 -0.2632053 -0.07890861 -0.006279383 -0.2632554 -0.07890861 -0.006279383 -0.305527 -0.1093628 -0.07913283 -0.305527 -0.0796674 -0.0748688 -0.305583 -0.1093021 -0.07955549 -0.305583 -0.07960671 -0.07529146 -0.305748 -0.1092456 -0.07994945 -0.305748 -0.07955014 -0.07568542 -0.30601 -0.109197 -0.08028768 -0.30601 -0.07950157 -0.07602365 -0.306352 -0.1091597 -0.08054722 -0.306352 -0.0794643 -0.07628319 -0.30675 -0.1091363 -0.08071045 -0.30675 -0.07944087 -0.07644642 -0.307177 -0.1091283 -0.08076608 -0.307177 -0.07943288 -0.07650204 -0.307604 -0.1091363 -0.08071045 -0.307604 -0.07944087 -0.07644642 -0.308002 -0.1091597 -0.08054722 -0.308002 -0.0794643 -0.07628319 -0.308343 -0.109197 -0.08028768 -0.308343 -0.07950157 -0.07602365 -0.308606 -0.1092456 -0.07994945 -0.308606 -0.07955014 -0.07568542 -0.308771 -0.1093021 -0.07955549 -0.308771 -0.07960671 -0.07529146 -0.308827 -0.1093628 -0.07913283 -0.308827 -0.0796674 -0.0748688 -0.308771 -0.1094235 -0.07871007 -0.308771 -0.07972811 -0.07444603 -0.308606 -0.1094801 -0.07831621 -0.308606 -0.07978466 -0.07405217 -0.308343 -0.1095286 -0.07797797 -0.308343 -0.07983323 -0.07371394 -0.308002 -0.1095659 -0.07771834 -0.308002 -0.07987051 -0.0734543 -0.307604 -0.1095894 -0.07755521 -0.307604 -0.07989393 -0.07329118 -0.307177 -0.1095973 -0.07749958 -0.307177 -0.07990192 -0.07323555 -0.30675 -0.1095894 -0.07755521 -0.30675 -0.07989393 -0.07329118 -0.306352 -0.1095659 -0.07771834 -0.306352 -0.07987051 -0.0734543 -0.30601 -0.1095286 -0.07797797 -0.30601 -0.07983323 -0.07371394 -0.305748 -0.1094801 -0.07831621 -0.305748 -0.07978466 -0.07405217 -0.305583 -0.1094235 -0.07871007 -0.305583 -0.07972811 -0.07444603 -0.32565 -0.08573107 0.04123329 -0.32565 -0.06593412 0.04407598 -0.325594 -0.08579177 0.04165605 -0.325594 -0.06599482 0.04449874 -0.325429 -0.08584833 0.04204991 -0.325429 -0.06605138 0.0448926 -0.325167 -0.08589689 0.04238815 -0.325167 -0.06609995 0.04523083 -0.324825 -0.08593416 0.04264768 -0.324825 -0.06613722 0.04549037 -0.324427 -0.0859576 0.04281091 -0.324427 -0.06616065 0.0456536 -0.324 -0.08596559 0.04286654 -0.324 -0.06616864 0.04570923 -0.323573 -0.0859576 0.04281091 -0.323573 -0.06616065 0.0456536 -0.323175 -0.08593416 0.04264768 -0.323175 -0.06613722 0.04549037 -0.322833 -0.08589689 0.04238815 -0.322833 -0.06609995 0.04523083 -0.322571 -0.08584833 0.04204991 -0.322571 -0.06605138 0.0448926 -0.322406 -0.08579177 0.04165605 -0.322406 -0.06599482 0.04449874 -0.32235 -0.08573107 0.04123329 -0.32235 -0.06593412 0.04407598 -0.322406 -0.08567036 0.04081053 -0.322406 -0.06587341 0.04365322 -0.322571 -0.08561381 0.04041667 -0.322571 -0.06581686 0.04325935 -0.322833 -0.08556524 0.04007844 -0.322833 -0.06576829 0.04292112 -0.323175 -0.08552797 0.0398189 -0.323175 -0.06573102 0.04266159 -0.323573 -0.08550453 0.03965567 -0.323573 -0.06570759 0.04249836 -0.324 -0.08549654 0.03960004 -0.324 -0.0656996 0.04244273 -0.324427 -0.08550453 0.03965567 -0.324427 -0.06570759 0.04249836 -0.324825 -0.08552797 0.0398189 -0.324825 -0.06573102 0.04266159 -0.325167 -0.08556524 0.04007844 -0.325167 -0.06576829 0.04292112 -0.325429 -0.08561381 0.04041667 -0.325429 -0.06581686 0.04325935 -0.325594 -0.08567036 0.04081053 -0.325594 -0.06587341 0.04365322 -0.305748 -0.07955014 -0.07568542 -0.305583 -0.07960671 -0.07529146 -0.307177 -0.0796674 -0.0748688 -0.305527 -0.0796674 -0.0748688 -0.305583 -0.07972811 -0.07444603 -0.30675 -0.07944087 -0.07644642 -0.306352 -0.0794643 -0.07628319 -0.30601 -0.07950157 -0.07602365 -0.308002 -0.0794643 -0.07628319 -0.307604 -0.07944087 -0.07644642 -0.307177 -0.07943288 -0.07650204 -0.308771 -0.07960671 -0.07529146 -0.308606 -0.07955014 -0.07568542 -0.308343 -0.07950157 -0.07602365 -0.308606 -0.07978466 -0.07405217 -0.308771 -0.07972811 -0.07444603 -0.308827 -0.0796674 -0.0748688 -0.307604 -0.07989393 -0.07329118 -0.308002 -0.07987051 -0.0734543 -0.308343 -0.07983323 -0.07371394 -0.306352 -0.07987051 -0.0734543 -0.30675 -0.07989393 -0.07329118 -0.307177 -0.07990192 -0.07323555 -0.305748 -0.07978466 -0.07405217 -0.30601 -0.07983323 -0.07371394 -0.353503 -0.1243812 0.02545751 -0.353503 -0.1303203 0.02460471 -0.353559 -0.1244419 0.02588028 -0.353559 -0.130381 0.02502747 -0.353724 -0.1244984 0.02627414 -0.353724 -0.1304375 0.02542133 -0.353986 -0.124547 0.02661237 -0.353986 -0.1304861 0.02575956 -0.354328 -0.1245843 0.0268719 -0.354328 -0.1305234 0.0260191 -0.354726 -0.1246077 0.02703513 -0.354726 -0.1305468 0.02618232 -0.355153 -0.1246157 0.02709076 -0.355153 -0.1305548 0.02623795 -0.35558 -0.1246077 0.02703513 -0.35558 -0.1305468 0.02618232 -0.355978 -0.1245843 0.0268719 -0.355978 -0.1305234 0.0260191 -0.356319 -0.124547 0.02661237 -0.356319 -0.1304861 0.02575956 -0.356582 -0.1244984 0.02627414 -0.356582 -0.1304375 0.02542133 -0.356746 -0.1244419 0.02588028 -0.356746 -0.130381 0.02502747 -0.356803 -0.1243812 0.02545751 -0.356803 -0.1303203 0.02460471 -0.356746 -0.1243205 0.02503475 -0.356746 -0.1302596 0.02418194 -0.356582 -0.1242639 0.02464089 -0.356582 -0.130203 0.02378808 -0.356319 -0.1242154 0.02430266 -0.356319 -0.1301544 0.02344985 -0.355978 -0.1241781 0.02404312 -0.355978 -0.1301172 0.02319031 -0.35558 -0.1241547 0.02387989 -0.35558 -0.1300937 0.02302709 -0.355153 -0.1241467 0.02382426 -0.355153 -0.1300857 0.02297146 -0.354726 -0.1241547 0.02387989 -0.354726 -0.1300937 0.02302709 -0.354328 -0.1241781 0.02404312 -0.354328 -0.1301172 0.02319031 -0.353986 -0.1242154 0.02430266 -0.353986 -0.1301544 0.02344985 -0.353724 -0.1242639 0.02464089 -0.353724 -0.130203 0.02378808 -0.353559 -0.1243205 0.02503475 -0.353559 -0.1302596 0.02418194 -0.276388 -0.1248195 0.0285102 -0.276388 -0.09512411 0.03277423 -0.276444 -0.1247588 0.02808754 -0.276444 -0.09506342 0.03235157 -0.276609 -0.1247023 0.02769358 -0.276609 -0.09500685 0.03195761 -0.276871 -0.1246537 0.02735535 -0.276871 -0.09495828 0.03161938 -0.277213 -0.1246164 0.02709581 -0.277213 -0.09492101 0.03135984 -0.277611 -0.124593 0.02693268 -0.277611 -0.09489759 0.03119671 -0.278038 -0.124585 0.02687695 -0.278038 -0.09488959 0.03114099 -0.278465 -0.124593 0.02693268 -0.278465 -0.09489759 0.03119671 -0.278863 -0.1246164 0.02709581 -0.278863 -0.09492101 0.03135984 -0.279205 -0.1246537 0.02735535 -0.279205 -0.09495828 0.03161938 -0.279467 -0.1247023 0.02769358 -0.279467 -0.09500685 0.03195761 -0.279632 -0.1247588 0.02808754 -0.279632 -0.09506342 0.03235157 -0.279688 -0.1248195 0.0285102 -0.279688 -0.09512411 0.03277423 -0.279632 -0.1248802 0.02893296 -0.279632 -0.09518481 0.033197 -0.279467 -0.1249368 0.02932683 -0.279467 -0.09524137 0.03359086 -0.279205 -0.1249854 0.02966515 -0.279205 -0.09528995 0.03392919 -0.278863 -0.1250226 0.02992469 -0.278863 -0.09532722 0.03418873 -0.278465 -0.1250461 0.03008782 -0.278465 -0.09535064 0.03435185 -0.278038 -0.1250541 0.03014345 -0.278038 -0.09535863 0.03440748 -0.277611 -0.1250461 0.03008782 -0.277611 -0.09535064 0.03435185 -0.277213 -0.1250226 0.02992469 -0.277213 -0.09532722 0.03418873 -0.276871 -0.1249854 0.02966515 -0.276871 -0.09528995 0.03392919 -0.276609 -0.1249368 0.02932683 -0.276609 -0.09524137 0.03359086 -0.276444 -0.1248802 0.02893296 -0.276444 -0.09518481 0.033197 -0.385135 -0.1206779 -0.0003326644 -0.385135 -0.0909825 0.003931369 -0.385191 -0.1206172 -0.0007553292 -0.385191 -0.0909218 0.003508704 -0.385356 -0.1205607 -0.001149288 -0.385356 -0.09086523 0.003114744 -0.385618 -0.1205121 -0.001487519 -0.385618 -0.09081667 0.002776514 -0.38596 -0.1204748 -0.001747057 -0.38596 -0.0907794 0.002516976 -0.386358 -0.1204514 -0.001910184 -0.386358 -0.09075598 0.002353849 -0.386785 -0.1204434 -0.001965913 -0.386785 -0.09074797 0.00229812 -0.387212 -0.1204514 -0.001910184 -0.387212 -0.09075598 0.002353849 -0.38761 -0.1204748 -0.001747057 -0.38761 -0.0907794 0.002516976 -0.387952 -0.1205121 -0.001487519 -0.387952 -0.09081667 0.002776514 -0.388214 -0.1205607 -0.001149288 -0.388214 -0.09086523 0.003114744 -0.388379 -0.1206172 -0.0007553292 -0.388379 -0.0909218 0.003508704 -0.388435 -0.1206779 -0.0003326644 -0.388435 -0.0909825 0.003931369 -0.388379 -0.1207386 9.00994e-05 -0.388379 -0.0910432 0.004354132 -0.388214 -0.1207952 0.0004839597 -0.388214 -0.09109976 0.004747993 -0.387952 -0.1208438 0.0008222895 -0.387952 -0.09114834 0.005086322 -0.38761 -0.120881 0.001081827 -0.38761 -0.09118561 0.00534586 -0.387212 -0.1209044 0.001244954 -0.387212 -0.09120903 0.005508987 -0.386785 -0.1209124 0.001300584 -0.386785 -0.09121702 0.005564617 -0.386358 -0.1209044 0.001244954 -0.386358 -0.09120903 0.005508987 -0.38596 -0.120881 0.001081827 -0.38596 -0.09118561 0.00534586 -0.385618 -0.1208438 0.0008222895 -0.385618 -0.09114834 0.005086322 -0.385356 -0.1207952 0.0004839597 -0.385356 -0.09109976 0.004747993 -0.385191 -0.1207386 9.00994e-05 -0.385191 -0.0910432 0.004354132 -0.385356 -0.09086523 0.003114744 -0.385191 -0.0909218 0.003508704 -0.386785 -0.0909825 0.003931369 -0.385135 -0.0909825 0.003931369 -0.385191 -0.0910432 0.004354132 -0.386358 -0.09075598 0.002353849 -0.38596 -0.0907794 0.002516976 -0.385618 -0.09081667 0.002776514 -0.38761 -0.0907794 0.002516976 -0.387212 -0.09075598 0.002353849 -0.386785 -0.09074797 0.00229812 -0.388379 -0.0909218 0.003508704 -0.388214 -0.09086523 0.003114744 -0.387952 -0.09081667 0.002776514 -0.388214 -0.09109976 0.004747993 -0.388379 -0.0910432 0.004354132 -0.388435 -0.0909825 0.003931369 -0.387212 -0.09120903 0.005508987 -0.38761 -0.09118561 0.00534586 -0.387952 -0.09114834 0.005086322 -0.38596 -0.09118561 0.00534586 -0.386358 -0.09120903 0.005508987 -0.386785 -0.09121702 0.005564617 -0.385356 -0.09109976 0.004747993 -0.385618 -0.09114834 0.005086322 -0.279467 -0.1249368 0.02932683 -0.279857 -0.1249688 0.02954954 -0.279632 -0.1248802 0.02893296 -0.280066 -0.1248968 0.02904828 -0.279688 -0.1248195 0.0285102 -0.280138 -0.1248195 0.0285102 -0.279632 -0.1247588 0.02808754 -0.280066 -0.1247423 0.02797222 -0.279467 -0.1247023 0.02769358 -0.279857 -0.1246703 0.02747086 -0.279205 -0.1246537 0.02735535 -0.279523 -0.1246085 0.02704038 -0.278863 -0.1246164 0.02709581 -0.279088 -0.124561 0.02671006 -0.278465 -0.124593 0.02693268 -0.278582 -0.1245312 0.02650239 -0.278038 -0.124585 0.02687695 -0.278038 -0.124521 0.02643152 -0.277611 -0.124593 0.02693268 -0.277495 -0.1245312 0.02650239 -0.277213 -0.1246164 0.02709581 -0.276988 -0.124561 0.02671006 -0.276871 -0.1246537 0.02735535 -0.276553 -0.1246085 0.02704038 -0.276609 -0.1247023 0.02769358 -0.276219 -0.1246703 0.02747086 -0.276444 -0.1247588 0.02808754 -0.27601 -0.1247423 0.02797222 -0.276388 -0.1248195 0.0285102 -0.275938 -0.1248195 0.0285102 -0.276444 -0.1248802 0.02893296 -0.27601 -0.1248968 0.02904828 -0.276609 -0.1249368 0.02932683 -0.276219 -0.1249688 0.02954954 -0.276871 -0.1249854 0.02966515 -0.276553 -0.1250306 0.02998012 -0.277213 -0.1250226 0.02992469 -0.276988 -0.125078 0.03031044 -0.277611 -0.1250461 0.03008782 -0.277495 -0.1251078 0.03051811 -0.278038 -0.1250541 0.03014345 -0.278038 -0.125118 0.03058888 -0.278465 -0.1250461 0.03008782 -0.278582 -0.1251078 0.03051811 -0.278863 -0.1250226 0.02992469 -0.279088 -0.125078 0.03031044 -0.279205 -0.1249854 0.02966515 -0.279523 -0.1250306 0.02998012 -0.368533 -0.09500685 0.03195761 -0.368368 -0.09506342 0.03235157 -0.369962 -0.09512411 0.03277423 -0.368312 -0.09512411 0.03277423 -0.368368 -0.09518481 0.033197 -0.369535 -0.09489759 0.03119671 -0.369137 -0.09492101 0.03135984 -0.368795 -0.09495828 0.03161938 -0.370787 -0.09492101 0.03135984 -0.370389 -0.09489759 0.03119671 -0.369962 -0.09488959 0.03114099 -0.371556 -0.09506342 0.03235157 -0.371391 -0.09500685 0.03195761 -0.371129 -0.09495828 0.03161938 -0.371391 -0.09524137 0.03359086 -0.371556 -0.09518481 0.033197 -0.371612 -0.09512411 0.03277423 -0.370389 -0.09535064 0.03435185 -0.370787 -0.09532722 0.03418873 -0.371129 -0.09528995 0.03392919 -0.369137 -0.09532722 0.03418873 -0.369535 -0.09535064 0.03435185 -0.369962 -0.09535863 0.03440748 -0.368533 -0.09524137 0.03359086 -0.368795 -0.09528995 0.03392919 -0.369137 -0.1119571 -0.06106594 -0.368912 -0.1120125 -0.06068019 -0.369535 -0.1119805 -0.06090281 -0.369418 -0.1120423 -0.06047252 -0.369962 -0.1119885 -0.06084708 -0.369962 -0.1120525 -0.06040165 -0.370389 -0.1119805 -0.06090281 -0.370505 -0.1120423 -0.06047252 -0.370787 -0.1119571 -0.06106594 -0.371012 -0.1120125 -0.06068019 -0.371129 -0.1119198 -0.06132548 -0.371447 -0.111965 -0.06101051 -0.371391 -0.1118713 -0.06166371 -0.371781 -0.1119032 -0.06144099 -0.371556 -0.1118147 -0.06205767 -0.37199 -0.1118312 -0.06194235 -0.371612 -0.111754 -0.06248033 -0.372062 -0.111754 -0.06248033 -0.371556 -0.1116933 -0.06290309 -0.37199 -0.1116767 -0.06301841 -0.371391 -0.1116367 -0.06329695 -0.371781 -0.1116048 -0.06351967 -0.371129 -0.1115881 -0.06363528 -0.371447 -0.1115429 -0.06395025 -0.370787 -0.1115509 -0.06389482 -0.371012 -0.1114955 -0.06428057 -0.370389 -0.1115275 -0.06405795 -0.370505 -0.1114657 -0.06448824 -0.369962 -0.1115195 -0.06411358 -0.369962 -0.1114555 -0.06455901 -0.369535 -0.1115275 -0.06405795 -0.369418 -0.1114657 -0.06448824 -0.369137 -0.1115509 -0.06389482 -0.368912 -0.1114955 -0.06428057 -0.368795 -0.1115881 -0.06363528 -0.368477 -0.1115429 -0.06395025 -0.368533 -0.1116367 -0.06329695 -0.368143 -0.1116048 -0.06351967 -0.368368 -0.1116933 -0.06290309 -0.367934 -0.1116767 -0.06301841 -0.368312 -0.111754 -0.06248033 -0.367862 -0.111754 -0.06248033 -0.368368 -0.1118147 -0.06205767 -0.367934 -0.1118312 -0.06194235 -0.368533 -0.1118713 -0.06166371 -0.368143 -0.1119032 -0.06144099 -0.368795 -0.1119198 -0.06132548 -0.368477 -0.111965 -0.06101051 -0.2597859 -0.09086523 0.003114744 -0.259621 -0.0909218 0.003508704 -0.2612148 -0.0909825 0.003931369 -0.2595648 -0.0909825 0.003931369 -0.259621 -0.0910432 0.004354132 -0.2607878 -0.09075598 0.002353849 -0.2603898 -0.0907794 0.002516976 -0.2600481 -0.09081667 0.002776514 -0.2620398 -0.0907794 0.002516976 -0.2616419 -0.09075598 0.002353849 -0.2612148 -0.09074797 0.00229812 -0.2628086 -0.0909218 0.003508704 -0.2626438 -0.09086523 0.003114744 -0.2623815 -0.09081667 0.002776514 -0.2626438 -0.09109976 0.004747993 -0.2628086 -0.0910432 0.004354132 -0.2628648 -0.0909825 0.003931369 -0.2616419 -0.09120903 0.005508987 -0.2620398 -0.09118561 0.00534586 -0.2623815 -0.09114834 0.005086322 -0.2603898 -0.09118561 0.00534586 -0.2607878 -0.09120903 0.005508987 -0.2612148 -0.09121702 0.005564617 -0.2597859 -0.09109976 0.004747993 -0.2600481 -0.09114834 0.005086322 -0.271944 -0.1206146 -0.0007734434 -0.271944 -0.1265537 -0.00162625 -0.272 -0.1206753 -0.0003506796 -0.272 -0.1266144 -0.001203486 -0.272165 -0.1207319 4.318064e-05 -0.272165 -0.126671 -0.000809626 -0.272427 -0.1207805 0.0003814115 -0.272427 -0.1267195 -0.0004713951 -0.272769 -0.1208177 0.0006409495 -0.272769 -0.1267568 -0.0002118571 -0.273167 -0.1208412 0.0008041753 -0.273167 -0.1267802 -4.86313e-05 -0.273594 -0.1208491 0.0008598047 -0.273594 -0.1267882 6.998125e-06 -0.274021 -0.1208412 0.0008041753 -0.274021 -0.1267802 -4.86313e-05 -0.274419 -0.1208177 0.0006409495 -0.274419 -0.1267568 -0.0002118571 -0.274761 -0.1207805 0.0003814115 -0.274761 -0.1267195 -0.0004713951 -0.275023 -0.1207319 4.318064e-05 -0.275023 -0.126671 -0.000809626 -0.275188 -0.1206753 -0.0003506796 -0.275188 -0.1266144 -0.001203486 -0.275244 -0.1206146 -0.0007734434 -0.275244 -0.1265537 -0.00162625 -0.275188 -0.1205539 -0.001196207 -0.275188 -0.126493 -0.002049014 -0.275023 -0.1204974 -0.001590068 -0.275023 -0.1264364 -0.002442874 -0.274761 -0.1204488 -0.001928298 -0.274761 -0.1263879 -0.002781105 -0.274419 -0.1204115 -0.002187836 -0.274419 -0.1263506 -0.003040643 -0.274021 -0.1203881 -0.002351062 -0.274021 -0.1263272 -0.003203869 -0.273594 -0.1203801 -0.002406692 -0.273594 -0.1263192 -0.003259498 -0.273167 -0.1203881 -0.002351062 -0.273167 -0.1263272 -0.003203869 -0.272769 -0.1204115 -0.002187836 -0.272769 -0.1263506 -0.003040643 -0.272427 -0.1204488 -0.001928298 -0.272427 -0.1263879 -0.002781105 -0.272165 -0.1204974 -0.001590068 -0.272165 -0.1264364 -0.002442874 -0.272 -0.1205539 -0.001196207 -0.272 -0.126493 -0.002049014 -0.294497 -0.1303203 0.02460471 -0.294497 -0.1243812 0.02545751 -0.294441 -0.130381 0.02502747 -0.294441 -0.1244419 0.02588028 -0.294276 -0.1304375 0.02542133 -0.294276 -0.1244984 0.02627414 -0.294014 -0.1304861 0.02575956 -0.294014 -0.124547 0.02661237 -0.293672 -0.1305234 0.0260191 -0.293672 -0.1245843 0.0268719 -0.293274 -0.1305468 0.02618232 -0.293274 -0.1246077 0.02703513 -0.292847 -0.1305548 0.02623795 -0.292847 -0.1246157 0.02709076 -0.29242 -0.1305468 0.02618232 -0.29242 -0.1246077 0.02703513 -0.292022 -0.1305234 0.0260191 -0.292022 -0.1245843 0.0268719 -0.291681 -0.1304861 0.02575956 -0.291681 -0.124547 0.02661237 -0.291418 -0.1304375 0.02542133 -0.291418 -0.1244984 0.02627414 -0.291254 -0.130381 0.02502747 -0.291254 -0.1244419 0.02588028 -0.291197 -0.1303203 0.02460471 -0.291197 -0.1243812 0.02545751 -0.291254 -0.1302596 0.02418194 -0.291254 -0.1243205 0.02503475 -0.291418 -0.130203 0.02378808 -0.291418 -0.1242639 0.02464089 -0.291681 -0.1301544 0.02344985 -0.291681 -0.1242154 0.02430266 -0.292022 -0.1301172 0.02319031 -0.292022 -0.1241781 0.02404312 -0.29242 -0.1300937 0.02302709 -0.29242 -0.1241547 0.02387989 -0.292847 -0.1300857 0.02297146 -0.292847 -0.1241467 0.02382426 -0.293274 -0.1300937 0.02302709 -0.293274 -0.1241547 0.02387989 -0.293672 -0.1301172 0.02319031 -0.293672 -0.1241781 0.02404312 -0.294014 -0.1301544 0.02344985 -0.294014 -0.1242154 0.02430266 -0.294276 -0.130203 0.02378808 -0.294276 -0.1242639 0.02464089 -0.294441 -0.1302596 0.02418194 -0.294441 -0.1243205 0.02503475 -0.339173 -0.1093628 -0.07913283 -0.339173 -0.0796674 -0.0748688 -0.339229 -0.1093021 -0.07955549 -0.339229 -0.07960671 -0.07529146 -0.339394 -0.1092456 -0.07994945 -0.339394 -0.07955014 -0.07568542 -0.339657 -0.109197 -0.08028768 -0.339657 -0.07950157 -0.07602365 -0.339998 -0.1091597 -0.08054722 -0.339998 -0.0794643 -0.07628319 -0.340396 -0.1091363 -0.08071045 -0.340396 -0.07944087 -0.07644642 -0.340823 -0.1091283 -0.08076608 -0.340823 -0.07943288 -0.07650204 -0.34125 -0.1091363 -0.08071045 -0.34125 -0.07944087 -0.07644642 -0.341648 -0.1091597 -0.08054722 -0.341648 -0.0794643 -0.07628319 -0.34199 -0.109197 -0.08028768 -0.34199 -0.07950157 -0.07602365 -0.342252 -0.1092456 -0.07994945 -0.342252 -0.07955014 -0.07568542 -0.342417 -0.1093021 -0.07955549 -0.342417 -0.07960671 -0.07529146 -0.342473 -0.1093628 -0.07913283 -0.342473 -0.0796674 -0.0748688 -0.342417 -0.1094235 -0.07871007 -0.342417 -0.07972811 -0.07444603 -0.342252 -0.1094801 -0.07831621 -0.342252 -0.07978466 -0.07405217 -0.34199 -0.1095286 -0.07797797 -0.34199 -0.07983323 -0.07371394 -0.341648 -0.1095659 -0.07771834 -0.341648 -0.07987051 -0.0734543 -0.34125 -0.1095894 -0.07755521 -0.34125 -0.07989393 -0.07329118 -0.340823 -0.1095973 -0.07749958 -0.340823 -0.07990192 -0.07323555 -0.340396 -0.1095894 -0.07755521 -0.340396 -0.07989393 -0.07329118 -0.339998 -0.1095659 -0.07771834 -0.339998 -0.07987051 -0.0734543 -0.339657 -0.1095286 -0.07797797 -0.339657 -0.07983323 -0.07371394 -0.339394 -0.1094801 -0.07831621 -0.339394 -0.07978466 -0.07405217 -0.339229 -0.1094235 -0.07871007 -0.339229 -0.07972811 -0.07444603 -0.276609 -0.08194131 -0.05903292 -0.276444 -0.08199786 -0.05863906 -0.278038 -0.08205857 -0.0582163 -0.276388 -0.08205857 -0.0582163 -0.276444 -0.08211926 -0.05779363 -0.277611 -0.08183204 -0.05979392 -0.277213 -0.08185546 -0.05963079 -0.276871 -0.08189273 -0.05937125 -0.278863 -0.08185546 -0.05963079 -0.278465 -0.08183204 -0.05979392 -0.278038 -0.08182405 -0.05984955 -0.279632 -0.08199786 -0.05863906 -0.279467 -0.08194131 -0.05903292 -0.279205 -0.08189273 -0.05937125 -0.279467 -0.08217583 -0.05739967 -0.279632 -0.08211926 -0.05779363 -0.279688 -0.08205857 -0.0582163 -0.278465 -0.08228509 -0.05663878 -0.278863 -0.08226167 -0.0568019 -0.279205 -0.0822244 -0.05706144 -0.277213 -0.08226167 -0.0568019 -0.277611 -0.08228509 -0.05663878 -0.278038 -0.08229309 -0.05658305 -0.276609 -0.08217583 -0.05739967 -0.276871 -0.0822244 -0.05706144 -0.385135 -0.1158956 -0.03363746 -0.385135 -0.08620018 -0.02937343 -0.385191 -0.1158349 -0.03406023 -0.385191 -0.08613948 -0.0297962 -0.385356 -0.1157783 -0.03445409 -0.385356 -0.08608292 -0.03019006 -0.385618 -0.1157298 -0.03479242 -0.385618 -0.08603434 -0.03052839 -0.38596 -0.1156925 -0.03505196 -0.38596 -0.08599707 -0.03078792 -0.386358 -0.1156691 -0.03521508 -0.386358 -0.08597365 -0.03095105 -0.386785 -0.1156611 -0.03527071 -0.386785 -0.08596566 -0.03100668 -0.387212 -0.1156691 -0.03521508 -0.387212 -0.08597365 -0.03095105 -0.38761 -0.1156925 -0.03505196 -0.38761 -0.08599707 -0.03078792 -0.387952 -0.1157298 -0.03479242 -0.387952 -0.08603434 -0.03052839 -0.388214 -0.1157783 -0.03445409 -0.388214 -0.08608292 -0.03019006 -0.388379 -0.1158349 -0.03406023 -0.388379 -0.08613948 -0.0297962 -0.388435 -0.1158956 -0.03363746 -0.388435 -0.08620018 -0.02937343 -0.388379 -0.1159563 -0.0332148 -0.388379 -0.08626087 -0.02895077 -0.388214 -0.1160129 -0.03282084 -0.388214 -0.08631744 -0.02855681 -0.387952 -0.1160614 -0.03248261 -0.387952 -0.08636601 -0.02821858 -0.38761 -0.1160987 -0.03222307 -0.38761 -0.08640328 -0.02795904 -0.387212 -0.1161221 -0.03205994 -0.387212 -0.0864267 -0.02779591 -0.386785 -0.1161301 -0.03200422 -0.386785 -0.0864347 -0.02774018 -0.386358 -0.1161221 -0.03205994 -0.386358 -0.0864267 -0.02779591 -0.38596 -0.1160987 -0.03222307 -0.38596 -0.08640328 -0.02795904 -0.385618 -0.1160614 -0.03248261 -0.385618 -0.08636601 -0.02821858 -0.385356 -0.1160129 -0.03282084 -0.385356 -0.08631744 -0.02855681 -0.385191 -0.1159563 -0.0332148 -0.385191 -0.08626087 -0.02895077 -0.339173 -0.1272107 0.0451627 -0.339173 -0.09751528 0.04942673 -0.339229 -0.12715 0.04473994 -0.339229 -0.09745457 0.04900397 -0.339394 -0.1270934 0.04434608 -0.339394 -0.09739802 0.04861011 -0.339657 -0.1270449 0.04400785 -0.339657 -0.09734945 0.04827188 -0.339998 -0.1270076 0.04374821 -0.339998 -0.09731217 0.04801224 -0.340396 -0.1269842 0.04358508 -0.340396 -0.09728874 0.04784911 -0.340823 -0.1269762 0.04352945 -0.340823 -0.09728076 0.04779348 -0.34125 -0.1269842 0.04358508 -0.34125 -0.09728874 0.04784911 -0.341648 -0.1270076 0.04374821 -0.341648 -0.09731217 0.04801224 -0.34199 -0.1270449 0.04400785 -0.34199 -0.09734945 0.04827188 -0.342252 -0.1270934 0.04434608 -0.342252 -0.09739802 0.04861011 -0.342417 -0.12715 0.04473994 -0.342417 -0.09745457 0.04900397 -0.342473 -0.1272107 0.0451627 -0.342473 -0.09751528 0.04942673 -0.342417 -0.1272714 0.04558536 -0.342417 -0.09757597 0.0498494 -0.342252 -0.127328 0.04597932 -0.342252 -0.09763254 0.05024336 -0.34199 -0.1273765 0.04631756 -0.34199 -0.09768111 0.05058159 -0.341648 -0.1274138 0.04657709 -0.341648 -0.09771837 0.05084113 -0.34125 -0.1274372 0.04674032 -0.34125 -0.09774181 0.05100435 -0.340823 -0.1274452 0.04679595 -0.340823 -0.0977498 0.05105998 -0.340396 -0.1274372 0.04674032 -0.340396 -0.09774181 0.05100435 -0.339998 -0.1274138 0.04657709 -0.339998 -0.09771837 0.05084113 -0.339657 -0.1273765 0.04631756 -0.339657 -0.09768111 0.05058159 -0.339394 -0.127328 0.04597932 -0.339394 -0.09763254 0.05024336 -0.339229 -0.1272714 0.04558536 -0.339229 -0.09757597 0.0498494 -0.33874 -0.1306738 0.02706695 -0.335656 -0.124861 0.02879934 -0.331462 -0.1309222 0.02879651 -0.331462 -0.1249831 0.02964932 -0.324 -0.1310057 0.02937785 -0.324 -0.1250666 0.03023065 -0.316538 -0.1309222 0.02879651 -0.316538 -0.1249831 0.02964932 -0.30926 -0.1306738 0.02706695 -0.33874 -0.1177779 -0.06274269 -0.3396 -0.1118798 -0.06160422 -0.345655 -0.118185 -0.05990737 -0.345655 -0.1122459 -0.05905457 -0.352037 -0.1187409 -0.05603618 -0.352037 -0.1128018 -0.05518337 -0.357729 -0.1194318 -0.05122443 -0.357729 -0.1134927 -0.05037163 -0.36259 -0.1202408 -0.04559062 -0.36259 -0.1143017 -0.04473781 -0.366501 -0.1211479 -0.03927331 -0.366501 -0.1152088 -0.03842051 -0.369365 -0.1221308 -0.03242832 -0.369365 -0.1161917 -0.03157551 -0.371113 -0.1231652 -0.02522403 -0.371113 -0.1172262 -0.02437123 -0.3717 -0.1242258 -0.01783787 -0.3717 -0.1182868 -0.01698506 -0.371113 -0.1252864 -0.01045171 -0.371113 -0.1193474 -0.009598903 -0.369365 -0.1263209 -0.003247422 -0.369365 -0.1203818 -0.002394615 -0.366501 -0.1273038 0.00359757 -0.366501 -0.1213647 0.004450377 -0.36259 -0.1282109 0.009914875 -0.36259 -0.1222718 0.01076768 -0.357729 -0.1290199 0.01554869 -0.357729 -0.1230808 0.0164015 -0.352037 -0.1297108 0.02036044 -0.352037 -0.1237717 0.02121324 -0.345655 -0.1302667 0.02423163 -0.345655 -0.1243276 0.02508444 -0.33874 -0.1247347 0.02791976 -0.30926 -0.1177779 -0.06274269 -0.312344 -0.1117125 -0.06276946 -0.316538 -0.1175295 -0.06447225 -0.316538 -0.1115904 -0.06361945 -0.324 -0.117446 -0.06505359 -0.324 -0.1115069 -0.06420078 -0.331462 -0.1175295 -0.06447225 -0.331462 -0.1115904 -0.06361945 -0.33874 -0.1118388 -0.06188989 -0.30926 -0.1247347 0.02791976 -0.3084 -0.1246937 0.02763409 -0.302345 -0.1302667 0.02423163 -0.302345 -0.1243276 0.02508444 -0.295963 -0.1297108 0.02036044 -0.295963 -0.1237717 0.02121324 -0.290271 -0.1290199 0.01554869 -0.290271 -0.1230808 0.0164015 -0.28541 -0.1282109 0.009914875 -0.28541 -0.1222718 0.01076768 -0.281499 -0.1273038 0.00359757 -0.281499 -0.1213647 0.004450377 -0.278635 -0.1263209 -0.003247422 -0.278635 -0.1203818 -0.002394615 -0.276887 -0.1252864 -0.01045171 -0.276887 -0.1193474 -0.009598903 -0.2763 -0.1242258 -0.01783787 -0.2763 -0.1182868 -0.01698506 -0.276887 -0.1231652 -0.02522403 -0.276887 -0.1172262 -0.02437123 -0.278635 -0.1221308 -0.03242832 -0.278635 -0.1161917 -0.03157551 -0.281499 -0.1211479 -0.03927331 -0.281499 -0.1152088 -0.03842051 -0.28541 -0.1202408 -0.04559062 -0.28541 -0.1143017 -0.04473781 -0.290271 -0.1194318 -0.05122443 -0.290271 -0.1134927 -0.05037163 -0.295963 -0.1187409 -0.05603618 -0.295963 -0.1128018 -0.05518337 -0.302345 -0.118185 -0.05990737 -0.302345 -0.1122459 -0.05905457 -0.30926 -0.1118388 -0.06188989 -0.368533 -0.08194131 -0.05903292 -0.368368 -0.08199786 -0.05863906 -0.369962 -0.08205857 -0.0582163 -0.368312 -0.08205857 -0.0582163 -0.368368 -0.08211926 -0.05779363 -0.369535 -0.08183204 -0.05979392 -0.369137 -0.08185546 -0.05963079 -0.368795 -0.08189273 -0.05937125 -0.370787 -0.08185546 -0.05963079 -0.370389 -0.08183204 -0.05979392 -0.369962 -0.08182405 -0.05984955 -0.371556 -0.08199786 -0.05863906 -0.371391 -0.08194131 -0.05903292 -0.371129 -0.08189273 -0.05937125 -0.371391 -0.08217583 -0.05739967 -0.371556 -0.08211926 -0.05779363 -0.371612 -0.08205857 -0.0582163 -0.370389 -0.08228509 -0.05663878 -0.370787 -0.08226167 -0.0568019 -0.371129 -0.0822244 -0.05706144 -0.369137 -0.08226167 -0.0568019 -0.369535 -0.08228509 -0.05663878 -0.369962 -0.08229309 -0.05658305 -0.368533 -0.08217583 -0.05739967 -0.368795 -0.0822244 -0.05706144 -0.339394 -0.09739802 0.04861011 -0.339229 -0.09745457 0.04900397 -0.340823 -0.09751528 0.04942673 -0.339173 -0.09751528 0.04942673 -0.339229 -0.09757597 0.0498494 -0.340396 -0.09728874 0.04784911 -0.339998 -0.09731217 0.04801224 -0.339657 -0.09734945 0.04827188 -0.341648 -0.09731217 0.04801224 -0.34125 -0.09728874 0.04784911 -0.340823 -0.09728076 0.04779348 -0.342417 -0.09745457 0.04900397 -0.342252 -0.09739802 0.04861011 -0.34199 -0.09734945 0.04827188 -0.342252 -0.09763254 0.05024336 -0.342417 -0.09757597 0.0498494 -0.342473 -0.09751528 0.04942673 -0.34125 -0.09774181 0.05100435 -0.341648 -0.09771837 0.05084113 -0.34199 -0.09768111 0.05058159 -0.339998 -0.09771837 0.05084113 -0.340396 -0.09774181 0.05100435 -0.340823 -0.0977498 0.05105998 -0.339394 -0.09763254 0.05024336 -0.339657 -0.09768111 0.05058159 -0.368312 -0.111754 -0.06248033 -0.368312 -0.08205857 -0.0582163 -0.368368 -0.1116933 -0.06290309 -0.368368 -0.08199786 -0.05863906 -0.368533 -0.1116367 -0.06329695 -0.368533 -0.08194131 -0.05903292 -0.368795 -0.1115881 -0.06363528 -0.368795 -0.08189273 -0.05937125 -0.369137 -0.1115509 -0.06389482 -0.369137 -0.08185546 -0.05963079 -0.369535 -0.1115275 -0.06405795 -0.369535 -0.08183204 -0.05979392 -0.369962 -0.1115195 -0.06411358 -0.369962 -0.08182405 -0.05984955 -0.370389 -0.1115275 -0.06405795 -0.370389 -0.08183204 -0.05979392 -0.370787 -0.1115509 -0.06389482 -0.370787 -0.08185546 -0.05963079 -0.371129 -0.1115881 -0.06363528 -0.371129 -0.08189273 -0.05937125 -0.371391 -0.1116367 -0.06329695 -0.371391 -0.08194131 -0.05903292 -0.371556 -0.1116933 -0.06290309 -0.371556 -0.08199786 -0.05863906 -0.371612 -0.111754 -0.06248033 -0.371612 -0.08205857 -0.0582163 -0.371556 -0.1118147 -0.06205767 -0.371556 -0.08211926 -0.05779363 -0.371391 -0.1118713 -0.06166371 -0.371391 -0.08217583 -0.05739967 -0.371129 -0.1119198 -0.06132548 -0.371129 -0.0822244 -0.05706144 -0.370787 -0.1119571 -0.06106594 -0.370787 -0.08226167 -0.0568019 -0.370389 -0.1119805 -0.06090281 -0.370389 -0.08228509 -0.05663878 -0.369962 -0.1119885 -0.06084708 -0.369962 -0.08229309 -0.05658305 -0.369535 -0.1119805 -0.06090281 -0.369535 -0.08228509 -0.05663878 -0.369137 -0.1119571 -0.06106594 -0.369137 -0.08226167 -0.0568019 -0.368795 -0.1119198 -0.06132548 -0.368795 -0.0822244 -0.05706144 -0.368533 -0.1118713 -0.06166371 -0.368533 -0.08217583 -0.05739967 -0.368368 -0.1118147 -0.06205767 -0.368368 -0.08211926 -0.05779363 -0.3735 -0.05840099 -0.008385931 -0.3735 -0.07819794 -0.01122862 -0.373229 -0.05766557 -0.01350756 -0.373229 -0.07746252 -0.01635025 -0.275938 -0.111754 -0.06248033 -0.275938 -0.1176931 -0.06333314 -0.27601 -0.1118312 -0.06194235 -0.27601 -0.1177703 -0.06279515 -0.276219 -0.1119032 -0.06144099 -0.276219 -0.1178423 -0.0622938 -0.276553 -0.111965 -0.06101051 -0.276553 -0.1179041 -0.06186331 -0.276988 -0.1120125 -0.06068019 -0.276988 -0.1179516 -0.061533 -0.277495 -0.1120423 -0.06047252 -0.277495 -0.1179814 -0.06132533 -0.278038 -0.1120525 -0.06040165 -0.278038 -0.1179916 -0.06125446 -0.278582 -0.1120423 -0.06047252 -0.278582 -0.1179814 -0.06132533 -0.279088 -0.1120125 -0.06068019 -0.279088 -0.1179516 -0.061533 -0.279523 -0.111965 -0.06101051 -0.279523 -0.1179041 -0.06186331 -0.279857 -0.1119032 -0.06144099 -0.279857 -0.1178423 -0.0622938 -0.280066 -0.1118312 -0.06194235 -0.280066 -0.1177703 -0.06279515 -0.280138 -0.111754 -0.06248033 -0.280138 -0.1176931 -0.06333314 -0.280066 -0.1116767 -0.06301841 -0.280066 -0.1176158 -0.06387122 -0.279857 -0.1116048 -0.06351967 -0.279857 -0.1175438 -0.06437248 -0.279523 -0.1115429 -0.06395025 -0.279523 -0.117482 -0.06480306 -0.279088 -0.1114955 -0.06428057 -0.279088 -0.1174346 -0.06513337 -0.278582 -0.1114657 -0.06448824 -0.278582 -0.1174048 -0.06534104 -0.278038 -0.1114555 -0.06455901 -0.278038 -0.1173946 -0.06541182 -0.277495 -0.1114657 -0.06448824 -0.277495 -0.1174048 -0.06534104 -0.276988 -0.1114955 -0.06428057 -0.276988 -0.1174346 -0.06513337 -0.276553 -0.1115429 -0.06395025 -0.276553 -0.117482 -0.06480306 -0.276219 -0.1116048 -0.06351967 -0.276219 -0.1175438 -0.06437248 -0.27601 -0.1116767 -0.06301841 -0.27601 -0.1176158 -0.06387122 -0.294497 -0.08429237 0.03121396 -0.294497 -0.06449542 0.03405664 -0.294441 -0.08435307 0.03163672 -0.294441 -0.06455613 0.03447941 -0.294276 -0.08440963 0.03203058 -0.294276 -0.06461268 0.03487327 -0.294014 -0.0844582 0.03236881 -0.294014 -0.06466125 0.0352115 -0.293672 -0.08449546 0.03262835 -0.293672 -0.06469852 0.03547104 -0.293274 -0.0845189 0.03279157 -0.293274 -0.06472195 0.03563426 -0.292847 -0.08452689 0.0328472 -0.292847 -0.06472994 0.03568989 -0.29242 -0.0845189 0.03279157 -0.29242 -0.06472195 0.03563426 -0.292022 -0.08449546 0.03262835 -0.292022 -0.06469852 0.03547104 -0.291681 -0.0844582 0.03236881 -0.291681 -0.06466125 0.0352115 -0.291418 -0.08440963 0.03203058 -0.291418 -0.06461268 0.03487327 -0.291254 -0.08435307 0.03163672 -0.291254 -0.06455613 0.03447941 -0.291197 -0.08429237 0.03121396 -0.291197 -0.06449542 0.03405664 -0.291254 -0.08423166 0.03079119 -0.291254 -0.06443471 0.03363388 -0.291418 -0.08417511 0.03039733 -0.291418 -0.06437816 0.03324002 -0.291681 -0.08412654 0.0300591 -0.291681 -0.06432959 0.03290179 -0.292022 -0.08408927 0.02979956 -0.292022 -0.06429232 0.03264225 -0.29242 -0.08406583 0.02963634 -0.29242 -0.06426889 0.03247903 -0.292847 -0.08405785 0.02958071 -0.292847 -0.0642609 0.0324234 -0.293274 -0.08406583 0.02963634 -0.293274 -0.06426889 0.03247903 -0.293672 -0.08408927 0.02979956 -0.293672 -0.06429232 0.03264225 -0.294014 -0.08412654 0.0300591 -0.294014 -0.06432959 0.03290179 -0.294276 -0.08417511 0.03039733 -0.294276 -0.06437816 0.03324002 -0.294441 -0.08423166 0.03079119 -0.294441 -0.06443471 0.03363388 -0.32565 -0.07066482 -0.06369053 -0.32565 -0.05086787 -0.06084784 -0.325594 -0.07072552 -0.06326777 -0.325594 -0.05092858 -0.06042508 -0.325429 -0.07078208 -0.06287391 -0.325429 -0.05098513 -0.06003122 -0.325167 -0.07083065 -0.06253568 -0.325167 -0.0510337 -0.05969299 -0.324825 -0.07086791 -0.06227614 -0.324825 -0.05107097 -0.05943345 -0.324427 -0.07089135 -0.06211291 -0.324427 -0.0510944 -0.05927022 -0.324 -0.07089934 -0.06205728 -0.324 -0.05110239 -0.05921459 -0.323573 -0.07089135 -0.06211291 -0.323573 -0.0510944 -0.05927022 -0.323175 -0.07086791 -0.06227614 -0.323175 -0.05107097 -0.05943345 -0.322833 -0.07083065 -0.06253568 -0.322833 -0.0510337 -0.05969299 -0.322571 -0.07078208 -0.06287391 -0.322571 -0.05098513 -0.06003122 -0.322406 -0.07072552 -0.06326777 -0.322406 -0.05092858 -0.06042508 -0.32235 -0.07066482 -0.06369053 -0.32235 -0.05086787 -0.06084784 -0.322406 -0.07060411 -0.06411329 -0.322406 -0.05080716 -0.06127061 -0.322571 -0.07054756 -0.06450715 -0.322571 -0.05075061 -0.06166447 -0.322833 -0.07049899 -0.06484539 -0.322833 -0.05070204 -0.0620027 -0.323175 -0.07046172 -0.06510492 -0.323175 -0.05066477 -0.06226223 -0.323573 -0.07043828 -0.06526815 -0.323573 -0.05064134 -0.06242546 -0.324 -0.0704303 -0.06532378 -0.324 -0.05063335 -0.06248109 -0.324427 -0.07043828 -0.06526815 -0.324427 -0.05064134 -0.06242546 -0.324825 -0.07046172 -0.06510492 -0.324825 -0.05066477 -0.06226223 -0.325167 -0.07049899 -0.06484539 -0.325167 -0.05070204 -0.0620027 -0.325429 -0.07054756 -0.06450715 -0.325429 -0.05075061 -0.06166447 -0.325594 -0.07060411 -0.06411329 -0.325594 -0.05080716 -0.06127061 -0.32565 -0.131759 0.03462404 -0.32565 -0.1258199 0.03547685 -0.325594 -0.1318197 0.0350468 -0.325594 -0.1258806 0.03589961 -0.325429 -0.1318762 0.03544066 -0.325429 -0.1259371 0.03629347 -0.325167 -0.1319248 0.03577889 -0.325167 -0.1259857 0.0366317 -0.324825 -0.1319621 0.03603843 -0.324825 -0.126023 0.03689124 -0.324427 -0.1319855 0.03620166 -0.324427 -0.1260464 0.03705446 -0.324 -0.1319935 0.03625729 -0.324 -0.1260544 0.03711009 -0.323573 -0.1319855 0.03620166 -0.323573 -0.1260464 0.03705446 -0.323175 -0.1319621 0.03603843 -0.323175 -0.126023 0.03689124 -0.322833 -0.1319248 0.03577889 -0.322833 -0.1259857 0.0366317 -0.322571 -0.1318762 0.03544066 -0.322571 -0.1259371 0.03629347 -0.322406 -0.1318197 0.0350468 -0.322406 -0.1258806 0.03589961 -0.32235 -0.131759 0.03462404 -0.32235 -0.1258199 0.03547685 -0.322406 -0.1316983 0.03420128 -0.322406 -0.1257592 0.03505408 -0.322571 -0.1316417 0.03380742 -0.322571 -0.1257026 0.03466022 -0.322833 -0.1315931 0.03346918 -0.322833 -0.1256541 0.03432199 -0.323175 -0.1315559 0.03320965 -0.323175 -0.1256168 0.03406245 -0.323573 -0.1315324 0.03304642 -0.323573 -0.1255934 0.03389923 -0.324 -0.1315244 0.03299079 -0.324 -0.1255854 0.0338436 -0.324427 -0.1315324 0.03304642 -0.324427 -0.1255934 0.03389923 -0.324825 -0.1315559 0.03320965 -0.324825 -0.1256168 0.03406245 -0.325167 -0.1315931 0.03346918 -0.325167 -0.1256541 0.03432199 -0.325429 -0.1316417 0.03380742 -0.325429 -0.1257026 0.03466022 -0.325594 -0.1316983 0.03420128 -0.325594 -0.1257592 0.03505408 -0.2685 -0.07460009 -0.03628463 -0.2685 -0.06272192 -0.03457901 -0.2698129 -0.06233809 -0.0372521 -0.2698129 -0.07421626 -0.03895771 -0.272269 -0.1136923 -0.04898198 -0.2682737 -0.07467146 -0.03578762 -0.2682737 -0.1147603 -0.04154407 -0.265363 -0.07580811 -0.02787181 -0.265363 -0.1158969 -0.03362826 -0.2635936 -0.07699128 -0.01963199 -0.2635936 -0.1170801 -0.02538843 -0.263 -0.07819794 -0.01122862 -0.263 -0.1182868 -0.01698506 -0.2632053 -0.07890861 -0.006279383 -0.2635936 -0.1194934 -0.008581696 -0.2635936 -0.0794046 -0.002825252 -0.265363 -0.08058778 0.005414574 -0.265363 -0.1206766 -0.00034187 -0.2682737 -0.08172442 0.01333038 -0.2682737 -0.1218132 0.007573939 -0.2707142 -0.122507 0.01240558 -0.272269 -0.08279245 0.02076829 -0.272269 -0.1228813 0.01501185 -0.277271 -0.08377103 0.0275833 -0.277271 -0.1238599 0.02182685 -0.283183 -0.08464115 0.03364294 -0.283183 -0.12473 0.0278865 -0.289889 -0.08538586 0.03882925 -0.289889 -0.1254747 0.0330728 -0.297259 -0.08599066 0.04304115 -0.297259 -0.1260795 0.0372847 -0.30515 -0.0864438 0.04619688 -0.30515 -0.1265326 0.04044044 -0.313407 -0.08673643 0.04823478 -0.313407 -0.1268252 0.04247833 -0.321871 -0.08686285 0.04911525 -0.321871 -0.1269517 0.0433588 -0.330376 -0.08682064 0.04882126 -0.330376 -0.1269095 0.04306482 -0.338757 -0.08661059 0.04735847 -0.338757 -0.1266994 0.04160202 -0.342998 -0.08643692 0.04614897 -0.346851 -0.1263256 0.03899892 -0.346851 -0.08623681 0.04475537 -0.3545 -0.08570655 0.04106254 -0.3545 -0.1257954 0.0353061 -0.361555 -0.08503016 0.03635206 -0.361555 -0.125119 0.03059561 -0.36788 -0.08422077 0.03071537 -0.36788 -0.1243096 0.02495893 -0.372302 -0.1235819 0.01989111 -0.37335 -0.08329416 0.02426226 -0.37335 -0.123383 0.01850581 -0.37786 -0.08226836 0.01711843 -0.37786 -0.1223572 0.01136199 -0.381321 -0.08116332 0.009422763 -0.381321 -0.1212521 0.003666319 -0.383667 -0.08000058 0.001325218 -0.383667 -0.1200894 -0.004431226 -0.384851 -0.07880275 -0.007016671 -0.384851 -0.1188916 -0.01277312 -0.385 -0.1182868 -0.01698506 -0.384851 -0.07759314 -0.01544057 -0.384851 -0.117682 -0.02119701 -0.383667 -0.07639531 -0.02378246 -0.383667 -0.1164841 -0.0295389 -0.381321 -0.07523256 -0.03188 -0.381321 -0.1153214 -0.03763645 -0.37786 -0.07412752 -0.03957567 -0.37786 -0.1142163 -0.04533212 -0.377301 -0.1140703 -0.04634908 -0.37335 -0.07310173 -0.0467195 -0.37335 -0.1131905 -0.05247594 -0.36788 -0.07217511 -0.05317261 -0.36788 -0.1122639 -0.05892905 -0.361555 -0.07136572 -0.0588093 -0.361555 -0.1114545 -0.06456574 -0.3545 -0.07068934 -0.06351978 -0.3545 -0.1107782 -0.06927623 -0.346851 -0.07015907 -0.06721261 -0.346851 -0.1102479 -0.07296905 -0.338757 -0.06978529 -0.06981571 -0.338757 -0.1098741 -0.07557215 -0.330376 -0.06957524 -0.0712785 -0.330376 -0.1096641 -0.07703495 -0.321871 -0.06953303 -0.07157249 -0.321871 -0.1096218 -0.07732893 -0.313407 -0.06965946 -0.07069202 -0.313407 -0.1097483 -0.07644846 -0.30515 -0.06995208 -0.06865412 -0.30515 -0.1100409 -0.07441056 -0.297259 -0.07040522 -0.06549839 -0.297259 -0.110494 -0.07125483 -0.289889 -0.07101002 -0.06128649 -0.289889 -0.1110988 -0.06704293 -0.283183 -0.07175473 -0.05610018 -0.283183 -0.1118436 -0.06185663 -0.277271 -0.07262485 -0.05004054 -0.2706915 -0.07398347 -0.04057888 -0.272269 -0.07360343 -0.04322554 -0.275671 -0.1129965 -0.05382699 -0.277271 -0.1127137 -0.05579698 -0.376056 -0.07587008 -0.02744024 -0.376056 -0.05607313 -0.02459755 -0.376 -0.07593078 -0.02701748 -0.376 -0.05613384 -0.02417479 -0.375835 -0.07598734 -0.02662362 -0.375835 -0.05619039 -0.02378093 -0.375573 -0.07603591 -0.02628539 -0.375573 -0.05623896 -0.0234427 -0.375231 -0.07607317 -0.02602585 -0.375231 -0.05627623 -0.02318316 -0.374833 -0.07609661 -0.02586262 -0.374833 -0.05629966 -0.02301993 -0.374406 -0.0761046 -0.02580699 -0.374406 -0.05630765 -0.0229643 -0.373979 -0.07609661 -0.02586262 -0.373979 -0.05629966 -0.02301993 -0.373581 -0.07607317 -0.02602585 -0.373581 -0.05627623 -0.02318316 -0.373239 -0.07603591 -0.02628539 -0.373239 -0.05623896 -0.0234427 -0.372977 -0.07598734 -0.02662362 -0.372977 -0.05619039 -0.02378093 -0.372812 -0.07593078 -0.02701748 -0.372812 -0.05613384 -0.02417479 -0.372756 -0.07587008 -0.02744024 -0.372756 -0.05607313 -0.02459755 -0.372812 -0.07580937 -0.02786301 -0.372812 -0.05601243 -0.02502032 -0.372977 -0.07575282 -0.02825687 -0.372977 -0.05595587 -0.02541418 -0.373239 -0.07570425 -0.0285951 -0.373239 -0.0559073 -0.02575241 -0.373581 -0.07566698 -0.02885463 -0.373581 -0.05587004 -0.02601195 -0.373979 -0.07564354 -0.02901786 -0.373979 -0.0558466 -0.02617517 -0.374406 -0.07563556 -0.02907349 -0.374406 -0.05583861 -0.0262308 -0.374833 -0.07564354 -0.02901786 -0.374833 -0.0558466 -0.02617517 -0.375231 -0.07566698 -0.02885463 -0.375231 -0.05587004 -0.02601195 -0.375573 -0.07570425 -0.0285951 -0.375573 -0.0559073 -0.02575241 -0.375835 -0.07575282 -0.02825687 -0.375835 -0.05595587 -0.02541418 -0.376 -0.07580937 -0.02786301 -0.376 -0.05601243 -0.02502032 -0.289428 -0.07346514 -0.04418866 -0.289428 -0.06158697 -0.04248304 -0.295036 -0.07275758 -0.04911622 -0.295036 -0.06087941 -0.0474106 -0.301351 -0.07218278 -0.05311916 -0.301351 -0.06030462 -0.05141355 -0.308218 -0.07175479 -0.05609979 -0.308218 -0.05987662 -0.05439417 -0.315471 -0.07148405 -0.05798525 -0.315471 -0.05960588 -0.05627963 -0.32244 -0.07137909 -0.05871625 -0.322932 -0.05949901 -0.0570239 -0.371176 -0.06506077 -0.01829094 -0.370276 -0.07638567 -0.02384957 -0.36922 -0.06403181 -0.02545678 -0.36922 -0.07590998 -0.02716239 -0.366161 -0.06305868 -0.03223377 -0.366161 -0.07493685 -0.03393938 -0.362074 -0.06216516 -0.03845644 -0.362074 -0.07404332 -0.04016206 -0.357056 -0.06137303 -0.04397296 -0.357056 -0.07325119 -0.04567857 -0.351233 -0.06070163 -0.0486487 -0.351233 -0.07257979 -0.05035432 -0.344744 -0.06016733 -0.05236964 -0.344744 -0.0720455 -0.05407525 -0.337749 -0.0597832 -0.0550448 -0.337749 -0.07166136 -0.05675041 -0.330419 -0.05955859 -0.05660896 -0.330419 -0.07143676 -0.05831457 -0.322932 -0.07137718 -0.05872951 -0.370083 -0.06822844 0.003769257 -0.370283 -0.0800063 0.001365109 -0.371612 -0.067185 -0.0034974 -0.371612 -0.07906317 -0.005203013 -0.37198 -0.06612045 -0.01091111 -0.37198 -0.07799862 -0.01261672 -0.371176 -0.07693893 -0.01999655 -0.279008 -0.06869706 0.007032784 -0.279008 -0.08057523 0.005327171 -0.282162 -0.06966403 0.01376691 -0.282162 -0.08154219 0.0120613 -0.286337 -0.07054937 0.01993257 -0.286337 -0.08242754 0.01822696 -0.291432 -0.07133149 0.02537941 -0.291432 -0.08320966 0.02367379 -0.297321 -0.07199131 0.02997448 -0.297321 -0.08386948 0.02826886 -0.303861 -0.0725127 0.03360553 -0.303861 -0.08439087 0.03189992 -0.310893 -0.07288293 0.03618389 -0.310893 -0.0847611 0.03447827 -0.318244 -0.073093 0.03764688 -0.318244 -0.08497117 0.03594127 -0.325736 -0.07313776 0.03795859 -0.325736 -0.08501593 0.03625297 -0.333186 -0.07301612 0.03711147 -0.333186 -0.08489429 0.03540586 -0.340412 -0.07273105 0.03512614 -0.340412 -0.08460921 0.03342052 -0.347237 -0.0722895 0.03205118 -0.347237 -0.08416767 0.03034556 -0.353495 -0.07170226 0.02796152 -0.353495 -0.08358043 0.02625591 -0.359033 -0.07098366 0.02295705 -0.359033 -0.08286183 0.02125144 -0.363716 -0.07015123 0.01715991 -0.363716 -0.0820294 0.0154543 -0.36743 -0.06922529 0.01071145 -0.36743 -0.08110345 0.00900584 -0.370083 -0.08010661 0.002063644 -0.2713133 -0.06795654 0.001875679 -0.2713133 -0.0798347 0.0001700662 -0.273282 -0.07986261 0.0003643732 -0.273282 -0.06798444 0.002069986 -0.275141 -0.07995829 0.001030738 -0.275141 -0.06808012 0.002736352 -0.276779 -0.0801159 0.00212838 -0.276779 -0.06823774 0.003833993 -0.278095 -0.08032584 0.003590385 -0.278095 -0.06844767 0.005295998 -0.2698129 -0.06233809 -0.0372521 -0.2685 -0.06272192 -0.03457901 -0.2685 -0.06646191 -0.00853316 -0.340412 -0.07273105 0.03512614 -0.347237 -0.0722895 0.03205118 -0.2683637 -0.06660906 -0.00750839 -0.353495 -0.07170226 0.02796152 -0.2665 -0.06695428 -0.005104229 -0.2655353 -0.06701107 -0.004708686 -0.2676723 -0.06784608 0.001106469 -0.289428 -0.06158697 -0.04248304 -0.28789 -0.0617638 -0.04125157 -0.363716 -0.07015123 0.01715991 -0.286094 -0.0618816 -0.04043119 -0.359033 -0.07098366 0.02295705 -0.275141 -0.06808012 0.002736352 -0.276779 -0.06823774 0.003833993 -0.2673284 -0.06686393 -0.005733446 -0.2679641 -0.06674618 -0.006553465 -0.269447 -0.06793183 0.001703644 -0.2713133 -0.06795654 0.001875679 -0.273282 -0.06798444 0.002069986 -0.2632554 -0.06703045 -0.00457377 -0.263816 -0.06728466 -0.002803349 -0.2645 -0.06703045 -0.00457377 -0.2647774 -0.06751336 -0.001210645 -0.2660868 -0.06770399 0.0001169087 -0.28415 -0.06193316 -0.04007207 -0.282175 -0.06191534 -0.0401962 -0.280293 -0.06182922 -0.04079595 -0.278355 -0.06174167 -0.04140569 -0.276325 -0.06172634 -0.0415124 -0.278095 -0.06844767 0.005295998 -0.279008 -0.06869706 0.007032784 -0.282162 -0.06966403 0.01376691 -0.286337 -0.07054937 0.01993257 -0.291432 -0.07133149 0.02537941 -0.297321 -0.07199131 0.02997448 -0.36743 -0.06922529 0.01071145 -0.370083 -0.06822844 0.003769257 -0.371612 -0.067185 -0.0034974 -0.274333 -0.06178426 -0.04110904 -0.272508 -0.06191167 -0.04022174 -0.2709684 -0.06210034 -0.03890781 -0.303861 -0.0725127 0.03360553 -0.310893 -0.07288293 0.03618389 -0.333186 -0.07301612 0.03711147 -0.318244 -0.073093 0.03764688 -0.325736 -0.07313776 0.03795859 -0.37198 -0.06612045 -0.01091111 -0.371176 -0.06506077 -0.01829094 -0.36922 -0.06403181 -0.02545678 -0.366161 -0.06305868 -0.03223377 -0.362074 -0.06216516 -0.03845644 -0.357056 -0.06137303 -0.04397296 -0.351233 -0.06070163 -0.0486487 -0.344744 -0.06016733 -0.05236964 -0.337749 -0.0597832 -0.0550448 -0.330419 -0.05955859 -0.05660896 -0.322932 -0.05949901 -0.0570239 -0.315471 -0.05960588 -0.05627963 -0.308218 -0.05987662 -0.05439417 -0.301351 -0.06030462 -0.05141355 -0.295036 -0.06087941 -0.0474106 -0.32565 -0.1166927 -0.07029978 -0.32565 -0.1107536 -0.06944697 -0.325594 -0.1167534 -0.06987702 -0.325594 -0.1108143 -0.06902421 -0.325429 -0.11681 -0.06948316 -0.325429 -0.1108709 -0.06863035 -0.325167 -0.1168585 -0.06914493 -0.325167 -0.1109195 -0.06829212 -0.324825 -0.1168958 -0.06888539 -0.324825 -0.1109567 -0.06803258 -0.324427 -0.1169193 -0.06872216 -0.324427 -0.1109802 -0.06786936 -0.324 -0.1169272 -0.06866653 -0.324 -0.1109882 -0.06781373 -0.323573 -0.1169193 -0.06872216 -0.323573 -0.1109802 -0.06786936 -0.323175 -0.1168958 -0.06888539 -0.323175 -0.1109567 -0.06803258 -0.322833 -0.1168585 -0.06914493 -0.322833 -0.1109195 -0.06829212 -0.322571 -0.11681 -0.06948316 -0.322571 -0.1108709 -0.06863035 -0.322406 -0.1167534 -0.06987702 -0.322406 -0.1108143 -0.06902421 -0.32235 -0.1166927 -0.07029978 -0.32235 -0.1107536 -0.06944697 -0.322406 -0.116632 -0.07072255 -0.322406 -0.1106929 -0.06986974 -0.322571 -0.1165755 -0.07111641 -0.322571 -0.1106364 -0.0702636 -0.322833 -0.1165269 -0.07145464 -0.322833 -0.1105878 -0.07060183 -0.323175 -0.1164896 -0.07171417 -0.323175 -0.1105505 -0.07086137 -0.323573 -0.1164662 -0.0718774 -0.323573 -0.1105271 -0.07102459 -0.324 -0.1164582 -0.07193303 -0.324 -0.1105191 -0.07108022 -0.324427 -0.1164662 -0.0718774 -0.324427 -0.1105271 -0.07102459 -0.324825 -0.1164896 -0.07171417 -0.324825 -0.1105505 -0.07086137 -0.325167 -0.1165269 -0.07145464 -0.325167 -0.1105878 -0.07060183 -0.325429 -0.1165755 -0.07111641 -0.325429 -0.1106364 -0.0702636 -0.325594 -0.116632 -0.07072255 -0.325594 -0.1106929 -0.06986974 -0.270921 -0.07398609 -0.04056067 -0.2709684 -0.06210034 -0.03890781 -0.280293 -0.06182922 -0.04079595 -0.280293 -0.07370739 -0.04250156 -0.278355 -0.06174167 -0.04140569 -0.278355 -0.07361983 -0.04311131 -0.276325 -0.06172634 -0.0415124 -0.276325 -0.07360451 -0.04321801 -0.274333 -0.06178426 -0.04110904 -0.274333 -0.07366243 -0.04281465 -0.272508 -0.06191167 -0.04022174 -0.272508 -0.07378984 -0.04192735 -0.2709684 -0.07397851 -0.04061343 -0.2671135 -0.07264755 -0.04988246 -0.2693308 -0.07221431 -0.05289961 -0.2688767 -0.07232033 -0.05216128 -0.2551541 -0.07754289 -0.01579052 -0.2577489 -0.07897511 -0.005816313 -0.2551541 -0.078853 -0.00666672 -0.2569505 -0.07905453 -0.005263206 -0.2563109 -0.07915904 -0.004535401 -0.255868 -0.07928243 -0.003676095 -0.2556483 -0.07941738 -0.002736284 -0.2556646 -0.07955587 -0.001771767 -0.2685953 -0.07243782 -0.05134308 -0.2685 -0.07256119 -0.05048389 -0.2624162 -0.07377476 -0.04203237 -0.2563826 -0.07624447 -0.02483288 -0.2596261 -0.07890861 -0.006279383 -0.2586588 -0.07892549 -0.006161869 -0.2685 -0.07460009 -0.03628463 -0.2682737 -0.07467146 -0.03578762 -0.2588178 -0.07498091 -0.03363253 -0.265363 -0.07580811 -0.02787181 -0.2635936 -0.07699128 -0.01963199 -0.263 -0.07819794 -0.01122862 -0.2632053 -0.07890861 -0.006279383 -0.2685953 -0.07243782 -0.05134308 -0.2685953 -0.05264087 -0.04850039 -0.2688767 -0.07232033 -0.05216128 -0.2688767 -0.05252338 -0.04931859 -0.2693308 -0.07221431 -0.05289961 -0.2693308 -0.05241736 -0.05005692 -0.2586588 -0.05912854 -0.00331918 -0.2586588 -0.07892549 -0.006161869 -0.2577489 -0.05917816 -0.002973624 -0.2577489 -0.07897511 -0.005816313 -0.2569505 -0.05925758 -0.002420517 -0.2569505 -0.07905453 -0.005263206 -0.2563109 -0.05936209 -0.001692712 -0.2563109 -0.07915904 -0.004535401 -0.255868 -0.05948548 -0.000833406 -0.255868 -0.07928243 -0.003676095 -0.2556483 -0.05962043 0.0001064046 -0.2556483 -0.07941738 -0.002736284 -0.2556646 -0.05975893 0.001070922 -0.2556646 -0.07955587 -0.001771767 -0.2551541 -0.078853 -0.00666672 -0.2563826 -0.1261793 -0.004233607 -0.2551541 -0.1248809 -0.01327597 -0.255 -0.1242258 -0.01783787 -0.2551541 -0.07754289 -0.01579052 -0.2551541 -0.1235708 -0.02239977 -0.2563826 -0.1222724 -0.03144214 -0.2563826 -0.07624447 -0.02483288 -0.2588178 -0.1210088 -0.04024178 -0.2588178 -0.07498091 -0.03363253 -0.2624162 -0.1198027 -0.04864162 -0.2624162 -0.07377476 -0.04203237 -0.2671135 -0.1186755 -0.05649171 -0.2671135 -0.07264755 -0.04988246 -0.272826 -0.05182243 -0.05420013 -0.2675896 -0.1185781 -0.05716946 -0.2697524 -0.1181652 -0.06004526 -0.27268 -0.1176702 -0.0634923 -0.272826 -0.1176473 -0.06365207 -0.274397 -0.1174085 -0.06531481 -0.275487 -0.1172519 -0.06640572 -0.276012 -0.1171789 -0.06691421 -0.279452 -0.05091165 -0.06054297 -0.279452 -0.1167365 -0.06999491 -0.286872 -0.1159594 -0.075407 -0.286872 -0.05013451 -0.06595506 -0.294956 -0.1153297 -0.07979172 -0.294956 -0.0495049 -0.07033979 -0.303557 -0.1148589 -0.08307089 -0.303557 -0.04903404 -0.07361895 -0.312523 -0.1145552 -0.0851859 -0.312523 -0.04873034 -0.07573396 -0.321694 -0.114424 -0.08609923 -0.321694 -0.04859919 -0.07664729 -0.330907 -0.1144678 -0.08579436 -0.330907 -0.04864297 -0.07634242 -0.339996 -0.1146857 -0.08427682 -0.339996 -0.04886087 -0.07482488 -0.348799 -0.1150739 -0.08157365 -0.348799 -0.04924903 -0.07212171 -0.35716 -0.1156254 -0.07773304 -0.364929 -0.1163303 -0.07282369 -0.362884 -0.05029933 -0.06480723 -0.35716 -0.04980051 -0.0682811 -0.370954 -0.04987531 -0.058241 -0.370097 -0.05008058 -0.0590615 -0.371968 -0.1171761 -0.06693311 -0.367955 -0.05038517 -0.06096957 -0.365541 -0.05045748 -0.0629052 -0.36493 -0.05044024 -0.06336229 -0.378173 -0.04367353 -0.04945087 -0.377893 -0.04426981 -0.0498918 -0.378151 -0.1181478 -0.06016642 -0.377042 -0.04570371 -0.05114806 -0.376832 -0.04599501 -0.05144326 -0.376071 -0.04690262 -0.05247191 -0.374937 -0.04793644 -0.0539056 -0.374355 -0.04835742 -0.0546014 -0.373628 -0.04880216 -0.055437 -0.371983 -0.04954986 -0.05720856 -0.375234 -0.1176568 -0.06358594 -0.371968 -0.0495553 -0.05722409 -0.372439 -0.1172415 -0.06647798 -0.373608 -0.1174092 -0.06530976 -0.382593 -0.0515584 -0.04421765 -0.382291 -0.05124649 -0.04465839 -0.381429 -0.05020539 -0.04584971 -0.381196 -0.04987429 -0.04615394 -0.380717 -0.04909877 -0.04675087 -0.379498 -0.0446547 -0.0478326 -0.379498 -0.03673592 -0.04669552 -0.379488 -0.03737479 -0.04680049 -0.379349 -0.03922845 -0.04725962 -0.37904 -0.0410104 -0.04793465 -0.379581 -0.04580924 -0.04788523 -0.378557 -0.04269808 -0.04881588 -0.380168 -0.04795813 -0.0473768 -0.379782 -0.04680011 -0.04775151 -0.379611 -0.04600624 -0.0478719 -0.387498 -0.05456327 -0.0351125 -0.3869 -0.05434728 -0.03645978 -0.387525 -0.1203972 -0.04450129 -0.383368 -0.1192279 -0.05264437 -0.385704 -0.05381029 -0.03892388 -0.38446 -0.05308195 -0.04121289 -0.38428 -0.05295982 -0.0415245 -0.383367 -0.05226569 -0.04303002 -0.383326 -0.05223132 -0.0430949 -0.387525 -0.05457233 -0.03504935 -0.390548 -0.1216348 -0.03588229 -0.390548 -0.05580995 -0.02643035 -0.392384 -0.1229187 -0.0269413 -0.392384 -0.05709381 -0.01748936 -0.393 -0.1242258 -0.01783787 -0.393 -0.05840099 -0.008385931 -0.392384 -0.125533 -0.008734443 -0.392384 -0.05970818 0.0007174968 -0.390548 -0.1268169 0.0002065514 -0.390548 -0.06099203 0.009658491 -0.387525 -0.1280545 0.008825548 -0.387525 -0.06222966 0.01827749 -0.384289 -0.0625066 0.02493128 -0.384835 -0.06257793 0.0239126 -0.383368 -0.1292238 0.01696863 -0.386157 -0.06254755 0.02128706 -0.387498 -0.06223872 0.01834064 -0.379416 -0.0502808 0.03431415 -0.379498 -0.04839095 0.03447196 -0.379498 -0.05630973 0.03333489 -0.378472 -0.05497759 0.03490163 -0.37876 -0.05401256 0.03466358 -0.379171 -0.05216079 0.0343796 -0.378178 -0.05581325 0.03516039 -0.379498 -0.05636196 0.03332718 -0.378158 -0.05586521 0.03517818 -0.379589 -0.05748668 0.03304152 -0.378151 -0.1303039 0.02449067 -0.379849 -0.05856384 0.03252881 -0.380181 -0.05937839 0.03194683 -0.380295 -0.05959922 0.03175328 -0.380924 -0.06053824 0.03070487 -0.381196 -0.06084698 0.03025532 -0.381661 -0.06128413 0.02948709 -0.382477 -0.06185274 0.02811968 -0.380495 -0.1298565 0.02137483 -0.383364 -0.06226092 0.02659105 -0.383601 -0.06233997 0.02617277 -0.375429 -0.06060311 0.03777008 -0.376485 -0.05916844 0.0367562 -0.376832 -0.05861361 0.03642348 -0.377423 -0.057535 0.03585946 -0.364929 -0.1321214 0.03714795 -0.36493 -0.06623126 0.04660896 -0.371968 -0.1312755 0.03125737 -0.367073 -0.06576396 0.04501571 -0.369231 -0.06504893 0.04330204 -0.37115 -0.06414105 0.04168415 -0.371976 -0.06364987 0.04096092 -0.372439 -0.1312102 0.03080224 -0.372844 -0.06305263 0.04018291 -0.374324 -0.06179667 0.03881656 -0.35716 -0.06700148 0.05150924 -0.362884 -0.06650266 0.04803537 -0.36466 -0.066276 0.04680237 -0.35716 -0.1328263 0.0420573 -0.348799 -0.1333778 0.04589791 -0.348799 -0.06755296 0.05534985 -0.339996 -0.133766 0.04860108 -0.339996 -0.06794111 0.05805302 -0.330907 -0.1339839 0.05011861 -0.330907 -0.06815902 0.05957055 -0.321694 -0.1340276 0.05042349 -0.321694 -0.0682028 0.05987543 -0.312523 -0.1338965 0.04951016 -0.312523 -0.06807165 0.0589621 -0.303557 -0.1335928 0.04739515 -0.303557 -0.06776795 0.05684709 -0.294956 -0.1331219 0.04411598 -0.294956 -0.06729709 0.05356792 -0.286872 -0.1324923 0.03973126 -0.286872 -0.06666748 0.0491832 -0.279452 -0.1317152 0.03431917 -0.279452 -0.06589034 0.04377111 -0.276258 -0.1313064 0.03147256 -0.276012 -0.1312728 0.03123846 -0.272826 -0.06497956 0.03742826 -0.2697524 -0.1302865 0.02436952 -0.2675896 -0.1298736 0.02149371 -0.2671135 -0.06395139 0.03026791 -0.275487 -0.1311998 0.03072998 -0.272826 -0.1308044 0.02797632 -0.27268 -0.1307815 0.02781656 -0.2671135 -0.1297762 0.02081597 -0.2624162 -0.128649 0.01296588 -0.2624162 -0.06282418 0.02241782 -0.2588178 -0.1274429 0.004566037 -0.2588178 -0.06161802 0.01401798 -0.2563826 -0.06035446 0.005218333 -0.376071 -0.04690262 -0.05247191 -0.376832 -0.04599501 -0.05144326 -0.353 -0.04599062 -0.05143869 -0.379498 -0.03673592 -0.04669552 -0.353 -0.03673592 -0.04669552 -0.379488 -0.03737479 -0.04680049 -0.353 -0.03935668 -0.04730026 -0.353 -0.04293035 -0.04895793 -0.37904 -0.0410104 -0.04793465 -0.379349 -0.03922845 -0.04725962 -0.377893 -0.04426981 -0.0498918 -0.378173 -0.04367353 -0.04945087 -0.378557 -0.04269808 -0.04881588 -0.377042 -0.04570371 -0.05114806 -0.353 -0.04987134 -0.05822649 -0.370954 -0.04987531 -0.058241 -0.353 -0.04835192 -0.05459182 -0.371968 -0.0495553 -0.05722409 -0.371983 -0.04954986 -0.05720856 -0.373628 -0.04880216 -0.055437 -0.374355 -0.04835742 -0.0546014 -0.374937 -0.04793644 -0.0539056 -0.353 -0.05045646 -0.0621222 -0.36493 -0.05044024 -0.06336229 -0.365541 -0.05045748 -0.0629052 -0.367955 -0.05038517 -0.06096957 -0.370097 -0.05008058 -0.0590615 -0.36466 -0.066276 0.04680237 -0.353 -0.06589792 0.04541461 -0.36493 -0.06623126 0.04660896 -0.353 -0.06424025 0.04184094 -0.369231 -0.06504893 0.04330204 -0.367073 -0.06576396 0.04501571 -0.374324 -0.06179667 0.03881656 -0.372844 -0.06305263 0.04018291 -0.353 -0.06175949 0.03878068 -0.371976 -0.06364987 0.04096092 -0.37115 -0.06414105 0.04168415 -0.375429 -0.06060311 0.03777008 -0.353 -0.05860636 0.03641937 -0.376485 -0.05916844 0.0367562 -0.353 -0.05497169 0.03489996 -0.378472 -0.05497759 0.03490163 -0.378178 -0.05581325 0.03516039 -0.378158 -0.05586521 0.03517818 -0.377423 -0.057535 0.03585946 -0.376832 -0.05861361 0.03642348 -0.37876 -0.05401256 0.03466358 -0.353 -0.05107597 0.03431483 -0.379171 -0.05216079 0.0343796 -0.379416 -0.0502808 0.03431415 -0.353 -0.04839095 0.03447196 -0.379498 -0.04839095 0.03447196 -0.345 0.01394803 0.01834232 -0.365 0.01394803 0.01834232 -0.345 0.01393994 0.01903399 -0.365 0.01393994 0.01903399 -0.345 0.0141111 0.01970432 -0.365 0.0141111 0.01970432 -0.345 0.01444992 0.02030741 -0.365 0.01444992 0.02030741 -0.345 0.0149334 0.02080225 -0.365 0.0149334 0.02080225 -0.345 0.01552837 0.0211552 -0.365 0.01552837 0.0211552 -0.345 0.01619447 0.02134207 -0.365 0.01619447 0.02134207 -0.345 0.01688615 0.02135016 -0.365 0.01688615 0.02135016 -0.345 0.01755649 0.0211789 -0.365 0.01755649 0.0211789 -0.345 0.01815957 0.02084008 -0.365 0.01815957 0.02084008 -0.345 0.0186544 0.02035671 -0.365 0.0186544 0.02035671 -0.345 0.01900737 0.01976163 -0.365 0.01900737 0.01976163 -0.345 0.01919423 0.01909563 -0.365 0.01919423 0.01909563 -0.345 0.01920233 0.01840386 -0.365 0.01920233 0.01840386 -0.345 0.01903106 0.01773361 -0.365 0.01903106 0.01773361 -0.345 0.01869225 0.01713043 -0.365 0.01869225 0.01713043 -0.345 0.01820888 0.0166356 -0.365 0.01820888 0.0166356 -0.345 0.01761379 0.01628274 -0.365 0.01761379 0.01628274 -0.345 0.01694779 0.01609588 -0.365 0.01694779 0.01609588 -0.345 0.01625601 0.01608777 -0.365 0.01625601 0.01608777 -0.345 0.01558578 0.01625895 -0.365 0.01558578 0.01625895 -0.345 0.0149826 0.01659775 -0.365 0.0149826 0.01659775 -0.345 0.01448776 0.01708123 -0.365 0.01448776 0.01708123 -0.345 0.01413491 0.01767622 -0.365 0.01413491 0.01767622 -0.345 -0.02522673 -0.01071585 -0.365 -0.02522673 -0.01071585 -0.345 -0.02523436 -0.01006326 -0.365 -0.02523436 -0.01006326 -0.345 -0.02507289 -0.009430941 -0.365 -0.02507289 -0.009430941 -0.345 -0.02475322 -0.008861957 -0.365 -0.02475322 -0.008861957 -0.345 -0.02429715 -0.008395104 -0.365 -0.02429715 -0.008395104 -0.345 -0.02373587 -0.008062196 -0.365 -0.02373587 -0.008062196 -0.345 -0.02310744 -0.007885896 -0.365 -0.02310744 -0.007885896 -0.345 -0.0224549 -0.00787826 -0.365 -0.0224549 -0.00787826 -0.345 -0.02182253 -0.008039768 -0.365 -0.02182253 -0.008039768 -0.345 -0.02125362 -0.008359441 -0.365 -0.02125362 -0.008359441 -0.345 -0.02078676 -0.008815484 -0.365 -0.02078676 -0.008815484 -0.345 -0.02045379 -0.009376808 -0.365 -0.02045379 -0.009376808 -0.345 -0.02027749 -0.01000518 -0.365 -0.02027749 -0.01000518 -0.345 -0.02026986 -0.01065777 -0.365 -0.02026986 -0.01065777 -0.345 -0.02043142 -0.0112901 -0.365 -0.02043142 -0.0112901 -0.345 -0.02075109 -0.01185909 -0.365 -0.02075109 -0.01185909 -0.345 -0.02120707 -0.01232593 -0.365 -0.02120707 -0.01232593 -0.345 -0.02176845 -0.01265886 -0.365 -0.02176845 -0.01265886 -0.345 -0.02239677 -0.01283513 -0.365 -0.02239677 -0.01283513 -0.345 -0.02304941 -0.01284279 -0.365 -0.02304941 -0.01284279 -0.345 -0.02368169 -0.01268126 -0.365 -0.02368169 -0.01268126 -0.345 -0.0242507 -0.0123616 -0.365 -0.0242507 -0.0123616 -0.345 -0.02471756 -0.01190556 -0.365 -0.02471756 -0.01190556 -0.345 -0.02505042 -0.01134422 -0.365 -0.02505042 -0.01134422 -0.345 0.02012901 0.009983858 -0.365 0.02012901 0.009983858 -0.345 0.02012091 0.0106756 -0.365 0.02012091 0.0106756 -0.345 0.02029218 0.01134588 -0.365 0.02029218 0.01134588 -0.345 0.020631 0.01194899 -0.365 0.020631 0.01194899 -0.345 0.02111437 0.01244386 -0.365 0.02111437 0.01244386 -0.345 0.02170945 0.01279675 -0.365 0.02170945 0.01279675 -0.345 0.02237545 0.01298361 -0.365 0.02237545 0.01298361 -0.345 0.02306722 0.01299172 -0.365 0.02306722 0.01299172 -0.345 0.02373746 0.01282051 -0.365 0.02373746 0.01282051 -0.345 0.02434065 0.01248167 -0.365 0.02434065 0.01248167 -0.345 0.02483548 0.01199826 -0.365 0.02483548 0.01199826 -0.345 0.02518833 0.01140324 -0.365 0.02518833 0.01140324 -0.345 0.0253752 0.01073717 -0.365 0.0253752 0.01073717 -0.345 0.02538331 0.01004543 -0.365 0.02538331 0.01004543 -0.345 0.02521214 0.009375165 -0.365 0.02521214 0.009375165 -0.345 0.02487332 0.008772055 -0.365 0.02487332 0.008772055 -0.345 0.02438985 0.008277173 -0.365 0.02438985 0.008277173 -0.345 0.02379487 0.007924292 -0.365 0.02379487 0.007924292 -0.345 0.02312876 0.007737419 -0.365 0.02312876 0.007737419 -0.345 0.02243709 0.007729326 -0.365 0.02243709 0.007729326 -0.345 0.02176675 0.007900516 -0.365 0.02176675 0.007900516 -0.345 0.02116367 0.008239377 -0.365 0.02116367 0.008239377 -0.345 0.02066884 0.008722782 -0.365 0.02066884 0.008722782 -0.345 0.02031588 0.009317786 -0.365 0.02031588 0.009317786 -0.372302 -0.1235819 0.01989111 -0.372228 -0.1224979 0.01234203 -0.37335 -0.123383 0.01850581 -0.2707142 -0.122507 0.01240558 -0.275772 -0.1224979 0.01234203 -0.272269 -0.1228813 0.01501185 -0.281499 -0.1213647 0.004450377 -0.28541 -0.1222718 0.01076768 -0.29242 -0.1246077 0.02703513 -0.292847 -0.1246157 0.02709076 -0.289889 -0.1254747 0.0330728 -0.30926 -0.1247347 0.02791976 -0.308424 -0.1248411 0.02866066 -0.3084 -0.1246937 0.02763409 -0.366501 -0.1152088 -0.03842051 -0.36259 -0.1143017 -0.04473781 -0.372228 -0.1140756 -0.04631216 -0.275772 -0.1140756 -0.04631216 -0.28541 -0.1143017 -0.04473781 -0.281499 -0.1152088 -0.03842051 -0.278635 -0.1161917 -0.03157551 -0.276887 -0.1172262 -0.02437123 -0.275772 -0.1182868 -0.01698506 -0.292847 -0.1119578 -0.06106089 -0.29242 -0.1119658 -0.06100526 -0.289889 -0.1110988 -0.06704293 -0.293274 -0.1124189 -0.05785002 -0.295963 -0.1128018 -0.05518337 -0.292847 -0.1124269 -0.05779439 -0.290271 -0.1134927 -0.05037163 -0.29242 -0.1124189 -0.05785002 -0.302345 -0.1122459 -0.05905457 -0.294441 -0.112253 -0.05900488 -0.294497 -0.1121923 -0.05942764 -0.272269 -0.1136923 -0.04898198 -0.275671 -0.1129965 -0.05382699 -0.277271 -0.1127137 -0.05579698 -0.308424 -0.1117324 -0.06263079 -0.294441 -0.1121316 -0.0598504 -0.294276 -0.1120751 -0.06024426 -0.292022 -0.1119892 -0.06084203 -0.291681 -0.1120265 -0.0605825 -0.283183 -0.1118436 -0.06185663 -0.292022 -0.1123954 -0.05801325 -0.291681 -0.1123582 -0.05827279 -0.291418 -0.1123096 -0.05861102 -0.291254 -0.112253 -0.05900488 -0.30926 -0.1118388 -0.06188989 -0.312344 -0.1117125 -0.06276946 -0.294014 -0.1120265 -0.0605825 -0.293672 -0.1119892 -0.06084203 -0.293274 -0.1119658 -0.06100526 -0.293672 -0.1123954 -0.05801325 -0.294014 -0.1123582 -0.05827279 -0.294276 -0.1123096 -0.05861102 -0.291418 -0.1120751 -0.06024426 -0.291254 -0.1121316 -0.0598504 -0.291197 -0.1121923 -0.05942764 -0.32235 -0.1107536 -0.06944697 -0.322406 -0.1108143 -0.06902421 -0.324 -0.1115069 -0.06420078 -0.324 -0.1109882 -0.06781373 -0.324427 -0.1109802 -0.06786936 -0.325429 -0.1108709 -0.06863035 -0.325594 -0.1108143 -0.06902421 -0.339576 -0.1117324 -0.06263079 -0.346851 -0.1102479 -0.07296905 -0.323573 -0.1105271 -0.07102459 -0.323175 -0.1105505 -0.07086137 -0.321871 -0.1096218 -0.07732893 -0.322406 -0.1106929 -0.06986974 -0.30515 -0.1100409 -0.07441056 -0.322571 -0.1106364 -0.0702636 -0.313407 -0.1097483 -0.07644846 -0.322571 -0.1108709 -0.06863035 -0.316538 -0.1115904 -0.06361945 -0.331462 -0.1115904 -0.06361945 -0.324825 -0.1109567 -0.06803258 -0.325167 -0.1109195 -0.06829212 -0.33874 -0.1118388 -0.06188989 -0.325167 -0.1105878 -0.07060183 -0.330376 -0.1096641 -0.07703495 -0.325429 -0.1106364 -0.0702636 -0.338757 -0.1098741 -0.07557215 -0.325594 -0.1106929 -0.06986974 -0.32565 -0.1107536 -0.06944697 -0.322833 -0.1109195 -0.06829212 -0.323175 -0.1109567 -0.06803258 -0.323573 -0.1109802 -0.06786936 -0.322833 -0.1105878 -0.07060183 -0.324825 -0.1105505 -0.07086137 -0.324427 -0.1105271 -0.07102459 -0.324 -0.1105191 -0.07108022 -0.356582 -0.1123096 -0.05861102 -0.356746 -0.112253 -0.05900488 -0.37335 -0.1131905 -0.05247594 -0.36788 -0.1122639 -0.05892905 -0.3396 -0.1118798 -0.06160422 -0.345655 -0.1122459 -0.05905457 -0.353724 -0.1123096 -0.05861102 -0.352037 -0.1128018 -0.05518337 -0.353986 -0.1123582 -0.05827279 -0.354328 -0.1123954 -0.05801325 -0.354726 -0.1124189 -0.05785002 -0.357729 -0.1134927 -0.05037163 -0.355153 -0.1124269 -0.05779439 -0.35558 -0.1124189 -0.05785002 -0.355978 -0.1123954 -0.05801325 -0.356319 -0.1123582 -0.05827279 -0.353724 -0.1120751 -0.06024426 -0.353559 -0.1121316 -0.0598504 -0.353503 -0.1121923 -0.05942764 -0.353559 -0.112253 -0.05900488 -0.356803 -0.1121923 -0.05942764 -0.356746 -0.1121316 -0.0598504 -0.361555 -0.1114545 -0.06456574 -0.356582 -0.1120751 -0.06024426 -0.356319 -0.1120265 -0.0605825 -0.354726 -0.1119658 -0.06100526 -0.354328 -0.1119892 -0.06084203 -0.353986 -0.1120265 -0.0605825 -0.355978 -0.1119892 -0.06084203 -0.35558 -0.1119658 -0.06100526 -0.355153 -0.1119578 -0.06106089 -0.371113 -0.1193474 -0.009598903 -0.3717 -0.1182868 -0.01698506 -0.372228 -0.1182868 -0.01698506 -0.371113 -0.1172262 -0.02437123 -0.369365 -0.1161917 -0.03157551 -0.36259 -0.1222718 0.01076768 -0.366501 -0.1213647 0.004450377 -0.369365 -0.1203818 -0.002394615 -0.35558 -0.1246077 0.02703513 -0.355978 -0.1245843 0.0268719 -0.361555 -0.125119 0.03059561 -0.356319 -0.124547 0.02661237 -0.356582 -0.1244984 0.02627414 -0.36788 -0.1243096 0.02495893 -0.354328 -0.1241781 0.02404312 -0.353986 -0.1242154 0.02430266 -0.352037 -0.1237717 0.02121324 -0.335656 -0.124861 0.02879934 -0.33874 -0.1247347 0.02791976 -0.339576 -0.1248411 0.02866066 -0.345655 -0.1243276 0.02508444 -0.353986 -0.124547 0.02661237 -0.354328 -0.1245843 0.0268719 -0.354726 -0.1246077 0.02703513 -0.355153 -0.1246157 0.02709076 -0.356746 -0.1244419 0.02588028 -0.356803 -0.1243812 0.02545751 -0.356746 -0.1243205 0.02503475 -0.353559 -0.1243205 0.02503475 -0.353503 -0.1243812 0.02545751 -0.353559 -0.1244419 0.02588028 -0.353724 -0.1244984 0.02627414 -0.353724 -0.1242639 0.02464089 -0.356582 -0.1242639 0.02464089 -0.356319 -0.1242154 0.02430266 -0.355978 -0.1241781 0.02404312 -0.357729 -0.1230808 0.0164015 -0.35558 -0.1241547 0.02387989 -0.355153 -0.1241467 0.02382426 -0.354726 -0.1241547 0.02387989 -0.331462 -0.1249831 0.02964932 -0.325429 -0.1257026 0.03466022 -0.313407 -0.1268252 0.04247833 -0.30515 -0.1265326 0.04044044 -0.322406 -0.1258806 0.03589961 -0.322571 -0.1259371 0.03629347 -0.322833 -0.1259857 0.0366317 -0.321871 -0.1269517 0.0433588 -0.323175 -0.126023 0.03689124 -0.323573 -0.1260464 0.03705446 -0.324 -0.1260544 0.03711009 -0.330376 -0.1269095 0.04306482 -0.324427 -0.1260464 0.03705446 -0.325594 -0.1258806 0.03589961 -0.346851 -0.1263256 0.03899892 -0.325429 -0.1259371 0.03629347 -0.338757 -0.1266994 0.04160202 -0.325167 -0.1259857 0.0366317 -0.324825 -0.126023 0.03689124 -0.325594 -0.1257592 0.03505408 -0.32565 -0.1258199 0.03547685 -0.316538 -0.1249831 0.02964932 -0.322833 -0.1256541 0.03432199 -0.322571 -0.1257026 0.03466022 -0.322406 -0.1257592 0.03505408 -0.32235 -0.1258199 0.03547685 -0.324427 -0.1255934 0.03389923 -0.324 -0.1250666 0.03023065 -0.324825 -0.1256168 0.03406245 -0.325167 -0.1256541 0.03432199 -0.324 -0.1255854 0.0338436 -0.323573 -0.1255934 0.03389923 -0.323175 -0.1256168 0.03406245 -0.292022 -0.1245843 0.0268719 -0.293672 -0.1241781 0.02404312 -0.293274 -0.1241547 0.02387989 -0.295963 -0.1237717 0.02121324 -0.290271 -0.1230808 0.0164015 -0.293274 -0.1246077 0.02703513 -0.293672 -0.1245843 0.0268719 -0.283183 -0.12473 0.0278865 -0.277271 -0.1238599 0.02182685 -0.291197 -0.1243812 0.02545751 -0.294014 -0.124547 0.02661237 -0.294276 -0.1244984 0.02627414 -0.294441 -0.1244419 0.02588028 -0.294497 -0.1243812 0.02545751 -0.302345 -0.1243276 0.02508444 -0.294441 -0.1243205 0.02503475 -0.294276 -0.1242639 0.02464089 -0.294014 -0.1242154 0.02430266 -0.291254 -0.1244419 0.02588028 -0.291418 -0.1244984 0.02627414 -0.291681 -0.124547 0.02661237 -0.292847 -0.1241467 0.02382426 -0.29242 -0.1241547 0.02387989 -0.292022 -0.1241781 0.02404312 -0.291681 -0.1242154 0.02430266 -0.291418 -0.1242639 0.02464089 -0.291254 -0.1243205 0.02503475 -0.2763 -0.1182868 -0.01698506 -0.276887 -0.1193474 -0.009598903 -0.278635 -0.1203818 -0.002394615 -0.380528 -0.1182868 -0.01698506 -0.381321 -0.1153214 -0.03763645 -0.383667 -0.1164841 -0.0295389 -0.375231 -0.116162 -0.03178229 -0.375573 -0.1161247 -0.03204183 -0.375835 -0.1160762 -0.03238006 -0.376 -0.1160196 -0.03277392 -0.376056 -0.1159589 -0.03319669 -0.376 -0.1158982 -0.03361945 -0.373239 -0.1157931 -0.03435154 -0.372977 -0.1158416 -0.03401331 -0.372977 -0.1160762 -0.03238006 -0.373239 -0.1161247 -0.03204183 -0.373581 -0.116162 -0.03178229 -0.373979 -0.1161854 -0.03161907 -0.374406 -0.1161934 -0.03156344 -0.374833 -0.1161854 -0.03161907 -0.373581 -0.1157558 -0.03461108 -0.372812 -0.1158982 -0.03361945 -0.372756 -0.1159589 -0.03319669 -0.372812 -0.1160196 -0.03277392 -0.375835 -0.1158416 -0.03401331 -0.375573 -0.1157931 -0.03435154 -0.37786 -0.1142163 -0.04533212 -0.375231 -0.1157558 -0.03461108 -0.377301 -0.1140703 -0.04634908 -0.374833 -0.1157324 -0.0347743 -0.374406 -0.1157244 -0.03482993 -0.373979 -0.1157324 -0.0347743 -0.3545 -0.1107782 -0.06927623 -0.297259 -0.110494 -0.07125483 -0.271944 -0.1159589 -0.03319669 -0.272 -0.1160196 -0.03277392 -0.265363 -0.1158969 -0.03362826 -0.272427 -0.1157931 -0.03435154 -0.272165 -0.1158416 -0.03401331 -0.2682737 -0.1147603 -0.04154407 -0.2635936 -0.1170801 -0.02538843 -0.272 -0.1158982 -0.03361945 -0.273167 -0.1161854 -0.03161907 -0.273594 -0.1161934 -0.03156344 -0.274021 -0.1161854 -0.03161907 -0.272769 -0.116162 -0.03178229 -0.263 -0.1182868 -0.01698506 -0.272427 -0.1161247 -0.03204183 -0.272165 -0.1160762 -0.03238006 -0.275023 -0.1158416 -0.03401331 -0.274761 -0.1157931 -0.03435154 -0.274419 -0.116162 -0.03178229 -0.274761 -0.1161247 -0.03204183 -0.275023 -0.1160762 -0.03238006 -0.275188 -0.1160196 -0.03277392 -0.275244 -0.1159589 -0.03319669 -0.275188 -0.1158982 -0.03361945 -0.274419 -0.1157558 -0.03461108 -0.274021 -0.1157324 -0.0347743 -0.273594 -0.1157244 -0.03482993 -0.273167 -0.1157324 -0.0347743 -0.272769 -0.1157558 -0.03461108 -0.2635936 -0.1194934 -0.008581696 -0.272165 -0.1204974 -0.001590068 -0.265363 -0.1206766 -0.00034187 -0.272 -0.1205539 -0.001196207 -0.272165 -0.1207319 4.318064e-05 -0.2682737 -0.1218132 0.007573939 -0.272 -0.1206753 -0.0003506796 -0.271944 -0.1206146 -0.0007734434 -0.274021 -0.1208412 0.0008041753 -0.274419 -0.1208177 0.0006409495 -0.274761 -0.1207805 0.0003814115 -0.275023 -0.1207319 4.318064e-05 -0.275188 -0.1206753 -0.0003506796 -0.275244 -0.1206146 -0.0007734434 -0.275188 -0.1205539 -0.001196207 -0.275023 -0.1204974 -0.001590068 -0.274761 -0.1204488 -0.001928298 -0.274419 -0.1204115 -0.002187836 -0.274021 -0.1203881 -0.002351062 -0.272427 -0.1207805 0.0003814115 -0.272769 -0.1208177 0.0006409495 -0.273167 -0.1208412 0.0008041753 -0.273594 -0.1208491 0.0008598047 -0.273594 -0.1203801 -0.002406692 -0.273167 -0.1203881 -0.002351062 -0.272769 -0.1204115 -0.002187836 -0.272427 -0.1204488 -0.001928298 -0.297259 -0.1260795 0.0372847 -0.3545 -0.1257954 0.0353061 -0.372977 -0.1204974 -0.001590068 -0.372812 -0.1205539 -0.001196207 -0.376056 -0.1206146 -0.0007734434 -0.381321 -0.1212521 0.003666319 -0.376 -0.1206753 -0.0003506796 -0.375835 -0.1207319 4.318064e-05 -0.372756 -0.1206146 -0.0007734434 -0.372812 -0.1206753 -0.0003506796 -0.372977 -0.1207319 4.318064e-05 -0.373239 -0.1207805 0.0003814115 -0.376 -0.1205539 -0.001196207 -0.375835 -0.1204974 -0.001590068 -0.375573 -0.1204488 -0.001928298 -0.373581 -0.1208177 0.0006409495 -0.373979 -0.1208412 0.0008041753 -0.374406 -0.1208491 0.0008598047 -0.37786 -0.1223572 0.01136199 -0.374833 -0.1208412 0.0008041753 -0.375231 -0.1208177 0.0006409495 -0.375573 -0.1207805 0.0003814115 -0.373979 -0.1203881 -0.002351062 -0.373581 -0.1204115 -0.002187836 -0.373239 -0.1204488 -0.001928298 -0.375231 -0.1204115 -0.002187836 -0.374833 -0.1203881 -0.002351062 -0.374406 -0.1203801 -0.002406692 -0.384851 -0.117682 -0.02119701 -0.385 -0.1182868 -0.01698506 -0.384851 -0.1188916 -0.01277312 -0.383667 -0.1200894 -0.004431226 -0.379498 -0.04593391 -0.03892397 -0.365 -0.04593391 -0.03892397 -0.365 -0.03304115 -0.03707267 -0.365 -0.02283028 -0.03560647 -0.365 -0.02152537 -0.03541909 -0.379498 0.004548302 -0.03167512 -0.365 -0.01604844 -0.03463265 -0.365 -0.007326798 -0.03338029 -0.365 -0.003217575 -0.03279024 -0.365 0.004548302 -0.03167512 -0.379498 0.007919495 0.03100451 -0.379498 0.001718605 0.03195379 -0.379498 0.000931836 0.0409894 -0.379498 0.02137948 -0.02380997 -0.379498 0.02444082 -0.03291873 -0.379498 0.01632365 -0.02752338 -0.379498 0.0186893 -0.0364926 -0.379498 0.01064041 -0.03017913 -0.379498 0.0124279 -0.03907104 -0.379498 0.004548302 -0.03167512 -0.379498 0.005827512 -0.04058374 -0.379498 -0.04593391 -0.03892397 -0.379498 -0.03673592 -0.04669552 -0.379498 -0.0446547 -0.0478326 -0.379498 -0.005827512 0.04058374 -0.379498 -0.004548302 0.03167512 -0.379498 -0.04839095 0.03447196 -0.379498 0.007665781 0.04027699 -0.379498 0.01419054 0.0384659 -0.379498 0.01381593 0.02886376 -0.379498 0.0203283 0.03560564 -0.379498 0.01918154 0.0256138 -0.379498 0.02591159 0.03177402 -0.379498 0.02380997 0.02137948 -0.379498 0.03078797 0.02707582 -0.379498 0.02752338 0.01632365 -0.379498 0.03482462 0.02163897 -0.379498 0.03017913 0.01064041 -0.379498 0.03791131 0.0156119 -0.379498 0.03996393 0.009158989 -0.379498 0.03167512 0.004548302 -0.379498 0.04092639 0.002456237 -0.379498 0.03195379 -0.001718605 -0.379498 0.04077245 -0.004313525 -0.379498 0.03100451 -0.007919495 -0.379498 0.03950639 -0.01096561 -0.379498 0.02886376 -0.01381593 -0.379498 0.03716267 -0.01731863 -0.379498 0.0256138 -0.01918154 -0.379498 0.03380531 -0.02319913 -0.379498 0.02952576 -0.02844698 -0.365 -0.04315059 -0.03104457 -0.355 -0.04315059 -0.03104457 -0.365 -0.04303426 -0.03145934 -0.355 -0.04303426 -0.03145934 -0.365 -0.04281447 -0.03182977 -0.355 -0.04281447 -0.03182977 -0.365 -0.04250635 -0.03213083 -0.355 -0.04250635 -0.03213083 -0.365 -0.04213086 -0.0323418 -0.355 -0.04213086 -0.0323418 -0.365 -0.04171347 -0.03244836 -0.355 -0.04171347 -0.03244836 -0.365 -0.04128282 -0.0324433 -0.355 -0.04128282 -0.0324433 -0.365 -0.04086804 -0.03232696 -0.355 -0.04086804 -0.03232696 -0.365 -0.04049761 -0.03210728 -0.355 -0.04049761 -0.03210728 -0.365 -0.04019664 -0.03179917 -0.355 -0.04019664 -0.03179917 -0.365 -0.03998559 -0.03142356 -0.355 -0.03998559 -0.03142356 -0.365 -0.03987902 -0.03100628 -0.355 -0.03987902 -0.03100628 -0.365 -0.03988409 -0.03057553 -0.355 -0.03988409 -0.03057553 -0.365 -0.04000041 -0.03016085 -0.355 -0.04000041 -0.03016085 -0.365 -0.04022011 -0.02979031 -0.355 -0.04022011 -0.02979031 -0.365 -0.04052832 -0.02948936 -0.355 -0.04052832 -0.02948936 -0.365 -0.04090381 -0.02927839 -0.355 -0.04090381 -0.02927839 -0.365 -0.0413211 -0.02917182 -0.355 -0.0413211 -0.02917182 -0.365 -0.04175186 -0.0291768 -0.355 -0.04175186 -0.0291768 -0.365 -0.04216653 -0.02929322 -0.355 -0.04216653 -0.02929322 -0.365 -0.04253706 -0.02951292 -0.355 -0.04253706 -0.02951292 -0.365 -0.04283803 -0.02982102 -0.355 -0.04283803 -0.02982102 -0.365 -0.043049 -0.03019652 -0.355 -0.043049 -0.03019652 -0.365 -0.04315565 -0.03061392 -0.355 -0.04315565 -0.03061392 -0.2595648 -0.1206779 -0.0003326644 -0.2595648 -0.0909825 0.003931369 -0.259621 -0.1206172 -0.0007553292 -0.259621 -0.0909218 0.003508704 -0.2597859 -0.1205607 -0.001149288 -0.2597859 -0.09086523 0.003114744 -0.2600481 -0.1205121 -0.001487519 -0.2600481 -0.09081667 0.002776514 -0.2603898 -0.1204748 -0.001747057 -0.2603898 -0.0907794 0.002516976 -0.2607878 -0.1204514 -0.001910184 -0.2607878 -0.09075598 0.002353849 -0.2612148 -0.1204434 -0.001965913 -0.2612148 -0.09074797 0.00229812 -0.2616419 -0.1204514 -0.001910184 -0.2616419 -0.09075598 0.002353849 -0.2620398 -0.1204748 -0.001747057 -0.2620398 -0.0907794 0.002516976 -0.2623815 -0.1205121 -0.001487519 -0.2623815 -0.09081667 0.002776514 -0.2626438 -0.1205607 -0.001149288 -0.2626438 -0.09086523 0.003114744 -0.2628086 -0.1206172 -0.0007553292 -0.2628086 -0.0909218 0.003508704 -0.2628648 -0.1206779 -0.0003326644 -0.2628648 -0.0909825 0.003931369 -0.2628086 -0.1207386 9.00994e-05 -0.2628086 -0.0910432 0.004354132 -0.2626438 -0.1207952 0.0004839597 -0.2626438 -0.09109976 0.004747993 -0.2623815 -0.1208438 0.0008222895 -0.2623815 -0.09114834 0.005086322 -0.2620398 -0.120881 0.001081827 -0.2620398 -0.09118561 0.00534586 -0.2616419 -0.1209044 0.001244954 -0.2616419 -0.09120903 0.005508987 -0.2612148 -0.1209124 0.001300584 -0.2612148 -0.09121702 0.005564617 -0.2607878 -0.1209044 0.001244954 -0.2607878 -0.09120903 0.005508987 -0.2603898 -0.120881 0.001081827 -0.2603898 -0.09118561 0.00534586 -0.2600481 -0.1208438 0.0008222895 -0.2600481 -0.09114834 0.005086322 -0.2597859 -0.1207952 0.0004839597 -0.2597859 -0.09109976 0.004747993 -0.259621 -0.1207386 9.00994e-05 -0.259621 -0.0910432 0.004354132 -0.355 -0.04281447 -0.03182977 -0.355 -0.04303426 -0.03145934 -0.355 -0.04151734 -0.03081005 -0.355 -0.04315059 -0.03104457 -0.355 -0.04315565 -0.03061392 -0.355 -0.04171347 -0.03244836 -0.355 -0.04213086 -0.0323418 -0.355 -0.04250635 -0.03213083 -0.355 -0.04049761 -0.03210728 -0.355 -0.04086804 -0.03232696 -0.355 -0.04128282 -0.0324433 -0.355 -0.03987902 -0.03100628 -0.355 -0.03998559 -0.03142356 -0.355 -0.04019664 -0.03179917 -0.355 -0.04022011 -0.02979031 -0.355 -0.04000041 -0.03016085 -0.355 -0.03988409 -0.03057553 -0.355 -0.0413211 -0.02917182 -0.355 -0.04090381 -0.02927839 -0.355 -0.04052832 -0.02948936 -0.355 -0.04253706 -0.02951292 -0.355 -0.04216653 -0.02929322 -0.355 -0.04175186 -0.0291768 -0.355 -0.043049 -0.03019652 -0.355 -0.04283803 -0.02982102 -0.355 -0.04980641 0.0168632 -0.355 -0.0500262 0.01723372 -0.355 -0.04850928 0.01788292 -0.355 -0.05014252 0.0176484 -0.355 -0.0501476 0.01807915 -0.355 -0.04870542 0.01624471 -0.355 -0.0491228 0.01635127 -0.355 -0.0494983 0.01656224 -0.355 -0.04748956 0.01658579 -0.355 -0.04785999 0.01636611 -0.355 -0.04827475 0.01624967 -0.355 -0.04687097 0.01768679 -0.355 -0.04697752 0.01726941 -0.355 -0.04718859 0.01689389 -0.355 -0.04721204 0.01890265 -0.355 -0.04699236 0.01853222 -0.355 -0.04687603 0.01811744 -0.355 -0.04831305 0.01952124 -0.355 -0.04789576 0.01941467 -0.355 -0.04752026 0.0192037 -0.355 -0.04952901 0.01918015 -0.355 -0.04915847 0.01939985 -0.355 -0.0487438 0.01951617 -0.355 -0.05004093 0.01849645 -0.355 -0.04982997 0.01887205 -0.28789 -0.07364196 -0.04295719 -0.28789 -0.0617638 -0.04125157 -0.286094 -0.07375977 -0.0421368 -0.286094 -0.0618816 -0.04043119 -0.28415 -0.07381133 -0.04177769 -0.28415 -0.06193316 -0.04007207 -0.282175 -0.07379351 -0.04190181 -0.282175 -0.06191534 -0.0401962 -0.2597859 -0.08608292 -0.03019006 -0.259621 -0.08613948 -0.0297962 -0.2612148 -0.08620018 -0.02937343 -0.2595648 -0.08620018 -0.02937343 -0.259621 -0.08626087 -0.02895077 -0.2607878 -0.08597365 -0.03095105 -0.2603898 -0.08599707 -0.03078792 -0.2600481 -0.08603434 -0.03052839 -0.2620398 -0.08599707 -0.03078792 -0.2616419 -0.08597365 -0.03095105 -0.2612148 -0.08596566 -0.03100668 -0.2628086 -0.08613948 -0.0297962 -0.2626438 -0.08608292 -0.03019006 -0.2623815 -0.08603434 -0.03052839 -0.2626438 -0.08631744 -0.02855681 -0.2628086 -0.08626087 -0.02895077 -0.2628648 -0.08620018 -0.02937343 -0.2616419 -0.0864267 -0.02779591 -0.2620398 -0.08640328 -0.02795904 -0.2623815 -0.08636601 -0.02821858 -0.2603898 -0.08640328 -0.02795904 -0.2607878 -0.0864267 -0.02779591 -0.2612148 -0.0864347 -0.02774018 -0.2597859 -0.08631744 -0.02855681 -0.2600481 -0.08636601 -0.02821858 -0.365 -0.02378712 0.01926078 -0.365 -0.01506548 0.02051314 -0.365 -0.0148392 0.0189373 -0.365 0.008911 0.02234765 -0.365 0.0128691 0.022916 -0.365 0.01383323 0.01620167 -0.365 0.0175778 0.02673989 -0.365 0.01771134 0.02521964 -0.365 0.01733213 0.02516519 -0.365 0.01918154 0.0256138 -0.365 0.02886376 -0.01381593 -0.365 0.02795995 -0.01556404 -0.365 0.02364434 -0.01609877 -0.365 0.02406789 -0.02108873 -0.365 0.02371288 -0.01927144 -0.365 0.02409209 -0.01921699 -0.365 0.005804377 -0.02212199 -0.365 0.005784312 -0.02184584 -0.365 0.006287782 -0.02162716 -0.365 0.02066884 0.008722782 -0.365 0.02116367 0.008239377 -0.365 0.0201808 0.0080219 -0.365 0.006885943 -0.01608831 -0.365 0.005336561 -0.01872763 -0.365 0.002742626 -0.01910009 -0.365 0.00650706 0.01624521 -0.365 0.009875126 0.01563331 -0.365 0.01048994 0.0140076 -0.365 0.0141111 0.01970432 -0.365 0.01444992 0.02030741 -0.365 0.0149334 0.02080225 -0.365 0.01393994 0.01903399 -0.365 0.01394803 0.01834232 -0.365 0.01413491 0.01767622 -0.365 0.01448776 0.01708123 -0.365 0.01755649 0.0211789 -0.365 0.01688615 0.02135016 -0.365 0.01755841 0.02358935 -0.365 0.01619447 0.02134207 -0.365 0.01552837 0.0211552 -0.365 0.01815957 0.02084008 -0.365 0.01793762 0.0236438 -0.365 0.0186544 0.02035671 -0.365 0.02097058 0.02417094 -0.365 0.01900737 0.01976163 -0.365 0.02380997 0.02137948 -0.365 0.01919423 0.01909563 -0.365 0.02640822 0.0180723 -0.365 0.01920233 0.01840386 -0.365 0.01869225 0.01713043 -0.365 0.01852253 0.01687502 -0.365 0.01820888 0.0166356 -0.365 0.01877452 0.01512012 -0.365 0.01761379 0.01628274 -0.365 0.0149826 0.01659775 -0.365 0.01558578 0.01625895 -0.365 0.01408522 0.01444677 -0.365 0.01625601 0.01608777 -0.365 0.01694779 0.01609588 -0.365 -0.01903106 -0.01773361 -0.365 -0.02432568 -0.01591722 -0.365 -0.01869225 -0.01713043 -0.365 -0.01884876 -0.01513078 -0.365 -0.01820888 -0.0166356 -0.365 -0.01920233 -0.01840386 -0.365 -0.01919423 -0.01909563 -0.365 -0.02333104 -0.02284407 -0.365 -0.01900737 -0.01976163 -0.365 -0.0186544 -0.02035671 -0.365 -0.01785412 -0.02205763 -0.365 -0.01815957 -0.02084008 -0.365 -0.01755649 -0.0211789 -0.365 -0.009132474 -0.02080527 -0.365 -0.0149334 -0.02080225 -0.365 -0.01444992 -0.02030741 -0.365 -0.0141111 -0.01970432 -0.365 -0.01393994 -0.01903399 -0.365 -0.01394803 -0.01834232 -0.365 -0.01688615 -0.02135016 -0.365 -0.01619447 -0.02134207 -0.365 -0.01552837 -0.0211552 -0.365 -0.01413491 -0.01767622 -0.365 -0.01048994 -0.0140076 -0.365 -0.01448776 -0.01708123 -0.365 -0.0149826 -0.01659775 -0.365 -0.01558578 -0.01625895 -0.365 -0.01625601 -0.01608777 -0.365 -0.01694779 -0.01609588 -0.365 -0.01761379 -0.01628274 -0.365 -0.02234473 0.009215709 -0.365 -0.0140076 0.01048994 -0.365 -0.01624521 0.00650706 -0.365 -0.0003701653 0.02101494 -0.365 0.002080748 0.01737586 -0.365 -0.002487353 0.01732233 -0.365 0.02053317 0.002872635 -0.365 0.01732233 0.002487353 -0.365 0.01608831 0.006885943 -0.365 0.01737586 -0.002080748 -0.365 0.02227049 -0.009226369 -0.365 0.01624521 -0.00650706 -0.365 0.01758119 -0.009899716 -0.365 0.0140076 -0.01048994 -0.365 0.01802781 -0.01359404 -0.365 0.01786625 -0.01422643 -0.365 0.01461773 -0.01739492 -0.365 0.01787388 -0.01487897 -0.365 0.01081527 -0.01375786 -0.365 -0.00650706 -0.01624521 -0.365 -0.005023251 -0.02021521 -0.365 -0.002080748 -0.01737586 -0.365 0.002487353 -0.01732233 -0.365 -0.01732233 -0.002487353 -0.365 -0.01608831 -0.006885943 -0.365 -0.01375786 -0.01081527 -0.365 0.02373746 0.01282051 -0.365 0.02306722 0.01299172 -0.365 0.02752338 0.01632365 -0.365 0.02111437 0.01244386 -0.365 0.020631 0.01194899 -0.365 0.01915373 0.01517457 -0.365 0.02029218 0.01134588 -0.365 0.02012091 0.0106756 -0.365 0.02012901 0.009983858 -0.365 0.02031588 0.009317786 -0.365 0.02438985 0.008277173 -0.365 0.02487332 0.008772055 -0.365 0.03167512 0.004548302 -0.365 0.02521214 0.009375165 -0.365 0.03017913 0.01064041 -0.365 0.02538331 0.01004543 -0.365 0.02434065 0.01248167 -0.365 0.0253752 0.01073717 -0.365 0.02518833 0.01140324 -0.365 0.02483548 0.01199826 -0.365 0.02237545 0.01298361 -0.365 0.02170945 0.01279675 -0.365 0.02176675 0.007900516 -0.365 0.02243709 0.007729326 -0.365 0.02091238 0.002927086 -0.365 0.02312876 0.007737419 -0.365 0.02379487 0.007924292 -0.365 -0.005034807 -0.02456906 -0.365 -0.008684722 -0.02392348 -0.365 -0.004863593 -0.02389882 -0.365 -0.004575499 -0.02333343 -0.365 -0.004524732 -0.02329573 -0.365 -0.003992069 -0.02700529 -0.365 -0.003986082 -0.02743823 -0.365 -0.004486937 -0.02652192 -0.365 -0.008095305 -0.02802828 -0.365 -0.004839827 -0.02592693 -0.365 -0.00502669 -0.02526083 -0.365 -0.003446323 -0.02244795 -0.365 -0.004041341 -0.0228008 -0.365 -0.004823097 -0.02160912 -0.365 -0.0008151208 -0.02276306 -0.365 -0.001418246 -0.02242415 -0.365 0.00294278 -0.020494 -0.365 -0.00208851 -0.02225298 -0.365 -0.002780251 -0.02226108 -0.365 3.262733e-05 -0.02384142 -0.365 -0.0003202531 -0.02324643 -0.365 0.003190378 -0.02221831 -0.365 -0.0002824578 -0.02647261 -0.365 5.640317e-05 -0.02586953 -0.365 0.003779795 -0.02632311 -0.365 0.0002276073 -0.02519929 -0.365 0.0002195006 -0.02450752 -0.365 -0.003388944 -0.0273442 -0.365 -0.00271868 -0.02751537 -0.365 -0.003555415 -0.03043747 -0.365 -0.002026939 -0.02750727 -0.365 0.004210462 -0.02932235 -0.365 -0.001360867 -0.0273204 -0.365 -0.0007658487 -0.02696755 -0.365 0.02290813 -0.007112678 -0.365 0.02351122 -0.007451499 -0.365 0.0226497 -0.009171917 -0.365 0.02203665 -0.004006177 -0.365 0.02186538 -0.004676455 -0.365 0.02187348 -0.005368197 -0.365 0.02206035 -0.006034269 -0.365 0.0224133 -0.006629273 -0.365 0.03100451 -0.007919495 -0.365 0.02613431 -0.007074843 -0.365 0.02661779 -0.006580001 -0.365 0.03195379 -0.001718605 -0.365 0.0269329 -0.003948798 -0.365 0.02657995 -0.003353794 -0.365 0.02608511 -0.002870389 -0.365 0.02285883 -0.002908199 -0.365 0.02237546 -0.003403066 -0.365 0.0269566 -0.00597689 -0.365 0.02712787 -0.005306611 -0.365 0.02711967 -0.004614884 -0.365 0.02345392 -0.002555304 -0.365 0.02418156 -0.007622758 -0.365 0.02487333 -0.007614652 -0.365 0.02553934 -0.007427793 -0.365 0.02548193 -0.002531542 -0.365 0.02481169 -0.002360338 -0.365 0.02412002 -0.002368431 -0.365 -0.02027749 -0.01000518 -0.365 -0.02045379 -0.009376808 -0.365 -0.02058608 -0.003031772 -0.365 -0.02078676 -0.008815484 -0.365 -0.0242507 -0.0123616 -0.365 -0.02368169 -0.01268126 -0.365 -0.02429715 -0.008395104 -0.365 -0.02475322 -0.008861957 -0.365 -0.02606301 -0.003818216 -0.365 -0.02507289 -0.009430941 -0.365 -0.02523436 -0.01006326 -0.365 -0.02736792 -0.004005592 -0.365 -0.02522673 -0.01071585 -0.365 -0.0256306 -0.01610459 -0.365 -0.02505042 -0.01134422 -0.365 -0.02471756 -0.01190556 -0.365 -0.02026986 -0.01065777 -0.365 -0.02131766 0.002063042 -0.365 -0.01737586 0.002080748 -0.365 -0.02125362 -0.008359441 -0.365 -0.02182253 -0.008039768 -0.365 -0.0224549 -0.00787826 -0.365 -0.02120707 -0.01232593 -0.365 -0.02075109 -0.01185909 -0.365 -0.02043142 -0.0112901 -0.365 -0.02310744 -0.007885896 -0.365 -0.02373587 -0.008062196 -0.365 -0.02304941 -0.01284279 -0.365 -0.02239677 -0.01283513 -0.365 -0.02176845 -0.01265886 -0.365 0.02189354 -0.01648908 -0.365 0.02234962 -0.01602222 -0.365 0.02326513 -0.01615322 -0.365 0.02266929 -0.0154532 -0.365 0.02283076 -0.01482093 -0.365 0.02282312 -0.01416829 -0.365 0.02264682 -0.01353997 -0.365 0.02231395 -0.01297859 -0.365 0.0218471 -0.01252261 -0.365 0.01936484 -0.01222531 -0.365 0.01880347 -0.01255828 -0.365 0.01834749 -0.01302513 -0.365 0.02127809 -0.01220294 -0.365 0.0206458 -0.01204137 -0.365 0.01999316 -0.01204901 -0.365 0.02133227 -0.01682204 -0.365 0.02346529 -0.01754712 -0.365 0.02070383 -0.01699825 -0.365 0.01877598 -0.01822047 -0.365 0.02005131 -0.01700597 -0.365 0.01941892 -0.01684442 -0.365 0.01805019 -0.01550739 -0.365 0.01838315 -0.01606866 -0.365 0.01857583 -0.01682657 -0.365 0.01885001 -0.01652473 -0.365 -0.00956326 0.02579381 -0.365 -0.01004667 0.02529897 -0.365 -0.01153501 0.02513375 -0.365 -0.01038551 0.02469579 -0.365 -0.01055672 0.02402555 -0.365 -0.01054861 0.02333378 -0.365 -0.01095626 0.02110319 -0.365 -0.01036175 0.02266778 -0.365 -0.01000886 0.02207269 -0.365 -0.006940165 0.02617046 -0.365 -0.007610429 0.02634163 -0.365 -0.004548302 0.03167512 -0.365 -0.01231418 0.03056 -0.365 -0.00830217 0.02633353 -0.365 -0.008968242 0.02614666 -0.365 -0.006337054 0.02583165 -0.365 -0.003769135 0.02624887 -0.365 -0.005842172 0.02534818 -0.365 -0.005489292 0.02475319 -0.365 -0.005804377 0.02212199 -0.365 -0.005465516 0.02272508 -0.365 -0.003190378 0.02221831 -0.365 -0.005294326 0.02339542 -0.365 -0.005302419 0.02408709 -0.365 -0.009513988 0.02158932 -0.365 -0.008910878 0.02125051 -0.365 -0.01072998 0.01952735 -0.365 -0.008240599 0.02107924 -0.365 -0.007548858 0.02108734 -0.365 -0.0029641 0.02064247 -0.365 -0.006882786 0.02127421 -0.365 -0.006287782 0.02162716 -0.365 0.001419888 0.02718249 -0.365 0.0008585505 0.02684962 -0.365 -0.0011752 0.02662134 -0.365 0.0004025072 0.02638276 -0.365 8.284799e-05 0.02581375 -0.365 -7.867354e-05 0.02518148 -0.365 -7.102345e-05 0.02452884 -0.365 -0.0005964433 0.02259078 -0.365 0.0001052626 0.02390051 -0.365 0.003333169 0.02720496 -0.365 0.001718605 0.03195379 -0.365 0.007919495 0.03100451 -0.365 0.002700849 0.02736643 -0.365 0.002048259 0.02735879 -0.365 -0.001924357 0.03194208 -0.365 0.003948639 0.02291872 -0.365 0.004404683 0.02338558 -0.365 0.008684722 0.02392348 -0.365 0.004724342 0.02395459 -0.365 0.004885859 0.02458697 -0.365 0.004878213 0.02523951 -0.365 0.004701923 0.02586793 -0.365 0.008105965 0.02795404 -0.365 0.004369006 0.02642921 -0.365 0.003902152 0.02688529 -0.365 0.0004381841 0.02333913 -0.365 0.0009050377 0.02288306 -0.365 0.001474021 0.02256339 -0.365 0.003387302 0.02258586 -0.365 0.002758931 0.02240956 -0.365 0.00210634 0.02240192 -0.365 0.005489292 -0.02475319 -0.365 0.005842172 -0.02534818 -0.365 0.005465516 -0.02272508 -0.365 0.005294326 -0.02339542 -0.365 0.005302419 -0.02408709 -0.365 0.01000886 -0.02207269 -0.365 0.009513988 -0.02158932 -0.365 0.01506548 -0.02051314 -0.365 0.008910878 -0.02125051 -0.365 0.01481788 -0.01878883 -0.365 0.008240599 -0.02107924 -0.365 0.005536714 -0.02012153 -0.365 0.007548858 -0.02108734 -0.365 0.006882786 -0.02127421 -0.365 0.01038551 -0.02469579 -0.365 0.01055672 -0.02402555 -0.365 0.01565489 -0.02461794 -0.365 0.01054861 -0.02333378 -0.365 0.01036175 -0.02266778 -0.365 0.01608556 -0.02761717 -0.365 0.00956326 -0.02579381 -0.365 0.01004667 -0.02529897 -0.365 0.006337054 -0.02583165 -0.365 0.00637373 -0.02595064 -0.365 0.006940165 -0.02617046 -0.365 0.006804397 -0.02894988 -0.365 0.007610429 -0.02634163 -0.365 0.00830217 -0.02633353 -0.365 0.008968242 -0.02614666 -0.365 0.01902358 -0.01994479 -0.365 0.02139594 -0.02379518 -0.365 0.019613 -0.02404958 -0.365 0.02137948 -0.02380997 -0.365 0.01632365 -0.02752338 -0.365 0.02575427 -0.01899256 -0.365 0.0256138 -0.01918154 -0.365 0.02439173 -0.02071339 -0.365 0.01890174 0.01692947 -0.365 0.01264282 0.02449184 -0.365 0.0139429 0.02880269 -0.365 0.01716143 0.02700894 -0.365 0.01206407 0.0285224 -0.365 0.01381593 0.02886376 -0.365 -0.04213776 0.02627756 -0.365 -0.04135859 0.02085132 -0.365 -0.05503052 0.02442626 -0.365 -0.05629291 0.01870686 -0.365 -0.05704135 0.02386212 -0.365 -0.06131984 0.01948213 -0.365 -0.06029695 0.02130291 -0.365 -0.05883757 0.0227968 -0.365 -0.05498977 -0.03214227 -0.365 -0.0493334 -0.02976032 -0.365 -0.04874398 -0.03386512 -0.365 -0.05186642 -0.0374087 -0.365 -0.05336031 -0.03594932 -0.365 -0.05442563 -0.0341531 -0.365 -0.04831331 -0.03686436 -0.365 -0.04802224 -0.03894844 -0.365 -0.05004564 -0.03843159 -0.365 0.01903106 0.01773361 -0.365 0.01980159 0.007967448 -0.365 0.01375786 0.01081527 -0.365 0.02702897 -0.01712997 -0.365 0.0238445 -0.01749267 -0.365 0.004548302 -0.03167512 -0.365 0.01064041 -0.03017913 -0.365 -0.006885943 0.01608831 -0.365 -0.01081527 0.01375786 -0.365 -0.01564423 0.0245437 -0.365 -0.02436588 0.02329134 -0.365 -0.0298428 0.02250489 -0.365 -0.02297159 0.01414697 -0.365 -0.02278474 0.01348097 -0.365 -0.02259672 0.01097061 -0.365 -0.02356084 0.01768494 -0.365 -0.0229797 0.01483875 -0.365 -0.01771731 0.01420861 -0.365 -0.0177254 0.01490029 -0.365 -0.01387507 0.01222297 -0.365 -0.02072516 0.01714673 -0.365 -0.02139126 0.01695985 -0.365 -0.02198625 0.016607 -0.365 -0.02246972 0.01611216 -0.365 -0.02280853 0.01550898 -0.365 -0.01791228 0.01556639 -0.365 -0.01826523 0.01616136 -0.365 -0.02243187 0.01288588 -0.365 -0.02193704 0.01240251 -0.365 -0.02133386 0.0120637 -0.365 -0.01876007 0.01664484 -0.365 -0.01936315 0.01698366 -0.365 -0.02003348 0.01715482 -0.365 -0.01871077 0.01244036 -0.365 -0.01822739 0.01293519 -0.365 -0.01788857 0.01353827 -0.365 -0.02066361 0.01189243 -0.365 -0.01997184 0.01190054 -0.365 -0.01930584 0.01208739 -0.365 -0.03114772 0.02231752 -0.365 -0.02926405 0.01847433 -0.365 -0.02807364 0.01018416 -0.365 -0.02903777 0.0168985 -0.365 -0.02782165 0.008429265 -0.365 -0.02661779 0.006580001 -0.365 -0.0269566 0.00597689 -0.365 -0.02679458 0.001276598 -0.365 -0.02657995 0.003353794 -0.365 -0.02608511 0.002870389 -0.365 -0.02345392 0.002555304 -0.365 -0.02285883 0.002908199 -0.365 -0.02237546 0.003403066 -0.365 -0.02187348 0.005368197 -0.365 -0.02206035 0.006034269 -0.365 -0.0224133 0.006629273 -0.365 -0.02290813 0.007112678 -0.365 -0.02351122 0.007451499 -0.365 -0.02613431 0.007074843 -0.365 -0.02712787 0.005306611 -0.365 -0.02711967 0.004614884 -0.365 -0.0269329 0.003948798 -0.365 -0.02203665 0.004006177 -0.365 -0.02186538 0.004676455 -0.365 -0.02418156 0.007622758 -0.365 -0.02487333 0.007614652 -0.365 -0.02553934 0.007427793 -0.365 -0.02548193 0.002531542 -0.365 -0.02481169 0.002360338 -0.365 -0.02412002 0.002368431 -0.365 -0.0164234 0.02996994 -0.365 -0.02514505 0.02871758 -0.365 -0.03062197 0.02793114 -0.365 -0.03192689 0.02774376 -0.365 -0.03056896 0.01828696 -0.365 -0.03034268 0.01671112 -0.365 -0.02937856 0.009996789 -0.365 -0.02912657 0.008241889 -0.365 -0.0280995 0.001089222 -0.365 -0.02463596 -0.02303145 -0.365 -0.00893232 -0.02219917 -0.365 -0.01765396 -0.02345153 -0.365 -0.02313089 -0.02423798 -0.365 -0.0244358 -0.02442535 -0.365 -0.01740637 -0.02517585 -0.365 -0.02288329 -0.02596229 -0.365 -0.02418821 -0.02614966 -0.365 -0.03389609 0.02164819 -0.365 -0.03431076 0.02153186 -0.365 -0.0346813 0.02131217 -0.365 -0.03498226 0.02100406 -0.365 -0.03519322 0.02062847 -0.365 -0.03342704 0.01838169 -0.365 -0.03301228 0.01849812 -0.365 -0.03264185 0.0187178 -0.365 -0.03202832 0.02024946 -0.365 -0.03214465 0.02066423 -0.365 -0.03236433 0.02103467 -0.365 -0.03267255 0.02133572 -0.365 -0.03529989 0.02021117 -0.365 -0.03529481 0.01978042 -0.365 -0.04077983 0.01682076 -0.365 -0.03517849 0.01936574 -0.365 -0.0349587 0.01899522 -0.365 -0.03465059 0.01869425 -0.365 -0.03427509 0.01848328 -0.365 -0.03385771 0.01837673 -0.365 -0.03234088 0.01902591 -0.365 -0.03212981 0.01940142 -0.365 -0.03202326 0.01981881 -0.365 -0.03304805 0.02154669 -0.365 -0.03346534 0.02165326 -0.365 -0.02731882 -0.0271612 -0.365 -0.02768935 -0.0273809 -0.365 -0.03439908 -0.02761587 -0.365 -0.02799031 -0.027689 -0.365 -0.04055355 0.01524492 -0.365 -0.03958943 0.008530587 -0.365 -0.03933744 0.006775687 -0.365 -0.03831037 -0.0003769799 -0.365 -0.03757879 -0.005471794 -0.365 -0.03584147 -0.0175708 -0.365 -0.03484683 -0.02449765 -0.365 -0.03464667 -0.02589155 -0.365 -0.02690415 -0.02704478 -0.365 -0.02503638 -0.02844351 -0.365 -0.0251527 -0.02802883 -0.365 -0.0253724 -0.0276583 -0.365 -0.0256806 -0.02735735 -0.365 -0.02820129 -0.0280645 -0.365 -0.02830794 -0.0284819 -0.365 -0.03380966 -0.03172066 -0.365 -0.02830288 -0.02891255 -0.365 -0.02818654 -0.02932733 -0.365 -0.02796676 -0.02969775 -0.365 -0.02765864 -0.02999881 -0.365 -0.02728315 -0.03020978 -0.365 -0.02686576 -0.03031634 -0.365 -0.02643511 -0.03031128 -0.365 -0.02359879 -0.03025446 -0.365 -0.02602033 -0.03019494 -0.365 -0.0256499 -0.02997526 -0.365 -0.02534893 -0.02966716 -0.365 -0.02513788 -0.02929154 -0.365 -0.02503131 -0.02887426 -0.365 -0.0260561 -0.02714638 -0.365 -0.02647339 -0.02703981 -0.365 -0.02229387 -0.03006709 -0.365 -0.01681695 -0.02928064 -0.365 -0.003217575 -0.03279024 -0.365 -0.007664637 -0.03102752 -0.365 -0.007326798 -0.03338029 -0.365 -0.01638628 -0.03227988 -0.365 -0.01604844 -0.03463265 -0.365 -0.02186321 -0.03306632 -0.365 -0.02152537 -0.03541909 -0.365 -0.02316812 -0.0332537 -0.365 -0.02283028 -0.03560647 -0.365 -0.03337899 -0.0347199 -0.365 -0.03304115 -0.03707267 -0.365 -0.04593391 -0.03892397 -0.365 -0.04980641 0.0168632 -0.365 -0.0494983 0.01656224 -0.365 -0.05571415 0.0146763 -0.365 -0.04952901 0.01918015 -0.365 -0.04982997 0.01887205 -0.365 -0.05004093 0.01849645 -0.365 -0.0501476 0.01807915 -0.365 -0.05014252 0.0176484 -0.365 -0.0500262 0.01723372 -0.365 -0.0491228 0.01635127 -0.365 -0.04870542 0.01624471 -0.365 -0.04827475 0.01624967 -0.365 -0.04699236 0.01853222 -0.365 -0.04721204 0.01890265 -0.365 -0.04752026 0.0192037 -0.365 -0.04789576 0.01941467 -0.365 -0.04831305 0.01952124 -0.365 -0.0487438 0.01951617 -0.365 -0.04915847 0.01939985 -0.365 -0.04785999 0.01636611 -0.365 -0.04748956 0.01658579 -0.365 -0.04718859 0.01689389 -0.365 -0.04697752 0.01726941 -0.365 -0.04687097 0.01768679 -0.365 -0.04687603 0.01811744 -0.365 -0.05548788 0.01310047 -0.365 -0.05452375 0.006386134 -0.365 -0.05427176 0.004631234 -0.365 -0.05324469 -0.002521433 -0.365 -0.05251312 -0.007616247 -0.365 -0.05077579 -0.01971525 -0.365 -0.04978115 -0.0266421 -0.365 -0.049581 -0.02803601 -0.365 -0.04253706 -0.02951292 -0.365 -0.04283803 -0.02982102 -0.365 -0.043049 -0.03019652 -0.365 -0.04315565 -0.03061392 -0.365 -0.04315059 -0.03104457 -0.365 -0.04303426 -0.03145934 -0.365 -0.04281447 -0.03182977 -0.365 -0.04250635 -0.03213083 -0.365 -0.04213086 -0.0323418 -0.365 -0.04171347 -0.03244836 -0.365 -0.04128282 -0.0324433 -0.365 -0.04086804 -0.03232696 -0.365 -0.04090381 -0.02927839 -0.365 -0.04052832 -0.02948936 -0.365 -0.04022011 -0.02979031 -0.365 -0.0413211 -0.02917182 -0.365 -0.04175186 -0.0291768 -0.365 -0.04216653 -0.02929322 -0.365 -0.04049761 -0.03210728 -0.365 -0.04019664 -0.03179917 -0.365 -0.03998559 -0.03142356 -0.365 -0.03987902 -0.03100628 -0.365 -0.03988409 -0.03057553 -0.365 -0.04000041 -0.03016085 -0.365 -0.05521062 -0.03060424 -0.365 -0.05545821 -0.02887993 -0.365 -0.05565837 -0.02748603 -0.365 -0.05665301 -0.02055917 -0.365 -0.05839033 -0.00846017 -0.365 -0.05912191 -0.003365356 -0.365 -0.06014898 0.00378731 -0.365 -0.06040097 0.005542211 -0.365 -0.06136509 0.01225654 -0.365 -0.06159137 0.01383238 -0.365 -0.06181222 0.01537041 -0.365 -0.06183669 0.01745873 -0.365 -0.05442563 -0.0341531 -0.385427 -0.05442563 -0.0341531 -0.365 -0.05336031 -0.03594932 -0.383498 -0.05336031 -0.03594932 -0.384283 -0.05386539 -0.03522849 -0.365 -0.05186642 -0.0374087 -0.365 -0.05004564 -0.03843159 -0.38057 -0.05004564 -0.03843159 -0.381188 -0.05104157 -0.03795026 -0.381841 -0.05186642 -0.0374087 -0.382596 -0.05263284 -0.0367555 -0.365 -0.04802224 -0.03894844 -0.379611 -0.04727637 -0.03900258 -0.37977 -0.04802224 -0.03894844 -0.380177 -0.04922424 -0.03870997 -0.305077 -0.1272107 0.0451627 -0.305077 -0.1331498 0.04430989 -0.305148 -0.1272879 0.04570068 -0.305148 -0.133227 0.04484788 -0.305358 -0.1273599 0.04620204 -0.305358 -0.133299 0.04534923 -0.305692 -0.1274218 0.04663252 -0.305692 -0.1333608 0.04577972 -0.306127 -0.1274692 0.04696284 -0.306127 -0.1334083 0.04611003 -0.306633 -0.127499 0.04717051 -0.306633 -0.1334381 0.0463177 -0.307177 -0.1275092 0.04724138 -0.307177 -0.1334483 0.04638857 -0.30772 -0.127499 0.04717051 -0.30772 -0.1334381 0.0463177 -0.308227 -0.1274692 0.04696284 -0.308227 -0.1334083 0.04611003 -0.308662 -0.1274218 0.04663252 -0.308662 -0.1333608 0.04577972 -0.308995 -0.1273599 0.04620204 -0.308995 -0.133299 0.04534923 -0.309205 -0.1272879 0.04570068 -0.309205 -0.133227 0.04484788 -0.309277 -0.1272107 0.0451627 -0.309277 -0.1331498 0.04430989 -0.309205 -0.1271334 0.04462472 -0.309205 -0.1330725 0.04377191 -0.308995 -0.1270615 0.04412336 -0.308995 -0.1330005 0.04327055 -0.308662 -0.1269996 0.04369288 -0.308662 -0.1329387 0.04284007 -0.308227 -0.1269522 0.04336246 -0.308227 -0.1328913 0.04250966 -0.30772 -0.1269224 0.04315479 -0.30772 -0.1328615 0.04230199 -0.307177 -0.1269122 0.04308402 -0.307177 -0.1328513 0.04223121 -0.306633 -0.1269224 0.04315479 -0.306633 -0.1328615 0.04230199 -0.306127 -0.1269522 0.04336246 -0.306127 -0.1328913 0.04250966 -0.305692 -0.1269996 0.04369288 -0.305692 -0.1329387 0.04284007 -0.305358 -0.1270615 0.04412336 -0.305358 -0.1330005 0.04327055 -0.305148 -0.1271334 0.04462472 -0.305148 -0.1330725 0.04377191 -0.305077 -0.1093628 -0.07913283 -0.305077 -0.1153019 -0.07998564 -0.305148 -0.1094401 -0.07859485 -0.305148 -0.1153792 -0.07944765 -0.305358 -0.1095121 -0.07809349 -0.305358 -0.1154511 -0.0789463 -0.305692 -0.1095739 -0.077663 -0.305692 -0.115513 -0.07851581 -0.306127 -0.1096213 -0.07733259 -0.306127 -0.1155604 -0.0781854 -0.306633 -0.1096511 -0.07712492 -0.306633 -0.1155902 -0.07797773 -0.307177 -0.1096613 -0.07705415 -0.307177 -0.1156004 -0.07790696 -0.30772 -0.1096511 -0.07712492 -0.30772 -0.1155902 -0.07797773 -0.308227 -0.1096213 -0.07733259 -0.308227 -0.1155604 -0.0781854 -0.308662 -0.1095739 -0.077663 -0.308662 -0.115513 -0.07851581 -0.308995 -0.1095121 -0.07809349 -0.308995 -0.1154511 -0.0789463 -0.309205 -0.1094401 -0.07859485 -0.309205 -0.1153792 -0.07944765 -0.309277 -0.1093628 -0.07913283 -0.309277 -0.1153019 -0.07998564 -0.309205 -0.1092856 -0.07967081 -0.309205 -0.1152247 -0.08052362 -0.308995 -0.1092136 -0.08017217 -0.308995 -0.1151527 -0.08102498 -0.308662 -0.1091518 -0.08060265 -0.308662 -0.1150909 -0.08145546 -0.308227 -0.1091043 -0.08093297 -0.308227 -0.1150434 -0.08178577 -0.30772 -0.1090745 -0.08114064 -0.30772 -0.1150136 -0.08199344 -0.307177 -0.1090643 -0.08121151 -0.307177 -0.1150034 -0.08206432 -0.306633 -0.1090745 -0.08114064 -0.306633 -0.1150136 -0.08199344 -0.306127 -0.1091043 -0.08093297 -0.306127 -0.1150434 -0.08178577 -0.305692 -0.1091518 -0.08060265 -0.305692 -0.1150909 -0.08145546 -0.305358 -0.1092136 -0.08017217 -0.305358 -0.1151527 -0.08102498 -0.305148 -0.1092856 -0.07967081 -0.305148 -0.1152247 -0.08052362 -0.299787 -0.1174203 -0.06523275 -0.315813 -0.1174203 -0.06523275 -0.315813 -0.1160293 -0.07491999 -0.306633 -0.1328615 0.04230199 -0.307177 -0.1328513 0.04223121 -0.299787 -0.1324224 0.03924425 -0.364929 -0.1321214 0.03714795 -0.362332 -0.1312908 0.03136348 -0.348213 -0.1312908 0.03136348 -0.371968 -0.1312755 0.03125737 -0.348799 -0.1150739 -0.08157365 -0.348213 -0.1160293 -0.07491999 -0.35716 -0.1156254 -0.07773304 -0.2671135 -0.1186755 -0.05649171 -0.2624162 -0.1198027 -0.04864162 -0.2676294 -0.1199511 -0.04760812 -0.367934 -0.1308359 0.02819548 -0.367862 -0.1307586 0.02765739 -0.362332 -0.1307802 0.02780785 -0.368477 -0.117482 -0.06480306 -0.368912 -0.1174346 -0.06513337 -0.362332 -0.1174203 -0.06523275 -0.276553 -0.1309697 0.02912732 -0.276219 -0.1309079 0.02869673 -0.276012 -0.1312728 0.03123846 -0.27601 -0.1308359 0.02819548 -0.275938 -0.1307586 0.02765739 -0.275591 -0.1307802 0.02780785 -0.276553 -0.117482 -0.06480306 -0.276988 -0.1174346 -0.06513337 -0.276119 -0.1174203 -0.06523275 -0.278582 -0.1174048 -0.06534104 -0.279088 -0.1174346 -0.06513337 -0.285668 -0.1174203 -0.06523275 -0.345655 -0.118185 -0.05990737 -0.348213 -0.1181787 -0.05995083 -0.33874 -0.1177779 -0.06274269 -0.302345 -0.1302667 0.02423163 -0.299787 -0.1302729 0.02427509 -0.30926 -0.1306738 0.02706695 -0.356746 -0.130381 0.02502747 -0.356803 -0.1303203 0.02460471 -0.362332 -0.1302729 0.02427509 -0.356746 -0.1302596 0.02418194 -0.356582 -0.130203 0.02378808 -0.356582 -0.1304375 0.02542133 -0.356319 -0.1304861 0.02575956 -0.355978 -0.1305234 0.0260191 -0.354328 -0.1305234 0.0260191 -0.353986 -0.1304861 0.02575956 -0.348213 -0.1307802 0.02780785 -0.353724 -0.1304375 0.02542133 -0.353559 -0.130381 0.02502747 -0.348213 -0.1302729 0.02427509 -0.35558 -0.1305468 0.02618232 -0.355153 -0.1305548 0.02623795 -0.354726 -0.1305468 0.02618232 -0.353503 -0.1303203 0.02460471 -0.353559 -0.1302596 0.02418194 -0.352037 -0.1297108 0.02036044 -0.353724 -0.130203 0.02378808 -0.353986 -0.1301544 0.02344985 -0.357729 -0.1290199 0.01554869 -0.35558 -0.1300937 0.02302709 -0.362332 -0.1285006 0.01193238 -0.355978 -0.1301172 0.02319031 -0.356319 -0.1301544 0.02344985 -0.354328 -0.1301172 0.02319031 -0.354726 -0.1300937 0.02302709 -0.355153 -0.1300857 0.02297146 -0.356746 -0.1180707 -0.06070321 -0.356803 -0.1181314 -0.06028045 -0.362332 -0.1181787 -0.05995083 -0.348213 -0.1176715 -0.06348359 -0.353503 -0.1181314 -0.06028045 -0.353559 -0.1180707 -0.06070321 -0.356319 -0.1179656 -0.0614353 -0.356582 -0.1180142 -0.06109707 -0.362332 -0.1176715 -0.06348359 -0.353724 -0.1180142 -0.06109707 -0.353986 -0.1179656 -0.0614353 -0.354328 -0.1179283 -0.06169484 -0.355978 -0.1179283 -0.06169484 -0.354726 -0.1179049 -0.06185807 -0.355153 -0.1178969 -0.0619137 -0.35558 -0.1179049 -0.06185807 -0.356746 -0.1181921 -0.05985768 -0.356582 -0.1182487 -0.05946382 -0.362332 -0.1199511 -0.04760812 -0.356319 -0.1182972 -0.05912559 -0.355978 -0.1183345 -0.05886605 -0.354726 -0.118358 -0.05870283 -0.354328 -0.1183345 -0.05886605 -0.352037 -0.1187409 -0.05603618 -0.353986 -0.1182972 -0.05912559 -0.353724 -0.1182487 -0.05946382 -0.353559 -0.1181921 -0.05985768 -0.355153 -0.1183659 -0.0586472 -0.357729 -0.1194318 -0.05122443 -0.35558 -0.118358 -0.05870283 -0.294497 -0.1303203 0.02460471 -0.294441 -0.130381 0.02502747 -0.299787 -0.1307802 0.02780785 -0.293672 -0.1305234 0.0260191 -0.293274 -0.1305468 0.02618232 -0.292847 -0.1305548 0.02623795 -0.29242 -0.1305468 0.02618232 -0.292022 -0.1305234 0.0260191 -0.285668 -0.1307802 0.02780785 -0.291681 -0.1304861 0.02575956 -0.294276 -0.1304375 0.02542133 -0.294014 -0.1304861 0.02575956 -0.291418 -0.1304375 0.02542133 -0.291254 -0.130381 0.02502747 -0.285668 -0.1302729 0.02427509 -0.291681 -0.1301544 0.02344985 -0.292022 -0.1301172 0.02319031 -0.285668 -0.1285006 0.01193238 -0.290271 -0.1290199 0.01554869 -0.28541 -0.1282109 0.009914875 -0.293274 -0.1300937 0.02302709 -0.295963 -0.1297108 0.02036044 -0.292847 -0.1300857 0.02297146 -0.29242 -0.1300937 0.02302709 -0.291197 -0.1303203 0.02460471 -0.291254 -0.1302596 0.02418194 -0.291418 -0.130203 0.02378808 -0.293672 -0.1301172 0.02319031 -0.294014 -0.1301544 0.02344985 -0.294276 -0.130203 0.02378808 -0.294441 -0.1302596 0.02418194 -0.293672 -0.1179283 -0.06169484 -0.294014 -0.1179656 -0.0614353 -0.299787 -0.1176715 -0.06348359 -0.291254 -0.1180707 -0.06070321 -0.291418 -0.1180142 -0.06109707 -0.285668 -0.1176715 -0.06348359 -0.291681 -0.1179656 -0.0614353 -0.292022 -0.1179283 -0.06169484 -0.29242 -0.1179049 -0.06185807 -0.292847 -0.1178969 -0.0619137 -0.293274 -0.1179049 -0.06185807 -0.294276 -0.1180142 -0.06109707 -0.294441 -0.1180707 -0.06070321 -0.299787 -0.1181787 -0.05995083 -0.291418 -0.1182487 -0.05946382 -0.291254 -0.1181921 -0.05985768 -0.285668 -0.1181787 -0.05995083 -0.291197 -0.1181314 -0.06028045 -0.294014 -0.1182972 -0.05912559 -0.293672 -0.1183345 -0.05886605 -0.295963 -0.1187409 -0.05603618 -0.293274 -0.118358 -0.05870283 -0.290271 -0.1194318 -0.05122443 -0.294497 -0.1181314 -0.06028045 -0.294441 -0.1181921 -0.05985768 -0.294276 -0.1182487 -0.05946382 -0.292847 -0.1183659 -0.0586472 -0.29242 -0.118358 -0.05870283 -0.285668 -0.1199511 -0.04760812 -0.292022 -0.1183345 -0.05886605 -0.291681 -0.1182972 -0.05912559 -0.281499 -0.1273038 0.00359757 -0.276119 -0.1285006 0.01193238 -0.278635 -0.1263209 -0.003247422 -0.276887 -0.1252864 -0.01045171 -0.276119 -0.1242258 -0.01783787 -0.299787 -0.1312908 0.03136348 -0.316538 -0.1309222 0.02879651 -0.315813 -0.1312908 0.03136348 -0.324 -0.1310057 0.02937785 -0.332187 -0.1312908 0.03136348 -0.33874 -0.1306738 0.02706695 -0.331462 -0.1309222 0.02879651 -0.372409 -0.1285006 0.01193238 -0.372409 -0.1242258 -0.01783787 -0.371113 -0.1252864 -0.01045171 -0.3717 -0.1242258 -0.01783787 -0.369365 -0.1263209 -0.003247422 -0.366501 -0.1273038 0.00359757 -0.36259 -0.1282109 0.009914875 -0.371113 -0.1231652 -0.02522403 -0.372409 -0.1221328 -0.03241397 -0.369365 -0.1221308 -0.03242832 -0.366501 -0.1211479 -0.03927331 -0.372409 -0.1199511 -0.04760812 -0.36259 -0.1202408 -0.04559062 -0.324 -0.117446 -0.06505359 -0.332187 -0.1174203 -0.06523275 -0.331462 -0.1175295 -0.06447225 -0.348213 -0.1174203 -0.06523275 -0.30926 -0.1177779 -0.06274269 -0.316538 -0.1175295 -0.06447225 -0.302345 -0.118185 -0.05990737 -0.2763 -0.1242258 -0.01783787 -0.276887 -0.1231652 -0.02522403 -0.276119 -0.1221328 -0.03241397 -0.278635 -0.1221308 -0.03242832 -0.276119 -0.1199511 -0.04760812 -0.281499 -0.1211479 -0.03927331 -0.28541 -0.1202408 -0.04559062 -0.280138 -0.1176931 -0.06333314 -0.280066 -0.1177703 -0.06279515 -0.279857 -0.1178423 -0.0622938 -0.279523 -0.1179041 -0.06186331 -0.279088 -0.1179516 -0.061533 -0.278582 -0.1179814 -0.06132533 -0.276119 -0.1181787 -0.05995083 -0.278038 -0.1179916 -0.06125446 -0.277495 -0.1179814 -0.06132533 -0.276988 -0.1179516 -0.061533 -0.279523 -0.117482 -0.06480306 -0.279857 -0.1175438 -0.06437248 -0.280066 -0.1176158 -0.06387122 -0.276012 -0.1171789 -0.06691421 -0.277495 -0.1174048 -0.06534104 -0.279452 -0.1167365 -0.06999491 -0.278038 -0.1173946 -0.06541182 -0.276553 -0.1179041 -0.06186331 -0.276219 -0.1178423 -0.0622938 -0.275591 -0.1181787 -0.05995083 -0.27601 -0.1177703 -0.06279515 -0.275591 -0.1176715 -0.06348359 -0.275938 -0.1176931 -0.06333314 -0.275591 -0.1174203 -0.06523275 -0.27601 -0.1176158 -0.06387122 -0.276219 -0.1175438 -0.06437248 -0.384757 -0.1217574 -0.03502835 -0.380371 -0.1221328 -0.03241397 -0.384685 -0.1218347 -0.03449027 -0.384757 -0.1219119 -0.03395229 -0.385735 -0.1220932 -0.03269013 -0.386242 -0.122123 -0.03248246 -0.386785 -0.1221332 -0.03241159 -0.384967 -0.1216854 -0.03552961 -0.380371 -0.1199511 -0.04760812 -0.388604 -0.1216854 -0.03552961 -0.388814 -0.1217574 -0.03502835 -0.390548 -0.1216348 -0.03588229 -0.388885 -0.1218347 -0.03449027 -0.392384 -0.1229187 -0.0269413 -0.388814 -0.1219119 -0.03395229 -0.388604 -0.1219839 -0.03345093 -0.38827 -0.1220457 -0.03302045 -0.387835 -0.1220932 -0.03269013 -0.387329 -0.122123 -0.03248246 -0.3853 -0.1220457 -0.03302045 -0.384967 -0.1219839 -0.03345093 -0.386785 -0.1215362 -0.03656895 -0.387525 -0.1203972 -0.04450129 -0.386242 -0.1215464 -0.03649818 -0.387329 -0.1215464 -0.03649818 -0.387835 -0.1215762 -0.03629051 -0.38827 -0.1216236 -0.03596019 -0.3853 -0.1216236 -0.03596019 -0.385735 -0.1215762 -0.03629051 -0.2601648 -0.1220932 -0.03269013 -0.2597299 -0.1220457 -0.03302045 -0.2563826 -0.1222724 -0.03144214 -0.2593962 -0.1219839 -0.03345093 -0.2591864 -0.1219119 -0.03395229 -0.2626997 -0.1216236 -0.03596019 -0.2630335 -0.1216854 -0.03552961 -0.2676294 -0.1221328 -0.03241397 -0.2633148 -0.1218347 -0.03449027 -0.2632433 -0.1219119 -0.03395229 -0.2630335 -0.1219839 -0.03345093 -0.2626997 -0.1220457 -0.03302045 -0.2622648 -0.1220932 -0.03269013 -0.2632433 -0.1217574 -0.03502835 -0.2591148 -0.1218347 -0.03449027 -0.2591864 -0.1217574 -0.03502835 -0.2588178 -0.1210088 -0.04024178 -0.2593962 -0.1216854 -0.03552961 -0.2597299 -0.1216236 -0.03596019 -0.2601648 -0.1215762 -0.03629051 -0.2606713 -0.1215464 -0.03649818 -0.2612148 -0.1215362 -0.03656895 -0.2617583 -0.1215464 -0.03649818 -0.2622648 -0.1215762 -0.03629051 -0.2617583 -0.122123 -0.03248246 -0.2612148 -0.1221332 -0.03241159 -0.2676294 -0.1242258 -0.01783787 -0.255 -0.1242258 -0.01783787 -0.2551541 -0.1235708 -0.02239977 -0.2606713 -0.122123 -0.03248246 -0.275487 -0.1311998 0.03072998 -0.280066 -0.1308359 0.02819548 -0.279857 -0.1309079 0.02869673 -0.285668 -0.1312908 0.03136348 -0.279523 -0.1309697 0.02912732 -0.279088 -0.1310171 0.02945763 -0.278582 -0.1310469 0.0296653 -0.278038 -0.1310571 0.02973607 -0.276258 -0.1313064 0.03147256 -0.277495 -0.1310469 0.0296653 -0.276988 -0.1310171 0.02945763 -0.27601 -0.1306814 0.02711941 -0.276219 -0.1306094 0.02661805 -0.276119 -0.1302729 0.02427509 -0.276553 -0.1305476 0.02618757 -0.280138 -0.1307586 0.02765739 -0.280066 -0.1306814 0.02711941 -0.279857 -0.1306094 0.02661805 -0.276988 -0.1305001 0.02585726 -0.277495 -0.1304703 0.02564959 -0.278038 -0.1304601 0.02557871 -0.278582 -0.1304703 0.02564959 -0.279088 -0.1305001 0.02585726 -0.279523 -0.1305476 0.02618757 -0.368143 -0.1178423 -0.0622938 -0.367934 -0.1177703 -0.06279515 -0.372409 -0.1181787 -0.05995083 -0.369962 -0.1179916 -0.06125446 -0.369418 -0.1179814 -0.06132533 -0.368912 -0.1179516 -0.061533 -0.368477 -0.1179041 -0.06186331 -0.372409 -0.1176715 -0.06348359 -0.37199 -0.1177703 -0.06279515 -0.371781 -0.1178423 -0.0622938 -0.371447 -0.1179041 -0.06186331 -0.371012 -0.1179516 -0.061533 -0.370505 -0.1179814 -0.06132533 -0.372409 -0.1174203 -0.06523275 -0.371012 -0.1174346 -0.06513337 -0.371447 -0.117482 -0.06480306 -0.371781 -0.1175438 -0.06437248 -0.37199 -0.1176158 -0.06387122 -0.372062 -0.1176931 -0.06333314 -0.369418 -0.1174048 -0.06534104 -0.369962 -0.1173946 -0.06541182 -0.364929 -0.1163303 -0.07282369 -0.371968 -0.1171761 -0.06693311 -0.367862 -0.1176931 -0.06333314 -0.367934 -0.1176158 -0.06387122 -0.368143 -0.1175438 -0.06437248 -0.368143 -0.1306094 0.02661805 -0.368477 -0.1305476 0.02618757 -0.371447 -0.1305476 0.02618757 -0.372409 -0.1302729 0.02427509 -0.371012 -0.1305001 0.02585726 -0.370505 -0.1304703 0.02564959 -0.368912 -0.1305001 0.02585726 -0.369418 -0.1304703 0.02564959 -0.369962 -0.1304601 0.02557871 -0.367934 -0.1306814 0.02711941 -0.371781 -0.1306094 0.02661805 -0.37199 -0.1306814 0.02711941 -0.372409 -0.1307802 0.02780785 -0.372062 -0.1307586 0.02765739 -0.37199 -0.1308359 0.02819548 -0.368912 -0.1310171 0.02945763 -0.368477 -0.1309697 0.02912732 -0.368143 -0.1309079 0.02869673 -0.370505 -0.1310469 0.0296653 -0.369962 -0.1310571 0.02973607 -0.371781 -0.1309079 0.02869673 -0.371447 -0.1309697 0.02912732 -0.372439 -0.1312102 0.03080224 -0.369418 -0.1310469 0.0296653 -0.371012 -0.1310171 0.02945763 -0.2675896 -0.1185781 -0.05716946 -0.275591 -0.1199511 -0.04760812 -0.2697524 -0.1181652 -0.06004526 -0.272826 -0.1176473 -0.06365207 -0.274397 -0.1174085 -0.06531481 -0.275487 -0.1172519 -0.06640572 -0.305692 -0.1150909 -0.08145546 -0.306127 -0.1150434 -0.08178577 -0.303557 -0.1148589 -0.08307089 -0.306633 -0.1150136 -0.08199344 -0.312523 -0.1145552 -0.0851859 -0.307177 -0.1150034 -0.08206432 -0.30772 -0.1150136 -0.08199344 -0.305148 -0.1153792 -0.07944765 -0.305077 -0.1153019 -0.07998564 -0.294956 -0.1153297 -0.07979172 -0.305148 -0.1152247 -0.08052362 -0.305358 -0.1151527 -0.08102498 -0.321694 -0.114424 -0.08609923 -0.309205 -0.1152247 -0.08052362 -0.309277 -0.1153019 -0.07998564 -0.299787 -0.1160293 -0.07491999 -0.307177 -0.1156004 -0.07790696 -0.306633 -0.1155902 -0.07797773 -0.308227 -0.1150434 -0.08178577 -0.308662 -0.1150909 -0.08145546 -0.308995 -0.1151527 -0.08102498 -0.309205 -0.1153792 -0.07944765 -0.308995 -0.1154511 -0.0789463 -0.308662 -0.115513 -0.07851581 -0.308227 -0.1155604 -0.0781854 -0.30772 -0.1155902 -0.07797773 -0.306127 -0.1155604 -0.0781854 -0.305692 -0.115513 -0.07851581 -0.305358 -0.1154511 -0.0789463 -0.286872 -0.1159594 -0.075407 -0.332187 -0.1160293 -0.07491999 -0.339005 -0.1154511 -0.0789463 -0.338795 -0.1153792 -0.07944765 -0.330907 -0.1144678 -0.08579436 -0.338723 -0.1153019 -0.07998564 -0.338795 -0.1152247 -0.08052362 -0.34028 -0.1150136 -0.08199344 -0.340823 -0.1150034 -0.08206432 -0.339996 -0.1146857 -0.08427682 -0.341367 -0.1150136 -0.08199344 -0.339005 -0.1151527 -0.08102498 -0.339338 -0.1150909 -0.08145546 -0.339773 -0.1150434 -0.08178577 -0.341873 -0.1150434 -0.08178577 -0.342308 -0.1150909 -0.08145546 -0.342642 -0.1151527 -0.08102498 -0.342642 -0.1154511 -0.0789463 -0.342308 -0.115513 -0.07851581 -0.34028 -0.1155902 -0.07797773 -0.340823 -0.1156004 -0.07790696 -0.339773 -0.1155604 -0.0781854 -0.339338 -0.115513 -0.07851581 -0.342852 -0.1152247 -0.08052362 -0.342923 -0.1153019 -0.07998564 -0.342852 -0.1153792 -0.07944765 -0.341873 -0.1155604 -0.0781854 -0.341367 -0.1155902 -0.07797773 -0.370505 -0.1174048 -0.06534104 -0.372439 -0.1172415 -0.06647798 -0.373608 -0.1174092 -0.06530976 -0.375234 -0.1176568 -0.06358594 -0.378151 -0.1181478 -0.06016642 -0.393 -0.1242258 -0.01783787 -0.386785 -0.1263185 -0.00326415 -0.387329 -0.1263287 -0.003193277 -0.392384 -0.125533 -0.008734443 -0.387835 -0.1263585 -0.002985607 -0.38827 -0.1264059 -0.002655295 -0.384685 -0.126617 -0.001185471 -0.384757 -0.1265398 -0.001723453 -0.380371 -0.1242258 -0.01783787 -0.384967 -0.1264678 -0.002224811 -0.388604 -0.1264678 -0.002224811 -0.388814 -0.1265398 -0.001723453 -0.390548 -0.1268169 0.0002065514 -0.388885 -0.126617 -0.001185471 -0.388814 -0.1266943 -0.00064739 -0.387329 -0.1269053 0.0008224344 -0.386785 -0.1269155 0.0008932085 -0.387525 -0.1280545 0.008825548 -0.383368 -0.1292238 0.01696863 -0.386242 -0.1263287 -0.003193277 -0.3853 -0.1264059 -0.002655295 -0.385735 -0.1263585 -0.002985607 -0.386242 -0.1269053 0.0008224344 -0.385735 -0.1268755 0.0006147644 -0.380371 -0.1285006 0.01193238 -0.3853 -0.1268281 0.0002844523 -0.384967 -0.1267662 -0.0001461313 -0.384757 -0.1266943 -0.00064739 -0.388604 -0.1267662 -0.0001461313 -0.38827 -0.1268281 0.0002844523 -0.387835 -0.1268755 0.0006147644 -0.380495 -0.1298565 0.02137483 -0.378151 -0.1303039 0.02449067 -0.348213 -0.1324224 0.03924425 -0.348799 -0.1333778 0.04589791 -0.35716 -0.1328263 0.0420573 -0.338795 -0.1330725 0.04377191 -0.339005 -0.1330005 0.04327055 -0.332187 -0.1324224 0.03924425 -0.342308 -0.1329387 0.04284007 -0.341873 -0.1328913 0.04250966 -0.341367 -0.1328615 0.04230199 -0.338723 -0.1331498 0.04430989 -0.340823 -0.1328513 0.04223121 -0.34028 -0.1328615 0.04230199 -0.339338 -0.1329387 0.04284007 -0.339773 -0.1328913 0.04250966 -0.340823 -0.1334483 0.04638857 -0.34028 -0.1334381 0.0463177 -0.339996 -0.133766 0.04860108 -0.339773 -0.1334083 0.04611003 -0.330907 -0.1339839 0.05011861 -0.339338 -0.1333608 0.04577972 -0.342852 -0.133227 0.04484788 -0.342642 -0.133299 0.04534923 -0.339005 -0.133299 0.04534923 -0.338795 -0.133227 0.04484788 -0.342642 -0.1330005 0.04327055 -0.342852 -0.1330725 0.04377191 -0.342923 -0.1331498 0.04430989 -0.342308 -0.1333608 0.04577972 -0.341873 -0.1334083 0.04611003 -0.341367 -0.1334381 0.0463177 -0.305148 -0.1330725 0.04377191 -0.305358 -0.1330005 0.04327055 -0.315813 -0.1324224 0.03924425 -0.30772 -0.1328615 0.04230199 -0.308227 -0.1328913 0.04250966 -0.305692 -0.1329387 0.04284007 -0.306127 -0.1328913 0.04250966 -0.308662 -0.1329387 0.04284007 -0.308995 -0.1330005 0.04327055 -0.309205 -0.1330725 0.04377191 -0.308227 -0.1334083 0.04611003 -0.30772 -0.1334381 0.0463177 -0.312523 -0.1338965 0.04951016 -0.307177 -0.1334483 0.04638857 -0.303557 -0.1335928 0.04739515 -0.306633 -0.1334381 0.0463177 -0.306127 -0.1334083 0.04611003 -0.305692 -0.1333608 0.04577972 -0.305358 -0.133299 0.04534923 -0.294956 -0.1331219 0.04411598 -0.305148 -0.133227 0.04484788 -0.305077 -0.1331498 0.04430989 -0.321694 -0.1340276 0.05042349 -0.309277 -0.1331498 0.04430989 -0.309205 -0.133227 0.04484788 -0.308995 -0.133299 0.04534923 -0.308662 -0.1333608 0.04577972 -0.279452 -0.1317152 0.03431917 -0.286872 -0.1324923 0.03973126 -0.272826 -0.1308044 0.02797632 -0.27268 -0.1307815 0.02781656 -0.275591 -0.1302729 0.02427509 -0.2697524 -0.1302865 0.02436952 -0.2675896 -0.1298736 0.02149371 -0.2676294 -0.1285006 0.01193238 -0.2671135 -0.1297762 0.02081597 -0.2624162 -0.128649 0.01296588 -0.2632433 -0.1266943 -0.00064739 -0.2630335 -0.1267662 -0.0001461313 -0.2612148 -0.1263185 -0.00326415 -0.2617583 -0.1263287 -0.003193277 -0.2622648 -0.1263585 -0.002985607 -0.2633148 -0.126617 -0.001185471 -0.2632433 -0.1265398 -0.001723453 -0.2588178 -0.1274429 0.004566037 -0.2591864 -0.1266943 -0.00064739 -0.2563826 -0.1261793 -0.004233607 -0.2591148 -0.126617 -0.001185471 -0.2591864 -0.1265398 -0.001723453 -0.2626997 -0.1264059 -0.002655295 -0.2630335 -0.1264678 -0.002224811 -0.2593962 -0.1264678 -0.002224811 -0.2597299 -0.1264059 -0.002655295 -0.2551541 -0.1248809 -0.01327597 -0.2601648 -0.1263585 -0.002985607 -0.2606713 -0.1263287 -0.003193277 -0.2626997 -0.1268281 0.0002844523 -0.2622648 -0.1268755 0.0006147644 -0.2601648 -0.1268755 0.0006147644 -0.2597299 -0.1268281 0.0002844523 -0.2593962 -0.1267662 -0.0001461313 -0.2617583 -0.1269053 0.0008224344 -0.2612148 -0.1269155 0.0008932085 -0.2606713 -0.1269053 0.0008224344 -0.323175 -0.1319621 0.03603843 -0.322833 -0.1319248 0.03577889 -0.322406 -0.1316983 0.03420128 -0.322571 -0.1316417 0.03380742 -0.322833 -0.1315931 0.03346918 -0.323175 -0.1315559 0.03320965 -0.324825 -0.1315559 0.03320965 -0.325167 -0.1315931 0.03346918 -0.325429 -0.1316417 0.03380742 -0.325594 -0.1316983 0.03420128 -0.323573 -0.1315324 0.03304642 -0.324 -0.1315244 0.03299079 -0.324427 -0.1315324 0.03304642 -0.32565 -0.131759 0.03462404 -0.325594 -0.1318197 0.0350468 -0.325429 -0.1318762 0.03544066 -0.325167 -0.1319248 0.03577889 -0.324825 -0.1319621 0.03603843 -0.322571 -0.1318762 0.03544066 -0.322406 -0.1318197 0.0350468 -0.32235 -0.131759 0.03462404 -0.324427 -0.1319855 0.03620166 -0.324 -0.1319935 0.03625729 -0.323573 -0.1319855 0.03620166 -0.345655 -0.1302667 0.02423163 -0.273167 -0.1263272 -0.003203869 -0.273594 -0.1263192 -0.003259498 -0.275591 -0.1242258 -0.01783787 -0.274021 -0.1263272 -0.003203869 -0.272165 -0.1264364 -0.002442874 -0.272427 -0.1263879 -0.002781105 -0.272769 -0.1263506 -0.003040643 -0.274419 -0.1263506 -0.003040643 -0.274761 -0.1263879 -0.002781105 -0.275023 -0.1264364 -0.002442874 -0.275591 -0.1285006 0.01193238 -0.275023 -0.126671 -0.000809626 -0.274761 -0.1267195 -0.0004713951 -0.272165 -0.126671 -0.000809626 -0.272 -0.1266144 -0.001203486 -0.271944 -0.1265537 -0.00162625 -0.272 -0.126493 -0.002049014 -0.273167 -0.1267802 -4.86313e-05 -0.272769 -0.1267568 -0.0002118571 -0.272427 -0.1267195 -0.0004713951 -0.275188 -0.126493 -0.002049014 -0.275244 -0.1265537 -0.00162625 -0.275188 -0.1266144 -0.001203486 -0.273594 -0.1267882 6.998125e-06 -0.274419 -0.1267568 -0.0002118571 -0.274021 -0.1267802 -4.86313e-05 -0.372977 -0.1264364 -0.002442874 -0.373239 -0.1263879 -0.002781105 -0.372977 -0.126671 -0.000809626 -0.372812 -0.1266144 -0.001203486 -0.372756 -0.1265537 -0.00162625 -0.372812 -0.126493 -0.002049014 -0.375835 -0.1264364 -0.002442874 -0.376 -0.126493 -0.002049014 -0.373581 -0.1263506 -0.003040643 -0.373979 -0.1263272 -0.003203869 -0.374406 -0.1263192 -0.003259498 -0.376056 -0.1265537 -0.00162625 -0.376 -0.1266144 -0.001203486 -0.375835 -0.126671 -0.000809626 -0.375573 -0.1267195 -0.0004713951 -0.374833 -0.1263272 -0.003203869 -0.375231 -0.1263506 -0.003040643 -0.375573 -0.1263879 -0.002781105 -0.375231 -0.1267568 -0.0002118571 -0.374833 -0.1267802 -4.86313e-05 -0.374406 -0.1267882 6.998125e-06 -0.373979 -0.1267802 -4.86313e-05 -0.373581 -0.1267568 -0.0002118571 -0.373239 -0.1267195 -0.0004713951 -0.272 -0.1219587 -0.03362673 -0.271944 -0.121898 -0.03404949 -0.272 -0.1218373 -0.03447226 -0.272165 -0.1217807 -0.03486612 -0.272427 -0.1217322 -0.03520435 -0.273167 -0.1221245 -0.03247187 -0.272769 -0.1221011 -0.0326351 -0.272769 -0.1216949 -0.03546389 -0.273167 -0.1216714 -0.03562711 -0.273594 -0.1216635 -0.03568274 -0.274021 -0.1216714 -0.03562711 -0.274419 -0.1216949 -0.03546389 -0.274761 -0.1217322 -0.03520435 -0.275023 -0.1217807 -0.03486612 -0.275188 -0.1218373 -0.03447226 -0.275244 -0.121898 -0.03404949 -0.275591 -0.1221328 -0.03241397 -0.275188 -0.1219587 -0.03362673 -0.275023 -0.1220152 -0.03323287 -0.274761 -0.1220638 -0.03289464 -0.274419 -0.1221011 -0.0326351 -0.274021 -0.1221245 -0.03247187 -0.273594 -0.1221325 -0.03241624 -0.272427 -0.1220638 -0.03289464 -0.272165 -0.1220152 -0.03323287 -0.376 -0.1218373 -0.03447226 -0.376056 -0.121898 -0.03404949 -0.372977 -0.1217807 -0.03486612 -0.373239 -0.1217322 -0.03520435 -0.374406 -0.1216635 -0.03568274 -0.374833 -0.1216714 -0.03562711 -0.375835 -0.1217807 -0.03486612 -0.372977 -0.1220152 -0.03323287 -0.372812 -0.1219587 -0.03362673 -0.372756 -0.121898 -0.03404949 -0.372812 -0.1218373 -0.03447226 -0.375231 -0.1216949 -0.03546389 -0.375573 -0.1217322 -0.03520435 -0.376 -0.1219587 -0.03362673 -0.375835 -0.1220152 -0.03323287 -0.375573 -0.1220638 -0.03289464 -0.373581 -0.1216949 -0.03546389 -0.373979 -0.1216714 -0.03562711 -0.375231 -0.1221011 -0.0326351 -0.374833 -0.1221245 -0.03247187 -0.374406 -0.1221325 -0.03241624 -0.373979 -0.1221245 -0.03247187 -0.373581 -0.1221011 -0.0326351 -0.373239 -0.1220638 -0.03289464 -0.27268 -0.1176702 -0.0634923 -0.383368 -0.1192279 -0.05264437 -0.323175 -0.1168958 -0.06888539 -0.322833 -0.1168585 -0.06914493 -0.322406 -0.116632 -0.07072255 -0.322571 -0.1165755 -0.07111641 -0.322833 -0.1165269 -0.07145464 -0.323175 -0.1164896 -0.07171417 -0.322571 -0.11681 -0.06948316 -0.322406 -0.1167534 -0.06987702 -0.32235 -0.1166927 -0.07029978 -0.323573 -0.1164662 -0.0718774 -0.324 -0.1164582 -0.07193303 -0.324427 -0.1164662 -0.0718774 -0.324825 -0.1164896 -0.07171417 -0.325167 -0.1165269 -0.07145464 -0.325429 -0.1165755 -0.07111641 -0.325594 -0.116632 -0.07072255 -0.32565 -0.1166927 -0.07029978 -0.325594 -0.1167534 -0.06987702 -0.325429 -0.11681 -0.06948316 -0.325167 -0.1168585 -0.06914493 -0.324825 -0.1168958 -0.06888539 -0.324427 -0.1169193 -0.06872216 -0.324 -0.1169272 -0.06866653 -0.323573 -0.1169193 -0.06872216 -0.376056 -0.1265537 -0.00162625 -0.376056 -0.1206146 -0.0007734434 -0.376 -0.1266144 -0.001203486 -0.376 -0.1206753 -0.0003506796 -0.375835 -0.126671 -0.000809626 -0.375835 -0.1207319 4.318064e-05 -0.375573 -0.1267195 -0.0004713951 -0.375573 -0.1207805 0.0003814115 -0.375231 -0.1267568 -0.0002118571 -0.375231 -0.1208177 0.0006409495 -0.374833 -0.1267802 -4.86313e-05 -0.374833 -0.1208412 0.0008041753 -0.374406 -0.1267882 6.998125e-06 -0.374406 -0.1208491 0.0008598047 -0.373979 -0.1267802 -4.86313e-05 -0.373979 -0.1208412 0.0008041753 -0.373581 -0.1267568 -0.0002118571 -0.373581 -0.1208177 0.0006409495 -0.373239 -0.1267195 -0.0004713951 -0.373239 -0.1207805 0.0003814115 -0.372977 -0.126671 -0.000809626 -0.372977 -0.1207319 4.318064e-05 -0.372812 -0.1266144 -0.001203486 -0.372812 -0.1206753 -0.0003506796 -0.372756 -0.1265537 -0.00162625 -0.372756 -0.1206146 -0.0007734434 -0.372812 -0.126493 -0.002049014 -0.372812 -0.1205539 -0.001196207 -0.372977 -0.1264364 -0.002442874 -0.372977 -0.1204974 -0.001590068 -0.373239 -0.1263879 -0.002781105 -0.373239 -0.1204488 -0.001928298 -0.373581 -0.1263506 -0.003040643 -0.373581 -0.1204115 -0.002187836 -0.373979 -0.1263272 -0.003203869 -0.373979 -0.1203881 -0.002351062 -0.374406 -0.1263192 -0.003259498 -0.374406 -0.1203801 -0.002406692 -0.374833 -0.1263272 -0.003203869 -0.374833 -0.1203881 -0.002351062 -0.375231 -0.1263506 -0.003040643 -0.375231 -0.1204115 -0.002187836 -0.375573 -0.1263879 -0.002781105 -0.375573 -0.1204488 -0.001928298 -0.375835 -0.1264364 -0.002442874 -0.375835 -0.1204974 -0.001590068 -0.376 -0.126493 -0.002049014 -0.376 -0.1205539 -0.001196207 -0.376056 -0.121898 -0.03404949 -0.376056 -0.1159589 -0.03319669 -0.376 -0.1219587 -0.03362673 -0.376 -0.1160196 -0.03277392 -0.375835 -0.1220152 -0.03323287 -0.375835 -0.1160762 -0.03238006 -0.375573 -0.1220638 -0.03289464 -0.375573 -0.1161247 -0.03204183 -0.375231 -0.1221011 -0.0326351 -0.375231 -0.116162 -0.03178229 -0.374833 -0.1221245 -0.03247187 -0.374833 -0.1161854 -0.03161907 -0.374406 -0.1221325 -0.03241624 -0.374406 -0.1161934 -0.03156344 -0.373979 -0.1221245 -0.03247187 -0.373979 -0.1161854 -0.03161907 -0.373581 -0.1221011 -0.0326351 -0.373581 -0.116162 -0.03178229 -0.373239 -0.1220638 -0.03289464 -0.373239 -0.1161247 -0.03204183 -0.372977 -0.1220152 -0.03323287 -0.372977 -0.1160762 -0.03238006 -0.372812 -0.1219587 -0.03362673 -0.372812 -0.1160196 -0.03277392 -0.372756 -0.121898 -0.03404949 -0.372756 -0.1159589 -0.03319669 -0.372812 -0.1218373 -0.03447226 -0.372812 -0.1158982 -0.03361945 -0.372977 -0.1217807 -0.03486612 -0.372977 -0.1158416 -0.03401331 -0.373239 -0.1217322 -0.03520435 -0.373239 -0.1157931 -0.03435154 -0.373581 -0.1216949 -0.03546389 -0.373581 -0.1157558 -0.03461108 -0.373979 -0.1216714 -0.03562711 -0.373979 -0.1157324 -0.0347743 -0.374406 -0.1216635 -0.03568274 -0.374406 -0.1157244 -0.03482993 -0.374833 -0.1216714 -0.03562711 -0.374833 -0.1157324 -0.0347743 -0.375231 -0.1216949 -0.03546389 -0.375231 -0.1157558 -0.03461108 -0.375573 -0.1217322 -0.03520435 -0.375573 -0.1157931 -0.03435154 -0.375835 -0.1217807 -0.03486612 -0.375835 -0.1158416 -0.03401331 -0.376 -0.1218373 -0.03447226 -0.376 -0.1158982 -0.03361945 -0.353503 -0.1121923 -0.05942764 -0.353503 -0.1181314 -0.06028045 -0.353559 -0.112253 -0.05900488 -0.353559 -0.1181921 -0.05985768 -0.353724 -0.1123096 -0.05861102 -0.353724 -0.1182487 -0.05946382 -0.353986 -0.1123582 -0.05827279 -0.353986 -0.1182972 -0.05912559 -0.354328 -0.1123954 -0.05801325 -0.354328 -0.1183345 -0.05886605 -0.354726 -0.1124189 -0.05785002 -0.354726 -0.118358 -0.05870283 -0.355153 -0.1124269 -0.05779439 -0.355153 -0.1183659 -0.0586472 -0.35558 -0.1124189 -0.05785002 -0.35558 -0.118358 -0.05870283 -0.355978 -0.1123954 -0.05801325 -0.355978 -0.1183345 -0.05886605 -0.356319 -0.1123582 -0.05827279 -0.356319 -0.1182972 -0.05912559 -0.356582 -0.1123096 -0.05861102 -0.356582 -0.1182487 -0.05946382 -0.356746 -0.112253 -0.05900488 -0.356746 -0.1181921 -0.05985768 -0.356803 -0.1121923 -0.05942764 -0.356803 -0.1181314 -0.06028045 -0.356746 -0.1121316 -0.0598504 -0.356746 -0.1180707 -0.06070321 -0.356582 -0.1120751 -0.06024426 -0.356582 -0.1180142 -0.06109707 -0.356319 -0.1120265 -0.0605825 -0.356319 -0.1179656 -0.0614353 -0.355978 -0.1119892 -0.06084203 -0.355978 -0.1179283 -0.06169484 -0.35558 -0.1119658 -0.06100526 -0.35558 -0.1179049 -0.06185807 -0.355153 -0.1119578 -0.06106089 -0.355153 -0.1178969 -0.0619137 -0.354726 -0.1119658 -0.06100526 -0.354726 -0.1179049 -0.06185807 -0.354328 -0.1119892 -0.06084203 -0.354328 -0.1179283 -0.06169484 -0.353986 -0.1120265 -0.0605825 -0.353986 -0.1179656 -0.0614353 -0.353724 -0.1120751 -0.06024426 -0.353724 -0.1180142 -0.06109707 -0.353559 -0.1121316 -0.0598504 -0.353559 -0.1180707 -0.06070321 -0.271944 -0.1159589 -0.03319669 -0.271944 -0.121898 -0.03404949 -0.272 -0.1160196 -0.03277392 -0.272 -0.1219587 -0.03362673 -0.272165 -0.1160762 -0.03238006 -0.272165 -0.1220152 -0.03323287 -0.272427 -0.1161247 -0.03204183 -0.272427 -0.1220638 -0.03289464 -0.272769 -0.116162 -0.03178229 -0.272769 -0.1221011 -0.0326351 -0.273167 -0.1161854 -0.03161907 -0.273167 -0.1221245 -0.03247187 -0.273594 -0.1161934 -0.03156344 -0.273594 -0.1221325 -0.03241624 -0.274021 -0.1161854 -0.03161907 -0.274021 -0.1221245 -0.03247187 -0.274419 -0.116162 -0.03178229 -0.274419 -0.1221011 -0.0326351 -0.274761 -0.1161247 -0.03204183 -0.274761 -0.1220638 -0.03289464 -0.275023 -0.1160762 -0.03238006 -0.275023 -0.1220152 -0.03323287 -0.275188 -0.1160196 -0.03277392 -0.275188 -0.1219587 -0.03362673 -0.275244 -0.1159589 -0.03319669 -0.275244 -0.121898 -0.03404949 -0.275188 -0.1158982 -0.03361945 -0.275188 -0.1218373 -0.03447226 -0.275023 -0.1158416 -0.03401331 -0.275023 -0.1217807 -0.03486612 -0.274761 -0.1157931 -0.03435154 -0.274761 -0.1217322 -0.03520435 -0.274419 -0.1157558 -0.03461108 -0.274419 -0.1216949 -0.03546389 -0.274021 -0.1157324 -0.0347743 -0.274021 -0.1216714 -0.03562711 -0.273594 -0.1157244 -0.03482993 -0.273594 -0.1216635 -0.03568274 -0.273167 -0.1157324 -0.0347743 -0.273167 -0.1216714 -0.03562711 -0.272769 -0.1157558 -0.03461108 -0.272769 -0.1216949 -0.03546389 -0.272427 -0.1157931 -0.03435154 -0.272427 -0.1217322 -0.03520435 -0.272165 -0.1158416 -0.03401331 -0.272165 -0.1217807 -0.03486612 -0.272 -0.1158982 -0.03361945 -0.272 -0.1218373 -0.03447226 -0.338723 -0.1093628 -0.07913283 -0.338723 -0.1153019 -0.07998564 -0.338795 -0.1094401 -0.07859485 -0.338795 -0.1153792 -0.07944765 -0.339005 -0.1095121 -0.07809349 -0.339005 -0.1154511 -0.0789463 -0.339338 -0.1095739 -0.077663 -0.339338 -0.115513 -0.07851581 -0.339773 -0.1096213 -0.07733259 -0.339773 -0.1155604 -0.0781854 -0.34028 -0.1096511 -0.07712492 -0.34028 -0.1155902 -0.07797773 -0.340823 -0.1096613 -0.07705415 -0.340823 -0.1156004 -0.07790696 -0.341367 -0.1096511 -0.07712492 -0.341367 -0.1155902 -0.07797773 -0.341873 -0.1096213 -0.07733259 -0.341873 -0.1155604 -0.0781854 -0.342308 -0.1095739 -0.077663 -0.342308 -0.115513 -0.07851581 -0.342642 -0.1095121 -0.07809349 -0.342642 -0.1154511 -0.0789463 -0.342852 -0.1094401 -0.07859485 -0.342852 -0.1153792 -0.07944765 -0.342923 -0.1093628 -0.07913283 -0.342923 -0.1153019 -0.07998564 -0.342852 -0.1092856 -0.07967081 -0.342852 -0.1152247 -0.08052362 -0.342642 -0.1092136 -0.08017217 -0.342642 -0.1151527 -0.08102498 -0.342308 -0.1091518 -0.08060265 -0.342308 -0.1150909 -0.08145546 -0.341873 -0.1091043 -0.08093297 -0.341873 -0.1150434 -0.08178577 -0.341367 -0.1090745 -0.08114064 -0.341367 -0.1150136 -0.08199344 -0.340823 -0.1090643 -0.08121151 -0.340823 -0.1150034 -0.08206432 -0.34028 -0.1090745 -0.08114064 -0.34028 -0.1150136 -0.08199344 -0.339773 -0.1091043 -0.08093297 -0.339773 -0.1150434 -0.08178577 -0.339338 -0.1091518 -0.08060265 -0.339338 -0.1150909 -0.08145546 -0.339005 -0.1092136 -0.08017217 -0.339005 -0.1151527 -0.08102498 -0.338795 -0.1092856 -0.07967081 -0.338795 -0.1152247 -0.08052362 -0.384685 -0.1206779 -0.0003326644 -0.384685 -0.126617 -0.001185471 -0.384757 -0.1207552 0.0002054166 -0.384757 -0.1266943 -0.00064739 -0.384967 -0.1208272 0.0007066753 -0.384967 -0.1267662 -0.0001461313 -0.3853 -0.120889 0.001137259 -0.3853 -0.1268281 0.0002844523 -0.385735 -0.1209364 0.001467571 -0.385735 -0.1268755 0.0006147644 -0.386242 -0.1209662 0.001675241 -0.386242 -0.1269053 0.0008224344 -0.386785 -0.1209764 0.001746015 -0.386785 -0.1269155 0.0008932085 -0.387329 -0.1209662 0.001675241 -0.387329 -0.1269053 0.0008224344 -0.387835 -0.1209364 0.001467571 -0.387835 -0.1268755 0.0006147644 -0.38827 -0.120889 0.001137259 -0.38827 -0.1268281 0.0002844523 -0.388604 -0.1208272 0.0007066753 -0.388604 -0.1267662 -0.0001461313 -0.388814 -0.1207552 0.0002054166 -0.388814 -0.1266943 -0.00064739 -0.388885 -0.1206779 -0.0003326644 -0.388885 -0.126617 -0.001185471 -0.388814 -0.1206007 -0.0008706464 -0.388814 -0.1265398 -0.001723453 -0.388604 -0.1205287 -0.001372004 -0.388604 -0.1264678 -0.002224811 -0.38827 -0.1204669 -0.001802489 -0.38827 -0.1264059 -0.002655295 -0.387835 -0.1204194 -0.002132801 -0.387835 -0.1263585 -0.002985607 -0.387329 -0.1203896 -0.002340471 -0.387329 -0.1263287 -0.003193277 -0.386785 -0.1203794 -0.002411344 -0.386785 -0.1263185 -0.00326415 -0.386242 -0.1203896 -0.002340471 -0.386242 -0.1263287 -0.003193277 -0.385735 -0.1204194 -0.002132801 -0.385735 -0.1263585 -0.002985607 -0.3853 -0.1204669 -0.001802489 -0.3853 -0.1264059 -0.002655295 -0.384967 -0.1205287 -0.001372004 -0.384967 -0.1264678 -0.002224811 -0.384757 -0.1206007 -0.0008706464 -0.384757 -0.1265398 -0.001723453 -0.384685 -0.1158956 -0.03363746 -0.384685 -0.1218347 -0.03449027 -0.384757 -0.1159729 -0.03309948 -0.384757 -0.1219119 -0.03395229 -0.384967 -0.1160448 -0.03259813 -0.384967 -0.1219839 -0.03345093 -0.3853 -0.1161067 -0.03216764 -0.3853 -0.1220457 -0.03302045 -0.385735 -0.1161541 -0.03183733 -0.385735 -0.1220932 -0.03269013 -0.386242 -0.1161839 -0.03162966 -0.386242 -0.122123 -0.03248246 -0.386785 -0.1161941 -0.03155879 -0.386785 -0.1221332 -0.03241159 -0.387329 -0.1161839 -0.03162966 -0.387329 -0.122123 -0.03248246 -0.387835 -0.1161541 -0.03183733 -0.387835 -0.1220932 -0.03269013 -0.38827 -0.1161067 -0.03216764 -0.38827 -0.1220457 -0.03302045 -0.388604 -0.1160448 -0.03259813 -0.388604 -0.1219839 -0.03345093 -0.388814 -0.1159729 -0.03309948 -0.388814 -0.1219119 -0.03395229 -0.388885 -0.1158956 -0.03363746 -0.388885 -0.1218347 -0.03449027 -0.388814 -0.1158183 -0.03417555 -0.388814 -0.1217574 -0.03502835 -0.388604 -0.1157464 -0.0346768 -0.388604 -0.1216854 -0.03552961 -0.38827 -0.1156845 -0.03510739 -0.38827 -0.1216236 -0.03596019 -0.387835 -0.1156371 -0.0354377 -0.387835 -0.1215762 -0.03629051 -0.387329 -0.1156073 -0.03564537 -0.387329 -0.1215464 -0.03649818 -0.386785 -0.1155971 -0.03571614 -0.386785 -0.1215362 -0.03656895 -0.386242 -0.1156073 -0.03564537 -0.386242 -0.1215464 -0.03649818 -0.385735 -0.1156371 -0.0354377 -0.385735 -0.1215762 -0.03629051 -0.3853 -0.1156845 -0.03510739 -0.3853 -0.1216236 -0.03596019 -0.384967 -0.1157464 -0.0346768 -0.384967 -0.1216854 -0.03552961 -0.384757 -0.1158183 -0.03417555 -0.384757 -0.1217574 -0.03502835 -0.367862 -0.111754 -0.06248033 -0.367862 -0.1176931 -0.06333314 -0.367934 -0.1118312 -0.06194235 -0.367934 -0.1177703 -0.06279515 -0.368143 -0.1119032 -0.06144099 -0.368143 -0.1178423 -0.0622938 -0.368477 -0.111965 -0.06101051 -0.368477 -0.1179041 -0.06186331 -0.368912 -0.1120125 -0.06068019 -0.368912 -0.1179516 -0.061533 -0.369418 -0.1120423 -0.06047252 -0.369418 -0.1179814 -0.06132533 -0.369962 -0.1120525 -0.06040165 -0.369962 -0.1179916 -0.06125446 -0.370505 -0.1120423 -0.06047252 -0.370505 -0.1179814 -0.06132533 -0.371012 -0.1120125 -0.06068019 -0.371012 -0.1179516 -0.061533 -0.371447 -0.111965 -0.06101051 -0.371447 -0.1179041 -0.06186331 -0.371781 -0.1119032 -0.06144099 -0.371781 -0.1178423 -0.0622938 -0.37199 -0.1118312 -0.06194235 -0.37199 -0.1177703 -0.06279515 -0.372062 -0.111754 -0.06248033 -0.372062 -0.1176931 -0.06333314 -0.37199 -0.1116767 -0.06301841 -0.37199 -0.1176158 -0.06387122 -0.371781 -0.1116048 -0.06351967 -0.371781 -0.1175438 -0.06437248 -0.371447 -0.1115429 -0.06395025 -0.371447 -0.117482 -0.06480306 -0.371012 -0.1114955 -0.06428057 -0.371012 -0.1174346 -0.06513337 -0.370505 -0.1114657 -0.06448824 -0.370505 -0.1174048 -0.06534104 -0.369962 -0.1114555 -0.06455901 -0.369962 -0.1173946 -0.06541182 -0.369418 -0.1114657 -0.06448824 -0.369418 -0.1174048 -0.06534104 -0.368912 -0.1114955 -0.06428057 -0.368912 -0.1174346 -0.06513337 -0.368477 -0.1115429 -0.06395025 -0.368477 -0.117482 -0.06480306 -0.368143 -0.1116048 -0.06351967 -0.368143 -0.1175438 -0.06437248 -0.367934 -0.1116767 -0.06301841 -0.367934 -0.1176158 -0.06387122 -0.2591148 -0.1158956 -0.03363746 -0.2591148 -0.1218347 -0.03449027 -0.2591864 -0.1159729 -0.03309948 -0.2591864 -0.1219119 -0.03395229 -0.2593962 -0.1160448 -0.03259813 -0.2593962 -0.1219839 -0.03345093 -0.2597299 -0.1161067 -0.03216764 -0.2597299 -0.1220457 -0.03302045 -0.2601648 -0.1161541 -0.03183733 -0.2601648 -0.1220932 -0.03269013 -0.2606713 -0.1161839 -0.03162966 -0.2606713 -0.122123 -0.03248246 -0.2612148 -0.1161941 -0.03155879 -0.2612148 -0.1221332 -0.03241159 -0.2617583 -0.1161839 -0.03162966 -0.2617583 -0.122123 -0.03248246 -0.2622648 -0.1161541 -0.03183733 -0.2622648 -0.1220932 -0.03269013 -0.2626997 -0.1161067 -0.03216764 -0.2626997 -0.1220457 -0.03302045 -0.2630335 -0.1160448 -0.03259813 -0.2630335 -0.1219839 -0.03345093 -0.2632433 -0.1159729 -0.03309948 -0.2632433 -0.1219119 -0.03395229 -0.2633148 -0.1158956 -0.03363746 -0.2633148 -0.1218347 -0.03449027 -0.2632433 -0.1158183 -0.03417555 -0.2632433 -0.1217574 -0.03502835 -0.2630335 -0.1157464 -0.0346768 -0.2630335 -0.1216854 -0.03552961 -0.2626997 -0.1156845 -0.03510739 -0.2626997 -0.1216236 -0.03596019 -0.2622648 -0.1156371 -0.0354377 -0.2622648 -0.1215762 -0.03629051 -0.2617583 -0.1156073 -0.03564537 -0.2617583 -0.1215464 -0.03649818 -0.2612148 -0.1155971 -0.03571614 -0.2612148 -0.1215362 -0.03656895 -0.2606713 -0.1156073 -0.03564537 -0.2606713 -0.1215464 -0.03649818 -0.2601648 -0.1156371 -0.0354377 -0.2601648 -0.1215762 -0.03629051 -0.2597299 -0.1156845 -0.03510739 -0.2597299 -0.1216236 -0.03596019 -0.2593962 -0.1157464 -0.0346768 -0.2593962 -0.1216854 -0.03552961 -0.2591864 -0.1158183 -0.03417555 -0.2591864 -0.1217574 -0.03502835 -0.367862 -0.1248195 0.0285102 -0.367862 -0.1307586 0.02765739 -0.367934 -0.1248968 0.02904828 -0.367934 -0.1308359 0.02819548 -0.368143 -0.1249688 0.02954954 -0.368143 -0.1309079 0.02869673 -0.368477 -0.1250306 0.02998012 -0.368477 -0.1309697 0.02912732 -0.368912 -0.125078 0.03031044 -0.368912 -0.1310171 0.02945763 -0.369418 -0.1251078 0.03051811 -0.369418 -0.1310469 0.0296653 -0.369962 -0.125118 0.03058888 -0.369962 -0.1310571 0.02973607 -0.370505 -0.1251078 0.03051811 -0.370505 -0.1310469 0.0296653 -0.371012 -0.125078 0.03031044 -0.371012 -0.1310171 0.02945763 -0.371447 -0.1250306 0.02998012 -0.371447 -0.1309697 0.02912732 -0.371781 -0.1249688 0.02954954 -0.371781 -0.1309079 0.02869673 -0.37199 -0.1248968 0.02904828 -0.37199 -0.1308359 0.02819548 -0.372062 -0.1248195 0.0285102 -0.372062 -0.1307586 0.02765739 -0.37199 -0.1247423 0.02797222 -0.37199 -0.1306814 0.02711941 -0.371781 -0.1246703 0.02747086 -0.371781 -0.1306094 0.02661805 -0.371447 -0.1246085 0.02704038 -0.371447 -0.1305476 0.02618757 -0.371012 -0.124561 0.02671006 -0.371012 -0.1305001 0.02585726 -0.370505 -0.1245312 0.02650239 -0.370505 -0.1304703 0.02564959 -0.369962 -0.124521 0.02643152 -0.369962 -0.1304601 0.02557871 -0.369418 -0.1245312 0.02650239 -0.369418 -0.1304703 0.02564959 -0.368912 -0.124561 0.02671006 -0.368912 -0.1305001 0.02585726 -0.368477 -0.1246085 0.02704038 -0.368477 -0.1305476 0.02618757 -0.368143 -0.1246703 0.02747086 -0.368143 -0.1306094 0.02661805 -0.367934 -0.1247423 0.02797222 -0.367934 -0.1306814 0.02711941 -0.338723 -0.1272107 0.0451627 -0.338723 -0.1331498 0.04430989 -0.338795 -0.1272879 0.04570068 -0.338795 -0.133227 0.04484788 -0.339005 -0.1273599 0.04620204 -0.339005 -0.133299 0.04534923 -0.339338 -0.1274218 0.04663252 -0.339338 -0.1333608 0.04577972 -0.339773 -0.1274692 0.04696284 -0.339773 -0.1334083 0.04611003 -0.34028 -0.127499 0.04717051 -0.34028 -0.1334381 0.0463177 -0.340823 -0.1275092 0.04724138 -0.340823 -0.1334483 0.04638857 -0.341367 -0.127499 0.04717051 -0.341367 -0.1334381 0.0463177 -0.341873 -0.1274692 0.04696284 -0.341873 -0.1334083 0.04611003 -0.342308 -0.1274218 0.04663252 -0.342308 -0.1333608 0.04577972 -0.342642 -0.1273599 0.04620204 -0.342642 -0.133299 0.04534923 -0.342852 -0.1272879 0.04570068 -0.342852 -0.133227 0.04484788 -0.342923 -0.1272107 0.0451627 -0.342923 -0.1331498 0.04430989 -0.342852 -0.1271334 0.04462472 -0.342852 -0.1330725 0.04377191 -0.342642 -0.1270615 0.04412336 -0.342642 -0.1330005 0.04327055 -0.342308 -0.1269996 0.04369288 -0.342308 -0.1329387 0.04284007 -0.341873 -0.1269522 0.04336246 -0.341873 -0.1328913 0.04250966 -0.341367 -0.1269224 0.04315479 -0.341367 -0.1328615 0.04230199 -0.340823 -0.1269122 0.04308402 -0.340823 -0.1328513 0.04223121 -0.34028 -0.1269224 0.04315479 -0.34028 -0.1328615 0.04230199 -0.339773 -0.1269522 0.04336246 -0.339773 -0.1328913 0.04250966 -0.339338 -0.1269996 0.04369288 -0.339338 -0.1329387 0.04284007 -0.339005 -0.1270615 0.04412336 -0.339005 -0.1330005 0.04327055 -0.338795 -0.1271334 0.04462472 -0.338795 -0.1330725 0.04377191 -0.369137 -0.1250226 0.02992469 -0.368912 -0.125078 0.03031044 -0.369535 -0.1250461 0.03008782 -0.369418 -0.1251078 0.03051811 -0.369962 -0.1250541 0.03014345 -0.369962 -0.125118 0.03058888 -0.370389 -0.1250461 0.03008782 -0.370505 -0.1251078 0.03051811 -0.370787 -0.1250226 0.02992469 -0.371012 -0.125078 0.03031044 -0.371129 -0.1249854 0.02966515 -0.371447 -0.1250306 0.02998012 -0.371391 -0.1249368 0.02932683 -0.371781 -0.1249688 0.02954954 -0.371556 -0.1248802 0.02893296 -0.37199 -0.1248968 0.02904828 -0.371612 -0.1248195 0.0285102 -0.372062 -0.1248195 0.0285102 -0.371556 -0.1247588 0.02808754 -0.37199 -0.1247423 0.02797222 -0.371391 -0.1247023 0.02769358 -0.371781 -0.1246703 0.02747086 -0.371129 -0.1246537 0.02735535 -0.371447 -0.1246085 0.02704038 -0.370787 -0.1246164 0.02709581 -0.371012 -0.124561 0.02671006 -0.370389 -0.124593 0.02693268 -0.370505 -0.1245312 0.02650239 -0.369962 -0.124585 0.02687695 -0.369962 -0.124521 0.02643152 -0.369535 -0.124593 0.02693268 -0.369418 -0.1245312 0.02650239 -0.369137 -0.1246164 0.02709581 -0.368912 -0.124561 0.02671006 -0.368795 -0.1246537 0.02735535 -0.368477 -0.1246085 0.02704038 -0.368533 -0.1247023 0.02769358 -0.368143 -0.1246703 0.02747086 -0.368368 -0.1247588 0.02808754 -0.367934 -0.1247423 0.02797222 -0.368312 -0.1248195 0.0285102 -0.367862 -0.1248195 0.0285102 -0.368368 -0.1248802 0.02893296 -0.367934 -0.1248968 0.02904828 -0.368533 -0.1249368 0.02932683 -0.368143 -0.1249688 0.02954954 -0.368795 -0.1249854 0.02966515 -0.368477 -0.1250306 0.02998012 -0.2597859 -0.1207952 0.0004839597 -0.2593962 -0.1208272 0.0007066753 -0.2600481 -0.1208438 0.0008222895 -0.2597299 -0.120889 0.001137259 -0.2603898 -0.120881 0.001081827 -0.2601648 -0.1209364 0.001467571 -0.2607878 -0.1209044 0.001244954 -0.2606713 -0.1209662 0.001675241 -0.2612148 -0.1209124 0.001300584 -0.2612148 -0.1209764 0.001746015 -0.2616419 -0.1209044 0.001244954 -0.2617583 -0.1209662 0.001675241 -0.2620398 -0.120881 0.001081827 -0.2622648 -0.1209364 0.001467571 -0.2623815 -0.1208438 0.0008222895 -0.2626997 -0.120889 0.001137259 -0.2626438 -0.1207952 0.0004839597 -0.2630335 -0.1208272 0.0007066753 -0.2628086 -0.1207386 9.00994e-05 -0.2632433 -0.1207552 0.0002054166 -0.2628648 -0.1206779 -0.0003326644 -0.2633148 -0.1206779 -0.0003326644 -0.2628086 -0.1206172 -0.0007553292 -0.2632433 -0.1206007 -0.0008706464 -0.2626438 -0.1205607 -0.001149288 -0.2630335 -0.1205287 -0.001372004 -0.2623815 -0.1205121 -0.001487519 -0.2626997 -0.1204669 -0.001802489 -0.2620398 -0.1204748 -0.001747057 -0.2622648 -0.1204194 -0.002132801 -0.2616419 -0.1204514 -0.001910184 -0.2617583 -0.1203896 -0.002340471 -0.2612148 -0.1204434 -0.001965913 -0.2612148 -0.1203794 -0.002411344 -0.2607878 -0.1204514 -0.001910184 -0.2606713 -0.1203896 -0.002340471 -0.2603898 -0.1204748 -0.001747057 -0.2601648 -0.1204194 -0.002132801 -0.2600481 -0.1205121 -0.001487519 -0.2597299 -0.1204669 -0.001802489 -0.2597859 -0.1205607 -0.001149288 -0.2593962 -0.1205287 -0.001372004 -0.259621 -0.1206172 -0.0007553292 -0.2591864 -0.1206007 -0.0008706464 -0.2595648 -0.1206779 -0.0003326644 -0.2591148 -0.1206779 -0.0003326644 -0.259621 -0.1207386 9.00994e-05 -0.2591864 -0.1207552 0.0002054166 -0.38596 -0.1160987 -0.03222307 -0.385735 -0.1161541 -0.03183733 -0.386358 -0.1161221 -0.03205994 -0.386242 -0.1161839 -0.03162966 -0.386785 -0.1161301 -0.03200422 -0.386785 -0.1161941 -0.03155879 -0.387212 -0.1161221 -0.03205994 -0.387329 -0.1161839 -0.03162966 -0.38761 -0.1160987 -0.03222307 -0.387835 -0.1161541 -0.03183733 -0.387952 -0.1160614 -0.03248261 -0.38827 -0.1161067 -0.03216764 -0.388214 -0.1160129 -0.03282084 -0.388604 -0.1160448 -0.03259813 -0.388379 -0.1159563 -0.0332148 -0.388814 -0.1159729 -0.03309948 -0.388435 -0.1158956 -0.03363746 -0.388885 -0.1158956 -0.03363746 -0.388379 -0.1158349 -0.03406023 -0.388814 -0.1158183 -0.03417555 -0.388214 -0.1157783 -0.03445409 -0.388604 -0.1157464 -0.0346768 -0.387952 -0.1157298 -0.03479242 -0.38827 -0.1156845 -0.03510739 -0.38761 -0.1156925 -0.03505196 -0.387835 -0.1156371 -0.0354377 -0.387212 -0.1156691 -0.03521508 -0.387329 -0.1156073 -0.03564537 -0.386785 -0.1156611 -0.03527071 -0.386785 -0.1155971 -0.03571614 -0.386358 -0.1156691 -0.03521508 -0.386242 -0.1156073 -0.03564537 -0.38596 -0.1156925 -0.03505196 -0.385735 -0.1156371 -0.0354377 -0.385618 -0.1157298 -0.03479242 -0.3853 -0.1156845 -0.03510739 -0.385356 -0.1157783 -0.03445409 -0.384967 -0.1157464 -0.0346768 -0.385191 -0.1158349 -0.03406023 -0.384757 -0.1158183 -0.03417555 -0.385135 -0.1158956 -0.03363746 -0.384685 -0.1158956 -0.03363746 -0.385191 -0.1159563 -0.0332148 -0.384757 -0.1159729 -0.03309948 -0.385356 -0.1160129 -0.03282084 -0.384967 -0.1160448 -0.03259813 -0.385618 -0.1160614 -0.03248261 -0.3853 -0.1161067 -0.03216764 -0.279467 -0.1118713 -0.06166371 -0.279857 -0.1119032 -0.06144099 -0.279632 -0.1118147 -0.06205767 -0.280066 -0.1118312 -0.06194235 -0.279688 -0.111754 -0.06248033 -0.280138 -0.111754 -0.06248033 -0.279632 -0.1116933 -0.06290309 -0.280066 -0.1116767 -0.06301841 -0.279467 -0.1116367 -0.06329695 -0.279857 -0.1116048 -0.06351967 -0.279205 -0.1115881 -0.06363528 -0.279523 -0.1115429 -0.06395025 -0.278863 -0.1115509 -0.06389482 -0.279088 -0.1114955 -0.06428057 -0.278465 -0.1115275 -0.06405795 -0.278582 -0.1114657 -0.06448824 -0.278038 -0.1115195 -0.06411358 -0.278038 -0.1114555 -0.06455901 -0.277611 -0.1115275 -0.06405795 -0.277495 -0.1114657 -0.06448824 -0.277213 -0.1115509 -0.06389482 -0.276988 -0.1114955 -0.06428057 -0.276871 -0.1115881 -0.06363528 -0.276553 -0.1115429 -0.06395025 -0.276609 -0.1116367 -0.06329695 -0.276219 -0.1116048 -0.06351967 -0.276444 -0.1116933 -0.06290309 -0.27601 -0.1116767 -0.06301841 -0.276388 -0.111754 -0.06248033 -0.275938 -0.111754 -0.06248033 -0.276444 -0.1118147 -0.06205767 -0.27601 -0.1118312 -0.06194235 -0.276609 -0.1118713 -0.06166371 -0.276219 -0.1119032 -0.06144099 -0.276871 -0.1119198 -0.06132548 -0.276553 -0.111965 -0.06101051 -0.277213 -0.1119571 -0.06106594 -0.276988 -0.1120125 -0.06068019 -0.277611 -0.1119805 -0.06090281 -0.277495 -0.1120423 -0.06047252 -0.278038 -0.1119885 -0.06084708 -0.278038 -0.1120525 -0.06040165 -0.278465 -0.1119805 -0.06090281 -0.278582 -0.1120423 -0.06047252 -0.278863 -0.1119571 -0.06106594 -0.279088 -0.1120125 -0.06068019 -0.279205 -0.1119198 -0.06132548 -0.279523 -0.111965 -0.06101051 -0.339998 -0.1095659 -0.07771834 -0.339773 -0.1096213 -0.07733259 -0.340396 -0.1095894 -0.07755521 -0.34028 -0.1096511 -0.07712492 -0.340823 -0.1095973 -0.07749958 -0.340823 -0.1096613 -0.07705415 -0.34125 -0.1095894 -0.07755521 -0.341367 -0.1096511 -0.07712492 -0.341648 -0.1095659 -0.07771834 -0.341873 -0.1096213 -0.07733259 -0.34199 -0.1095286 -0.07797797 -0.342308 -0.1095739 -0.077663 -0.342252 -0.1094801 -0.07831621 -0.342642 -0.1095121 -0.07809349 -0.342417 -0.1094235 -0.07871007 -0.342852 -0.1094401 -0.07859485 -0.342473 -0.1093628 -0.07913283 -0.342923 -0.1093628 -0.07913283 -0.342417 -0.1093021 -0.07955549 -0.342852 -0.1092856 -0.07967081 -0.342252 -0.1092456 -0.07994945 -0.342642 -0.1092136 -0.08017217 -0.34199 -0.109197 -0.08028768 -0.342308 -0.1091518 -0.08060265 -0.341648 -0.1091597 -0.08054722 -0.341873 -0.1091043 -0.08093297 -0.34125 -0.1091363 -0.08071045 -0.341367 -0.1090745 -0.08114064 -0.340823 -0.1091283 -0.08076608 -0.340823 -0.1090643 -0.08121151 -0.340396 -0.1091363 -0.08071045 -0.34028 -0.1090745 -0.08114064 -0.339998 -0.1091597 -0.08054722 -0.339773 -0.1091043 -0.08093297 -0.339657 -0.109197 -0.08028768 -0.339338 -0.1091518 -0.08060265 -0.339394 -0.1092456 -0.07994945 -0.339005 -0.1092136 -0.08017217 -0.339229 -0.1093021 -0.07955549 -0.338795 -0.1092856 -0.07967081 -0.339173 -0.1093628 -0.07913283 -0.338723 -0.1093628 -0.07913283 -0.339229 -0.1094235 -0.07871007 -0.338795 -0.1094401 -0.07859485 -0.339394 -0.1094801 -0.07831621 -0.339005 -0.1095121 -0.07809349 -0.339657 -0.1095286 -0.07797797 -0.339338 -0.1095739 -0.077663 -0.306352 -0.1095659 -0.07771834 -0.306127 -0.1096213 -0.07733259 -0.30675 -0.1095894 -0.07755521 -0.306633 -0.1096511 -0.07712492 -0.307177 -0.1095973 -0.07749958 -0.307177 -0.1096613 -0.07705415 -0.307604 -0.1095894 -0.07755521 -0.30772 -0.1096511 -0.07712492 -0.308002 -0.1095659 -0.07771834 -0.308227 -0.1096213 -0.07733259 -0.308343 -0.1095286 -0.07797797 -0.308662 -0.1095739 -0.077663 -0.308606 -0.1094801 -0.07831621 -0.308995 -0.1095121 -0.07809349 -0.308771 -0.1094235 -0.07871007 -0.309205 -0.1094401 -0.07859485 -0.308827 -0.1093628 -0.07913283 -0.309277 -0.1093628 -0.07913283 -0.308771 -0.1093021 -0.07955549 -0.309205 -0.1092856 -0.07967081 -0.308606 -0.1092456 -0.07994945 -0.308995 -0.1092136 -0.08017217 -0.308343 -0.109197 -0.08028768 -0.308662 -0.1091518 -0.08060265 -0.308002 -0.1091597 -0.08054722 -0.308227 -0.1091043 -0.08093297 -0.307604 -0.1091363 -0.08071045 -0.30772 -0.1090745 -0.08114064 -0.307177 -0.1091283 -0.08076608 -0.307177 -0.1090643 -0.08121151 -0.30675 -0.1091363 -0.08071045 -0.306633 -0.1090745 -0.08114064 -0.306352 -0.1091597 -0.08054722 -0.306127 -0.1091043 -0.08093297 -0.30601 -0.109197 -0.08028768 -0.305692 -0.1091518 -0.08060265 -0.305748 -0.1092456 -0.07994945 -0.305358 -0.1092136 -0.08017217 -0.305583 -0.1093021 -0.07955549 -0.305148 -0.1092856 -0.07967081 -0.305527 -0.1093628 -0.07913283 -0.305077 -0.1093628 -0.07913283 -0.305583 -0.1094235 -0.07871007 -0.305148 -0.1094401 -0.07859485 -0.305748 -0.1094801 -0.07831621 -0.305358 -0.1095121 -0.07809349 -0.30601 -0.1095286 -0.07797797 -0.305692 -0.1095739 -0.077663 -0.306352 -0.1274138 0.04657709 -0.306127 -0.1274692 0.04696284 -0.30675 -0.1274372 0.04674032 -0.306633 -0.127499 0.04717051 -0.307177 -0.1274452 0.04679595 -0.307177 -0.1275092 0.04724138 -0.307604 -0.1274372 0.04674032 -0.30772 -0.127499 0.04717051 -0.308002 -0.1274138 0.04657709 -0.308227 -0.1274692 0.04696284 -0.308343 -0.1273765 0.04631756 -0.308662 -0.1274218 0.04663252 -0.308606 -0.127328 0.04597932 -0.308995 -0.1273599 0.04620204 -0.308771 -0.1272714 0.04558536 -0.309205 -0.1272879 0.04570068 -0.308827 -0.1272107 0.0451627 -0.309277 -0.1272107 0.0451627 -0.308771 -0.12715 0.04473994 -0.309205 -0.1271334 0.04462472 -0.308606 -0.1270934 0.04434608 -0.308995 -0.1270615 0.04412336 -0.308343 -0.1270449 0.04400785 -0.308662 -0.1269996 0.04369288 -0.308002 -0.1270076 0.04374821 -0.308227 -0.1269522 0.04336246 -0.307604 -0.1269842 0.04358508 -0.30772 -0.1269224 0.04315479 -0.307177 -0.1269762 0.04352945 -0.307177 -0.1269122 0.04308402 -0.30675 -0.1269842 0.04358508 -0.306633 -0.1269224 0.04315479 -0.306352 -0.1270076 0.04374821 -0.306127 -0.1269522 0.04336246 -0.30601 -0.1270449 0.04400785 -0.305692 -0.1269996 0.04369288 -0.305748 -0.1270934 0.04434608 -0.305358 -0.1270615 0.04412336 -0.305583 -0.12715 0.04473994 -0.305148 -0.1271334 0.04462472 -0.305527 -0.1272107 0.0451627 -0.305077 -0.1272107 0.0451627 -0.305583 -0.1272714 0.04558536 -0.305148 -0.1272879 0.04570068 -0.305748 -0.127328 0.04597932 -0.305358 -0.1273599 0.04620204 -0.30601 -0.1273765 0.04631756 -0.305692 -0.1274218 0.04663252 -0.345 -0.01919423 -0.01909563 -0.365 -0.01919423 -0.01909563 -0.345 -0.01920233 -0.01840386 -0.365 -0.01920233 -0.01840386 -0.345 -0.01903106 -0.01773361 -0.365 -0.01903106 -0.01773361 -0.345 -0.01869225 -0.01713043 -0.365 -0.01869225 -0.01713043 -0.345 -0.01820888 -0.0166356 -0.365 -0.01820888 -0.0166356 -0.345 -0.01761379 -0.01628274 -0.365 -0.01761379 -0.01628274 -0.345 -0.01694779 -0.01609588 -0.365 -0.01694779 -0.01609588 -0.345 -0.01625601 -0.01608777 -0.365 -0.01625601 -0.01608777 -0.345 -0.01558578 -0.01625895 -0.365 -0.01558578 -0.01625895 -0.345 -0.0149826 -0.01659775 -0.365 -0.0149826 -0.01659775 -0.345 -0.01448776 -0.01708123 -0.365 -0.01448776 -0.01708123 -0.345 -0.01413491 -0.01767622 -0.365 -0.01413491 -0.01767622 -0.345 -0.01394803 -0.01834232 -0.365 -0.01394803 -0.01834232 -0.345 -0.01393994 -0.01903399 -0.365 -0.01393994 -0.01903399 -0.345 -0.0141111 -0.01970432 -0.365 -0.0141111 -0.01970432 -0.345 -0.01444992 -0.02030741 -0.365 -0.01444992 -0.02030741 -0.345 -0.0149334 -0.02080225 -0.365 -0.0149334 -0.02080225 -0.345 -0.01552837 -0.0211552 -0.365 -0.01552837 -0.0211552 -0.345 -0.01619447 -0.02134207 -0.365 -0.01619447 -0.02134207 -0.345 -0.01688615 -0.02135016 -0.365 -0.01688615 -0.02135016 -0.345 -0.01755649 -0.0211789 -0.365 -0.01755649 -0.0211789 -0.345 -0.01815957 -0.02084008 -0.365 -0.01815957 -0.02084008 -0.345 -0.0186544 -0.02035671 -0.365 -0.0186544 -0.02035671 -0.345 -0.01900737 -0.01976163 -0.365 -0.01900737 -0.01976163 -0.345 -0.00502669 -0.02526083 -0.365 -0.00502669 -0.02526083 -0.345 -0.005034807 -0.02456906 -0.365 -0.005034807 -0.02456906 -0.345 -0.004863593 -0.02389882 -0.365 -0.004863593 -0.02389882 -0.345 -0.004524732 -0.02329573 -0.365 -0.004524732 -0.02329573 -0.345 -0.004041341 -0.0228008 -0.365 -0.004041341 -0.0228008 -0.345 -0.003446323 -0.02244795 -0.365 -0.003446323 -0.02244795 -0.345 -0.002780251 -0.02226108 -0.365 -0.002780251 -0.02226108 -0.345 -0.00208851 -0.02225298 -0.365 -0.00208851 -0.02225298 -0.345 -0.001418246 -0.02242415 -0.365 -0.001418246 -0.02242415 -0.345 -0.0008151208 -0.02276306 -0.365 -0.0008151208 -0.02276306 -0.345 -0.0003202531 -0.02324643 -0.365 -0.0003202531 -0.02324643 -0.345 3.262733e-05 -0.02384142 -0.365 3.262733e-05 -0.02384142 -0.345 0.0002195006 -0.02450752 -0.365 0.0002195006 -0.02450752 -0.345 0.0002276073 -0.02519929 -0.365 0.0002276073 -0.02519929 -0.345 5.640317e-05 -0.02586953 -0.365 5.640317e-05 -0.02586953 -0.345 -0.0002824578 -0.02647261 -0.365 -0.0002824578 -0.02647261 -0.345 -0.0007658487 -0.02696755 -0.365 -0.0007658487 -0.02696755 -0.345 -0.001360867 -0.0273204 -0.365 -0.001360867 -0.0273204 -0.345 -0.002026939 -0.02750727 -0.365 -0.002026939 -0.02750727 -0.345 -0.00271868 -0.02751537 -0.365 -0.00271868 -0.02751537 -0.345 -0.003388944 -0.0273442 -0.365 -0.003388944 -0.0273442 -0.345 -0.003992069 -0.02700529 -0.365 -0.003992069 -0.02700529 -0.345 -0.004486937 -0.02652192 -0.365 -0.004486937 -0.02652192 -0.345 -0.004839827 -0.02592693 -0.365 -0.004839827 -0.02592693 -0.345 0.005302419 -0.02408709 -0.365 0.005302419 -0.02408709 -0.345 0.005294326 -0.02339542 -0.365 0.005294326 -0.02339542 -0.345 0.005465516 -0.02272508 -0.365 0.005465516 -0.02272508 -0.345 0.005804377 -0.02212199 -0.365 0.005804377 -0.02212199 -0.345 0.006287782 -0.02162716 -0.365 0.006287782 -0.02162716 -0.345 0.006882786 -0.02127421 -0.365 0.006882786 -0.02127421 -0.345 0.007548858 -0.02108734 -0.365 0.007548858 -0.02108734 -0.345 0.008240599 -0.02107924 -0.365 0.008240599 -0.02107924 -0.345 0.008910878 -0.02125051 -0.365 0.008910878 -0.02125051 -0.345 0.009513988 -0.02158932 -0.365 0.009513988 -0.02158932 -0.345 0.01000886 -0.02207269 -0.365 0.01000886 -0.02207269 -0.345 0.01036175 -0.02266778 -0.365 0.01036175 -0.02266778 -0.345 0.01054861 -0.02333378 -0.365 0.01054861 -0.02333378 -0.345 0.01055672 -0.02402555 -0.365 0.01055672 -0.02402555 -0.345 0.01038551 -0.02469579 -0.365 0.01038551 -0.02469579 -0.345 0.01004667 -0.02529897 -0.365 0.01004667 -0.02529897 -0.345 0.00956326 -0.02579381 -0.365 0.00956326 -0.02579381 -0.345 0.008968242 -0.02614666 -0.365 0.008968242 -0.02614666 -0.345 0.00830217 -0.02633353 -0.365 0.00830217 -0.02633353 -0.345 0.007610429 -0.02634163 -0.365 0.007610429 -0.02634163 -0.345 0.006940165 -0.02617046 -0.365 0.006940165 -0.02617046 -0.345 0.006337054 -0.02583165 -0.365 0.006337054 -0.02583165 -0.345 0.005842172 -0.02534818 -0.365 0.005842172 -0.02534818 -0.345 0.005489292 -0.02475319 -0.365 0.005489292 -0.02475319 -0.38596 -0.120881 0.001081827 -0.385735 -0.1209364 0.001467571 -0.386358 -0.1209044 0.001244954 -0.386242 -0.1209662 0.001675241 -0.386785 -0.1209124 0.001300584 -0.386785 -0.1209764 0.001746015 -0.387212 -0.1209044 0.001244954 -0.387329 -0.1209662 0.001675241 -0.38761 -0.120881 0.001081827 -0.387835 -0.1209364 0.001467571 -0.387952 -0.1208438 0.0008222895 -0.38827 -0.120889 0.001137259 -0.388214 -0.1207952 0.0004839597 -0.388604 -0.1208272 0.0007066753 -0.388379 -0.1207386 9.00994e-05 -0.388814 -0.1207552 0.0002054166 -0.388435 -0.1206779 -0.0003326644 -0.388885 -0.1206779 -0.0003326644 -0.388379 -0.1206172 -0.0007553292 -0.388814 -0.1206007 -0.0008706464 -0.388214 -0.1205607 -0.001149288 -0.388604 -0.1205287 -0.001372004 -0.387952 -0.1205121 -0.001487519 -0.38827 -0.1204669 -0.001802489 -0.38761 -0.1204748 -0.001747057 -0.387835 -0.1204194 -0.002132801 -0.387212 -0.1204514 -0.001910184 -0.387329 -0.1203896 -0.002340471 -0.386785 -0.1204434 -0.001965913 -0.386785 -0.1203794 -0.002411344 -0.386358 -0.1204514 -0.001910184 -0.386242 -0.1203896 -0.002340471 -0.38596 -0.1204748 -0.001747057 -0.385735 -0.1204194 -0.002132801 -0.385618 -0.1205121 -0.001487519 -0.3853 -0.1204669 -0.001802489 -0.385356 -0.1205607 -0.001149288 -0.384967 -0.1205287 -0.001372004 -0.385191 -0.1206172 -0.0007553292 -0.384757 -0.1206007 -0.0008706464 -0.385135 -0.1206779 -0.0003326644 -0.384685 -0.1206779 -0.0003326644 -0.385191 -0.1207386 9.00994e-05 -0.384757 -0.1207552 0.0002054166 -0.385356 -0.1207952 0.0004839597 -0.384967 -0.1208272 0.0007066753 -0.385618 -0.1208438 0.0008222895 -0.3853 -0.120889 0.001137259 -0.383667 -0.08000058 0.001325218 -0.379778 -0.08000481 0.001354716 -0.381321 -0.08116332 0.009422763 -0.381321 -0.07523256 -0.03188 -0.379778 -0.07639107 -0.02381196 -0.383667 -0.07639531 -0.02378246 -0.29242 -0.07187698 -0.05524882 -0.292847 -0.07186899 -0.05530444 -0.289889 -0.07101002 -0.06128649 -0.373979 -0.07564354 -0.02901786 -0.374406 -0.07563556 -0.02907349 -0.37335 -0.07310173 -0.0467195 -0.353495 -0.08358043 0.02625591 -0.347237 -0.08416767 0.03034556 -0.349203 -0.08501171 0.03622357 -0.378984 -0.07668631 -0.02175584 -0.380235 -0.076739 -0.02138891 -0.382247 -0.07697051 -0.01977667 -0.382869 -0.07713355 -0.01864123 -0.384851 -0.07759314 -0.01544057 -0.380235 -0.07965688 -0.001068332 -0.381348 -0.07955995 -0.001743378 -0.382247 -0.07942538 -0.002680566 -0.381348 -0.07683593 -0.02071386 -0.383174 -0.07731395 -0.01738492 -0.3835 -0.07819794 -0.01122862 -0.384851 -0.07880275 -0.007016671 -0.383174 -0.07908194 -0.005072324 -0.382869 -0.07926234 -0.00381601 -0.375263 -0.0795826 -0.001585636 -0.374316 -0.07945489 -0.002475004 -0.370283 -0.0800063 0.001365109 -0.373634 -0.07929671 -0.003576625 -0.371612 -0.07906317 -0.005203013 -0.373229 -0.07746252 -0.01635025 -0.371176 -0.07693893 -0.01999655 -0.3735 -0.07819794 -0.01122862 -0.37198 -0.07799862 -0.01261672 -0.373229 -0.07893337 -0.006106991 -0.373263 -0.07911883 -0.004815429 -0.373263 -0.07727706 -0.01764181 -0.373634 -0.07709917 -0.01888062 -0.370276 -0.07638567 -0.02384957 -0.374316 -0.07694099 -0.01998224 -0.375263 -0.07681328 -0.0208716 -0.37641 -0.07672476 -0.02148809 -0.377679 -0.07668145 -0.0217897 -0.378984 -0.07970957 -0.0007013954 -0.377679 -0.07971443 -0.0006675426 -0.37641 -0.07967112 -0.0009691491 -0.2632554 -0.07890861 -0.006279383 -0.2632053 -0.07890861 -0.006279383 -0.263816 -0.07916283 -0.004508962 -0.2635936 -0.0794046 -0.002825252 -0.2713133 -0.0798347 0.0001700662 -0.269447 -0.07981 -1.969265e-06 -0.265363 -0.08058778 0.005414574 -0.273282 -0.07986261 0.0003643732 -0.2676723 -0.07972425 -0.0005991442 -0.2660868 -0.07958216 -0.001588704 -0.2647774 -0.07939153 -0.002916258 -0.2682737 -0.08172442 0.01333038 -0.282162 -0.08154219 0.0120613 -0.279008 -0.08057523 0.005327171 -0.278095 -0.08032584 0.003590385 -0.276779 -0.0801159 0.00212838 -0.275141 -0.07995829 0.001030738 -0.294014 -0.0844582 0.03236881 -0.293672 -0.08449546 0.03262835 -0.308424 -0.08501171 0.03622357 -0.293274 -0.0845189 0.03279157 -0.289889 -0.08538586 0.03882925 -0.292847 -0.08452689 0.0328472 -0.29242 -0.0845189 0.03279157 -0.291432 -0.08320966 0.02367379 -0.293274 -0.08406583 0.02963634 -0.297321 -0.08386948 0.02826886 -0.293672 -0.08408927 0.02979956 -0.294441 -0.08423166 0.03079119 -0.303861 -0.08439087 0.03189992 -0.294276 -0.08417511 0.03039733 -0.294014 -0.08412654 0.0300591 -0.318244 -0.08497117 0.03594127 -0.310893 -0.0847611 0.03447827 -0.294497 -0.08429237 0.03121396 -0.294441 -0.08435307 0.03163672 -0.294276 -0.08440963 0.03203058 -0.277271 -0.08377103 0.0275833 -0.283183 -0.08464115 0.03364294 -0.291254 -0.08435307 0.03163672 -0.292022 -0.08408927 0.02979956 -0.29242 -0.08406583 0.02963634 -0.292847 -0.08405785 0.02958071 -0.292022 -0.08449546 0.03262835 -0.291681 -0.0844582 0.03236881 -0.291418 -0.08440963 0.03203058 -0.286337 -0.08242754 0.01822696 -0.291681 -0.08412654 0.0300591 -0.291418 -0.08417511 0.03039733 -0.272269 -0.08279245 0.02076829 -0.291254 -0.08423166 0.03079119 -0.291197 -0.08429237 0.03121396 -0.325594 -0.08579177 0.04165605 -0.325429 -0.08584833 0.04204991 -0.342998 -0.08643692 0.04614897 -0.322571 -0.08584833 0.04204991 -0.322406 -0.08579177 0.04165605 -0.308424 -0.08641687 0.0460093 -0.32235 -0.08573107 0.04123329 -0.322406 -0.08567036 0.04081053 -0.322571 -0.08561381 0.04041667 -0.322833 -0.08556524 0.04007844 -0.324 -0.08549654 0.03960004 -0.325736 -0.08501593 0.03625297 -0.323573 -0.08550453 0.03965567 -0.323175 -0.08552797 0.0398189 -0.325167 -0.08556524 0.04007844 -0.333186 -0.08489429 0.03540586 -0.324825 -0.08552797 0.0398189 -0.324427 -0.08550453 0.03965567 -0.325429 -0.08561381 0.04041667 -0.325594 -0.08567036 0.04081053 -0.325167 -0.08589689 0.04238815 -0.324825 -0.08593416 0.04264768 -0.324427 -0.0859576 0.04281091 -0.32565 -0.08573107 0.04123329 -0.346851 -0.08623681 0.04475537 -0.3545 -0.08570655 0.04106254 -0.324 -0.08596559 0.04286654 -0.323573 -0.0859576 0.04281091 -0.323175 -0.08593416 0.04264768 -0.322833 -0.08589689 0.04238815 -0.340412 -0.08460921 0.03342052 -0.37335 -0.08329416 0.02426226 -0.359033 -0.08286183 0.02125144 -0.36788 -0.08422077 0.03071537 -0.361555 -0.08503016 0.03635206 -0.372812 -0.08058651 0.005405765 -0.372756 -0.08052581 0.004983001 -0.36743 -0.08110345 0.00900584 -0.370083 -0.08010661 0.002063644 -0.375231 -0.08032271 0.003568608 -0.375573 -0.08035998 0.003828146 -0.372812 -0.0804651 0.004560237 -0.372977 -0.08040854 0.004166377 -0.373239 -0.08035998 0.003828146 -0.373581 -0.08032271 0.003568608 -0.375835 -0.08040854 0.004166377 -0.376 -0.0804651 0.004560237 -0.376056 -0.08052581 0.004983001 -0.376 -0.08058651 0.005405765 -0.373979 -0.08029927 0.003405382 -0.374406 -0.08029128 0.003349753 -0.374833 -0.08029927 0.003405382 -0.375835 -0.08064307 0.005799625 -0.375573 -0.08069163 0.006137856 -0.37786 -0.08226836 0.01711843 -0.375231 -0.0807289 0.006397394 -0.374833 -0.08075234 0.00656062 -0.374406 -0.08076033 0.006616249 -0.373979 -0.08075234 0.00656062 -0.373581 -0.0807289 0.006397394 -0.363716 -0.0820294 0.0154543 -0.373239 -0.08069163 0.006137856 -0.372977 -0.08064307 0.005799625 -0.37786 -0.07412752 -0.03957567 -0.36922 -0.07590998 -0.02716239 -0.372756 -0.07587008 -0.02744024 -0.372812 -0.07580937 -0.02786301 -0.366161 -0.07493685 -0.03393938 -0.374833 -0.07564354 -0.02901786 -0.375231 -0.07566698 -0.02885463 -0.375573 -0.07570425 -0.0285951 -0.375835 -0.07575282 -0.02825687 -0.375835 -0.07598734 -0.02662362 -0.375573 -0.07603591 -0.02628539 -0.372977 -0.07598734 -0.02662362 -0.372812 -0.07593078 -0.02701748 -0.372977 -0.07575282 -0.02825687 -0.373239 -0.07570425 -0.0285951 -0.362074 -0.07404332 -0.04016206 -0.373581 -0.07566698 -0.02885463 -0.357056 -0.07325119 -0.04567857 -0.376 -0.07580937 -0.02786301 -0.376056 -0.07587008 -0.02744024 -0.376 -0.07593078 -0.02701748 -0.373979 -0.07609661 -0.02586262 -0.373581 -0.07607317 -0.02602585 -0.373239 -0.07603591 -0.02628539 -0.375231 -0.07607317 -0.02602585 -0.374833 -0.07609661 -0.02586262 -0.374406 -0.0761046 -0.02580699 -0.3545 -0.07068934 -0.06351978 -0.349203 -0.07138417 -0.05868081 -0.361555 -0.07136572 -0.0588093 -0.351233 -0.07257979 -0.05035432 -0.36788 -0.07217511 -0.05317261 -0.330419 -0.07143676 -0.05831457 -0.337749 -0.07166136 -0.05675041 -0.344744 -0.0720455 -0.05407525 -0.30515 -0.06995208 -0.06865412 -0.32235 -0.07066482 -0.06369053 -0.322406 -0.07060411 -0.06411329 -0.313407 -0.06965946 -0.07069202 -0.324427 -0.07043828 -0.06526815 -0.330376 -0.06957524 -0.0712785 -0.324 -0.0704303 -0.06532378 -0.321871 -0.06953303 -0.07157249 -0.323573 -0.07043828 -0.06526815 -0.322571 -0.07054756 -0.06450715 -0.322833 -0.07049899 -0.06484539 -0.323175 -0.07046172 -0.06510492 -0.325429 -0.07078208 -0.06287391 -0.325594 -0.07072552 -0.06326777 -0.32565 -0.07066482 -0.06369053 -0.325594 -0.07060411 -0.06411329 -0.346851 -0.07015907 -0.06721261 -0.325429 -0.07054756 -0.06450715 -0.338757 -0.06978529 -0.06981571 -0.325167 -0.07049899 -0.06484539 -0.324825 -0.07046172 -0.06510492 -0.325167 -0.07083065 -0.06253568 -0.324825 -0.07086791 -0.06227614 -0.322932 -0.07137718 -0.05872951 -0.322406 -0.07072552 -0.06326777 -0.308424 -0.07138417 -0.05868081 -0.322571 -0.07078208 -0.06287391 -0.324427 -0.07089135 -0.06211291 -0.324 -0.07089934 -0.06205728 -0.32244 -0.07137909 -0.05871625 -0.323573 -0.07089135 -0.06211291 -0.323175 -0.07086791 -0.06227614 -0.322833 -0.07083065 -0.06253568 -0.293672 -0.07230661 -0.0522568 -0.293274 -0.07233005 -0.05209358 -0.295036 -0.07275758 -0.04911622 -0.289428 -0.07346514 -0.04418866 -0.292022 -0.07190042 -0.05508559 -0.293274 -0.07187698 -0.05524882 -0.293672 -0.07190042 -0.05508559 -0.294014 -0.07193769 -0.05482605 -0.294276 -0.07198625 -0.05448782 -0.301351 -0.07218278 -0.05311916 -0.308218 -0.07175479 -0.05609979 -0.315471 -0.07148405 -0.05798525 -0.294276 -0.07222078 -0.05285457 -0.294014 -0.07226934 -0.05251634 -0.294441 -0.07204281 -0.05409396 -0.294497 -0.07210352 -0.0536712 -0.294441 -0.07216422 -0.05324843 -0.283183 -0.07175473 -0.05610018 -0.277271 -0.07262485 -0.05004054 -0.291197 -0.07210352 -0.0536712 -0.292847 -0.07233804 -0.05203795 -0.29242 -0.07233005 -0.05209358 -0.28789 -0.07364196 -0.04295719 -0.292022 -0.07230661 -0.0522568 -0.286094 -0.07375977 -0.0421368 -0.28415 -0.07381133 -0.04177769 -0.291681 -0.07226934 -0.05251634 -0.282175 -0.07379351 -0.04190181 -0.274333 -0.07366243 -0.04281465 -0.291418 -0.07222078 -0.05285457 -0.272508 -0.07378984 -0.04192735 -0.291254 -0.07216422 -0.05324843 -0.276325 -0.07360451 -0.04321801 -0.278355 -0.07361983 -0.04311131 -0.280293 -0.07370739 -0.04250156 -0.2698129 -0.07421626 -0.03895771 -0.270921 -0.07398609 -0.04056067 -0.2706915 -0.07398347 -0.04057888 -0.2709684 -0.07397851 -0.04061343 -0.272269 -0.07360343 -0.04322554 -0.291254 -0.07204281 -0.05409396 -0.291418 -0.07198625 -0.05448782 -0.291681 -0.07193769 -0.05482605 -0.297259 -0.07040522 -0.06549839 -0.338757 -0.08661059 0.04735847 -0.313407 -0.08673643 0.04823478 -0.321871 -0.08686285 0.04911525 -0.330376 -0.08682064 0.04882126 -0.297259 -0.08599066 0.04304115 -0.30515 -0.0864438 0.04619688 -0.305527 -0.1272107 0.0451627 -0.305527 -0.09751528 0.04942673 -0.305583 -0.12715 0.04473994 -0.305583 -0.09745457 0.04900397 -0.305748 -0.1270934 0.04434608 -0.305748 -0.09739802 0.04861011 -0.30601 -0.1270449 0.04400785 -0.30601 -0.09734945 0.04827188 -0.306352 -0.1270076 0.04374821 -0.306352 -0.09731217 0.04801224 -0.30675 -0.1269842 0.04358508 -0.30675 -0.09728874 0.04784911 -0.307177 -0.1269762 0.04352945 -0.307177 -0.09728076 0.04779348 -0.307604 -0.1269842 0.04358508 -0.307604 -0.09728874 0.04784911 -0.308002 -0.1270076 0.04374821 -0.308002 -0.09731217 0.04801224 -0.308343 -0.1270449 0.04400785 -0.308343 -0.09734945 0.04827188 -0.308606 -0.1270934 0.04434608 -0.308606 -0.09739802 0.04861011 -0.308771 -0.12715 0.04473994 -0.308771 -0.09745457 0.04900397 -0.308827 -0.1272107 0.0451627 -0.308827 -0.09751528 0.04942673 -0.308771 -0.1272714 0.04558536 -0.308771 -0.09757597 0.0498494 -0.308606 -0.127328 0.04597932 -0.308606 -0.09763254 0.05024336 -0.308343 -0.1273765 0.04631756 -0.308343 -0.09768111 0.05058159 -0.308002 -0.1274138 0.04657709 -0.308002 -0.09771837 0.05084113 -0.307604 -0.1274372 0.04674032 -0.307604 -0.09774181 0.05100435 -0.307177 -0.1274452 0.04679595 -0.307177 -0.0977498 0.05105998 -0.30675 -0.1274372 0.04674032 -0.30675 -0.09774181 0.05100435 -0.306352 -0.1274138 0.04657709 -0.306352 -0.09771837 0.05084113 -0.30601 -0.1273765 0.04631756 -0.30601 -0.09768111 0.05058159 -0.305748 -0.127328 0.04597932 -0.305748 -0.09763254 0.05024336 -0.305583 -0.1272714 0.04558536 -0.305583 -0.09757597 0.0498494 -0.2597859 -0.1160129 -0.03282084 -0.2593962 -0.1160448 -0.03259813 -0.2600481 -0.1160614 -0.03248261 -0.2597299 -0.1161067 -0.03216764 -0.2603898 -0.1160987 -0.03222307 -0.2601648 -0.1161541 -0.03183733 -0.2607878 -0.1161221 -0.03205994 -0.2606713 -0.1161839 -0.03162966 -0.2612148 -0.1161301 -0.03200422 -0.2612148 -0.1161941 -0.03155879 -0.2616419 -0.1161221 -0.03205994 -0.2617583 -0.1161839 -0.03162966 -0.2620398 -0.1160987 -0.03222307 -0.2622648 -0.1161541 -0.03183733 -0.2623815 -0.1160614 -0.03248261 -0.2626997 -0.1161067 -0.03216764 -0.2626438 -0.1160129 -0.03282084 -0.2630335 -0.1160448 -0.03259813 -0.2628086 -0.1159563 -0.0332148 -0.2632433 -0.1159729 -0.03309948 -0.2628648 -0.1158956 -0.03363746 -0.2633148 -0.1158956 -0.03363746 -0.2628086 -0.1158349 -0.03406023 -0.2632433 -0.1158183 -0.03417555 -0.2626438 -0.1157783 -0.03445409 -0.2630335 -0.1157464 -0.0346768 -0.2623815 -0.1157298 -0.03479242 -0.2626997 -0.1156845 -0.03510739 -0.2620398 -0.1156925 -0.03505196 -0.2622648 -0.1156371 -0.0354377 -0.2616419 -0.1156691 -0.03521508 -0.2617583 -0.1156073 -0.03564537 -0.2612148 -0.1156611 -0.03527071 -0.2612148 -0.1155971 -0.03571614 -0.2607878 -0.1156691 -0.03521508 -0.2606713 -0.1156073 -0.03564537 -0.2603898 -0.1156925 -0.03505196 -0.2601648 -0.1156371 -0.0354377 -0.2600481 -0.1157298 -0.03479242 -0.2597299 -0.1156845 -0.03510739 -0.2597859 -0.1157783 -0.03445409 -0.2593962 -0.1157464 -0.0346768 -0.259621 -0.1158349 -0.03406023 -0.2591864 -0.1158183 -0.03417555 -0.2595648 -0.1158956 -0.03363746 -0.2591148 -0.1158956 -0.03363746 -0.259621 -0.1159563 -0.0332148 -0.2591864 -0.1159729 -0.03309948 -0.373263 -0.07727706 -0.01764181 -0.373263 -0.05748011 -0.01479912 -0.373634 -0.07709917 -0.01888062 -0.373634 -0.05730223 -0.01603793 -0.374316 -0.07694099 -0.01998224 -0.374316 -0.05714404 -0.01713955 -0.375263 -0.07681328 -0.0208716 -0.375263 -0.05701634 -0.01802892 -0.37641 -0.07672476 -0.02148809 -0.37641 -0.05692781 -0.0186454 -0.377679 -0.07668145 -0.0217897 -0.377679 -0.05688451 -0.01894701 -0.378984 -0.07668631 -0.02175584 -0.378984 -0.05688937 -0.01891316 -0.380235 -0.076739 -0.02138891 -0.380235 -0.05694206 -0.01854622 -0.381348 -0.07683593 -0.02071386 -0.381348 -0.05703899 -0.01787117 -0.382247 -0.07697051 -0.01977667 -0.382247 -0.05717356 -0.01693399 -0.382869 -0.07713355 -0.01864123 -0.382869 -0.0573366 -0.01579854 -0.345 -0.01732233 -0.002487353 -0.365 -0.01732233 -0.002487353 -0.345 -0.01737586 0.002080748 -0.365 -0.01737586 0.002080748 -0.345 -0.01624521 0.00650706 -0.365 -0.01624521 0.00650706 -0.345 -0.0140076 0.01048994 -0.365 -0.0140076 0.01048994 -0.345 -0.01081527 0.01375786 -0.365 -0.01081527 0.01375786 -0.345 -0.006885943 0.01608831 -0.365 -0.006885943 0.01608831 -0.345 -0.002487353 0.01732233 -0.365 -0.002487353 0.01732233 -0.345 0.002080748 0.01737586 -0.365 0.002080748 0.01737586 -0.345 0.00650706 0.01624521 -0.365 0.00650706 0.01624521 -0.345 0.01048994 0.0140076 -0.365 0.01048994 0.0140076 -0.345 0.01375786 0.01081527 -0.365 0.01375786 0.01081527 -0.345 0.01608831 0.006885943 -0.365 0.01608831 0.006885943 -0.345 0.01732233 0.002487353 -0.365 0.01732233 0.002487353 -0.345 0.01737586 -0.002080748 -0.365 0.01737586 -0.002080748 -0.345 0.01624521 -0.00650706 -0.365 0.01624521 -0.00650706 -0.345 0.0140076 -0.01048994 -0.365 0.0140076 -0.01048994 -0.345 0.01081527 -0.01375786 -0.365 0.01081527 -0.01375786 -0.345 0.006885943 -0.01608831 -0.365 0.006885943 -0.01608831 -0.345 0.002487353 -0.01732233 -0.365 0.002487353 -0.01732233 -0.345 -0.002080748 -0.01737586 -0.365 -0.002080748 -0.01737586 -0.345 -0.00650706 -0.01624521 -0.365 -0.00650706 -0.01624521 -0.345 -0.01048994 -0.0140076 -0.365 -0.01048994 -0.0140076 -0.345 -0.01375786 -0.01081527 -0.365 -0.01375786 -0.01081527 -0.345 -0.01608831 -0.006885943 -0.365 -0.01608831 -0.006885943 -0.345 -0.02297159 0.01414697 -0.365 -0.02297159 0.01414697 -0.345 -0.0229797 0.01483875 -0.365 -0.0229797 0.01483875 -0.345 -0.02280853 0.01550898 -0.365 -0.02280853 0.01550898 -0.345 -0.02246972 0.01611216 -0.365 -0.02246972 0.01611216 -0.345 -0.02198625 0.016607 -0.365 -0.02198625 0.016607 -0.345 -0.02139126 0.01695985 -0.365 -0.02139126 0.01695985 -0.345 -0.02072516 0.01714673 -0.365 -0.02072516 0.01714673 -0.345 -0.02003348 0.01715482 -0.365 -0.02003348 0.01715482 -0.345 -0.01936315 0.01698366 -0.365 -0.01936315 0.01698366 -0.345 -0.01876007 0.01664484 -0.365 -0.01876007 0.01664484 -0.345 -0.01826523 0.01616136 -0.365 -0.01826523 0.01616136 -0.345 -0.01791228 0.01556639 -0.365 -0.01791228 0.01556639 -0.345 -0.0177254 0.01490029 -0.365 -0.0177254 0.01490029 -0.345 -0.01771731 0.01420861 -0.365 -0.01771731 0.01420861 -0.345 -0.01788857 0.01353827 -0.365 -0.01788857 0.01353827 -0.345 -0.01822739 0.01293519 -0.365 -0.01822739 0.01293519 -0.345 -0.01871077 0.01244036 -0.365 -0.01871077 0.01244036 -0.345 -0.01930584 0.01208739 -0.365 -0.01930584 0.01208739 -0.345 -0.01997184 0.01190054 -0.365 -0.01997184 0.01190054 -0.345 -0.02066361 0.01189243 -0.365 -0.02066361 0.01189243 -0.345 -0.02133386 0.0120637 -0.365 -0.02133386 0.0120637 -0.345 -0.02193704 0.01240251 -0.365 -0.02193704 0.01240251 -0.345 -0.02243187 0.01288588 -0.365 -0.02243187 0.01288588 -0.345 -0.02278474 0.01348097 -0.365 -0.02278474 0.01348097 -0.345 -7.102345e-05 0.02452884 -0.365 -7.102345e-05 0.02452884 -0.345 -7.867354e-05 0.02518148 -0.365 -7.867354e-05 0.02518148 -0.345 8.284799e-05 0.02581375 -0.365 8.284799e-05 0.02581375 -0.345 0.0004025072 0.02638276 -0.365 0.0004025072 0.02638276 -0.345 0.0008585505 0.02684962 -0.365 0.0008585505 0.02684962 -0.345 0.001419888 0.02718249 -0.365 0.001419888 0.02718249 -0.345 0.002048259 0.02735879 -0.365 0.002048259 0.02735879 -0.345 0.002700849 0.02736643 -0.365 0.002700849 0.02736643 -0.345 0.003333169 0.02720496 -0.365 0.003333169 0.02720496 -0.345 0.003902152 0.02688529 -0.365 0.003902152 0.02688529 -0.345 0.004369006 0.02642921 -0.365 0.004369006 0.02642921 -0.345 0.004701923 0.02586793 -0.365 0.004701923 0.02586793 -0.345 0.004878213 0.02523951 -0.365 0.004878213 0.02523951 -0.345 0.004885859 0.02458697 -0.365 0.004885859 0.02458697 -0.345 0.004724342 0.02395459 -0.365 0.004724342 0.02395459 -0.345 0.004404683 0.02338558 -0.365 0.004404683 0.02338558 -0.345 0.003948639 0.02291872 -0.365 0.003948639 0.02291872 -0.345 0.003387302 0.02258586 -0.365 0.003387302 0.02258586 -0.345 0.002758931 0.02240956 -0.365 0.002758931 0.02240956 -0.345 0.00210634 0.02240192 -0.365 0.00210634 0.02240192 -0.345 0.001474021 0.02256339 -0.365 0.001474021 0.02256339 -0.345 0.0009050377 0.02288306 -0.365 0.0009050377 0.02288306 -0.345 0.0004381841 0.02333913 -0.365 0.0004381841 0.02333913 -0.345 0.0001052626 0.02390051 -0.365 0.0001052626 0.02390051 -0.345 0.01787388 -0.01487897 -0.365 0.01787388 -0.01487897 -0.345 0.01786625 -0.01422643 -0.365 0.01786625 -0.01422643 -0.345 0.01802781 -0.01359404 -0.365 0.01802781 -0.01359404 -0.345 0.01834749 -0.01302513 -0.365 0.01834749 -0.01302513 -0.345 0.01880347 -0.01255828 -0.365 0.01880347 -0.01255828 -0.345 0.01936484 -0.01222531 -0.365 0.01936484 -0.01222531 -0.345 0.01999316 -0.01204901 -0.365 0.01999316 -0.01204901 -0.345 0.0206458 -0.01204137 -0.365 0.0206458 -0.01204137 -0.345 0.02127809 -0.01220294 -0.365 0.02127809 -0.01220294 -0.345 0.0218471 -0.01252261 -0.365 0.0218471 -0.01252261 -0.345 0.02231395 -0.01297859 -0.365 0.02231395 -0.01297859 -0.345 0.02264682 -0.01353997 -0.365 0.02264682 -0.01353997 -0.345 0.02282312 -0.01416829 -0.365 0.02282312 -0.01416829 -0.345 0.02283076 -0.01482093 -0.365 0.02283076 -0.01482093 -0.345 0.02266929 -0.0154532 -0.365 0.02266929 -0.0154532 -0.345 0.02234962 -0.01602222 -0.365 0.02234962 -0.01602222 -0.345 0.02189354 -0.01648908 -0.365 0.02189354 -0.01648908 -0.345 0.02133227 -0.01682204 -0.365 0.02133227 -0.01682204 -0.345 0.02070383 -0.01699825 -0.365 0.02070383 -0.01699825 -0.345 0.02005131 -0.01700597 -0.365 0.02005131 -0.01700597 -0.345 0.01941892 -0.01684442 -0.365 0.01941892 -0.01684442 -0.345 0.01885001 -0.01652473 -0.365 0.01885001 -0.01652473 -0.345 0.01838315 -0.01606866 -0.365 0.01838315 -0.01606866 -0.345 0.01805019 -0.01550739 -0.365 0.01805019 -0.01550739 -0.365 -0.03529481 0.01978042 -0.355 -0.03529481 0.01978042 -0.365 -0.03517849 0.01936574 -0.355 -0.03517849 0.01936574 -0.365 -0.0349587 0.01899522 -0.355 -0.0349587 0.01899522 -0.365 -0.03465059 0.01869425 -0.355 -0.03465059 0.01869425 -0.365 -0.03427509 0.01848328 -0.355 -0.03427509 0.01848328 -0.365 -0.03385771 0.01837673 -0.355 -0.03385771 0.01837673 -0.365 -0.03342704 0.01838169 -0.355 -0.03342704 0.01838169 -0.365 -0.03301228 0.01849812 -0.355 -0.03301228 0.01849812 -0.365 -0.03264185 0.0187178 -0.355 -0.03264185 0.0187178 -0.365 -0.03234088 0.01902591 -0.355 -0.03234088 0.01902591 -0.365 -0.03212981 0.01940142 -0.355 -0.03212981 0.01940142 -0.365 -0.03202326 0.01981881 -0.355 -0.03202326 0.01981881 -0.365 -0.03202832 0.02024946 -0.355 -0.03202832 0.02024946 -0.365 -0.03214465 0.02066423 -0.355 -0.03214465 0.02066423 -0.365 -0.03236433 0.02103467 -0.355 -0.03236433 0.02103467 -0.365 -0.03267255 0.02133572 -0.355 -0.03267255 0.02133572 -0.365 -0.03304805 0.02154669 -0.355 -0.03304805 0.02154669 -0.365 -0.03346534 0.02165326 -0.355 -0.03346534 0.02165326 -0.365 -0.03389609 0.02164819 -0.355 -0.03389609 0.02164819 -0.365 -0.03431076 0.02153186 -0.355 -0.03431076 0.02153186 -0.365 -0.0346813 0.02131217 -0.355 -0.0346813 0.02131217 -0.365 -0.03498226 0.02100406 -0.355 -0.03498226 0.02100406 -0.365 -0.03519322 0.02062847 -0.355 -0.03519322 0.02062847 -0.365 -0.03529989 0.02021117 -0.355 -0.03529989 0.02021117 -0.355 -0.0349587 0.01899522 -0.355 -0.03517849 0.01936574 -0.355 -0.03366157 0.02001494 -0.355 -0.03529481 0.01978042 -0.355 -0.03529989 0.02021117 -0.355 -0.03385771 0.01837673 -0.355 -0.03427509 0.01848328 -0.355 -0.03465059 0.01869425 -0.355 -0.03264185 0.0187178 -0.355 -0.03301228 0.01849812 -0.355 -0.03342704 0.01838169 -0.355 -0.03202326 0.01981881 -0.355 -0.03212981 0.01940142 -0.355 -0.03234088 0.01902591 -0.355 -0.03236433 0.02103467 -0.355 -0.03214465 0.02066423 -0.355 -0.03202832 0.02024946 -0.355 -0.03346534 0.02165326 -0.355 -0.03304805 0.02154669 -0.355 -0.03267255 0.02133572 -0.355 -0.0346813 0.02131217 -0.355 -0.03431076 0.02153186 -0.355 -0.03389609 0.02164819 -0.355 -0.03519322 0.02062847 -0.355 -0.03498226 0.02100406 -0.365 -0.02830288 -0.02891255 -0.355 -0.02830288 -0.02891255 -0.365 -0.02818654 -0.02932733 -0.355 -0.02818654 -0.02932733 -0.365 -0.02796676 -0.02969775 -0.355 -0.02796676 -0.02969775 -0.365 -0.02765864 -0.02999881 -0.355 -0.02765864 -0.02999881 -0.365 -0.02728315 -0.03020978 -0.355 -0.02728315 -0.03020978 -0.365 -0.02686576 -0.03031634 -0.355 -0.02686576 -0.03031634 -0.365 -0.02643511 -0.03031128 -0.355 -0.02643511 -0.03031128 -0.365 -0.02602033 -0.03019494 -0.355 -0.02602033 -0.03019494 -0.365 -0.0256499 -0.02997526 -0.355 -0.0256499 -0.02997526 -0.365 -0.02534893 -0.02966716 -0.355 -0.02534893 -0.02966716 -0.365 -0.02513788 -0.02929154 -0.355 -0.02513788 -0.02929154 -0.365 -0.02503131 -0.02887426 -0.355 -0.02503131 -0.02887426 -0.365 -0.02503638 -0.02844351 -0.355 -0.02503638 -0.02844351 -0.365 -0.0251527 -0.02802883 -0.355 -0.0251527 -0.02802883 -0.365 -0.0253724 -0.0276583 -0.355 -0.0253724 -0.0276583 -0.365 -0.0256806 -0.02735735 -0.355 -0.0256806 -0.02735735 -0.365 -0.0260561 -0.02714638 -0.355 -0.0260561 -0.02714638 -0.365 -0.02647339 -0.02703981 -0.355 -0.02647339 -0.02703981 -0.365 -0.02690415 -0.02704478 -0.355 -0.02690415 -0.02704478 -0.365 -0.02731882 -0.0271612 -0.355 -0.02731882 -0.0271612 -0.365 -0.02768935 -0.0273809 -0.355 -0.02768935 -0.0273809 -0.365 -0.02799031 -0.027689 -0.355 -0.02799031 -0.027689 -0.365 -0.02820129 -0.0280645 -0.355 -0.02820129 -0.0280645 -0.365 -0.02830794 -0.0284819 -0.355 -0.02830794 -0.0284819 -0.2632554 -0.06703045 -0.00457377 -0.2632554 -0.07890861 -0.006279383 -0.263816 -0.06728466 -0.002803349 -0.263816 -0.07916283 -0.004508962 -0.2647774 -0.06751336 -0.001210645 -0.2647774 -0.07939153 -0.002916258 -0.2660868 -0.06770399 0.0001169087 -0.2660868 -0.07958216 -0.001588704 -0.2676723 -0.06784608 0.001106469 -0.2676723 -0.07972425 -0.0005991442 -0.269447 -0.06793183 0.001703644 -0.269447 -0.07981 -1.969265e-06 -0.345 -0.01054861 0.02333378 -0.365 -0.01054861 0.02333378 -0.345 -0.01055672 0.02402555 -0.365 -0.01055672 0.02402555 -0.345 -0.01038551 0.02469579 -0.365 -0.01038551 0.02469579 -0.345 -0.01004667 0.02529897 -0.365 -0.01004667 0.02529897 -0.345 -0.00956326 0.02579381 -0.365 -0.00956326 0.02579381 -0.345 -0.008968242 0.02614666 -0.365 -0.008968242 0.02614666 -0.345 -0.00830217 0.02633353 -0.365 -0.00830217 0.02633353 -0.345 -0.007610429 0.02634163 -0.365 -0.007610429 0.02634163 -0.345 -0.006940165 0.02617046 -0.365 -0.006940165 0.02617046 -0.345 -0.006337054 0.02583165 -0.365 -0.006337054 0.02583165 -0.345 -0.005842172 0.02534818 -0.365 -0.005842172 0.02534818 -0.345 -0.005489292 0.02475319 -0.365 -0.005489292 0.02475319 -0.345 -0.005302419 0.02408709 -0.365 -0.005302419 0.02408709 -0.345 -0.005294326 0.02339542 -0.365 -0.005294326 0.02339542 -0.345 -0.005465516 0.02272508 -0.365 -0.005465516 0.02272508 -0.345 -0.005804377 0.02212199 -0.365 -0.005804377 0.02212199 -0.345 -0.006287782 0.02162716 -0.365 -0.006287782 0.02162716 -0.345 -0.006882786 0.02127421 -0.365 -0.006882786 0.02127421 -0.345 -0.007548858 0.02108734 -0.365 -0.007548858 0.02108734 -0.345 -0.008240599 0.02107924 -0.365 -0.008240599 0.02107924 -0.345 -0.008910878 0.02125051 -0.365 -0.008910878 0.02125051 -0.345 -0.009513988 0.02158932 -0.365 -0.009513988 0.02158932 -0.345 -0.01000886 0.02207269 -0.365 -0.01000886 0.02207269 -0.345 -0.01036175 0.02266778 -0.365 -0.01036175 0.02266778 -0.355 -0.02796676 -0.02969775 -0.355 -0.02818654 -0.02932733 -0.355 -0.02666963 -0.02867803 -0.355 -0.02830288 -0.02891255 -0.355 -0.02830794 -0.0284819 -0.355 -0.02686576 -0.03031634 -0.355 -0.02728315 -0.03020978 -0.355 -0.02765864 -0.02999881 -0.355 -0.0256499 -0.02997526 -0.355 -0.02602033 -0.03019494 -0.355 -0.02643511 -0.03031128 -0.355 -0.02503131 -0.02887426 -0.355 -0.02513788 -0.02929154 -0.355 -0.02534893 -0.02966716 -0.355 -0.0253724 -0.0276583 -0.355 -0.0251527 -0.02802883 -0.355 -0.02503638 -0.02844351 -0.355 -0.02647339 -0.02703981 -0.355 -0.0260561 -0.02714638 -0.355 -0.0256806 -0.02735735 -0.355 -0.02768935 -0.0273809 -0.355 -0.02731882 -0.0271612 -0.355 -0.02690415 -0.02704478 -0.355 -0.02820129 -0.0280645 -0.355 -0.02799031 -0.027689 -0.379498 0.01064041 -0.03017913 -0.365 0.01064041 -0.03017913 -0.379498 0.01632365 -0.02752338 -0.365 0.01632365 -0.02752338 -0.379498 0.02137948 -0.02380997 -0.365 0.02137948 -0.02380997 -0.379498 0.0256138 -0.01918154 -0.365 0.02139594 -0.02379518 -0.365 0.02406789 -0.02108873 -0.365 0.02439173 -0.02071339 -0.365 0.0256138 -0.01918154 -0.365 0.02575427 -0.01899256 -0.365 0.02702897 -0.01712997 -0.365 0.02795995 -0.01556404 -0.379498 0.02886376 -0.01381593 -0.365 0.02886376 -0.01381593 -0.379498 0.03100451 -0.007919495 -0.365 0.03100451 -0.007919495 -0.379498 0.03195379 -0.001718605 -0.365 0.03195379 -0.001718605 -0.379498 0.03167512 0.004548302 -0.365 0.03167512 0.004548302 -0.379498 0.03017913 0.01064041 -0.365 0.03017913 0.01064041 -0.379498 0.02752338 0.01632365 -0.365 0.02752338 0.01632365 -0.365 0.02640822 0.0180723 -0.379498 0.02380997 0.02137948 -0.365 0.02380997 0.02137948 -0.365 0.02097058 0.02417094 -0.379498 0.01918154 0.0256138 -0.365 0.01918154 0.0256138 -0.365 0.0175778 0.02673989 -0.365 0.01716143 0.02700894 -0.365 0.0139429 0.02880269 -0.379498 0.01381593 0.02886376 -0.365 0.01381593 0.02886376 -0.379498 0.007919495 0.03100451 -0.365 0.007919495 0.03100451 -0.379498 0.001718605 0.03195379 -0.365 -0.001924357 0.03194208 -0.365 0.001718605 0.03195379 -0.275938 -0.1248195 0.0285102 -0.275938 -0.1307586 0.02765739 -0.27601 -0.1248968 0.02904828 -0.27601 -0.1308359 0.02819548 -0.276219 -0.1249688 0.02954954 -0.276219 -0.1309079 0.02869673 -0.276553 -0.1250306 0.02998012 -0.276553 -0.1309697 0.02912732 -0.276988 -0.125078 0.03031044 -0.276988 -0.1310171 0.02945763 -0.277495 -0.1251078 0.03051811 -0.277495 -0.1310469 0.0296653 -0.278038 -0.125118 0.03058888 -0.278038 -0.1310571 0.02973607 -0.278582 -0.1251078 0.03051811 -0.278582 -0.1310469 0.0296653 -0.279088 -0.125078 0.03031044 -0.279088 -0.1310171 0.02945763 -0.279523 -0.1250306 0.02998012 -0.279523 -0.1309697 0.02912732 -0.279857 -0.1249688 0.02954954 -0.279857 -0.1309079 0.02869673 -0.280066 -0.1248968 0.02904828 -0.280066 -0.1308359 0.02819548 -0.280138 -0.1248195 0.0285102 -0.280138 -0.1307586 0.02765739 -0.280066 -0.1247423 0.02797222 -0.280066 -0.1306814 0.02711941 -0.279857 -0.1246703 0.02747086 -0.279857 -0.1306094 0.02661805 -0.279523 -0.1246085 0.02704038 -0.279523 -0.1305476 0.02618757 -0.279088 -0.124561 0.02671006 -0.279088 -0.1305001 0.02585726 -0.278582 -0.1245312 0.02650239 -0.278582 -0.1304703 0.02564959 -0.278038 -0.124521 0.02643152 -0.278038 -0.1304601 0.02557871 -0.277495 -0.1245312 0.02650239 -0.277495 -0.1304703 0.02564959 -0.276988 -0.124561 0.02671006 -0.276988 -0.1305001 0.02585726 -0.276553 -0.1246085 0.02704038 -0.276553 -0.1305476 0.02618757 -0.276219 -0.1246703 0.02747086 -0.276219 -0.1306094 0.02661805 -0.27601 -0.1247423 0.02797222 -0.27601 -0.1306814 0.02711941 -0.376056 -0.08052581 0.004983001 -0.376056 -0.06072886 0.00782569 -0.376 -0.08058651 0.005405765 -0.376 -0.06078956 0.008248453 -0.375835 -0.08064307 0.005799625 -0.375835 -0.06084612 0.008642314 -0.375573 -0.08069163 0.006137856 -0.375573 -0.06089469 0.008980545 -0.375231 -0.0807289 0.006397394 -0.375231 -0.06093195 0.009240083 -0.374833 -0.08075234 0.00656062 -0.374833 -0.06095539 0.009403308 -0.374406 -0.08076033 0.006616249 -0.374406 -0.06096338 0.009458938 -0.373979 -0.08075234 0.00656062 -0.373979 -0.06095539 0.009403308 -0.373581 -0.0807289 0.006397394 -0.373581 -0.06093195 0.009240083 -0.373239 -0.08069163 0.006137856 -0.373239 -0.06089469 0.008980545 -0.372977 -0.08064307 0.005799625 -0.372977 -0.06084612 0.008642314 -0.372812 -0.08058651 0.005405765 -0.372812 -0.06078956 0.008248453 -0.372756 -0.08052581 0.004983001 -0.372756 -0.06072886 0.00782569 -0.372812 -0.0804651 0.004560237 -0.372812 -0.06066815 0.007402926 -0.372977 -0.08040854 0.004166377 -0.372977 -0.0606116 0.007009066 -0.373239 -0.08035998 0.003828146 -0.373239 -0.06056303 0.006670835 -0.373581 -0.08032271 0.003568608 -0.373581 -0.06052576 0.006411297 -0.373979 -0.08029927 0.003405382 -0.373979 -0.06050232 0.006248071 -0.374406 -0.08029128 0.003349753 -0.374406 -0.06049434 0.006192442 -0.374833 -0.08029927 0.003405382 -0.374833 -0.06050232 0.006248071 -0.375231 -0.08032271 0.003568608 -0.375231 -0.06052576 0.006411297 -0.375573 -0.08035998 0.003828146 -0.375573 -0.06056303 0.006670835 -0.375835 -0.08040854 0.004166377 -0.375835 -0.0606116 0.007009066 -0.376 -0.0804651 0.004560237 -0.376 -0.06066815 0.007402926 -0.379498 -0.005827512 0.04058374 -0.353 -0.005827512 0.04058374 -0.353 0.005827512 -0.04058374 -0.379498 0.005827512 -0.04058374 -0.379498 0.0124279 -0.03907104 -0.353 0.0124279 -0.03907104 -0.379498 0.0186893 -0.0364926 -0.353 0.0186893 -0.0364926 -0.379498 0.02444082 -0.03291873 -0.353 0.02444082 -0.03291873 -0.379498 0.02952576 -0.02844698 -0.353 0.02952576 -0.02844698 -0.379498 0.03380531 -0.02319913 -0.353 0.03380531 -0.02319913 -0.379498 0.03716267 -0.01731863 -0.353 0.03716267 -0.01731863 -0.379498 0.03950639 -0.01096561 -0.353 0.03950639 -0.01096561 -0.379498 0.04077245 -0.004313525 -0.353 0.04077245 -0.004313525 -0.379498 0.04092639 0.002456237 -0.353 0.04092639 0.002456237 -0.379498 0.03996393 0.009158989 -0.353 0.03996393 0.009158989 -0.379498 0.03791131 0.0156119 -0.353 0.03791131 0.0156119 -0.379498 0.03482462 0.02163897 -0.353 0.03482462 0.02163897 -0.379498 0.03078797 0.02707582 -0.353 0.03078797 0.02707582 -0.379498 0.02591159 0.03177402 -0.353 0.02591159 0.03177402 -0.379498 0.0203283 0.03560564 -0.353 0.0203283 0.03560564 -0.379498 0.01419054 0.0384659 -0.353 0.01419054 0.0384659 -0.379498 0.007665781 0.04027699 -0.353 0.007665781 0.04027699 -0.379498 0.000931836 0.0409894 -0.353 0.000931836 0.0409894 -0.339998 -0.1274138 0.04657709 -0.339773 -0.1274692 0.04696284 -0.340396 -0.1274372 0.04674032 -0.34028 -0.127499 0.04717051 -0.340823 -0.1274452 0.04679595 -0.340823 -0.1275092 0.04724138 -0.34125 -0.1274372 0.04674032 -0.341367 -0.127499 0.04717051 -0.341648 -0.1274138 0.04657709 -0.341873 -0.1274692 0.04696284 -0.34199 -0.1273765 0.04631756 -0.342308 -0.1274218 0.04663252 -0.342252 -0.127328 0.04597932 -0.342642 -0.1273599 0.04620204 -0.342417 -0.1272714 0.04558536 -0.342852 -0.1272879 0.04570068 -0.342473 -0.1272107 0.0451627 -0.342923 -0.1272107 0.0451627 -0.342417 -0.12715 0.04473994 -0.342852 -0.1271334 0.04462472 -0.342252 -0.1270934 0.04434608 -0.342642 -0.1270615 0.04412336 -0.34199 -0.1270449 0.04400785 -0.342308 -0.1269996 0.04369288 -0.341648 -0.1270076 0.04374821 -0.341873 -0.1269522 0.04336246 -0.34125 -0.1269842 0.04358508 -0.341367 -0.1269224 0.04315479 -0.340823 -0.1269762 0.04352945 -0.340823 -0.1269122 0.04308402 -0.340396 -0.1269842 0.04358508 -0.34028 -0.1269224 0.04315479 -0.339998 -0.1270076 0.04374821 -0.339773 -0.1269522 0.04336246 -0.339657 -0.1270449 0.04400785 -0.339338 -0.1269996 0.04369288 -0.339394 -0.1270934 0.04434608 -0.339005 -0.1270615 0.04412336 -0.339229 -0.12715 0.04473994 -0.338795 -0.1271334 0.04462472 -0.339173 -0.1272107 0.0451627 -0.338723 -0.1272107 0.0451627 -0.339229 -0.1272714 0.04558536 -0.338795 -0.1272879 0.04570068 -0.339394 -0.127328 0.04597932 -0.339005 -0.1273599 0.04620204 -0.339657 -0.1273765 0.04631756 -0.339338 -0.1274218 0.04663252 -0.276609 -0.09500685 0.03195761 -0.276444 -0.09506342 0.03235157 -0.278038 -0.09512411 0.03277423 -0.276388 -0.09512411 0.03277423 -0.276444 -0.09518481 0.033197 -0.277611 -0.09489759 0.03119671 -0.277213 -0.09492101 0.03135984 -0.276871 -0.09495828 0.03161938 -0.278863 -0.09492101 0.03135984 -0.278465 -0.09489759 0.03119671 -0.278038 -0.09488959 0.03114099 -0.279632 -0.09506342 0.03235157 -0.279467 -0.09500685 0.03195761 -0.279205 -0.09495828 0.03161938 -0.279467 -0.09524137 0.03359086 -0.279632 -0.09518481 0.033197 -0.279688 -0.09512411 0.03277423 -0.278465 -0.09535064 0.03435185 -0.278863 -0.09532722 0.03418873 -0.279205 -0.09528995 0.03392919 -0.277213 -0.09532722 0.03418873 -0.277611 -0.09535064 0.03435185 -0.278038 -0.09535863 0.03440748 -0.276609 -0.09524137 0.03359086 -0.276871 -0.09528995 0.03392919 -0.345 0.02187348 -0.005368197 -0.365 0.02187348 -0.005368197 -0.345 0.02186538 -0.004676455 -0.365 0.02186538 -0.004676455 -0.345 0.02203665 -0.004006177 -0.365 0.02203665 -0.004006177 -0.345 0.02237546 -0.003403066 -0.365 0.02237546 -0.003403066 -0.345 0.02285883 -0.002908199 -0.365 0.02285883 -0.002908199 -0.345 0.02345392 -0.002555304 -0.365 0.02345392 -0.002555304 -0.345 0.02412002 -0.002368431 -0.365 0.02412002 -0.002368431 -0.345 0.02481169 -0.002360338 -0.365 0.02481169 -0.002360338 -0.345 0.02548193 -0.002531542 -0.365 0.02548193 -0.002531542 -0.345 0.02608511 -0.002870389 -0.365 0.02608511 -0.002870389 -0.345 0.02657995 -0.003353794 -0.365 0.02657995 -0.003353794 -0.345 0.0269329 -0.003948798 -0.365 0.0269329 -0.003948798 -0.345 0.02711967 -0.004614884 -0.365 0.02711967 -0.004614884 -0.345 0.02712787 -0.005306611 -0.365 0.02712787 -0.005306611 -0.345 0.0269566 -0.00597689 -0.365 0.0269566 -0.00597689 -0.345 0.02661779 -0.006580001 -0.365 0.02661779 -0.006580001 -0.345 0.02613431 -0.007074843 -0.365 0.02613431 -0.007074843 -0.345 0.02553934 -0.007427793 -0.365 0.02553934 -0.007427793 -0.345 0.02487333 -0.007614652 -0.365 0.02487333 -0.007614652 -0.345 0.02418156 -0.007622758 -0.365 0.02418156 -0.007622758 -0.345 0.02351122 -0.007451499 -0.365 0.02351122 -0.007451499 -0.345 0.02290813 -0.007112678 -0.365 0.02290813 -0.007112678 -0.345 0.0224133 -0.006629273 -0.365 0.0224133 -0.006629273 -0.345 0.02206035 -0.006034269 -0.365 0.02206035 -0.006034269 -0.385356 -0.08608292 -0.03019006 -0.385191 -0.08613948 -0.0297962 -0.386785 -0.08620018 -0.02937343 -0.385135 -0.08620018 -0.02937343 -0.385191 -0.08626087 -0.02895077 -0.386358 -0.08597365 -0.03095105 -0.38596 -0.08599707 -0.03078792 -0.385618 -0.08603434 -0.03052839 -0.38761 -0.08599707 -0.03078792 -0.387212 -0.08597365 -0.03095105 -0.386785 -0.08596566 -0.03100668 -0.388379 -0.08613948 -0.0297962 -0.388214 -0.08608292 -0.03019006 -0.387952 -0.08603434 -0.03052839 -0.388214 -0.08631744 -0.02855681 -0.388379 -0.08626087 -0.02895077 -0.388435 -0.08620018 -0.02937343 -0.387212 -0.0864267 -0.02779591 -0.38761 -0.08640328 -0.02795904 -0.387952 -0.08636601 -0.02821858 -0.38596 -0.08640328 -0.02795904 -0.386358 -0.0864267 -0.02779591 -0.386785 -0.0864347 -0.02774018 -0.385356 -0.08631744 -0.02855681 -0.385618 -0.08636601 -0.02821858 -0.365 -0.05014252 0.0176484 -0.355 -0.05014252 0.0176484 -0.365 -0.0500262 0.01723372 -0.355 -0.0500262 0.01723372 -0.365 -0.04980641 0.0168632 -0.355 -0.04980641 0.0168632 -0.365 -0.0494983 0.01656224 -0.355 -0.0494983 0.01656224 -0.365 -0.0491228 0.01635127 -0.355 -0.0491228 0.01635127 -0.365 -0.04870542 0.01624471 -0.355 -0.04870542 0.01624471 -0.365 -0.04827475 0.01624967 -0.355 -0.04827475 0.01624967 -0.365 -0.04785999 0.01636611 -0.355 -0.04785999 0.01636611 -0.365 -0.04748956 0.01658579 -0.355 -0.04748956 0.01658579 -0.365 -0.04718859 0.01689389 -0.355 -0.04718859 0.01689389 -0.365 -0.04697752 0.01726941 -0.355 -0.04697752 0.01726941 -0.365 -0.04687097 0.01768679 -0.355 -0.04687097 0.01768679 -0.365 -0.04687603 0.01811744 -0.355 -0.04687603 0.01811744 -0.365 -0.04699236 0.01853222 -0.355 -0.04699236 0.01853222 -0.365 -0.04721204 0.01890265 -0.355 -0.04721204 0.01890265 -0.365 -0.04752026 0.0192037 -0.355 -0.04752026 0.0192037 -0.365 -0.04789576 0.01941467 -0.355 -0.04789576 0.01941467 -0.365 -0.04831305 0.01952124 -0.355 -0.04831305 0.01952124 -0.365 -0.0487438 0.01951617 -0.355 -0.0487438 0.01951617 -0.365 -0.04915847 0.01939985 -0.355 -0.04915847 0.01939985 -0.365 -0.04952901 0.01918015 -0.355 -0.04952901 0.01918015 -0.365 -0.04982997 0.01887205 -0.355 -0.04982997 0.01887205 -0.365 -0.05004093 0.01849645 -0.355 -0.05004093 0.01849645 -0.365 -0.0501476 0.01807915 -0.355 -0.0501476 0.01807915 -0.345 -0.02711967 0.004614884 -0.365 -0.02711967 0.004614884 -0.345 -0.02712787 0.005306611 -0.365 -0.02712787 0.005306611 -0.345 -0.0269566 0.00597689 -0.365 -0.0269566 0.00597689 -0.345 -0.02661779 0.006580001 -0.365 -0.02661779 0.006580001 -0.345 -0.02613431 0.007074843 -0.365 -0.02613431 0.007074843 -0.345 -0.02553934 0.007427793 -0.365 -0.02553934 0.007427793 -0.345 -0.02487333 0.007614652 -0.365 -0.02487333 0.007614652 -0.345 -0.02418156 0.007622758 -0.365 -0.02418156 0.007622758 -0.345 -0.02351122 0.007451499 -0.365 -0.02351122 0.007451499 -0.345 -0.02290813 0.007112678 -0.365 -0.02290813 0.007112678 -0.345 -0.0224133 0.006629273 -0.365 -0.0224133 0.006629273 -0.345 -0.02206035 0.006034269 -0.365 -0.02206035 0.006034269 -0.345 -0.02187348 0.005368197 -0.365 -0.02187348 0.005368197 -0.345 -0.02186538 0.004676455 -0.365 -0.02186538 0.004676455 -0.345 -0.02203665 0.004006177 -0.365 -0.02203665 0.004006177 -0.345 -0.02237546 0.003403066 -0.365 -0.02237546 0.003403066 -0.345 -0.02285883 0.002908199 -0.365 -0.02285883 0.002908199 -0.345 -0.02345392 0.002555304 -0.365 -0.02345392 0.002555304 -0.345 -0.02412002 0.002368431 -0.365 -0.02412002 0.002368431 -0.345 -0.02481169 0.002360338 -0.365 -0.02481169 0.002360338 -0.345 -0.02548193 0.002531542 -0.365 -0.02548193 0.002531542 -0.345 -0.02608511 0.002870389 -0.365 -0.02608511 0.002870389 -0.345 -0.02657995 0.003353794 -0.365 -0.02657995 0.003353794 -0.345 -0.0269329 0.003948798 -0.365 -0.0269329 0.003948798 -0.339394 -0.07955014 -0.07568542 -0.339229 -0.07960671 -0.07529146 -0.340823 -0.0796674 -0.0748688 -0.339173 -0.0796674 -0.0748688 -0.339229 -0.07972811 -0.07444603 -0.340396 -0.07944087 -0.07644642 -0.339998 -0.0794643 -0.07628319 -0.339657 -0.07950157 -0.07602365 -0.341648 -0.0794643 -0.07628319 -0.34125 -0.07944087 -0.07644642 -0.340823 -0.07943288 -0.07650204 -0.342417 -0.07960671 -0.07529146 -0.342252 -0.07955014 -0.07568542 -0.34199 -0.07950157 -0.07602365 -0.342252 -0.07978466 -0.07405217 -0.342417 -0.07972811 -0.07444603 -0.342473 -0.0796674 -0.0748688 -0.34125 -0.07989393 -0.07329118 -0.341648 -0.07987051 -0.0734543 -0.34199 -0.07983323 -0.07371394 -0.339998 -0.07987051 -0.0734543 -0.340396 -0.07989393 -0.07329118 -0.340823 -0.07990192 -0.07323555 -0.339394 -0.07978466 -0.07405217 -0.339657 -0.07983323 -0.07371394 -0.3869 -0.05434728 -0.03645978 -0.385427 -0.05442563 -0.0341531 -0.385704 -0.05381029 -0.03892388 -0.38446 -0.05308195 -0.04121289 -0.384283 -0.05386539 -0.03522849 -0.38428 -0.05295982 -0.0415245 -0.383498 -0.05336031 -0.03594932 -0.383367 -0.05226569 -0.04303002 -0.382596 -0.05263284 -0.0367555 -0.383326 -0.05223132 -0.0430949 -0.382593 -0.0515584 -0.04421765 -0.381841 -0.05186642 -0.0374087 -0.382291 -0.05124649 -0.04465839 -0.381188 -0.05104157 -0.03795026 -0.381429 -0.05020539 -0.04584971 -0.381196 -0.04987429 -0.04615394 -0.38057 -0.05004564 -0.03843159 -0.380717 -0.04909877 -0.04675087 -0.380177 -0.04922424 -0.03870997 -0.380168 -0.04795813 -0.0473768 -0.37977 -0.04802224 -0.03894844 -0.379782 -0.04680011 -0.04775151 -0.379611 -0.04727637 -0.03900258 -0.379611 -0.04600624 -0.0478719 -0.379581 -0.04580924 -0.04788523 -0.379611 -0.05634085 0.02412395 -0.365 -0.05704135 0.02386212 -0.37977 -0.05704135 0.02386212 -0.380177 -0.05812768 0.02329506 -0.365 -0.05883757 0.0227968 -0.38057 -0.05883757 0.0227968 -0.381188 -0.05965781 0.02205468 -0.365 -0.06029695 0.02130291 -0.381855 -0.06030906 0.02128662 -0.38258 -0.06083851 0.02047806 -0.365 -0.06131984 0.01948213 -0.383511 -0.06132542 0.0194682 -0.384271 -0.06159822 0.01866073 -0.365 -0.06183669 0.01745873 -0.385435 -0.06183768 0.01745081 -0.386158 -0.06189083 0.01671286 -0.2595648 -0.1158956 -0.03363746 -0.2595648 -0.08620018 -0.02937343 -0.259621 -0.1158349 -0.03406023 -0.259621 -0.08613948 -0.0297962 -0.2597859 -0.1157783 -0.03445409 -0.2597859 -0.08608292 -0.03019006 -0.2600481 -0.1157298 -0.03479242 -0.2600481 -0.08603434 -0.03052839 -0.2603898 -0.1156925 -0.03505196 -0.2603898 -0.08599707 -0.03078792 -0.2607878 -0.1156691 -0.03521508 -0.2607878 -0.08597365 -0.03095105 -0.2612148 -0.1156611 -0.03527071 -0.2612148 -0.08596566 -0.03100668 -0.2616419 -0.1156691 -0.03521508 -0.2616419 -0.08597365 -0.03095105 -0.2620398 -0.1156925 -0.03505196 -0.2620398 -0.08599707 -0.03078792 -0.2623815 -0.1157298 -0.03479242 -0.2623815 -0.08603434 -0.03052839 -0.2626438 -0.1157783 -0.03445409 -0.2626438 -0.08608292 -0.03019006 -0.2628086 -0.1158349 -0.03406023 -0.2628086 -0.08613948 -0.0297962 -0.2628648 -0.1158956 -0.03363746 -0.2628648 -0.08620018 -0.02937343 -0.2628086 -0.1159563 -0.0332148 -0.2628086 -0.08626087 -0.02895077 -0.2626438 -0.1160129 -0.03282084 -0.2626438 -0.08631744 -0.02855681 -0.2623815 -0.1160614 -0.03248261 -0.2623815 -0.08636601 -0.02821858 -0.2620398 -0.1160987 -0.03222307 -0.2620398 -0.08640328 -0.02795904 -0.2616419 -0.1161221 -0.03205994 -0.2616419 -0.0864267 -0.02779591 -0.2612148 -0.1161301 -0.03200422 -0.2612148 -0.0864347 -0.02774018 -0.2607878 -0.1161221 -0.03205994 -0.2607878 -0.0864267 -0.02779591 -0.2603898 -0.1160987 -0.03222307 -0.2603898 -0.08640328 -0.02795904 -0.2600481 -0.1160614 -0.03248261 -0.2600481 -0.08636601 -0.02821858 -0.2597859 -0.1160129 -0.03282084 -0.2597859 -0.08631744 -0.02855681 -0.259621 -0.1159563 -0.0332148 -0.259621 -0.08626087 -0.02895077 -0.294497 -0.07210352 -0.0536712 -0.294497 -0.05230657 -0.05082851 -0.294441 -0.07216422 -0.05324843 -0.294441 -0.05236727 -0.05040574 -0.294276 -0.07222078 -0.05285457 -0.294276 -0.05242383 -0.05001188 -0.294014 -0.07226934 -0.05251634 -0.294014 -0.0524724 -0.04967365 -0.293672 -0.07230661 -0.0522568 -0.293672 -0.05250966 -0.04941411 -0.293274 -0.07233005 -0.05209358 -0.293274 -0.0525331 -0.04925089 -0.292847 -0.07233804 -0.05203795 -0.292847 -0.05254109 -0.04919526 -0.29242 -0.07233005 -0.05209358 -0.29242 -0.0525331 -0.04925089 -0.292022 -0.07230661 -0.0522568 -0.292022 -0.05250966 -0.04941411 -0.291681 -0.07226934 -0.05251634 -0.291681 -0.0524724 -0.04967365 -0.291418 -0.07222078 -0.05285457 -0.291418 -0.05242383 -0.05001188 -0.291254 -0.07216422 -0.05324843 -0.291254 -0.05236727 -0.05040574 -0.291197 -0.07210352 -0.0536712 -0.291197 -0.05230657 -0.05082851 -0.291254 -0.07204281 -0.05409396 -0.291254 -0.05224586 -0.05125127 -0.291418 -0.07198625 -0.05448782 -0.291418 -0.05218931 -0.05164513 -0.291681 -0.07193769 -0.05482605 -0.291681 -0.05214074 -0.05198336 -0.292022 -0.07190042 -0.05508559 -0.292022 -0.05210347 -0.0522429 -0.29242 -0.07187698 -0.05524882 -0.29242 -0.05208003 -0.05240613 -0.292847 -0.07186899 -0.05530444 -0.292847 -0.05207205 -0.05246176 -0.293274 -0.07187698 -0.05524882 -0.293274 -0.05208003 -0.05240613 -0.293672 -0.07190042 -0.05508559 -0.293672 -0.05210347 -0.0522429 -0.294014 -0.07193769 -0.05482605 -0.294014 -0.05214074 -0.05198336 -0.294276 -0.07198625 -0.05448782 -0.294276 -0.05218931 -0.05164513 -0.294441 -0.07204281 -0.05409396 -0.294441 -0.05224586 -0.05125127</float_array>
          <technique_common>
            <accessor count="7443" source="#verts-array-array" stride="3">
              <param type="float" name="X"/>
              <param type="float" name="Y"/>
              <param type="float" name="Z"/>
            </accessor>
          </technique_common>
        </source>
        <source id="normals-array">
          <float_array count="22329" id="normals-array-array">-1 0 0 -0.9990763 0.04249926 0.006357255 -0.9992671 0.03780318 0.006014264 -0.9878413 0.1540071 0.02124581 -0.9093188 0.4129879 0.05079558 -0.9280341 0.3684945 0.05444665 -0.9593322 0.2795374 0.0392511 -0.962391 0.2688579 0.03897414 -0.9900815 0.1390195 0.02030531 -0.8057722 0.5842029 0.09715017 -0.8488709 0.5218523 0.0841926 -0.8945932 0.4422089 0.06445423 -0.854178 0.5156172 0.06722147 -0.7708755 0.6314653 0.08368082 -0.7410375 0.6642461 0.09818635 -0.6680637 0.7356573 0.1118001 -0.4594198 0.8773589 0.1384732 -0.5038697 0.8532247 0.1346215 -0.5765958 0.8098909 0.1077684 -0.6908343 0.7162145 0.09891777 -0.5587076 0.8207367 0.1193189 -0.346597 0.9297067 0.1245633 -0.2451522 0.9605116 0.1315969 -0.2491936 0.9579309 0.1423756 -0.482818 0.8676208 0.1188317 -0.3491705 0.9272149 0.1354712 -0.1167928 0.9830726 0.1411654 -0.01052979 0.9912343 0.1316956 -0.07327053 0.9871868 0.1417524 -1 -2.145336e-06 1.494047e-05 -1 -2.145336e-06 1.494047e-05 -0.9659504 -0.03677407 0.2561006 -0.9659504 -0.03677407 0.2561006 -0.8660389 -0.0710639 0.4949006 -0.8660389 -0.0710639 0.4949006 -0.7070872 -0.100507 0.6999471 -0.7070872 -0.100507 0.6999471 -0.499767 -0.1231111 0.8573661 -0.499767 -0.1231111 0.8573661 -0.2588538 -0.13729 0.9561099 -0.2588538 -0.13729 0.9561099 -1.060449e-15 -0.1421344 0.9898474 -4.455669e-17 -0.1421344 0.9898474 0.2588538 -0.13729 0.9561099 0.2588538 -0.13729 0.9561099 0.499767 -0.1231111 0.8573661 0.499767 -0.1231111 0.8573661 0.7070872 -0.100507 0.6999471 0.7070872 -0.100507 0.6999471 0.8660389 -0.0710639 0.4949006 0.8660389 -0.0710639 0.4949006 0.9659504 -0.03677407 0.2561006 0.9659504 -0.03677407 0.2561006 1 -2.145336e-06 1.494047e-05 1 -2.145336e-06 1.494047e-05 0.9659428 0.0367781 -0.2561287 0.9659428 0.0367781 -0.2561287 0.8660519 0.07106068 -0.4948782 0.8660519 0.07106068 -0.4948782 0.7071372 0.1004999 -0.6998977 0.7071372 0.1004999 -0.6998977 0.499767 0.1231111 -0.8573661 0.499767 0.1231111 -0.8573661 0.2587426 0.1372942 -0.9561394 0.2587426 0.1372942 -0.9561394 6.861522e-16 0.1421344 -0.9898474 3.831759e-16 0.1421344 -0.9898474 -0.2587426 0.1372942 -0.9561394 -0.2587426 0.1372942 -0.9561394 -0.499767 0.1231111 -0.8573661 -0.499767 0.1231111 -0.8573661 -0.7071372 0.1004999 -0.6998977 -0.7071372 0.1004999 -0.6998977 -0.8660519 0.07106068 -0.4948782 -0.8660519 0.07106068 -0.4948782 -0.9659428 0.0367781 -0.2561287 -0.9659428 0.0367781 -0.2561287 0.004590167 0.09663693 -0.9953091 -7.281005e-18 0.1217024 -0.9925666 -6.772042e-17 0.1421344 -0.9898474 4.881046e-17 0.1421344 -0.9898474 3.168134e-17 0.1421344 -0.9898474 -2.208159e-17 0.1847093 -0.9827932 6.964081e-16 0.1421344 -0.9898474 6.004691e-16 0.1421344 -0.9898474 -2.324761e-16 0.1421344 -0.9898474 -0.002030108 0.2052321 -0.9787112 1 0 0 1 0 0 1 0 0 1 0 0 1 0 0 1 0 0 1 0 0 1 0 0 1 0 0 1 0 0 1 0 0 1 0 0 1 0 0 1 0 0 1 0 0 1 0 0 1 0 0 1 0 0 1 0 0 1 0 0 1 0 0 1 0 0 1 0 0 1 0 0 1 0 0 1 0 0 1 0 0 1 0 0 1 0 0 1 0 0 1 0 0 1 0 0 1 0 0 1 0 0 1 0 0 1 0 0 1 0 0 1 0 0 1 0 0 1 0 0 1 0 0 1 0 0 1 0 0 1 0 0 1 0 0 1 0 0 1 0 0 1 0 0 1 0 0 1 0 0 1 0 0 1 0 0 1 0 0 1 0 0 1 0 0 1 0 0 1 0 0 1 0 0 1 0 0 1 0 0 1 0 0 1 0 0 1 0 0 1 0 0 1 0 0 1 0 0 1 0 0 1 0 0 1 0 0 1 0 0 1 0 0 1 0 0 1 0 0 1 0 0 1 0 0 1 0 0 1 0 0 1 0 0 1 0 0 1 0 0 1 0 0 1 0 0 1 0 0 1 0 0 1 0 0 1 0 0 1 0 0 1 0 0 1 0 0 1 0 0 1 0 0 1 0 0 1 0 0 1 0 0 1 0 0 1 0 0 1 0 0 1 0 0 1 0 0 1 0 0 1 0 0 1 0 0 1 0 0 1 0 0 1 0 0 1 0 0 1 0 0 1 0 0 1 0 0 1 0 0 1 0 0 1 0 0 1 0 0 1 0 0 1 0 0 1 0 0 1 0 0 1 0 0 1 0 0 1 0 0 1 0 0 1 0 0 1 0 0 1 0 0 1 0 0 1 0 0 1 0 0 1 0 0 1 0 0 1 0 0 1 0 0 1 0 0 1 0 0 1 0 0 1 0 0 1 0 0 1 0 0 1 0 0 1 0 0 1 0 0 1 0 0 1 0 0 1 0 0 1 0 0 1 0 0 1 0 0 1 0 0 1 0 0 1 0 0 1 0 0 1 0 0 1 0 0 1 0 0 1 0 0 1 0 0 1 0 0 1 0 0 1 0 0 1 0 0 1 0 0 1 0 0 1 0 0 1 0 0 1 0 0 1 0 0 1 0 0 1 0 0 1 0 0 1 0 0 1 0 0 1 0 0 1 0 0 1 0 0 1 0 0 1 0 0 1 0 0 1 0 0 1 0 0 1 0 0 1 0 0 1 0 0 1 0 0 1 0 0 1 0 0 1 0 0 1 0 0 1 0 0 1 0 0 1 0 0 1 0 0 1 0 0 1 0 0 1 0 0 1 0 0 1 0 0 1 0 0 1 0 0 1 0 0 1 0 0 1 0 0 1 0 0 1 0 0 1 0 0 1 0 0 1 0 0 1 0 0 1 0 0 1 0 0 1 0 0 1 0 0 1 0 0 1 0 0 1 0 0 1 0 0 1 0 0 1 0 0 1 0 0 1 0 0 1 0 0 1 0 0 1 0 0 1 0 0 1 0 0 1 0 0 1 0 0 1 0 0 1 0 0 1 0 0 1 0 0 1 0 0 1 0 0 1 0 0 1 0 0 1 0 0 1 0 0 1 0 0 1 0 0 1 0 0 1 0 0 1 0 0 1 0 0 1 0 0 1 0 0 1 0 0 1 0 0 1 0 0 1 0 0 1 0 0 1 0 0 1 0 0 1 0 0 1 0 0 1 0 0 1 0 0 1 0 0 1 0 0 1 0 0 1 0 0 1 0 0 1 0 0 1 0 0 1 0 0 1 0 0 1 0 0 1 0 0 1 0 0 1 0 0 1 0 0 1 0 0 1 0 0 1 0 0 1 0 0 1 0 0 1 0 0 1 0 0 1 0 0 1 0 0 1 0 0 1 0 0 1 0 0 1 0 0 1 0 0 1 0 0 1 0 0 1 0 0 1 0 0 1 0 0 1 0 0 1 0 0 1 0 0 1 0 0 1 0 0 1 0 0 1 0 0 1 0 0 1 0 0 1 0 0 1 0 0 1 0 0 1 0 0 1 0 0 1 0 0 1 0 0 1 0 0 1 0 0 1 0 0 1 0 0 1 0 0 1 0 0 1 0 0 1 0 0 1 0 0 1 0 0 1 0 0 1 0 0 1 0 0 1 0 0 1 0 0 1 0 0 1 0 0 1 0 0 1 0 0 1 0 0 1 0 0 1 0 0 1 0 0 1 0 0 1 0 0 1 0 0 1 0 0 1 0 0 1 0 0 1 0 0 1 0 0 1 0 0 1 0 0 1 0 0 1 0 0 1 0 0 1 0 0 1 0 0 1 0 0 1 0 0 1 0 0 1 0 0 1 0 0 1 0 0 1 0 0 1 0 0 1 0 0 1 0 0 1 0 0 1 0 0 1 0 0 1 0 0 1 0 0 1 0 0 1 0 0 1 0 0 1 0 0 1 0 0 1 0 0 1 0 0 1 0 0 1 0 0 1 0 0 1 0 0 1 0 0 1 0 0 1 0 0 1 0 0 1 0 0 1 0 0 1 0 0 1 0 0 1 0 0 1 0 0 1 0 0 1 0 0 1 0 0 1 0 0 1 0 0 1 0 0 1 0 0 1 0 0 1 0 0 1 0 0 1 0 0 1 0 0 1 0 0 1 0 0 1 0 0 1 0 0 1 0 0 1 0 0 1 0 0 1 0 0 1 0 0 1 0 0 1 0 0 1 0 0 1 0 0 1 0 0 1 0 0 1 0 0 1 0 0 1 0 0 1 0 0 1 0 0 1 0 0 1 0 0 1 0 0 1 0 0 1 0 0 1 0 0 1 0 0 1 0 0 1 0 0 1 0 0 1 0 0 1 0 0 1 0 0 1 0 0 1 0 0 1 0 0 1 0 0 1 0 0 1 0 0 1 0 0 1 0 0 1 0 0 1 0 0 1 0 0 1 0 0 1 0 0 1 0 0 1 0 0 1 0 0 1 0 0 1 0 0 1 0 0 1 0 0 1 0 0 1 0 0 1 0 0 1 0 0 1 0 0 1 0 0 1 0 0 1 0 0 1 0 0 1 0 0 1 0 0 1 0 0 1 0 0 1 0 0 1 0 0 1 0 0 1 0 0 1 0 0 1 0 0 1 0 0 1 0 0 1 0 0 1 0 0 1 0 0 1 0 0 1 0 0 1 0 0 1 0 0 1 0 0 1 0 0 1 0 0 1 0 0 1 0 0 1 0 0 1 0 0 1 0 0 1 0 0 1 0 0 1 0 0 1 0 0 1 0 0 1 0 0 1 0 0 1 0 0 1 0 0 1 0 0 1 0 0 1 0 0 1 0 0 1 0 0 1 0 0 1 0 0 1 0 0 1 0 0 1 0 0 1 0 0 1 0 0 1 0 0 1 0 0 1 0 0 1 0 0 1 0 0 1 0 0 1 0 0 1 0 0 1 0 0 1 0 0 1 0 0 1 0 0 1 0 0 1 0 0 1 0 0 1 0 0 1 0 0 1 0 0 0.9896352 0.02041114 -0.1421465 0.9896352 0.02041114 -0.1421465 0.9336403 0.05091426 -0.3545752 0.9336403 0.05091426 -0.3545752 0.8090941 0.08352943 -0.5817126 0.8090941 0.08352943 -0.5817126 0.6291884 0.1104744 -0.7693616 0.6291884 0.1104744 -0.7693616 0.4067595 0.1298448 -0.9042605 0.4067595 0.1298448 -0.9042605 0.1564945 0.1403832 -0.9776513 0.1564945 0.1403832 -0.9776513 -0.1045329 0.1413557 -0.9844244 -0.1045329 0.1413557 -0.9844244 -0.3583944 0.1326925 -0.9240921 -0.3583944 0.1326925 -0.9240921 -0.5877558 0.1149922 -0.8008245 -0.5877558 0.1149922 -0.8008245 -0.7771142 0.08945367 -0.6229699 -0.7771142 0.08945367 -0.6229699 -0.9135025 0.05782499 -0.4027026 -0.9135025 0.05782499 -0.4027026 -0.987682 0.02224045 -0.1548861 -0.987682 0.02224045 -0.1548861 -0.9999137 -0.00186733 0.01300439 -0.9999137 -0.00186733 0.01300439 7.772226e-17 0.9898474 0.1421344 -0.01591745 0.9874993 0.1568174 -3.507712e-14 0.9898474 0.1421344 -0.03249903 0.9893245 0.1420594 3.484906e-14 0.9898474 0.1421344 -3.49568e-17 0.9898474 0.1421344 6.671188e-16 0.9898474 0.1421344 7.909381e-19 0.9898474 0.1421344 -1.099028e-16 0.9898474 0.1421344 -4.4645e-15 0.9898474 0.1421344 -3.027654e-15 0.9898474 0.1421344 -4.497514e-15 0.9898474 0.1421344 7.230029e-16 0.9898474 0.1421344 1.71374e-15 0.9898474 0.1421344 -9.3173e-16 0.9898474 0.1421344 -3.74342e-16 0.9898474 0.1421344 9.327116e-17 0.9898474 0.1421344 1.174872e-16 0.9898474 0.1421344 -1.183002e-17 0.9898474 0.1421344 -3.155314e-16 0.9898474 0.1421344 2.257657e-18 0.9898474 0.1421344 -5.653262e-18 0.9898474 0.1421344 4.50456e-17 0.9898474 0.1421344 -7.169206e-17 0.9898474 0.1421344 3.294739e-15 0.9898474 0.1421344 4.941917e-15 0.9898474 0.1421344 -4.171654e-15 0.9898474 0.1421344 -0.001428769 0.9969498 0.07803267 -4.474483e-16 0.9898474 0.1421344 4.685583e-15 0.9898474 0.1421344 -5.865579e-15 0.9898474 0.1421344 3.297505e-15 0.9898474 0.1421344 -8.552859e-16 0.9898474 0.1421344 -5.068458e-17 0.9898474 0.1421344 8.593651e-17 0.9898474 0.1421344 -4.54615e-16 0.9898474 0.1421344 1.531369e-17 0.9898474 0.1421344 2.900223e-16 0.9898474 0.1421344 -2.054012e-16 0.9898474 0.1421344 -1.772727e-15 0.9898474 0.1421344 -6.880152e-16 0.9898474 0.1421344 -1.189746e-16 0.9898474 0.1421344 -1.568867e-15 0.9898474 0.1421344 1.099959e-15 0.9898474 0.1421344 -5.576996e-16 0.9898474 0.1421344 -1.885492e-14 0.9898474 0.1421344 7.26952e-15 0.9898474 0.1421344 -1.105379e-15 0.9898474 0.1421344 1.285031e-16 0.9898474 0.1421344 1.623924e-16 0.9898474 0.1421344 1.202541e-15 0.9898474 0.1421344 -1.292036e-17 0.9898474 0.1421344 -2.51622e-16 0.9898474 0.1421344 -1.365726e-15 0.9898474 0.1421344 1.840516e-15 0.9898474 0.1421344 -1.992095e-15 0.9898474 0.1421344 -3.849711e-16 0.9898474 0.1421344 -2.106473e-15 0.9898474 0.1421344 -2.352411e-16 0.9898474 0.1421344 2.126211e-16 0.9898474 0.1421344 -2.604681e-16 0.9898474 0.1421344 7.481755e-16 0.9898474 0.1421344 -9.157164e-16 0.9898474 0.1421344 -3.860452e-16 0.9898474 0.1421344 -2.019054e-15 0.9898474 0.1421344 -1.210395e-15 0.9898474 0.1421344 7.333993e-18 0.9898474 0.1421344 -3.25515e-16 0.9898474 0.1421344 9.030929e-16 0.9898474 0.1421344 7.663908e-16 0.9898474 0.1421344 -7.056938e-16 0.9898474 0.1421344 -1.674625e-15 0.9898474 0.1421344 6.359542e-15 0.9898474 0.1421344 -2.463975e-15 0.9898474 0.1421344 -9.641083e-16 0.9898474 0.1421344 1.962926e-15 0.9898474 0.1421344 1.315592e-15 0.9898474 0.1421344 -1.710692e-15 0.9898474 0.1421344 -5.839199e-16 0.9898474 0.1421344 -1.192276e-15 0.9898474 0.1421344 4.287143e-15 0.9898474 0.1421344 -4.845033e-15 0.9898474 0.1421344 2.553997e-16 0.978432 0.2065693 8.900548e-16 0.9898474 0.1421344 3.846571e-16 0.9898474 0.1421344 1.71684e-15 0.9898474 0.1421344 -2.88427e-16 0.9898474 0.1421344 7.04977e-16 0.9898474 0.1421344 1.209051e-15 0.9898474 0.1421344 4.079179e-17 0.9898474 0.1421344 -9.215957e-16 0.9898474 0.1421344 4.3314e-15 0.9898474 0.1421344 -2.121564e-16 0.9898474 0.1421344 -8.861381e-15 0.9898474 0.1421344 -8.634633e-16 0.9898474 0.1421344 9.180361e-17 0.9898474 0.1421344 8.117523e-17 0.9898474 0.1421344 0 0.9847629 0.1739023 -1.886375e-16 0.9898474 0.1421344 -0.001127187 0.9867632 0.1621638 -5.115465e-16 0.9898474 0.1421344 -3.598992e-17 0.9898474 0.1421344 1.471397e-16 0.9898474 0.1421344 3.426619e-16 0.9898474 0.1421344 -5.267354e-17 0.9926175 0.1212866 -1.991174e-16 0.9898474 0.1421344 -0.005601405 0.9955613 0.0939488 4.152007e-16 0.9898474 0.1421344 3.808756e-17 0.9898474 0.1421344 5.189693e-16 0.9898474 0.1421344 -3.673301e-15 0.9898474 0.1421344 1.693654e-15 0.9898474 0.1421344 -2.759179e-16 0.9898474 0.1421344 1.811475e-15 0.9898474 0.1421344 -2.203875e-16 0.9898474 0.1421344 1.7577e-15 0.9898474 0.1421344 -1.787866e-16 0.9898474 0.1421344 -1.451723e-16 0.9898474 0.1421344 -2.485295e-15 0.9898474 0.1421344 -2.492221e-16 0.9898474 0.1421344 4.958223e-15 0.9898474 0.1421344 -2.970529e-16 0.9898474 0.1421344 -3.985381e-16 0.9898474 0.1421344 -4.090718e-15 0.9898474 0.1421344 -5.505285e-15 0.9898474 0.1421344 -1.874433e-13 0.9898474 0.1421344 -3.01589e-15 0.9898474 0.1421344 -1.16738e-15 0.9898474 0.1421344 -3.314228e-16 0.9898474 0.1421344 -1.673567e-15 0.9898474 0.1421344 -1.553462e-15 0.9898474 0.1421344 -6.399297e-15 0.9898474 0.1421344 -6.658014e-16 0.9898474 0.1421344 2.054175e-15 0.9898474 0.1421344 3.885111e-15 0.9898474 0.1421344 -8.734328e-17 0.9898474 0.1421344 2.502987e-15 0.9898474 0.1421344 -1.163595e-15 0.9898474 0.1421344 6.134007e-17 0.9898474 0.1421344 3.207771e-15 0.9898474 0.1421344 -9.77193e-17 0.9898474 0.1421344 -8.063625e-17 0.9898474 0.1421344 -3.676672e-16 0.9898474 0.1421344 -1.844853e-15 0.9898474 0.1421344 6.397276e-16 0.9898474 0.1421344 -2.855139e-16 0.9898474 0.1421344 6.773559e-15 0.9898474 0.1421344 -3.611659e-15 0.9898474 0.1421344 3.451575e-17 0.9898474 0.1421344 2.221305e-15 0.9898474 0.1421344 -2.599952e-16 0.9898474 0.1421344 -4.077168e-16 0.9898474 0.1421344 4.262651e-16 0.9898474 0.1421344 -6.921003e-15 0.9898474 0.1421344 2.552841e-15 0.9898474 0.1421344 1.607208e-15 0.9898474 0.1421344 -1.831805e-15 0.9898474 0.1421344 5.067777e-16 0.9898474 0.1421344 -3.173953e-15 0.9898474 0.1421344 1.533962e-16 0.9898474 0.1421344 -2.131331e-15 0.9898474 0.1421344 1.219752e-17 0.9898474 0.1421344 3.215882e-16 0.9898474 0.1421344 -5.508652e-17 0.9898474 0.1421344 1.052795e-14 0.9898474 0.1421344 -3.850327e-15 0.9898474 0.1421344 -1.045784e-16 0.9898474 0.1421344 3.75943e-15 0.9898474 0.1421344 2.152999e-15 0.9898474 0.1421344 7.156106e-16 0.9898474 0.1421344 -9.804491e-17 0.9898474 0.1421344 -9.085194e-15 0.9898474 0.1421344 -2.686904e-15 0.9898474 0.1421344 -2.913096e-15 0.9898474 0.1421344 -2.696983e-15 0.9898474 0.1421344 9.019383e-15 0.9898474 0.1421344 -4.563145e-16 0.9898474 0.1421344 1.973402e-15 0.9898474 0.1421344 -3.606477e-15 0.9898474 0.1421344 -2.361543e-14 0.9898474 0.1421344 -7.385405e-17 0.9898474 0.1421344 -2.102052e-13 0.9898474 0.1421344 1.497422e-16 0.9898474 0.1421344 5.248479e-16 0.9898474 0.1421344 -3.134035e-15 0.9898474 0.1421344 -1.804921e-14 0.9898474 0.1421344 -1.142982e-15 0.9898474 0.1421344 -2.404896e-16 0.9898474 0.1421344 -1.575706e-17 0.9898474 0.1421344 4.811584e-13 0.9898474 0.1421344 4.437651e-14 0.9898474 0.1421344 5.539492e-16 0.9898474 0.1421344 2.838491e-15 0.9898474 0.1421344 -1.924395e-15 0.9898474 0.1421344 6.159975e-16 0.9898474 0.1421344 -3.695934e-16 0.9898474 0.1421344 -5.180328e-15 0.9898474 0.1421344 -1.350086e-15 0.9898474 0.1421344 2.144765e-16 0.9898474 0.1421344 2.722217e-15 0.9898474 0.1421344 1.358562e-16 0.9898474 0.1421344 -2.601659e-15 0.9898474 0.1421344 -3.089693e-15 0.9898474 0.1421344 2.120644e-15 0.9898474 0.1421344 1.494182e-15 0.9898474 0.1421344 -1.128224e-14 0.9898474 0.1421344 1.12794e-14 0.9898474 0.1421344 2.451462e-15 0.9898474 0.1421344 1.61551e-15 0.9898474 0.1421344 9.191508e-15 0.9898474 0.1421344 -2.012955e-14 0.9898474 0.1421344 -1.0662e-15 0.9898474 0.1421344 1.353063e-15 0.9898474 0.1421344 -2.610569e-16 0.9898474 0.1421344 -1.901289e-15 0.9898474 0.1421344 6.560275e-16 0.9898474 0.1421344 -5.470624e-16 0.9898474 0.1421344 -9.086466e-16 0.9898474 0.1421344 -3.733157e-16 0.9898474 0.1421344 -4.487606e-15 0.9898474 0.1421344 -2.476098e-15 0.9898474 0.1421344 1.080641e-13 0.9898474 0.1421344 -2.075784e-13 0.9898474 0.1421344 9.406312e-15 0.9898474 0.1421344 1.2885e-15 0.9898474 0.1421344 -1.055449e-15 0.9898474 0.1421344 6.990386e-16 0.9898474 0.1421344 1.009816e-15 0.9898474 0.1421344 -3.90239e-18 0.9898474 0.1421344 2.937567e-17 0.9898474 0.1421344 2.082836e-16 0.9898474 0.1421344 5.170164e-15 0.9898474 0.1421344 -2.039753e-16 0.9898474 0.1421344 -2.840417e-15 0.9898474 0.1421344 -1.938419e-15 0.9898474 0.1421344 1.467447e-16 0.9898474 0.1421344 1.672369e-13 0.9898474 0.1421344 7.810579e-16 0.9898474 0.1421344 -6.361438e-16 0.9898474 0.1421344 -9.410812e-16 0.9898474 0.1421344 -2.615911e-16 0.9898474 0.1421344 -4.805428e-16 0.9898474 0.1421344 0.9896352 -0.02041114 0.1421465 0.9896352 -0.02041114 0.1421465 1 -5.789257e-15 4.030252e-14 1 -5.78981e-15 4.031579e-14 1 3.692286e-16 -2.584043e-15 1 3.01843e-16 -2.111787e-15 0.9659428 0.0367781 -0.2561287 0.9659428 0.0367781 -0.2561287 0.8660166 0.07106938 -0.4949387 0.8660166 0.07106938 -0.4949387 0.7070872 0.100507 -0.6999471 0.7070872 0.100507 -0.6999471 0.4998599 0.1231035 -0.857313 0.4998599 0.1231035 -0.857313 0.2588462 0.1372903 -0.9561119 0.2588462 0.1372903 -0.9561119 8.911068e-18 0.1421344 -0.9898474 0 0.1421344 -0.9898474 -0.2588462 0.1372903 -0.9561119 -0.2588462 0.1372903 -0.9561119 -0.5004723 0.1230532 -0.8569629 -0.5004723 0.1230532 -0.8569629 -0.7069366 0.1005284 -0.7000962 -0.7069366 0.1005284 -0.7000962 -0.8660931 0.07105055 -0.4948076 -0.8660931 0.07105055 -0.4948076 -0.9659228 0.03678873 -0.2562027 -0.9659228 0.03678873 -0.2562027 -1 3.710122e-16 -2.58483e-15 -1 3.075056e-16 -2.148083e-15 -0.9659228 -0.03678873 0.2562027 -0.9659228 -0.03678873 0.2562027 -0.8660931 -0.07105055 0.4948076 -0.8660931 -0.07105055 0.4948076 -0.7069366 -0.1005284 0.7000962 -0.7069366 -0.1005284 0.7000962 -0.5004723 -0.1230532 0.8569629 -0.5004723 -0.1230532 0.8569629 -0.2588462 -0.1372903 0.9561119 -0.2588462 -0.1372903 0.9561119 3.564427e-17 -0.1421344 0.9898474 4.901087e-16 -0.1421344 0.9898474 0.2588462 -0.1372903 0.9561119 0.2588462 -0.1372903 0.9561119 0.4998599 -0.1231035 0.857313 0.4998599 -0.1231035 0.857313 0.7070872 -0.100507 0.6999471 0.7070872 -0.100507 0.6999471 0.8660166 -0.07106938 0.4949387 0.8660166 -0.07106938 0.4949387 0.9659428 -0.0367781 0.2561287 0.9659428 -0.0367781 0.2561287 -4.14323e-16 -0.9898474 -0.1421344 -3.791417e-15 -0.9898474 -0.1421344 2.336491e-18 -0.9898474 -0.1421344 0 -0.9898474 -0.1421344 -3.393911e-15 -0.9898474 -0.1421344 -4.37489e-16 -0.9898474 -0.1421344 2.505043e-15 -0.9898474 -0.1421344 8.632579e-15 -0.9898474 -0.1421344 -2.502377e-15 -0.9898474 -0.1421344 4.222268e-16 -0.9898474 -0.1421344 -1.526272e-17 -0.9898474 -0.1421344 3.789069e-15 -0.9898474 -0.1421344 4.345698e-16 -0.9898474 -0.1421344 -8.616106e-15 -0.9898474 -0.1421344 -2.077834e-15 -0.9898474 -0.1421344 3.391564e-15 -0.9898474 -0.1421344 0 -0.9898474 -0.1421344 -1.62961e-15 -0.9898474 -0.1421344 6.081558e-15 -0.9898474 -0.1421344 3.987636e-15 -0.9898474 -0.1421344 -6.06399e-15 -0.9898474 -0.1421344 1.647222e-15 -0.9898474 -0.1421344 1.761083e-17 -0.9898474 -0.1421344 2.092265e-15 -0.9898474 -0.1421344 -3.950421e-15 -0.9898474 -0.1421344 1 0 0 0.9985056 0.007767657 -0.05409523 1 0 0 0.9985056 0.007767657 -0.05409523 0.9978588 0.009296225 -0.06474043 0.9978588 0.009296225 -0.06474043 -1 2.145336e-06 -1.494047e-05 -1 2.145336e-06 -1.494047e-05 -0.9659428 -0.0367781 0.2561287 -0.9659428 -0.0367781 0.2561287 -0.8660519 -0.07106068 0.4948782 -0.8660519 -0.07106068 0.4948782 -0.7071372 -0.1004999 0.6998977 -0.7071372 -0.1004999 0.6998977 -0.499767 -0.1231111 0.8573661 -0.499767 -0.1231111 0.8573661 -0.2587426 -0.1372942 0.9561394 -0.2587426 -0.1372942 0.9561394 -8.403137e-15 -0.1421344 0.9898474 -8.42987e-15 -0.1421344 0.9898474 0.2587426 -0.1372942 0.9561394 0.2587426 -0.1372942 0.9561394 0.499767 -0.1231111 0.8573661 0.499767 -0.1231111 0.8573661 0.7071372 -0.1004999 0.6998977 0.7071372 -0.1004999 0.6998977 0.8660519 -0.07106068 0.4948782 0.8660519 -0.07106068 0.4948782 0.9659428 -0.0367781 0.2561287 0.9659428 -0.0367781 0.2561287 1 2.145336e-06 -1.494047e-05 1 2.145336e-06 -1.494047e-05 0.9659504 0.03677407 -0.2561006 0.9659504 0.03677407 -0.2561006 0.8660389 0.0710639 -0.4949006 0.8660389 0.0710639 -0.4949006 0.7070872 0.100507 -0.6999471 0.7070872 0.100507 -0.6999471 0.499767 0.1231111 -0.8573661 0.499767 0.1231111 -0.8573661 0.2588538 0.13729 -0.9561099 0.2588538 0.13729 -0.9561099 -8.421214e-15 0.1421344 -0.9898474 -8.39448e-15 0.1421344 -0.9898474 -0.2588538 0.13729 -0.9561099 -0.2588538 0.13729 -0.9561099 -0.499767 0.1231111 -0.8573661 -0.499767 0.1231111 -0.8573661 -0.7070872 0.100507 -0.6999471 -0.7070872 0.100507 -0.6999471 -0.8660389 0.0710639 -0.4949006 -0.8660389 0.0710639 -0.4949006 -0.9659504 0.03677407 -0.2561006 -0.9659504 0.03677407 -0.2561006 0.9659255 0.03678727 -0.2561926 0.9659255 0.03678727 -0.2561926 0.866021 0.0710683 -0.4949312 0.866021 0.0710683 -0.4949312 0.7071049 0.1005045 -0.6999296 0.7071049 0.1005045 -0.6999296 0.5000085 0.1230913 -0.8572281 0.5000085 0.1230913 -0.8572281 0.2588226 0.1372912 -0.9561182 0.2588226 0.1372912 -0.9561182 0.06540321 0.1418301 -0.987728 0.06540321 0.1418301 -0.987728 -1 -1.692903e-06 1.178965e-05 -1 -1.692903e-06 1.178965e-05 -0.9659087 0.03679617 -0.2562545 -0.9659087 0.03679617 -0.2562545 -0.8660392 0.07106383 -0.4949001 -0.8660392 0.07106383 -0.4949001 -0.707146 0.1004986 -0.6998889 -0.707146 0.1004986 -0.6998889 -0.499994 0.1230925 -0.8572364 -0.499994 0.1230925 -0.8572364 -0.2587733 0.1372931 -0.9561313 -0.2587733 0.1372931 -0.9561313 -8.910997e-18 0.1421344 -0.9898474 7.128798e-17 0.1421344 -0.9898474 0.2587733 0.1372931 -0.9561313 0.2587733 0.1372931 -0.9561313 0.499994 0.1230925 -0.8572364 0.499994 0.1230925 -0.8572364 0.7070949 0.1005059 -0.6999396 0.7070949 0.1005059 -0.6999396 0.866003 0.07107274 -0.4949621 0.866003 0.07107274 -0.4949621 0.9659321 0.03678376 -0.2561681 0.9659321 0.03678376 -0.2561681 1 -1.690619e-06 1.177375e-05 1 -1.690619e-06 1.177375e-05 0.9659381 -0.0367806 0.2561461 0.9659381 -0.0367806 0.2561461 0.8659927 -0.07107527 0.4949798 0.8659927 -0.07107527 0.4949798 0.7070556 -0.1005115 0.6999784 0.7070556 -0.1005115 0.6999784 0.499994 -0.1230925 0.8572364 0.499994 -0.1230925 0.8572364 0.2588607 -0.1372897 0.9561081 0.2588607 -0.1372897 0.9561081 1.960466e-16 -0.1421344 0.9898474 3.297147e-16 -0.1421344 0.9898474 -0.2588607 -0.1372897 0.9561081 -0.2588607 -0.1372897 0.9561081 -0.499994 -0.1230925 0.8572364 -0.499994 -0.1230925 0.8572364 -0.7071068 -0.1005042 0.6999278 -0.7071068 -0.1005042 0.6999278 -0.8660289 -0.07106637 0.4949178 -0.8660289 -0.07106637 0.4949178 -0.9659147 -0.03679301 0.2562325 -0.9659147 -0.03679301 0.2562325 -0.009209079 0.8704438 -0.4921817 -0.009600948 0.8442389 -0.5358811 -0.007701925 0.9044193 -0.4265751 -0.007483676 0.7969828 -0.6039556 0 0.7823274 -0.6228674 0 0.6681098 -0.7440627 0 0.6681098 -0.7440627 0 0.5101152 -0.8601061 0 0.5101152 -0.8601061 0 0.3518827 -0.9360441 -0.00686131 0.3377916 -0.9411959 -0.004454329 0.2309887 -0.9729462 -0.007515002 0.1364131 -0.9906235 0 0.1138926 -0.9934931 0 -0.0537091 -0.9985566 0 -0.0537091 -0.9985566 0 -0.2474852 -0.9688917 0 -0.2474852 -0.9688917 0 -0.4317488 -0.9019939 0 -0.4317488 -0.9019939 0 -0.5728916 -0.8196312 -0.007634191 -0.5948151 -0.8038263 -0.005899081 -0.6426997 -0.7660955 -0.0136957 -0.6691418 -0.7430085 -0.007703335 -0.747846 -0.6638276 -0.009209079 -0.6967826 -0.7172233 -0.001216371 -0.7255597 -0.6881582 -0.0002366967 -0.7367374 -0.6761789 0 -0.7739253 -0.6332769 0 -0.8601061 -0.5101152 0 -0.8601061 -0.5101152 0 -0.9430977 -0.3325157 0 -0.9430977 -0.3325157 0 -0.9898474 -0.1421344 0 -0.9898474 -0.1421344 0 -0.9985566 0.0537091 0 -0.9985566 0.0537091 0 -0.9688917 0.2474852 0 -0.9688917 0.2474852 0 -0.9208486 0.3899204 -0.007277396 -0.9042505 0.4269404 -0.000882487 -0.8917477 0.452532 -0.01125108 -0.8685327 0.4955042 -0.00739026 -0.797197 0.603674 -0.01498781 -0.8499778 0.5266052 -0.007127289 -0.834888 0.5503738 -0.002176351 -0.8197815 0.5726723 0 -0.7749287 0.6320487 0 -0.6681098 0.7440627 0 -0.6681098 0.7440627 0 -0.5101152 0.8601061 0 -0.5101152 0.8601061 0 -0.3325157 0.9430977 0 -0.3325157 0.9430977 0 -0.170261 0.985399 -0.007515002 -0.147843 0.9889823 -0.004454329 -0.05211457 0.9986312 -0.00686131 0.05930706 0.9982162 0 0.07427842 0.9972375 0 0.2474852 0.9688917 0 0.2474852 0.9688917 0 0.4317488 0.9019939 0 0.4317488 0.9019939 0 0.5657705 0.8245627 -0.007369141 0.5951272 0.8035977 -0.002390061 0.6268709 0.7791195 -0.01296844 0.6622188 0.7491983 -0.01053528 0.6960149 0.71795 -0.00716819 0.7475743 0.6641396 0 0.7656781 0.643224 0 0.8601061 0.5101152 0 0.8601061 0.5101152 0 0.9430977 0.3325157 0 0.9430977 0.3325157 0 0.9898474 0.1421344 0 0.9898474 0.1421344 0 0.9985566 -0.0537091 0 0.9985566 -0.0537091 0 0.9688917 -0.2474852 0 0.9688917 -0.2474852 0 0.9205851 -0.390542 -0.0009964429 0.8914856 -0.4530478 9.596232e-17 0.1421344 -0.9898474 0.06102338 0.1418695 -0.9880026 0.06102338 0.1418695 -0.9880026 0 0.1421344 -0.9898474 0 0.1421344 -0.9898474 -1 -2.145336e-06 1.494047e-05 -1 -2.145336e-06 1.494047e-05 -0.9659504 -0.03677407 0.2561006 -0.9659504 -0.03677407 0.2561006 -0.8660389 -0.0710639 0.4949006 -0.8660389 -0.0710639 0.4949006 -0.7070872 -0.100507 0.6999471 -0.7070872 -0.100507 0.6999471 -0.4998599 -0.1231035 0.857313 -0.4998599 -0.1231035 0.857313 -0.2588462 -0.1372903 0.9561119 -0.2588462 -0.1372903 0.9561119 8.394226e-15 -0.1421344 0.9898474 8.394226e-15 -0.1421344 0.9898474 0.2588462 -0.1372903 0.9561119 0.2588462 -0.1372903 0.9561119 0.5004723 -0.1230532 0.8569629 0.5004723 -0.1230532 0.8569629 0.7069366 -0.1005284 0.7000962 0.7069366 -0.1005284 0.7000962 0.8655784 -0.07117715 0.4956893 0.8655784 -0.07117715 0.4956893 0.9659504 -0.03677407 0.2561006 0.9659504 -0.03677407 0.2561006 1 -2.145336e-06 1.494047e-05 1 -2.145336e-06 1.494047e-05 0.9659428 0.0367781 -0.2561287 0.9659428 0.0367781 -0.2561287 0.8655561 0.07118261 -0.4957273 0.8655561 0.07118261 -0.4957273 0.7070018 0.1005191 -0.7000317 0.7070018 0.1005191 -0.7000317 0.5004592 0.1230543 -0.8569703 0.5004592 0.1230543 -0.8569703 0.2587426 0.1372942 -0.9561394 0.2587426 0.1372942 -0.9561394 9.59722e-15 0.1421344 -0.9898474 8.296204e-15 0.1421344 -0.9898474 -0.2587426 0.1372942 -0.9561394 -0.2587426 0.1372942 -0.9561394 -0.4998468 0.1231046 -0.8573205 -0.4998468 0.1231046 -0.8573205 -0.7071523 0.1004977 -0.6998827 -0.7071523 0.1004977 -0.6998827 -0.8660166 0.07106938 -0.4949387 -0.8660166 0.07106938 -0.4949387 -0.9659428 0.0367781 -0.2561287 -0.9659428 0.0367781 -0.2561287 1 -1.666541e-16 1.173818e-15 1 1.002431e-17 -1.158364e-16 0.9659428 0.0367781 -0.2561287 0.9659428 0.0367781 -0.2561287 0.8660166 0.07106938 -0.4949387 0.8660166 0.07106938 -0.4949387 0.7070872 0.100507 -0.6999471 0.7070872 0.100507 -0.6999471 0.4998599 0.1231035 -0.857313 0.4998599 0.1231035 -0.857313 0.2588462 0.1372903 -0.9561119 0.2588462 0.1372903 -0.9561119 -3.92087e-16 0.1421344 -0.9898474 -3.831759e-16 0.1421344 -0.9898474 -0.2588462 0.1372903 -0.9561119 -0.2588462 0.1372903 -0.9561119 -0.4998599 0.1231035 -0.857313 -0.4998599 0.1231035 -0.857313 -0.7070872 0.100507 -0.6999471 -0.7070872 0.100507 -0.6999471 -0.8660166 0.07106938 -0.4949387 -0.8660166 0.07106938 -0.4949387 -0.9659428 0.0367781 -0.2561287 -0.9659428 0.0367781 -0.2561287 -1 -1.648441e-16 1.113812e-15 -1 2.116242e-17 -1.425679e-16 -0.9659428 -0.0367781 0.2561287 -0.9659428 -0.0367781 0.2561287 -0.8660166 -0.07106938 0.4949387 -0.8660166 -0.07106938 0.4949387 -0.7070872 -0.100507 0.6999471 -0.7070872 -0.100507 0.6999471 -0.4998599 -0.1231035 0.857313 -0.4998599 -0.1231035 0.857313 -0.2588462 -0.1372903 0.9561119 -0.2588462 -0.1372903 0.9561119 8.911068e-18 -0.1421344 0.9898474 -8.911068e-18 -0.1421344 0.9898474 0.2588462 -0.1372903 0.9561119 0.2588462 -0.1372903 0.9561119 0.4998599 -0.1231035 0.857313 0.4998599 -0.1231035 0.857313 0.7070872 -0.100507 0.6999471 0.7070872 -0.100507 0.6999471 0.8660166 -0.07106938 0.4949387 0.8660166 -0.07106938 0.4949387 0.9659428 -0.0367781 0.2561287 0.9659428 -0.0367781 0.2561287 -2.08721e-15 -0.9898474 -0.1421344 2.816524e-15 -0.9898474 -0.1421344 3.754759e-18 -0.9898474 -0.1421344 0 -0.9898474 -0.1421344 4.089566e-15 -0.9898474 -0.1421344 -2.901124e-15 -0.9898474 -0.1421344 5.763573e-15 -0.9898474 -0.1421344 4.349891e-15 -0.9898474 -0.1421344 -5.7761e-15 -0.9898474 -0.1421344 2.929303e-15 -0.9898474 -0.1421344 2.817733e-17 -0.9898474 -0.1421344 -2.816524e-15 -0.9898474 -0.1421344 2.076541e-15 -0.9898474 -0.1421344 -4.376544e-15 -0.9898474 -0.1421344 -4.820822e-16 -0.9898474 -0.1421344 -4.089566e-15 -0.9898474 -0.1421344 0 -0.9898474 -0.1421344 -1.398857e-15 -0.9898474 -0.1421344 2.507758e-15 -0.9898474 -0.1421344 9.875749e-15 -0.9898474 -0.1421344 -2.499987e-15 -0.9898474 -0.1421344 1.417642e-15 -0.9898474 -0.1421344 2.34811e-17 -0.9898474 -0.1421344 4.635339e-16 -0.9898474 -0.1421344 -9.871593e-15 -0.9898474 -0.1421344 -1 -4.113446e-16 2.57736e-15 -1 2.89591e-17 -5.346296e-17 -0.9659428 0.0367781 -0.2561287 -0.9659428 0.0367781 -0.2561287 -0.8660166 0.07106938 -0.4949387 -0.8660166 0.07106938 -0.4949387 -0.7070872 0.100507 -0.6999471 -0.7070872 0.100507 -0.6999471 -0.4998599 0.1231035 -0.857313 -0.4998599 0.1231035 -0.857313 -0.2588462 0.1372903 -0.9561119 -0.2588462 0.1372903 -0.9561119 8.019961e-17 0.1421344 -0.9898474 -2.67332e-17 0.1421344 -0.9898474 0.2588462 0.1372903 -0.9561119 0.2588462 0.1372903 -0.9561119 0.5004723 0.1230532 -0.8569629 0.5004723 0.1230532 -0.8569629 0.7069366 0.1005284 -0.7000962 0.7069366 0.1005284 -0.7000962 0.8660931 0.07105055 -0.4948076 0.8660931 0.07105055 -0.4948076 0.9659228 0.03678873 -0.2562027 0.9659228 0.03678873 -0.2562027 1 -3.721264e-16 2.745268e-15 1 -1.559811e-17 -1.871773e-16 0.9659228 -0.03678873 0.2562027 0.9659228 -0.03678873 0.2562027 0.8660931 -0.07105055 0.4948076 0.8660931 -0.07105055 0.4948076 0.7069366 -0.1005284 0.7000962 0.7069366 -0.1005284 0.7000962 0.5004723 -0.1230532 0.8569629 0.5004723 -0.1230532 0.8569629 0.2588462 -0.1372903 0.9561119 0.2588462 -0.1372903 0.9561119 -6.237747e-17 -0.1421344 0.9898474 -1.514882e-16 -0.1421344 0.9898474 -0.2588462 -0.1372903 0.9561119 -0.2588462 -0.1372903 0.9561119 -0.4998599 -0.1231035 0.857313 -0.4998599 -0.1231035 0.857313 -0.7070872 -0.100507 0.6999471 -0.7070872 -0.100507 0.6999471 -0.8660166 -0.07106938 0.4949387 -0.8660166 -0.07106938 0.4949387 -0.9659428 -0.0367781 0.2561287 -0.9659428 -0.0367781 0.2561287 -1 -2.145336e-06 1.494047e-05 -1 -2.145336e-06 1.494047e-05 -0.9659504 -0.03677407 0.2561006 -0.9659504 -0.03677407 0.2561006 -0.8660389 -0.0710639 0.4949006 -0.8660389 -0.0710639 0.4949006 -0.7070872 -0.100507 0.6999471 -0.7070872 -0.100507 0.6999471 -0.499767 -0.1231111 0.8573661 -0.499767 -0.1231111 0.8573661 -0.2588538 -0.13729 0.9561099 -0.2588538 -0.13729 0.9561099 -9.472752e-15 -0.1421344 0.9898474 -8.45686e-15 -0.1421344 0.9898474 0.2588538 -0.13729 0.9561099 0.2588538 -0.13729 0.9561099 0.499767 -0.1231111 0.8573661 0.499767 -0.1231111 0.8573661 0.7070872 -0.100507 0.6999471 0.7070872 -0.100507 0.6999471 0.8660389 -0.0710639 0.4949006 0.8660389 -0.0710639 0.4949006 0.9659504 -0.03677407 0.2561006 0.9659504 -0.03677407 0.2561006 1 -2.145336e-06 1.494047e-05 1 -2.145336e-06 1.494047e-05 0.9659428 0.0367781 -0.2561287 0.9659428 0.0367781 -0.2561287 0.8660519 0.07106068 -0.4948782 0.8660519 0.07106068 -0.4948782 0.7071372 0.1004999 -0.6998977 0.7071372 0.1004999 -0.6998977 0.499767 0.1231111 -0.8573661 0.499767 0.1231111 -0.8573661 0.2587426 0.1372942 -0.9561394 0.2587426 0.1372942 -0.9561394 -7.725896e-15 0.1421344 -0.9898474 -8.019961e-15 0.1421344 -0.9898474 -0.2587426 0.1372942 -0.9561394 -0.2587426 0.1372942 -0.9561394 -0.499767 0.1231111 -0.8573661 -0.499767 0.1231111 -0.8573661 -0.7071372 0.1004999 -0.6998977 -0.7071372 0.1004999 -0.6998977 -0.8660519 0.07106068 -0.4948782 -0.8660519 0.07106068 -0.4948782 -0.9659428 0.0367781 -0.2561287 -0.9659428 0.0367781 -0.2561287 -1 -2.145336e-06 1.494047e-05 -1 -2.145336e-06 1.494047e-05 -0.9659504 -0.03677407 0.2561006 -0.9659504 -0.03677407 0.2561006 -0.8660389 -0.0710639 0.4949006 -0.8660389 -0.0710639 0.4949006 -0.7070872 -0.100507 0.6999471 -0.7070872 -0.100507 0.6999471 -0.499767 -0.1231111 0.8573661 -0.499767 -0.1231111 0.8573661 -0.2588538 -0.13729 0.9561099 -0.2588538 -0.13729 0.9561099 7.378588e-15 -0.1421344 0.9898474 7.387499e-15 -0.1421344 0.9898474 0.2588538 -0.13729 0.9561099 0.2588538 -0.13729 0.9561099 0.499767 -0.1231111 0.8573661 0.499767 -0.1231111 0.8573661 0.7070872 -0.100507 0.6999471 0.7070872 -0.100507 0.6999471 0.8660389 -0.0710639 0.4949006 0.8660389 -0.0710639 0.4949006 0.9659504 -0.03677407 0.2561006 0.9659504 -0.03677407 0.2561006 1 -2.145336e-06 1.494047e-05 1 -2.145336e-06 1.494047e-05 0.9659428 0.0367781 -0.2561287 0.9659428 0.0367781 -0.2561287 0.8660519 0.07106068 -0.4948782 0.8660519 0.07106068 -0.4948782 0.7071372 0.1004999 -0.6998977 0.7071372 0.1004999 -0.6998977 0.499767 0.1231111 -0.8573661 0.499767 0.1231111 -0.8573661 0.2587426 0.1372942 -0.9561394 0.2587426 0.1372942 -0.9561394 7.360542e-15 0.1421344 -0.9898474 7.369453e-15 0.1421344 -0.9898474 -0.2587426 0.1372942 -0.9561394 -0.2587426 0.1372942 -0.9561394 -0.499767 0.1231111 -0.8573661 -0.499767 0.1231111 -0.8573661 -0.7071372 0.1004999 -0.6998977 -0.7071372 0.1004999 -0.6998977 -0.8660519 0.07106068 -0.4948782 -0.8660519 0.07106068 -0.4948782 -0.9659428 0.0367781 -0.2561287 -0.9659428 0.0367781 -0.2561287 -1.338661e-15 -0.9898474 -0.1421344 3.818737e-15 -0.9898474 -0.1421344 -1.662926e-18 -0.9898474 -0.1421344 0 -0.9898474 -0.1421344 3.676383e-15 -0.9898474 -0.1421344 1.159067e-15 -0.9898474 -0.1421344 7.519942e-15 -0.9898474 -0.1421344 3.345392e-15 -0.9898474 -0.1421344 -7.519942e-15 -0.9898474 -0.1421344 -1.155545e-15 -0.9898474 -0.1421344 3.522166e-18 -0.9898474 -0.1421344 -3.821084e-15 -0.9898474 -0.1421344 1.345708e-15 -0.9898474 -0.1421344 -3.335997e-15 -0.9898474 -0.1421344 -1.330428e-15 -0.9898474 -0.1421344 -3.678731e-15 -0.9898474 -0.1421344 0 -0.9898474 -0.1421344 -3.19017e-16 -0.9898474 -0.1421344 4.012969e-15 -0.9898474 -0.1421344 8.430025e-15 -0.9898474 -0.1421344 -4.027051e-15 -0.9898474 -0.1421344 3.002335e-16 -0.9898474 -0.1421344 -1.408866e-17 -0.9898474 -0.1421344 1.328081e-15 -0.9898474 -0.1421344 -8.439411e-15 -0.9898474 -0.1421344 -1.552584e-14 -0.9898474 -0.1421344 -5.087807e-15 -0.9898474 -0.1421344 3.525527e-15 -0.9898474 -0.1421344 7.053407e-15 -0.9898474 -0.1421344 2.502121e-15 -0.9898474 -0.1421344 8.076981e-17 -0.9898474 -0.1421344 -3.691049e-15 -0.9898474 -0.1421344 -5.245031e-15 -0.9898474 -0.1421344 -5.331852e-15 -0.9898474 -0.1421344 -4.16601e-15 -0.9898474 -0.1421344 5.214352e-15 -0.9898474 -0.1421344 8.579495e-15 -0.9898474 -0.1421344 2.363615e-15 -0.9898474 -0.1421344 2.689826e-15 -0.9898474 -0.1421344 -4.609256e-15 -0.9898474 -0.1421344 -7.538493e-15 -0.9898474 -0.1421344 -3.440334e-15 -0.9898474 -0.1421344 -2.280968e-15 -0.9898474 -0.1421344 5.134993e-15 -0.9898474 -0.1421344 9.672981e-15 -0.9898474 -0.1421344 1.394286e-14 -0.9898474 -0.1421344 1.322587e-15 -0.9898474 -0.1421344 -2.234258e-14 -0.9898474 -0.1421344 -2.002239e-14 -0.9898474 -0.1421344 6.603543e-15 -0.9898474 -0.1421344 1.515537e-14 -0.9898474 -0.1421344 5.30843e-15 -0.9898474 -0.1421344 2.381203e-15 -0.9898474 -0.1421344 -8.605513e-17 -0.9898474 -0.1421344 -2.322517e-15 -0.9898474 -0.1421344 -4.00842e-15 -0.9898474 -0.1421344 -2.505439e-15 -0.9898474 -0.1421344 6.61828e-15 -0.9898474 -0.1421344 1.012995e-14 -0.9898474 -0.1421344 1.810621e-14 -0.9898474 -0.1421344 1.793022e-14 -0.9898474 -0.1421344 2.330468e-14 -0.9898474 -0.1421344 2.862554e-14 -0.9898474 -0.1421344 -1.419109e-15 -0.9898474 -0.1421344 7.588107e-15 -0.9898474 -0.1421344 5.978577e-15 -0.9898474 -0.1421344 3.976404e-15 -0.9898474 -0.1421344 1.414999e-14 -0.9898474 -0.1421344 -6.21419e-15 -0.9898474 -0.1421344 -3.841725e-14 -0.9898474 -0.1421344 -4.394473e-14 -0.9898474 -0.1421344 -2.086457e-14 -0.9898474 -0.1421344 -1.097543e-14 -0.9898474 -0.1421344 -9.913519e-16 -0.9898474 -0.1421344 4.250604e-15 -0.9898474 -0.1421344 -1.956631e-18 -0.9898474 -0.1421344 0 -0.9898474 -0.1421344 3.765593e-15 -0.9898474 -0.1421344 1.236711e-15 -0.9898474 -0.1421344 7.16313e-15 -0.9898474 -0.1421344 3.561172e-15 -0.9898474 -0.1421344 -7.16313e-15 -0.9898474 -0.1421344 -1.249626e-15 -0.9898474 -0.1421344 -1.291461e-17 -0.9898474 -0.1421344 -4.248257e-15 -0.9898474 -0.1421344 9.936989e-16 -0.9898474 -0.1421344 -3.561172e-15 -0.9898474 -0.1421344 -2.603055e-15 -0.9898474 -0.1421344 -3.767941e-15 -0.9898474 -0.1421344 0 -0.9898474 -0.1421344 -4.37489e-16 -0.9898474 -0.1421344 3.501261e-15 -0.9898474 -0.1421344 7.41554e-15 -0.9898474 -0.1421344 -3.496567e-15 -0.9898474 -0.1421344 4.222268e-16 -0.9898474 -0.1421344 -1.526272e-17 -0.9898474 -0.1421344 2.600708e-15 -0.9898474 -0.1421344 -7.410847e-15 -0.9898474 -0.1421344 2.942411e-15 -0.9898474 -0.1421344 3.355585e-15 -0.9898474 -0.1421344 -4.82037e-15 -0.9898474 -0.1421344 -7.400952e-15 -0.9898474 -0.1421344 -3.063387e-15 -0.9898474 -0.1421344 -2.030142e-15 -0.9898474 -0.1421344 5.419208e-15 -0.9898474 -0.1421344 9.360961e-15 -0.9898474 -0.1421344 1.277263e-14 -0.9898474 -0.1421344 3.121505e-16 -0.9898474 -0.1421344 -2.228768e-14 -0.9898474 -0.1421344 -2.004342e-14 -0.9898474 -0.1421344 6.314712e-15 -0.9898474 -0.1421344 1.441056e-14 -0.9898474 -0.1421344 4.288517e-15 -0.9898474 -0.1421344 1.644904e-15 -0.9898474 -0.1421344 -3.891189e-16 -0.9898474 -0.1421344 -2.885999e-15 -0.9898474 -0.1421344 -5.205433e-15 -0.9898474 -0.1421344 -3.475329e-15 -0.9898474 -0.1421344 6.827919e-15 -0.9898474 -0.1421344 9.020072e-15 -0.9898474 -0.1421344 -4.658014e-15 -0.9898474 -0.1421344 -5.469813e-15 -0.9898474 -0.1421344 -7.049294e-15 -0.9898474 -0.1421344 -7.667446e-15 -0.9898474 -0.1421344 -3.998044e-15 -0.9898474 -0.1421344 -2.162969e-15 -0.9898474 -0.1421344 3.810935e-15 -0.9898474 -0.1421344 2.536125e-15 -0.9898474 -0.1421344 -1.421351e-15 -0.9898474 -0.1421344 -1.994566e-15 -0.9898474 -0.1421344 1.210696e-14 -0.9898474 -0.1421344 1.03872e-14 -0.9898474 -0.1421344 1.24729e-14 -0.9898474 -0.1421344 1.795216e-15 -0.9898474 -0.1421344 -1.545915e-14 -0.9898474 -0.1421344 -1.261704e-14 -0.9898474 -0.1421344 4.743536e-15 -0.9898474 -0.1421344 8.871862e-15 -0.9898474 -0.1421344 3.108016e-15 -0.9898474 -0.1421344 3.612929e-16 -0.9898474 -0.1421344 -3.01971e-15 -0.9898474 -0.1421344 -4.376238e-15 -0.9898474 -0.1421344 -4.864419e-15 -0.9898474 -0.1421344 -3.809138e-15 -0.9898474 -0.1421344 5.687031e-15 -0.9898474 -0.1421344 8.951127e-15 -0.9898474 -0.1421344 -1.33675e-15 -0.9898474 -0.1421344 3.819156e-15 -0.9898474 -0.1421344 -1.657439e-18 -0.9898474 -0.1421344 0 -0.9898474 -0.1421344 3.676788e-15 -0.9898474 -0.1421344 1.159067e-15 -0.9898474 -0.1421344 7.52372e-15 -0.9898474 -0.1421344 3.353006e-15 -0.9898474 -0.1421344 -7.523227e-15 -0.9898474 -0.1421344 -1.154779e-15 -0.9898474 -0.1421344 3.978399e-18 -0.9898474 -0.1421344 -3.82202e-15 -0.9898474 -0.1421344 1.342613e-15 -0.9898474 -0.1421344 -3.343595e-15 -0.9898474 -0.1421344 -1.332373e-15 -0.9898474 -0.1421344 -3.679633e-15 -0.9898474 -0.1421344 0 -0.9898474 -0.1421344 -3.199248e-16 -0.9898474 -0.1421344 4.014799e-15 -0.9898474 -0.1421344 8.433068e-15 -0.9898474 -0.1421344 -4.029557e-15 -0.9898474 -0.1421344 3.002335e-16 -0.9898474 -0.1421344 -1.446181e-17 -0.9898474 -0.1421344 1.32935e-15 -0.9898474 -0.1421344 -8.443088e-15 -0.9898474 -0.1421344 -1 3.181325e-17 -8.130825e-17 -1 -1.503646e-16 1.042528e-15 -0.9659428 0.0367781 -0.2561287 -0.9659428 0.0367781 -0.2561287 -0.8660166 0.07106938 -0.4949387 -0.8660166 0.07106938 -0.4949387 -0.7070872 0.100507 -0.6999471 -0.7070872 0.100507 -0.6999471 -0.4998599 0.1231035 -0.857313 -0.4998599 0.1231035 -0.857313 -0.2588462 0.1372903 -0.9561119 -0.2588462 0.1372903 -0.9561119 -8.545714e-15 0.1421344 -0.9898474 -8.456603e-15 0.1421344 -0.9898474 0.2588462 0.1372903 -0.9561119 0.2588462 0.1372903 -0.9561119 0.4998599 0.1231035 -0.857313 0.4998599 0.1231035 -0.857313 0.7070872 0.100507 -0.6999471 0.7070872 0.100507 -0.6999471 0.8660166 0.07106938 -0.4949387 0.8660166 0.07106938 -0.4949387 0.9659428 0.0367781 -0.2561287 0.9659428 0.0367781 -0.2561287 1 4.455247e-18 -5.346296e-17 1 -1.280883e-16 1.024707e-15 0.9659428 -0.0367781 0.2561287 0.9659428 -0.0367781 0.2561287 0.8660166 -0.07106938 0.4949387 0.8660166 -0.07106938 0.4949387 0.7070872 -0.100507 0.6999471 0.7070872 -0.100507 0.6999471 0.4998599 -0.1231035 0.857313 0.4998599 -0.1231035 0.857313 0.2588462 -0.1372903 0.9561119 0.2588462 -0.1372903 0.9561119 -8.207093e-15 -0.1421344 0.9898474 -8.109072e-15 -0.1421344 0.9898474 -0.2588462 -0.1372903 0.9561119 -0.2588462 -0.1372903 0.9561119 -0.4998599 -0.1231035 0.857313 -0.4998599 -0.1231035 0.857313 -0.7070872 -0.100507 0.6999471 -0.7070872 -0.100507 0.6999471 -0.8660166 -0.07106938 0.4949387 -0.8660166 -0.07106938 0.4949387 -0.9659428 -0.0367781 0.2561287 -0.9659428 -0.0367781 0.2561287 1 -1.886519e-17 -1.748684e-16 1 -3.686717e-16 2.70879e-15 0.9659428 0.0367781 -0.2561287 0.9659428 0.0367781 -0.2561287 0.8660166 0.07106938 -0.4949387 0.8660166 0.07106938 -0.4949387 0.7070872 0.100507 -0.6999471 0.7070872 0.100507 -0.6999471 0.4998599 0.1231035 -0.857313 0.4998599 0.1231035 -0.857313 0.2588462 0.1372903 -0.9561119 0.2588462 0.1372903 -0.9561119 -2.67332e-17 0.1421344 -0.9898474 7.128854e-17 0.1421344 -0.9898474 -0.2588462 0.1372903 -0.9561119 -0.2588462 0.1372903 -0.9561119 -0.5004723 0.1230532 -0.8569629 -0.5004723 0.1230532 -0.8569629 -0.7069366 0.1005284 -0.7000962 -0.7069366 0.1005284 -0.7000962 -0.8660931 0.07105055 -0.4948076 -0.8660931 0.07105055 -0.4948076 -0.9659228 0.03678873 -0.2562027 -0.9659228 0.03678873 -0.2562027 -1 3.788113e-17 -1.158717e-16 -1 -4.189207e-16 2.611569e-15 -0.9659228 -0.03678873 0.2562027 -0.9659228 -0.03678873 0.2562027 -0.8660931 -0.07105055 0.4948076 -0.8660931 -0.07105055 0.4948076 -0.7069366 -0.1005284 0.7000962 -0.7069366 -0.1005284 0.7000962 -0.5004723 -0.1230532 0.8569629 -0.5004723 -0.1230532 0.8569629 -0.2588462 -0.1372903 0.9561119 -0.2588462 -0.1372903 0.9561119 -1.603992e-16 -0.1421344 0.9898474 -6.237747e-17 -0.1421344 0.9898474 0.2588462 -0.1372903 0.9561119 0.2588462 -0.1372903 0.9561119 0.4998599 -0.1231035 0.857313 0.4998599 -0.1231035 0.857313 0.7070872 -0.100507 0.6999471 0.7070872 -0.100507 0.6999471 0.8660166 -0.07106938 0.4949387 0.8660166 -0.07106938 0.4949387 0.9659428 -0.0367781 0.2561287 0.9659428 -0.0367781 0.2561287 -1 -2.145336e-06 1.494047e-05 -1 -2.145336e-06 1.494047e-05 -0.9659504 -0.03677407 0.2561006 -0.9659504 -0.03677407 0.2561006 -0.8655784 -0.07117715 0.4956893 -0.8655784 -0.07117715 0.4956893 -0.7069366 -0.1005284 0.7000962 -0.7069366 -0.1005284 0.7000962 -0.5004723 -0.1230532 0.8569629 -0.5004723 -0.1230532 0.8569629 -0.2588462 -0.1372903 0.9561119 -0.2588462 -0.1372903 0.9561119 -1.681518e-14 -0.1421344 0.9898474 -1.683301e-14 -0.1421344 0.9898474 0.2588462 -0.1372903 0.9561119 0.2588462 -0.1372903 0.9561119 0.4998599 -0.1231035 0.857313 0.4998599 -0.1231035 0.857313 0.7070872 -0.100507 0.6999471 0.7070872 -0.100507 0.6999471 0.8660389 -0.0710639 0.4949006 0.8660389 -0.0710639 0.4949006 0.9659504 -0.03677407 0.2561006 0.9659504 -0.03677407 0.2561006 1 -2.145336e-06 1.494047e-05 1 -2.145336e-06 1.494047e-05 0.9659428 0.0367781 -0.2561287 0.9659428 0.0367781 -0.2561287 0.8660166 0.07106938 -0.4949387 0.8660166 0.07106938 -0.4949387 0.7071523 0.1004977 -0.6998827 0.7071523 0.1004977 -0.6998827 0.4998468 0.1231046 -0.8573205 0.4998468 0.1231046 -0.8573205 0.2587426 0.1372942 -0.9561394 0.2587426 0.1372942 -0.9561394 -1.560328e-14 0.1421344 -0.9898474 -1.695776e-14 0.1421344 -0.9898474 -0.2587426 0.1372942 -0.9561394 -0.2587426 0.1372942 -0.9561394 -0.5004592 0.1230543 -0.8569703 -0.5004592 0.1230543 -0.8569703 -0.7070018 0.1005191 -0.7000317 -0.7070018 0.1005191 -0.7000317 -0.8655561 0.07118261 -0.4957273 -0.8655561 0.07118261 -0.4957273 -0.9659428 0.0367781 -0.2561287 -0.9659428 0.0367781 -0.2561287 -2.086406e-15 -0.9898474 -0.1421344 -4.068437e-15 -0.9898474 -0.1421344 3.717219e-18 -0.9898474 -0.1421344 0 -0.9898474 -0.1421344 -3.670869e-15 -0.9898474 -0.1421344 -2.813625e-16 -0.9898474 -0.1421344 2.792507e-15 -0.9898474 -0.1421344 7.406725e-15 -0.9898474 -0.1421344 -2.801895e-15 -0.9898474 -0.1421344 3.048429e-16 -0.9898474 -0.1421344 2.34811e-17 -0.9898474 -0.1421344 4.066089e-15 -0.9898474 -0.1421344 2.093451e-15 -0.9898474 -0.1421344 -7.406718e-15 -0.9898474 -0.1421344 -9.933409e-16 -0.9898474 -0.1421344 3.670869e-15 -0.9898474 -0.1421344 0 -0.9898474 -0.1421344 1.719148e-15 -0.9898474 -0.1421344 6.670288e-15 -0.9898474 -0.1421344 3.144103e-15 -0.9898474 -0.1421344 -6.665594e-15 -0.9898474 -0.1421344 -1.714452e-15 -0.9898474 -0.1421344 4.696221e-18 -0.9898474 -0.1421344 1.007432e-15 -0.9898474 -0.1421344 -3.125318e-15 -0.9898474 -0.1421344 -1 2.145336e-06 -1.494047e-05 -1 2.145336e-06 -1.494047e-05 -0.9659428 -0.0367781 0.2561287 -0.9659428 -0.0367781 0.2561287 -0.8660519 -0.07106068 0.4948782 -0.8660519 -0.07106068 0.4948782 -0.7071372 -0.1004999 0.6998977 -0.7071372 -0.1004999 0.6998977 -0.499767 -0.1231111 0.8573661 -0.499767 -0.1231111 0.8573661 -0.2587426 -0.1372942 0.9561394 -0.2587426 -0.1372942 0.9561394 8.420959e-15 -0.1421344 0.9898474 8.394226e-15 -0.1421344 0.9898474 0.2587426 -0.1372942 0.9561394 0.2587426 -0.1372942 0.9561394 0.499767 -0.1231111 0.8573661 0.499767 -0.1231111 0.8573661 0.7071372 -0.1004999 0.6998977 0.7071372 -0.1004999 0.6998977 0.8660519 -0.07106068 0.4948782 0.8660519 -0.07106068 0.4948782 0.9659428 -0.0367781 0.2561287 0.9659428 -0.0367781 0.2561287 1 2.145336e-06 -1.494047e-05 1 2.145336e-06 -1.494047e-05 0.9659504 0.03677407 -0.2561006 0.9659504 0.03677407 -0.2561006 0.8660389 0.0710639 -0.4949006 0.8660389 0.0710639 -0.4949006 0.7070872 0.100507 -0.6999471 0.7070872 0.100507 -0.6999471 0.499767 0.1231111 -0.8573661 0.499767 0.1231111 -0.8573661 0.2588538 0.13729 -0.9561099 0.2588538 0.13729 -0.9561099 8.421214e-15 0.1421344 -0.9898474 8.430126e-15 0.1421344 -0.9898474 -0.2588538 0.13729 -0.9561099 -0.2588538 0.13729 -0.9561099 -0.499767 0.1231111 -0.8573661 -0.499767 0.1231111 -0.8573661 -0.7070872 0.100507 -0.6999471 -0.7070872 0.100507 -0.6999471 -0.8660389 0.0710639 -0.4949006 -0.8660389 0.0710639 -0.4949006 -0.9659504 0.03677407 -0.2561006 -0.9659504 0.03677407 -0.2561006 -1 2.145336e-06 -1.494047e-05 -1 2.145336e-06 -1.494047e-05 -0.9659428 -0.0367781 0.2561287 -0.9659428 -0.0367781 0.2561287 -0.8655561 -0.07118261 0.4957273 -0.8655561 -0.07118261 0.4957273 -0.7070018 -0.1005191 0.7000317 -0.7070018 -0.1005191 0.7000317 -0.5004592 -0.1230543 0.8569703 -0.5004592 -0.1230543 0.8569703 -0.2587426 -0.1372942 0.9561394 -0.2587426 -0.1372942 0.9561394 -1.583497e-14 -0.1421344 0.9898474 -1.683301e-14 -0.1421344 0.9898474 0.2587426 -0.1372942 0.9561394 0.2587426 -0.1372942 0.9561394 0.4998468 -0.1231046 0.8573205 0.4998468 -0.1231046 0.8573205 0.7071523 -0.1004977 0.6998827 0.7071523 -0.1004977 0.6998827 0.8660166 -0.07106938 0.4949387 0.8660166 -0.07106938 0.4949387 0.9659428 -0.0367781 0.2561287 0.9659428 -0.0367781 0.2561287 1 2.145336e-06 -1.494047e-05 1 2.145336e-06 -1.494047e-05 0.9659504 0.03677407 -0.2561006 0.9659504 0.03677407 -0.2561006 0.8660389 0.0710639 -0.4949006 0.8660389 0.0710639 -0.4949006 0.7070872 0.100507 -0.6999471 0.7070872 0.100507 -0.6999471 0.4998599 0.1231035 -0.857313 0.4998599 0.1231035 -0.857313 0.2588462 0.1372903 -0.9561119 0.2588462 0.1372903 -0.9561119 -1.65033e-14 0.1421344 -0.9898474 -1.717163e-14 0.1421344 -0.9898474 -0.2588462 0.1372903 -0.9561119 -0.2588462 0.1372903 -0.9561119 -0.5004723 0.1230532 -0.8569629 -0.5004723 0.1230532 -0.8569629 -0.7069366 0.1005284 -0.7000962 -0.7069366 0.1005284 -0.7000962 -0.8655784 0.07117715 -0.4956893 -0.8655784 0.07117715 -0.4956893 -0.9659504 0.03677407 -0.2561006 -0.9659504 0.03677407 -0.2561006 0.3156849 0.1430533 -0.9380185 0.2385335 0.1464305 -0.9600312 0.1498687 0.1477418 -0.9776051 0.1397893 0.1407389 -0.9801283 -1.329329e-17 0.1421344 -0.9898474 -8.862196e-18 0.1421344 -0.9898474 -0.1564367 0.1403845 -0.9776603 -0.1564367 0.1403845 -0.9776603 -0.3058888 0.1399962 -0.9417182 0.3058888 -0.1306436 0.9430611 0.3557959 -0.1296109 0.9255324 0.4562339 -0.1240461 0.8811715 0.4582227 -0.1263344 0.8798134 0.5877721 -0.1149905 0.8008128 0.5877721 -0.1149905 0.8008128 0.7070981 -0.1005055 0.6999364 0.7070981 -0.1005055 0.6999364 0.8090181 -0.08354431 0.5818162 0.8090181 -0.08354431 0.5818162 0.8910157 -0.06452511 0.4493634 0.8910157 -0.06452511 0.4493634 0.9510502 -0.0439247 0.3058988 0.9510502 -0.0439247 0.3058988 0.9876844 -0.02223829 0.1548711 0.9876844 -0.02223829 0.1548711 1 -2.169016e-15 1.510114e-14 1 -2.18314e-15 1.520305e-14 0.9876844 0.02223829 -0.1548711 0.9876844 0.02223829 -0.1548711 0.9510502 0.0439247 -0.3058988 0.9510502 0.0439247 -0.3058988 0.8910157 0.06452511 -0.4493634 0.8910157 0.06452511 -0.4493634 0.8090181 0.08354431 -0.5818162 0.8090181 0.08354431 -0.5818162 0.7070981 0.1005055 -0.6999364 0.7070981 0.1005055 -0.6999364 0.5877721 0.1149905 -0.8008128 0.5877721 0.1149905 -0.8008128 0.453997 0.1266422 -0.8819572 0.453997 0.1266422 -0.8819572 0.3303019 0.1341572 -0.9342925 -0.3156849 -0.1266689 0.9403712 -0.2385335 -0.1296222 0.9624447 -0.1498687 -0.1333089 0.9796776 -0.1397893 -0.1407389 0.9801283 0 -0.1421344 0.9898474 -2.215549e-18 -0.1421344 0.9898474 0.1564367 -0.1403845 0.9776603 0.1564367 -0.1403845 0.9776603 0.2760638 -0.136611 0.9513812 -0.2760638 0.136611 -0.9513812 -0.3557959 0.1360548 -0.9246071 -0.4562339 0.1289124 -0.8804727 -0.4582227 0.1263344 -0.8798134 -0.5877721 0.1149905 -0.8008128 -0.5877721 0.1149905 -0.8008128 -0.7070981 0.1005055 -0.6999364 -0.7070981 0.1005055 -0.6999364 -0.8090181 0.08354431 -0.5818162 -0.8090181 0.08354431 -0.5818162 -0.8910157 0.06452511 -0.4493634 -0.8910157 0.06452511 -0.4493634 -0.9510502 0.0439247 -0.3058988 -0.9510502 0.0439247 -0.3058988 -0.9876844 0.02223829 -0.1548711 -0.9876844 0.02223829 -0.1548711 -1 -1.073319e-14 7.468593e-14 -1 -1.071713e-14 7.470143e-14 -0.9876844 -0.02223829 0.1548711 -0.9876844 -0.02223829 0.1548711 -0.9510502 -0.0439247 0.3058988 -0.9510502 -0.0439247 0.3058988 -0.8910157 -0.06452511 0.4493634 -0.8910157 -0.06452511 0.4493634 -0.8090181 -0.08354431 0.5818162 -0.8090181 -0.08354431 0.5818162 -0.7070981 -0.1005055 0.6999364 -0.7070981 -0.1005055 0.6999364 -0.5877721 -0.1149905 0.8008128 -0.5877721 -0.1149905 0.8008128 -0.453997 -0.1266422 0.8819572 -0.453997 -0.1266422 0.8819572 -0.3303019 -0.1341572 0.9342925 -2.086406e-15 -0.9898474 -0.1421344 -4.068437e-15 -0.9898474 -0.1421344 3.717219e-18 -0.9898474 -0.1421344 0 -0.9898474 -0.1421344 -3.670869e-15 -0.9898474 -0.1421344 -2.813625e-16 -0.9898474 -0.1421344 2.792507e-15 -0.9898474 -0.1421344 7.406725e-15 -0.9898474 -0.1421344 -2.801895e-15 -0.9898474 -0.1421344 3.048429e-16 -0.9898474 -0.1421344 2.34811e-17 -0.9898474 -0.1421344 4.066089e-15 -0.9898474 -0.1421344 2.093451e-15 -0.9898474 -0.1421344 -7.406718e-15 -0.9898474 -0.1421344 -9.933409e-16 -0.9898474 -0.1421344 3.670869e-15 -0.9898474 -0.1421344 0 -0.9898474 -0.1421344 1.719148e-15 -0.9898474 -0.1421344 6.670288e-15 -0.9898474 -0.1421344 3.144103e-15 -0.9898474 -0.1421344 -6.665594e-15 -0.9898474 -0.1421344 -1.714452e-15 -0.9898474 -0.1421344 4.696221e-18 -0.9898474 -0.1421344 1.007432e-15 -0.9898474 -0.1421344 -3.125318e-15 -0.9898474 -0.1421344 -4.228538e-16 -0.9898474 -0.1421344 -3.791417e-15 -0.9898474 -0.1421344 2.751069e-18 -0.9898474 -0.1421344 0 -0.9898474 -0.1421344 -3.393911e-15 -0.9898474 -0.1421344 -4.37489e-16 -0.9898474 -0.1421344 2.511777e-15 -0.9898474 -0.1421344 8.639584e-15 -0.9898474 -0.1421344 -2.495657e-15 -0.9898474 -0.1421344 4.222268e-16 -0.9898474 -0.1421344 -1.526272e-17 -0.9898474 -0.1421344 3.789069e-15 -0.9898474 -0.1421344 4.26066e-16 -0.9898474 -0.1421344 -8.609103e-15 -0.9898474 -0.1421344 -2.089915e-15 -0.9898474 -0.1421344 3.391564e-15 -0.9898474 -0.1421344 0 -0.9898474 -0.1421344 -1.62961e-15 -0.9898474 -0.1421344 6.068684e-15 -0.9898474 -0.1421344 3.959811e-15 -0.9898474 -0.1421344 -6.076857e-15 -0.9898474 -0.1421344 1.647222e-15 -0.9898474 -0.1421344 1.761083e-17 -0.9898474 -0.1421344 2.080174e-15 -0.9898474 -0.1421344 -3.978242e-15 -0.9898474 -0.1421344 -1 2.145336e-06 -1.494047e-05 -1 2.145336e-06 -1.494047e-05 -0.9659428 -0.0367781 0.2561287 -0.9659428 -0.0367781 0.2561287 -0.8660519 -0.07106068 0.4948782 -0.8660519 -0.07106068 0.4948782 -0.7071372 -0.1004999 0.6998977 -0.7071372 -0.1004999 0.6998977 -0.499767 -0.1231111 0.8573661 -0.499767 -0.1231111 0.8573661 -0.2587426 -0.1372942 0.9561394 -0.2587426 -0.1372942 0.9561394 0 -0.1421344 0.9898474 -1.782214e-17 -0.1421344 0.9898474 0.2587426 -0.1372942 0.9561394 0.2587426 -0.1372942 0.9561394 0.499767 -0.1231111 0.8573661 0.499767 -0.1231111 0.8573661 0.7071372 -0.1004999 0.6998977 0.7071372 -0.1004999 0.6998977 0.8660519 -0.07106068 0.4948782 0.8660519 -0.07106068 0.4948782 0.9659428 -0.0367781 0.2561287 0.9659428 -0.0367781 0.2561287 1 2.145336e-06 -1.494047e-05 1 2.145336e-06 -1.494047e-05 0.9659504 0.03677407 -0.2561006 0.9659504 0.03677407 -0.2561006 0.8660389 0.0710639 -0.4949006 0.8660389 0.0710639 -0.4949006 0.7070872 0.100507 -0.6999471 0.7070872 0.100507 -0.6999471 0.499767 0.1231111 -0.8573661 0.499767 0.1231111 -0.8573661 0.2588538 0.13729 -0.9561099 0.2588538 0.13729 -0.9561099 -8.911338e-18 0.1421344 -0.9898474 1.782268e-17 0.1421344 -0.9898474 -0.2588538 0.13729 -0.9561099 -0.2588538 0.13729 -0.9561099 -0.499767 0.1231111 -0.8573661 -0.499767 0.1231111 -0.8573661 -0.7070872 0.100507 -0.6999471 -0.7070872 0.100507 -0.6999471 -0.8660389 0.0710639 -0.4949006 -0.8660389 0.0710639 -0.4949006 -0.9659504 0.03677407 -0.2561006 -0.9659504 0.03677407 -0.2561006 -1 6.858624e-15 -4.775602e-14 -1 6.860283e-15 -4.778256e-14 -0.9999137 0.00186733 -0.01300439 -0.9999137 0.00186733 -0.01300439 -1 1.702035e-06 -1.185325e-05 -1 1.702035e-06 -1.185325e-05 -0.9659956 0.03675007 -0.2559335 -0.9659956 0.03675007 -0.2559335 -0.8662575 0.07101005 -0.4945256 -0.8662575 0.07101005 -0.4945256 -0.706914 0.1005316 -0.7001185 -0.706914 0.1005316 -0.7001185 -0.4997949 0.1231089 -0.8573501 -0.4997949 0.1231089 -0.8573501 -0.2587498 0.137294 -0.9561375 -0.2587498 0.137294 -0.9561375 -0.0001191274 0.1421344 -0.9898474 -0.0001191274 0.1421344 -0.9898474 0.2589719 0.1372855 -0.9560786 0.2589719 0.1372855 -0.9560786 0.5000972 0.1230841 -0.8571774 0.5000972 0.1230841 -0.8571774 0.706914 0.1005316 -0.7001185 0.706914 0.1005316 -0.7001185 0.8662575 0.07101005 -0.4945256 0.8662575 0.07101005 -0.4945256 0.9659956 0.03675007 -0.2559335 0.9659956 0.03675007 -0.2559335 1 1.702035e-06 -1.185325e-05 1 1.702035e-06 -1.185325e-05 0.9659897 -0.0367532 0.2559553 0.9659897 -0.0367532 0.2559553 0.8662678 -0.0710075 0.4945078 0.8662678 -0.0710075 0.4945078 0.7069533 -0.100526 0.7000797 0.7069533 -0.100526 0.7000797 0.5000972 -0.1230841 0.8571774 0.5000972 -0.1230841 0.8571774 0.2588846 -0.1372888 0.9561017 0.2588846 -0.1372888 0.9561017 -0.0001189667 -0.1421344 0.9898474 -0.0001189667 -0.1421344 0.9898474 -0.2586624 -0.1372973 0.9561607 -0.2586624 -0.1372973 0.9561607 -0.4997949 -0.1231089 0.8573501 -0.4997949 -0.1231089 0.8573501 -0.7069533 -0.100526 0.7000797 -0.7069533 -0.100526 0.7000797 -0.8662678 -0.0710075 0.4945078 -0.8662678 -0.0710075 0.4945078 -0.9659897 -0.0367532 0.2559553 -0.9659897 -0.0367532 0.2559553 1 -3.762247e-16 2.673287e-15 1 -3.118673e-16 2.049413e-15 0.9659428 0.0367781 -0.2561287 0.9659428 0.0367781 -0.2561287 0.8660166 0.07106938 -0.4949387 0.8660166 0.07106938 -0.4949387 0.7070872 0.100507 -0.6999471 0.7070872 0.100507 -0.6999471 0.4998599 0.1231035 -0.857313 0.4998599 0.1231035 -0.857313 0.2588462 0.1372903 -0.9561119 0.2588462 0.1372903 -0.9561119 -2.316878e-16 0.1421344 -0.9898474 7.128854e-17 0.1421344 -0.9898474 -0.2588462 0.1372903 -0.9561119 -0.2588462 0.1372903 -0.9561119 -0.5004723 0.1230532 -0.8569629 -0.5004723 0.1230532 -0.8569629 -0.7069366 0.1005284 -0.7000962 -0.7069366 0.1005284 -0.7000962 -0.8660931 0.07105055 -0.4948076 -0.8660931 0.07105055 -0.4948076 -0.9659228 0.03678873 -0.2562027 -0.9659228 0.03678873 -0.2562027 -1 -4.278339e-16 2.870052e-15 -1 -2.874509e-16 2.041124e-15 -0.9659228 -0.03678873 0.2562027 -0.9659228 -0.03678873 0.2562027 -0.8660931 -0.07105055 0.4948076 -0.8660931 -0.07105055 0.4948076 -0.7069366 -0.1005284 0.7000962 -0.7069366 -0.1005284 0.7000962 -0.5004723 -0.1230532 0.8569629 -0.5004723 -0.1230532 0.8569629 -0.2588462 -0.1372903 0.9561119 -0.2588462 -0.1372903 0.9561119 7.128854e-17 -0.1421344 0.9898474 -2.316878e-16 -0.1421344 0.9898474 0.2588462 -0.1372903 0.9561119 0.2588462 -0.1372903 0.9561119 0.4998599 -0.1231035 0.857313 0.4998599 -0.1231035 0.857313 0.7070872 -0.100507 0.6999471 0.7070872 -0.100507 0.6999471 0.8660166 -0.07106938 0.4949387 0.8660166 -0.07106938 0.4949387 0.9659428 -0.0367781 0.2561287 0.9659428 -0.0367781 0.2561287 1 1.334312e-16 -7.94287e-16 1 1.035845e-16 -6.86108e-16 0.9659428 0.0367781 -0.2561287 0.9659428 0.0367781 -0.2561287 0.8660166 0.07106938 -0.4949387 0.8660166 0.07106938 -0.4949387 0.7070872 0.100507 -0.6999471 0.7070872 0.100507 -0.6999471 0.4998599 0.1231035 -0.857313 0.4998599 0.1231035 -0.857313 0.2588462 0.1372903 -0.9561119 0.2588462 0.1372903 -0.9561119 -2.138656e-16 0.1421344 -0.9898474 2.67332e-16 0.1421344 -0.9898474 -0.2588462 0.1372903 -0.9561119 -0.2588462 0.1372903 -0.9561119 -0.4998599 0.1231035 -0.857313 -0.4998599 0.1231035 -0.857313 -0.7070872 0.100507 -0.6999471 -0.7070872 0.100507 -0.6999471 -0.8660166 0.07106938 -0.4949387 -0.8660166 0.07106938 -0.4949387 -0.9659428 0.0367781 -0.2561287 -0.9659428 0.0367781 -0.2561287 -1 4.009722e-17 -2.316728e-16 -1 1.826651e-16 -1.158364e-15 -0.9659428 -0.0367781 0.2561287 -0.9659428 -0.0367781 0.2561287 -0.8660166 -0.07106938 0.4949387 -0.8660166 -0.07106938 0.4949387 -0.7070872 -0.100507 0.6999471 -0.7070872 -0.100507 0.6999471 -0.4998599 -0.1231035 0.857313 -0.4998599 -0.1231035 0.857313 -0.2588462 -0.1372903 0.9561119 -0.2588462 -0.1372903 0.9561119 -1.158439e-16 -0.1421344 0.9898474 3.118874e-16 -0.1421344 0.9898474 0.2588462 -0.1372903 0.9561119 0.2588462 -0.1372903 0.9561119 0.4998599 -0.1231035 0.857313 0.4998599 -0.1231035 0.857313 0.7070872 -0.100507 0.6999471 0.7070872 -0.100507 0.6999471 0.8660166 -0.07106938 0.4949387 0.8660166 -0.07106938 0.4949387 0.9659428 -0.0367781 0.2561287 0.9659428 -0.0367781 0.2561287 1 -3.026087e-16 2.101763e-15 1 7.796682e-18 -5.346296e-17 0.9659428 0.0367781 -0.2561287 0.9659428 0.0367781 -0.2561287 0.8660166 0.07106938 -0.4949387 0.8660166 0.07106938 -0.4949387 0.7070872 0.100507 -0.6999471 0.7070872 0.100507 -0.6999471 0.4998599 0.1231035 -0.857313 0.4998599 0.1231035 -0.857313 0.2588462 0.1372903 -0.9561119 0.2588462 0.1372903 -0.9561119 -1.425771e-16 0.1421344 -0.9898474 -1.425771e-16 0.1421344 -0.9898474 -0.2588462 0.1372903 -0.9561119 -0.2588462 0.1372903 -0.9561119 -0.4998599 0.1231035 -0.857313 -0.4998599 0.1231035 -0.857313 -0.7070872 0.100507 -0.6999471 -0.7070872 0.100507 -0.6999471 -0.8660166 0.07106938 -0.4949387 -0.8660166 0.07106938 -0.4949387 -0.9659428 0.0367781 -0.2561287 -0.9659428 0.0367781 -0.2561287 -1 -3.051844e-16 2.120697e-15 -1 1.113812e-17 -8.019444e-17 -0.9659428 -0.0367781 0.2561287 -0.9659428 -0.0367781 0.2561287 -0.8660166 -0.07106938 0.4949387 -0.8660166 -0.07106938 0.4949387 -0.7070872 -0.100507 0.6999471 -0.7070872 -0.100507 0.6999471 -0.4998599 -0.1231035 0.857313 -0.4998599 -0.1231035 0.857313 -0.2588462 -0.1372903 0.9561119 -0.2588462 -0.1372903 0.9561119 0 -0.1421344 0.9898474 -8.911068e-18 -0.1421344 0.9898474 0.2588462 -0.1372903 0.9561119 0.2588462 -0.1372903 0.9561119 0.4998599 -0.1231035 0.857313 0.4998599 -0.1231035 0.857313 0.7070872 -0.100507 0.6999471 0.7070872 -0.100507 0.6999471 0.8660166 -0.07106938 0.4949387 0.8660166 -0.07106938 0.4949387 0.9659428 -0.0367781 0.2561287 0.9659428 -0.0367781 0.2561287 -0.9040294 -0.05335916 0.424127 -0.8993473 -0.06214615 0.4327959 -0.8636681 -0.07196731 0.4988969 -0.8782626 -0.06511716 0.4737241 -0.8535336 -0.07377395 0.5157885 -0.9246822 -0.04821678 0.3776743 -0.9135463 -0.05781102 0.4026054 -0.9612611 -0.03917784 0.2728409 -0.9612611 -0.03917784 0.2728409 -0.9902684 -0.01978095 0.1377578 -0.9902684 -0.01978095 0.1377578 -0.9998965 -0.002044577 0.01423877 -0.999998 0.001465353 0.001347775 -0.9971191 0.01101573 -0.07504833 -0.9901093 0.0216061 -0.1386246 -0.9872066 0.02266279 -0.1578273 -0.9612611 0.03917784 -0.2728409 -0.9612611 0.03917784 -0.2728409 -0.9139791 0.05614037 -0.4018587 -0.9185696 0.05617997 -0.3912464 -0.8782932 0.06773503 -0.4733001 -0.8474845 0.07385314 -0.5256575 -0.8359936 0.07799474 -0.5431681 -0.766043 0.09136249 -0.6362633 -0.766043 0.09136249 -0.6362633 -0.6691297 0.1056266 -0.7356008 -0.6691297 0.1056266 -0.7356008 -0.5592017 0.1178339 -0.8206148 -0.5592017 0.1178339 -0.8206148 -0.438369 0.1277497 -0.88967 -0.438369 0.1277497 -0.88967 -0.3090187 0.1351778 -0.9414002 -0.3090187 0.1351778 -0.9414002 -0.1736478 0.1399751 -0.9748094 -0.1736478 0.1399751 -0.9748094 -0.03489359 0.1420479 -0.9892446 -0.03489359 0.1420479 -0.9892446 0.1045286 0.1413558 -0.9844249 0.1045286 0.1413558 -0.9844249 0.225568 0.1384713 -0.9643364 0.2407888 0.1396444 -0.9604791 0.3102198 0.1353641 -0.9409784 0.3756801 0.1334238 -0.9170946 0.3913149 0.1308002 -0.9109138 0.5000075 0.1230914 -0.8572287 0.5000075 0.1230914 -0.8572287 0.6156478 0.112005 -0.7800209 0.6156478 0.112005 -0.7800209 0.7188098 0.09775283 -0.6883 0.7143497 0.09946409 -0.6926842 0.7790897 0.08894883 -0.6205702 0.8094643 0.08230458 -0.5813721 0.8249717 0.08033069 -0.559436 0.8829536 0.06672647 -0.464694 0.8829536 0.06672647 -0.464694 0.9396965 0.04861132 -0.3385372 0.9396965 0.04861132 -0.3385372 0.9781495 0.02955014 -0.205792 0.9781495 0.02955014 -0.205792 0.9974821 0.008373436 -0.07042193 0.9961926 0.01239129 -0.08629497 1 -0.000242834 -3.486909e-05 0.9974821 -0.01178041 0.06993272 0.9961926 -0.01239129 0.08629497 0.9781495 -0.02955014 0.205792 0.9781495 -0.02955014 0.205792 0.9396965 -0.04861132 0.3385372 0.9396965 -0.04861132 0.3385372 0.8832129 -0.06750368 0.4640887 0.89669 -0.0629171 0.4381649 0.8611781 -0.0723615 0.5031263 0.8086964 -0.08437115 0.582144 0.8061913 -0.08409454 0.5856481 0.7193337 -0.09873578 0.6876121 0.7193337 -0.09873578 0.6876121 0.6156478 -0.112005 0.7800209 0.6156478 -0.112005 0.7800209 0.5000075 -0.1230914 0.8572287 0.5000075 -0.1230914 0.8572287 0.374603 -0.131785 0.9177719 0.374603 -0.131785 0.9177719 0.2419167 -0.1379126 0.960446 0.2419167 -0.1379126 0.960446 0.1045286 -0.1413558 0.9844249 0.1045286 -0.1413558 0.9844249 -0.03489359 -0.1420479 0.9892446 -0.03489359 -0.1420479 0.9892446 -0.1736478 -0.1399751 0.9748094 -0.1736478 -0.1399751 0.9748094 -0.3090187 -0.1351778 0.9414002 -0.3090187 -0.1351778 0.9414002 -0.438369 -0.1277497 0.88967 -0.438369 -0.1277497 0.88967 -0.5592017 -0.1178339 0.8206148 -0.5592017 -0.1178339 0.8206148 -0.6691297 -0.1056266 0.7356008 -0.6691297 -0.1056266 0.7356008 -0.7654128 -0.09293474 0.6367938 -0.871906 -0.0679823 0.4849313 -0.836632 -0.07923925 0.5420038 -0.8007456 -0.08534197 0.5928939 -0.7501205 -0.09399366 0.6545872 1 2.634861e-17 -1.602497e-16 1 -6.794251e-17 4.544352e-16 0.9659428 0.0367781 -0.2561287 0.9659428 0.0367781 -0.2561287 0.8660166 0.07106938 -0.4949387 0.8660166 0.07106938 -0.4949387 0.7070872 0.100507 -0.6999471 0.7070872 0.100507 -0.6999471 0.4998599 0.1231035 -0.857313 0.4998599 0.1231035 -0.857313 0.2588462 0.1372903 -0.9561119 0.2588462 0.1372903 -0.9561119 -8.42987e-15 0.1421344 -0.9898474 -8.403137e-15 0.1421344 -0.9898474 -0.2588462 0.1372903 -0.9561119 -0.2588462 0.1372903 -0.9561119 -0.4998599 0.1231035 -0.857313 -0.4998599 0.1231035 -0.857313 -0.7070872 0.100507 -0.6999471 -0.7070872 0.100507 -0.6999471 -0.8660166 0.07106938 -0.4949387 -0.8660166 0.07106938 -0.4949387 -0.9659428 0.0367781 -0.2561287 -0.9659428 0.0367781 -0.2561287 -1 -4.455247e-17 2.851358e-16 -1 3.118673e-17 -1.871204e-16 -0.9659428 -0.0367781 0.2561287 -0.9659428 -0.0367781 0.2561287 -0.8660166 -0.07106938 0.4949387 -0.8660166 -0.07106938 0.4949387 -0.7070872 -0.100507 0.6999471 -0.7070872 -0.100507 0.6999471 -0.4998599 -0.1231035 0.857313 -0.4998599 -0.1231035 0.857313 -0.2588462 -0.1372903 0.9561119 -0.2588462 -0.1372903 0.9561119 -8.207093e-15 -0.1421344 0.9898474 -8.625914e-15 -0.1421344 0.9898474 0.2588462 -0.1372903 0.9561119 0.2588462 -0.1372903 0.9561119 0.4998599 -0.1231035 0.857313 0.4998599 -0.1231035 0.857313 0.7070872 -0.100507 0.6999471 0.7070872 -0.100507 0.6999471 0.8660166 -0.07106938 0.4949387 0.8660166 -0.07106938 0.4949387 0.9659428 -0.0367781 0.2561287 0.9659428 -0.0367781 0.2561287 -0.646553 -0.10843 0.7551239 -0.646553 -0.10843 0.7551239 -0.603413 -0.1133421 0.7893328 -0.603413 -0.1133421 0.7893328 -0.471876 -0.1253149 0.8727137 -0.471876 -0.1253149 0.8727137 -0.3288045 -0.1342315 0.9348099 -0.3288045 -0.1342315 0.9348099 -0.1802091 -0.1398075 0.9736419 -0.1785325 -0.1408389 0.9738021 -0.06644325 -0.142359 0.9875825 -0.02129701 -0.1435525 0.9894135 0.9834892 -0.03053128 0.1783728 0.9647224 -0.03974824 0.2602515 0.9407861 -0.05313964 0.3348098 0.9348666 -0.0504576 0.3513949 0.8783845 -0.06793382 0.4731022 0.8783845 -0.06793382 0.4731022 0.7932014 -0.0865541 0.6027768 0.7932014 -0.0865541 0.6027768 0.6886691 -0.1030582 0.7177144 0.6886691 -0.1030582 0.7177144 0.5673646 -0.117043 0.8151063 0.5673646 -0.117043 0.8151063 0.4321525 -0.1281769 0.8926449 0.4321525 -0.1281769 0.8926449 0.286443 -0.1361786 0.9483701 0.286443 -0.1361786 0.9483701 0.1337293 -0.1408578 0.9809565 0.1337293 -0.1408578 0.9809565 0.01435098 -0.1421198 0.9897454 0.9596973 0.03787993 -0.2784712 0.9720942 0.03255991 -0.2323205 0.992076 0.01641127 -0.1245631 0.992398 0.01749248 -0.1218205 0.9995747 -0.004144769 0.02886485 0.9995747 -0.004144769 0.02886485 0.9860344 -0.02367134 0.1648511 -0.8974018 0.06271172 -0.4367347 -0.8974018 0.06271172 -0.4367347 -0.8716198 0.06967183 -0.485206 -0.8716198 0.06967183 -0.485206 -0.7846176 0.08812052 -0.6136856 -0.7846176 0.08812052 -0.6136856 -0.6784882 0.1044136 -0.7271531 -0.6784882 0.1044136 -0.7271531 -0.5558335 0.1181555 -0.8228539 -0.5558335 0.1181555 -0.8228539 -0.4195618 0.1290192 -0.898511 -0.4195618 0.1290192 -0.898511 -0.27307 0.1367325 -0.9522274 -0.27307 0.1367325 -0.9522274 -0.1199219 0.1411087 -0.982704 -0.1199219 0.1411087 -0.982704 0.0361743 0.1420414 -0.9891995 0.0361743 0.1420414 -0.9891995 0.1913734 0.1395074 -0.9715523 0.1913734 0.1395074 -0.9715523 0.3419075 0.1335685 -0.9301928 0.3419075 0.1335685 -0.9301928 0.4840965 0.1243697 -0.8661309 0.4840965 0.1243697 -0.8661309 0.6144717 0.1121354 -0.7809291 0.6144717 0.1121354 -0.7809291 0.7298501 0.09716413 -0.6766668 0.7298501 0.09716413 -0.6766668 0.8274049 0.07982352 -0.555904 0.8274049 0.07982352 -0.555904 0.9047971 0.06052695 -0.4215195 0.9047971 0.06052695 -0.4215195 0.9495802 0.0445626 -0.3103412 -0.09597186 0.1414783 -0.9852783 -0.09597186 0.1414783 -0.9852783 -0.2215572 0.138602 -0.9652471 -0.2215572 0.138602 -0.9652471 -0.4540234 0.1266403 -0.8819439 -0.4540234 0.1266403 -0.8819439 -0.6586664 0.1069469 -0.7447959 -0.6586664 0.1069469 -0.7447959 -0.8231812 0.0807009 -0.5620142 -0.8231812 0.0807009 -0.5620142 3.093699e-16 -0.9898474 -0.1421344 -5.394125e-16 -0.9898474 -0.1421344 2.907663e-14 -0.9898474 -0.1421344 3.874446e-16 -0.9898474 -0.1421344 -2.360809e-16 -0.9898474 -0.1421344 4.61367e-15 -0.9898474 -0.1421344 1.97497e-16 -0.9898474 -0.1421344 -1.998382e-15 -0.9898474 -0.1421344 -9.856942e-16 -0.9898474 -0.1421344 3.327305e-15 -0.9898474 -0.1421344 3.67056e-16 -0.9898474 -0.1421344 6.929745e-16 -0.9898474 -0.1421344 -3.337584e-17 -0.9898474 -0.1421344 -4.369601e-16 -0.9898474 -0.1421344 8.808205e-17 -0.9898474 -0.1421344 -7.529888e-16 -0.9898474 -0.1421344 -2.266906e-16 -0.9898474 -0.1421344 -5.736481e-17 -0.9898474 -0.1421344 1.837137e-15 -0.9898474 -0.1421344 -1.183952e-16 -0.9898474 -0.1421344 -2.784544e-15 -0.9898474 -0.1421344 -2.424283e-16 -0.9898474 -0.1421344 0 -0.9898474 -0.1421344 -2.572385e-15 -0.9898474 -0.1421344 3.318403e-15 -0.9898474 -0.1421344 2.422853e-16 -0.9898474 -0.1421344 -2.382026e-15 -0.9898474 -0.1421344 -1.099169e-15 -0.9898474 -0.1421344 4.138908e-16 -0.9898474 -0.1421344 -2.70494e-16 -0.9898474 -0.1421344 2.537401e-16 -0.9898474 -0.1421344 -1.503506e-15 -0.9898474 -0.1421344 -3.460397e-16 -0.9898474 -0.1421344 -6.06817e-17 -0.9898474 -0.1421344 4.044352e-17 -0.9898474 -0.1421344 -6.831098e-16 -0.9898474 -0.1421344 4.240781e-16 -0.9898474 -0.1421344 -5.386487e-16 -0.9898474 -0.1421344 7.749147e-17 -0.9898474 -0.1421344 -2.45348e-16 -0.9898474 -0.1421344 -3.074731e-16 -0.9898474 -0.1421344 6.949062e-16 -0.9898474 -0.1421344 3.026738e-15 -0.9898474 -0.1421344 7.116364e-15 -0.9898474 -0.1421344 -3.382799e-17 -0.9898474 -0.1421344 -4.084854e-17 -0.9898474 -0.1421344 1.100591e-16 -0.9898474 -0.1421344 6.229351e-17 -0.9898474 -0.1421344 -7.748863e-16 -0.9898474 -0.1421344 4.908687e-17 -0.9898474 -0.1421344 -8.765531e-17 -0.9898474 -0.1421344 2.427331e-16 -0.9898474 -0.1421344 -1.763019e-16 -0.9898474 -0.1421344 -5.402913e-17 -0.9898474 -0.1421344 -7.202328e-18 -0.9898474 -0.1421344 2.880787e-17 -0.9898474 -0.1421344 6.416079e-17 -0.9898474 -0.1421344 -1.468999e-16 -0.9898474 -0.1421344 3.156189e-17 -0.9898474 -0.1421344 9.942963e-17 -0.9898474 -0.1421344 -5.095267e-16 -0.9898474 -0.1421344 1.499512e-15 -0.9898474 -0.1421344 5.572297e-16 -0.9898474 -0.1421344 -2.901477e-15 -0.9898474 -0.1421344 1 2.169148e-16 -5.017722e-16 1 3.296883e-16 -2.307818e-15 0.9659428 0.0367781 -0.2561287 0.9659428 0.0367781 -0.2561287 0.8660166 0.07106938 -0.4949387 0.8660166 0.07106938 -0.4949387 0.7070872 0.100507 -0.6999471 0.7070872 0.100507 -0.6999471 0.4998599 0.1231035 -0.857313 0.4998599 0.1231035 -0.857313 0.2588462 0.1372903 -0.9561119 0.2588462 0.1372903 -0.9561119 0 0.1421344 -0.9898474 0 0.1421344 -0.9898474 -0.2588462 0.1372903 -0.9561119 -0.2588462 0.1372903 -0.9561119 -0.4998599 0.1231035 -0.857313 -0.4998599 0.1231035 -0.857313 -0.7070872 0.100507 -0.6999471 -0.7070872 0.100507 -0.6999471 -0.8660166 0.07106938 -0.4949387 -0.8660166 0.07106938 -0.4949387 -0.9659428 0.0367781 -0.2561287 -0.9659428 0.0367781 -0.2561287 -1 7.017014e-17 -4.989876e-16 -1 4.37728e-16 -2.049413e-15 -0.9659428 -0.0367781 0.2561287 -0.9659428 -0.0367781 0.2561287 -0.8660166 -0.07106938 0.4949387 -0.8660166 -0.07106938 0.4949387 -0.7070872 -0.100507 0.6999471 -0.7070872 -0.100507 0.6999471 -0.4998599 -0.1231035 0.857313 -0.4998599 -0.1231035 0.857313 -0.2588462 -0.1372903 0.9561119 -0.2588462 -0.1372903 0.9561119 0 -0.1421344 0.9898474 8.911068e-18 -0.1421344 0.9898474 0.2588462 -0.1372903 0.9561119 0.2588462 -0.1372903 0.9561119 0.4998599 -0.1231035 0.857313 0.4998599 -0.1231035 0.857313 0.7070872 -0.100507 0.6999471 0.7070872 -0.100507 0.6999471 0.8660166 -0.07106938 0.4949387 0.8660166 -0.07106938 0.4949387 0.9659428 -0.0367781 0.2561287 0.9659428 -0.0367781 0.2561287 -0.7878541 -0.08757366 0.6096038 -0.7437508 -0.09537134 0.6616185 0.3046875 -0.1353763 0.9427825 0.3046875 -0.1353763 0.9427825 0.1794271 -0.1398278 0.9737834 0.1794271 -0.1398278 0.9737834 -0.07429679 -0.1417416 0.9871116 -0.07429679 -0.1417416 0.9871116 -0.3232622 -0.1345032 0.9367019 -0.3232622 -0.1345032 0.9367019 -0.5514002 -0.1185744 0.8257711 -0.5514002 -0.1185744 0.8257711 -0.7016565 -0.101273 0.7052815 -6.990857e-15 0.9898474 0.1421344 -3.238291e-14 0.9898474 0.1421344 -3.069995e-14 0.9898474 0.1421344 4.214246e-16 0.9898474 0.1421344 5.620182e-16 0.9898474 0.1421344 -2.557825e-16 0.9898474 0.1421344 1.338327e-15 0.9898474 0.1421344 -4.620777e-15 0.9898474 0.1421344 1.675124e-14 0.9898474 0.1421344 -1.481338e-14 0.9898474 0.1421344 -1.930477e-14 0.9898474 0.1421344 -1.257966e-14 0.9898474 0.1421344 -3.200164e-15 0.9898474 0.1421344 -6.906933e-16 0.9898474 0.1421344 3.511722e-16 0.9898474 0.1421344 8.881183e-16 0.9898474 0.1421344 2.721679e-15 0.9898474 0.1421344 4.673206e-16 0.9898474 0.1421344 1.680005e-16 0.9898474 0.1421344 -2.682805e-16 0.9898474 0.1421344 -4.900657e-17 0.9898474 0.1421344 7.581022e-16 0.9898474 0.1421344 4.779599e-16 0.9898474 0.1421344 0 0.9898474 0.1421344 0.9761717 0.03084309 -0.2147963 0.9761717 0.03084309 -0.2147963 0.9058167 0.06021806 -0.4193684 0.9058167 0.06021806 -0.4193684 0.8010448 0.08497501 -0.5925424 0.8131218 0.08273553 -0.5761837 0.2418148 0.1379162 -0.9604711 0.2418148 0.1379162 -0.9604711 0.4692977 0.1255104 -0.8740748 0.4692977 0.1255104 -0.8740748 0.6689211 0.1056533 -0.7357866 0.6689211 0.1056533 -0.7357866 0.8287964 0.07953136 -0.5538693 0.8287964 0.07953136 -0.5538693 0.9395174 0.04868121 -0.3390239 0.9395174 0.04868121 -0.3390239 0.9944575 0.01494395 -0.1040721 0.9944575 0.01494395 -0.1040721 0.9956581 -0.01323063 0.09214025 0.9935293 -0.01774321 0.1121815 0.9985198 -0.008839286 0.05366576 0.9799583 -0.0285153 0.1971512 0.9965116 -0.01186177 0.08260729 1 0.0002064166 2.963983e-05 0.9976951 0.01118258 -0.06692894 0.9965116 0.01186177 -0.08260729 0.9799622 0.02831083 -0.1971612 0.9799622 0.02831083 -0.1971612 0.9446686 0.04662383 -0.324696 0.9446686 0.04662383 -0.324696 0.8925183 0.06410422 -0.4464322 0.8925183 0.06410422 -0.4464322 0.8412714 0.07683973 -0.5351244 0.8353803 0.0779198 -0.5441215 0.7329155 0.09780912 -0.673252 0.81158 0.08333109 -0.578268 0.7841387 0.08874352 -0.6142077 0.7527937 0.09627936 -0.6511774 0.7370012 0.09819429 -0.6687205 0.7205385 0.09904681 -0.6863046 0.7049949 0.1022466 -0.7018033 0.6857119 0.1044633 -0.7203378 0.6450734 0.1097067 -0.7562041 0.6328564 0.1100503 -0.7664083 0.5380828 0.119804 -0.8343344 0.5380828 0.119804 -0.8343344 0.4209238 0.1289296 -0.8978866 0.4209238 0.1289296 -0.8978866 0.2962843 0.1357526 -0.945403 0.2962843 0.1357526 -0.945403 0.1663338 0.1401544 -0.9760583 0.1663338 0.1401544 -0.9760583 0.03342108 0.142055 -0.9892944 0.03342108 0.142055 -0.9892944 -0.1000931 0.1414206 -0.9848764 -0.1000931 0.1414206 -0.9848764 -0.2318282 0.1382622 -0.9628807 -0.2318282 0.1382622 -0.9628807 -0.3594206 0.1326364 -0.9237015 -0.3594206 0.1326364 -0.9237015 -0.4800812 0.1238323 -0.8684397 -0.5934679 0.1131577 -0.7968634 -0.5510332 0.1185259 -0.826023 -0.4726077 0.1252592 -0.8723257 -0.6824268 0.1037314 -0.7235561 -0.6651568 0.105276 -0.7392451 -0.6726845 0.1047463 -0.7324779 -0.6374108 0.1064355 -0.7631376 -0.6105208 0.1101664 -0.7843007 -0.5880439 0.1149549 -0.8006183 -0.7922009 0.08320082 -0.6045622 -0.7805599 0.08877811 -0.6187444 -0.7943468 0.0881678 -0.6010322 -0.772201 0.09011795 -0.6289549 -0.7651245 0.09104913 -0.6374124 -0.7562402 0.09203982 -0.6477882 -0.7431362 0.09310532 -0.6626311 -0.7317412 0.09363389 -0.6751204 -0.7194649 0.09385918 -0.6881575 -0.7063087 0.09711429 -0.701211 -0.7484412 0.09715666 -0.656046 -0.693733 0.102353 -0.7129224 -0.704569 0.1009332 -0.7024208 -0.7209971 0.09913887 -0.6858095 -0.8487528 0.06895065 -0.5242751 -0.8405867 0.07241861 -0.5368142 -0.8326555 0.07543342 -0.5486298 -0.826413 0.07760269 -0.5576911 -0.8195489 0.0797894 -0.5674269 -0.804426 0.08461191 -0.5879963 -0.7948742 0.08624351 -0.6006139 -0.7954041 0.08614669 -0.5999258 -0.8077875 0.08379337 -0.5834878 -0.8018565 0.08425599 -0.5915464 -0.7936442 0.08043005 -0.6030422 -0.7961261 0.08272074 -0.5994502 -0.812052 0.0819489 -0.5778027 -0.7991069 0.08433569 -0.5952442 -0.7924216 0.07909334 -0.6048241 -0.9184094 0.05622624 -0.3916157 -0.9088631 0.05731665 -0.4131376 -0.9208232 0.05479594 -0.3861115 -0.8601812 0.0718246 -0.5049054 -0.8941415 0.06110939 -0.4435952 -0.8798782 0.06678396 -0.470483 -0.8706663 0.06972139 -0.4869076 -0.8607731 0.06769392 -0.5044672 -0.855685 0.06576011 -0.5133019 -0.9333183 0.05103337 -0.3554047 -0.9644761 0.03754765 -0.2614879 -0.9644761 0.03754765 -0.2614879 -0.9910748 0.01894748 -0.1319533 -0.9910748 0.01894748 -0.1319533 -1 5.017831e-15 -3.494938e-14 -1 4.994034e-15 -3.479e-14 -0.9910748 -0.01894748 0.1319533 -0.9910748 -0.01894748 0.1319533 -0.9644761 -0.03754765 0.2614879 -0.9644761 -0.03754765 0.2614879 -0.9209281 -0.05642534 0.3856263 -0.9333183 -0.05103337 0.3554047 -0.8723803 -0.06978648 0.4838207 -0.8840194 -0.06765077 0.4625289 -0.8672232 -0.07180898 0.4927144 -0.9007169 -0.06280361 0.4298428 -0.9159284 -0.05705752 0.3972652 -0.8076496 -0.08381962 0.583675 -0.8078649 -0.08376944 0.583384 -0.7964239 -0.08890313 0.5981682 -0.7955481 -0.09167066 0.5989154 -0.7989012 -0.08752706 0.5950595 -0.8041854 -0.08475453 0.5883048 -0.7937344 -0.09695913 0.600487 -0.7955427 -0.08816294 0.5994491 -0.791426 -0.09243137 0.6042361 -0.7972736 -0.08630139 0.5974169 -0.774912 -0.08888169 0.6257886 -0.8063175 -0.08467487 0.5853907 -0.8110643 -0.08407006 0.5788842 -0.815497 -0.08355467 0.5726983 -0.8219897 -0.08285906 0.5634424 -0.8281342 -0.08232277 0.5544517 -0.8346914 -0.08187225 0.5445982 -0.8450578 -0.0793799 0.5287496 -0.8210653 -0.07968703 0.5652448 -0.8565644 -0.07446355 0.5106394 -0.8646503 -0.07144314 0.4972682 -0.7484108 -0.09580696 0.6562791 -0.759699 -0.09317441 0.643565 -0.767589 -0.09146994 0.6343818 -0.7764308 -0.08968764 0.6237879 -0.5931842 -0.1145114 0.7968812 -0.6020424 -0.1165763 0.7899082 -0.6725201 -0.1053211 0.7325464 -0.6251118 -0.1154131 0.7719553 -0.6566158 -0.1086053 0.7463649 -0.6811995 -0.1042448 0.724638 -0.6968673 -0.101922 0.709921 -0.7219941 -0.09858607 0.6848396 -0.714651 -0.1021449 0.6919829 -0.7317637 -0.1001002 0.6741676 -0.4733089 -0.1263443 0.8717889 -0.5493816 -0.1200771 0.8268987 -0.5838524 -0.1154421 0.8036103 -0.4805917 -0.124644 0.8680412 -0.3594206 -0.1326364 0.9237015 -0.3594206 -0.1326364 0.9237015 -0.2318282 -0.1382622 0.9628807 -0.2318282 -0.1382622 0.9628807 -0.1000931 -0.1414206 0.9848764 -0.1000931 -0.1414206 0.9848764 0.03342108 -0.142055 0.9892944 0.03342108 -0.142055 0.9892944 0.1663338 -0.1401544 0.9760583 0.1663338 -0.1401544 0.9760583 0.2962843 -0.1357526 0.945403 0.2962843 -0.1357526 0.945403 0.4209238 -0.1289296 0.8978866 0.4209238 -0.1289296 0.8978866 0.5380828 -0.119804 0.8343344 0.5380828 -0.119804 0.8343344 0.6319252 -0.1101584 0.7671608 0.6450733 -0.1075054 0.7565203 0.6816665 -0.1029059 0.7243902 0.6961718 -0.1000279 0.7108722 0.7421381 -0.09415884 0.6636002 0.7833515 -0.08590201 0.6156145 0.8116124 -0.08283211 0.5782942 0.8244452 -0.08033016 0.5602118 0.7106727 -0.09901189 0.6965206 0.7341759 -0.09231545 0.6726541 0.7526088 -0.08663011 0.6527444 0.8412714 -0.07683973 0.5351244 0.8925183 -0.06410422 0.4464322 0.8925183 -0.06410422 0.4464322 0.9446686 -0.04662383 0.324696 0.9446686 -0.04662383 0.324696 0.9762146 -0.03081568 0.2146054 -0.001956629 0.7709873 -0.6368476 -0.01020951 0.7174372 -0.6965484 -0.0003159772 0.7205393 -0.693414 0 0.1520924 -0.9883663 -0.0007692911 0.1831621 -0.9830824 -0.0002022326 0.2004135 -0.9797114 -0.002970474 0.3236404 -0.9461755 -0.002500835 0.5305151 -0.8476718 -0.0003687909 0.4022274 -0.9155397 -4.701908e-05 0.2933221 -0.9560137 -0.003859561 0.6191869 -0.7852342 -0.0005371975 0.5653166 -0.8248738 -0.0003092174 0.4967742 -0.8678798 -0.01101051 0.6767623 -0.7361192 -0.003118641 0.9625054 -0.2712445 -0.01121322 0.9532166 -0.3020799 -0.0004070151 0.8681138 -0.4963651 -0.01354745 0.9427057 -0.3333503 -0.006615952 0.9265283 -0.376167 -0.001195559 0.8943924 -0.4472816 -0.01038204 0.8570918 -0.5150591 -0.009327859 0.8237844 -0.5668265 -0.003551003 0.9990596 -0.04321161 -0.003490963 0.9989051 0.04665231 0.001104587 0.999819 -0.01899417 -0.003164569 0.990644 -0.1364347 -0.001066823 0.9749416 -0.2224586 -0.003473728 0.9749791 0.2222693 -0.005642756 0.9461044 0.3238125 -4.766328e-05 0.9633119 0.2683842 -0.005876702 0.84805 0.5298837 -0.0005817041 0.8851846 0.4652397 -0.001514155 0.9306383 0.3659372 3.953364e-05 0.6826099 0.7307829 -0.002536139 0.7527552 0.6582957 -0.004921756 0.693416 0.7205207 -0.005926741 0.7977289 0.6029871 -0.0001202532 0.8387381 0.544535 -0.001609161 0.6023234 0.7982506 -0.004539466 0.4960727 0.8682691 -0.0007123799 0.5357566 0.8443722 -0.003797581 0.2689468 0.9631475 2.867698e-06 0.2622484 0.9650004 -0.0004194083 0.3070584 0.9516906 -0.001857973 0.3446203 0.9387403 -0.002097814 0.4076518 0.9131351 4.604687e-06 0.4812797 0.8765671 -0.002242485 0.1869176 0.982373 -0.002596652 0.04473917 0.9989953 -0.001183071 0.08801292 0.9961186 0.0004149694 -0.02786818 0.9996115 -0.0008522845 -0.1009307 0.9948931 0 -0.1131364 0.9935795 0 0.9898487 0.1421251 0 0.9898487 0.1421251 0 0.9929103 -0.1188658 0 0.9929103 -0.1188658 0 0.9283183 -0.3717864 0 0.9283183 -0.3717864 0 0.8004056 -0.5994588 0 0.8004056 -0.5994588 0 0.618017 -0.7861647 0 0.618017 -0.7861647 0 0.3935291 -0.9193122 0 0.3935291 -0.9193122 0 0.1421251 -0.9898487 0 0.1421251 -0.9898487 0 -0.1189321 -0.9929024 0 -0.1189321 -0.9929024 0 -0.3718483 -0.9282935 0 -0.3718483 -0.9282935 0 -0.5994236 -0.800432 0 -0.5994236 -0.800432 0 -0.7861546 -0.6180298 0 -0.7861546 -0.6180298 0 -0.9193193 -0.3935123 0 -0.9193193 -0.3935123 0 -0.989846 -0.1421438 0 -0.989846 -0.1421438 0 -0.9929002 0.1189502 0 -0.9929002 0.1189502 0 -0.9282996 0.3718332 0 -0.9282996 0.3718332 0 -0.8004584 0.5993883 0 -0.8004584 0.5993883 0 -0.6179773 0.7861959 0 -0.6179773 0.7861959 0 -0.393451 0.9193456 0 -0.393451 0.9193456 0 -0.1421438 0.989846 0 -0.1421438 0.989846 0 0.1188839 0.9929082 0 0.1188839 0.9929082 0 0.3717712 0.9283244 0 0.3717712 0.9283244 0 0.5994236 0.800432 0 0.5994236 0.800432 0 0.786206 0.6179645 0 0.786206 0.6179645 0 0.9193384 0.3934677 0 0.9193384 0.3934677 0 0.9898474 0.1421344 0 0.9898474 0.1421344 0 0.9929092 -0.1188756 0 0.9929092 -0.1188756 0 0.9283131 -0.3717994 0 0.9283131 -0.3717994 0 0.80042 -0.5994396 0 0.80042 -0.5994396 0 0.6180119 -0.7861687 0 0.6180119 -0.7861687 0 0.3934945 -0.919327 0 0.3934945 -0.919327 0 0.1421245 -0.9898488 0 0.1421245 -0.9898488 0 -0.1188936 -0.992907 0 -0.1188936 -0.992907 0 -0.3718433 -0.9282955 0 -0.3718433 -0.9282955 0 -0.5994448 -0.8004161 0 -0.5994448 -0.8004161 0 -0.7861435 -0.618044 0 -0.7861435 -0.618044 0 -0.9193139 -0.3935251 0 -0.9193139 -0.3935251 0 -0.9898474 -0.1421344 0 -0.9898474 -0.1421344 0 -0.9929007 0.1189459 0 -0.9929007 0.1189459 0 -0.9282868 0.3718651 0 -0.9282868 0.3718651 0 -0.8004479 0.5994023 0 -0.8004479 0.5994023 0 -0.6180311 0.7861536 0 -0.6180311 0.7861536 0 -0.3934762 0.9193348 0 -0.3934762 0.9193348 0 -0.1421443 0.9898459 0 -0.1421443 0.9898459 0 0.1189123 0.9929048 0 0.1189123 0.9929048 0 0.3718338 0.9282993 0 0.3718338 0.9282993 0 0.5994075 0.800444 0 0.5994075 0.800444 0 0.7861872 0.6179884 0 0.7861872 0.6179884 0 0.9193417 0.39346 0 0.9193417 0.39346 0 0.9898474 0.1421344 0 0.9898474 0.1421344 0 0.9929009 -0.1189447 0 0.9929009 -0.1189447 0 0.9282912 -0.3718541 0 0.9282912 -0.3718541 0 0.8004537 -0.5993946 0 0.8004537 -0.5993946 0 0.6180111 -0.7861693 0 0.6180111 -0.7861693 0 0.3934694 -0.9193377 0 0.3934694 -0.9193377 0 0.1421438 -0.989846 0 0.1421438 -0.989846 0 -0.1189038 -0.9929058 0 -0.1189038 -0.9929058 0 -0.3718111 -0.9283084 0 -0.3718111 -0.9283084 0 -0.5994173 -0.8004367 0 -0.5994173 -0.8004367 0 -0.7861921 -0.6179822 0 -0.7861921 -0.6179822 0 -0.9193406 -0.3934627 0 -0.9193406 -0.3934627 0 -0.9898474 -0.1421344 0 -0.9898474 -0.1421344 0 -0.9929088 0.1188784 0 -0.9929088 0.1188784 0 -0.928316 0.3717921 0 -0.928316 0.3717921 0 -0.8004273 0.5994299 0 -0.8004273 0.5994299 0 -0.6179983 0.7861794 0 -0.6179983 0.7861794 0 -0.3934861 0.9193306 0 -0.3934861 0.9193306 0 -0.1421251 0.9898487 0 -0.1421251 0.9898487 0 0.1188857 0.9929079 0 0.1188857 0.9929079 0 0.3718262 0.9283023 0 0.3718262 0.9283023 0 0.5994525 0.8004103 0 0.5994525 0.8004103 0 0.7861508 0.6180347 0 0.7861508 0.6180347 0 0.9193143 0.3935241 0 0.9193143 0.3935241 4.043103e-16 0.9898474 0.1421344 9.550858e-16 0.9898474 0.1421344 7.062853e-16 0.9898474 0.1421344 -4.102223e-16 0.9898474 0.1421344 -1.013269e-16 0.9898474 0.1421344 -1.40927e-16 0.9898474 0.1421344 2.563768e-16 0.9898474 0.1421344 4.961534e-16 0.9898474 0.1421344 1.913234e-15 0.9898474 0.1421344 -2.709407e-15 0.9898474 0.1421344 -1.195015e-16 0.9898474 0.1421344 4.301088e-15 0.9898474 0.1421344 2.066035e-15 0.9898474 0.1421344 4.271213e-15 0.9898474 0.1421344 3.002421e-16 0.9898474 0.1421344 5.233806e-16 0.9898474 0.1421344 -9.034668e-17 0.9898474 0.1421344 4.951759e-17 0.9898474 0.1421344 -4.166226e-16 0.9898474 0.1421344 -3.002421e-16 0.9898474 0.1421344 -2.652881e-15 0.9898474 0.1421344 1.042608e-15 0.9898474 0.1421344 -1.268199e-15 0.9898474 0.1421344 2.615363e-15 0.9898474 0.1421344 -1.4211e-15 0.9898474 0.1421344 2.0989e-16 0.9898474 0.1421344 1.560387e-14 0.9898474 0.1421344 1.554258e-15 0.9898474 0.1421344 -3.283046e-15 0.9898474 0.1421344 -1.473553e-15 0.9898474 0.1421344 -1.44937e-14 0.9898474 0.1421344 -1.821426e-17 0.9898474 0.1421344 2.369154e-16 0.9898474 0.1421344 1.030027e-15 0.9898474 0.1421344 6.452509e-16 0.9898474 0.1421344 -1.247578e-15 0.9898474 0.1421344 -8.464315e-16 0.9898474 0.1421344 -1.349459e-15 0.9898474 0.1421344 2.507999e-15 0.9898474 0.1421344 -8.262618e-16 0.9898474 0.1421344 -6.665829e-15 0.9898474 0.1421344 -3.908027e-15 0.9898474 0.1421344 5.133068e-16 0.9898474 0.1421344 5.691514e-15 0.9898474 0.1421344 9.357028e-15 0.9898474 0.1421344 1.441417e-15 0.9898474 0.1421344 -1.048928e-15 0.9898474 0.1421344 -1.948717e-15 0.9898474 0.1421344 -4.197853e-16 0.9898474 0.1421344 1.07606e-15 0.9898474 0.1421344 -5.428492e-16 0.9898474 0.1421344 -3.619331e-15 0.9898474 0.1421344 -3.522007e-15 0.9898474 0.1421344 -4.980082e-15 0.9898474 0.1421344 1.45033e-15 0.9898474 0.1421344 1.394551e-15 0.9898474 0.1421344 -3.479144e-15 0.9898474 0.1421344 -2.055708e-15 0.9898474 0.1421344 3.293569e-15 0.9898474 0.1421344 5.48442e-15 0.9898474 0.1421344 -1.145493e-16 0.9898474 0.1421344 -4.635831e-31 0.9898474 0.1421344 -1.378476e-15 0.9898474 0.1421344 2.397345e-15 0.9898474 0.1421344 -1.297212e-15 0.9898474 0.1421344 1.707023e-15 0.9898474 0.1421344 -2.707609e-16 0.9898474 0.1421344 1.455738e-15 0.9898474 0.1421344 -2.351472e-15 0.9898474 0.1421344 1.277287e-16 0.9898474 0.1421344 1.514404e-16 0.9898474 0.1421344 -1.936725e-16 0.9898474 0.1421344 5.266024e-15 0.9898474 0.1421344 -4.699914e-16 0.9898474 0.1421344 -2.602195e-15 0.9898474 0.1421344 -2.282674e-16 0.9898474 0.1421344 -1.675385e-15 0.9898474 0.1421344 -1.99278e-15 0.9898474 0.1421344 -1.740226e-15 0.9898474 0.1421344 3.624555e-15 0.9898474 0.1421344 -3.831245e-15 0.9898474 0.1421344 2.85324e-16 0.9898474 0.1421344 -5.454325e-15 0.9898474 0.1421344 2.095337e-17 0.9898474 0.1421344 1.260389e-15 0.9898474 0.1421344 3.209971e-16 0.9898474 0.1421344 -7.119888e-16 0.9898474 0.1421344 2.22217e-15 0.9898474 0.1421344 -1.946549e-16 0.9898474 0.1421344 -1.99974e-16 0.9898474 0.1421344 5.333736e-15 0.9898474 0.1421344 -7.207065e-16 0.9898474 0.1421344 7.416923e-17 0.9898474 0.1421344 -4.505208e-16 0.9898474 0.1421344 2.522362e-15 0.9898474 0.1421344 -5.005749e-18 0.9898474 0.1421344 -5.858537e-16 0.9898474 0.1421344 3.908239e-15 0.9898474 0.1421344 -7.104438e-16 0.9898474 0.1421344 2.563347e-15 0.9898474 0.1421344 -3.083368e-16 0.9898474 0.1421344 1.103477e-14 0.9898474 0.1421344 3.550546e-15 0.9898474 0.1421344 -9.783395e-15 0.9898474 0.1421344 1.036985e-15 0.9898474 0.1421344 -5.891086e-15 0.9898474 0.1421344 1.411896e-14 0.9898474 0.1421344 -1.423619e-15 0.9898474 0.1421344 -8.942858e-15 0.9898474 0.1421344 8.262618e-16 0.9898474 0.1421344 -3.173215e-16 0.9898474 0.1421344 1.142262e-15 0.9898474 0.1421344 -2.364822e-16 0.9898474 0.1421344 5.062154e-17 0.9898474 0.1421344 4.027371e-15 0.9898474 0.1421344 -6.355983e-16 0.9898474 0.1421344 -3.533366e-16 0.9898474 0.1421344 -2.140435e-15 0.9898474 0.1421344 -1.206223e-15 0.9898474 0.1421344 1.087038e-16 0.9898474 0.1421344 -1.07606e-15 0.9898474 0.1421344 6.283669e-16 0.9898474 0.1421344 3.293597e-15 0.9898474 0.1421344 -6.992443e-15 0.9898474 0.1421344 7.581123e-15 0.9898474 0.1421344 8.666936e-15 0.9898474 0.1421344 4.064529e-15 0.9898474 0.1421344 -9.132736e-16 0.9898474 0.1421344 2.652881e-15 0.9898474 0.1421344 -3.989591e-16 0.9898474 0.1421344 -2.783094e-16 0.9898474 0.1421344 -2.767149e-15 0.9898474 0.1421344 -3.843289e-15 0.9898474 0.1421344 -1.685002e-15 0.9898474 0.1421344 9.052574e-17 0.9898474 0.1421344 3.572831e-16 0.9898474 0.1421344 6.38251e-15 0.9898474 0.1421344 1.089128e-16 0.9898474 0.1421344 -3.493944e-15 0.9898474 0.1421344 -5.435365e-15 0.9898474 0.1421344 1.521507e-15 0.9898474 0.1421344 -9.108801e-16 0.9898474 0.1421344 -2.186981e-15 0.9898474 0.1421344 -1.448212e-15 0.9898474 0.1421344 -2.49469e-17 0.9898474 0.1421344 1.163438e-15 0.9898474 0.1421344 -7.280203e-17 0.9898474 0.1421344 1.042168e-15 0.9898474 0.1421344 7.438195e-15 0.9898474 0.1421344 1.045783e-15 0.9898474 0.1421344 1.081e-15 0.9898474 0.1421344 -2.101279e-15 0.9898474 0.1421344 2.410855e-16 0.9898474 0.1421344 1.030929e-15 0.9898474 0.1421344 2.303597e-15 0.9898474 0.1421344 -8.541885e-16 0.9898474 0.1421344 1.409084e-15 0.9898474 0.1421344 -2.54556e-15 0.9898474 0.1421344 9.785479e-15 0.9898474 0.1421344 5.878109e-15 0.9898474 0.1421344 -1.58706e-15 0.9898474 0.1421344 -1.493073e-14 0.9898474 0.1421344 -3.283046e-15 0.9898474 0.1421344 1.590337e-14 0.9898474 0.1421344 2.432014e-16 0.9898474 0.1421344 -1.987418e-15 0.9898474 0.1421344 3.034951e-16 0.9898474 0.1421344 -1.779226e-16 0.9898474 0.1421344 5.890028e-15 0.9898474 0.1421344 -1.471336e-15 0.9898474 0.1421344 -1.105352e-14 0.9898474 0.1421344 -4.136906e-16 0.9898474 0.1421344 1.462219e-15 0.9898474 0.1421344 -2.910218e-16 0.9898474 0.1421344 -4.613208e-15 0.9898474 0.1421344 -1.176919e-16 0.9898474 0.1421344 9.196698e-15 0.9898474 0.1421344 -2.864317e-15 0.9898474 0.1421344 -1.518959e-16 0.9898474 0.1421344 3.73422e-15 0.9898474 0.1421344 -7.650438e-16 0.9898474 0.1421344 8.54409e-15 0.9898474 0.1421344 -7.24826e-15 0.9898474 0.1421344 -7.158015e-15 0.9898474 0.1421344 1.014117e-15 0.9898474 0.1421344 -2.235389e-17 0.9898474 0.1421344 -3.739489e-15 0.9898474 0.1421344 2.580037e-16 0.9898474 0.1421344 1.005328e-14 0.9898474 0.1421344 3.682357e-15 0.9898474 0.1421344 -1.121844e-14 0.9898474 0.1421344 -1.308661e-15 0.9898474 0.1421344 -1.541822e-14 0.9898474 0.1421344 7.542583e-15 0.9898474 0.1421344 8.491797e-18 0.9898474 0.1421344 -7.17524e-15 0.9898474 0.1421344 1.832113e-14 0.9898474 0.1421344 7.758971e-15 0.9898474 0.1421344 3.493944e-15 0.9898474 0.1421344 -1.010104e-14 0.9898474 0.1421344 -2.772059e-16 0.9898474 0.1421344 1.036985e-15 0.9898474 0.1421344 -2.289644e-15 0.9898474 0.1421344 8.090596e-17 0.9898474 0.1421344 1.916723e-16 0.9898474 0.1421344 9.276256e-16 0.9898474 0.1421344 -2.774937e-15 0.9898474 0.1421344 -1.162684e-15 0.9898474 0.1421344 8.539137e-16 0.9898474 0.1421344 -1.476636e-16 0.9898474 0.1421344 1.109299e-15 0.9898474 0.1421344 -7.067482e-16 0.9898474 0.1421344 -2.411125e-16 0.9898474 0.1421344 2.581405e-15 0.9898474 0.1421344 1.145619e-14 0.9898474 0.1421344 -7.729067e-16 0.9898474 0.1421344 -5.297659e-15 0.9898474 0.1421344 -1.020782e-14 0.9898474 0.1421344 -5.891086e-15 0.9898474 0.1421344 1.457638e-14 0.9898474 0.1421344 -1.078068e-15 0.9898474 0.1421344 -7.97503e-15 0.9898474 0.1421344 -9.345843e-16 0.9898474 0.1421344 9.417499e-16 0.9898474 0.1421344 -2.556548e-15 0.9898474 0.1421344 -7.177288e-15 0.9898474 0.1421344 2.762357e-15 0.9898474 0.1421344 -3.465559e-16 0.9898474 0.1421344 1.690753e-16 0.9898474 0.1421344 -9.755535e-16 0.9898474 0.1421344 -6.450951e-15 0.9898474 0.1421344 1.015424e-14 0.9898474 0.1421344 9.896784e-15 0.9898474 0.1421344 1.632185e-14 0.9898474 0.1421344 -1.077186e-14 0.9898474 0.1421344 9.973218e-15 0.9898474 0.1421344 1.713589e-14 0.9898474 0.1421344 -2.480215e-14 0.9898474 0.1421344 2.095589e-14 0.9898474 0.1421344 -1.658161e-14 0.9898474 0.1421344 1.014466e-14 0.9898474 0.1421344 4.710116e-17 0.9898474 0.1421344 6.322359e-16 0.9898474 0.1421344 -1.185979e-15 0.9898474 0.1421344 -1.164547e-14 0.9898474 0.1421344 -6.925896e-14 0.9898474 0.1421344 -3.485055e-15 0.9898474 0.1421344 -9.927127e-14 0.9898474 0.1421344 2.192492e-16 0.9898474 0.1421344 1.849014e-15 0.9898474 0.1421344 -4.394597e-17 0.9898474 0.1421344 9.32401e-15 0.9898474 0.1421344 2.375898e-16 0.9898474 0.1421344 -3.058252e-16 0.9898474 0.1421344 -4.593051e-16 0.9898474 0.1421344 6.166022e-16 0.9898474 0.1421344 -5.228244e-16 0.9898474 0.1421344 2.824425e-16 0.9898474 0.1421344 2.058169e-15 0.9898474 0.1421344 4.902635e-15 0.9898474 0.1421344 2.498381e-16 0.9898474 0.1421344 5.849812e-15 0.9898474 0.1421344 7.455302e-15 0.9898474 0.1421344 2.554937e-16 0.9898474 0.1421344 -4.879811e-16 0.9898474 0.1421344 9.282275e-16 0.9898474 0.1421344 9.267243e-16 0.9898474 0.1421344 9.447613e-16 0.9898474 0.1421344 -4.710116e-17 0.9898474 0.1421344 4.227779e-15 0.9898474 0.1421344 5.381242e-17 0.9898474 0.1421344 1.58764e-16 0.9898474 0.1421344 -3.127433e-16 0.9898474 0.1421344 2.480215e-14 0.9898474 0.1421344 -1.723492e-14 0.9898474 0.1421344 -1.014466e-14 0.9898474 0.1421344 1.658161e-14 0.9898474 0.1421344 -2.095589e-14 0.9898474 0.1421344 9.927127e-14 0.9898474 0.1421344 3.485055e-15 0.9898474 0.1421344 6.925896e-14 0.9898474 0.1421344 1.130178e-14 0.9898474 0.1421344 -1.078451e-15 0.9898474 0.1421344 3.726145e-16 0.9898474 0.1421344 -4.876925e-16 0.9898474 0.1421344 -5.30285e-15 0.9898474 0.1421344 3.704416e-16 0.9898474 0.1421344 6.424771e-15 0.9898474 0.1421344 -1.164263e-15 0.9898474 0.1421344 -1.017801e-16 0.9898474 0.1421344 5.924685e-15 0.9898474 0.1421344 1.58843e-16 0.9898474 0.1421344 3.96536e-15 0.9898474 0.1421344 -2.098157e-15 0.9898474 0.1421344 2.411489e-16 0.9898474 0.1421344 -1.087721e-14 0.9898474 0.1421344 1.699238e-14 0.9898474 0.1421344 -2.220072e-14 0.9898474 0.1421344 -6.880582e-14 0.9898474 0.1421344 3.656673e-15 0.9898474 0.1421344 -1.038744e-13 0.9898474 0.1421344 2.423536e-14 0.9898474 0.1421344 -1.745821e-14 0.9898474 0.1421344 1.118744e-14 0.9898474 0.1421344 -1.224605e-16 0.9898474 0.1421344 -5.734257e-15 0.9898474 0.1421344 5.409543e-15 0.9898474 0.1421344 -8.139965e-16 0.9898474 0.1421344 6.256613e-16 0.9898474 0.1421344 9.836734e-16 0.9898474 0.1421344 -1.668718e-15 0.9898474 0.1421344 -1.491592e-15 0.9898474 0.1421344 7.179576e-16 0.9898474 0.1421344 3.489607e-16 0.9898474 0.1421344 2.772915e-17 0.9898474 0.1421344 -2.423536e-14 0.9898474 0.1421344 9.480645e-14 0.9898474 0.1421344 1.088435e-14 0.9898474 0.1421344 -1.019329e-15 0.9898474 0.1421344 -9.621719e-15 0.9898474 0.1421344 1.012566e-16 0.9898474 0.1421344 -4.180011e-15 0.9898474 0.1421344 6.84221e-14 0.9898474 0.1421344 2.27707e-14 0.9898474 0.1421344 -1.684737e-14 0.9898474 0.1421344 8.547406e-15 0.9898474 0.1421344 1.129145e-14 0.9898474 0.1421344 -9.570928e-15 0.9898474 0.1421344 1.138325e-14 0.9898474 0.1421344 -1.931474e-16 0.9898474 0.1421344 3.646764e-16 0.9898474 0.1421344 -1.524697e-16 0.9898474 0.1421344 -2.613731e-16 0.9898474 0.1421344 -1.471178e-15 0.9898474 0.1421344 -9.379119e-16 0.9898474 0.1421344 1.224605e-16 0.9898474 0.1421344 -1.118744e-14 0.9898474 0.1421344 1.745821e-14 0.9898474 0.1421344 7.613806e-15 0.9898474 0.1421344 -2.853559e-16 0.9898474 0.1421344 1.587167e-16 0.9898474 0.1421344 -2.070604e-15 0.9898474 0.1421344 -5.660217e-16 0.9898474 0.1421344 4.100946e-16 0.9898474 0.1421344 -5.412551e-16 0.9898474 0.1421344 -0.003121869 -0.0969699 0.9952824 0 -0.07709092 0.9970241 4.649521e-16 -0.1421344 0.9898474 -3.97318e-15 -0.1421344 0.9898474 -7.833086e-16 -0.1421344 0.9898474 2.175394e-17 -0.190535 0.9816804 -7.762846e-16 -0.1421344 0.9898474 4.224677e-16 -0.1421344 0.9898474 -5.606208e-16 -0.1421344 0.9898474 -1.30261e-17 -0.190535 0.9816804 -1 0 0 -1 0 0 -1 0 0 -1 0 0 -1 0 0 -1 0 0 -1 0 0 -1 0 0 -1 0 0 -1 0 0 -1 0 0 -0.9990919 0.04227192 0.005327199 -1 0 0 -0.9993921 0.03450851 0.004955155 -1 0 0 -1 0 0 -1 0 0 -1 0 0 -1 0 0 -1 0 0 -1 0 0 -1 0 0 -1 0 0 -1 0 0 -1 0 0 -1 0 0 -1 0 0 -1 0 0 -1 0 0 -1 0 0 -1 0 0 -1 0 0 -1 0 0 -1 0 0 -1 0 0 -1 0 0 -1 0 0 -1 0 0 -1 0 0 -1 0 0 -1 0 0 0 0.9898495 0.1421194 0 0.9898495 0.1421194 0 0.9193094 0.3935355 0 0.9193094 0.3935355 0 0.786151 0.6180345 0 0.786151 0.6180345 0 0.5994801 0.8003896 0 0.5994801 0.8003896 0 0.3717786 0.9283214 0 0.3717786 0.9283214 0 0.1188215 0.9929156 0 0.1188215 0.9929156 0 -0.1421194 0.9898495 0 -0.1421194 0.9898495 0 -0.3934369 0.9193516 0 -0.3934369 0.9193516 0 -0.6180057 0.7861736 0 -0.6180057 0.7861736 0 -0.8004192 0.5994407 0 -0.8004192 0.5994407 0 -0.9282969 0.3718398 0 -0.9282969 0.3718398 0 -0.9929122 0.1188506 0 -0.9929122 0.1188506 0 -0.9898452 -0.1421494 0 -0.9898452 -0.1421494 0 -0.9193632 -0.39341 0 -0.9193632 -0.39341 0 -0.7861441 -0.6180432 0 -0.7861441 -0.6180432 0 -0.5993499 -0.8004872 0 -0.5993499 -0.8004872 0 -0.3718199 -0.9283049 0 -0.3718199 -0.9283049 0 -0.1189648 -0.9928985 0 -0.1189648 -0.9928985 0 0.1421494 -0.9898452 0 0.1421494 -0.9898452 0 0.3935158 -0.9193179 0 0.3935158 -0.9193179 0 0.6179708 -0.786201 0 0.6179708 -0.786201 0 0.800432 -0.5994236 0 0.800432 -0.5994236 0 0.9282815 -0.3718782 0 0.9282815 -0.3718782 0 0.9929029 -0.118928 0 0.9929029 -0.118928 -1 -2.152738e-06 1.499202e-05 -1 -2.152738e-06 1.499202e-05 -0.9659185 -0.03679096 0.2562182 -0.9659185 -0.03679096 0.2562182 -0.8660003 -0.07107339 0.4949667 -0.8660003 -0.07107339 0.4949667 -0.7071068 -0.1005042 0.6999278 -0.7071068 -0.1005042 0.6999278 -0.4999506 -0.1230961 0.8572612 -0.4999506 -0.1230961 0.8572612 -0.2588538 -0.13729 0.9561099 -0.2588538 -0.13729 0.9561099 -1.517182e-05 -0.1421344 0.9898474 -1.517182e-05 -0.1421344 0.9898474 0.2588821 -0.1372889 0.9561024 0.2588821 -0.1372889 0.9561024 0.499989 -0.1230929 0.8572392 0.499989 -0.1230929 0.8572392 0.7070417 -0.1005135 0.6999922 0.7070417 -0.1005135 0.6999922 0.8660079 -0.07107152 0.4949537 0.8660079 -0.07107152 0.4949537 0.9659463 -0.03677624 0.2561157 0.9659463 -0.03677624 0.2561157 1 -2.152738e-06 1.499202e-05 1 -2.152738e-06 1.499202e-05 0.9659387 0.03678026 -0.2561437 0.9659387 0.03678026 -0.2561437 0.866021 0.07106829 -0.4949312 0.866021 0.07106829 -0.4949312 0.7070916 0.1005064 -0.6999428 0.7070916 0.1005064 -0.6999428 0.499989 0.1230929 -0.8572392 0.499989 0.1230929 -0.8572392 0.2587709 0.1372932 -0.9561319 0.2587709 0.1372932 -0.9561319 -1.514579e-05 0.1421344 -0.9898474 -1.514579e-05 0.1421344 -0.9898474 -0.2587426 0.1372942 -0.9561394 -0.2587426 0.1372942 -0.9561394 -0.4999506 0.1230961 -0.8572612 -0.4999506 0.1230961 -0.8572612 -0.7071567 0.1004971 -0.6998783 -0.7071567 0.1004971 -0.6998783 -0.8660134 0.07107016 -0.4949442 -0.8660134 0.07107016 -0.4949442 -0.965911 0.03679498 -0.2562463 -0.965911 0.03679498 -0.2562463 -1 0 0 -1 0 0 -1 0 0 -1 0 0 -1 0 0 -1 0 0 -1 0 0 -1 0 0 -1 0 0 -1 0 0 -1 0 0 -1 0 0 -1 0 0 -1 0 0 -1 0 0 -1 0 0 -1 0 0 -1 0 0 -1 0 0 -1 0 0 -1 0 0 -1 0 0 -1 0 0 -1 0 0 -1 0 0 -1 0 0 -1 0 0 -1 0 0 -1 0 0 -1 0 0 -1 0 0 -1 0 0 -1 0 0 -1 0 0 -1 0 0 -1 0 0 -1 0 0 -1 0 0 -1 0 0 -1 0 0 -1 0 0 -1 0 0 -1 0 0 -1 0 0 -1 0 0 -1 0 0 -1 0 0 -1 0 0 -1 0 0 -1 0 0 -0.5280053 -0.1207064 0.840619 -0.5280053 -0.1207064 0.840619 -0.3035604 -0.1354274 0.9431386 -0.3035604 -0.1354274 0.9431386 -0.06051025 -0.141874 0.9880335 -0.06051025 -0.141874 0.9880335 0.1863417 -0.1396449 0.9725102 0.1863417 -0.1396449 0.9725102 -1.251875e-15 -0.9898474 -0.1421344 -3.641569e-15 -0.9898474 -0.1421344 -1.571811e-18 -0.9898474 -0.1421344 0 -0.9898474 -0.1421344 -3.962345e-15 -0.9898474 -0.1421344 1.212584e-16 -0.9898474 -0.1421344 3.649207e-15 -0.9898474 -0.1421344 8.231744e-15 -0.9898474 -0.1421344 -3.65321e-15 -0.9898474 -0.1421344 -1.354386e-16 -0.9898474 -0.1421344 -1.476617e-17 -0.9898474 -0.1421344 3.639713e-15 -0.9898474 -0.1421344 1.254901e-15 -0.9898474 -0.1421344 -8.23113e-15 -0.9898474 -0.1421344 -9.881226e-16 -0.9898474 -0.1421344 3.960533e-15 -0.9898474 -0.1421344 0 -0.9898474 -0.1421344 1.080914e-15 -0.9898474 -0.1421344 7.659429e-15 -0.9898474 -0.1421344 3.352978e-15 -0.9898474 -0.1421344 -7.664532e-15 -0.9898474 -0.1421344 -1.085018e-15 -0.9898474 -0.1421344 -3.889597e-18 -0.9898474 -0.1421344 9.963203e-16 -0.9898474 -0.1421344 -3.34831e-15 -0.9898474 -0.1421344 -1 0 0 -1 0 0 -1 0 0 -1 0 0 -1 0 0 -1 0 0 -1 0 0 -1 0 0 -1 0 0 -1 0 0 -1 0 0 -1 0 0 -1 0 0 -1 0 0 -1 0 0 -1 0 0 -1 0 0 -1 0 0 -1 0 0 -1 0 0 -1 0 0 -1 0 0 -1 0 0 -1 0 0 -1 0 0 -1 0 0 -1 0 0 -1 0 0 -1 0 0 -1 0 0 -1 0 0 -1 0 0 -1 0 0 -1 0 0 -1 0 0 -1 0 0 -1 0 0 -1 0 0 -1 0 0 -1 0 0 -1 0 0 -1 0 0 -1 0 0 -1 0 0 -1 0 0 -1 0 0 -1 0 0 -1 0 0 -1 0 0 -1 0 0 -1 0 0 -1 0 0 -1 0 0 -1 0 0 -1 0 0 -1 0 0 -1 0 0 -1 0 0 -1 0 0 -1 0 0 -1 0 0 -1 0 0 -1 0 0 -1 0 0 -1 0 0 -1 0 0 -1 0 0 -1 0 0 -1 0 0 -1 0 0 -1 0 0 -1 0 0 -1 0 0 -1 0 0 -1 0 0 -1 0 0 -1 0 0 -1 0 0 -1 0 0 -1 0 0 -1 0 0 -1 0 0 -1 0 0 -1 0 0 -1 0 0 -1 0 0 -1 0 0 -1 0 0 -1 0 0 -1 0 0 -1 0 0 -1 0 0 -1 0 0 -1 0 0 -1 0 0 -1 0 0 -1 0 0 -1 0 0 -1 0 0 -1 0 0 -1 0 0 -1 0 0 -1 0 0 -1 0 0 -1 0 0 -1 0 0 -1 0 0 -1 0 0 -1 0 0 -1 0 0 -1 0 0 -1 0 0 -1 0 0 -1 0 0 -1 0 0 -1 0 0 -1 0 0 -1 0 0 -1 0 0 -1 0 0 -1 0 0 -1 0 0 -1 0 0 -1 0 0 -1 0 0 -1 0 0 -1 0 0 -1 0 0 -1 0 0 -1 0 0 -1 0 0 -1 0 0 -1 0 0 -1 0 0 -1 0 0 -1 0 0 -1 0 0 -1 0 0 -1 0 0 -1 0 0 -1 0 0 -1 0 0 -1 0 0 -1 0 0 -1 0 0 -1 0 0 -1 0 0 -1 0 0 -1 0 0 -1 0 0 -1 0 0 -1 0 0 -1 0 0 -1 0 0 -1 0 0 -1 0 0 -1 0 0 -1 0 0 -1 0 0 -1 0 0 -1 0 0 -1 0 0 -1 0 0 -1 0 0 -1 0 0 -1 0 0 -1 0 0 -1 0 0 -1 0 0 -1 0 0 -1 0 0 -1 0 0 -1 0 0 -1 0 0 -1 0 0 -1 0 0 -1 0 0 -1 0 0 -1 0 0 -1 0 0 -1 0 0 -1 0 0 -1 0 0 -1 0 0 -1 0 0 -1 0 0 -1 0 0 -1 0 0 -1 0 0 -1 0 0 -1 0 0 -1 0 0 -1 0 0 -1 0 0 -1 0 0 -1 0 0 -1 0 0 -1 0 0 -1 0 0 -1 0 0 -1 0 0 -1 0 0 -1 0 0 -1 0 0 -1 0 0 -1 0 0 -1 0 0 -1 0 0 -1 0 0 -1 0 0 -1 0 0 -1 0 0 -1 0 0 -1 0 0 -1 0 0 -1 0 0 -1 0 0 -1 0 0 -1 0 0 -1 0 0 -1 0 0 -1 0 0 -1 0 0 -1 0 0 -1 0 0 -1 0 0 -1 0 0 -1 0 0 -1 0 0 -1 0 0 -1 0 0 -1 0 0 -1 0 0 -1 0 0 -1 0 0 -1 0 0 -1 0 0 -1 0 0 -1 0 0 -1 0 0 -1 0 0 -1 0 0 -1 0 0 -1 0 0 -1 0 0 -1 0 0 -1 0 0 -1 0 0 -1 0 0 -1 0 0 -1 0 0 -1 0 0 -1 0 0 -1 0 0 -1 0 0 -1 0 0 -1 0 0 -1 0 0 -1 0 0 -1 0 0 -1 0 0 -1 0 0 -1 0 0 -1 0 0 -1 0 0 -1 0 0 -1 0 0 -1 0 0 -1 0 0 -1 0 0 -1 0 0 -1 0 0 -1 0 0 -1 0 0 -1 0 0 -1 0 0 -1 0 0 -1 0 0 -1 0 0 -1 0 0 -1 0 0 -1 0 0 -1 0 0 -1 0 0 -1 0 0 -1 0 0 -1 0 0 -1 0 0 -1 0 0 -1 0 0 -1 0 0 -1 0 0 -1 0 0 -1 0 0 -1 0 0 -1 0 0 -1 0 0 -1 0 0 -1 0 0 -1 0 0 -1 0 0 -1 0 0 -1 0 0 -1 0 0 -1 0 0 -1 0 0 -1 0 0 -1 0 0 -1 0 0 -1 0 0 -1 0 0 -1 0 0 -1 0 0 -1 0 0 -1 0 0 -1 0 0 -1 0 0 -1 0 0 -1 0 0 -1 0 0 -1 0 0 -1 0 0 -1 0 0 -1 0 0 -1 0 0 -1 0 0 -1 0 0 -1 0 0 -1 0 0 -1 0 0 -1 0 0 -1 0 0 -1 0 0 -1 0 0 -1 0 0 -1 0 0 -1 0 0 -1 0 0 -1 0 0 -1 0 0 -1 0 0 -1 0 0 -1 0 0 -1 0 0 -1 0 0 -1 0 0 -1 0 0 -1 0 0 -1 0 0 -1 0 0 -1 0 0 -1 0 0 -1 0 0 -1 0 0 -1 0 0 -1 0 0 -1 0 0 -1 0 0 -1 0 0 -1 0 0 -1 0 0 -1 0 0 -1 0 0 -1 0 0 -1 0 0 -1 0 0 -1 0 0 -1 0 0 -1 0 0 -1 0 0 -1 0 0 -1 0 0 -1 0 0 -1 0 0 -1 0 0 -1 0 0 -1 0 0 -1 0 0 -1 0 0 -1 0 0 -1 0 0 -1 0 0 -1 0 0 -1 0 0 -1 0 0 -1 0 0 -1 0 0 -1 0 0 -1 0 0 -1 0 0 -1 0 0 -1 0 0 -1 0 0 -1 0 0 -1 0 0 -1 0 0 -1 0 0 -1 0 0 -1 0 0 -1 0 0 -1 0 0 -1 0 0 -1 0 0 -1 0 0 -1 0 0 -1 0 0 -1 0 0 -1 0 0 -1 0 0 -1 0 0 -1 0 0 -1 0 0 -1 0 0 -1 0 0 -1 0 0 -1 0 0 -1 0 0 -1 0 0 -1 0 0 -1 0 0 -1 0 0 -1 0 0 -1 0 0 -1 0 0 -1 0 0 -1 0 0 -1 0 0 -1 0 0 -1 0 0 -1 0 0 -1 0 0 -1 0 0 -1 0 0 -1 0 0 -1 0 0 -1 0 0 -1 0 0 -1 0 0 -1 0 0 -1 0 0 -1 0 0 -1 0 0 -1 0 0 -1 0 0 -1 0 0 -1 0 0 -1 0 0 -1 0 0 -1 0 0 -1 0 0 -1 0 0 -1 0 0 -1 0 0 -1 0 0 -1 0 0 -1 0 0 -1 0 0 -1 0 0 -1 0 0 -1 0 0 -1 0 0 -1 0 0 -1 0 0 -1 0 0 -1 0 0 -1 0 0 -1 0 0 -1 0 0 -1 0 0 -1 0 0 -1 0 0 -1 0 0 -1 0 0 -1 0 0 -1 0 0 -1 0 0 -1 0 0 -1 0 0 -1 0 0 -1 0 0 -1 0 0 -1 0 0 -1 0 0 -1 0 0 -1 0 0 -1 0 0 -1 0 0 -1 0 0 -1 0 0 -1 0 0 -1 0 0 -1 0 0 -1 0 0 -1 0 0 -1 0 0 -1 0 0 -1 0 0 -1 0 0 -1 0 0 -1 0 0 -1 0 0 -1 0 0 -1 0 0 -1 0 0 -1 0 0 -1 0 0 -1 0 0 -1 0 0 -1 0 0 -1 0 0 -1 0 0 -1 0 0 -1 0 0 -1 0 0 -1 0 0 -1 0 0 -1 0 0 -1 0 0 -1 0 0 -1 0 0 -1 0 0 -1 0 0 -1 0 0 -1 0 0 -1 0 0 -1 0 0 -1 0 0 -1 0 0 -1 0 0 -1 0 0 -1 0 0 -1 0 0 -1 0 0 -1 0 0 -1 0 0 -1 0 0 -1 0 0 -1 0 0 -1 0 0 -1 0 0 -1 0 0 -1 0 0 -1 0 0 -1 0 0 -1 0 0 -1 0 0 -1 0 0 -1 0 0 -1 0 0 -1 0 0 -1 0 0 -1 0 0 -1 0 0 -1 0 0 -1 0 0 -1 0 0 -1 0 0 -1 0 0 -1 0 0 -1 0 0 -1 0 0 -1 0 0 -1 0 0 -1 0 0 -1 0 0 -1 0 0 -1 0 0 -1 0 0 -1 0 0 -1 0 0 -1 0 0 -1 0 0 -1 0 0 -1 0 0 -1 0 0 -1 0 0 -1 0 0 -1 0 0 -1 0 0 -1 0 0 -1 0 0 -1 0 0 -1 0 0 -1 0 0 -1 0 0 -1 0 0 -1 0 0 -1 0 0 -1 0 0 -1 0 0 -1 0 0 -1 0 0 -1 0 0 -1 0 0 -1 0 0 -1 0 0 -1 0 0 -1 0 0 -1 0 0 -1 0 0 -1 0 0 -1 0 0 -1 0 0 -1 0 0 -1 0 0 -1 0 0 -1 0 0 -1 0 0 -1 0 0 -1 0 0 -0.0001244179 0.9193334 0.3934794 0 0.9471504 0.3207898 -0.0001532327 0.7861792 0.6179986 -0.005362804 0.8034781 0.5953101 -0.002223591 0.8699726 0.493095 -0.0001795114 0.5994328 0.8004251 -0.0001966348 0.3718321 0.9283 -0.00465046 0.4000093 0.9164993 -0.002686333 0.5114597 0.859303 -0.005040362 0.6239203 0.7814717 -0.002389454 0.7159229 0.6981752 -0.0001969999 0.1189163 0.9929043 -0.003138799 0.01108996 0.9999336 -0.003949444 0.1473361 0.9890786 -0.002953117 0.2715971 0.9624065 -1 1.511209e-16 -5.602125e-16 -1 -2.027012e-16 1.407771e-15 -0.9660115 0.03674164 -0.2558748 -0.9660115 0.03674164 -0.2558748 -0.865836 0.07111381 -0.4952482 -0.865836 0.07111381 -0.4952482 -0.706914 0.1005316 -0.7001185 -0.706914 0.1005316 -0.7001185 -0.5000972 0.1230841 -0.8571774 -0.5000972 0.1230841 -0.8571774 -0.2589719 0.1372855 -0.9560786 -0.2589719 0.1372855 -0.9560786 0.0001191274 0.1421344 -0.9898474 0.0001191274 0.1421344 -0.9898474 0.2587498 0.137294 -0.9561375 0.2587498 0.137294 -0.9561375 0.4997949 0.1231089 -0.8573501 0.4997949 0.1231089 -0.8573501 0.7074259 0.1004588 -0.6996117 0.7074259 0.1004588 -0.6996117 0.866198 0.0710247 -0.4946276 0.866198 0.0710247 -0.4946276 0.9657773 0.03686579 -0.2567394 0.9657773 0.03686579 -0.2567394 1 9.357664e-17 -6.416684e-16 1 -1.336809e-16 1.417018e-15 0.9657773 -0.03686579 0.2567394 0.9657773 -0.03686579 0.2567394 0.866198 -0.0710247 0.4946276 0.866198 -0.0710247 0.4946276 0.7074771 -0.1004516 0.6995611 0.7074771 -0.1004516 0.6995611 0.4998576 -0.1231037 0.8573143 0.4998576 -0.1231037 0.8573143 0.2586624 -0.1372973 0.9561607 0.2586624 -0.1372973 0.9561607 0.0001189667 -0.1421344 0.9898474 0.0001189667 -0.1421344 0.9898474 -0.2588846 -0.1372888 0.9561017 -0.2588846 -0.1372888 0.9561017 -0.5001598 -0.1230789 0.8571416 -0.5001598 -0.1230789 0.8571416 -0.7069652 -0.1005243 0.7000679 -0.7069652 -0.1005243 0.7000679 -0.865836 -0.07111381 0.4952482 -0.865836 -0.07111381 0.4952482 -0.9660115 -0.03674164 0.2558748 -0.9660115 -0.03674164 0.2558748 -1 -1.809832e-17 1.291941e-16 -1 8.909941e-17 -6.147859e-16 -0.9660115 0.03674164 -0.2558748 -0.9660115 0.03674164 -0.2558748 -0.865836 0.07111381 -0.4952482 -0.865836 0.07111381 -0.4952482 -0.7069652 0.1005243 -0.7000679 -0.7069652 0.1005243 -0.7000679 -0.5001598 0.1230789 -0.8571416 -0.5001598 0.1230789 -0.8571416 -0.2588846 0.1372888 -0.9561017 -0.2588846 0.1372888 -0.9561017 0.0001189667 0.1421344 -0.9898474 0.0001189667 0.1421344 -0.9898474 0.2586624 0.1372973 -0.9561607 0.2586624 0.1372973 -0.9561607 0.4998576 0.1231037 -0.8573143 0.4998576 0.1231037 -0.8573143 0.7074771 0.1004516 -0.6995611 0.7074771 0.1004516 -0.6995611 0.866198 0.0710247 -0.4946276 0.866198 0.0710247 -0.4946276 0.9657773 0.03686579 -0.2567394 0.9657773 0.03686579 -0.2567394 1 -2.339416e-17 1.693292e-16 1 9.023462e-17 -6.416684e-16 0.9657773 -0.03686579 0.2567394 0.9657773 -0.03686579 0.2567394 0.866198 -0.0710247 0.4946276 0.866198 -0.0710247 0.4946276 0.7074259 -0.1004588 0.6996117 0.7074259 -0.1004588 0.6996117 0.4997949 -0.1231089 0.8573501 0.4997949 -0.1231089 0.8573501 0.2587498 -0.137294 0.9561375 0.2587498 -0.137294 0.9561375 0.0001191274 -0.1421344 0.9898474 0.0001191274 -0.1421344 0.9898474 -0.2589719 -0.1372855 0.9560786 -0.2589719 -0.1372855 0.9560786 -0.5000972 -0.1230841 0.8571774 -0.5000972 -0.1230841 0.8571774 -0.706914 -0.1005316 0.7001185 -0.706914 -0.1005316 0.7001185 -0.865836 -0.07111381 0.4952482 -0.865836 -0.07111381 0.4952482 -0.9660115 -0.03674164 0.2558748 -0.9660115 -0.03674164 0.2558748 2.715822e-16 -0.9898474 -0.1421344 -1.146958e-16 -0.9898474 -0.1421344 -1.593633e-17 -0.9898474 -0.1421344 -1.890025e-14 -0.9898474 -0.1421344 -5.198377e-16 -0.9898474 -0.1421344 5.476343e-16 -0.9898474 -0.1421344 -1.636186e-16 -0.9898474 -0.1421344 1.220177e-16 -0.9898474 -0.1421344 -3.338533e-16 -0.9898474 -0.1421344 6.705689e-15 -0.9898474 -0.1421344 2.342744e-16 -0.9898474 -0.1421344 1.548261e-16 -0.9898474 -0.1421344 4.727769e-17 -0.9898474 -0.1421344 1.702703e-14 -0.9898474 -0.1421344 -6.019821e-16 -0.9898474 -0.1421344 -5.254424e-17 -0.9898474 -0.1421344 -5.88575e-16 -0.9898474 -0.1421344 5.550106e-16 -0.9898474 -0.1421344 8.368561e-18 -0.9898474 -0.1421344 -3.188199e-17 -0.9898474 -0.1421344 2.250062e-15 -0.9898474 -0.1421344 2.054902e-16 -0.9898474 -0.1421344 -2.115381e-14 -0.9898474 -0.1421344 -5.49025e-15 -0.9898474 -0.1421344 2.084643e-15 -0.9898474 -0.1421344 1.254955e-14 -0.9898474 -0.1421344 -5.543361e-15 -0.9898474 -0.1421344 -1.421149e-15 -0.9898474 -0.1421344 -4.06074e-15 -0.9898474 -0.1421344 3.055971e-15 -0.9898474 -0.1421344 1.780784e-15 -0.9898474 -0.1421344 4.391864e-15 -0.9898474 -0.1421344 -5.243578e-16 -0.9898474 -0.1421344 -4.829117e-16 -0.9898474 -0.1421344 -7.985677e-16 -0.9898474 -0.1421344 -8.017004e-17 -0.9898474 -0.1421344 -1.176779e-16 -0.9898474 -0.1421344 -9.702459e-16 -0.9898474 -0.1421344 -1.692894e-16 -0.9898474 -0.1421344 2.57798e-16 -0.9898474 -0.1421344 5.262941e-15 -0.9898474 -0.1421344 2.870741e-15 -0.9898474 -0.1421344 4.12141e-16 -0.9898474 -0.1421344 3.15186e-15 -0.9898474 -0.1421344 -1.206145e-14 -0.9898474 -0.1421344 -2.550035e-15 -0.9898474 -0.1421344 -8.175491e-15 -0.9898474 -0.1421344 4.863691e-15 -0.9898474 -0.1421344 -4.917269e-15 -0.9898474 -0.1421344 8.429833e-15 -0.9898474 -0.1421344 -7.630253e-16 -0.9898474 -0.1421344 2.565563e-15 -0.9898474 -0.1421344 -1.594838e-15 -0.9898474 -0.1421344 -3.149887e-16 -0.9898474 -0.1421344 -1.14703e-14 -0.9898474 -0.1421344 5.599266e-17 -0.9898474 -0.1421344 1.15316e-14 -0.9898474 -0.1421344 -3.075067e-16 -0.9898474 -0.1421344 1.285835e-15 -0.9898474 -0.1421344 -2.279561e-15 -0.9898474 -0.1421344 2.429963e-14 -0.9898474 -0.1421344 1.883623e-14 -0.9898474 -0.1421344 1.141177e-15 -0.9898474 -0.1421344 -5.047381e-15 -0.9898474 -0.1421344 3.45671e-15 -0.9898474 -0.1421344 2.324253e-14 -0.9898474 -0.1421344 -2.030759e-14 -0.9898474 -0.1421344 -2.19453e-14 -0.9898474 -0.1421344 1.22845e-15 -0.9898474 -0.1421344 9.670547e-15 -0.9898474 -0.1421344 -4.332974e-15 -0.9898474 -0.1421344 -1.940618e-15 -0.9898474 -0.1421344 1.009045e-17 -0.9898474 -0.1421344 -3.100339e-16 -0.9898474 -0.1421344 -1.716957e-15 -0.9898474 -0.1421344 -1.040034e-15 -0.9898474 -0.1421344 -1.868503e-15 -0.9898474 -0.1421344 7.504161e-16 -0.9898474 -0.1421344 5.692315e-16 -0.9898474 -0.1421344 -7.0212e-16 -0.9898474 -0.1421344 1.832422e-15 -0.9898474 -0.1421344 3.467718e-17 -0.9898474 -0.1421344 -4.358072e-19 -0.9898474 -0.1421344 5.063839e-15 -0.9898474 -0.1421344 2.344271e-17 -0.9898474 -0.1421344 -5.029882e-15 -0.9898474 -0.1421344 -5.98857e-15 -0.9898474 -0.1421344 -1.048821e-14 -0.9898474 -0.1421344 -2.826073e-15 -0.9898474 -0.1421344 1.37702e-14 -0.9898474 -0.1421344 4.827399e-15 -0.9898474 -0.1421344 1.560387e-14 -0.9898474 -0.1421344 -3.522007e-15 -0.9898474 -0.1421344 1.542877e-15 -0.9898474 -0.1421344 -4.975777e-15 -0.9898474 -0.1421344 1.69785e-15 -0.9898474 -0.1421344 8.163552e-16 -0.9898474 -0.1421344 -3.248412e-15 -0.9898474 -0.1421344 -3.356311e-15 -0.9898474 -0.1421344 -1.436103e-14 -0.9898474 -0.1421344 2.94206e-15 -0.9898474 -0.1421344 5.457131e-15 -0.9898474 -0.1421344 6.70012e-16 -0.9898474 -0.1421344 4.917269e-15 -0.9898474 -0.1421344 -1.15316e-14 -0.9898474 -0.1421344 -5.505266e-17 -0.9898474 -0.1421344 1.147778e-14 -0.9898474 -0.1421344 -4.855747e-15 -0.9898474 -0.1421344 2.472521e-16 -0.9898474 -0.1421344 8.197593e-15 -0.9898474 -0.1421344 -2.564731e-15 -0.9898474 -0.1421344 -8.425935e-15 -0.9898474 -0.1421344 2.550939e-15 -0.9898474 -0.1421344 -1.570305e-15 -0.9898474 -0.1421344 -9.215964e-16 -0.9898474 -0.1421344 2.030759e-14 -0.9898474 -0.1421344 -2.230735e-14 -0.9898474 -0.1421344 -2.647715e-15 -0.9898474 -0.1421344 -3.056531e-15 -0.9898474 -0.1421344 -1.641843e-15 -0.9898474 -0.1421344 -1.18049e-14 -0.9898474 -0.1421344 -4.146837e-17 -0.9898474 -0.1421344 7.067703e-15 -0.9898474 -0.1421344 5.880002e-16 -0.9898474 -0.1421344 -2.98061e-16 -0.9898474 -0.1421344 2.226712e-15 -0.9898474 -0.1421344 2.636453e-14 -0.9898474 -0.1421344 2.19386e-14 -0.9898474 -0.1421344 5.260986e-15 -0.9898474 -0.1421344 4.135011e-15 -0.9898474 -0.1421344 3.293881e-15 -0.9898474 -0.1421344 -3.467718e-17 -0.9898474 -0.1421344 -1.834371e-15 -0.9898474 -0.1421344 4.439953e-16 -0.9898474 -0.1421344 -8.990993e-16 -0.9898474 -0.1421344 -7.531514e-16 -0.9898474 -0.1421344 -1.425365e-16 -0.9898474 -0.1421344 1.859289e-15 -0.9898474 -0.1421344 -2.74143e-18 -0.9898474 -0.1421344 5.029882e-15 -0.9898474 -0.1421344 -2.344271e-17 -0.9898474 -0.1421344 -5.063839e-15 -0.9898474 -0.1421344 6.993166e-16 -0.9898474 -0.1421344 -4.45864e-15 -0.9898474 -0.1421344 3.887469e-16 -0.9898474 -0.1421344 -3.345189e-15 -0.9898474 -0.1421344 7.813971e-16 -0.9898474 -0.1421344 6.935283e-16 -0.9898474 -0.1421344 -1.701732e-15 -0.9898474 -0.1421344 1.220761e-14 -0.9898474 -0.1421344 3.550546e-15 -0.9898474 -0.1421344 -5.051093e-16 -0.9898474 -0.1421344 -9.808557e-15 -0.9898474 -0.1421344 3.2184e-15 -0.9898474 -0.1421344 -2.029954e-15 -0.9898474 -0.1421344 -6.184616e-15 -0.9898474 -0.1421344 -1.23532e-14 -0.9898474 -0.1421344 -5.880745e-15 -0.9898474 -0.1421344 1.407624e-14 -0.9898474 -0.1421344 3.433637e-15 -0.9898474 -0.1421344 -4.913854e-15 -0.9898474 -0.1421344 -1.375797e-14 -0.9898474 -0.1421344 9.649714e-17 -0.9898474 -0.1421344 -3.995796e-18 -0.9898474 -0.1421344 2.392482e-15 -0.9898474 -0.1421344 1.020881e-14 -0.9898474 -0.1421344 6.466971e-15 -0.9898474 -0.1421344 5.522142e-16 -0.9898474 -0.1421344 -1.103492e-15 -0.9898474 -0.1421344 -2.300544e-16 -0.9898474 -0.1421344 1.293635e-19 -0.9898474 -0.1421344 1.810484e-16 -0.9898474 -0.1421344 -3.212582e-16 -0.9898474 -0.1421344 1.23093e-15 -0.9898474 -0.1421344 -2.806798e-16 -0.9898474 -0.1421344 -3.472418e-15 -0.9898474 -0.1421344 -6.090374e-15 -0.9898474 -0.1421344 -7.353467e-15 -0.9898474 -0.1421344 -2.015699e-15 -0.9898474 -0.1421344 -1.046155e-16 -0.9898474 -0.1421344 1.325505e-14 -0.9898474 -0.1421344 2.68347e-15 -0.9898474 -0.1421344 -7.596044e-16 -0.9898474 -0.1421344 -2.076955e-17 -0.9898474 -0.1421344 -6.543167e-16 -0.9898474 -0.1421344 -1.123439e-16 -0.9898474 -0.1421344 -1.578441e-15 -0.9898474 -0.1421344 -1.63918e-20 -0.9898474 -0.1421344 -1.644572e-16 -0.9898474 -0.1421344 -2.846135e-16 -0.9898474 -0.1421344 -2.179148e-16 -0.9898474 -0.1421344 1.997121e-16 -0.9898474 -0.1421344 7.232151e-17 -0.9898474 -0.1421344 1.069435e-15 -0.9898474 -0.1421344 1.365973e-14 -0.9898474 -0.1421344 -5.027073e-15 -0.9898474 -0.1421344 -8.421794e-17 -0.9898474 -0.1421344 1.516785e-16 -0.9898474 -0.1421344 5.077541e-17 -0.9898474 -0.1421344 8.165772e-16 -0.9898474 -0.1421344 1.041951e-14 -0.9898474 -0.1421344 -4.044112e-15 -0.9898474 -0.1421344 -5.72193e-15 -0.9898474 -0.1421344 2.979116e-15 -0.9898474 -0.1421344 -2.937769e-15 -0.9898474 -0.1421344 -2.464134e-15 -0.9898474 -0.1421344 2.222238e-15 -0.9898474 -0.1421344 3.182471e-16 -0.9898474 -0.1421344 1.329971e-14 -0.9898474 -0.1421344 -8.670309e-15 -0.9898474 -0.1421344 1.190714e-14 -0.9898474 -0.1421344 3.067669e-17 -0.9898474 -0.1421344 4.221177e-17 -0.9898474 -0.1421344 -1.45561e-15 -0.9898474 -0.1421344 3.15439e-15 -0.9898474 -0.1421344 -3.000039e-15 -0.9898474 -0.1421344 -8.748913e-16 -0.9898474 -0.1421344 -2.1927e-15 -0.9898474 -0.1421344 -6.426986e-15 -0.9898474 -0.1421344 -5.379722e-15 -0.9898474 -0.1421344 6.923562e-16 -0.9898474 -0.1421344 2.247019e-14 -0.9898474 -0.1421344 5.156247e-15 -0.9898474 -0.1421344 6.843453e-15 -0.9898474 -0.1421344 -3.17519e-15 -0.9898474 -0.1421344 1.711869e-14 -0.9898474 -0.1421344 1.855351e-14 -0.9898474 -0.1421344 1.044972e-15 -0.9898474 -0.1421344 -1.100855e-16 -0.9898474 -0.1421344 -6.331395e-16 -0.9898474 -0.1421344 2.902654e-15 -0.9898474 -0.1421344 5.617834e-16 -0.9898474 -0.1421344 -9.919053e-16 -0.9898474 -0.1421344 3.18114e-15 -0.9898474 -0.1421344 4.11498e-15 -0.9898474 -0.1421344 1.728155e-16 -0.9898474 -0.1421344 2.546428e-15 -0.9898474 -0.1421344 7.993593e-16 -0.9898474 -0.1421344 3.526126e-15 -0.9898474 -0.1421344 -1.257138e-15 -0.9898474 -0.1421344 5.703768e-16 -0.9898474 -0.1421344 -1.95293e-14 -0.9898474 -0.1421344 8.34934e-15 -0.9898474 -0.1421344 1.293254e-15 -0.9898474 -0.1421344 -6.234717e-15 -0.9898474 -0.1421344 1.00178e-14 -0.9898474 -0.1421344 1.884043e-16 -0.9898474 -0.1421344 -2.542519e-15 -0.9898474 -0.1421344 -4.816416e-16 -0.9898474 -0.1421344 9.95319e-16 -0.9898474 -0.1421344 -1.878875e-15 -0.9898474 -0.1421344 2.307062e-15 -0.9898474 -0.1421344 1.928172e-15 -0.9898474 -0.1421344 5.079113e-15 -0.9898474 -0.1421344 -6.811721e-15 -0.9898474 -0.1421344 3.663902e-15 -0.9898474 -0.1421344 1.569096e-15 -0.9898474 -0.1421344 6.581797e-16 -0.9898474 -0.1421344 -2.045281e-15 -0.9898474 -0.1421344 -5.972554e-15 -0.9898474 -0.1421344 7.847943e-15 -0.9898474 -0.1421344 6.697512e-15 -0.9898474 -0.1421344 5.591221e-15 -0.9898474 -0.1421344 1.585482e-16 -0.9898474 -0.1421344 6.311695e-16 -0.9898474 -0.1421344 -2.904924e-15 -0.9898474 -0.1421344 2.542054e-15 -0.9898474 -0.1421344 -1.899174e-16 -0.9898474 -0.1421344 -5.620833e-16 -0.9898474 -0.1421344 7.431634e-15 -0.9898474 -0.1421344 -5.449916e-15 -0.9898474 -0.1421344 -1.326955e-15 -0.9898474 -0.1421344 -7.705951e-16 -0.9898474 -0.1421344 9.274744e-15 -0.9898474 -0.1421344 -1.084792e-14 -0.9898474 -0.1421344 3.921589e-15 -0.9898474 -0.1421344 -2.208654e-15 -0.9898474 -0.1421344 -6.110516e-16 -0.9898474 -0.1421344 2.151519e-15 -0.9898474 -0.1421344 -3.7529e-15 -0.9898474 -0.1421344 9.91667e-16 -0.9898474 -0.1421344 -1.393517e-15 -0.9898474 -0.1421344 -1.433219e-16 -0.9898474 -0.1421344 -6.124012e-16 -0.9898474 -0.1421344 -1.000578e-15 -0.9898474 -0.1421344 -9.212294e-15 -0.9898474 -0.1421344 1.643443e-14 -0.9898474 -0.1421344 -5.51072e-15 -0.9898474 -0.1421344 4.204481e-15 -0.9898474 -0.1421344 -2.310335e-16 -0.9898474 -0.1421344 4.375734e-15 -0.9898474 -0.1421344 -1.436051e-14 -0.9898474 -0.1421344 -8.721906e-16 -0.9898474 -0.1421344 1.134875e-14 -0.9898474 -0.1421344 -6.074317e-15 -0.9898474 -0.1421344 3.676172e-15 -0.9898474 -0.1421344 1.331865e-14 -0.9898474 -0.1421344 5.20988e-15 -0.9898474 -0.1421344 5.541991e-14 -0.9898474 -0.1421344 6.65207e-16 -0.9898474 -0.1421344 -5.780834e-15 -0.9898474 -0.1421344 -3.246804e-15 -0.9898474 -0.1421344 -4.785069e-15 -0.9898474 -0.1421344 -3.783477e-15 -0.9898474 -0.1421344 3.592197e-15 -0.9898474 -0.1421344 -4.884202e-15 -0.9898474 -0.1421344 -1.343816e-15 -0.9898474 -0.1421344 4.662623e-15 -0.9898474 -0.1421344 -1.171056e-15 -0.9898474 -0.1421344 -7.47021e-17 -0.9898474 -0.1421344 -2.976961e-15 -0.9898474 -0.1421344 3.145521e-16 -0.9898474 -0.1421344 -6.263153e-17 -0.9898474 -0.1421344 1.64129e-15 -0.9898474 -0.1421344 -7.757964e-15 -0.9898474 -0.1421344 2.473053e-15 -0.9898474 -0.1421344 2.9392e-15 -0.9898474 -0.1421344 -5.148567e-15 -0.9898474 -0.1421344 -2.247019e-14 -0.9898474 -0.1421344 5.499737e-15 -0.9898474 -0.1421344 2.102391e-15 -0.9898474 -0.1421344 -9.002046e-15 -0.9898474 -0.1421344 9.065442e-15 -0.9898474 -0.1421344 -2.856434e-15 -0.9898474 -0.1421344 -1.975263e-15 -0.9898474 -0.1421344 1.329145e-15 -0.9898474 -0.1421344 -5.353253e-15 -0.9898474 -0.1421344 -1.354816e-14 -0.9898474 -0.1421344 -6.550319e-15 -0.9898474 -0.1421344 -3.629697e-15 -0.9898474 -0.1421344 -1.310304e-15 -0.9898474 -0.1421344 -3.355368e-16 -0.9898474 -0.1421344 5.777719e-15 -0.9898474 -0.1421344 9.166772e-16 -0.9898474 -0.1421344 1.964575e-15 -0.9898474 -0.1421344 -4.364426e-17 -0.9898474 -0.1421344 3.779935e-15 -0.9898474 -0.1421344 7.763814e-17 -0.9898474 -0.1421344 3.51305e-15 -0.9898474 -0.1421344 -2.053893e-15 -0.9898474 -0.1421344 -2.94931e-15 -0.9898474 -0.1421344 5.203997e-15 -0.9898474 -0.1421344 1.174487e-15 -0.9898474 -0.1421344 -1.042554e-15 -0.9898474 -0.1421344 -9.579329e-15 -0.9898474 -0.1421344 5.988692e-15 -0.9898474 -0.1421344 -3.328716e-14 -0.9898474 -0.1421344 -5.347178e-15 -0.9898474 -0.1421344 -8.71782e-16 -0.9898474 -0.1421344 5.554932e-15 -0.9898474 -0.1421344 -7.795471e-15 -0.9898474 -0.1421344 1.435569e-14 -0.9898474 -0.1421344 -4.392438e-15 -0.9898474 -0.1421344 -4.212607e-15 -0.9898474 -0.1421344 -5.470627e-15 -0.9898474 -0.1421344 2.078086e-15 -0.9898474 -0.1421344 1.633386e-14 -0.9898474 -0.1421344 1.708684e-14 -0.9898474 -0.1421344 1.756521e-14 -0.9898474 -0.1421344 -5.345101e-15 -0.9898474 -0.1421344 -1.677079e-14 -0.9898474 -0.1421344 2.346644e-15 -0.9898474 -0.1421344 -1.44521e-16 -0.9898474 -0.1421344 -1.433671e-15 -0.9898474 -0.1421344 -3.103334e-15 -0.9898474 -0.1421344 -5.780041e-15 -0.9898474 -0.1421344 5.113261e-15 -0.9898474 -0.1421344 -2.578856e-15 -0.9898474 -0.1421344 -4.552525e-15 -0.9898474 -0.1421344 -6.117981e-16 -0.9898474 -0.1421344 9.576414e-16 -0.9898474 -0.1421344 1.000726e-15 -0.9898474 -0.1421344 1.525311e-14 -0.9898474 -0.1421344 -1.03329e-14 -0.9898474 -0.1421344 8.961728e-16 -0.9898474 -0.1421344 1.115622e-15 -0.9898474 -0.1421344 -6.318499e-17 -0.9898474 -0.1421344 8.59863e-16 -0.9898474 -0.1421344 3.990721e-15 -0.9898474 -0.1421344 -1.69108e-16 -0.9898474 -0.1421344 3.643242e-15 -0.9898474 -0.1421344 3.953724e-15 -0.9898474 -0.1421344 8.600195e-17 -0.9898474 -0.1421344 1.034598e-16 -0.9898474 -0.1421344 3.788154e-15 -0.9898474 -0.1421344 4.219725e-15 -0.9898474 -0.1421344 4.353011e-15 -0.9898474 -0.1421344 -3.304261e-15 -0.9898474 -0.1421344 4.282312e-15 -0.9898474 -0.1421344 -9.317127e-16 -0.9898474 -0.1421344 -1.452722e-15 -0.9898474 -0.1421344 8.072902e-16 -0.9898474 -0.1421344 -3.738969e-15 -0.9898474 -0.1421344 -9.309689e-16 -0.9898474 -0.1421344 1.906882e-15 -0.9898474 -0.1421344 3.686403e-15 -0.9898474 -0.1421344 -3.75768e-16 -0.9898474 -0.1421344 -1.02946e-16 -0.9898474 -0.1421344 9.503066e-16 -0.9898474 -0.1421344 1.904325e-16 -0.9898474 -0.1421344 -9.074793e-17 -0.9898474 -0.1421344 1.745467e-15 -0.9898474 -0.1421344 -5.598549e-15 -0.9898474 -0.1421344 8.215918e-15 -0.9898474 -0.1421344 -4.490605e-15 -0.9898474 -0.1421344 -8.867725e-16 -0.9898474 -0.1421344 -3.825734e-15 -0.9898474 -0.1421344 4.592507e-15 -0.9898474 -0.1421344 -2.620431e-15 -0.9898474 -0.1421344 -1.689382e-14 -0.9898474 -0.1421344 1.523338e-15 -0.9898474 -0.1421344 3.693509e-16 -0.9898474 -0.1421344 1.176653e-16 -0.9898474 -0.1421344 -6.842531e-16 -0.9898474 -0.1421344 -1.932319e-15 -0.9898474 -0.1421344 3.723004e-15 -0.9898474 -0.1421344 -1.067424e-16 -0.9898474 -0.1421344 -8.072902e-16 -0.9898474 -0.1421344 1.452722e-15 -0.9898474 -0.1421344 2.613448e-15 -0.9898474 -0.1421344 3.28781e-15 -0.9898474 -0.1421344 5.078258e-15 -0.9898474 -0.1421344 9.160626e-16 -0.9898474 -0.1421344 -3.790472e-15 -0.9898474 -0.1421344 3.682093e-15 -0.9898474 -0.1421344 5.657176e-15 -0.9898474 -0.1421344 7.547851e-16 -0.9898474 -0.1421344 3.053019e-15 -0.9898474 -0.1421344 3.271361e-17 -0.9898474 -0.1421344 2.265148e-16 -0.9898474 -0.1421344 -2.67417e-15 -0.9898474 -0.1421344 4.357639e-15 -0.9898474 -0.1421344 -2.794125e-16 -0.9898474 -0.1421344 -2.76302e-15 -0.9898474 -0.1421344 2.991356e-15 -0.9898474 -0.1421344 -6.022394e-15 -0.9898474 -0.1421344 1.171326e-14 -0.9898474 -0.1421344 2.235832e-16 -0.9898474 -0.1421344 -2.610804e-14 -0.9898474 -0.1421344 1.783147e-14 -0.9898474 -0.1421344 6.100267e-15 -0.9898474 -0.1421344 1.563174e-15 -0.9898474 -0.1421344 1.413411e-14 -0.9898474 -0.1421344 9.955955e-15 -0.9898474 -0.1421344 8.795635e-15 -0.9898474 -0.1421344 1.618366e-15 -0.9898474 -0.1421344 8.237561e-15 -0.9898474 -0.1421344 -1.018773e-15 -0.9898474 -0.1421344 -2.59815e-15 -0.9898474 -0.1421344 -5.424164e-15 -0.9898474 -0.1421344 4.249393e-15 -0.9898474 -0.1421344 -8.950185e-15 -0.9898474 -0.1421344 -3.982579e-15 -0.9898474 -0.1421344 -1.191111e-15 -0.9898474 -0.1421344 -1.066666e-14 -0.9898474 -0.1421344 3.773109e-14 -0.9898474 -0.1421344 -4.161899e-14 -0.9898474 -0.1421344 -3.394113e-15 -0.9898474 -0.1421344 3.240016e-15 -0.9898474 -0.1421344 7.148597e-15 -0.9898474 -0.1421344 -1.136074e-15 -0.9898474 -0.1421344 -1.695064e-15 -0.9898474 -0.1421344 -2.606367e-16 -0.9898474 -0.1421344 -9.861002e-16 -0.9898474 -0.1421344 -1.324212e-16 -0.9898474 -0.1421344 -4.781313e-16 -0.9898474 -0.1421344 -7.489183e-15 -0.9898474 -0.1421344 1.828242e-17 -0.9898474 -0.1421344 -5.483745e-15 -0.9898474 -0.1421344 -6.581646e-15 -0.9898474 -0.1421344 1.887243e-14 -0.9898474 -0.1421344 1.313089e-15 -0.9898474 -0.1421344 5.190947e-16 -0.9898474 -0.1421344 -1.864554e-14 -0.9898474 -0.1421344 5.4415e-15 -0.9898474 -0.1421344 5.69544e-15 -0.9898474 -0.1421344 -1.987405e-15 -0.9898474 -0.1421344 2.601623e-15 -0.9898474 -0.1421344 1.548006e-15 -0.9898474 -0.1421344 -7.960255e-16 -0.9898474 -0.1421344 1.638669e-16 -0.9898474 -0.1421344 6.142676e-16 -0.9898474 -0.1421344 1.868347e-15 -0.9898474 -0.1421344 1.206948e-15 -0.9898474 -0.1421344 -5.313524e-15 -0.9898474 -0.1421344 -8.749058e-15 -0.9898474 -0.1421344 8.753103e-15 -0.9898474 -0.1421344 2.493504e-15 -0.9898474 -0.1421344 -9.591333e-16 -0.9898474 -0.1421344 -1.118331e-16 -0.9898474 -0.1421344 7.591784e-16 -0.9898474 -0.1421344 -6.567837e-16 -0.9898474 -0.1421344 -3.296567e-15 -0.9898474 -0.1421344 -8.765127e-15 -0.9898474 -0.1421344 -1.279332e-16 -0.9898474 -0.1421344 1.867291e-14 -0.9898474 -0.1421344 -5.697527e-15 -0.9898474 -0.1421344 5.486763e-15 -0.9898474 -0.1421344 6.581646e-15 -0.9898474 -0.1421344 -5.44795e-15 -0.9898474 -0.1421344 7.486146e-15 -0.9898474 -0.1421344 3.665997e-15 -0.9898474 -0.1421344 1.920496e-15 -0.9898474 -0.1421344 -5.004662e-15 -0.9898474 -0.1421344 -1.415222e-17 -0.9898474 -0.1421344 -2.581906e-15 -0.9898474 -0.1421344 -2.29312e-15 -0.9898474 -0.1421344 2.955902e-15 -0.9898474 -0.1421344 -4.526046e-15 -0.9898474 -0.1421344 -2.353369e-15 -0.9898474 -0.1421344 2.01066e-15 -0.9898474 -0.1421344 8.814616e-16 -0.9898474 -0.1421344 1.964186e-15 -0.9898474 -0.1421344 6.673322e-16 -0.9898474 -0.1421344 -6.36193e-16 -0.9898474 -0.1421344 2.390817e-15 -0.9898474 -0.1421344 7.480306e-15 -0.9898474 -0.1421344 2.028574e-15 -0.9898474 -0.1421344 -2.361672e-15 -0.9898474 -0.1421344 -4.369846e-16 -0.9898474 -0.1421344 3.501192e-16 -0.9898474 -0.1421344 -6.851655e-15 -0.9898474 -0.1421344 -2.679526e-15 -0.9898474 -0.1421344 -3.840448e-16 -0.9898474 -0.1421344 2.269493e-15 -0.9898474 -0.1421344 7.196072e-15 -0.9898474 -0.1421344 3.815774e-16 -0.9898474 -0.1421344 2.840667e-14 -0.9898474 -0.1421344 -1.129249e-16 -0.9898474 -0.1421344 4.158161e-14 -0.9898474 -0.1421344 -3.783203e-14 -0.9898474 -0.1421344 -2.182426e-16 -0.9898474 -0.1421344 4.501217e-15 -0.9898474 -0.1421344 -4.004194e-15 -0.9898474 -0.1421344 5.899758e-15 -0.9898474 -0.1421344 -1.247993e-14 -0.9898474 -0.1421344 -6.67569e-15 -0.9898474 -0.1421344 8.913726e-15 -0.9898474 -0.1421344 -5.654407e-15 -0.9898474 -0.1421344 3.176458e-14 -0.9898474 -0.1421344 -8.8198e-16 -0.9898474 -0.1421344 5.866448e-15 -0.9898474 -0.1421344 2.62394e-14 -0.9898474 -0.1421344 -1.143848e-14 -0.9898474 -0.1421344 -1.963505e-15 -0.9898474 -0.1421344 2.421983e-15 -0.9898474 -0.1421344 3.188864e-15 -0.9898474 -0.1421344 -4.995418e-15 -0.9898474 -0.1421344 1.036213e-14 -0.9898474 -0.1421344 3.78075e-15 -0.9898474 -0.1421344 -5.881079e-15 -0.9898474 -0.1421344 -1.483863e-14 -0.9898474 -0.1421344 6.221487e-14 -0.9898474 -0.1421344 8.64802e-15 -0.9898474 -0.1421344 1.344546e-15 -0.9898474 -0.1421344 -1.050397e-14 -0.9898474 -0.1421344 -7.850281e-15 -0.9898474 -0.1421344 8.041672e-15 -0.9898474 -0.1421344 -3.779283e-15 -0.9898474 -0.1421344 5.008061e-17 -0.9898474 -0.1421344 2.90538e-15 -0.9898474 -0.1421344 -1.113778e-14 -0.9898474 -0.1421344 1.113778e-14 -0.9898474 -0.1421344 -2.90538e-15 -0.9898474 -0.1421344 -5.008061e-17 -0.9898474 -0.1421344 3.779283e-15 -0.9898474 -0.1421344 1.651315e-14 -0.9898474 -0.1421344 -7.556405e-29 -0.9898474 -0.1421344 -1.651315e-14 -0.9898474 -0.1421344 -2.451849e-16 -0.9898474 -0.1421344 8.893134e-15 -0.9898474 -0.1421344 -1.648008e-15 -0.9898474 -0.1421344 -8.041672e-15 -0.9898474 -0.1421344 7.850281e-15 -0.9898474 -0.1421344 1.612302e-15 -0.9898474 -0.1421344 -6.468213e-16 -0.9898474 -0.1421344 9.149399e-15 -0.9898474 -0.1421344 -1.350607e-14 -0.9898474 -0.1421344 6.953747e-30 -0.9898474 -0.1421344 1.350607e-14 -0.9898474 -0.1421344 1.003695e-15 -0.9898474 -0.1421344 1.835635e-15 -0.9898474 -0.1421344 -2.57865e-15 -0.9898474 -0.1421344 -1.130936e-18 -0.9898474 -0.1421344 -3.528332e-15 -0.9898474 -0.1421344 1.158754e-14 -0.9898474 -0.1421344 -2.153674e-14 -0.9898474 -0.1421344 2.891159e-15 -0.9898474 -0.1421344 8.515791e-16 -0.9898474 -0.1421344 2.888854e-14 -0.9898474 -0.1421344 -2.521965e-14 -0.9898474 -0.1421344 4.144242e-17 -0.9898474 -0.1421344 -7.72278e-14 -0.9898474 -0.1421344 4.173586e-14 -0.9898474 -0.1421344 3.452921e-14 -0.9898474 -0.1421344 -1.040788e-14 -0.9898474 -0.1421344 -1.852862e-15 -0.9898474 -0.1421344 3.070234e-14 -0.9898474 -0.1421344 -4.205418e-15 -0.9898474 -0.1421344 2.265757e-14 -0.9898474 -0.1421344 -2.451247e-14 -0.9898474 -0.1421344 -7.746002e-14 -0.9898474 -0.1421344 2.282766e-14 -0.9898474 -0.1421344 6.361833e-14 -0.9898474 -0.1421344 3.775079e-15 -0.9898474 -0.1421344 -2.39539e-14 -0.9898474 -0.1421344 -3.389208e-15 -0.9898474 -0.1421344 2.521965e-14 -0.9898474 -0.1421344 -2.883838e-14 -0.9898474 -0.1421344 7.72278e-14 -0.9898474 -0.1421344 -6.361833e-14 -0.9898474 -0.1421344 -2.282766e-14 -0.9898474 -0.1421344 7.746002e-14 -0.9898474 -0.1421344 -1.155158e-14 -0.9898474 -0.1421344 -3.106213e-14 -0.9898474 -0.1421344 -7.50212e-16 -0.9898474 -0.1421344 3.459757e-15 -0.9898474 -0.1421344 -2.208025e-15 -0.9898474 -0.1421344 1.715848e-15 -0.9898474 -0.1421344 1.019941e-14 -0.9898474 -0.1421344 -3.511833e-14 -0.9898474 -0.1421344 2.459399e-14 -0.9898474 -0.1421344 1.268607e-15 -0.9898474 -0.1421344 -2.891463e-15 -0.9898474 -0.1421344 2.153618e-14 -0.9898474 -0.1421344 -2.237271e-14 -0.9898474 -0.1421344 -1.18602e-15 -0.9898474 -0.1421344 4.266429e-15 -0.9898474 -0.1421344 3.608445e-15 -0.9898474 -0.1421344 2.42753e-14 -0.9898474 -0.1421344 -4.16578e-14 -0.9898474 -0.1421344 2.014514e-16 -0.9898474 -0.1421344 -2.44965e-15 -0.9898474 -0.1421344 2.141929e-15 -0.9898474 -0.1421344 8.113583e-15 -0.9898474 -0.1421344 -8.380256e-15 -0.9898474 -0.1421344 -9.612554e-16 -0.9898474 -0.1421344 -8.822277e-16 -0.9898474 -0.1421344 7.656695e-15 -0.9898474 -0.1421344 -1.665215e-16 -0.9898474 -0.1421344 4.646283e-16 -0.9898474 -0.1421344 5.523823e-16 -0.9898474 -0.1421344 -1.197975e-14 -0.9898474 -0.1421344 1.755368e-14 -0.9898474 -0.1421344 -2.252686e-14 -0.9898474 -0.1421344 -7.916248e-14 -0.9898474 -0.1421344 1.101667e-14 -0.9898474 -0.1421344 7.875933e-16 -0.9898474 -0.1421344 -2.705604e-14 -0.9898474 -0.1421344 1.122893e-14 -0.9898474 -0.1421344 -3.969773e-16 -0.9898474 -0.1421344 3.433175e-15 -0.9898474 -0.1421344 2.863868e-15 -0.9898474 -0.1421344 7.851199e-17 -0.9898474 -0.1421344 -7.796879e-16 -0.9898474 -0.1421344 -7.807061e-17 -0.9898474 -0.1421344 9.511121e-15 -0.9898474 -0.1421344 2.463059e-15 -0.9898474 -0.1421344 2.252686e-14 -0.9898474 -0.1421344 -1.755707e-14 -0.9898474 -0.1421344 6.82335e-16 -0.9898474 -0.1421344 -4.256273e-16 -0.9898474 -0.1421344 8.696195e-15 -0.9898474 -0.1421344 -1.122893e-14 -0.9898474 -0.1421344 2.705604e-14 -0.9898474 -0.1421344 -1.101667e-14 -0.9898474 -0.1421344 7.916248e-14 -0.9898474 -0.1421344 -7.499023e-15 -0.9898474 -0.1421344 8.376014e-15 -0.9898474 -0.1421344 -2.047356e-16 -0.9898474 -0.1421344 7.529923e-17 -0.9898474 -0.1421344 7.804616e-16 -0.9898474 -0.1421344 1.212068e-14 -0.9898474 -0.1421344 -3.399269e-16 -0.9898474 -0.1421344 8.825758e-16 -0.9898474 -0.1421344 9.612511e-16 -0.9898474 -0.1421344 -7.850873e-17 -0.9898474 -0.1421344 -2.863676e-15 -0.9898474 -0.1421344 -3.433691e-15 -0.9898474 -0.1421344 3.944972e-16 -0.9898474 -0.1421344 -3.172235e-15 -0.9898474 -0.1421344 4.396957e-18 -0.9898474 -0.1421344 -2.937237e-16 -0.9898474 -0.1421344 -6.388113e-16 -0.9898474 -0.1421344 -2.804328e-15 -0.9898474 -0.1421344 -1.080683e-15 -0.9898474 -0.1421344 1.375423e-15 -0.9898474 -0.1421344 2.124638e-15 -0.9898474 -0.1421344 1.454204e-15 -0.9898474 -0.1421344 -8.813849e-16 -0.9898474 -0.1421344 4.400708e-15 -0.9898474 -0.1421344 3.018722e-16 -0.9898474 -0.1421344 -1.24588e-30 -0.9898474 -0.1421344 -3.018722e-16 -0.9898474 -0.1421344 -2.124638e-15 -0.9898474 -0.1421344 -1.375423e-15 -0.9898474 -0.1421344 1.080683e-15 -0.9898474 -0.1421344 2.804328e-15 -0.9898474 -0.1421344 5.441768e-15 -0.9898474 -0.1421344 8.566518e-15 -0.9898474 -0.1421344 -1.414278e-15 -0.9898474 -0.1421344 6.388113e-16 -0.9898474 -0.1421344 2.937237e-16 -0.9898474 -0.1421344 2.090135e-15 -0.9898474 -0.1421344 -5.678893e-30 -0.9898474 -0.1421344 -2.090135e-15 -0.9898474 -0.1421344 1 -1.282972e-16 1.020808e-15 1 4.455247e-18 -5.346296e-17 0.9659428 0.0367781 -0.2561287 0.9659428 0.0367781 -0.2561287 0.8660166 0.07106938 -0.4949387 0.8660166 0.07106938 -0.4949387 0.7070872 0.100507 -0.6999471 0.7070872 0.100507 -0.6999471 0.4998599 0.1231035 -0.857313 0.4998599 0.1231035 -0.857313 0.2588462 0.1372903 -0.9561119 0.2588462 0.1372903 -0.9561119 -8.456603e-15 0.1421344 -0.9898474 -8.545714e-15 0.1421344 -0.9898474 -0.2588462 0.1372903 -0.9561119 -0.2588462 0.1372903 -0.9561119 -0.4998599 0.1231035 -0.857313 -0.4998599 0.1231035 -0.857313 -0.7070872 0.100507 -0.6999471 -0.7070872 0.100507 -0.6999471 -0.8660166 0.07106938 -0.4949387 -0.8660166 0.07106938 -0.4949387 -0.9659428 0.0367781 -0.2561287 -0.9659428 0.0367781 -0.2561287 -1 -1.503646e-16 1.042528e-15 -1 3.230054e-17 -8.019444e-17 -0.9659428 -0.0367781 0.2561287 -0.9659428 -0.0367781 0.2561287 -0.8660166 -0.07106938 0.4949387 -0.8660166 -0.07106938 0.4949387 -0.7070872 -0.100507 0.6999471 -0.7070872 -0.100507 0.6999471 -0.4998599 -0.1231035 0.857313 -0.4998599 -0.1231035 0.857313 -0.2588462 -0.1372903 0.9561119 -0.2588462 -0.1372903 0.9561119 -8.109072e-15 -0.1421344 0.9898474 -8.207093e-15 -0.1421344 0.9898474 0.2588462 -0.1372903 0.9561119 0.2588462 -0.1372903 0.9561119 0.4998599 -0.1231035 0.857313 0.4998599 -0.1231035 0.857313 0.7070872 -0.100507 0.6999471 0.7070872 -0.100507 0.6999471 0.8660166 -0.07106938 0.4949387 0.8660166 -0.07106938 0.4949387 0.9659428 -0.0367781 0.2561287 0.9659428 -0.0367781 0.2561287 1 -9.467399e-18 5.346296e-17 1 -7.462538e-17 5.078981e-16 0.9659428 0.0367781 -0.2561287 0.9659428 0.0367781 -0.2561287 0.8660166 0.07106938 -0.4949387 0.8660166 0.07106938 -0.4949387 0.7070872 0.100507 -0.6999471 0.7070872 0.100507 -0.6999471 0.4998599 0.1231035 -0.857313 0.4998599 0.1231035 -0.857313 0.2588462 0.1372903 -0.9561119 0.2588462 0.1372903 -0.9561119 -7.823917e-15 0.1421344 -0.9898474 -8.117983e-15 0.1421344 -0.9898474 -0.2588462 0.1372903 -0.9561119 -0.2588462 0.1372903 -0.9561119 -0.4998599 0.1231035 -0.857313 -0.4998599 0.1231035 -0.857313 -0.7070872 0.100507 -0.6999471 -0.7070872 0.100507 -0.6999471 -0.8660166 0.07106938 -0.4949387 -0.8660166 0.07106938 -0.4949387 -0.9659428 0.0367781 -0.2561287 -0.9659428 0.0367781 -0.2561287 -1 -6.68287e-18 6.237345e-17 -1 -7.017014e-17 4.989876e-16 -0.9659428 -0.0367781 0.2561287 -0.9659428 -0.0367781 0.2561287 -0.8660166 -0.07106938 0.4949387 -0.8660166 -0.07106938 0.4949387 -0.7070872 -0.100507 0.6999471 -0.7070872 -0.100507 0.6999471 -0.4998599 -0.1231035 0.857313 -0.4998599 -0.1231035 0.857313 -0.2588462 -0.1372903 0.9561119 -0.2588462 -0.1372903 0.9561119 -8.412048e-15 -0.1421344 0.9898474 -8.412048e-15 -0.1421344 0.9898474 0.2588462 -0.1372903 0.9561119 0.2588462 -0.1372903 0.9561119 0.4998599 -0.1231035 0.857313 0.4998599 -0.1231035 0.857313 0.7070872 -0.100507 0.6999471 0.7070872 -0.100507 0.6999471 0.8660166 -0.07106938 0.4949387 0.8660166 -0.07106938 0.4949387 0.9659428 -0.0367781 0.2561287 0.9659428 -0.0367781 0.2561287 -1 3.04001e-16 -2.131836e-15 -1 3.642164e-16 -2.548401e-15 -0.9659428 0.0367781 -0.2561287 -0.9659428 0.0367781 -0.2561287 -0.8660166 0.07106938 -0.4949387 -0.8660166 0.07106938 -0.4949387 -0.7070872 0.100507 -0.6999471 -0.7070872 0.100507 -0.6999471 -0.4998599 0.1231035 -0.857313 -0.4998599 0.1231035 -0.857313 -0.2588462 0.1372903 -0.9561119 -0.2588462 0.1372903 -0.9561119 0 0.1421344 -0.9898474 8.911068e-18 0.1421344 -0.9898474 0.2588462 0.1372903 -0.9561119 0.2588462 0.1372903 -0.9561119 0.5004723 0.1230532 -0.8569629 0.5004723 0.1230532 -0.8569629 0.7069366 0.1005284 -0.7000962 0.7069366 0.1005284 -0.7000962 0.8660931 0.07105055 -0.4948076 0.8660931 0.07105055 -0.4948076 0.9659228 0.03678873 -0.2562027 0.9659228 0.03678873 -0.2562027 1 3.097339e-16 -2.165909e-15 1 3.76583e-16 -2.629396e-15 0.9659228 -0.03678873 0.2562027 0.9659228 -0.03678873 0.2562027 0.8660931 -0.07105055 0.4948076 0.8660931 -0.07105055 0.4948076 0.7069366 -0.1005284 0.7000962 0.7069366 -0.1005284 0.7000962 0.5004723 -0.1230532 0.8569629 0.5004723 -0.1230532 0.8569629 0.2588462 -0.1372903 0.9561119 0.2588462 -0.1372903 0.9561119 4.901087e-16 -0.1421344 0.9898474 3.564427e-17 -0.1421344 0.9898474 -0.2588462 -0.1372903 0.9561119 -0.2588462 -0.1372903 0.9561119 -0.4998599 -0.1231035 0.857313 -0.4998599 -0.1231035 0.857313 -0.7070872 -0.100507 0.6999471 -0.7070872 -0.100507 0.6999471 -0.8660166 -0.07106938 0.4949387 -0.8660166 -0.07106938 0.4949387 -0.9659428 -0.0367781 0.2561287 -0.9659428 -0.0367781 0.2561287 -1 -7.065743e-17 5.006583e-16 -1 -6.68287e-18 6.237345e-17 -0.9659428 0.0367781 -0.2561287 -0.9659428 0.0367781 -0.2561287 -0.8660166 0.07106938 -0.4949387 -0.8660166 0.07106938 -0.4949387 -0.7070872 0.100507 -0.6999471 -0.7070872 0.100507 -0.6999471 -0.4998599 0.1231035 -0.857313 -0.4998599 0.1231035 -0.857313 -0.2588462 0.1372903 -0.9561119 -0.2588462 0.1372903 -0.9561119 -8.117983e-15 0.1421344 -0.9898474 -7.823917e-15 0.1421344 -0.9898474 0.2588462 0.1372903 -0.9561119 0.2588462 0.1372903 -0.9561119 0.4998599 0.1231035 -0.857313 0.4998599 0.1231035 -0.857313 0.7070872 0.100507 -0.6999471 0.7070872 0.100507 -0.6999471 0.8660166 0.07106938 -0.4949387 0.8660166 0.07106938 -0.4949387 0.9659428 0.0367781 -0.2561287 0.9659428 0.0367781 -0.2561287 1 -7.462538e-17 5.078981e-16 1 -1.002431e-17 5.346296e-17 0.9659428 -0.0367781 0.2561287 0.9659428 -0.0367781 0.2561287 0.8660166 -0.07106938 0.4949387 0.8660166 -0.07106938 0.4949387 0.7070872 -0.100507 0.6999471 0.7070872 -0.100507 0.6999471 0.4998599 -0.1231035 0.857313 0.4998599 -0.1231035 0.857313 0.2588462 -0.1372903 0.9561119 0.2588462 -0.1372903 0.9561119 -8.412048e-15 -0.1421344 0.9898474 -8.412048e-15 -0.1421344 0.9898474 -0.2588462 -0.1372903 0.9561119 -0.2588462 -0.1372903 0.9561119 -0.4998599 -0.1231035 0.857313 -0.4998599 -0.1231035 0.857313 -0.7070872 -0.100507 0.6999471 -0.7070872 -0.100507 0.6999471 -0.8660166 -0.07106938 0.4949387 -0.8660166 -0.07106938 0.4949387 -0.9659428 -0.0367781 0.2561287 -0.9659428 -0.0367781 0.2561287 -1 -2.109652e-17 1.43707e-16 -1 8.912061e-17 -6.149322e-16 -0.9657773 0.03686579 -0.2567394 -0.9657773 0.03686579 -0.2567394 -0.866198 0.0710247 -0.4946276 -0.866198 0.0710247 -0.4946276 -0.7074771 0.1004516 -0.6995611 -0.7074771 0.1004516 -0.6995611 -0.4998576 0.1231037 -0.8573143 -0.4998576 0.1231037 -0.8573143 -0.2586624 0.1372973 -0.9561607 -0.2586624 0.1372973 -0.9561607 -0.0001189667 0.1421344 -0.9898474 -0.0001189667 0.1421344 -0.9898474 0.2588846 0.1372888 -0.9561017 0.2588846 0.1372888 -0.9561017 0.5001598 0.1230789 -0.8571416 0.5001598 0.1230789 -0.8571416 0.7069652 0.1005243 -0.7000679 0.7069652 0.1005243 -0.7000679 0.865836 0.07111381 -0.4952482 0.865836 0.07111381 -0.4952482 0.9660115 0.03674164 -0.2558748 0.9660115 0.03674164 -0.2558748 1 -2.116111e-17 1.603789e-16 1 9.021315e-17 -6.326058e-16 0.9660115 -0.03674164 0.2558748 0.9660115 -0.03674164 0.2558748 0.865836 -0.07111381 0.4952482 0.865836 -0.07111381 0.4952482 0.706914 -0.1005316 0.7001185 0.706914 -0.1005316 0.7001185 0.5000972 -0.1230841 0.8571774 0.5000972 -0.1230841 0.8571774 0.2589719 -0.1372855 0.9560786 0.2589719 -0.1372855 0.9560786 -0.0001191274 -0.1421344 0.9898474 -0.0001191274 -0.1421344 0.9898474 -0.2587498 -0.137294 0.9561375 -0.2587498 -0.137294 0.9561375 -0.4997949 -0.1231089 0.8573501 -0.4997949 -0.1231089 0.8573501 -0.7074259 -0.1004588 0.6996117 -0.7074259 -0.1004588 0.6996117 -0.866198 -0.0710247 0.4946276 -0.866198 -0.0710247 0.4946276 -0.9657773 -0.03686579 0.2567394 -0.9657773 -0.03686579 0.2567394 -1 -1.702035e-06 1.185325e-05 -1 -1.702036e-06 1.185325e-05 -0.9657713 0.03686895 -0.2567613 -0.9657713 0.03686895 -0.2567613 -0.8662083 0.07102217 -0.49461 -0.8662083 0.07102217 -0.49461 -0.7074651 0.1004533 -0.6995729 -0.7074651 0.1004533 -0.6995729 -0.4997949 0.1231089 -0.8573501 -0.4997949 0.1231089 -0.8573501 -0.2586624 0.1372973 -0.9561607 -0.2586624 0.1372973 -0.9561607 -0.0001189667 0.1421344 -0.9898474 -0.0001189667 0.1421344 -0.9898474 0.2588846 0.1372888 -0.9561017 0.2588846 0.1372888 -0.9561017 0.5000972 0.1230841 -0.8571774 0.5000972 0.1230841 -0.8571774 0.7069533 0.100526 -0.7000797 0.7069533 0.100526 -0.7000797 0.8658463 0.07111128 -0.4952306 0.8658463 0.07111128 -0.4952306 0.9660055 0.03674482 -0.2558969 0.9660055 0.03674482 -0.2558969 1 -1.679195e-06 1.169419e-05 1 -1.679195e-06 1.169419e-05 0.9660115 -0.03674164 0.2558748 0.9660115 -0.03674164 0.2558748 0.865836 -0.07111381 0.4952482 0.865836 -0.07111381 0.4952482 0.706914 -0.1005316 0.7001185 0.706914 -0.1005316 0.7001185 0.5000972 -0.1230841 0.8571774 0.5000972 -0.1230841 0.8571774 0.2589719 -0.1372855 0.9560786 0.2589719 -0.1372855 0.9560786 -0.0001191274 -0.1421344 0.9898474 -0.0001191274 -0.1421344 0.9898474 -0.2587498 -0.137294 0.9561375 -0.2587498 -0.137294 0.9561375 -0.4997949 -0.1231089 0.8573501 -0.4997949 -0.1231089 0.8573501 -0.7074259 -0.1004588 0.6996117 -0.7074259 -0.1004588 0.6996117 -0.866198 -0.0710247 0.4946276 -0.866198 -0.0710247 0.4946276 -0.9657773 -0.03686579 0.2567394 -0.9657773 -0.03686579 0.2567394 -1 1.702036e-06 -1.185325e-05 -1 1.702035e-06 -1.185325e-05 -0.9657773 0.03686579 -0.2567394 -0.9657773 0.03686579 -0.2567394 -0.866198 0.0710247 -0.4946276 -0.866198 0.0710247 -0.4946276 -0.7074259 0.1004588 -0.6996117 -0.7074259 0.1004588 -0.6996117 -0.4997949 0.1231089 -0.8573501 -0.4997949 0.1231089 -0.8573501 -0.2587498 0.137294 -0.9561375 -0.2587498 0.137294 -0.9561375 -0.0001191274 0.1421344 -0.9898474 -0.0001191274 0.1421344 -0.9898474 0.2589719 0.1372855 -0.9560786 0.2589719 0.1372855 -0.9560786 0.5000972 0.1230841 -0.8571774 0.5000972 0.1230841 -0.8571774 0.706914 0.1005316 -0.7001185 0.706914 0.1005316 -0.7001185 0.865836 0.07111381 -0.4952482 0.865836 0.07111381 -0.4952482 0.9660115 0.03674164 -0.2558748 0.9660115 0.03674164 -0.2558748 1 1.679195e-06 -1.169419e-05 1 1.679195e-06 -1.169419e-05 0.9660055 -0.03674482 0.2558969 0.9660055 -0.03674482 0.2558969 0.8658463 -0.07111128 0.4952306 0.8658463 -0.07111128 0.4952306 0.7069533 -0.100526 0.7000797 0.7069533 -0.100526 0.7000797 0.5000972 -0.1230841 0.8571774 0.5000972 -0.1230841 0.8571774 0.2588846 -0.1372888 0.9561017 0.2588846 -0.1372888 0.9561017 -0.0001189667 -0.1421344 0.9898474 -0.0001189667 -0.1421344 0.9898474 -0.2586624 -0.1372973 0.9561607 -0.2586624 -0.1372973 0.9561607 -0.4997949 -0.1231089 0.8573501 -0.4997949 -0.1231089 0.8573501 -0.7074651 -0.1004533 0.6995729 -0.7074651 -0.1004533 0.6995729 -0.8662083 -0.07102217 0.49461 -0.8662083 -0.07102217 0.49461 -0.9657713 -0.03686895 0.2567613 -0.9657713 -0.03686895 0.2567613 -1 1.702035e-06 -1.185325e-05 -1 1.702035e-06 -1.185325e-05 -0.9659956 0.03675007 -0.2559335 -0.9659956 0.03675007 -0.2559335 -0.8662575 0.07101005 -0.4945256 -0.8662575 0.07101005 -0.4945256 -0.706914 0.1005316 -0.7001185 -0.706914 0.1005316 -0.7001185 -0.5000972 0.1230841 -0.8571774 -0.5000972 0.1230841 -0.8571774 -0.2589719 0.1372855 -0.9560786 -0.2589719 0.1372855 -0.9560786 0.0001191274 0.1421344 -0.9898474 0.0001191274 0.1421344 -0.9898474 0.2587498 0.137294 -0.9561375 0.2587498 0.137294 -0.9561375 0.4997949 0.1231089 -0.8573501 0.4997949 0.1231089 -0.8573501 0.706914 0.1005316 -0.7001185 0.706914 0.1005316 -0.7001185 0.8662575 0.07101005 -0.4945256 0.8662575 0.07101005 -0.4945256 0.9659956 0.03675007 -0.2559335 0.9659956 0.03675007 -0.2559335 1 1.702035e-06 -1.185325e-05 1 1.702035e-06 -1.185325e-05 0.9659897 -0.0367532 0.2559553 0.9659897 -0.0367532 0.2559553 0.8662678 -0.0710075 0.4945078 0.8662678 -0.0710075 0.4945078 0.7069533 -0.100526 0.7000797 0.7069533 -0.100526 0.7000797 0.4997949 -0.1231089 0.8573501 0.4997949 -0.1231089 0.8573501 0.2586624 -0.1372973 0.9561607 0.2586624 -0.1372973 0.9561607 0.0001189667 -0.1421344 0.9898474 0.0001189667 -0.1421344 0.9898474 -0.2588846 -0.1372888 0.9561017 -0.2588846 -0.1372888 0.9561017 -0.5000972 -0.1230841 0.8571774 -0.5000972 -0.1230841 0.8571774 -0.7069533 -0.100526 0.7000797 -0.7069533 -0.100526 0.7000797 -0.8662678 -0.0710075 0.4945078 -0.8662678 -0.0710075 0.4945078 -0.9659897 -0.0367532 0.2559553 -0.9659897 -0.0367532 0.2559553 -1 1.692903e-06 -1.178965e-05 -1 1.692903e-06 -1.178965e-05 -0.9659147 0.03679301 -0.2562325 -0.9659147 0.03679301 -0.2562325 -0.8660289 0.07106637 -0.4949178 -0.8660289 0.07106637 -0.4949178 -0.7071068 0.1005042 -0.6999278 -0.7071068 0.1005042 -0.6999278 -0.499994 0.1230925 -0.8572364 -0.499994 0.1230925 -0.8572364 -0.2588607 0.1372897 -0.9561081 -0.2588607 0.1372897 -0.9561081 -1.604018e-16 0.1421344 -0.9898474 -4.010044e-16 0.1421344 -0.9898474 0.2588607 0.1372897 -0.9561081 0.2588607 0.1372897 -0.9561081 0.499994 0.1230925 -0.8572364 0.499994 0.1230925 -0.8572364 0.7070556 0.1005115 -0.6999784 0.7070556 0.1005115 -0.6999784 0.8659927 0.07107527 -0.4949798 0.8659927 0.07107527 -0.4949798 0.9659381 0.0367806 -0.2561461 0.9659381 0.0367806 -0.2561461 1 1.690619e-06 -1.177375e-05 1 1.690619e-06 -1.177375e-05 0.9659321 -0.03678376 0.2561681 0.9659321 -0.03678376 0.2561681 0.866003 -0.07107274 0.4949621 0.866003 -0.07107274 0.4949621 0.7070949 -0.1005059 0.6999396 0.7070949 -0.1005059 0.6999396 0.499994 -0.1230925 0.8572364 0.499994 -0.1230925 0.8572364 0.2587733 -0.1372931 0.9561313 0.2587733 -0.1372931 0.9561313 4.455499e-16 -0.1421344 0.9898474 4.099059e-16 -0.1421344 0.9898474 -0.2587733 -0.1372931 0.9561313 -0.2587733 -0.1372931 0.9561313 -0.499994 -0.1230925 0.8572364 -0.499994 -0.1230925 0.8572364 -0.707146 -0.1004986 0.6998889 -0.707146 -0.1004986 0.6998889 -0.8660392 -0.07106383 0.4949001 -0.8660392 -0.07106383 0.4949001 -0.9659087 -0.03679617 0.2562545 -0.9659087 -0.03679617 0.2562545 -1 -1.702035e-06 1.185325e-05 -1 -1.702035e-06 1.185325e-05 -0.9659897 0.0367532 -0.2559553 -0.9659897 0.0367532 -0.2559553 -0.8662678 0.0710075 -0.4945078 -0.8662678 0.0710075 -0.4945078 -0.7069533 0.100526 -0.7000797 -0.7069533 0.100526 -0.7000797 -0.5000972 0.1230841 -0.8571774 -0.5000972 0.1230841 -0.8571774 -0.2588846 0.1372888 -0.9561017 -0.2588846 0.1372888 -0.9561017 0.0001189667 0.1421344 -0.9898474 0.0001189667 0.1421344 -0.9898474 0.2586624 0.1372973 -0.9561607 0.2586624 0.1372973 -0.9561607 0.4997949 0.1231089 -0.8573501 0.4997949 0.1231089 -0.8573501 0.7069533 0.100526 -0.7000797 0.7069533 0.100526 -0.7000797 0.8662678 0.0710075 -0.4945078 0.8662678 0.0710075 -0.4945078 0.9659897 0.0367532 -0.2559553 0.9659897 0.0367532 -0.2559553 1 -1.702035e-06 1.185325e-05 1 -1.702035e-06 1.185325e-05 0.9659956 -0.03675007 0.2559335 0.9659956 -0.03675007 0.2559335 0.8662575 -0.07101005 0.4945256 0.8662575 -0.07101005 0.4945256 0.706914 -0.1005316 0.7001185 0.706914 -0.1005316 0.7001185 0.4997949 -0.1231089 0.8573501 0.4997949 -0.1231089 0.8573501 0.2587498 -0.137294 0.9561375 0.2587498 -0.137294 0.9561375 0.0001191274 -0.1421344 0.9898474 0.0001191274 -0.1421344 0.9898474 -0.2589719 -0.1372855 0.9560786 -0.2589719 -0.1372855 0.9560786 -0.5000972 -0.1230841 0.8571774 -0.5000972 -0.1230841 0.8571774 -0.706914 -0.1005316 0.7001185 -0.706914 -0.1005316 0.7001185 -0.8662575 -0.07101005 0.4945256 -0.8662575 -0.07101005 0.4945256 -0.9659956 -0.03675007 0.2559335 -0.9659956 -0.03675007 0.2559335 -1 1.454476e-16 -5.135575e-16 -1 -2.049774e-16 1.434842e-15 -0.9657773 0.03686579 -0.2567394 -0.9657773 0.03686579 -0.2567394 -0.866198 0.0710247 -0.4946276 -0.866198 0.0710247 -0.4946276 -0.7074259 0.1004588 -0.6996117 -0.7074259 0.1004588 -0.6996117 -0.4997949 0.1231089 -0.8573501 -0.4997949 0.1231089 -0.8573501 -0.2587498 0.137294 -0.9561375 -0.2587498 0.137294 -0.9561375 -0.0001191274 0.1421344 -0.9898474 -0.0001191274 0.1421344 -0.9898474 0.2589719 0.1372855 -0.9560786 0.2589719 0.1372855 -0.9560786 0.5000972 0.1230841 -0.8571774 0.5000972 0.1230841 -0.8571774 0.706914 0.1005316 -0.7001185 0.706914 0.1005316 -0.7001185 0.865836 0.07111381 -0.4952482 0.865836 0.07111381 -0.4952482 0.9660115 0.03674164 -0.2558748 0.9660115 0.03674164 -0.2558748 1 9.244064e-17 -6.326058e-16 1 -1.314216e-16 1.398861e-15 0.9660115 -0.03674164 0.2558748 0.9660115 -0.03674164 0.2558748 0.865836 -0.07111381 0.4952482 0.865836 -0.07111381 0.4952482 0.7069652 -0.1005243 0.7000679 0.7069652 -0.1005243 0.7000679 0.5001598 -0.1230789 0.8571416 0.5001598 -0.1230789 0.8571416 0.2588846 -0.1372888 0.9561017 0.2588846 -0.1372888 0.9561017 -0.0001189667 -0.1421344 0.9898474 -0.0001189667 -0.1421344 0.9898474 -0.2586624 -0.1372973 0.9561607 -0.2586624 -0.1372973 0.9561607 -0.4998576 -0.1231037 0.8573143 -0.4998576 -0.1231037 0.8573143 -0.7074771 -0.1004516 0.6995611 -0.7074771 -0.1004516 0.6995611 -0.866198 -0.0710247 0.4946276 -0.866198 -0.0710247 0.4946276 -0.9657773 -0.03686579 0.2567394 -0.9657773 -0.03686579 0.2567394 2.330468e-14 -0.9898474 -0.1421344 2.863994e-14 -0.9898474 -0.1421344 -1.453808e-15 -0.9898474 -0.1421344 7.671396e-15 -0.9898474 -0.1421344 5.996238e-15 -0.9898474 -0.1421344 4.003171e-15 -0.9898474 -0.1421344 1.41489e-14 -0.9898474 -0.1421344 -6.136845e-15 -0.9898474 -0.1421344 -3.841419e-14 -0.9898474 -0.1421344 -4.389154e-14 -0.9898474 -0.1421344 -2.086457e-14 -0.9898474 -0.1421344 -1.097543e-14 -0.9898474 -0.1421344 -1.552584e-14 -0.9898474 -0.1421344 -5.087807e-15 -0.9898474 -0.1421344 3.525527e-15 -0.9898474 -0.1421344 7.053407e-15 -0.9898474 -0.1421344 2.502121e-15 -0.9898474 -0.1421344 8.076981e-17 -0.9898474 -0.1421344 -3.691049e-15 -0.9898474 -0.1421344 -5.245031e-15 -0.9898474 -0.1421344 -5.331852e-15 -0.9898474 -0.1421344 -4.16601e-15 -0.9898474 -0.1421344 5.214352e-15 -0.9898474 -0.1421344 8.579495e-15 -0.9898474 -0.1421344 2.363615e-15 -0.9898474 -0.1421344 2.692914e-15 -0.9898474 -0.1421344 -4.608568e-15 -0.9898474 -0.1421344 -7.546214e-15 -0.9898474 -0.1421344 -3.445869e-15 -0.9898474 -0.1421344 -2.300117e-15 -0.9898474 -0.1421344 5.135926e-15 -0.9898474 -0.1421344 9.651288e-15 -0.9898474 -0.1421344 1.394316e-14 -0.9898474 -0.1421344 1.329658e-15 -0.9898474 -0.1421344 -2.234258e-14 -0.9898474 -0.1421344 -2.002239e-14 -0.9898474 -0.1421344 6.603543e-15 -0.9898474 -0.1421344 1.515537e-14 -0.9898474 -0.1421344 5.30843e-15 -0.9898474 -0.1421344 2.381203e-15 -0.9898474 -0.1421344 -8.605513e-17 -0.9898474 -0.1421344 -2.322517e-15 -0.9898474 -0.1421344 -4.00842e-15 -0.9898474 -0.1421344 -2.505439e-15 -0.9898474 -0.1421344 6.61828e-15 -0.9898474 -0.1421344 1.012995e-14 -0.9898474 -0.1421344 1.810621e-14 -0.9898474 -0.1421344 1.793022e-14 -0.9898474 -0.1421344 9.926678e-15 -0.9898474 -0.1421344 1.173429e-14 -0.9898474 -0.1421344 -3.281182e-15 -0.9898474 -0.1421344 -4.081393e-15 -0.9898474 -0.1421344 -8.789287e-15 -0.9898474 -0.1421344 -8.918653e-15 -0.9898474 -0.1421344 -4.91633e-15 -0.9898474 -0.1421344 -2.631515e-15 -0.9898474 -0.1421344 3.905313e-15 -0.9898474 -0.1421344 2.604792e-15 -0.9898474 -0.1421344 6.813415e-16 -0.9898474 -0.1421344 -1.139098e-15 -0.9898474 -0.1421344 1.40669e-14 -0.9898474 -0.1421344 1.070273e-14 -0.9898474 -0.1421344 1.13622e-14 -0.9898474 -0.1421344 -1.695694e-16 -0.9898474 -0.1421344 -1.756692e-14 -0.9898474 -0.1421344 -1.584144e-14 -0.9898474 -0.1421344 3.896146e-17 -0.9898474 -0.1421344 5.051514e-15 -0.9898474 -0.1421344 1.740166e-15 -0.9898474 -0.1421344 -4.427281e-17 -0.9898474 -0.1421344 -3.973309e-15 -0.9898474 -0.1421344 -5.47385e-15 -0.9898474 -0.1421344 -4.876709e-15 -0.9898474 -0.1421344 -3.679376e-15 -0.9898474 -0.1421344 4.971598e-15 -0.9898474 -0.1421344 8.19978e-15 -0.9898474 -0.1421344 1.786526e-15 -0.9898474 -0.1421344 2.303146e-15 -0.9898474 -0.1421344 -4.229193e-15 -0.9898474 -0.1421344 -7.250716e-15 -0.9898474 -0.1421344 -3.853047e-15 -0.9898474 -0.1421344 -2.562922e-15 -0.9898474 -0.1421344 5.760744e-15 -0.9898474 -0.1421344 9.984074e-15 -0.9898474 -0.1421344 1.358997e-14 -0.9898474 -0.1421344 1.056928e-15 -0.9898474 -0.1421344 -2.13933e-14 -0.9898474 -0.1421344 -1.912077e-14 -0.9898474 -0.1421344 5.887497e-15 -0.9898474 -0.1421344 1.430674e-14 -0.9898474 -0.1421344 5.593742e-15 -0.9898474 -0.1421344 2.798869e-15 -0.9898474 -0.1421344 4.674891e-17 -0.9898474 -0.1421344 -1.615994e-15 -0.9898474 -0.1421344 -1.837164e-15 -0.9898474 -0.1421344 5.714058e-16 -0.9898474 -0.1421344 2.143582e-15 -0.9898474 -0.1421344 2.572869e-15 -0.9898474 -0.1421344 -3.708845e-15 -0.9898474 -0.1421344 -6.796296e-15 -0.9898474 -0.1421344 -3.797641e-15 -0.9898474 -0.1421344 -2.535681e-15 -0.9898474 -0.1421344 4.859191e-15 -0.9898474 -0.1421344 9.338386e-15 -0.9898474 -0.1421344 1.37708e-14 -0.9898474 -0.1421344 1.133903e-15 -0.9898474 -0.1421344 -2.230933e-14 -0.9898474 -0.1421344 -2.003135e-14 -0.9898474 -0.1421344 5.703025e-15 -0.9898474 -0.1421344 1.39492e-14 -0.9898474 -0.1421344 4.288522e-15 -0.9898474 -0.1421344 1.63972e-15 -0.9898474 -0.1421344 -3.889064e-16 -0.9898474 -0.1421344 -1.317242e-15 -0.9898474 -0.1421344 -1.003559e-15 -0.9898474 -0.1421344 1.304784e-15 -0.9898474 -0.1421344 9.923995e-15 -0.9898474 -0.1421344 1.152144e-14 -0.9898474 -0.1421344 -3.310365e-15 -0.9898474 -0.1421344 -4.020057e-15 -0.9898474 -0.1421344 -8.114928e-15 -0.9898474 -0.1421344 -8.372327e-15 -0.9898474 -0.1421344 -4.829287e-15 -0.9898474 -0.1421344 -2.35014e-15 -0.9898474 -0.1421344 4.385291e-15 -0.9898474 -0.1421344 2.919471e-15 -0.9898474 -0.1421344 -1.69377e-16 -0.9898474 -0.1421344 -1.980251e-15 -0.9898474 -0.1421344 1.377056e-14 -0.9898474 -0.1421344 1.052598e-14 -0.9898474 -0.1421344 1.083024e-14 -0.9898474 -0.1421344 -3.87881e-16 -0.9898474 -0.1421344 -1.685498e-14 -0.9898474 -0.1421344 -1.550011e-14 -0.9898474 -0.1421344 -8.228755e-16 -0.9898474 -0.1421344 3.908826e-15 -0.9898474 -0.1421344 1.419365e-15 -0.9898474 -0.1421344 3.612929e-16 -0.9898474 -0.1421344 -3.01971e-15 -0.9898474 -0.1421344 -4.374944e-15 -0.9898474 -0.1421344 -4.295263e-15 -0.9898474 -0.1421344 -3.195859e-15 -0.9898474 -0.1421344 5.489434e-15 -0.9898474 -0.1421344 8.79753e-15 -0.9898474 -0.1421344 6.314712e-15 -0.9898474 -0.1421344 1.441056e-14 -0.9898474 -0.1421344 4.288517e-15 -0.9898474 -0.1421344 1.644904e-15 -0.9898474 -0.1421344 -3.891189e-16 -0.9898474 -0.1421344 -2.885999e-15 -0.9898474 -0.1421344 -5.205433e-15 -0.9898474 -0.1421344 -3.475329e-15 -0.9898474 -0.1421344 6.827919e-15 -0.9898474 -0.1421344 9.020072e-15 -0.9898474 -0.1421344 -4.658014e-15 -0.9898474 -0.1421344 -5.469813e-15 -0.9898474 -0.1421344 -7.049294e-15 -0.9898474 -0.1421344 -7.667198e-15 -0.9898474 -0.1421344 -3.999765e-15 -0.9898474 -0.1421344 -2.16711e-15 -0.9898474 -0.1421344 3.811828e-15 -0.9898474 -0.1421344 2.530389e-15 -0.9898474 -0.1421344 -1.42457e-15 -0.9898474 -0.1421344 -2.007623e-15 -0.9898474 -0.1421344 1.210737e-14 -0.9898474 -0.1421344 1.038359e-14 -0.9898474 -0.1421344 1.24729e-14 -0.9898474 -0.1421344 1.795216e-15 -0.9898474 -0.1421344 -1.545915e-14 -0.9898474 -0.1421344 -1.261704e-14 -0.9898474 -0.1421344 4.743536e-15 -0.9898474 -0.1421344 8.871862e-15 -0.9898474 -0.1421344 3.108016e-15 -0.9898474 -0.1421344 3.612929e-16 -0.9898474 -0.1421344 -3.01971e-15 -0.9898474 -0.1421344 -4.376238e-15 -0.9898474 -0.1421344 -4.864419e-15 -0.9898474 -0.1421344 -3.809138e-15 -0.9898474 -0.1421344 5.687031e-15 -0.9898474 -0.1421344 8.951127e-15 -0.9898474 -0.1421344 2.942411e-15 -0.9898474 -0.1421344 3.358414e-15 -0.9898474 -0.1421344 -4.818822e-15 -0.9898474 -0.1421344 -7.410249e-15 -0.9898474 -0.1421344 -3.069308e-15 -0.9898474 -0.1421344 -2.049405e-15 -0.9898474 -0.1421344 5.42014e-15 -0.9898474 -0.1421344 9.338386e-15 -0.9898474 -0.1421344 1.277287e-14 -0.9898474 -0.1421344 3.182021e-16 -0.9898474 -0.1421344 -2.228768e-14 -0.9898474 -0.1421344 -2.004342e-14 -0.9898474 -0.1421344 -6.973308e-15 -0.9898474 -0.1421344 -7.96649e-15 -0.9898474 -0.1421344 -7.586566e-15 -0.9898474 -0.1421344 -4.365825e-15 -0.9898474 -0.1421344 6.431174e-15 -0.9898474 -0.1421344 4.280882e-15 -0.9898474 -0.1421344 -1.151901e-15 -0.9898474 -0.1421344 -2.491823e-15 -0.9898474 -0.1421344 1.382023e-14 -0.9898474 -0.1421344 1.198858e-14 -0.9898474 -0.1421344 1.235884e-14 -0.9898474 -0.1421344 -8.635995e-16 -0.9898474 -0.1421344 -1.72236e-14 -0.9898474 -0.1421344 -1.66933e-14 -0.9898474 -0.1421344 -1.148023e-15 -0.9898474 -0.1421344 4.131367e-15 -0.9898474 -0.1421344 1.416928e-15 -0.9898474 -0.1421344 -2.013801e-16 -0.9898474 -0.1421344 -4.655491e-15 -0.9898474 -0.1421344 -5.903931e-15 -0.9898474 -0.1421344 -4.361406e-15 -0.9898474 -0.1421344 -3.303987e-15 -0.9898474 -0.1421344 4.013115e-15 -0.9898474 -0.1421344 6.694599e-15 -0.9898474 -0.1421344 7.330352e-16 -0.9898474 -0.1421344 1.464184e-15 -0.9898474 -0.1421344 -2.370642e-15 -0.9898474 -0.1421344 -5.944109e-15 -0.9898474 -0.1421344 -5.100582e-15 -0.9898474 -0.1421344 -3.385539e-15 -0.9898474 -0.1421344 5.860882e-15 -0.9898474 -0.1421344 1.013411e-14 -0.9898474 -0.1421344 1.227878e-14 -0.9898474 -0.1421344 7.640511e-16 -0.9898474 -0.1421344 -1.734197e-14 -0.9898474 -0.1421344 -1.617051e-14 -0.9898474 -0.1421344 4.941438e-15 -0.9898474 -0.1421344 1.201213e-14 -0.9898474 -0.1421344 6.088149e-15 -0.9898474 -0.1421344 3.81546e-15 -0.9898474 -0.1421344 2.170086e-16 -0.9898474 -0.1421344 -1.317347e-15 -0.9898474 -0.1421344 -1.005112e-15 -0.9898474 -0.1421344 1.595718e-15 -0.9898474 -0.1421344 9.983494e-15 -0.9898474 -0.1421344 1.151578e-14 -0.9898474 -0.1421344 -2.979114e-15 -0.9898474 -0.1421344 -3.907622e-15 -0.9898474 -0.1421344 -6.96986e-15 -0.9898474 -0.1421344 -7.967846e-15 -0.9898474 -0.1421344 -7.589149e-15 -0.9898474 -0.1421344 -4.373855e-15 -0.9898474 -0.1421344 6.432824e-15 -0.9898474 -0.1421344 4.271519e-15 -0.9898474 -0.1421344 -1.154961e-15 -0.9898474 -0.1421344 -2.514324e-15 -0.9898474 -0.1421344 1.384756e-14 -0.9898474 -0.1421344 1.198046e-14 -0.9898474 -0.1421344 1.234597e-14 -0.9898474 -0.1421344 -8.768736e-16 -0.9898474 -0.1421344 -1.726354e-14 -0.9898474 -0.1421344 -1.675253e-14 -0.9898474 -0.1421344 -1.136281e-15 -0.9898474 -0.1421344 4.140101e-15 -0.9898474 -0.1421344 1.417702e-15 -0.9898474 -0.1421344 -2.014919e-16 -0.9898474 -0.1421344 -4.663702e-15 -0.9898474 -0.1421344 -5.913506e-15 -0.9898474 -0.1421344 -4.37446e-15 -0.9898474 -0.1421344 -3.305595e-15 -0.9898474 -0.1421344 4.010058e-15 -0.9898474 -0.1421344 6.695413e-15 -0.9898474 -0.1421344 7.33285e-16 -0.9898474 -0.1421344 1.465688e-15 -0.9898474 -0.1421344 -2.370298e-15 -0.9898474 -0.1421344 -5.954927e-15 -0.9898474 -0.1421344 -5.105683e-15 -0.9898474 -0.1421344 -3.407126e-15 -0.9898474 -0.1421344 5.860132e-15 -0.9898474 -0.1421344 1.010553e-14 -0.9898474 -0.1421344 1.22524e-14 -0.9898474 -0.1421344 7.711435e-16 -0.9898474 -0.1421344 -1.742883e-14 -0.9898474 -0.1421344 -1.620262e-14 -0.9898474 -0.1421344 4.909954e-15 -0.9898474 -0.1421344 1.198024e-14 -0.9898474 -0.1421344 6.080386e-15 -0.9898474 -0.1421344 3.808265e-15 -0.9898474 -0.1421344 2.168901e-16 -0.9898474 -0.1421344 -1.316615e-15 -0.9898474 -0.1421344 -1.002485e-15 -0.9898474 -0.1421344 1.597828e-15 -0.9898474 -0.1421344 9.966097e-15 -0.9898474 -0.1421344 1.150403e-14 -0.9898474 -0.1421344 -2.966554e-15 -0.9898474 -0.1421344 -3.911043e-15 -0.9898474 -0.1421344 8.520488e-15 -0.9898474 -0.1421344 1.117641e-14 -0.9898474 -0.1421344 1.650237e-14 -0.9898474 -0.1421344 1.476332e-14 -0.9898474 -0.1421344 -6.577512e-15 -0.9898474 -0.1421344 -4.378071e-15 -0.9898474 -0.1421344 -2.083993e-15 -0.9898474 -0.1421344 -5.677649e-15 -0.9898474 -0.1421344 -2.09754e-14 -0.9898474 -0.1421344 -2.019288e-14 -0.9898474 -0.1421344 -2.820871e-14 -0.9898474 -0.1421344 -1.822663e-14 -0.9898474 -0.1421344 -2.737543e-14 -0.9898474 -0.1421344 -6.491699e-15 -0.9898474 -0.1421344 3.200724e-14 -0.9898474 -0.1421344 3.429814e-14 -0.9898474 -0.1421344 1.107492e-14 -0.9898474 -0.1421344 1.435882e-14 -0.9898474 -0.1421344 4.060321e-14 -0.9898474 -0.1421344 4.696413e-14 -0.9898474 -0.1421344 1.544628e-14 -0.9898474 -0.1421344 6.932303e-15 -0.9898474 -0.1421344 -9.354046e-16 -0.9898474 -0.1421344 -6.473337e-15 -0.9898474 -0.1421344 1.35904e-14 -0.9898474 -0.1421344 1.090003e-14 -0.9898474 -0.1421344 -5.117679e-15 -0.9898474 -0.1421344 9.354995e-15 -0.9898474 -0.1421344 2.203771e-14 -0.9898474 -0.1421344 1.468612e-14 -0.9898474 -0.1421344 -1.314089e-14 -0.9898474 -0.1421344 -2.852903e-14 -0.9898474 -0.1421344 -4.449645e-14 -0.9898474 -0.1421344 -1.427586e-14 -0.9898474 -0.1421344 2.614496e-14 -0.9898474 -0.1421344 3.026466e-14 -0.9898474 -0.1421344 2.213539e-15 -0.9898474 -0.1421344 -2.781166e-14 -0.9898474 -0.1421344 -5.4091e-14 -0.9898474 -0.1421344 -4.669082e-14 -0.9898474 -0.1421344 -1.545535e-14 -0.9898474 -0.1421344 -1.027733e-14 -0.9898474 -0.1421344 -2.652403e-14 -0.9898474 -0.1421344 -2.699774e-14 -0.9898474 -0.1421344 7.017825e-15 -0.9898474 -0.1421344 1.453154e-14 -0.9898474 -0.1421344 2.560114e-14 -0.9898474 -0.1421344 2.539039e-14 -0.9898474 -0.1421344 0 0.989846 0.1421438 0 0.989846 0.1421438 0 0.9929002 -0.1189502 0 0.9929002 -0.1189502 0 0.9282996 -0.3718332 0 0.9282996 -0.3718332 0 0.8004584 -0.5993883 0 0.8004584 -0.5993883 0 0.6179773 -0.7861959 0 0.6179773 -0.7861959 0 0.393451 -0.9193456 0 0.393451 -0.9193456 0 0.1421438 -0.989846 0 0.1421438 -0.989846 0 -0.1188839 -0.9929082 0 -0.1188839 -0.9929082 0 -0.3717712 -0.9283244 0 -0.3717712 -0.9283244 0 -0.5994236 -0.800432 0 -0.5994236 -0.800432 0 -0.786206 -0.6179645 0 -0.786206 -0.6179645 0 -0.9193384 -0.3934677 0 -0.9193384 -0.3934677 0 -0.9898487 -0.1421251 0 -0.9898487 -0.1421251 0 -0.9929103 0.1188658 0 -0.9929103 0.1188658 0 -0.9283183 0.3717864 0 -0.9283183 0.3717864 0 -0.8004056 0.5994588 0 -0.8004056 0.5994588 0 -0.618017 0.7861647 0 -0.618017 0.7861647 0 -0.3935291 0.9193122 0 -0.3935291 0.9193122 0 -0.1421251 0.9898487 0 -0.1421251 0.9898487 0 0.1189321 0.9929024 0 0.1189321 0.9929024 0 0.3718483 0.9282935 0 0.3718483 0.9282935 0 0.5994236 0.800432 0 0.5994236 0.800432 0 0.7861546 0.6180298 0 0.7861546 0.6180298 0 0.9193193 0.3935123 0 0.9193193 0.3935123 0 0.9898474 0.1421344 0 0.9898474 0.1421344 0 0.9929058 -0.1189033 0 0.9929058 -0.1189033 0 0.9282896 -0.3718581 0 0.9282896 -0.3718581 0 0.8004447 -0.5994066 0 0.8004447 -0.5994066 0 0.6180273 -0.7861567 0 0.6180273 -0.7861567 0 0.3934627 -0.9193406 0 0.3934627 -0.9193406 0 0.1421344 -0.9898474 0 0.1421344 -0.9898474 0 -0.1188784 -0.9929088 0 -0.1188784 -0.9929088 0 -0.3718453 -0.9282947 0 -0.3718453 -0.9282947 0 -0.5994405 -0.8004193 0 -0.5994405 -0.8004193 0 -0.7861523 -0.6180329 0 -0.7861523 -0.6180329 0 -0.9193306 -0.3934861 0 -0.9193306 -0.3934861 0 -0.9898474 -0.1421344 0 -0.9898474 -0.1421344 0 -0.9929058 0.1189038 0 -0.9929058 0.1189038 0 -0.9282921 0.3718519 0 -0.9282921 0.3718519 0 -0.8004447 0.5994066 0 -0.8004447 0.5994066 0 -0.6180273 0.7861567 0 -0.6180273 0.7861567 0 -0.3934627 0.9193406 0 -0.3934627 0.9193406 0 -0.1421344 0.9898474 0 -0.1421344 0.9898474 0 0.1188784 0.9929088 0 0.1188784 0.9929088 0 0.3718453 0.9282947 0 0.3718453 0.9282947 0 0.5994405 0.8004193 0 0.5994405 0.8004193 0 0.7861481 0.6180381 0 0.7861481 0.6180381 0 0.9193307 0.3934857 0 0.9193307 0.3934857 0 0.9898487 0.1421251 0 0.9898487 0.1421251 0 0.9929079 -0.1188857 0 0.9929079 -0.1188857 0 0.9283023 -0.3718262 0 0.9283023 -0.3718262 0 0.8004103 -0.5994525 0 0.8004103 -0.5994525 0 0.6180347 -0.7861508 0 0.6180347 -0.7861508 0 0.3935241 -0.9193143 0 0.3935241 -0.9193143 0 0.1421344 -0.9898474 0 0.1421344 -0.9898474 0 -0.1189447 -0.9929009 0 -0.1189447 -0.9929009 0 -0.3718541 -0.9282912 0 -0.3718541 -0.9282912 0 -0.5993946 -0.8004537 0 -0.5993946 -0.8004537 0 -0.7861693 -0.6180111 0 -0.7861693 -0.6180111 0 -0.9193377 -0.3934694 0 -0.9193377 -0.3934694 0 -0.989846 -0.1421438 0 -0.989846 -0.1421438 0 -0.9929058 0.1189038 0 -0.9929058 0.1189038 0 -0.9283084 0.3718111 0 -0.9283084 0.3718111 0 -0.8004367 0.5994173 0 -0.8004367 0.5994173 0 -0.6179822 0.7861921 0 -0.6179822 0.7861921 0 -0.3934627 0.9193406 0 -0.3934627 0.9193406 0 -0.1421344 0.9898474 0 -0.1421344 0.9898474 0 0.1188784 0.9929088 0 0.1188784 0.9929088 0 0.3717921 0.928316 0 0.3717921 0.928316 0 0.5994299 0.8004273 0 0.5994299 0.8004273 0 0.7861794 0.6179983 0 0.7861794 0.6179983 0 0.9193306 0.3934861 0 0.9193306 0.3934861 -8.787136e-15 -0.9898474 -0.1421344 -8.917634e-15 -0.9898474 -0.1421344 -4.915899e-15 -0.9898474 -0.1421344 -2.628089e-15 -0.9898474 -0.1421344 3.905978e-15 -0.9898474 -0.1421344 2.608128e-15 -0.9898474 -0.1421344 6.803838e-16 -0.9898474 -0.1421344 -1.130794e-15 -0.9898474 -0.1421344 1.405832e-14 -0.9898474 -0.1421344 1.07039e-14 -0.9898474 -0.1421344 1.136196e-14 -0.9898474 -0.1421344 -1.675041e-16 -0.9898474 -0.1421344 -1.755097e-14 -0.9898474 -0.1421344 -1.582489e-14 -0.9898474 -0.1421344 3.671919e-17 -0.9898474 -0.1421344 5.048067e-15 -0.9898474 -0.1421344 1.740062e-15 -0.9898474 -0.1421344 -4.426853e-17 -0.9898474 -0.1421344 -3.970726e-15 -0.9898474 -0.1421344 -5.470493e-15 -0.9898474 -0.1421344 -4.871121e-15 -0.9898474 -0.1421344 -3.678047e-15 -0.9898474 -0.1421344 4.971364e-15 -0.9898474 -0.1421344 8.199232e-15 -0.9898474 -0.1421344 1.785973e-15 -0.9898474 -0.1421344 2.301712e-15 -0.9898474 -0.1421344 -4.230133e-15 -0.9898474 -0.1421344 -7.245957e-15 -0.9898474 -0.1421344 -3.85041e-15 -0.9898474 -0.1421344 -2.552692e-15 -0.9898474 -0.1421344 5.760651e-15 -0.9898474 -0.1421344 9.99646e-15 -0.9898474 -0.1421344 1.358124e-14 -0.9898474 -0.1421344 1.056672e-15 -0.9898474 -0.1421344 -2.14139e-14 -0.9898474 -0.1421344 -1.913225e-14 -0.9898474 -0.1421344 5.90729e-15 -0.9898474 -0.1421344 1.43349e-14 -0.9898474 -0.1421344 5.596236e-15 -0.9898474 -0.1421344 2.801752e-15 -0.9898474 -0.1421344 4.676909e-17 -0.9898474 -0.1421344 -1.616645e-15 -0.9898474 -0.1421344 -1.839901e-15 -0.9898474 -0.1421344 5.682501e-16 -0.9898474 -0.1421344 9.943019e-15 -0.9898474 -0.1421344 1.174782e-14 -0.9898474 -0.1421344 -3.271771e-15 -0.9898474 -0.1421344 -4.08166e-15 -0.9898474 -0.1421344 7.97051e-16 -0.9898474 -0.1421344 7.640157e-16 -0.9898474 -0.1421344 3.582472e-16 -0.9898474 -0.1421344 -9.062157e-16 -0.9898474 -0.1421344 -5.434055e-16 -0.9898474 -0.1421344 -9.269709e-16 -0.9898474 -0.1421344 1.498365e-15 -0.9898474 -0.1421344 -2.615363e-15 -0.9898474 -0.1421344 -2.016805e-16 -0.9898474 -0.1421344 -1.151513e-15 -0.9898474 -0.1421344 4.945754e-16 -0.9898474 -0.1421344 3.236107e-16 -0.9898474 -0.1421344 -2.17397e-16 -0.9898474 -0.1421344 -3.598328e-16 -0.9898474 -0.1421344 -2.867362e-16 -0.9898474 -0.1421344 -2.278916e-16 -0.9898474 -0.1421344 -2.574164e-15 -0.9898474 -0.1421344 4.10538e-15 -0.9898474 -0.1421344 7.558771e-16 -0.9898474 -0.1421344 5.114428e-15 -0.9898474 -0.1421344 3.443975e-15 -0.9898474 -0.1421344 -1.786392e-15 -0.9898474 -0.1421344 -4.35131e-15 -0.9898474 -0.1421344 1.661447e-15 -0.9898474 -0.1421344 1.663852e-14 -0.9898474 -0.1421344 3.051756e-15 -0.9898474 -0.1421344 -3.274771e-15 -0.9898474 -0.1421344 -2.198214e-15 -0.9898474 -0.1421344 1.804146e-14 -0.9898474 -0.1421344 1.170967e-15 -0.9898474 -0.1421344 6.051255e-16 -0.9898474 -0.1421344 -1.037144e-15 -0.9898474 -0.1421344 2.870334e-16 -0.9898474 -0.1421344 3.112419e-15 -0.9898474 -0.1421344 6.632402e-16 -0.9898474 -0.1421344 4.986648e-15 -0.9898474 -0.1421344 -1.030852e-15 -0.9898474 -0.1421344 -6.277874e-16 -0.9898474 -0.1421344 4.775285e-15 -0.9898474 -0.1421344 4.275296e-15 -0.9898474 -0.1421344 6.944043e-15 -0.9898474 -0.1421344 3.871036e-15 -0.9898474 -0.1421344 1.928686e-17 -0.9898474 -0.1421344 -4.977701e-16 -0.9898474 -0.1421344 -1.200571e-15 -0.9898474 -0.1421344 5.594097e-16 -0.9898474 -0.1421344 2.674919e-15 -0.9898474 -0.1421344 2.410616e-16 -0.9898474 -0.1421344 -1.162617e-15 -0.9898474 -0.1421344 -9.222708e-16 -0.9898474 -0.1421344 0 -0.9898474 -0.1421344 6.554451e-16 -0.9898474 -0.1421344 3.188912e-15 -0.9898474 -0.1421344 -7.049435e-16 -0.9898474 -0.1421344 -2.315159e-15 -0.9898474 -0.1421344 7.063729e-16 -0.9898474 -0.1421344 2.272209e-16 -0.9898474 -0.1421344 -1.972806e-16 -0.9898474 -0.1421344 1.391595e-15 -0.9898474 -0.1421344 -1.09932e-15 -0.9898474 -0.1421344 -1.493895e-15 -0.9898474 -0.1421344 -4.455585e-17 -0.9898474 -0.1421344 1.166773e-16 -0.9898474 -0.1421344 -1.281457e-16 -0.9898474 -0.1421344 8.360397e-17 -0.9898474 -0.1421344 1.887953e-16 -0.9898474 -0.1421344 2.288639e-16 -0.9898474 -0.1421344 1.022591e-15 -0.9898474 -0.1421344 -1.7476e-16 -0.9898474 -0.1421344 -2.825248e-16 -0.9898474 -0.1421344 -3.856947e-15 -0.9898474 -0.1421344 8.007657e-17 -0.9898474 -0.1421344 2.643266e-15 -0.9898474 -0.1421344 -1.384963e-15 -0.9898474 -0.1421344 -3.924378e-15 -0.9898474 -0.1421344 9.531434e-15 -0.9898474 -0.1421344 7.48843e-16 -0.9898474 -0.1421344 -1.781024e-16 -0.9898474 -0.1421344 -9.945091e-16 -0.9898474 -0.1421344 -2.506591e-16 -0.9898474 -0.1421344 -2.737267e-15 -0.9898474 -0.1421344 -6.380852e-15 -0.9898474 -0.1421344 -1.170735e-16 -0.9898474 -0.1421344 9.385141e-17 -0.9898474 -0.1421344 2.707847e-16 -0.9898474 -0.1421344 1.846382e-15 -0.9898474 -0.1421344 -1.827376e-15 -0.9898474 -0.1421344 -4.024924e-16 -0.9898474 -0.1421344 4.448002e-16 -0.9898474 -0.1421344 -3.180354e-15 -0.9898474 -0.1421344 5.528567e-15 -0.9898474 -0.1421344 -1.386971e-14 -0.9898474 -0.1421344 4.131634e-15 -0.9898474 -0.1421344 -6.641131e-15 -0.9898474 -0.1421344 -3.916126e-15 -0.9898474 -0.1421344 1.57847e-15 -0.9898474 -0.1421344 9.661961e-15 -0.9898474 -0.1421344 9.575691e-15 -0.9898474 -0.1421344 -5.638576e-16 -0.9898474 -0.1421344 -6.759174e-16 -0.9898474 -0.1421344 -2.418068e-15 -0.9898474 -0.1421344 -1.925115e-15 -0.9898474 -0.1421344 -1.704949e-16 -0.9898474 -0.1421344 -1.876735e-15 -0.9898474 -0.1421344 -7.010246e-17 -0.9898474 -0.1421344 2.356184e-15 -0.9898474 -0.1421344 7.748685e-16 -0.9898474 -0.1421344 -1.003625e-15 -0.9898474 -0.1421344 3.702507e-15 -0.9898474 -0.1421344 4.60919e-15 -0.9898474 -0.1421344 -5.134218e-15 -0.9898474 -0.1421344 -2.685311e-15 -0.9898474 -0.1421344 2.111268e-15 -0.9898474 -0.1421344 5.957221e-16 -0.9898474 -0.1421344 9.667068e-17 -0.9898474 -0.1421344 2.954896e-15 -0.9898474 -0.1421344 1.470609e-16 -0.9898474 -0.1421344 9.245504e-17 -0.9898474 -0.1421344 -1.849993e-15 -0.9898474 -0.1421344 -1.888435e-15 -0.9898474 -0.1421344 5.166392e-15 -0.9898474 -0.1421344 -1.715872e-15 -0.9898474 -0.1421344 1.367175e-15 -0.9898474 -0.1421344 4.371709e-16 -0.9898474 -0.1421344 1.421757e-15 -0.9898474 -0.1421344 -1.755458e-15 -0.9898474 -0.1421344 4.298092e-17 -0.9898474 -0.1421344 -3.810209e-16 -0.9898474 -0.1421344 1.240032e-16 -0.9898474 -0.1421344 -1.314039e-15 -0.9898474 -0.1421344 -3.204607e-16 -0.9898474 -0.1421344 -1.052223e-15 -0.9898474 -0.1421344 -9.021345e-17 -0.9898474 -0.1421344 -4.90424e-16 -0.9898474 -0.1421344 4.282964e-17 -0.9898474 -0.1421344 -7.554779e-17 -0.9898474 -0.1421344 -2.426595e-16 -0.9898474 -0.1421344 -8.740198e-15 -0.9898474 -0.1421344 -6.904707e-15 -0.9898474 -0.1421344 -5.201589e-17 -0.9898474 -0.1421344 -1.211823e-15 -0.9898474 -0.1421344 -1.622973e-15 -0.9898474 -0.1421344 -8.482081e-16 -0.9898474 -0.1421344 -7.932377e-15 -0.9898474 -0.1421344 -1.195074e-15 -0.9898474 -0.1421344 -1.776057e-15 -0.9898474 -0.1421344 1.669852e-15 -0.9898474 -0.1421344 -1.035214e-15 -0.9898474 -0.1421344 -8.322145e-15 -0.9898474 -0.1421344 -1.090945e-14 -0.9898474 -0.1421344 9.592825e-15 -0.9898474 -0.1421344 2.728345e-15 -0.9898474 -0.1421344 -3.958697e-16 -0.9898474 -0.1421344 -3.377078e-15 -0.9898474 -0.1421344 -1.12303e-16 -0.9898474 -0.1421344 1.781486e-15 -0.9898474 -0.1421344 -7.836576e-17 -0.9898474 -0.1421344 8.885448e-15 -0.9898474 -0.1421344 -5.347983e-16 -0.9898474 -0.1421344 4.757831e-16 -0.9898474 -0.1421344 -1.028104e-15 -0.9898474 -0.1421344 -2.81148e-15 -0.9898474 -0.1421344 -1.223653e-16 -0.9898474 -0.1421344 -2.246113e-15 -0.9898474 -0.1421344 3.350154e-16 -0.9898474 -0.1421344 -2.375918e-16 -0.9898474 -0.1421344 -2.13243e-15 -0.9898474 -0.1421344 -3.429524e-15 -0.9898474 -0.1421344 1.975334e-15 -0.9898474 -0.1421344 1.375551e-16 -0.9898474 -0.1421344 1.59019e-16 -0.9898474 -0.1421344 -1.241879e-15 -0.9898474 -0.1421344 -9.264416e-16 -0.9898474 -0.1421344 1.73392e-16 -0.9898474 -0.1421344 1.047383e-15 -0.9898474 -0.1421344 9.89466e-16 -0.9898474 -0.1421344 5.297932e-15 -0.9898474 -0.1421344 -1.179766e-15 -0.9898474 -0.1421344 1.474803e-16 -0.9898474 -0.1421344 1.248922e-16 -0.9898474 -0.1421344 -1.38383e-14 -0.9898474 -0.1421344 3.407544e-15 -0.9898474 -0.1421344 -8.453322e-17 -0.9898474 -0.1421344 -9.694948e-15 -0.9898474 -0.1421344 -5.714804e-15 -0.9898474 -0.1421344 -4.510661e-15 -0.9898474 -0.1421344 -2.93499e-15 -0.9898474 -0.1421344 -1.440243e-15 -0.9898474 -0.1421344 1.559733e-15 -0.9898474 -0.1421344 1.458399e-15 -0.9898474 -0.1421344 7.129118e-16 -0.9898474 -0.1421344 6.851448e-15 -0.9898474 -0.1421344 4.246856e-16 -0.9898474 -0.1421344 6.2313e-17 -0.9898474 -0.1421344 3.078259e-16 -0.9898474 -0.1421344 -2.712313e-17 -0.9898474 -0.1421344 1.839864e-16 -0.9898474 -0.1421344 -1.036309e-16 -0.9898474 -0.1421344 -9.836914e-17 -0.9898474 -0.1421344 -3.533151e-16 -0.9898474 -0.1421344 3.061041e-17 -0.9898474 -0.1421344 6.449618e-16 -0.9898474 -0.1421344 1.475208e-15 -0.9898474 -0.1421344 3.627118e-16 -0.9898474 -0.1421344 -2.195189e-15 -0.9898474 -0.1421344 -4.857669e-16 -0.9898474 -0.1421344 7.540841e-16 -0.9898474 -0.1421344 1.231529e-16 -0.9898474 -0.1421344 7.082768e-16 -0.9898474 -0.1421344 -1.603512e-15 -0.9898474 -0.1421344 -6.688437e-16 -0.9898474 -0.1421344 9.086485e-15 -0.9898474 -0.1421344 5.849211e-16 -0.9898474 -0.1421344 5.688774e-15 -0.9898474 -0.1421344 9.452969e-16 -0.9898474 -0.1421344 -1.37573e-15 -0.9898474 -0.1421344 1.446985e-16 -0.9898474 -0.1421344 4.016634e-15 -0.9898474 -0.1421344 -4.285512e-17 -0.9898474 -0.1421344 -2.263386e-15 -0.9898474 -0.1421344 -3.684014e-15 -0.9898474 -0.1421344 -5.889486e-16 -0.9898474 -0.1421344 3.210443e-15 -0.9898474 -0.1421344 1.306986e-14 -0.9898474 -0.1421344 -9.575733e-16 -0.9898474 -0.1421344 3.519945e-16 -0.9898474 -0.1421344 1.938429e-15 -0.9898474 -0.1421344 -1.884254e-15 -0.9898474 -0.1421344 3.151802e-15 -0.9898474 -0.1421344 7.604058e-15 -0.9898474 -0.1421344 -1.065486e-15 -0.9898474 -0.1421344 5.246061e-16 -0.9898474 -0.1421344 -1.773265e-15 -0.9898474 -0.1421344 7.335281e-15 -0.9898474 -0.1421344 -9.952744e-15 -0.9898474 -0.1421344 9.419214e-16 -0.9898474 -0.1421344 2.489871e-15 -0.9898474 -0.1421344 6.794678e-15 -0.9898474 -0.1421344 -1.933763e-15 -0.9898474 -0.1421344 3.049106e-16 -0.9898474 -0.1421344 -1.286901e-15 -0.9898474 -0.1421344 1.431079e-15 -0.9898474 -0.1421344 -6.364193e-16 -0.9898474 -0.1421344 1.477161e-15 -0.9898474 -0.1421344 -7.462285e-17 -0.9898474 -0.1421344 2.795833e-15 -0.9898474 -0.1421344 1.594245e-14 -0.9898474 -0.1421344 6.53259e-16 -0.9898474 -0.1421344 2.072751e-15 -0.9898474 -0.1421344 -3.42682e-16 -0.9898474 -0.1421344 2.934396e-16 -0.9898474 -0.1421344 7.164853e-16 -0.9898474 -0.1421344 -2.792788e-15 -0.9898474 -0.1421344 -7.222726e-15 -0.9898474 -0.1421344 1.556239e-14 -0.9898474 -0.1421344 -2.109433e-15 -0.9898474 -0.1421344 -3.873324e-15 -0.9898474 -0.1421344 7.642131e-16 -0.9898474 -0.1421344 -1.144544e-15 -0.9898474 -0.1421344 -1.016135e-14 -0.9898474 -0.1421344 6.412784e-16 -0.9898474 -0.1421344 -1.384693e-14 -0.9898474 -0.1421344 1.156793e-15 -0.9898474 -0.1421344 6.36497e-15 -0.9898474 -0.1421344 2.622215e-15 -0.9898474 -0.1421344 -2.943011e-15 -0.9898474 -0.1421344 2.904501e-15 -0.9898474 -0.1421344 -8.009252e-16 -0.9898474 -0.1421344 -3.185997e-14 -0.9898474 -0.1421344 -3.18016e-14 -0.9898474 -0.1421344 -3.166178e-14 -0.9898474 -0.1421344 -2.642161e-14 -0.9898474 -0.1421344 5.014888e-15 -0.9898474 -0.1421344 -7.729067e-16 -0.9898474 -0.1421344 -5.254143e-15 -0.9898474 -0.1421344 -1.088232e-14 -0.9898474 -0.1421344 -1.755556e-16 -0.9898474 -0.1421344 1.780276e-16 -0.9898474 -0.1421344 1.327235e-16 -0.9898474 -0.1421344 9.69866e-17 -0.9898474 -0.1421344 2.540525e-16 -0.9898474 -0.1421344 -5.264291e-17 -0.9898474 -0.1421344 -1.84838e-15 -0.9898474 -0.1421344 -1 2.145336e-06 -1.494047e-05 -1 2.145336e-06 -1.494047e-05 -0.9659428 -0.0367781 0.2561287 -0.9659428 -0.0367781 0.2561287 -0.8660166 -0.07106938 0.4949387 -0.8660166 -0.07106938 0.4949387 -0.7071523 -0.1004977 0.6998827 -0.7071523 -0.1004977 0.6998827 -0.4998468 -0.1231046 0.8573205 -0.4998468 -0.1231046 0.8573205 -0.2587426 -0.1372942 0.9561394 -0.2587426 -0.1372942 0.9561394 9.401176e-15 -0.1421344 0.9898474 8.403137e-15 -0.1421344 0.9898474 0.2587426 -0.1372942 0.9561394 0.2587426 -0.1372942 0.9561394 0.5004592 -0.1230543 0.8569703 0.5004592 -0.1230543 0.8569703 0.7070018 -0.1005191 0.7000317 0.7070018 -0.1005191 0.7000317 0.8655561 -0.07118261 0.4957273 0.8655561 -0.07118261 0.4957273 0.9659428 -0.0367781 0.2561287 0.9659428 -0.0367781 0.2561287 1 2.145336e-06 -1.494047e-05 1 2.145336e-06 -1.494047e-05 0.9659504 0.03677407 -0.2561006 0.9659504 0.03677407 -0.2561006 0.8655784 0.07117715 -0.4956893 0.8655784 0.07117715 -0.4956893 0.7069366 0.1005284 -0.7000962 0.7069366 0.1005284 -0.7000962 0.5004723 0.1230532 -0.8569629 0.5004723 0.1230532 -0.8569629 0.2588462 0.1372903 -0.9561119 0.2588462 0.1372903 -0.9561119 8.715024e-15 0.1421344 -0.9898474 8.055605e-15 0.1421344 -0.9898474 -0.2588462 0.1372903 -0.9561119 -0.2588462 0.1372903 -0.9561119 -0.4998599 0.1231035 -0.857313 -0.4998599 0.1231035 -0.857313 -0.7070872 0.100507 -0.6999471 -0.7070872 0.100507 -0.6999471 -0.8660389 0.0710639 -0.4949006 -0.8660389 0.0710639 -0.4949006 -0.9659504 0.03677407 -0.2561006 -0.9659504 0.03677407 -0.2561006 -4.285552e-15 -0.9898474 -0.1421344 -3.199257e-15 -0.9898474 -0.1421344 5.484244e-15 -0.9898474 -0.1421344 8.792573e-15 -0.9898474 -0.1421344 2.144285e-15 -0.9898474 -0.1421344 2.571988e-15 -0.9898474 -0.1421344 -3.709082e-15 -0.9898474 -0.1421344 -6.792236e-15 -0.9898474 -0.1421344 -3.795394e-15 -0.9898474 -0.1421344 -2.526719e-15 -0.9898474 -0.1421344 4.858001e-15 -0.9898474 -0.1421344 9.351062e-15 -0.9898474 -0.1421344 1.377973e-14 -0.9898474 -0.1421344 1.128452e-15 -0.9898474 -0.1421344 -2.228403e-14 -0.9898474 -0.1421344 -2.002603e-14 -0.9898474 -0.1421344 5.718464e-15 -0.9898474 -0.1421344 1.396177e-14 -0.9898474 -0.1421344 4.290442e-15 -0.9898474 -0.1421344 1.640719e-15 -0.9898474 -0.1421344 -3.889297e-16 -0.9898474 -0.1421344 -1.31737e-15 -0.9898474 -0.1421344 -1.004236e-15 -0.9898474 -0.1421344 1.305155e-15 -0.9898474 -0.1421344 9.929053e-15 -0.9898474 -0.1421344 1.152636e-14 -0.9898474 -0.1421344 -3.314686e-15 -0.9898474 -0.1421344 -4.020801e-15 -0.9898474 -0.1421344 -8.117522e-15 -0.9898474 -0.1421344 -8.373447e-15 -0.9898474 -0.1421344 -4.827825e-15 -0.9898474 -0.1421344 -2.347226e-15 -0.9898474 -0.1421344 4.385331e-15 -0.9898474 -0.1421344 2.923175e-15 -0.9898474 -0.1421344 -1.694239e-16 -0.9898474 -0.1421344 -1.972281e-15 -0.9898474 -0.1421344 1.377938e-14 -0.9898474 -0.1421344 1.052852e-14 -0.9898474 -0.1421344 1.083157e-14 -0.9898474 -0.1421344 -3.862658e-16 -0.9898474 -0.1421344 -1.682518e-14 -0.9898474 -0.1421344 -1.546302e-14 -0.9898474 -0.1421344 -8.314699e-16 -0.9898474 -0.1421344 3.904021e-15 -0.9898474 -0.1421344 1.418752e-15 -0.9898474 -0.1421344 3.611473e-16 -0.9898474 -0.1421344 -3.017211e-15 -0.9898474 -0.1421344 -4.371688e-15 -0.9898474 -0.1421344 -0.987682 -0.02224045 0.1548861 -0.987682 -0.02224045 0.1548861 -0.9135025 -0.05782499 0.4027026 -0.9135025 -0.05782499 0.4027026 -0.7771142 -0.08945367 0.6229699 -0.7771142 -0.08945367 0.6229699 -0.5877558 -0.1149922 0.8008245 -0.5877558 -0.1149922 0.8008245 -0.3583944 -0.1326925 0.9240921 -0.3583944 -0.1326925 0.9240921 -0.1045329 -0.1413557 0.9844244 -0.1045329 -0.1413557 0.9844244 0.1564945 -0.1403832 0.9776513 0.1564945 -0.1403832 0.9776513 0.4067595 -0.1298448 0.9042605 0.4067595 -0.1298448 0.9042605 0.6291884 -0.1104744 0.7693616 0.6291884 -0.1104744 0.7693616 0.8090941 -0.08352943 0.5817126 0.8090941 -0.08352943 0.5817126 0.9336403 -0.05091426 0.3545752 0.9336403 -0.05091426 0.3545752 5.504363e-18 0.9898474 0.1421344 2.972236e-17 0.9898474 0.1421344 1.098132e-18 0.9929057 -0.1189044 0 0.9929057 -0.1189044 0 0.9283019 -0.3718275 0 0.9283019 -0.3718275 0 0.800432 -0.5994236 0 0.800432 -0.5994236 0 0.6180122 -0.7861685 0 0.6180122 -0.7861685 0 0.3934867 -0.9193303 0 0.3934867 -0.9193303 0 0.1421344 -0.9898474 0 0.1421344 -0.9898474 0 -0.1189044 -0.9929057 0 -0.1189044 -0.9929057 0 -0.3718275 -0.9283019 0 -0.3718275 -0.9283019 0 -0.5994236 -0.800432 0 -0.5994236 -0.800432 0 -0.7861685 -0.6180122 0 -0.7861685 -0.6180122 0 -0.9193303 -0.3934867 -2.025291e-17 -0.9193303 -0.3934867 -4.403491e-18 -0.9898474 -0.1421344 -2.377789e-17 -0.9898474 -0.1421344 -8.785054e-19 -0.9929057 0.1189044 0 -0.9929057 0.1189044 0 -0.9283019 0.3718275 0 -0.9283019 0.3718275 0 -0.800432 0.5994236 0 -0.800432 0.5994236 0 -0.6180122 0.7861685 0 -0.6180122 0.7861685 0 -0.3934867 0.9193303 0 -0.3934867 0.9193303 0 -0.1421344 0.9898474 0 -0.1421344 0.9898474 0 0.1189044 0.9929057 0 0.1189044 0.9929057 0 0.3718275 0.9283019 0 0.3718275 0.9283019 0 0.5994236 0.800432 0 0.5994236 0.800432 0 0.7861685 0.6180122 0 0.7861685 0.6180122 0 0.9193303 0.3934867 2.531614e-17 0.9193303 0.3934867 0 0.989846 0.1421438 0 0.989846 0.1421438 0 0.9929082 -0.1188839 0 0.9929082 -0.1188839 0 0.9283244 -0.3717712 0 0.9283244 -0.3717712 0 0.800432 -0.5994236 0 0.800432 -0.5994236 0 0.6179645 -0.786206 0 0.6179645 -0.786206 0 0.3934677 -0.9193384 0 0.3934677 -0.9193384 0 0.1421251 -0.9898487 0 0.1421251 -0.9898487 0 -0.1188658 -0.9929103 0 -0.1188658 -0.9929103 0 -0.3717864 -0.9283183 0 -0.3717864 -0.9283183 0 -0.5994588 -0.8004056 0 -0.5994588 -0.8004056 0 -0.7861647 -0.618017 0 -0.7861647 -0.618017 0 -0.9193122 -0.3935291 0 -0.9193122 -0.3935291 0 -0.9898487 -0.1421251 0 -0.9898487 -0.1421251 0 -0.9929024 0.1189321 0 -0.9929024 0.1189321 0 -0.9282935 0.3718483 0 -0.9282935 0.3718483 0 -0.800432 0.5994236 0 -0.800432 0.5994236 0 -0.6180298 0.7861546 0 -0.6180298 0.7861546 0 -0.3935123 0.9193193 0 -0.3935123 0.9193193 0 -0.1421438 0.989846 0 -0.1421438 0.989846 0 0.1189502 0.9929002 0 0.1189502 0.9929002 0 0.3718332 0.9282996 0 0.3718332 0.9282996 0 0.5993883 0.8004584 0 0.5993883 0.8004584 0 0.7861959 0.6179773 0 0.7861959 0.6179773 0 0.9193456 0.393451 0 0.9193456 0.393451 0 0.9898459 0.1421443 0 0.9898459 0.1421443 0 0.9929047 -0.1189128 0 0.9929047 -0.1189128 0 0.928302 -0.3718272 0 0.928302 -0.3718272 0 0.800444 -0.5994075 0 0.800444 -0.5994075 0 0.6179884 -0.7861872 0 0.6179884 -0.7861872 0 0.39346 -0.9193417 0 0.39346 -0.9193417 0 0.1421344 -0.9898474 0 0.1421344 -0.9898474 0 -0.1188756 -0.9929092 0 -0.1188756 -0.9929092 0 -0.3717994 -0.9283131 0 -0.3717994 -0.9283131 0 -0.5994396 -0.80042 0 -0.5994396 -0.80042 0 -0.7861643 -0.6180175 0 -0.7861643 -0.6180175 0 -0.9193272 -0.393494 0 -0.9193272 -0.393494 0 -0.9898488 -0.1421245 0 -0.9898488 -0.1421245 0 -0.9929071 0.1188931 0 -0.9929071 0.1188931 0 -0.9283102 0.3718066 0 -0.9283102 0.3718066 0 -0.800444 0.5994075 0 -0.800444 0.5994075 0 -0.6179884 0.7861872 0 -0.6179884 0.7861872 0 -0.39346 0.9193417 0 -0.39346 0.9193417 0 -0.1421344 0.9898474 0 -0.1421344 0.9898474 0 0.1188756 0.9929092 0 0.1188756 0.9929092 0 0.3717994 0.9283131 0 0.3717994 0.9283131 0 0.5994396 0.80042 0 0.5994396 0.80042 0 0.7861868 0.6179889 0 0.7861868 0.6179889 0 0.9193346 0.3934767 0 0.9193346 0.3934767 0 0.9898488 0.1421245 0 0.9898488 0.1421245 0 0.9929019 -0.1189363 0 0.9929019 -0.1189363 0 0.9282801 -0.3718818 0 0.9282801 -0.3718818 0 0.800432 -0.5994236 0 0.800432 -0.5994236 0 0.6180582 -0.7861324 0 0.6180582 -0.7861324 0 0.3935162 -0.9193177 0 0.3935162 -0.9193177 0 0.1421443 -0.9898459 0 0.1421443 -0.9898459 0 -0.1189555 -0.9928996 0 -0.1189555 -0.9928996 0 -0.3718657 -0.9282865 0 -0.3718657 -0.9282865 0 -0.5993862 -0.80046 0 -0.5993862 -0.80046 0 -0.7861761 -0.6180025 0 -0.7861761 -0.6180025 0 -0.9193455 -0.3934512 0 -0.9193455 -0.3934512 0 -0.9898459 -0.1421443 0 -0.9898459 -0.1421443 0 -0.992908 0.1188852 0 -0.992908 0.1188852 0 -0.9283129 0.3718 0 -0.9283129 0.3718 0 -0.800432 0.5994236 0 -0.800432 0.5994236 0 -0.6180446 0.7861431 0 -0.6180446 0.7861431 0 -0.3934642 0.91934 0 -0.3934642 0.91934 0 -0.1421245 0.9898488 0 -0.1421245 0.9898488 0 0.1188609 0.9929109 0 0.1188609 0.9929109 0 0.3718818 0.9282801 0 0.3718818 0.9282801 0 0.5994609 0.800404 0 0.5994609 0.800404 0 0.7861431 0.6180446 0 0.7861431 0.6180446 0 0.9193101 0.393534 0 0.9193101 0.393534 0 0.9898452 0.1421494 0 0.9898452 0.1421494 0 0.919321 0.3935085 0 0.919321 0.3935085 0 0.7861348 0.6180551 0 0.7861348 0.6180551 0 0.5994236 0.800432 0 0.5994236 0.800432 0 0.3717786 0.9283214 0 0.3717786 0.9283214 0 0.1189358 0.9929019 0 0.1189358 0.9929019 0 -0.1421194 0.9898495 0 -0.1421194 0.9898495 0 -0.3935426 0.9193064 0 -0.3935426 0.9193064 0 -0.6180057 0.7861736 0 -0.6180057 0.7861736 0 -0.8003768 0.5994973 0 -0.8003768 0.5994973 0 -0.9282872 0.3718641 0 -0.9282872 0.3718641 0 -0.9929156 0.1188215 0 -0.9929156 0.1188215 0 -0.9898495 -0.1421194 0 -0.9898495 -0.1421194 0 -0.9193516 -0.3934369 0 -0.9193516 -0.3934369 0 -0.7861603 -0.6180226 0 -0.7861603 -0.6180226 0 -0.5994064 -0.8004448 0 -0.5994064 -0.8004448 0 -0.3718199 -0.9283049 0 -0.3718199 -0.9283049 0 -0.1188506 -0.9929122 0 -0.1188506 -0.9929122 0 0.1421494 -0.9898452 0 0.1421494 -0.9898452 0 0.39341 -0.9193632 0 0.39341 -0.9193632 0 0.6179708 -0.786201 0 0.6179708 -0.786201 0 0.8004744 -0.599367 0 0.8004744 -0.599367 0 0.9282913 -0.3718538 0 0.9282913 -0.3718538 0 0.9928994 -0.118957 0 0.9928994 -0.118957 -1 0 0 -1 0 0 -1 0 0 -1 0 0 -1 0 0 -1 0 0 -1 0 0 -1 0 0 -1 0 0 -1 0 0 -1 0 0 -1 0 0 -1 0 0 -1 0 0 -1 0 0 -1 0 0 -1 0 0 -1 0 0 -1 0 0 -1 0 0 -1 0 0 -1 0 0 -1 0 0 -1 0 0 -1 0 0 0 0.9898495 0.1421194 0 0.9898495 0.1421194 0 0.9193094 0.3935355 0 0.9193094 0.3935355 0 0.786151 0.6180345 0 0.786151 0.6180345 0 0.5994801 0.8003896 0 0.5994801 0.8003896 0 0.3717786 0.9283214 0 0.3717786 0.9283214 0 0.1188215 0.9929156 0 0.1188215 0.9929156 0 -0.1421194 0.9898495 0 -0.1421194 0.9898495 0 -0.3934369 0.9193516 0 -0.3934369 0.9193516 0 -0.6180057 0.7861736 0 -0.6180057 0.7861736 0 -0.8004192 0.5994407 0 -0.8004192 0.5994407 0 -0.9282969 0.3718398 0 -0.9282969 0.3718398 0 -0.9929122 0.1188506 0 -0.9929122 0.1188506 0 -0.9898452 -0.1421494 0 -0.9898452 -0.1421494 0 -0.9193632 -0.39341 0 -0.9193632 -0.39341 0 -0.7861441 -0.6180432 0 -0.7861441 -0.6180432 0 -0.5993499 -0.8004872 0 -0.5993499 -0.8004872 0 -0.3718199 -0.9283049 0 -0.3718199 -0.9283049 0 -0.1189648 -0.9928985 0 -0.1189648 -0.9928985 0 0.1421494 -0.9898452 0 0.1421494 -0.9898452 0 0.3935158 -0.9193179 0 0.3935158 -0.9193179 0 0.6179708 -0.786201 0 0.6179708 -0.786201 0 0.800432 -0.5994236 0 0.800432 -0.5994236 0 0.9282815 -0.3718782 0 0.9282815 -0.3718782 0 0.9929029 -0.118928 0 0.9929029 -0.118928 -0.9542262 0.04251041 -0.2960495 -0.9542262 0.04251041 -0.2960495 -0.9126167 0.05810687 -0.4046657 -0.9126167 0.05810687 -0.4046657 -0.792441 0.08669469 -0.6037559 -0.792441 0.08669469 -0.6037559 -0.6287743 0.110522 -0.7696933 -0.6287743 0.110522 -0.7696933 -0.4305739 0.1282842 -0.893392 -0.4305739 0.1282842 -0.893392 -0.2087272 0.1390038 -0.9680449 -0.2087272 0.1390038 -0.9680449 0 0.989846 0.1421438 0 0.989846 0.1421438 0 0.9929058 -0.1189038 0 0.9929058 -0.1189038 0 0.9283084 -0.3718111 0 0.9283084 -0.3718111 0 0.8004367 -0.5994173 0 0.8004367 -0.5994173 0 0.6179822 -0.7861921 0 0.6179822 -0.7861921 0 0.3934627 -0.9193406 0 0.3934627 -0.9193406 0 0.1421344 -0.9898474 0 0.1421344 -0.9898474 0 -0.1188784 -0.9929088 0 -0.1188784 -0.9929088 0 -0.3717921 -0.928316 0 -0.3717921 -0.928316 0 -0.5994299 -0.8004273 0 -0.5994299 -0.8004273 0 -0.7861794 -0.6179983 0 -0.7861794 -0.6179983 0 -0.9193306 -0.3934861 0 -0.9193306 -0.3934861 0 -0.9898487 -0.1421251 0 -0.9898487 -0.1421251 0 -0.9929079 0.1188857 0 -0.9929079 0.1188857 0 -0.9283023 0.3718262 0 -0.9283023 0.3718262 0 -0.8004103 0.5994525 0 -0.8004103 0.5994525 0 -0.6180347 0.7861508 0 -0.6180347 0.7861508 0 -0.3935241 0.9193143 0 -0.3935241 0.9193143 0 -0.1421344 0.9898474 0 -0.1421344 0.9898474 0 0.1189447 0.9929009 0 0.1189447 0.9929009 0 0.3718541 0.9282912 0 0.3718541 0.9282912 0 0.5993946 0.8004537 0 0.5993946 0.8004537 0 0.7861693 0.6180111 0 0.7861693 0.6180111 0 0.9193377 0.3934694 0 0.9193377 0.3934694 -1 0 0 -1 0 0 -1 0 0 -1 0 0 -1 0 0 -1 0 0 -1 0 0 -1 0 0 -1 0 0 -1 0 0 -1 0 0 -1 0 0 -1 0 0 -1 0 0 -1 0 0 -1 0 0 -1 0 0 -1 0 0 -1 0 0 -1 0 0 -1 0 0 -1 0 0 -1 0 0 -1 0 0 -1 0 0 -1.591377e-17 -0.3325157 0.9430977 0 -0.3325157 0.9430977 0 -0.5101152 0.8601061 0 -0.5101152 0.8601061 0 -0.6681098 0.7440627 0.01570303 -0.640609 0.7677067 0.005561813 -0.7988317 0.6015289 0.03275383 -0.6842681 0.7284946 0.0114794 -0.7323208 0.680863 0.002823268 -0.7685152 0.6398253 0 -0.7922669 0.6101747 0.0003201014 -0.814188 0.5806012 0.006706987 -0.8446662 0.5352513 0.005964655 -0.8725207 0.4885406 0.004199978 -0.9032319 0.4291323 0 -0.916035 0.4010984 0 -0.9688917 0.2474852 0 -0.9688917 0.2474852 0 -0.9985566 0.0537091 0 -0.9985566 0.0537091 0 -0.9898474 -0.1421344 0 -0.9898474 -0.1421344 0 -0.9430977 -0.3325157 0 -0.9430977 -0.3325157 0.004297428 -0.8616118 -0.5075497 0 -0.876419 -0.4815494 0.00127075 -0.8156919 -0.5784852 0.007982621 -0.7441398 -0.6679763 0 -0.7452308 -0.6668067 0.001335395 -0.6652572 -0.746613 0.006072764 -0.5973313 -0.8019716 0 -0.6015453 -0.7988387 0.002823268 -0.557428 -0.8302205 0.01130507 -0.5120364 -0.8588894 0.006172121 -0.4646886 -0.8854527 0.0004663885 -0.4314806 -0.9021221 0 -0.3878509 -0.9217221 0 -0.2474852 -0.9688917 0 -0.2474852 -0.9688917 0.004386548 -0.05693415 -0.9983683 0.001404602 0.05224823 -0.9986331 0 -0.07427842 -0.9972375 -1 -1.702035e-06 1.185325e-05 -1 -1.702035e-06 1.185325e-05 -0.9659897 0.0367532 -0.2559553 -0.9659897 0.0367532 -0.2559553 -0.8662678 0.0710075 -0.4945078 -0.8662678 0.0710075 -0.4945078 -0.7069533 0.100526 -0.7000797 -0.7069533 0.100526 -0.7000797 -0.4997949 0.1231089 -0.8573501 -0.4997949 0.1231089 -0.8573501 -0.2586624 0.1372973 -0.9561607 -0.2586624 0.1372973 -0.9561607 -0.0001189667 0.1421344 -0.9898474 -0.0001189667 0.1421344 -0.9898474 0.2588846 0.1372888 -0.9561017 0.2588846 0.1372888 -0.9561017 0.5000972 0.1230841 -0.8571774 0.5000972 0.1230841 -0.8571774 0.7069533 0.100526 -0.7000797 0.7069533 0.100526 -0.7000797 0.8662678 0.0710075 -0.4945078 0.8662678 0.0710075 -0.4945078 0.9659897 0.0367532 -0.2559553 0.9659897 0.0367532 -0.2559553 1 -1.702035e-06 1.185325e-05 1 -1.702035e-06 1.185325e-05 0.9659956 -0.03675007 0.2559335 0.9659956 -0.03675007 0.2559335 0.8662575 -0.07101005 0.4945256 0.8662575 -0.07101005 0.4945256 0.706914 -0.1005316 0.7001185 0.706914 -0.1005316 0.7001185 0.5000972 -0.1230841 0.8571774 0.5000972 -0.1230841 0.8571774 0.2589719 -0.1372855 0.9560786 0.2589719 -0.1372855 0.9560786 -0.0001191274 -0.1421344 0.9898474 -0.0001191274 -0.1421344 0.9898474 -0.2587498 -0.137294 0.9561375 -0.2587498 -0.137294 0.9561375 -0.4997949 -0.1231089 0.8573501 -0.4997949 -0.1231089 0.8573501 -0.706914 -0.1005316 0.7001185 -0.706914 -0.1005316 0.7001185 -0.8662575 -0.07101005 0.4945256 -0.8662575 -0.07101005 0.4945256 -0.9659956 -0.03675007 0.2559335 -0.9659956 -0.03675007 0.2559335 1 1.055163e-16 -7.575312e-16 1 -6.125964e-17 4.455247e-16 0.9659428 0.0367781 -0.2561287 0.9659428 0.0367781 -0.2561287 0.8660166 0.07106938 -0.4949387 0.8660166 0.07106938 -0.4949387 0.7070872 0.100507 -0.6999471 0.7070872 0.100507 -0.6999471 0.4998599 0.1231035 -0.857313 0.4998599 0.1231035 -0.857313 0.2588462 0.1372903 -0.9561119 0.2588462 0.1372903 -0.9561119 -8.643736e-15 0.1421344 -0.9898474 -8.572447e-15 0.1421344 -0.9898474 -0.2588462 0.1372903 -0.9561119 -0.2588462 0.1372903 -0.9561119 -0.4998599 0.1231035 -0.857313 -0.4998599 0.1231035 -0.857313 -0.7070872 0.100507 -0.6999471 -0.7070872 0.100507 -0.6999471 -0.8660166 0.07106938 -0.4949387 -0.8660166 0.07106938 -0.4949387 -0.9659428 0.0367781 -0.2561287 -0.9659428 0.0367781 -0.2561287 -1 4.455247e-17 -2.762253e-16 -1 1.113812e-18 -3.564197e-17 -0.9659428 -0.0367781 0.2561287 -0.9659428 -0.0367781 0.2561287 -0.8660166 -0.07106938 0.4949387 -0.8660166 -0.07106938 0.4949387 -0.7070872 -0.100507 0.6999471 -0.7070872 -0.100507 0.6999471 -0.4998599 -0.1231035 0.857313 -0.4998599 -0.1231035 0.857313 -0.2588462 -0.1372903 0.9561119 -0.2588462 -0.1372903 0.9561119 -8.804135e-15 -0.1421344 0.9898474 -8.813046e-15 -0.1421344 0.9898474 0.2588462 -0.1372903 0.9561119 0.2588462 -0.1372903 0.9561119 0.4998599 -0.1231035 0.857313 0.4998599 -0.1231035 0.857313 0.7070872 -0.100507 0.6999471 0.7070872 -0.100507 0.6999471 0.8660166 -0.07106938 0.4949387 0.8660166 -0.07106938 0.4949387 0.9659428 -0.0367781 0.2561287 0.9659428 -0.0367781 0.2561287 -9.377917e-19 -0.1011066 0.9948756 -5.887764e-18 -0.1011066 0.9948756 0 0.1829194 -0.9831279 0 0.1829194 -0.9831279 0 0.3031196 -0.9529525 0 0.3031196 -0.9529525 0 0.4558381 -0.8900627 0 0.4558381 -0.8900627 0 0.5961174 -0.8028973 0 0.5961174 -0.8028973 0 0.7201393 -0.6938295 0 0.7201393 -0.6938295 0 0.8245205 -0.5658321 0 0.8245205 -0.5658321 0 0.906407 -0.4224054 0 0.906407 -0.4224054 0 0.9635706 -0.267454 0 0.9635706 -0.267454 0 0.9944499 -0.1052113 0 0.9944499 -0.1052113 0 0.9982041 0.05990461 0 0.9982041 0.05990461 0 0.9747284 0.2233933 0 0.9747284 0.2233933 0 0.9246651 0.3807814 0 0.9246651 0.3807814 0 0.8493812 0.5277799 0 0.8493812 0.5277799 0 0.7509266 0.6603857 0 0.7509266 0.6603857 0 0.6319909 0.7749758 0 0.6319909 0.7749758 0 0.4958108 0.8684306 0 0.4958108 0.8684306 0 0.3461102 0.9381939 0 0.3461102 0.9381939 0 0.1869719 0.9823653 0 0.1869719 0.9823653 0 0.02272777 0.9997417 -4.962693e-18 0.02272777 0.9997417 8.528255e-15 -0.9898474 -0.1421344 1.117549e-14 -0.9898474 -0.1421344 1.649021e-14 -0.9898474 -0.1421344 1.477873e-14 -0.9898474 -0.1421344 -6.564113e-15 -0.9898474 -0.1421344 -4.361876e-15 -0.9898474 -0.1421344 -2.10233e-15 -0.9898474 -0.1421344 -5.668921e-15 -0.9898474 -0.1421344 -2.092454e-14 -0.9898474 -0.1421344 -2.020499e-14 -0.9898474 -0.1421344 -2.826021e-14 -0.9898474 -0.1421344 -1.823348e-14 -0.9898474 -0.1421344 -2.735057e-14 -0.9898474 -0.1421344 -6.430511e-15 -0.9898474 -0.1421344 3.190634e-14 -0.9898474 -0.1421344 3.422633e-14 -0.9898474 -0.1421344 1.106888e-14 -0.9898474 -0.1421344 1.435085e-14 -0.9898474 -0.1421344 4.052323e-14 -0.9898474 -0.1421344 4.686661e-14 -0.9898474 -0.1421344 1.541512e-14 -0.9898474 -0.1421344 6.928977e-15 -0.9898474 -0.1421344 -9.509704e-16 -0.9898474 -0.1421344 -6.468351e-15 -0.9898474 -0.1421344 1.359037e-14 -0.9898474 -0.1421344 1.090623e-14 -0.9898474 -0.1421344 -5.138949e-15 -0.9898474 -0.1421344 9.366766e-15 -0.9898474 -0.1421344 2.203951e-14 -0.9898474 -0.1421344 1.464542e-14 -0.9898474 -0.1421344 -1.316349e-14 -0.9898474 -0.1421344 -2.857703e-14 -0.9898474 -0.1421344 -4.457169e-14 -0.9898474 -0.1421344 -1.425309e-14 -0.9898474 -0.1421344 2.596472e-14 -0.9898474 -0.1421344 3.020611e-14 -0.9898474 -0.1421344 2.179219e-15 -0.9898474 -0.1421344 -2.785273e-14 -0.9898474 -0.1421344 -5.423157e-14 -0.9898474 -0.1421344 -4.678908e-14 -0.9898474 -0.1421344 -1.54638e-14 -0.9898474 -0.1421344 -1.028304e-14 -0.9898474 -0.1421344 -2.657697e-14 -0.9898474 -0.1421344 -2.706062e-14 -0.9898474 -0.1421344 7.021487e-15 -0.9898474 -0.1421344 1.455019e-14 -0.9898474 -0.1421344 2.560236e-14 -0.9898474 -0.1421344 2.538636e-14 -0.9898474 -0.1421344 -9.913519e-16 -0.9898474 -0.1421344 4.250604e-15 -0.9898474 -0.1421344 -1.956631e-18 -0.9898474 -0.1421344 0 -0.9898474 -0.1421344 3.765593e-15 -0.9898474 -0.1421344 1.236711e-15 -0.9898474 -0.1421344 7.16313e-15 -0.9898474 -0.1421344 3.561172e-15 -0.9898474 -0.1421344 -7.16313e-15 -0.9898474 -0.1421344 -1.249626e-15 -0.9898474 -0.1421344 -1.291461e-17 -0.9898474 -0.1421344 -4.248257e-15 -0.9898474 -0.1421344 9.936989e-16 -0.9898474 -0.1421344 -3.561172e-15 -0.9898474 -0.1421344 -2.603055e-15 -0.9898474 -0.1421344 -3.767941e-15 -0.9898474 -0.1421344 0 -0.9898474 -0.1421344 -4.37489e-16 -0.9898474 -0.1421344 3.501261e-15 -0.9898474 -0.1421344 7.41554e-15 -0.9898474 -0.1421344 -3.496567e-15 -0.9898474 -0.1421344 4.222268e-16 -0.9898474 -0.1421344 -1.526272e-17 -0.9898474 -0.1421344 2.600708e-15 -0.9898474 -0.1421344 -7.410847e-15 -0.9898474 -0.1421344 0 0.9898474 0.1421344 0 0.9898474 0.1421344 0 0.9929009 -0.1189447 0 0.9929009 -0.1189447 0 0.9282912 -0.3718541 0 0.9282912 -0.3718541 0 0.8004537 -0.5993946 0 0.8004537 -0.5993946 0 0.6180111 -0.7861693 0 0.6180111 -0.7861693 0 0.3934607 -0.9193414 0 0.3934607 -0.9193414 0 0.1421251 -0.9898487 0 0.1421251 -0.9898487 0 -0.1189131 -0.9929047 0 -0.1189131 -0.9929047 0 -0.3718111 -0.9283084 0 -0.3718111 -0.9283084 0 -0.5994173 -0.8004367 0 -0.5994173 -0.8004367 0 -0.7861508 -0.6180347 0 -0.7861508 -0.6180347 0 -0.9193425 -0.3934582 0 -0.9193425 -0.3934582 0 -0.9898474 -0.1421344 0 -0.9898474 -0.1421344 0 -0.9929094 0.1188736 0 -0.9929094 0.1188736 0 -0.9282912 0.3718541 0 -0.9282912 0.3718541 0 -0.8004135 0.5994482 0 -0.8004135 0.5994482 0 -0.618017 0.7861647 0 -0.618017 0.7861647 0 -0.3935378 0.9193084 0 -0.3935378 0.9193084 0 -0.1421438 0.989846 0 -0.1421438 0.989846 0 0.1189227 0.9929035 0 0.1189227 0.9929035 0 0.3718483 0.9282935 0 0.3718483 0.9282935 0 0.5994341 0.8004241 0 0.5994341 0.8004241 0 0.7861508 0.6180347 0 0.7861508 0.6180347 0 0.9193143 0.3935241 0 0.9193143 0.3935241 -1.250604e-15 -0.9898474 -0.1421344 -3.641169e-15 -0.9898474 -0.1421344 -1.565253e-18 -0.9898474 -0.1421344 0 -0.9898474 -0.1421344 -3.96191e-15 -0.9898474 -0.1421344 1.212584e-16 -0.9898474 -0.1421344 3.646836e-15 -0.9898474 -0.1421344 8.228261e-15 -0.9898474 -0.1421344 -3.65153e-15 -0.9898474 -0.1421344 -1.365206e-16 -0.9898474 -0.1421344 -1.526272e-17 -0.9898474 -0.1421344 3.638821e-15 -0.9898474 -0.1421344 1.252952e-15 -0.9898474 -0.1421344 -8.228258e-15 -0.9898474 -0.1421344 -9.911714e-16 -0.9898474 -0.1421344 3.959563e-15 -0.9898474 -0.1421344 0 -0.9898474 -0.1421344 1.081496e-15 -0.9898474 -0.1421344 7.656102e-15 -0.9898474 -0.1421344 3.345601e-15 -0.9898474 -0.1421344 -7.660796e-15 -0.9898474 -0.1421344 -1.085018e-15 -0.9898474 -0.1421344 -3.522166e-18 -0.9898474 -0.1421344 9.982183e-16 -0.9898474 -0.1421344 -3.340899e-15 -0.9898474 -0.1421344 0 0.9898452 0.1421494 0 0.9898452 0.1421494 0 0.919321 0.3935085 0 0.919321 0.3935085 0 0.7861348 0.6180551 0 0.7861348 0.6180551 0 0.5994236 0.800432 0 0.5994236 0.800432 0 0.3717786 0.9283214 0 0.3717786 0.9283214 0 0.1189358 0.9929019 0 0.1189358 0.9929019 0 -0.1421194 0.9898495 0 -0.1421194 0.9898495 0 -0.3935426 0.9193064 0 -0.3935426 0.9193064 0 -0.6180057 0.7861736 0 -0.6180057 0.7861736 0 -0.8003768 0.5994973 0 -0.8003768 0.5994973 0 -0.9282872 0.3718641 0 -0.9282872 0.3718641 0 -0.9929156 0.1188215 0 -0.9929156 0.1188215 0 -0.9898495 -0.1421194 0 -0.9898495 -0.1421194 0 -0.9193516 -0.3934369 0 -0.9193516 -0.3934369 0 -0.7861603 -0.6180226 0 -0.7861603 -0.6180226 0 -0.5994064 -0.8004448 0 -0.5994064 -0.8004448 0 -0.3718199 -0.9283049 0 -0.3718199 -0.9283049 0 -0.1188506 -0.9929122 0 -0.1188506 -0.9929122 0 0.1421494 -0.9898452 0 0.1421494 -0.9898452 0 0.39341 -0.9193632 0 0.39341 -0.9193632 0 0.6179708 -0.786201 0 0.6179708 -0.786201 0 0.8004744 -0.599367 0 0.8004744 -0.599367 0 0.9282913 -0.3718538 0 0.9282913 -0.3718538 0 0.9928994 -0.118957 0 0.9928994 -0.118957 0 0.9898474 0.1421344 0 0.9898474 0.1421344 0 0.9929094 -0.1188736 0 0.9929094 -0.1188736 0 0.9282912 -0.3718541 0 0.9282912 -0.3718541 0 0.8004135 -0.5994482 0 0.8004135 -0.5994482 0 0.618017 -0.7861647 0 0.618017 -0.7861647 0 0.3935378 -0.9193084 0 0.3935378 -0.9193084 0 0.1421438 -0.989846 0 0.1421438 -0.989846 0 -0.1189227 -0.9929035 0 -0.1189227 -0.9929035 0 -0.3718483 -0.9282935 0 -0.3718483 -0.9282935 0 -0.5994341 -0.8004241 0 -0.5994341 -0.8004241 0 -0.7861508 -0.6180347 0 -0.7861508 -0.6180347 0 -0.9193143 -0.3935241 0 -0.9193143 -0.3935241 0 -0.9898474 -0.1421344 0 -0.9898474 -0.1421344 0 -0.9929009 0.1189447 0 -0.9929009 0.1189447 0 -0.9282912 0.3718541 0 -0.9282912 0.3718541 0 -0.8004537 0.5993946 0 -0.8004537 0.5993946 0 -0.6180111 0.7861693 0 -0.6180111 0.7861693 0 -0.3934607 0.9193414 0 -0.3934607 0.9193414 0 -0.1421251 0.9898487 0 -0.1421251 0.9898487 0 0.1189131 0.9929047 0 0.1189131 0.9929047 0 0.3718111 0.9283084 0 0.3718111 0.9283084 0 0.5994173 0.8004367 0 0.5994173 0.8004367 0 0.7861508 0.6180347 0 0.7861508 0.6180347 0 0.9193425 0.3934582 0 0.9193425 0.3934582 -2.076541e-15 -0.9898474 -0.1421344 2.816524e-15 -0.9898474 -0.1421344 3.288603e-18 -0.9898474 -0.1421344 0 -0.9898474 -0.1421344 4.089566e-15 -0.9898474 -0.1421344 -2.901124e-15 -0.9898474 -0.1421344 5.7761e-15 -0.9898474 -0.1421344 4.376544e-15 -0.9898474 -0.1421344 -5.763573e-15 -0.9898474 -0.1421344 2.929303e-15 -0.9898474 -0.1421344 2.817733e-17 -0.9898474 -0.1421344 -2.816524e-15 -0.9898474 -0.1421344 2.08721e-15 -0.9898474 -0.1421344 -4.349891e-15 -0.9898474 -0.1421344 -4.729276e-16 -0.9898474 -0.1421344 -4.089566e-15 -0.9898474 -0.1421344 0 -0.9898474 -0.1421344 -1.398857e-15 -0.9898474 -0.1421344 2.499985e-15 -0.9898474 -0.1421344 9.866891e-15 -0.9898474 -0.1421344 -2.507755e-15 -0.9898474 -0.1421344 1.417642e-15 -0.9898474 -0.1421344 2.34811e-17 -0.9898474 -0.1421344 4.727055e-16 -0.9898474 -0.1421344 -9.880428e-15 -0.9898474 -0.1421344 -0.1457263 0.9802202 0.1339108 -0.1977507 0.9715845 0.1300699 -0.2749766 0.9513971 0.1386777 -0.3774684 0.9165759 0.1319325 -0.3657666 0.9214591 0.1308736 -0.446662 0.8854876 0.1280808 -0.4815639 0.867553 0.1242898 -0.5161059 0.8485546 0.1165748 -0.5895692 0.7996388 0.1139556 -0.5583933 0.8213802 0.116325 -0.6239791 0.7740109 0.107504 -0.6903265 0.7157778 0.1054106 -0.6944474 0.712801 0.09827266 -0.7735954 0.6265844 0.09456331 -0.7580309 0.6457709 0.09148254 -0.808534 0.5827078 0.08200202 -0.8530763 0.5163698 0.0749868 -0.8666625 0.4938967 0.07044219 -0.9127429 0.4042008 0.05934783 -0.9258981 0.3739531 0.05358892 -0.9592601 0.2796502 0.04019614 -0.9651728 0.2589779 0.0370389 -0.9879144 0.1535015 0.0215046 -0.9836152 0.17846 0.02555636 -0.9940695 0.107657 0.01535476 -0.0001882523 0.2937062 -0.9558957 -0.004192355 0.3934627 -0.919331 0 0.4163789 -0.9091912 -0.0001855686 0.5325419 -0.8464036 -0.004156826 0.6180429 -0.7861334 0 0.6377878 -0.7702121 -0.0001186434 0.7338119 -0.6793527 -0.003924808 0.8004892 -0.5993343 -2.599566e-05 0.8152101 -0.5791653 -0.0001255811 0.8836443 -0.4681589 -0.003564038 0.9283494 -0.3716917 -1.687679e-05 0.9359518 -0.3521281 -0.0001090857 0.9736544 -0.2280286 -0.003131974 0.9929188 -0.1187539 -7.791952e-06 0.9946297 -0.1034973 -9.80217e-05 0.9996737 0.02554569 -1 2.152738e-06 -1.499202e-05 -1 2.152738e-06 -1.499202e-05 -0.965911 -0.03679498 0.2562463 -0.965911 -0.03679498 0.2562463 -0.8660134 -0.07107016 0.4949442 -0.8660134 -0.07107016 0.4949442 -0.7071567 -0.1004971 0.6998783 -0.7071567 -0.1004971 0.6998783 -0.4999506 -0.1230961 0.8572612 -0.4999506 -0.1230961 0.8572612 -0.2587426 -0.1372942 0.9561394 -0.2587426 -0.1372942 0.9561394 -1.514579e-05 -0.1421344 0.9898474 -1.514579e-05 -0.1421344 0.9898474 0.2587709 -0.1372932 0.9561319 0.2587709 -0.1372932 0.9561319 0.499989 -0.1230929 0.8572392 0.499989 -0.1230929 0.8572392 0.7070916 -0.1005064 0.6999428 0.7070916 -0.1005064 0.6999428 0.866021 -0.07106829 0.4949312 0.866021 -0.07106829 0.4949312 0.9659387 -0.03678026 0.2561437 0.9659387 -0.03678026 0.2561437 1 2.152738e-06 -1.499202e-05 1 2.152738e-06 -1.499202e-05 0.9659463 0.03677624 -0.2561157 0.9659463 0.03677624 -0.2561157 0.8660079 0.07107152 -0.4949537 0.8660079 0.07107152 -0.4949537 0.7070417 0.1005135 -0.6999922 0.7070417 0.1005135 -0.6999922 0.499989 0.1230929 -0.8572392 0.499989 0.1230929 -0.8572392 0.2588821 0.1372889 -0.9561024 0.2588821 0.1372889 -0.9561024 -1.517182e-05 0.1421344 -0.9898474 -1.517182e-05 0.1421344 -0.9898474 -0.2588538 0.13729 -0.9561099 -0.2588538 0.13729 -0.9561099 -0.4999506 0.1230961 -0.8572612 -0.4999506 0.1230961 -0.8572612 -0.7071068 0.1005042 -0.6999278 -0.7071068 0.1005042 -0.6999278 -0.8660003 0.07107339 -0.4949667 -0.8660003 0.07107339 -0.4949667 -0.9659185 0.03679096 -0.2562182 -0.9659185 0.03679096 -0.2562182 1 3.416617e-16 -2.422819e-15 1 3.708993e-16 -2.575133e-15 0.9659428 0.0367781 -0.2561287 0.9659428 0.0367781 -0.2561287 0.8660166 0.07106938 -0.4949387 0.8660166 0.07106938 -0.4949387 0.7070872 0.100507 -0.6999471 0.7070872 0.100507 -0.6999471 0.4998599 0.1231035 -0.857313 0.4998599 0.1231035 -0.857313 0.2588462 0.1372903 -0.9561119 0.2588462 0.1372903 -0.9561119 2.049546e-16 0.1421344 -0.9898474 -7.128854e-17 0.1421344 -0.9898474 -0.2588462 0.1372903 -0.9561119 -0.2588462 0.1372903 -0.9561119 -0.5004723 0.1230532 -0.8569629 -0.5004723 0.1230532 -0.8569629 -0.7069366 0.1005284 -0.7000962 -0.7069366 0.1005284 -0.7000962 -0.8660931 0.07105055 -0.4948076 -0.8660931 0.07105055 -0.4948076 -0.9659228 0.03678873 -0.2562027 -0.9659228 0.03678873 -0.2562027 -1 3.910669e-16 -2.718528e-15 -1 3.531858e-16 -2.486785e-15 -0.9659228 -0.03678873 0.2562027 -0.9659228 -0.03678873 0.2562027 -0.8660931 -0.07105055 0.4948076 -0.8660931 -0.07105055 0.4948076 -0.7069366 -0.1005284 0.7000962 -0.7069366 -0.1005284 0.7000962 -0.5004723 -0.1230532 0.8569629 -0.5004723 -0.1230532 0.8569629 -0.2588462 -0.1372903 0.9561119 -0.2588462 -0.1372903 0.9561119 0 -0.1421344 0.9898474 0 -0.1421344 0.9898474 0.2588462 -0.1372903 0.9561119 0.2588462 -0.1372903 0.9561119 0.4998599 -0.1231035 0.857313 0.4998599 -0.1231035 0.857313 0.7070872 -0.100507 0.6999471 0.7070872 -0.100507 0.6999471 0.8660166 -0.07106938 0.4949387 0.8660166 -0.07106938 0.4949387 0.9659428 -0.0367781 0.2561287 0.9659428 -0.0367781 0.2561287</float_array>
          <technique_common>
            <accessor count="7443" source="#normals-array-array" stride="3">
              <param type="float" name="X"/>
              <param type="float" name="Y"/>
              <param type="float" name="Z"/>
            </accessor>
          </technique_common>
        </source>
        <vertices id="verts-array-vertices">
          <input semantic="POSITION" source="#verts-array"/>
        </vertices>
        <triangles count="7888" material="material0">
          <input offset="0" semantic="VERTEX" source="#verts-array-vertices"/>
          <input offset="1" semantic="NORMAL" source="#normals-array"/>
          <p>0 0 1 1 2 2 3 3 2 2 1 1 4 4 5 5 6 6 7 7 6 6 5 5 6 6 7 7 3 3 8 8 3 3 7 7 3 3 8 8 2 2 9 9 10 10 4 4 11 11 4 4 10 10 4 4 11 11 5 5 4 4 12 12 9 9 13 13 9 9 12 12 9 9 13 13 14 14 15 15 14 14 13 13 16 16 17 17 18 18 13 13 19 19 15 15 18 18 15 15 19 19 15 15 18 18 20 20 17 17 20 20 18 18 21 21 22 22 23 23 18 18 24 24 16 16 21 21 16 16 24 24 16 16 21 21 25 25 23 23 25 25 21 21 22 22 26 26 23 23 27 27 23 23 26 26 23 23 27 27 28 28 29 29 30 30 31 31 32 32 31 31 30 30 31 31 32 32 33 33 34 34 33 33 32 32 33 33 34 34 35 35 36 36 35 35 34 34 35 35 36 36 37 37 38 38 37 37 36 36 37 37 38 38 39 39 40 40 39 39 38 38 39 39 40 40 41 41 42 42 41 41 40 40 41 41 42 42 43 43 44 44 43 43 42 42 43 43 44 44 45 45 46 46 45 45 44 44 45 45 46 46 47 47 48 48 47 47 46 46 47 47 48 48 49 49 50 50 49 49 48 48 49 49 50 50 51 51 52 52 51 51 50 50 51 51 52 52 53 53 54 54 53 53 52 52 53 53 54 54 55 55 56 56 55 55 54 54 55 55 56 56 57 57 58 58 57 57 56 56 57 57 58 58 59 59 60 60 59 59 58 58 59 59 60 60 61 61 62 62 61 61 60 60 61 61 62 62 63 63 64 64 63 63 62 62 63 63 64 64 65 65 66 66 65 65 64 64 65 65 66 66 67 67 68 68 67 67 66 66 67 67 68 68 69 69 70 70 69 69 68 68 69 69 70 70 71 71 72 72 71 71 70 70 71 71 72 72 73 73 74 74 73 73 72 72 73 73 74 74 75 75 76 76 75 75 74 74 75 75 76 76 29 29 30 30 29 29 76 76 77 77 78 78 79 79 79 79 80 80 77 77 81 81 77 77 80 80 77 77 81 81 82 82 83 83 82 82 81 81 83 83 84 84 82 82 85 85 82 82 84 84 82 82 85 85 86 86 87 87 88 88 89 89 90 90 91 91 92 92 93 93 94 94 95 95 96 96 95 95 94 94 95 95 96 96 97 97 98 98 97 97 96 96 87 87 89 89 95 95 99 99 95 95 89 89 95 95 99 99 93 93 98 98 96 96 91 91 100 100 91 91 96 96 91 91 100 100 92 92 101 101 102 102 103 103 103 103 102 102 104 104 105 105 106 106 92 92 107 107 92 92 106 106 92 92 107 107 90 90 108 108 90 90 107 107 109 109 110 110 111 111 112 112 111 111 110 110 111 111 112 112 113 113 114 114 113 113 112 112 113 113 114 114 115 115 116 116 115 115 114 114 115 115 116 116 117 117 118 118 117 117 116 116 117 117 118 118 119 119 103 103 120 120 101 101 121 121 101 101 120 120 101 101 121 121 122 122 123 123 122 122 121 121 122 122 123 123 124 124 125 125 124 124 123 123 124 124 125 125 126 126 127 127 126 126 125 125 126 126 127 127 128 128 129 129 128 128 127 127 128 128 129 129 130 130 131 131 130 130 129 129 130 130 131 131 109 109 132 132 109 109 131 131 109 109 132 132 110 110 102 102 133 133 104 104 134 134 104 104 133 133 104 104 134 134 135 135 136 136 135 135 134 134 136 136 137 137 135 135 138 138 135 135 137 137 135 135 138 138 92 92 139 139 92 92 138 138 92 92 139 139 105 105 140 140 141 141 142 142 90 90 142 142 141 141 142 142 90 90 143 143 108 108 143 143 90 90 140 140 144 144 141 141 145 145 141 141 144 144 141 141 145 145 146 146 145 145 147 147 146 146 148 148 146 146 147 147 146 146 148 148 149 149 150 150 149 149 148 148 149 149 150 150 151 151 152 152 151 151 150 150 151 151 152 152 153 153 119 119 153 153 152 152 153 153 119 119 154 154 118 118 154 154 119 119 155 155 156 156 157 157 158 158 159 159 160 160 161 161 162 162 163 163 164 164 165 165 166 166 165 165 164 164 167 167 168 168 169 169 157 157 170 170 171 171 172 172 169 169 168 168 173 173 174 174 175 175 176 176 177 177 178 178 179 179 180 180 181 181 182 182 183 183 184 184 185 185 186 186 187 187 188 188 189 189 190 190 191 191 192 192 193 193 194 194 195 195 196 196 197 197 196 196 198 198 197 197 199 199 197 197 198 198 197 197 199 199 200 200 201 201 202 202 203 203 204 204 203 203 202 202 204 204 205 205 203 203 206 206 203 203 205 205 203 203 206 206 197 197 207 207 197 197 206 206 197 197 207 207 195 195 208 208 209 209 210 210 211 211 210 210 209 209 199 199 212 212 200 200 213 213 200 200 212 212 200 200 213 213 214 214 215 215 214 214 213 213 214 214 215 215 216 216 216 216 217 217 214 214 218 218 214 214 217 217 214 214 218 218 210 210 219 219 210 210 218 218 210 210 219 219 208 208 201 201 203 203 220 220 221 221 220 220 203 203 220 220 221 221 222 222 211 211 223 223 210 210 224 224 210 210 223 223 210 210 224 224 225 225 222 222 225 225 224 224 226 226 227 227 228 228 229 229 228 228 227 227 230 230 231 231 232 232 233 233 230 230 234 234 235 235 234 234 230 230 233 233 236 236 230 230 237 237 230 230 236 236 230 230 237 237 231 231 237 237 238 238 231 231 239 239 231 231 238 238 231 231 239 239 240 240 240 240 241 241 231 231 242 242 231 231 241 241 231 231 242 242 243 243 244 244 243 243 242 242 243 243 244 244 245 245 187 187 186 186 243 243 246 246 243 243 186 186 243 243 246 246 231 231 247 247 248 248 249 249 250 250 249 249 248 248 249 249 250 250 188 188 251 251 188 188 250 250 188 188 251 251 186 186 252 252 253 253 254 254 255 255 256 256 247 247 252 252 254 254 257 257 258 258 259 259 249 249 260 260 249 249 259 259 249 249 260 260 247 247 261 261 247 247 260 260 247 247 261 261 255 255 256 256 257 257 247 247 254 254 247 247 257 257 247 247 254 254 262 262 263 263 262 262 254 254 264 264 183 183 265 265 266 266 267 267 268 268 269 269 268 268 267 267 270 270 271 271 184 184 264 264 272 272 183 183 273 273 183 183 272 272 183 183 273 273 184 184 274 274 184 184 273 273 184 184 274 274 270 270 271 271 275 275 184 184 276 276 184 184 275 275 184 184 276 276 268 268 277 277 268 268 276 276 268 268 277 277 266 266 278 278 279 279 264 264 280 280 264 264 279 279 264 264 280 280 272 272 281 281 282 282 283 283 284 284 283 283 282 282 182 182 181 181 285 285 181 181 286 286 285 285 287 287 285 285 286 286 285 285 287 287 281 281 288 288 281 281 287 287 281 281 288 288 282 282 269 269 289 289 268 268 290 290 268 268 289 289 268 268 290 290 291 291 292 292 291 291 290 290 291 291 292 292 182 182 293 293 182 182 292 292 182 182 293 293 180 180 294 294 295 295 296 296 294 294 296 296 297 297 298 298 299 299 300 300 301 301 300 300 299 299 300 300 301 301 302 302 303 303 302 302 301 301 302 302 303 303 304 304 305 305 306 306 307 307 308 308 307 307 306 306 307 307 308 308 309 309 253 253 310 310 254 254 311 311 254 254 310 310 254 254 311 311 312 312 313 313 312 312 311 311 314 314 315 315 316 316 317 317 316 316 315 315 318 318 319 319 320 320 319 319 321 321 320 320 322 322 320 320 321 321 320 320 322 322 323 323 324 324 325 325 326 326 314 314 327 327 315 315 328 328 315 315 327 327 315 315 328 328 329 329 326 326 330 330 324 324 331 331 324 324 330 330 324 324 331 331 179 179 332 332 179 179 331 331 179 179 332 332 333 333 333 333 334 334 179 179 335 335 179 179 334 334 179 179 335 335 317 317 336 336 317 317 335 335 317 317 336 336 316 316 337 337 338 338 268 268 339 339 268 268 338 338 268 268 339 339 340 340 341 341 340 340 339 339 340 340 341 341 324 324 342 342 324 324 341 341 324 324 342 342 325 325 158 158 343 343 344 344 177 177 179 179 345 345 346 346 345 345 179 179 345 345 346 346 347 347 348 348 349 349 159 159 348 348 159 159 350 350 351 351 352 352 353 353 354 354 353 353 352 352 353 353 354 354 346 346 355 355 346 346 354 354 346 346 355 355 347 347 344 344 356 356 158 158 357 357 158 158 356 356 158 158 357 357 159 159 358 358 159 159 357 357 159 159 358 358 350 350 349 349 359 359 159 159 360 360 159 159 359 359 159 159 360 360 353 353 361 361 353 353 360 360 353 353 361 361 351 351 324 324 362 362 363 363 178 178 364 364 179 179 365 365 179 179 364 364 179 179 365 365 324 324 366 366 324 324 365 365 324 324 366 366 362 362 367 367 368 368 369 369 370 370 369 369 368 368 370 370 371 371 369 369 372 372 369 369 371 371 369 369 372 372 302 302 372 372 373 373 302 302 374 374 302 302 373 373 302 302 374 374 375 375 376 376 377 377 378 378 379 379 378 378 377 377 376 376 380 380 377 377 381 381 377 377 380 380 377 377 381 381 382 382 383 383 382 382 381 381 382 382 383 383 369 369 384 384 369 369 383 383 369 369 384 384 367 367 385 385 386 386 387 387 388 388 387 387 386 386 375 375 389 389 302 302 390 390 302 302 389 389 302 302 390 390 300 300 391 391 300 300 390 390 300 300 391 391 385 385 392 392 385 385 391 391 385 385 392 392 393 393 393 393 394 394 385 385 395 395 385 385 394 394 385 385 395 395 386 386 174 174 176 176 396 396 397 397 398 398 176 176 399 399 400 400 401 401 402 402 401 401 400 400 401 401 402 402 403 403 398 398 404 404 176 176 405 405 176 176 404 404 176 176 405 405 396 396 406 406 407 407 408 408 409 409 408 408 407 407 409 409 410 410 408 408 411 411 408 408 410 410 408 408 411 411 397 397 412 412 413 413 414 414 157 157 414 414 413 413 414 414 157 157 415 415 173 173 416 416 169 169 417 417 169 169 416 416 169 169 417 417 157 157 418 418 157 157 417 417 157 157 418 418 415 415 419 419 420 420 421 421 176 176 421 421 420 420 421 421 176 176 422 422 175 175 422 422 176 176 422 422 175 175 168 168 423 423 168 168 175 175 168 168 423 423 173 173 353 353 424 424 425 425 426 426 427 427 428 428 429 429 428 428 427 427 430 430 431 431 432 432 433 433 432 432 431 431 432 432 433 433 434 434 425 425 435 435 353 353 436 436 353 353 435 435 353 353 436 436 159 159 437 437 159 159 436 436 159 159 437 437 160 160 438 438 160 160 437 437 438 438 439 439 160 160 440 440 160 160 439 439 160 160 440 440 427 427 441 441 427 427 440 440 427 427 441 441 429 429 426 426 442 442 427 427 443 443 427 427 442 442 427 427 443 443 444 444 445 445 444 444 443 443 444 444 445 445 446 446 446 446 447 447 444 444 448 448 444 444 447 447 444 444 448 448 449 449 450 450 451 451 452 452 235 235 230 230 453 453 454 454 453 453 230 230 453 453 454 454 455 455 456 456 457 457 458 458 459 459 458 458 457 457 459 459 460 460 458 458 461 461 458 458 460 460 458 458 461 461 462 462 463 463 462 462 461 461 462 462 463 463 464 464 465 465 466 466 458 458 467 467 468 468 469 469 466 466 470 470 458 458 471 471 458 458 470 470 458 458 471 471 472 472 472 472 473 473 458 458 474 474 458 458 473 473 458 458 474 474 469 469 475 475 469 469 474 474 469 469 475 475 467 467 468 468 476 476 469 469 477 477 469 469 476 476 469 469 477 477 478 478 477 477 479 479 478 478 480 480 478 478 479 479 478 478 480 480 481 481 482 482 481 481 480 480 481 481 482 482 483 483 483 483 484 484 481 481 485 485 481 481 484 484 481 481 485 485 486 486 486 486 487 487 488 488 489 489 488 488 487 487 488 488 489 489 490 490 329 329 318 318 315 315 320 320 315 315 318 318 315 315 320 320 491 491 492 492 491 491 320 320 493 493 494 494 495 495 492 492 495 495 494 494 495 495 492 492 496 496 320 320 496 496 492 492 167 167 497 497 157 157 498 498 157 157 497 497 157 157 498 498 168 168 499 499 500 500 296 296 501 501 296 296 500 500 296 296 501 501 502 502 503 503 502 502 501 501 502 502 503 503 504 504 505 505 504 504 503 503 295 295 298 298 296 296 300 300 296 296 298 298 296 296 300 300 499 499 385 385 499 499 300 300 499 499 385 385 506 506 387 387 506 506 385 385 486 486 488 488 481 481 507 507 481 481 488 488 481 481 507 507 508 508 509 509 510 510 488 488 511 511 488 488 510 510 488 488 511 511 507 507 162 162 512 512 163 163 513 513 163 163 512 512 163 163 513 513 514 514 509 509 514 514 513 513 514 514 509 509 172 172 488 488 172 172 509 509 172 172 488 488 170 170 490 490 170 170 488 488 515 515 516 516 517 517 518 518 519 519 520 520 517 517 516 516 520 520 521 521 520 520 516 516 520 520 521 521 518 518 522 522 523 523 524 524 525 525 524 524 523 523 524 524 525 525 526 526 527 527 528 528 529 529 526 526 530 530 524 524 531 531 524 524 530 530 524 524 531 531 532 532 519 519 533 533 520 520 534 534 520 520 533 533 520 520 534 534 527 527 535 535 527 527 534 534 527 527 535 535 528 528 529 529 536 536 527 527 537 537 527 527 536 536 527 527 537 537 538 538 539 539 540 540 541 541 542 542 541 541 540 540 541 541 542 542 517 517 543 543 517 517 542 542 517 517 543 543 515 515 544 544 545 545 546 546 547 547 546 546 545 545 546 546 547 547 548 548 549 549 544 544 550 550 546 546 550 550 544 544 550 550 546 546 551 551 548 548 551 551 546 546 552 552 214 214 553 553 210 210 553 553 214 214 553 553 210 210 554 554 225 225 554 554 210 210 554 554 225 225 444 444 524 524 555 555 454 454 450 450 454 454 555 555 454 454 450 450 455 455 452 452 455 455 450 450 555 555 556 556 450 450 557 557 450 450 556 556 450 450 557 557 451 451 462 462 451 451 557 557 451 451 462 462 558 558 464 464 558 558 462 462 551 551 432 432 550 550 434 434 550 550 432 432 550 550 434 434 549 549 559 559 549 549 434 434 549 549 559 559 424 424 560 560 424 424 559 559 424 424 560 560 425 425 545 545 561 561 547 547 552 552 547 547 561 561 547 547 552 552 548 548 553 553 548 548 552 552 548 548 553 553 551 551 554 554 551 551 553 553 551 551 554 554 432 432 444 444 432 432 554 554 432 432 444 444 430 430 449 449 430 430 444 444 221 221 562 562 194 194 563 563 194 194 562 562 194 194 563 563 192 192 197 197 520 520 203 203 527 527 203 203 520 520 203 203 527 527 221 221 564 564 221 221 527 527 221 221 564 564 562 562 191 191 562 562 564 564 562 562 191 191 563 563 190 190 563 563 191 191 538 538 522 522 527 527 524 524 527 527 522 522 527 527 524 524 564 564 454 454 564 564 524 524 564 564 454 454 191 191 230 230 191 191 454 454 191 191 230 230 189 189 232 232 189 189 230 230 171 171 465 465 172 172 458 458 172 172 465 465 172 172 458 458 514 514 462 462 514 514 458 458 514 514 462 462 163 163 557 557 163 163 462 462 163 163 557 557 161 161 556 556 161 161 557 557 161 161 556 556 565 565 555 555 565 565 556 556 565 565 555 555 566 566 524 524 566 566 555 555 566 566 524 524 541 541 532 532 541 541 524 524 541 541 532 532 539 539 222 222 221 221 225 225 194 194 225 225 221 221 225 225 194 194 444 444 193 193 444 444 194 194 444 444 193 193 427 427 226 226 427 427 193 193 427 427 226 226 160 160 228 228 160 160 226 226 160 160 228 228 158 158 185 185 184 184 567 567 268 268 567 567 184 184 567 567 268 268 229 229 340 340 229 229 268 268 229 229 340 340 228 228 324 324 228 228 340 340 228 228 324 324 158 158 363 363 158 158 324 324 158 158 363 363 343 343 386 386 568 568 388 388 379 379 388 388 568 568 388 388 379 379 508 508 377 377 508 508 379 379 508 508 377 377 481 481 382 382 481 481 377 377 481 481 382 382 478 478 369 369 478 478 382 382 478 478 369 369 469 469 245 245 456 456 243 243 458 458 243 243 456 456 243 243 458 458 187 187 469 469 187 187 458 458 187 187 469 469 188 188 369 369 188 188 469 469 188 188 369 369 249 249 302 302 249 249 369 369 249 249 302 302 258 258 304 304 258 258 302 302 323 323 337 337 320 320 268 268 320 320 337 337 320 320 268 268 496 496 291 291 496 496 268 268 496 496 291 291 495 495 182 182 495 495 291 291 495 495 182 182 493 493 285 285 493 493 182 182 284 284 279 279 283 283 278 278 283 283 279 279 283 283 278 278 281 281 408 408 281 281 278 278 265 265 569 569 264 264 570 570 264 264 569 569 264 264 570 570 278 278 571 571 278 278 570 570 278 278 571 571 408 408 401 401 408 408 571 571 408 408 401 401 406 406 403 403 406 406 401 401 569 569 572 572 570 570 573 573 570 570 572 572 570 570 573 573 571 571 574 574 571 571 573 573 571 571 574 574 401 401 413 413 401 401 574 574 401 401 413 413 399 399 412 412 399 399 413 413 313 313 575 575 312 312 576 576 312 312 575 575 312 312 576 576 166 166 577 577 166 166 576 576 166 166 577 577 164 164 575 575 305 305 576 576 307 307 576 576 305 305 576 576 307 307 577 577 578 578 577 577 307 307 577 577 578 578 164 164 579 579 164 164 578 578 308 308 297 297 309 309 296 296 309 309 297 297 309 309 296 296 307 307 502 502 307 307 296 296 307 307 502 502 578 578 504 504 578 578 502 502 578 578 504 504 579 579 505 505 579 579 504 504 397 397 176 176 408 408 420 420 408 408 176 176 408 408 420 420 281 281 419 419 281 281 420 420 281 281 419 419 285 285 580 580 285 285 419 419 285 285 580 580 493 493 581 581 493 493 580 580 493 493 581 581 494 494 167 167 157 157 165 165 156 156 165 165 157 157 165 165 156 156 582 582 583 583 584 584 413 413 585 585 413 413 584 584 413 413 585 585 586 586 582 582 587 587 165 165 588 588 165 165 587 587 165 165 588 588 589 589 157 157 590 590 591 591 592 592 593 593 166 166 594 594 166 166 593 593 166 166 594 594 595 595 572 572 263 263 573 573 254 254 573 573 263 263 573 573 254 254 574 574 312 312 574 574 254 254 574 574 312 312 413 413 166 166 413 413 312 312 413 413 166 166 583 583 595 595 583 583 166 166 586 586 596 596 413 413 597 597 413 413 596 596 413 413 597 597 157 157 598 598 157 157 597 597 157 157 598 598 590 590 591 591 599 599 157 157 600 600 157 157 599 599 157 157 600 600 155 155 589 589 601 601 165 165 602 602 165 165 601 601 165 165 602 602 166 166 603 603 166 166 602 602 166 166 603 603 592 592 604 604 605 605 606 606 607 607 606 606 605 605 606 606 607 607 608 608 609 609 608 608 607 607 608 608 609 609 610 610 611 611 610 610 609 609 610 610 611 611 612 612 613 613 612 612 611 611 612 612 613 613 614 614 615 615 614 614 613 613 614 614 615 615 616 616 617 617 616 616 615 615 616 616 617 617 618 618 619 619 618 618 617 617 618 618 619 619 620 620 621 621 620 620 619 619 620 620 621 621 622 622 623 623 622 622 621 621 622 622 623 623 624 624 625 625 624 624 623 623 624 624 625 625 626 626 627 627 626 626 625 625 626 626 627 627 628 628 629 629 628 628 627 627 630 630 631 631 632 632 633 633 632 632 631 631 28 28 27 27 634 634 635 635 634 634 27 27 635 635 636 636 637 637 638 638 639 639 640 640 641 641 642 642 27 27 643 643 27 27 642 642 27 27 643 643 644 644 635 635 637 637 645 645 646 646 647 647 648 648 649 649 648 648 647 647 648 648 649 649 650 650 645 645 650 650 649 649 650 650 645 645 651 651 637 637 651 651 645 645 652 652 653 653 654 654 655 655 656 656 657 657 658 658 657 657 656 656 657 657 658 658 27 27 659 659 27 27 658 658 27 27 659 659 641 641 660 660 661 661 662 662 663 663 664 664 665 665 646 646 666 666 647 647 667 667 647 647 666 666 647 647 667 667 638 638 630 630 668 668 631 631 669 669 631 631 668 668 631 631 669 669 670 670 652 652 671 671 672 672 636 636 635 635 673 673 27 27 673 673 635 635 673 673 27 27 674 674 644 644 674 674 27 27 674 674 644 644 662 662 675 675 662 662 644 644 662 662 675 675 660 660 661 661 676 676 662 662 677 677 662 662 676 676 662 662 677 677 678 678 679 679 678 678 677 677 678 678 679 679 680 680 681 681 680 680 679 679 680 680 681 681 682 682 682 682 681 681 665 665 683 683 665 665 681 681 665 665 683 683 663 663 683 683 684 684 663 663 685 685 663 663 684 684 663 663 685 685 686 686 687 687 686 686 685 685 686 686 687 687 688 688 687 687 689 689 688 688 690 690 688 688 689 689 688 688 690 690 691 691 692 692 691 691 690 690 691 691 692 692 693 693 694 694 693 693 692 692 693 693 694 694 657 657 695 695 657 657 694 694 657 657 695 695 655 655 638 638 640 640 647 647 696 696 647 647 640 640 647 647 696 696 630 630 697 697 630 630 696 696 630 630 697 697 668 668 698 698 699 699 700 700 671 671 700 700 699 699 700 700 671 671 701 701 652 652 701 701 671 671 701 701 652 652 702 702 654 654 702 702 652 652 638 638 703 703 639 639 704 704 639 639 703 703 639 639 704 704 705 705 706 706 705 705 704 704 705 705 706 706 707 707 708 708 707 707 706 706 707 707 708 708 698 698 709 709 698 698 708 708 698 698 709 709 699 699 710 710 711 711 712 712 713 713 712 712 711 711 712 712 713 713 714 714 715 715 714 714 713 713 714 714 715 715 716 716 717 717 716 716 715 715 716 716 717 717 718 718 719 719 718 718 717 717 718 718 719 719 653 653 720 720 653 653 719 719 653 653 720 720 654 654 670 670 721 721 631 631 722 722 631 631 721 721 631 631 722 722 712 712 723 723 712 712 722 722 712 712 723 723 710 710 672 672 724 724 652 652 725 725 652 652 724 724 652 652 725 725 663 663 726 726 663 663 725 725 663 663 726 726 664 664 727 727 728 728 729 729 730 730 729 729 728 728 729 729 730 730 731 731 732 732 733 733 734 734 735 735 734 734 733 733 734 734 735 735 736 736 737 737 738 738 739 739 740 740 741 741 734 734 742 742 734 734 741 741 743 743 744 744 745 745 746 746 747 747 748 748 739 739 749 749 737 737 750 750 737 737 749 749 737 737 750 750 731 731 742 742 751 751 734 734 752 752 734 734 751 751 734 734 752 752 732 732 753 753 754 754 755 755 756 756 755 755 754 754 748 748 747 747 757 757 758 758 757 757 747 747 757 757 758 758 759 759 748 748 760 760 746 746 761 761 746 746 760 760 746 746 761 761 738 738 762 762 738 738 761 761 738 738 762 762 739 739 752 752 763 763 732 732 764 764 732 732 763 763 732 732 764 764 765 765 750 750 766 766 731 731 767 767 731 731 766 766 731 731 767 767 729 729 768 768 729 729 767 767 729 729 768 768 769 769 770 770 771 771 772 772 773 773 774 774 775 775 776 776 777 777 778 778 779 779 778 778 777 777 764 764 780 780 765 765 781 781 765 765 780 780 765 765 781 781 771 771 782 782 771 771 781 781 771 771 782 782 772 772 783 783 784 784 759 759 785 785 786 786 744 744 772 772 787 787 770 770 788 788 770 770 787 787 770 770 788 788 789 789 790 790 789 789 788 788 789 789 790 790 791 791 792 792 791 791 790 790 791 791 792 792 793 793 775 775 793 793 792 792 793 793 775 775 778 778 774 774 778 778 775 775 778 778 774 774 776 776 794 794 795 795 796 796 797 797 796 796 795 795 796 796 797 797 798 798 784 784 799 799 759 759 800 800 759 759 799 799 759 759 800 800 801 801 756 756 802 802 755 755 803 803 755 755 802 802 755 755 803 803 801 801 804 804 801 801 803 803 801 801 804 804 759 759 805 805 806 806 804 804 786 786 807 807 744 744 808 808 744 744 807 807 744 744 808 808 745 745 794 794 796 796 809 809 810 810 809 809 796 796 809 809 810 810 811 811 812 812 813 813 814 814 815 815 816 816 804 804 817 817 818 818 819 819 820 820 819 819 818 818 818 818 821 821 820 820 822 822 820 820 821 821 820 820 822 822 823 823 810 810 824 824 811 811 825 825 811 811 824 824 811 811 825 825 819 819 798 798 826 826 796 796 827 827 796 796 826 826 796 796 827 827 828 828 829 829 828 828 827 827 828 828 829 829 830 830 831 831 830 830 829 829 830 830 831 831 813 813 832 832 813 813 831 831 813 813 832 832 814 814 814 814 833 833 812 812 834 834 812 812 833 833 812 812 834 834 758 758 835 835 758 758 834 834 758 758 835 835 759 759 836 836 759 759 835 835 759 759 836 836 783 783 837 837 838 838 745 745 806 806 839 839 804 804 840 840 804 804 839 839 804 804 840 840 759 759 841 841 842 842 819 819 843 843 819 819 842 842 819 819 843 843 817 817 838 838 844 844 745 745 845 845 745 745 844 844 745 745 845 845 743 743 785 785 744 744 846 846 847 847 846 846 744 744 846 846 847 847 775 775 848 848 775 775 847 847 775 775 848 848 773 773 740 740 734 734 849 849 729 729 849 849 734 734 849 849 729 729 850 850 769 769 850 850 729 729 850 850 769 769 745 745 851 851 745 745 769 769 745 745 851 851 837 837 852 852 837 837 851 851 837 837 852 852 804 804 853 853 804 804 852 852 804 804 853 853 815 815 816 816 854 854 804 804 855 855 804 804 854 854 804 804 855 855 805 805 779 779 856 856 778 778 857 857 778 778 856 856 778 778 857 857 858 858 859 859 858 858 857 857 858 858 859 859 860 860 861 861 860 860 859 859 860 860 861 861 862 862 825 825 863 863 819 819 864 864 819 819 863 863 819 819 864 864 865 865 820 820 861 861 755 755 866 866 755 755 861 861 755 755 866 866 753 753 865 865 867 867 819 819 868 868 819 819 867 867 819 819 868 868 841 841 823 823 869 869 820 820 870 870 820 820 869 869 820 820 870 870 861 861 871 871 861 861 870 870 861 861 871 871 862 862 872 872 873 873 874 874 875 875 874 874 873 873 874 874 875 875 604 604 605 605 604 604 875 875 876 876 877 877 878 878 879 879 878 878 877 877 878 878 879 879 880 880 881 881 880 880 879 879 880 880 881 881 882 882 883 883 882 882 881 881 882 882 883 883 884 884 885 885 884 884 883 883 884 884 885 885 886 886 887 887 886 886 885 885 886 886 887 887 888 888 889 889 888 888 887 887 888 888 889 889 890 890 891 891 890 890 889 889 890 890 891 891 892 892 893 893 892 892 891 891 892 892 893 893 894 894 895 895 894 894 893 893 894 894 895 895 896 896 897 897 896 896 895 895 896 896 897 897 898 898 899 899 898 898 897 897 898 898 899 899 900 900 901 901 900 900 899 899 900 900 901 901 902 902 903 903 902 902 901 901 902 902 903 903 904 904 905 905 904 904 903 903 904 904 905 905 906 906 907 907 906 906 905 905 906 906 907 907 908 908 909 909 908 908 907 907 908 908 909 909 910 910 911 911 910 910 909 909 910 910 911 911 912 912 913 913 912 912 911 911 912 912 913 913 914 914 915 915 914 914 913 913 914 914 915 915 916 916 917 917 916 916 915 915 916 916 917 917 918 918 919 919 918 918 917 917 918 918 919 919 920 920 921 921 920 920 919 919 920 920 921 921 922 922 923 923 922 922 921 921 922 922 923 923 876 876 877 877 876 876 923 923 924 924 925 925 926 926 927 927 926 926 925 925 926 926 927 927 928 928 929 929 930 930 926 926 931 931 926 926 930 930 926 926 931 931 924 924 932 932 933 933 926 926 934 934 926 926 933 933 926 926 934 934 929 929 935 935 936 936 926 926 937 937 926 926 936 936 926 926 937 937 932 932 938 938 939 939 926 926 940 940 926 926 939 939 926 926 940 940 935 935 941 941 942 942 926 926 943 943 926 926 942 942 926 926 943 943 938 938 944 944 945 945 926 926 946 946 926 926 945 945 926 926 946 946 941 941 928 928 947 947 926 926 948 948 926 926 947 947 926 926 948 948 944 944 949 949 950 950 951 951 952 952 951 951 950 950 951 951 952 952 953 953 954 954 953 953 952 952 955 955 956 956 957 957 958 958 957 957 956 956 957 957 958 958 959 959 960 960 959 959 958 958 959 959 960 960 961 961 962 962 961 961 960 960 961 961 962 962 963 963 964 964 963 963 962 962 963 963 964 964 965 965 966 966 965 965 964 964 965 965 966 966 967 967 968 968 967 967 966 966 967 967 968 968 969 969 970 970 969 969 968 968 969 969 970 970 971 971 972 972 971 971 970 970 971 971 972 972 973 973 974 974 973 973 972 972 973 973 974 974 975 975 976 976 975 975 974 974 975 975 976 976 977 977 978 978 977 977 976 976 977 977 978 978 979 979 980 980 979 979 978 978 979 979 980 980 981 981 982 982 981 981 980 980 981 981 982 982 983 983 984 984 983 983 982 982 983 983 984 984 985 985 986 986 985 985 984 984 985 985 986 986 987 987 988 988 987 987 986 986 987 987 988 988 989 989 990 990 989 989 988 988 989 989 990 990 991 991 992 992 991 991 990 990 991 991 992 992 993 993 994 994 993 993 992 992 993 993 994 994 995 995 996 996 995 995 994 994 995 995 996 996 997 997 998 998 997 997 996 996 997 997 998 998 999 999 1000 1000 999 999 998 998 999 999 1000 1000 1001 1001 1002 1002 1001 1001 1000 1000 1001 1001 1002 1002 955 955 956 956 955 955 1002 1002 953 953 954 954 1003 1003 1004 1004 1003 1003 954 954 1003 1003 1004 1004 1005 1005 1006 1006 1005 1005 1004 1004 1005 1005 1006 1006 1007 1007 1008 1008 1007 1007 1006 1006 1007 1007 1008 1008 1009 1009 1010 1010 1009 1009 1008 1008 1009 1009 1010 1010 1011 1011 1012 1012 1011 1011 1010 1010 1011 1011 1012 1012 1013 1013 1014 1014 1013 1013 1012 1012 1015 1015 1016 1016 1017 1017 1018 1018 1017 1017 1016 1016 1017 1017 1018 1018 1019 1019 1020 1020 1019 1019 1018 1018 1019 1019 1020 1020 1021 1021 1022 1022 1021 1021 1020 1020 1021 1021 1022 1022 1023 1023 1024 1024 1023 1023 1022 1022 1023 1023 1024 1024 1025 1025 1026 1026 1025 1025 1024 1024 1025 1025 1026 1026 1027 1027 1028 1028 1027 1027 1026 1026 1027 1027 1028 1028 1029 1029 1030 1030 1029 1029 1028 1028 1029 1029 1030 1030 1031 1031 1032 1032 1031 1031 1030 1030 1031 1031 1032 1032 1033 1033 1034 1034 1033 1033 1032 1032 1033 1033 1034 1034 1035 1035 1036 1036 1035 1035 1034 1034 1035 1035 1036 1036 1037 1037 1038 1038 1037 1037 1036 1036 1037 1037 1038 1038 1039 1039 1040 1040 1039 1039 1038 1038 1039 1039 1040 1040 1041 1041 1042 1042 1041 1041 1040 1040 1041 1041 1042 1042 1043 1043 1044 1044 1043 1043 1042 1042 1043 1043 1044 1044 1045 1045 1046 1046 1045 1045 1044 1044 1045 1045 1046 1046 1047 1047 1048 1048 1047 1047 1046 1046 1047 1047 1048 1048 1049 1049 1050 1050 1049 1049 1048 1048 1049 1049 1050 1050 1051 1051 1052 1052 1051 1051 1050 1050 1051 1051 1052 1052 1053 1053 1054 1054 1053 1053 1052 1052 1053 1053 1054 1054 1055 1055 1056 1056 1055 1055 1054 1054 1055 1055 1056 1056 1057 1057 1058 1058 1057 1057 1056 1056 1057 1057 1058 1058 1059 1059 1060 1060 1059 1059 1058 1058 1059 1059 1060 1060 1061 1061 1062 1062 1061 1061 1060 1060 1061 1061 1062 1062 1015 1015 1016 1016 1015 1015 1062 1062 1063 1063 1064 1064 1065 1065 1066 1066 1065 1065 1064 1064 1064 1064 1067 1067 1066 1066 1068 1068 1066 1066 1067 1067 1066 1066 1068 1068 1069 1069 1070 1070 1069 1069 1068 1068 1069 1069 1070 1070 1071 1071 1072 1072 1071 1071 1070 1070 1071 1071 1072 1072 1073 1073 1074 1074 1073 1073 1072 1072 1073 1073 1074 1074 1075 1075 1074 1074 1076 1076 1075 1075 1077 1077 1075 1075 1076 1076 1075 1075 1077 1077 1078 1078 1079 1079 1078 1078 1077 1077 1078 1078 1079 1079 1080 1080 1081 1081 1080 1080 1079 1079 1080 1080 1081 1081 1082 1082 1083 1083 1082 1082 1081 1081 1082 1082 1083 1083 1084 1084 1083 1083 1085 1085 1084 1084 1086 1086 1084 1084 1085 1085 1084 1084 1086 1086 1087 1087 1086 1086 1088 1088 1087 1087 1089 1089 1087 1087 1088 1088 1087 1087 1089 1089 1090 1090 1090 1090 1091 1091 1087 1087 1092 1092 1087 1087 1091 1091 1087 1087 1092 1092 1093 1093 1094 1094 1093 1093 1092 1092 1093 1093 1094 1094 1095 1095 1096 1096 1095 1095 1094 1094 1095 1095 1096 1096 1097 1097 1098 1098 1097 1097 1096 1096 1097 1097 1098 1098 1099 1099 1100 1100 1099 1099 1098 1098 1099 1099 1100 1100 1101 1101 1102 1102 1101 1101 1100 1100 1101 1101 1102 1102 1103 1103 1102 1102 1104 1104 1103 1103 1105 1105 1103 1103 1104 1104 1103 1103 1105 1105 1106 1106 1105 1105 1107 1107 1106 1106 1108 1108 1106 1106 1107 1107 1106 1106 1108 1108 1109 1109 1109 1109 1110 1110 1106 1106 1111 1111 1106 1106 1110 1110 1106 1106 1111 1111 1112 1112 1113 1113 1112 1112 1111 1111 1112 1112 1113 1113 1114 1114 1115 1115 1114 1114 1113 1113 1114 1114 1115 1115 1116 1116 1117 1117 1116 1116 1115 1115 1116 1116 1117 1117 1118 1118 1119 1119 1118 1118 1117 1117 1118 1118 1119 1119 1120 1120 1119 1119 1121 1121 1120 1120 1122 1122 1120 1120 1121 1121 1120 1120 1122 1122 1123 1123 1124 1124 1123 1123 1122 1122 1123 1123 1124 1124 1125 1125 1126 1126 1125 1125 1124 1124 1125 1125 1126 1126 1127 1127 1128 1128 1127 1127 1126 1126 1128 1128 1129 1129 1127 1127 1130 1130 1127 1127 1129 1129 1127 1127 1130 1130 1131 1131 1130 1130 1132 1132 1131 1131 1133 1133 1131 1131 1132 1132 1131 1131 1133 1133 1134 1134 1135 1135 1134 1134 1133 1133 1134 1134 1135 1135 1136 1136 1137 1137 1136 1136 1135 1135 1136 1136 1137 1137 1138 1138 1139 1139 1138 1138 1137 1137 1138 1138 1139 1139 1140 1140 1141 1141 1140 1140 1139 1139 1140 1140 1141 1141 1142 1142 1143 1143 1142 1142 1141 1141 1142 1142 1143 1143 1065 1065 1144 1144 1065 1065 1143 1143 1065 1065 1144 1144 1063 1063 1013 1013 1014 1014 1145 1145 1146 1146 1145 1145 1014 1014 1146 1146 1147 1147 1145 1145 1148 1148 1145 1145 1147 1147 1145 1145 1148 1148 1149 1149 1150 1150 1151 1151 1152 1152 1153 1153 1152 1152 1151 1151 1152 1152 1153 1153 1154 1154 1155 1155 1154 1154 1153 1153 1154 1154 1155 1155 1156 1156 1157 1157 1156 1156 1155 1155 1156 1156 1157 1157 1158 1158 1159 1159 1158 1158 1157 1157 1158 1158 1159 1159 1160 1160 1161 1161 1160 1160 1159 1159 1160 1160 1161 1161 1162 1162 1163 1163 1162 1162 1161 1161 1162 1162 1163 1163 1164 1164 1165 1165 1164 1164 1163 1163 1164 1164 1165 1165 1166 1166 1167 1167 1166 1166 1165 1165 1166 1166 1167 1167 1168 1168 1169 1169 1168 1168 1167 1167 1168 1168 1169 1169 1170 1170 1171 1171 1170 1170 1169 1169 1170 1170 1171 1171 1172 1172 1173 1173 1172 1172 1171 1171 1172 1172 1173 1173 1174 1174 1175 1175 1174 1174 1173 1173 1174 1174 1175 1175 1176 1176 1177 1177 1176 1176 1175 1175 1176 1176 1177 1177 1178 1178 1179 1179 1178 1178 1177 1177 1178 1178 1179 1179 1180 1180 1181 1181 1180 1180 1179 1179 1180 1180 1181 1181 1182 1182 1183 1183 1182 1182 1181 1181 1182 1182 1183 1183 1184 1184 1185 1185 1184 1184 1183 1183 1184 1184 1185 1185 1186 1186 1187 1187 1186 1186 1185 1185 1186 1186 1187 1187 1188 1188 1189 1189 1188 1188 1187 1187 1188 1188 1189 1189 1190 1190 1191 1191 1190 1190 1189 1189 1190 1190 1191 1191 1192 1192 1193 1193 1192 1192 1191 1191 1192 1192 1193 1193 1194 1194 1195 1195 1194 1194 1193 1193 1194 1194 1195 1195 1196 1196 1197 1197 1196 1196 1195 1195 1196 1196 1197 1197 1150 1150 1151 1151 1150 1150 1197 1197 1198 1198 1199 1199 1200 1200 1201 1201 1200 1200 1199 1199 1200 1200 1201 1201 1202 1202 1203 1203 1202 1202 1201 1201 1202 1202 1203 1203 1204 1204 1205 1205 1204 1204 1203 1203 1204 1204 1205 1205 1206 1206 1207 1207 1206 1206 1205 1205 1206 1206 1207 1207 1208 1208 1209 1209 1208 1208 1207 1207 1208 1208 1209 1209 1210 1210 1211 1211 1210 1210 1209 1209 1210 1210 1211 1211 1212 1212 1213 1213 1212 1212 1211 1211 1212 1212 1213 1213 1214 1214 1215 1215 1214 1214 1213 1213 1214 1214 1215 1215 1216 1216 1217 1217 1216 1216 1215 1215 1216 1216 1217 1217 1218 1218 1219 1219 1218 1218 1217 1217 1218 1218 1219 1219 1220 1220 1221 1221 1220 1220 1219 1219 1220 1220 1221 1221 1222 1222 1223 1223 1222 1222 1221 1221 1222 1222 1223 1223 1224 1224 1225 1225 1224 1224 1223 1223 1224 1224 1225 1225 1226 1226 1227 1227 1226 1226 1225 1225 1226 1226 1227 1227 1228 1228 1229 1229 1228 1228 1227 1227 1228 1228 1229 1229 1230 1230 1231 1231 1230 1230 1229 1229 1230 1230 1231 1231 1232 1232 1233 1233 1232 1232 1231 1231 1232 1232 1233 1233 1234 1234 1235 1235 1234 1234 1233 1233 1234 1234 1235 1235 1236 1236 1237 1237 1236 1236 1235 1235 1236 1236 1237 1237 1238 1238 1239 1239 1238 1238 1237 1237 1238 1238 1239 1239 1240 1240 1241 1241 1240 1240 1239 1239 1240 1240 1241 1241 1242 1242 1243 1243 1242 1242 1241 1241 1242 1242 1243 1243 1244 1244 1245 1245 1244 1244 1243 1243 1244 1244 1245 1245 1198 1198 1199 1199 1198 1198 1245 1245 1246 1246 1247 1247 1248 1248 1249 1249 1248 1248 1247 1247 1248 1248 1249 1249 1250 1250 1251 1251 1252 1252 1248 1248 1253 1253 1248 1248 1252 1252 1248 1248 1253 1253 1246 1246 1254 1254 1255 1255 1248 1248 1256 1256 1248 1248 1255 1255 1248 1248 1256 1256 1251 1251 1257 1257 1258 1258 1248 1248 1259 1259 1248 1248 1258 1258 1248 1248 1259 1259 1254 1254 1260 1260 1261 1261 1248 1248 1262 1262 1248 1248 1261 1261 1248 1248 1262 1262 1257 1257 1263 1263 1264 1264 1248 1248 1265 1265 1248 1248 1264 1264 1248 1248 1265 1265 1260 1260 1266 1266 1267 1267 1248 1248 1268 1268 1248 1248 1267 1267 1248 1248 1268 1268 1263 1263 1250 1250 1269 1269 1248 1248 1270 1270 1248 1248 1269 1269 1248 1248 1270 1270 1266 1266 1271 1271 1272 1272 1273 1273 1274 1274 1273 1273 1272 1272 1273 1273 1274 1274 1275 1275 1276 1276 1275 1275 1274 1274 1275 1275 1276 1276 1277 1277 1278 1278 1277 1277 1276 1276 1277 1277 1278 1278 1279 1279 1280 1280 1279 1279 1278 1278 1279 1279 1280 1280 1281 1281 1282 1282 1281 1281 1280 1280 1281 1281 1282 1282 1283 1283 1284 1284 1283 1283 1282 1282 1283 1283 1284 1284 1285 1285 1286 1286 1285 1285 1284 1284 1285 1285 1286 1286 1287 1287 1288 1288 1287 1287 1286 1286 1287 1287 1288 1288 1289 1289 1290 1290 1289 1289 1288 1288 1289 1289 1290 1290 1291 1291 1292 1292 1291 1291 1290 1290 1291 1291 1292 1292 1293 1293 1294 1294 1293 1293 1292 1292 1293 1293 1294 1294 1295 1295 1296 1296 1295 1295 1294 1294 1295 1295 1296 1296 1297 1297 1298 1298 1297 1297 1296 1296 1297 1297 1298 1298 1299 1299 1300 1300 1299 1299 1298 1298 1299 1299 1300 1300 1301 1301 1302 1302 1301 1301 1300 1300 1301 1301 1302 1302 1303 1303 1304 1304 1303 1303 1302 1302 1303 1303 1304 1304 1305 1305 1306 1306 1305 1305 1304 1304 1305 1305 1306 1306 1307 1307 1308 1308 1307 1307 1306 1306 1307 1307 1308 1308 1309 1309 1310 1310 1309 1309 1308 1308 1309 1309 1310 1310 1311 1311 1312 1312 1311 1311 1310 1310 1311 1311 1312 1312 1313 1313 1314 1314 1313 1313 1312 1312 1313 1313 1314 1314 1315 1315 1316 1316 1315 1315 1314 1314 1315 1315 1316 1316 1317 1317 1318 1318 1317 1317 1316 1316 1317 1317 1318 1318 1271 1271 1272 1272 1271 1271 1318 1318 1319 1319 1320 1320 1321 1321 1322 1322 1321 1321 1320 1320 1321 1321 1322 1322 1323 1323 1324 1324 1323 1323 1322 1322 1323 1323 1324 1324 1325 1325 1326 1326 1325 1325 1324 1324 1325 1325 1326 1326 1327 1327 1328 1328 1327 1327 1326 1326 1327 1327 1328 1328 1329 1329 1330 1330 1329 1329 1328 1328 1329 1329 1330 1330 1331 1331 1332 1332 1331 1331 1330 1330 1331 1331 1332 1332 1333 1333 1334 1334 1333 1333 1332 1332 1333 1333 1334 1334 1335 1335 1336 1336 1335 1335 1334 1334 1335 1335 1336 1336 1337 1337 1338 1338 1337 1337 1336 1336 1337 1337 1338 1338 1339 1339 1340 1340 1339 1339 1338 1338 1339 1339 1340 1340 1341 1341 1342 1342 1341 1341 1340 1340 1341 1341 1342 1342 1343 1343 1344 1344 1343 1343 1342 1342 1343 1343 1344 1344 1345 1345 1346 1346 1345 1345 1344 1344 1345 1345 1346 1346 1347 1347 1348 1348 1347 1347 1346 1346 1347 1347 1348 1348 1349 1349 1350 1350 1349 1349 1348 1348 1349 1349 1350 1350 1351 1351 1352 1352 1351 1351 1350 1350 1351 1351 1352 1352 1353 1353 1354 1354 1353 1353 1352 1352 1353 1353 1354 1354 1355 1355 1356 1356 1355 1355 1354 1354 1355 1355 1356 1356 1357 1357 1358 1358 1357 1357 1356 1356 1357 1357 1358 1358 1359 1359 1360 1360 1359 1359 1358 1358 1359 1359 1360 1360 1361 1361 1362 1362 1361 1361 1360 1360 1361 1361 1362 1362 1363 1363 1364 1364 1363 1363 1362 1362 1363 1363 1364 1364 1365 1365 1366 1366 1365 1365 1364 1364 1365 1365 1366 1366 1319 1319 1320 1320 1319 1319 1366 1366 1367 1367 1368 1368 1369 1369 1370 1370 1369 1369 1368 1368 1369 1369 1370 1370 1371 1371 1372 1372 1371 1371 1370 1370 1371 1371 1372 1372 1373 1373 1374 1374 1373 1373 1372 1372 1373 1373 1374 1374 1375 1375 1376 1376 1375 1375 1374 1374 1375 1375 1376 1376 1377 1377 1378 1378 1377 1377 1376 1376 1377 1377 1378 1378 1379 1379 1380 1380 1379 1379 1378 1378 1379 1379 1380 1380 1381 1381 1382 1382 1381 1381 1380 1380 1381 1381 1382 1382 1383 1383 1384 1384 1383 1383 1382 1382 1383 1383 1384 1384 1385 1385 1386 1386 1385 1385 1384 1384 1385 1385 1386 1386 1387 1387 1388 1388 1387 1387 1386 1386 1387 1387 1388 1388 1389 1389 1390 1390 1389 1389 1388 1388 1389 1389 1390 1390 1391 1391 1392 1392 1391 1391 1390 1390 1391 1391 1392 1392 1393 1393 1394 1394 1393 1393 1392 1392 1393 1393 1394 1394 1395 1395 1396 1396 1395 1395 1394 1394 1395 1395 1396 1396 1397 1397 1398 1398 1397 1397 1396 1396 1397 1397 1398 1398 1399 1399 1400 1400 1399 1399 1398 1398 1399 1399 1400 1400 1401 1401 1402 1402 1401 1401 1400 1400 1401 1401 1402 1402 1403 1403 1404 1404 1403 1403 1402 1402 1403 1403 1404 1404 1405 1405 1406 1406 1405 1405 1404 1404 1405 1405 1406 1406 1407 1407 1408 1408 1407 1407 1406 1406 1407 1407 1408 1408 1409 1409 1410 1410 1409 1409 1408 1408 1409 1409 1410 1410 1411 1411 1412 1412 1411 1411 1410 1410 1411 1411 1412 1412 1413 1413 1414 1414 1413 1413 1412 1412 1413 1413 1414 1414 1367 1367 1368 1368 1367 1367 1414 1414 1415 1415 1416 1416 1417 1417 1418 1418 1417 1417 1416 1416 1417 1417 1418 1418 1419 1419 1420 1420 1421 1421 1417 1417 1422 1422 1417 1417 1421 1421 1417 1417 1422 1422 1415 1415 1423 1423 1424 1424 1417 1417 1425 1425 1417 1417 1424 1424 1417 1417 1425 1425 1420 1420 1426 1426 1427 1427 1417 1417 1428 1428 1417 1417 1427 1427 1417 1417 1428 1428 1423 1423 1429 1429 1430 1430 1417 1417 1431 1431 1417 1417 1430 1430 1417 1417 1431 1431 1426 1426 1432 1432 1433 1433 1417 1417 1434 1434 1417 1417 1433 1433 1417 1417 1434 1434 1429 1429 1435 1435 1436 1436 1417 1417 1437 1437 1417 1417 1436 1436 1417 1417 1437 1437 1432 1432 1419 1419 1438 1438 1417 1417 1439 1439 1417 1417 1438 1438 1417 1417 1439 1439 1435 1435 1440 1440 1441 1441 1442 1442 1443 1443 1442 1442 1441 1441 1442 1442 1443 1443 1444 1444 1445 1445 1444 1444 1443 1443 1444 1444 1445 1445 1446 1446 1447 1447 1446 1446 1445 1445 1446 1446 1447 1447 1448 1448 1449 1449 1448 1448 1447 1447 1448 1448 1449 1449 1450 1450 1451 1451 1450 1450 1449 1449 1450 1450 1451 1451 1452 1452 1453 1453 1452 1452 1451 1451 1452 1452 1453 1453 1454 1454 1455 1455 1454 1454 1453 1453 1454 1454 1455 1455 1456 1456 1457 1457 1456 1456 1455 1455 1456 1456 1457 1457 1458 1458 1459 1459 1458 1458 1457 1457 1458 1458 1459 1459 1460 1460 1461 1461 1460 1460 1459 1459 1460 1460 1461 1461 1462 1462 1463 1463 1462 1462 1461 1461 1462 1462 1463 1463 1464 1464 1465 1465 1464 1464 1463 1463 1464 1464 1465 1465 1466 1466 1467 1467 1466 1466 1465 1465 1466 1466 1467 1467 1468 1468 1469 1469 1468 1468 1467 1467 1468 1468 1469 1469 1470 1470 1471 1471 1470 1470 1469 1469 1470 1470 1471 1471 1472 1472 1473 1473 1472 1472 1471 1471 1472 1472 1473 1473 1474 1474 1475 1475 1474 1474 1473 1473 1474 1474 1475 1475 1476 1476 1477 1477 1476 1476 1475 1475 1476 1476 1477 1477 1478 1478 1479 1479 1478 1478 1477 1477 1478 1478 1479 1479 1480 1480 1481 1481 1480 1480 1479 1479 1480 1480 1481 1481 1482 1482 1483 1483 1482 1482 1481 1481 1482 1482 1483 1483 1484 1484 1485 1485 1484 1484 1483 1483 1484 1484 1485 1485 1486 1486 1487 1487 1486 1486 1485 1485 1486 1486 1487 1487 1440 1440 1441 1441 1440 1440 1487 1487 1488 1488 1489 1489 1490 1490 1491 1491 1490 1490 1489 1489 1490 1490 1491 1491 1492 1492 1493 1493 1494 1494 1490 1490 1495 1495 1490 1490 1494 1494 1490 1490 1495 1495 1488 1488 1496 1496 1497 1497 1490 1490 1498 1498 1490 1490 1497 1497 1490 1490 1498 1498 1493 1493 1499 1499 1500 1500 1490 1490 1501 1501 1490 1490 1500 1500 1490 1490 1501 1501 1496 1496 1502 1502 1503 1503 1490 1490 1504 1504 1490 1490 1503 1503 1490 1490 1504 1504 1499 1499 1505 1505 1506 1506 1490 1490 1507 1507 1490 1490 1506 1506 1490 1490 1507 1507 1502 1502 1508 1508 1509 1509 1490 1490 1510 1510 1490 1490 1509 1509 1490 1490 1510 1510 1505 1505 1492 1492 1511 1511 1490 1490 1512 1512 1490 1490 1511 1511 1490 1490 1512 1512 1508 1508 1513 1513 1514 1514 1515 1515 1516 1516 1515 1515 1514 1514 1515 1515 1516 1516 1517 1517 1518 1518 1517 1517 1516 1516 1517 1517 1518 1518 1519 1519 1520 1520 1519 1519 1518 1518 1519 1519 1520 1520 1521 1521 1522 1522 1521 1521 1520 1520 1521 1521 1522 1522 1523 1523 1524 1524 1523 1523 1522 1522 1523 1523 1524 1524 1525 1525 1526 1526 1525 1525 1524 1524 1525 1525 1526 1526 1527 1527 1528 1528 1527 1527 1526 1526 1527 1527 1528 1528 1529 1529 1530 1530 1529 1529 1528 1528 1529 1529 1530 1530 1531 1531 1532 1532 1531 1531 1530 1530 1531 1531 1532 1532 1533 1533 1534 1534 1533 1533 1532 1532 1533 1533 1534 1534 1535 1535 1536 1536 1535 1535 1534 1534 1535 1535 1536 1536 1537 1537 1538 1538 1537 1537 1536 1536 1537 1537 1538 1538 1539 1539 1540 1540 1539 1539 1538 1538 1539 1539 1540 1540 1541 1541 1542 1542 1541 1541 1540 1540 1541 1541 1542 1542 1543 1543 1544 1544 1543 1543 1542 1542 1543 1543 1544 1544 1545 1545 1546 1546 1545 1545 1544 1544 1545 1545 1546 1546 1547 1547 1548 1548 1547 1547 1546 1546 1547 1547 1548 1548 1549 1549 1550 1550 1549 1549 1548 1548 1549 1549 1550 1550 1551 1551 1552 1552 1551 1551 1550 1550 1551 1551 1552 1552 1553 1553 1554 1554 1553 1553 1552 1552 1553 1553 1554 1554 1555 1555 1556 1556 1555 1555 1554 1554 1555 1555 1556 1556 1557 1557 1558 1558 1557 1557 1556 1556 1557 1557 1558 1558 1559 1559 1560 1560 1559 1559 1558 1558 1559 1559 1560 1560 1513 1513 1514 1514 1513 1513 1560 1560 1561 1561 1562 1562 1563 1563 1564 1564 1563 1563 1562 1562 1563 1563 1564 1564 1565 1565 1566 1566 1567 1567 1563 1563 1568 1568 1563 1563 1567 1567 1563 1563 1568 1568 1561 1561 1569 1569 1570 1570 1563 1563 1571 1571 1563 1563 1570 1570 1563 1563 1571 1571 1566 1566 1572 1572 1573 1573 1563 1563 1574 1574 1563 1563 1573 1573 1563 1563 1574 1574 1569 1569 1575 1575 1576 1576 1563 1563 1577 1577 1563 1563 1576 1576 1563 1563 1577 1577 1572 1572 1578 1578 1579 1579 1563 1563 1580 1580 1563 1563 1579 1579 1563 1563 1580 1580 1575 1575 1581 1581 1582 1582 1563 1563 1583 1583 1563 1563 1582 1582 1563 1563 1583 1583 1578 1578 1565 1565 1584 1584 1563 1563 1585 1585 1563 1563 1584 1584 1563 1563 1585 1585 1581 1581 1586 1586 1587 1587 1588 1588 1589 1589 1588 1588 1587 1587 1588 1588 1589 1589 1590 1590 1591 1591 1590 1590 1589 1589 1590 1590 1591 1591 1592 1592 1593 1593 1592 1592 1591 1591 1592 1592 1593 1593 1594 1594 1595 1595 1594 1594 1593 1593 1594 1594 1595 1595 1596 1596 1597 1597 1596 1596 1595 1595 1596 1596 1597 1597 1598 1598 1599 1599 1598 1598 1597 1597 1598 1598 1599 1599 1600 1600 1601 1601 1600 1600 1599 1599 1600 1600 1601 1601 1602 1602 1603 1603 1602 1602 1601 1601 1602 1602 1603 1603 1604 1604 1605 1605 1604 1604 1603 1603 1604 1604 1605 1605 1606 1606 1607 1607 1606 1606 1605 1605 1606 1606 1607 1607 1608 1608 1609 1609 1608 1608 1607 1607 1608 1608 1609 1609 1610 1610 1611 1611 1610 1610 1609 1609 1610 1610 1611 1611 1612 1612 1613 1613 1612 1612 1611 1611 1612 1612 1613 1613 1614 1614 1615 1615 1614 1614 1613 1613 1614 1614 1615 1615 1616 1616 1617 1617 1616 1616 1615 1615 1616 1616 1617 1617 1618 1618 1619 1619 1618 1618 1617 1617 1618 1618 1619 1619 1620 1620 1621 1621 1620 1620 1619 1619 1620 1620 1621 1621 1622 1622 1623 1623 1622 1622 1621 1621 1622 1622 1623 1623 1624 1624 1625 1625 1624 1624 1623 1623 1624 1624 1625 1625 1626 1626 1627 1627 1626 1626 1625 1625 1626 1626 1627 1627 1628 1628 1629 1629 1628 1628 1627 1627 1628 1628 1629 1629 1630 1630 1631 1631 1630 1630 1629 1629 1630 1630 1631 1631 1632 1632 1633 1633 1632 1632 1631 1631 1632 1632 1633 1633 1586 1586 1587 1587 1586 1586 1633 1633 1634 1634 1635 1635 1636 1636 1637 1637 1636 1636 1635 1635 1636 1636 1637 1637 1638 1638 1639 1639 1638 1638 1637 1637 1638 1638 1639 1639 1640 1640 1641 1641 1640 1640 1639 1639 1640 1640 1641 1641 1642 1642 1643 1643 1642 1642 1641 1641 1642 1642 1643 1643 1644 1644 1645 1645 1644 1644 1643 1643 1644 1644 1645 1645 1646 1646 1647 1647 1646 1646 1645 1645 1646 1646 1647 1647 1648 1648 1649 1649 1648 1648 1647 1647 1648 1648 1649 1649 1650 1650 1651 1651 1650 1650 1649 1649 1650 1650 1651 1651 1652 1652 1653 1653 1652 1652 1651 1651 1652 1652 1653 1653 1654 1654 1655 1655 1654 1654 1653 1653 1654 1654 1655 1655 1656 1656 1657 1657 1656 1656 1655 1655 1656 1656 1657 1657 1658 1658 1659 1659 1658 1658 1657 1657 1658 1658 1659 1659 1660 1660 1661 1661 1660 1660 1659 1659 1660 1660 1661 1661 1662 1662 1663 1663 1662 1662 1661 1661 1662 1662 1663 1663 1664 1664 1665 1665 1664 1664 1663 1663 1664 1664 1665 1665 1666 1666 1667 1667 1666 1666 1665 1665 1666 1666 1667 1667 1668 1668 1669 1669 1668 1668 1667 1667 1668 1668 1669 1669 1670 1670 1671 1671 1670 1670 1669 1669 1670 1670 1671 1671 1672 1672 1673 1673 1672 1672 1671 1671 1672 1672 1673 1673 1674 1674 1675 1675 1674 1674 1673 1673 1674 1674 1675 1675 1676 1676 1677 1677 1676 1676 1675 1675 1676 1676 1677 1677 1678 1678 1679 1679 1678 1678 1677 1677 1678 1678 1679 1679 1680 1680 1681 1681 1680 1680 1679 1679 1680 1680 1681 1681 1634 1634 1635 1635 1634 1634 1681 1681 1682 1682 1683 1683 1684 1684 1685 1685 1684 1684 1683 1683 1684 1684 1685 1685 1686 1686 1687 1687 1686 1686 1685 1685 1686 1686 1687 1687 1688 1688 1689 1689 1688 1688 1687 1687 1688 1688 1689 1689 1690 1690 1691 1691 1690 1690 1689 1689 1690 1690 1691 1691 1692 1692 1693 1693 1692 1692 1691 1691 1692 1692 1693 1693 1694 1694 1695 1695 1694 1694 1693 1693 1694 1694 1695 1695 1696 1696 1697 1697 1696 1696 1695 1695 1696 1696 1697 1697 1698 1698 1699 1699 1698 1698 1697 1697 1698 1698 1699 1699 1700 1700 1701 1701 1700 1700 1699 1699 1700 1700 1701 1701 1702 1702 1703 1703 1702 1702 1701 1701 1702 1702 1703 1703 1704 1704 1705 1705 1704 1704 1703 1703 1704 1704 1705 1705 1706 1706 1707 1707 1706 1706 1705 1705 1706 1706 1707 1707 1708 1708 1709 1709 1708 1708 1707 1707 1708 1708 1709 1709 1710 1710 1711 1711 1710 1710 1709 1709 1710 1710 1711 1711 1712 1712 1713 1713 1712 1712 1711 1711 1712 1712 1713 1713 1714 1714 1715 1715 1714 1714 1713 1713 1714 1714 1715 1715 1716 1716 1717 1717 1716 1716 1715 1715 1716 1716 1717 1717 1718 1718 1719 1719 1718 1718 1717 1717 1718 1718 1719 1719 1720 1720 1721 1721 1720 1720 1719 1719 1720 1720 1721 1721 1722 1722 1723 1723 1722 1722 1721 1721 1722 1722 1723 1723 1724 1724 1725 1725 1724 1724 1723 1723 1724 1724 1725 1725 1726 1726 1727 1727 1726 1726 1725 1725 1726 1726 1727 1727 1728 1728 1729 1729 1728 1728 1727 1727 1728 1728 1729 1729 1682 1682 1683 1683 1682 1682 1729 1729 1730 1730 1731 1731 1732 1732 1733 1733 1732 1732 1731 1731 1732 1732 1733 1733 1734 1734 1735 1735 1736 1736 1732 1732 1737 1737 1732 1732 1736 1736 1732 1732 1737 1737 1730 1730 1738 1738 1739 1739 1732 1732 1740 1740 1732 1732 1739 1739 1732 1732 1740 1740 1735 1735 1741 1741 1742 1742 1732 1732 1743 1743 1732 1732 1742 1742 1732 1732 1743 1743 1738 1738 1744 1744 1745 1745 1732 1732 1746 1746 1732 1732 1745 1745 1732 1732 1746 1746 1741 1741 1747 1747 1748 1748 1732 1732 1749 1749 1732 1732 1748 1748 1732 1732 1749 1749 1744 1744 1750 1750 1751 1751 1732 1732 1752 1752 1732 1732 1751 1751 1732 1732 1752 1752 1747 1747 1734 1734 1753 1753 1732 1732 1754 1754 1732 1732 1753 1753 1732 1732 1754 1754 1750 1750 1755 1755 1756 1756 1757 1757 1758 1758 1757 1757 1756 1756 1757 1757 1758 1758 1759 1759 1760 1760 1759 1759 1758 1758 1759 1759 1760 1760 1761 1761 1762 1762 1761 1761 1760 1760 1761 1761 1762 1762 1763 1763 1764 1764 1763 1763 1762 1762 1763 1763 1764 1764 1765 1765 1766 1766 1765 1765 1764 1764 1765 1765 1766 1766 1767 1767 1768 1768 1767 1767 1766 1766 1767 1767 1768 1768 1769 1769 1770 1770 1769 1769 1768 1768 1769 1769 1770 1770 1771 1771 1772 1772 1771 1771 1770 1770 1771 1771 1772 1772 1773 1773 1774 1774 1773 1773 1772 1772 1773 1773 1774 1774 1775 1775 1776 1776 1775 1775 1774 1774 1775 1775 1776 1776 1777 1777 1778 1778 1777 1777 1776 1776 1777 1777 1778 1778 1779 1779 1780 1780 1779 1779 1778 1778 1779 1779 1780 1780 1781 1781 1782 1782 1781 1781 1780 1780 1781 1781 1782 1782 1783 1783 1784 1784 1783 1783 1782 1782 1783 1783 1784 1784 1785 1785 1786 1786 1785 1785 1784 1784 1785 1785 1786 1786 1787 1787 1788 1788 1787 1787 1786 1786 1787 1787 1788 1788 1789 1789 1790 1790 1789 1789 1788 1788 1789 1789 1790 1790 1791 1791 1792 1792 1791 1791 1790 1790 1791 1791 1792 1792 1793 1793 1794 1794 1793 1793 1792 1792 1793 1793 1794 1794 1795 1795 1796 1796 1795 1795 1794 1794 1795 1795 1796 1796 1797 1797 1798 1798 1797 1797 1796 1796 1797 1797 1798 1798 1799 1799 1800 1800 1799 1799 1798 1798 1799 1799 1800 1800 1801 1801 1802 1802 1801 1801 1800 1800 1801 1801 1802 1802 1755 1755 1756 1756 1755 1755 1802 1802 1803 1803 1804 1804 1805 1805 1806 1806 1805 1805 1804 1804 1805 1805 1806 1806 1807 1807 1808 1808 1807 1807 1806 1806 1807 1807 1808 1808 1809 1809 1810 1810 1809 1809 1808 1808 1809 1809 1810 1810 1811 1811 1812 1812 1811 1811 1810 1810 1811 1811 1812 1812 1813 1813 1814 1814 1813 1813 1812 1812 1813 1813 1814 1814 1815 1815 1816 1816 1815 1815 1814 1814 1815 1815 1816 1816 1817 1817 1818 1818 1817 1817 1816 1816 1817 1817 1818 1818 1819 1819 1820 1820 1819 1819 1818 1818 1819 1819 1820 1820 1821 1821 1822 1822 1821 1821 1820 1820 1821 1821 1822 1822 1823 1823 1824 1824 1823 1823 1822 1822 1823 1823 1824 1824 1825 1825 1826 1826 1825 1825 1824 1824 1825 1825 1826 1826 1827 1827 1828 1828 1827 1827 1826 1826 1827 1827 1828 1828 1829 1829 1830 1830 1829 1829 1828 1828 1829 1829 1830 1830 1831 1831 1832 1832 1831 1831 1830 1830 1831 1831 1832 1832 1833 1833 1834 1834 1833 1833 1832 1832 1833 1833 1834 1834 1835 1835 1836 1836 1835 1835 1834 1834 1835 1835 1836 1836 1837 1837 1838 1838 1837 1837 1836 1836 1837 1837 1838 1838 1839 1839 1840 1840 1839 1839 1838 1838 1839 1839 1840 1840 1841 1841 1842 1842 1841 1841 1840 1840 1841 1841 1842 1842 1843 1843 1844 1844 1843 1843 1842 1842 1843 1843 1844 1844 1845 1845 1846 1846 1845 1845 1844 1844 1845 1845 1846 1846 1847 1847 1848 1848 1847 1847 1846 1846 1847 1847 1848 1848 1849 1849 1850 1850 1849 1849 1848 1848 1849 1849 1850 1850 1803 1803 1804 1804 1803 1803 1850 1850 1851 1851 1852 1852 1853 1853 1854 1854 1853 1853 1852 1852 1853 1853 1854 1854 1855 1855 1856 1856 1855 1855 1854 1854 1855 1855 1856 1856 1857 1857 1858 1858 1857 1857 1856 1856 1857 1857 1858 1858 1859 1859 1860 1860 1861 1861 1862 1862 1863 1863 1862 1862 1861 1861 1862 1862 1863 1863 1864 1864 1865 1865 1864 1864 1863 1863 1864 1864 1865 1865 1866 1866 1867 1867 1866 1866 1865 1865 1866 1866 1867 1867 1868 1868 1869 1869 1868 1868 1867 1867 1868 1868 1869 1869 1870 1870 1871 1871 1870 1870 1869 1869 1870 1870 1871 1871 1872 1872 1873 1873 1872 1872 1871 1871 1872 1872 1873 1873 1874 1874 1875 1875 1874 1874 1873 1873 1874 1874 1875 1875 1876 1876 1877 1877 1876 1876 1875 1875 1876 1876 1877 1877 1878 1878 1879 1879 1878 1878 1877 1877 1878 1878 1879 1879 1880 1880 1881 1881 1880 1880 1879 1879 1880 1880 1881 1881 1882 1882 1883 1883 1882 1882 1881 1881 1882 1882 1883 1883 1884 1884 1885 1885 1884 1884 1883 1883 1884 1884 1885 1885 1886 1886 1887 1887 1886 1886 1885 1885 1886 1886 1887 1887 1888 1888 1889 1889 1888 1888 1887 1887 1888 1888 1889 1889 1890 1890 1891 1891 1890 1890 1889 1889 1890 1890 1891 1891 1851 1851 1892 1892 1851 1851 1891 1891 1851 1851 1892 1892 1852 1852 1893 1893 1894 1894 1895 1895 1896 1896 1895 1895 1894 1894 1895 1895 1896 1896 1897 1897 1898 1898 1897 1897 1896 1896 1897 1897 1898 1898 1899 1899 1900 1900 1899 1899 1898 1898 1899 1899 1900 1900 1860 1860 1901 1901 1860 1860 1900 1900 1860 1860 1901 1901 1861 1861 1858 1858 1902 1902 1859 1859 1903 1903 1859 1859 1902 1902 1859 1859 1903 1903 1904 1904 1905 1905 1904 1904 1903 1903 1904 1904 1905 1905 1906 1906 1907 1907 1906 1906 1905 1905 1906 1906 1907 1907 1908 1908 1909 1909 1908 1908 1907 1907 1908 1908 1909 1909 1910 1910 1911 1911 1910 1910 1909 1909 1910 1910 1911 1911 1912 1912 1913 1913 1912 1912 1911 1911 1912 1912 1913 1913 1914 1914 1915 1915 1914 1914 1913 1913 1914 1914 1915 1915 1916 1916 1917 1917 1916 1916 1915 1915 1916 1916 1917 1917 1918 1918 1919 1919 1918 1918 1917 1917 1918 1918 1919 1919 1920 1920 1921 1921 1920 1920 1919 1919 1920 1920 1921 1921 1922 1922 1923 1923 1922 1922 1921 1921 1922 1922 1923 1923 1924 1924 1925 1925 1924 1924 1923 1923 1924 1924 1925 1925 1926 1926 1927 1927 1926 1926 1925 1925 1926 1926 1927 1927 1928 1928 1929 1929 1928 1928 1927 1927 1928 1928 1929 1929 1930 1930 1931 1931 1930 1930 1929 1929 1930 1930 1931 1931 1932 1932 1933 1933 1932 1932 1931 1931 1932 1932 1933 1933 1893 1893 1934 1934 1893 1893 1933 1933 1893 1893 1934 1934 1894 1894 1935 1935 1936 1936 1937 1937 1938 1938 1937 1937 1936 1936 1937 1937 1938 1938 1939 1939 1940 1940 1941 1941 1937 1937 1942 1942 1937 1937 1941 1941 1937 1937 1942 1942 1935 1935 1943 1943 1944 1944 1937 1937 1945 1945 1937 1937 1944 1944 1937 1937 1945 1945 1940 1940 1946 1946 1947 1947 1937 1937 1948 1948 1937 1937 1947 1947 1937 1937 1948 1948 1943 1943 1949 1949 1950 1950 1937 1937 1951 1951 1937 1937 1950 1950 1937 1937 1951 1951 1946 1946 1952 1952 1953 1953 1937 1937 1954 1954 1937 1937 1953 1953 1937 1937 1954 1954 1949 1949 1955 1955 1956 1956 1937 1937 1957 1957 1937 1937 1956 1956 1937 1937 1957 1957 1952 1952 1939 1939 1958 1958 1937 1937 1959 1959 1937 1937 1958 1958 1937 1937 1959 1959 1955 1955 1960 1960 1961 1961 1962 1962 1963 1963 1962 1962 1961 1961 1962 1962 1963 1963 1964 1964 1965 1965 1966 1966 1962 1962 1967 1967 1962 1962 1966 1966 1962 1962 1967 1967 1960 1960 1968 1968 1969 1969 1962 1962 1970 1970 1962 1962 1969 1969 1962 1962 1970 1970 1965 1965 1971 1971 1972 1972 1962 1962 1973 1973 1962 1962 1972 1972 1962 1962 1973 1973 1968 1968 1974 1974 1975 1975 1962 1962 1976 1976 1962 1962 1975 1975 1962 1962 1976 1976 1971 1971 1977 1977 1978 1978 1962 1962 1979 1979 1962 1962 1978 1978 1962 1962 1979 1979 1974 1974 1980 1980 1981 1981 1962 1962 1982 1982 1962 1962 1981 1981 1962 1962 1982 1982 1977 1977 1964 1964 1983 1983 1962 1962 1984 1984 1962 1962 1983 1983 1962 1962 1984 1984 1980 1980 1985 1985 1986 1986 1987 1987 1988 1988 1987 1987 1986 1986 1987 1987 1988 1988 1989 1989 1990 1990 1989 1989 1988 1988 1989 1989 1990 1990 1991 1991 1992 1992 1991 1991 1990 1990 1991 1991 1992 1992 1993 1993 1994 1994 1993 1993 1992 1992 1993 1993 1994 1994 1995 1995 1996 1996 1995 1995 1994 1994 1995 1995 1996 1996 1997 1997 1998 1998 1997 1997 1996 1996 1997 1997 1998 1998 1999 1999 2000 2000 1999 1999 1998 1998 1999 1999 2000 2000 2001 2001 2002 2002 2001 2001 2000 2000 2001 2001 2002 2002 2003 2003 2004 2004 2003 2003 2002 2002 2003 2003 2004 2004 2005 2005 2006 2006 2005 2005 2004 2004 2005 2005 2006 2006 2007 2007 2008 2008 2007 2007 2006 2006 2007 2007 2008 2008 2009 2009 2010 2010 2009 2009 2008 2008 2009 2009 2010 2010 2011 2011 2012 2012 2011 2011 2010 2010 2011 2011 2012 2012 2013 2013 2014 2014 2013 2013 2012 2012 2013 2013 2014 2014 2015 2015 2016 2016 2015 2015 2014 2014 2015 2015 2016 2016 2017 2017 2018 2018 2017 2017 2016 2016 2017 2017 2018 2018 2019 2019 2020 2020 2019 2019 2018 2018 2019 2019 2020 2020 2021 2021 2022 2022 2021 2021 2020 2020 2021 2021 2022 2022 2023 2023 2024 2024 2023 2023 2022 2022 2023 2023 2024 2024 2025 2025 2026 2026 2025 2025 2024 2024 2025 2025 2026 2026 2027 2027 2028 2028 2027 2027 2026 2026 2027 2027 2028 2028 2029 2029 2030 2030 2029 2029 2028 2028 2029 2029 2030 2030 2031 2031 2032 2032 2031 2031 2030 2030 2031 2031 2032 2032 1985 1985 1986 1986 1985 1985 2032 2032 628 628 629 629 2033 2033 628 628 2033 2033 2034 2034 2035 2035 2034 2034 2033 2033 2034 2034 2035 2035 2036 2036 2037 2037 2038 2038 2039 2039 2040 2040 2039 2039 2038 2038 2039 2039 2040 2040 2041 2041 2042 2042 2041 2041 2040 2040 2041 2041 2042 2042 2043 2043 2044 2044 2043 2043 2042 2042 2043 2043 2044 2044 2045 2045 2046 2046 2045 2045 2044 2044 2045 2045 2046 2046 2047 2047 2048 2048 2047 2047 2046 2046 2047 2047 2048 2048 2049 2049 2050 2050 2049 2049 2048 2048 2049 2049 2050 2050 2051 2051 2052 2052 2051 2051 2050 2050 2051 2051 2052 2052 2053 2053 2054 2054 2053 2053 2052 2052 2053 2053 2054 2054 2055 2055 2056 2056 2055 2055 2054 2054 2055 2055 2056 2056 2057 2057 2058 2058 2057 2057 2056 2056 2057 2057 2058 2058 2059 2059 2060 2060 2059 2059 2058 2058 2059 2059 2060 2060 2061 2061 2062 2062 2061 2061 2060 2060 2061 2061 2062 2062 2063 2063 2064 2064 2063 2063 2062 2062 2063 2063 2064 2064 2065 2065 2066 2066 2065 2065 2064 2064 2065 2065 2066 2066 2067 2067 2068 2068 2067 2067 2066 2066 2067 2067 2068 2068 2069 2069 2070 2070 2069 2069 2068 2068 2069 2069 2070 2070 2071 2071 2072 2072 2071 2071 2070 2070 2071 2071 2072 2072 2073 2073 2074 2074 2073 2073 2072 2072 2073 2073 2074 2074 2075 2075 2076 2076 2075 2075 2074 2074 2075 2075 2076 2076 2077 2077 2078 2078 2077 2077 2076 2076 2077 2077 2078 2078 2079 2079 2080 2080 2079 2079 2078 2078 2079 2079 2080 2080 2081 2081 2082 2082 2081 2081 2080 2080 2081 2081 2082 2082 2083 2083 2084 2084 2083 2083 2082 2082 2083 2083 2084 2084 2037 2037 2038 2038 2037 2037 2084 2084 2085 2085 2086 2086 2087 2087 2088 2088 2087 2087 2086 2086 2087 2087 2088 2088 2089 2089 2090 2090 2089 2089 2088 2088 2089 2089 2090 2090 2091 2091 2092 2092 2091 2091 2090 2090 2091 2091 2092 2092 2093 2093 2094 2094 2093 2093 2092 2092 2093 2093 2094 2094 2095 2095 2096 2096 2095 2095 2094 2094 2095 2095 2096 2096 2097 2097 2098 2098 2097 2097 2096 2096 2097 2097 2098 2098 2099 2099 2100 2100 2099 2099 2098 2098 2099 2099 2100 2100 2101 2101 2102 2102 2101 2101 2100 2100 2101 2101 2102 2102 2103 2103 2104 2104 2103 2103 2102 2102 2103 2103 2104 2104 2105 2105 2106 2106 2105 2105 2104 2104 2105 2105 2106 2106 2107 2107 2108 2108 2107 2107 2106 2106 2107 2107 2108 2108 2109 2109 2110 2110 2109 2109 2108 2108 2109 2109 2110 2110 2111 2111 2112 2112 2111 2111 2110 2110 2111 2111 2112 2112 2113 2113 2114 2114 2113 2113 2112 2112 2113 2113 2114 2114 2115 2115 2116 2116 2115 2115 2114 2114 2115 2115 2116 2116 2117 2117 2118 2118 2117 2117 2116 2116 2117 2117 2118 2118 2119 2119 2120 2120 2119 2119 2118 2118 2119 2119 2120 2120 2121 2121 2122 2122 2121 2121 2120 2120 2121 2121 2122 2122 2123 2123 2124 2124 2123 2123 2122 2122 2123 2123 2124 2124 2125 2125 2126 2126 2125 2125 2124 2124 2125 2125 2126 2126 2127 2127 2128 2128 2127 2127 2126 2126 2127 2127 2128 2128 2129 2129 2130 2130 2129 2129 2128 2128 2129 2129 2130 2130 2131 2131 2132 2132 2131 2131 2130 2130 2131 2131 2132 2132 2085 2085 2086 2086 2085 2085 2132 2132 2133 2133 2134 2134 2135 2135 2136 2136 2135 2135 2134 2134 2135 2135 2136 2136 2137 2137 2138 2138 2137 2137 2136 2136 2137 2137 2138 2138 2139 2139 2140 2140 2139 2139 2138 2138 2139 2139 2140 2140 2141 2141 2142 2142 2141 2141 2140 2140 2141 2141 2142 2142 2143 2143 2144 2144 2143 2143 2142 2142 2143 2143 2144 2144 2145 2145 2146 2146 2145 2145 2144 2144 2145 2145 2146 2146 2147 2147 2148 2148 2147 2147 2146 2146 2147 2147 2148 2148 2149 2149 2150 2150 2149 2149 2148 2148 2149 2149 2150 2150 2151 2151 2152 2152 2151 2151 2150 2150 2151 2151 2152 2152 2153 2153 2154 2154 2153 2153 2152 2152 2153 2153 2154 2154 2155 2155 2156 2156 2155 2155 2154 2154 2155 2155 2156 2156 2157 2157 2158 2158 2157 2157 2156 2156 2157 2157 2158 2158 2159 2159 2160 2160 2159 2159 2158 2158 2159 2159 2160 2160 2161 2161 2162 2162 2161 2161 2160 2160 2161 2161 2162 2162 2163 2163 2164 2164 2163 2163 2162 2162 2163 2163 2164 2164 2165 2165 2166 2166 2165 2165 2164 2164 2165 2165 2166 2166 2167 2167 2168 2168 2167 2167 2166 2166 2167 2167 2168 2168 2169 2169 2170 2170 2169 2169 2168 2168 2169 2169 2170 2170 2171 2171 2172 2172 2171 2171 2170 2170 2171 2171 2172 2172 2173 2173 2174 2174 2173 2173 2172 2172 2173 2173 2174 2174 2175 2175 2176 2176 2175 2175 2174 2174 2175 2175 2176 2176 2177 2177 2178 2178 2177 2177 2176 2176 2177 2177 2178 2178 2179 2179 2180 2180 2179 2179 2178 2178 2179 2179 2180 2180 2133 2133 2134 2134 2133 2133 2180 2180 2181 2181 2182 2182 2183 2183 2184 2184 2183 2183 2182 2182 2183 2183 2184 2184 2185 2185 2186 2186 2185 2185 2184 2184 2185 2185 2186 2186 2187 2187 2188 2188 2187 2187 2186 2186 2187 2187 2188 2188 2189 2189 2190 2190 2189 2189 2188 2188 2189 2189 2190 2190 2191 2191 2192 2192 2191 2191 2190 2190 2191 2191 2192 2192 2193 2193 2194 2194 2193 2193 2192 2192 2193 2193 2194 2194 2195 2195 2196 2196 2195 2195 2194 2194 2195 2195 2196 2196 2197 2197 2198 2198 2197 2197 2196 2196 2197 2197 2198 2198 2199 2199 2200 2200 2199 2199 2198 2198 2199 2199 2200 2200 2201 2201 2202 2202 2201 2201 2200 2200 2201 2201 2202 2202 2203 2203 2204 2204 2203 2203 2202 2202 2203 2203 2204 2204 2205 2205 2206 2206 2205 2205 2204 2204 2205 2205 2206 2206 2207 2207 2208 2208 2207 2207 2206 2206 2207 2207 2208 2208 2209 2209 2210 2210 2209 2209 2208 2208 2209 2209 2210 2210 2211 2211 2212 2212 2211 2211 2210 2210 2211 2211 2212 2212 2213 2213 2214 2214 2213 2213 2212 2212 2213 2213 2214 2214 2215 2215 2216 2216 2215 2215 2214 2214 2215 2215 2216 2216 2217 2217 2218 2218 2217 2217 2216 2216 2217 2217 2218 2218 2219 2219 2220 2220 2219 2219 2218 2218 2219 2219 2220 2220 2221 2221 2222 2222 2221 2221 2220 2220 2221 2221 2222 2222 2223 2223 2224 2224 2223 2223 2222 2222 2223 2223 2224 2224 2225 2225 2226 2226 2225 2225 2224 2224 2225 2225 2226 2226 2227 2227 2228 2228 2227 2227 2226 2226 2227 2227 2228 2228 2181 2181 2182 2182 2181 2181 2228 2228 2229 2229 2230 2230 2231 2231 2231 2231 2232 2232 2229 2229 2233 2233 2229 2229 2232 2232 2229 2229 2233 2233 2234 2234 2235 2235 2234 2234 2233 2233 2234 2234 2235 2235 2236 2236 2237 2237 2236 2236 2235 2235 2236 2236 2237 2237 2238 2238 2239 2239 2238 2238 2237 2237 2238 2238 2239 2239 2240 2240 2241 2241 2240 2240 2239 2239 2240 2240 2241 2241 2242 2242 2243 2243 2242 2242 2241 2241 2242 2242 2243 2243 2244 2244 2244 2244 2243 2243 2245 2245 2246 2246 2245 2245 2243 2243 2245 2245 2246 2246 2247 2247 2246 2246 2248 2248 2247 2247 2249 2249 2247 2247 2248 2248 2247 2247 2249 2249 2250 2250 2251 2251 2250 2250 2249 2249 2250 2250 2251 2251 2252 2252 2253 2253 2252 2252 2251 2251 2252 2252 2253 2253 2254 2254 2255 2255 2254 2254 2253 2253 2254 2254 2255 2255 2256 2256 2257 2257 2256 2256 2255 2255 2256 2256 2257 2257 2258 2258 2259 2259 2258 2258 2257 2257 2258 2258 2259 2259 2260 2260 2261 2261 2260 2260 2259 2259 2260 2260 2261 2261 2262 2262 2263 2263 2262 2262 2261 2261 2262 2262 2263 2263 2264 2264 2265 2265 2264 2264 2263 2263 2264 2264 2265 2265 2266 2266 2267 2267 2266 2266 2265 2265 2266 2266 2267 2267 2268 2268 2269 2269 2268 2268 2267 2267 2268 2268 2269 2269 2270 2270 2271 2271 2270 2270 2269 2269 2270 2270 2271 2271 2272 2272 2272 2272 2271 2271 2273 2273 2274 2274 2273 2273 2271 2271 2273 2273 2274 2274 2275 2275 2276 2276 2275 2275 2274 2274 2275 2275 2276 2276 2277 2277 2276 2276 2278 2278 2277 2277 2279 2279 2277 2277 2278 2278 2277 2277 2279 2279 2280 2280 2281 2281 2280 2280 2279 2279 2280 2280 2281 2281 2282 2282 2283 2283 2282 2282 2281 2281 2282 2282 2283 2283 2284 2284 2285 2285 2284 2284 2283 2283 2284 2284 2285 2285 2286 2286 2287 2287 2286 2286 2285 2285 2286 2286 2287 2287 2288 2288 2287 2287 2289 2289 2288 2288 2290 2290 2288 2288 2289 2289 2288 2288 2290 2290 2291 2291 2292 2292 2291 2291 2290 2290 2291 2291 2292 2292 2293 2293 2294 2294 2293 2293 2292 2292 2293 2293 2294 2294 2295 2295 2296 2296 2295 2295 2294 2294 2295 2295 2296 2296 2297 2297 2296 2296 2298 2298 2297 2297 2299 2299 2297 2297 2298 2298 2297 2297 2299 2299 2300 2300 2301 2301 2300 2300 2299 2299 2300 2300 2301 2301 2302 2302 2303 2303 2302 2302 2301 2301 2302 2302 2303 2303 2304 2304 2305 2305 2304 2304 2303 2303 2304 2304 2305 2305 2306 2306 2307 2307 2306 2306 2305 2305 2306 2306 2307 2307 2308 2308 2309 2309 2308 2308 2307 2307 2308 2308 2309 2309 2310 2310 2311 2311 2310 2310 2309 2309 2310 2310 2311 2311 2312 2312 2313 2313 2312 2312 2311 2311 2312 2312 2313 2313 2314 2314 2315 2315 2314 2314 2313 2313 2314 2314 2315 2315 2316 2316 2317 2317 2316 2316 2315 2315 2316 2316 2317 2317 2318 2318 2319 2319 2318 2318 2317 2317 2318 2318 2319 2319 2320 2320 2321 2321 2320 2320 2319 2319 2320 2320 2321 2321 2322 2322 2323 2323 2322 2322 2321 2321 2322 2322 2323 2323 2324 2324 2325 2325 2324 2324 2323 2323 2324 2324 2325 2325 2326 2326 2232 2232 2327 2327 2233 2233 2328 2328 2233 2233 2327 2327 2233 2233 2328 2328 2329 2329 2326 2326 2329 2329 2328 2328 2329 2329 2326 2326 2330 2330 2325 2325 2330 2330 2326 2326 2331 2331 2332 2332 2333 2333 2334 2334 2333 2333 2332 2332 2333 2333 2334 2334 2335 2335 2336 2336 2335 2335 2334 2334 2335 2335 2336 2336 2337 2337 2338 2338 2337 2337 2336 2336 2337 2337 2338 2338 2339 2339 2340 2340 2339 2339 2338 2338 2339 2339 2340 2340 2341 2341 2342 2342 2341 2341 2340 2340 2341 2341 2342 2342 2343 2343 2344 2344 2343 2343 2342 2342 2343 2343 2344 2344 2345 2345 2346 2346 2345 2345 2344 2344 2345 2345 2346 2346 2347 2347 2348 2348 2347 2347 2346 2346 2347 2347 2348 2348 2349 2349 2350 2350 2349 2349 2348 2348 2349 2349 2350 2350 2351 2351 2352 2352 2351 2351 2350 2350 2351 2351 2352 2352 2353 2353 2354 2354 2353 2353 2352 2352 2353 2353 2354 2354 2355 2355 2356 2356 2355 2355 2354 2354 2355 2355 2356 2356 2357 2357 2358 2358 2357 2357 2356 2356 2357 2357 2358 2358 2359 2359 2360 2360 2359 2359 2358 2358 2359 2359 2360 2360 2361 2361 2362 2362 2361 2361 2360 2360 2361 2361 2362 2362 2363 2363 2364 2364 2363 2363 2362 2362 2363 2363 2364 2364 2365 2365 2366 2366 2365 2365 2364 2364 2365 2365 2366 2366 2367 2367 2368 2368 2367 2367 2366 2366 2367 2367 2368 2368 2369 2369 2370 2370 2369 2369 2368 2368 2369 2369 2370 2370 2371 2371 2372 2372 2371 2371 2370 2370 2371 2371 2372 2372 2373 2373 2374 2374 2373 2373 2372 2372 2373 2373 2374 2374 2375 2375 2376 2376 2375 2375 2374 2374 2375 2375 2376 2376 2377 2377 2378 2378 2377 2377 2376 2376 2377 2377 2378 2378 2331 2331 2332 2332 2331 2331 2378 2378 2379 2379 2380 2380 2381 2381 2382 2382 2381 2381 2380 2380 2381 2381 2382 2382 2383 2383 2384 2384 2383 2383 2382 2382 2383 2383 2384 2384 2385 2385 2386 2386 2385 2385 2384 2384 2385 2385 2386 2386 2387 2387 2388 2388 2387 2387 2386 2386 2387 2387 2388 2388 2389 2389 2390 2390 2389 2389 2388 2388 2391 2391 2392 2392 2393 2393 2394 2394 2393 2393 2392 2392 2393 2393 2394 2394 2395 2395 2396 2396 2395 2395 2394 2394 2395 2395 2396 2396 2397 2397 2398 2398 2397 2397 2396 2396 2397 2397 2398 2398 2399 2399 2400 2400 2399 2399 2398 2398 2399 2399 2400 2400 2401 2401 2402 2402 2401 2401 2400 2400 2401 2401 2402 2402 2403 2403 2404 2404 2403 2403 2402 2402 2403 2403 2404 2404 2405 2405 2406 2406 2405 2405 2404 2404 2405 2405 2406 2406 2407 2407 2408 2408 2407 2407 2406 2406 2407 2407 2408 2408 2390 2390 2409 2409 2390 2390 2408 2408 2390 2390 2409 2409 2389 2389 2410 2410 2411 2411 2412 2412 2413 2413 2412 2412 2411 2411 2412 2412 2413 2413 2414 2414 2415 2415 2414 2414 2413 2413 2414 2414 2415 2415 2391 2391 2416 2416 2391 2391 2415 2415 2391 2391 2416 2416 2392 2392 2417 2417 2418 2418 2419 2419 2420 2420 2419 2419 2418 2418 2419 2419 2420 2420 2421 2421 2422 2422 2421 2421 2420 2420 2421 2421 2422 2422 2423 2423 2424 2424 2423 2423 2422 2422 2423 2423 2424 2424 2425 2425 2426 2426 2425 2425 2424 2424 2425 2425 2426 2426 2427 2427 2428 2428 2427 2427 2426 2426 2427 2427 2428 2428 2429 2429 2430 2430 2429 2429 2428 2428 2429 2429 2430 2430 2431 2431 2432 2432 2431 2431 2430 2430 2431 2431 2432 2432 2433 2433 2434 2434 2433 2433 2432 2432 2433 2433 2434 2434 2435 2435 2436 2436 2435 2435 2434 2434 2435 2435 2436 2436 2437 2437 2438 2438 2437 2437 2436 2436 2437 2437 2438 2438 2439 2439 2440 2440 2439 2439 2438 2438 2439 2439 2440 2440 2441 2441 2442 2442 2441 2441 2440 2440 2441 2441 2442 2442 2443 2443 2444 2444 2443 2443 2442 2442 2443 2443 2444 2444 2445 2445 2446 2446 2445 2445 2444 2444 2445 2445 2446 2446 2447 2447 2448 2448 2447 2447 2446 2446 2447 2447 2448 2448 2410 2410 2449 2449 2410 2410 2448 2448 2410 2410 2449 2449 2411 2411 2450 2450 2451 2451 2452 2452 2450 2450 2452 2452 2453 2453 2454 2454 2453 2453 2452 2452 2453 2453 2454 2454 2455 2455 2456 2456 2455 2455 2454 2454 2455 2455 2456 2456 2457 2457 2458 2458 2457 2457 2456 2456 2457 2457 2458 2458 2459 2459 2418 2418 2459 2459 2458 2458 2459 2459 2418 2418 2417 2417 2460 2460 2461 2461 2462 2462 2463 2463 2464 2464 2465 2465 2466 2466 2465 2465 2464 2464 2467 2467 2468 2468 2469 2469 2470 2470 2471 2471 2472 2472 2471 2471 2473 2473 2472 2472 2465 2465 2472 2472 2473 2473 2472 2472 2465 2465 2474 2474 2466 2466 2474 2474 2465 2465 2475 2475 2476 2476 2477 2477 2463 2463 2477 2477 2476 2476 2477 2477 2463 2463 2478 2478 2465 2465 2478 2478 2463 2463 2469 2469 2479 2479 2467 2467 2480 2480 2467 2467 2479 2479 2467 2467 2480 2480 2477 2477 2481 2481 2477 2477 2480 2480 2477 2477 2481 2481 2475 2475 2482 2482 2483 2483 2484 2484 2485 2485 2484 2484 2483 2483 2484 2484 2485 2485 2468 2468 2486 2486 2468 2468 2485 2485 2468 2468 2486 2486 2469 2469 2473 2473 2487 2487 2465 2465 2488 2488 2465 2465 2487 2487 2465 2465 2488 2488 2462 2462 2489 2489 2462 2462 2488 2488 2462 2462 2489 2489 2460 2460 2490 2490 2460 2460 2489 2489 2460 2460 2490 2490 2491 2491 2476 2476 2492 2492 2463 2463 2493 2493 2463 2463 2492 2492 2463 2463 2493 2493 2494 2494 2494 2494 2495 2495 2463 2463 2496 2496 2463 2463 2495 2495 2463 2463 2496 2496 2497 2497 2472 2472 2498 2498 2470 2470 2499 2499 2470 2470 2498 2498 2470 2470 2499 2499 2500 2500 2491 2491 2501 2501 2460 2460 2502 2502 2460 2460 2501 2501 2460 2460 2502 2502 2503 2503 2497 2497 2504 2504 2463 2463 2505 2505 2463 2463 2504 2504 2463 2463 2505 2505 2506 2506 2507 2507 2506 2506 2505 2505 2506 2506 2507 2507 2508 2508 2500 2500 2509 2509 2470 2470 2510 2510 2470 2470 2509 2509 2470 2470 2510 2510 2511 2511 2511 2511 2512 2512 2470 2470 2513 2513 2470 2470 2512 2512 2470 2470 2513 2513 2514 2514 2514 2514 2515 2515 2470 2470 2516 2516 2470 2470 2515 2515 2470 2470 2516 2516 2517 2517 2517 2517 2518 2518 2470 2470 2519 2519 2470 2470 2518 2518 2470 2470 2519 2519 2520 2520 2520 2520 2521 2521 2470 2470 2522 2522 2470 2470 2521 2521 2470 2470 2522 2522 2523 2523 2524 2524 2525 2525 2526 2526 2527 2527 2526 2526 2525 2525 2526 2526 2527 2527 2528 2528 2529 2529 2528 2528 2527 2527 2528 2528 2529 2529 2530 2530 2531 2531 2530 2530 2529 2529 2530 2530 2531 2531 2532 2532 2533 2533 2532 2532 2531 2531 2532 2532 2533 2533 2534 2534 2535 2535 2534 2534 2533 2533 2534 2534 2535 2535 2536 2536 2537 2537 2536 2536 2535 2535 2536 2536 2537 2537 2538 2538 2539 2539 2538 2538 2537 2537 2538 2538 2539 2539 2540 2540 2541 2541 2540 2540 2539 2539 2540 2540 2541 2541 2542 2542 2543 2543 2542 2542 2541 2541 2542 2542 2543 2543 2544 2544 2545 2545 2544 2544 2543 2543 2544 2544 2545 2545 2546 2546 2547 2547 2546 2546 2545 2545 2546 2546 2547 2547 2548 2548 2549 2549 2548 2548 2547 2547 2548 2548 2549 2549 2550 2550 2551 2551 2550 2550 2549 2549 2550 2550 2551 2551 2552 2552 2553 2553 2552 2552 2551 2551 2552 2552 2553 2553 2554 2554 2555 2555 2554 2554 2553 2553 2554 2554 2555 2555 2556 2556 2557 2557 2556 2556 2555 2555 2556 2556 2557 2557 2558 2558 2559 2559 2558 2558 2557 2557 2558 2558 2559 2559 2560 2560 2561 2561 2560 2560 2559 2559 2560 2560 2561 2561 2562 2562 2563 2563 2562 2562 2561 2561 2562 2562 2563 2563 2564 2564 2565 2565 2564 2564 2563 2563 2564 2564 2565 2565 2566 2566 2567 2567 2566 2566 2565 2565 2566 2566 2567 2567 2568 2568 2569 2569 2568 2568 2567 2567 2568 2568 2569 2569 2570 2570 2571 2571 2570 2570 2569 2569 2570 2570 2571 2571 2524 2524 2525 2525 2524 2524 2571 2571 2232 2232 2231 2231 2572 2572 2573 2573 2572 2572 2231 2231 2574 2574 2575 2575 2576 2576 2577 2577 2576 2576 2575 2575 2576 2576 2577 2577 2578 2578 2579 2579 2578 2578 2577 2577 2578 2578 2579 2579 2580 2580 2581 2581 2580 2580 2579 2579 2580 2580 2581 2581 2582 2582 2583 2583 2582 2582 2581 2581 2582 2582 2583 2583 2573 2573 2584 2584 2573 2573 2583 2583 2573 2573 2584 2584 2572 2572 2585 2585 2586 2586 2587 2587 2588 2588 2589 2589 2590 2590 2591 2591 2590 2590 2589 2589 2590 2590 2591 2591 2592 2592 2592 2592 2593 2593 2590 2590 2594 2594 2590 2590 2593 2593 2590 2590 2594 2594 2595 2595 2587 2587 2596 2596 2585 2585 2597 2597 2585 2585 2596 2596 2585 2585 2597 2597 2598 2598 2599 2599 2600 2600 2588 2588 2601 2601 2588 2588 2600 2600 2588 2588 2601 2601 2589 2589 2597 2597 2602 2602 2598 2598 2603 2603 2598 2598 2602 2602 2598 2598 2603 2603 2604 2604 2605 2605 2604 2604 2603 2603 2604 2604 2605 2605 2599 2599 2606 2606 2599 2599 2605 2605 2599 2599 2606 2606 2600 2600 2607 2607 2600 2600 2606 2606 2600 2600 2607 2607 2608 2608 952 952 950 950 2609 2609 952 952 2609 2609 2610 2610 2611 2611 2610 2610 2609 2609 2610 2610 2611 2611 2612 2612 2613 2613 2612 2612 2611 2611 2612 2612 2613 2613 2614 2614 1147 1147 1146 1146 2615 2615 1147 1147 2615 2615 2616 2616 2617 2617 2616 2616 2615 2615 2616 2616 2617 2617 2618 2618 2619 2619 2618 2618 2617 2617 2618 2618 2619 2619 2620 2620 2621 2621 2620 2620 2619 2619 2620 2620 2621 2621 2622 2622 2623 2623 2622 2622 2621 2621 2622 2622 2623 2623 2624 2624 2625 2625 2624 2624 2623 2623 2624 2624 2625 2625 2626 2626 2627 2627 2626 2626 2625 2625 2626 2626 2627 2627 2628 2628 2629 2629 2628 2628 2630 2630 2630 2630 2631 2631 2629 2629 2632 2632 2629 2629 2631 2631 2629 2629 2632 2632 2633 2633 2632 2632 2634 2634 2633 2633 2635 2635 2633 2633 2634 2634 2633 2633 2635 2635 2636 2636 2637 2637 2636 2636 2635 2635 2636 2636 2637 2637 2638 2638 2639 2639 2638 2638 2637 2637 2638 2638 2639 2639 2640 2640 2641 2641 2640 2640 2639 2639 2640 2640 2641 2641 2642 2642 2643 2643 2614 2614 2613 2613 2641 2641 2644 2644 2642 2642 2645 2645 2642 2642 2644 2644 2642 2642 2645 2645 2613 2613 2645 2645 2646 2646 2613 2613 2647 2647 2613 2613 2646 2646 2613 2613 2647 2647 2643 2643 2648 2648 2643 2643 2647 2647 2648 2648 2649 2649 2643 2643 2650 2650 2643 2643 2649 2649 2643 2643 2650 2650 2651 2651 2650 2650 2652 2652 2651 2651 2653 2653 2651 2651 2652 2652 2651 2651 2653 2653 2654 2654 2655 2655 2654 2654 2653 2653 2654 2654 2655 2655 2656 2656 2657 2657 2656 2656 2655 2655 2656 2656 2657 2657 2658 2658 2659 2659 2658 2658 2657 2657 2658 2658 2659 2659 2660 2660 2661 2661 2660 2660 2659 2659 2660 2660 2661 2661 2662 2662 2663 2663 2662 2662 2661 2661 2662 2662 2663 2663 2664 2664 2665 2665 2664 2664 2663 2663 2664 2664 2665 2665 2666 2666 2667 2667 2666 2666 2665 2665 2666 2666 2667 2667 2668 2668 2669 2669 2668 2668 2667 2667 2670 2670 2671 2671 2669 2669 2672 2672 2669 2669 2671 2671 2669 2669 2672 2672 2668 2668 2673 2673 2674 2674 2675 2675 2674 2674 2676 2676 2675 2675 2677 2677 2675 2675 2676 2676 2675 2675 2677 2677 2670 2670 2678 2678 2670 2670 2677 2677 2670 2670 2678 2678 2671 2671 2679 2679 2680 2680 2681 2681 2682 2682 2681 2681 2680 2680 2681 2681 2682 2682 2683 2683 2683 2683 2684 2684 2681 2681 2685 2685 2681 2681 2684 2684 2681 2681 2685 2685 2686 2686 2686 2686 2687 2687 2681 2681 2688 2688 2681 2681 2687 2687 2681 2681 2688 2688 2689 2689 2673 2673 2675 2675 2690 2690 2691 2691 2690 2690 2675 2675 2690 2690 2691 2691 2688 2688 2692 2692 2688 2688 2691 2691 2688 2688 2692 2692 2689 2689 2693 2693 2694 2694 2681 2681 2694 2694 2695 2695 2681 2681 2696 2696 2681 2681 2695 2695 2681 2681 2696 2696 2697 2697 2698 2698 2699 2699 2700 2700 2700 2700 2701 2701 2698 2698 2702 2702 2698 2698 2701 2701 2698 2698 2702 2702 2703 2703 2704 2704 2703 2703 2702 2702 2703 2703 2704 2704 2679 2679 2697 2697 2705 2705 2681 2681 2706 2706 2681 2681 2705 2705 2681 2681 2706 2706 2679 2679 2707 2707 2679 2679 2706 2706 2679 2679 2707 2707 2703 2703 2708 2708 2709 2709 2710 2710 2710 2710 2709 2709 2711 2711 2712 2712 2711 2711 2709 2709 2711 2711 2712 2712 2713 2713 2713 2713 2714 2714 2711 2711 2715 2715 2711 2711 2714 2714 2711 2711 2715 2715 2681 2681 2716 2716 2681 2681 2715 2715 2681 2681 2716 2716 2693 2693 2708 2708 2710 2710 2717 2717 2718 2718 2717 2717 2710 2710 2717 2717 2718 2718 2719 2719 2720 2720 2719 2719 2718 2718 2719 2719 2720 2720 2721 2721 2722 2722 2721 2721 2720 2720 2721 2721 2722 2722 2723 2723 2724 2724 2723 2723 2722 2722 2723 2723 2724 2724 2725 2725 2726 2726 2725 2725 2724 2724 2725 2725 2726 2726 2727 2727 2728 2728 2727 2727 2726 2726 2727 2727 2728 2728 2729 2729 2730 2730 2731 2731 2732 2732 2733 2733 2732 2732 2731 2731 2732 2732 2733 2733 2728 2728 2734 2734 2728 2728 2733 2733 2728 2728 2734 2734 2729 2729 2735 2735 2736 2736 2737 2737 2738 2738 2739 2739 2737 2737 2740 2740 2737 2737 2739 2739 2737 2737 2740 2740 2735 2735 2738 2738 2737 2737 2741 2741 2742 2742 2741 2741 2737 2737 2741 2741 2742 2742 2743 2743 2744 2744 2743 2743 2742 2742 2743 2743 2744 2744 2745 2745 2746 2746 2745 2745 2744 2744 2745 2745 2746 2746 2747 2747 2747 2747 2748 2748 2745 2745 2749 2749 2745 2745 2748 2748 2745 2745 2749 2749 2750 2750 2750 2750 2751 2751 2745 2745 2752 2752 2745 2745 2751 2751 2745 2745 2752 2752 2753 2753 2754 2754 2753 2753 2752 2752 2753 2753 2754 2754 2732 2732 2755 2755 2732 2732 2754 2754 2732 2732 2755 2755 2730 2730 2745 2745 2756 2756 2757 2757 2757 2757 2758 2758 2745 2745 2759 2759 2745 2745 2758 2758 2745 2745 2759 2759 2743 2743 2760 2760 2761 2761 2762 2762 2763 2763 2762 2762 2761 2761 2762 2762 2763 2763 2764 2764 2764 2764 2765 2765 2762 2762 2766 2766 2762 2762 2765 2765 2762 2762 2766 2766 2767 2767 2768 2768 2767 2767 2766 2766 2767 2767 2768 2768 2745 2745 2769 2769 2745 2745 2768 2768 2745 2745 2769 2769 2756 2756 2770 2770 2771 2771 2760 2760 2772 2772 2760 2760 2771 2771 2760 2760 2772 2772 2761 2761 2760 2760 2773 2773 2770 2770 2774 2774 2770 2770 2773 2773 2770 2770 2774 2774 2775 2775 2776 2776 2775 2775 2774 2774 2775 2775 2776 2776 2777 2777 2778 2778 2777 2777 2776 2776 2777 2777 2778 2778 2779 2779 2780 2780 2779 2779 2778 2778 2779 2779 2780 2780 2781 2781 2782 2782 2781 2781 2780 2780 2781 2781 2782 2782 2783 2783 2784 2784 2783 2783 2782 2782 2783 2783 2784 2784 2785 2785 2786 2786 2785 2785 2784 2784 2785 2785 2786 2786 2787 2787 2788 2788 2787 2787 2786 2786 2787 2787 2788 2788 2789 2789 2790 2790 2789 2789 2788 2788 2789 2789 2790 2790 2791 2791 2790 2790 2792 2792 2791 2791 2793 2793 2791 2791 2792 2792 2791 2791 2793 2793 2794 2794 2795 2795 2796 2796 2797 2797 2793 2793 2798 2798 2794 2794 2799 2799 2794 2794 2798 2798 2794 2794 2799 2799 2797 2797 2800 2800 2797 2797 2799 2799 2797 2797 2800 2800 2795 2795 2796 2796 2801 2801 2797 2797 2802 2802 2797 2797 2801 2801 2797 2797 2802 2802 2803 2803 2804 2804 2803 2803 2802 2802 2803 2803 2804 2804 2805 2805 2630 2630 2805 2805 2804 2804 2805 2805 2630 2630 2806 2806 2628 2628 2806 2806 2630 2630 2806 2806 2628 2628 2627 2627 2807 2807 2808 2808 2809 2809 2810 2810 2811 2811 2812 2812 2813 2813 2812 2812 2811 2811 2814 2814 2815 2815 2813 2813 2816 2816 2813 2813 2815 2815 2813 2813 2816 2816 2812 2812 2817 2817 2818 2818 2814 2814 2819 2819 2814 2814 2818 2818 2814 2814 2819 2819 2815 2815 2809 2809 2808 2808 2814 2814 2820 2820 2814 2814 2808 2808 2814 2814 2820 2820 2817 2817 2821 2821 2822 2822 2823 2823 2824 2824 2823 2823 2822 2822 2823 2823 2824 2824 2825 2825 2825 2825 2826 2826 2823 2823 2827 2827 2823 2823 2826 2826 2823 2823 2827 2827 2809 2809 2828 2828 2809 2809 2827 2827 2809 2809 2828 2828 2807 2807 734 734 736 736 2829 2829 2830 2830 2829 2829 736 736 2830 2830 2831 2831 2829 2829 2832 2832 2829 2829 2831 2831 2829 2829 2832 2832 2821 2821 2833 2833 2821 2821 2832 2832 2821 2821 2833 2833 2822 2822 727 727 729 729 2834 2834 2835 2835 2834 2834 729 729 2834 2834 2835 2835 2836 2836 2837 2837 2838 2838 2835 2835 2839 2839 2835 2835 2838 2838 2835 2835 2839 2839 2836 2836 2840 2840 2841 2841 2842 2842 2843 2843 2842 2842 2841 2841 2842 2842 2843 2843 2837 2837 2844 2844 2837 2837 2843 2843 2837 2837 2844 2844 2838 2838 2840 2840 2842 2842 2845 2845 2846 2846 2845 2845 2842 2842 2845 2845 2846 2846 2847 2847 2848 2848 2849 2849 2850 2850 2850 2850 2851 2851 2848 2848 2852 2852 2848 2848 2851 2851 2848 2848 2852 2852 2846 2846 2853 2853 2846 2846 2852 2852 2846 2846 2853 2853 2847 2847 2849 2849 2848 2848 2854 2854 2855 2855 2854 2854 2848 2848 2854 2854 2855 2855 2856 2856 2856 2856 2855 2855 2857 2857 2858 2858 2857 2857 2855 2855 2857 2857 2858 2858 2859 2859 2860 2860 2861 2861 2862 2862 2863 2863 2862 2862 2861 2861 2862 2862 2863 2863 2864 2864 2865 2865 2864 2864 2863 2863 2864 2864 2865 2865 2866 2866 2867 2867 2866 2866 2865 2865 2866 2866 2867 2867 2868 2868 2869 2869 2868 2868 2867 2867 2868 2868 2869 2869 2870 2870 2871 2871 2870 2870 2869 2869 2870 2870 2871 2871 2872 2872 2873 2873 2872 2872 2871 2871 2872 2872 2873 2873 2874 2874 2875 2875 2874 2874 2873 2873 2874 2874 2875 2875 2876 2876 2877 2877 2876 2876 2875 2875 2876 2876 2877 2877 2878 2878 2879 2879 2878 2878 2877 2877 2878 2878 2879 2879 2880 2880 2881 2881 2880 2880 2879 2879 2880 2880 2881 2881 2882 2882 2883 2883 2882 2882 2881 2881 2882 2882 2883 2883 2884 2884 2885 2885 2884 2884 2883 2883 2884 2884 2885 2885 2886 2886 2887 2887 2886 2886 2885 2885 2886 2886 2887 2887 2888 2888 2889 2889 2888 2888 2887 2887 2888 2888 2889 2889 2890 2890 2891 2891 2890 2890 2889 2889 2890 2890 2891 2891 2892 2892 2893 2893 2892 2892 2891 2891 2892 2892 2893 2893 2894 2894 2895 2895 2894 2894 2893 2893 2894 2894 2895 2895 2896 2896 2897 2897 2896 2896 2895 2895 2896 2896 2897 2897 2898 2898 2899 2899 2898 2898 2897 2897 2898 2898 2899 2899 2900 2900 2901 2901 2900 2900 2899 2899 2900 2900 2901 2901 2902 2902 2903 2903 2902 2902 2901 2901 2902 2902 2903 2903 2904 2904 2905 2905 2904 2904 2903 2903 2904 2904 2905 2905 2906 2906 2907 2907 2906 2906 2905 2905 2906 2906 2907 2907 2860 2860 2861 2861 2860 2860 2907 2907 2908 2908 2909 2909 2910 2910 2911 2911 2910 2910 2909 2909 2910 2910 2911 2911 2912 2912 2913 2913 2912 2912 2911 2911 2912 2912 2913 2913 2914 2914 2915 2915 2914 2914 2913 2913 2914 2914 2915 2915 2916 2916 2917 2917 2916 2916 2915 2915 2916 2916 2917 2917 2918 2918 2919 2919 2918 2918 2917 2917 2918 2918 2919 2919 2920 2920 2921 2921 2920 2920 2919 2919 2920 2920 2921 2921 2922 2922 2923 2923 2922 2922 2921 2921 2922 2922 2923 2923 2924 2924 2925 2925 2924 2924 2923 2923 2924 2924 2925 2925 2926 2926 2927 2927 2926 2926 2925 2925 2926 2926 2927 2927 2928 2928 2929 2929 2928 2928 2927 2927 2928 2928 2929 2929 2930 2930 2931 2931 2930 2930 2929 2929 2930 2930 2931 2931 2932 2932 2933 2933 2932 2932 2931 2931 2932 2932 2933 2933 2934 2934 2935 2935 2934 2934 2933 2933 2934 2934 2935 2935 2936 2936 2937 2937 2936 2936 2935 2935 2936 2936 2937 2937 2938 2938 2939 2939 2938 2938 2937 2937 2938 2938 2939 2939 2940 2940 2941 2941 2940 2940 2939 2939 2940 2940 2941 2941 2942 2942 2943 2943 2942 2942 2941 2941 2942 2942 2943 2943 2944 2944 2945 2945 2944 2944 2943 2943 2944 2944 2945 2945 2946 2946 2947 2947 2946 2946 2945 2945 2946 2946 2947 2947 2948 2948 2949 2949 2948 2948 2947 2947 2948 2948 2949 2949 2950 2950 2951 2951 2950 2950 2949 2949 2950 2950 2951 2951 2952 2952 2953 2953 2952 2952 2951 2951 2952 2952 2953 2953 2954 2954 2955 2955 2954 2954 2953 2953 2954 2954 2955 2955 2908 2908 2909 2909 2908 2908 2955 2955 2956 2956 2957 2957 2958 2958 2959 2959 2958 2958 2957 2957 2958 2958 2959 2959 2960 2960 2961 2961 2960 2960 2959 2959 2960 2960 2961 2961 2962 2962 2963 2963 2962 2962 2961 2961 2962 2962 2963 2963 2964 2964 2965 2965 2964 2964 2963 2963 2964 2964 2965 2965 2966 2966 2967 2967 2966 2966 2965 2965 2966 2966 2967 2967 2968 2968 2969 2969 2968 2968 2967 2967 2968 2968 2969 2969 2970 2970 2971 2971 2970 2970 2969 2969 2970 2970 2971 2971 2972 2972 2973 2973 2972 2972 2971 2971 2972 2972 2973 2973 2974 2974 2975 2975 2974 2974 2973 2973 2974 2974 2975 2975 2976 2976 2977 2977 2976 2976 2975 2975 2976 2976 2977 2977 2978 2978 2979 2979 2978 2978 2977 2977 2978 2978 2979 2979 2980 2980 2981 2981 2980 2980 2979 2979 2980 2980 2981 2981 2982 2982 2983 2983 2982 2982 2981 2981 2982 2982 2983 2983 2984 2984 2985 2985 2984 2984 2983 2983 2984 2984 2985 2985 2986 2986 2987 2987 2986 2986 2985 2985 2986 2986 2987 2987 2988 2988 2989 2989 2988 2988 2987 2987 2988 2988 2989 2989 2990 2990 2991 2991 2990 2990 2989 2989 2990 2990 2991 2991 2992 2992 2993 2993 2992 2992 2991 2991 2992 2992 2993 2993 2994 2994 2995 2995 2994 2994 2993 2993 2994 2994 2995 2995 2996 2996 2997 2997 2996 2996 2995 2995 2996 2996 2997 2997 2998 2998 2999 2999 2998 2998 2997 2997 2998 2998 2999 2999 3000 3000 3001 3001 3000 3000 2999 2999 3000 3000 3001 3001 3002 3002 3003 3003 3002 3002 3001 3001 3002 3002 3003 3003 2956 2956 2957 2957 2956 2956 3003 3003 3004 3004 3005 3005 3006 3006 3007 3007 3008 3008 3009 3009 3010 3010 3011 3011 3008 3008 3012 3012 3013 3013 3014 3014 3015 3015 3016 3016 3017 3017 3018 3018 3019 3019 3020 3020 3021 3021 3022 3022 3023 3023 3023 3023 3024 3024 3021 3021 3025 3025 3021 3021 3024 3024 3021 3021 3025 3025 3026 3026 3027 3027 3028 3028 3029 3029 3030 3030 3031 3031 3032 3032 3033 3033 3032 3032 3031 3031 3032 3032 3033 3033 3034 3034 3035 3035 3036 3036 3037 3037 3038 3038 3039 3039 3021 3021 3040 3040 3021 3021 3039 3039 3041 3041 3042 3042 3043 3043 3028 3028 3044 3044 3029 3029 3045 3045 3029 3029 3044 3044 3029 3029 3045 3045 3046 3046 3034 3034 3033 3033 3047 3047 3022 3022 3047 3047 3033 3033 3047 3047 3022 3022 3048 3048 3021 3021 3048 3048 3022 3022 3048 3048 3021 3021 3049 3049 3040 3040 3049 3049 3021 3021 3049 3049 3040 3040 3050 3050 3037 3037 3042 3042 3035 3035 3041 3041 3035 3035 3042 3042 3035 3035 3041 3041 3051 3051 3052 3052 3051 3051 3041 3041 3043 3043 3053 3053 3041 3041 3054 3054 3041 3041 3053 3053 3041 3041 3054 3054 3029 3029 3055 3055 3029 3029 3054 3054 3029 3029 3055 3055 3027 3027 3030 3030 3056 3056 3031 3031 3057 3057 3031 3031 3056 3056 3031 3031 3057 3057 3035 3035 3058 3058 3035 3035 3057 3057 3035 3035 3058 3058 3036 3036 3045 3045 3059 3059 3046 3046 3060 3060 3046 3046 3059 3059 3046 3046 3060 3060 3040 3040 3061 3061 3040 3040 3060 3060 3040 3040 3061 3061 3050 3050 3062 3062 3063 3063 3041 3041 3064 3064 3065 3065 3066 3066 3067 3067 3068 3068 3069 3069 3069 3069 3068 3068 3070 3070 3071 3071 3072 3072 3073 3073 3074 3074 3075 3075 3076 3076 3077 3077 3076 3076 3075 3075 3041 3041 3063 3063 3052 3052 3078 3078 3052 3052 3063 3063 3052 3052 3078 3078 3079 3079 3064 3064 3066 3066 3080 3080 3066 3066 3081 3081 3080 3080 3082 3082 3080 3080 3081 3081 3080 3080 3082 3082 3083 3083 3084 3084 3085 3085 3086 3086 3087 3087 3086 3086 3085 3085 3086 3086 3087 3087 3088 3088 3070 3070 3088 3088 3087 3087 3088 3088 3070 3070 3089 3089 3068 3068 3089 3089 3070 3070 3078 3078 3090 3090 3079 3079 3091 3091 3079 3079 3090 3090 3079 3079 3091 3091 3064 3064 3092 3092 3064 3064 3091 3091 3064 3064 3092 3092 3065 3065 3073 3073 3072 3072 3077 3077 3093 3093 3077 3077 3072 3072 3077 3077 3093 3093 3076 3076 3084 3084 3094 3094 3085 3085 3095 3095 3085 3085 3094 3094 3085 3085 3095 3095 3073 3073 3096 3096 3073 3073 3095 3095 3073 3073 3096 3096 3071 3071 3097 3097 3098 3098 3099 3099 3099 3099 3098 3098 3100 3100 3082 3082 3067 3067 3083 3083 3069 3069 3083 3083 3067 3067 3083 3083 3069 3069 3101 3101 3102 3102 3101 3101 3069 3069 3102 3102 3103 3103 3104 3104 3105 3105 3104 3104 3103 3103 3105 3105 3106 3106 3104 3104 3107 3107 3104 3104 3106 3106 3104 3104 3107 3107 3108 3108 3107 3107 3109 3109 3108 3108 3110 3110 3108 3108 3109 3109 3108 3108 3110 3110 3019 3019 3111 3111 3019 3019 3110 3110 3019 3019 3111 3111 3020 3020 3112 3112 3020 3020 3111 3111 3020 3020 3112 3112 3097 3097 3113 3113 3114 3114 3069 3069 3115 3115 3069 3069 3114 3114 3069 3069 3115 3115 3102 3102 3116 3116 3102 3102 3115 3115 3102 3102 3116 3116 3103 3103 3098 3098 3117 3117 3100 3100 3118 3118 3100 3100 3117 3117 3100 3100 3118 3118 3119 3119 3120 3120 3119 3119 3118 3118 3119 3119 3120 3120 3121 3121 3122 3122 3123 3123 3069 3069 3124 3124 3069 3069 3123 3123 3069 3069 3124 3124 3113 3113 3121 3121 3125 3125 3119 3119 3126 3126 3119 3119 3125 3125 3119 3119 3126 3126 3127 3127 3128 3128 3129 3129 3130 3130 3131 3131 3130 3130 3129 3129 3130 3130 3131 3131 3020 3020 3132 3132 3020 3020 3131 3131 3020 3020 3132 3132 3018 3018 3133 3133 3134 3134 3005 3005 3135 3135 3005 3005 3134 3134 3136 3136 3137 3137 3138 3138 3137 3137 3139 3139 3138 3138 3140 3140 3138 3138 3139 3139 3138 3138 3140 3140 3141 3141 3142 3142 3143 3143 3144 3144 3145 3145 3146 3146 3147 3147 3148 3148 3147 3147 3146 3146 3149 3149 3150 3150 3147 3147 3151 3151 3147 3147 3150 3150 3147 3147 3151 3151 3138 3138 3152 3152 3138 3138 3151 3151 3138 3138 3152 3152 3136 3136 3140 3140 3153 3153 3141 3141 3154 3154 3141 3141 3153 3153 3141 3141 3154 3154 3004 3004 3155 3155 3004 3004 3154 3154 3004 3004 3155 3155 3005 3005 3156 3156 3157 3157 3148 3148 3158 3158 3148 3148 3157 3157 3148 3148 3158 3158 3147 3147 3159 3159 3147 3147 3158 3158 3147 3147 3159 3159 3149 3149 3144 3144 3143 3143 3148 3148 3160 3160 3148 3148 3143 3143 3148 3148 3160 3160 3156 3156 3155 3155 3161 3161 3005 3005 3162 3162 3005 3005 3161 3161 3005 3005 3162 3162 3133 3133 3163 3163 3133 3133 3162 3162 3133 3133 3163 3163 3164 3164 3163 3163 3165 3165 3164 3164 3166 3166 3164 3164 3165 3165 3164 3164 3166 3166 3144 3144 3167 3167 3144 3144 3166 3166 3144 3144 3167 3167 3142 3142 3168 3168 3145 3145 3169 3169 3170 3170 3171 3171 3172 3172 3172 3172 3173 3173 3170 3170 3174 3174 3170 3170 3173 3173 3170 3170 3174 3174 3175 3175 3176 3176 3175 3175 3174 3174 3176 3176 3177 3177 3175 3175 3178 3178 3175 3175 3177 3177 3175 3175 3178 3178 3179 3179 3180 3180 3179 3179 3178 3178 3181 3181 3182 3182 3183 3183 3184 3184 3183 3183 3182 3182 3183 3183 3184 3184 3185 3185 3179 3179 3185 3185 3184 3184 3185 3185 3179 3179 3186 3186 3180 3180 3186 3186 3179 3179 3169 3169 3145 3145 3187 3187 3147 3147 3187 3187 3145 3145 3187 3187 3147 3147 3188 3188 3189 3189 3190 3190 3015 3015 3191 3191 3015 3015 3190 3190 3015 3015 3191 3191 3016 3016 3192 3192 3016 3016 3191 3191 3016 3016 3192 3192 3171 3171 3193 3193 3171 3171 3192 3192 3171 3171 3193 3193 3172 3172 3194 3194 3195 3195 3196 3196 3168 3168 3196 3196 3195 3195 3196 3196 3168 3168 3197 3197 3169 3169 3197 3197 3168 3168 3194 3194 3198 3198 3195 3195 3199 3199 3195 3195 3198 3198 3195 3195 3199 3199 3189 3189 3200 3200 3189 3189 3199 3199 3189 3189 3200 3200 3190 3190 3012 3012 3014 3014 3201 3201 3202 3202 3203 3203 3204 3204 3204 3204 3203 3203 3205 3205 3206 3206 3207 3207 3016 3016 3208 3208 3209 3209 3210 3210 3207 3207 3211 3211 3016 3016 3212 3212 3016 3016 3211 3211 3016 3016 3212 3212 3213 3213 3213 3213 3214 3214 3016 3016 3215 3215 3016 3016 3214 3214 3016 3016 3215 3215 3017 3017 3214 3214 3216 3216 3215 3215 3217 3217 3215 3215 3216 3216 3215 3215 3217 3217 3204 3204 3218 3218 3204 3204 3217 3217 3204 3204 3218 3218 3202 3202 3210 3210 3219 3219 3208 3208 3220 3220 3208 3208 3219 3219 3208 3208 3220 3220 3014 3014 3221 3221 3014 3014 3220 3220 3014 3014 3221 3221 3201 3201 3203 3203 3222 3222 3205 3205 3223 3223 3205 3205 3222 3222 3205 3205 3223 3223 3011 3011 3224 3224 3011 3011 3223 3223 3011 3011 3224 3224 3008 3008 3225 3225 3008 3008 3224 3224 3008 3008 3225 3225 3009 3009 3226 3226 3009 3009 3225 3225 3009 3009 3226 3226 3209 3209 3227 3227 3209 3209 3226 3226 3209 3209 3227 3227 3210 3210 3025 3025 3228 3228 3026 3026 3229 3229 3026 3026 3228 3228 3026 3026 3229 3229 3008 3008 3230 3230 3008 3008 3229 3229 3008 3008 3230 3230 3010 3010 3231 3231 3232 3232 3233 3233 3234 3234 3235 3235 3231 3231 3236 3236 3231 3231 3235 3235 3231 3231 3236 3236 3232 3232 3236 3236 3237 3237 3232 3232 3238 3238 3232 3232 3237 3237 3232 3232 3238 3238 3239 3239 3240 3240 3241 3241 3020 3020 3242 3242 3243 3243 3130 3130 3244 3244 3130 3130 3243 3243 3244 3244 3245 3245 3130 3130 3246 3246 3130 3130 3245 3245 3130 3130 3246 3246 3231 3231 3247 3247 3231 3231 3246 3246 3231 3231 3247 3247 3234 3234 3240 3240 3020 3020 3248 3248 3241 3241 3249 3249 3020 3020 3250 3250 3020 3020 3249 3249 3020 3020 3250 3250 3130 3130 3251 3251 3130 3130 3250 3250 3130 3130 3251 3251 3242 3242 3239 3239 3252 3252 3232 3232 3253 3253 3232 3232 3252 3252 3232 3232 3253 3253 3254 3254 3255 3255 3254 3254 3253 3253 3097 3097 3099 3099 3020 3020 3256 3256 3020 3020 3099 3099 3020 3020 3256 3256 3254 3254 3255 3255 3257 3257 3254 3254 3258 3258 3254 3254 3257 3257 3254 3254 3258 3258 3020 3020 3259 3259 3020 3020 3258 3258 3020 3020 3259 3259 3248 3248 3127 3127 3122 3122 3119 3119 3069 3069 3119 3119 3122 3122 3119 3119 3069 3069 3260 3260 3070 3070 3260 3260 3069 3069 3074 3074 3062 3062 3075 3075 3041 3041 3075 3075 3062 3062 3075 3075 3041 3041 3261 3261 3029 3029 3261 3261 3041 3041 3262 3262 3263 3263 3264 3264 3265 3265 3266 3266 3267 3267 3264 3264 3263 3263 3268 3268 3267 3267 3266 3266 3264 3264 3269 3269 3264 3264 3266 3266 3264 3264 3269 3269 3262 3262 3270 3270 3271 3271 3026 3026 3272 3272 3026 3026 3271 3271 3273 3273 3274 3274 3275 3275 3268 3268 3275 3275 3274 3274 3275 3275 3268 3268 3276 3276 3263 3263 3276 3276 3268 3268 3021 3021 3277 3277 3278 3278 3272 3272 3279 3279 3026 3026 3280 3280 3026 3026 3279 3279 3026 3026 3280 3280 3281 3281 3281 3281 3282 3282 3026 3026 3283 3283 3026 3026 3282 3282 3026 3026 3283 3283 3021 3021 3284 3284 3021 3021 3283 3283 3021 3021 3284 3284 3277 3277 3278 3278 3285 3285 3021 3021 3286 3286 3021 3021 3285 3285 3021 3021 3286 3286 3038 3038 3286 3286 3287 3287 3038 3038 3288 3288 3038 3038 3287 3287 3038 3038 3288 3288 3267 3267 3289 3289 3267 3267 3288 3288 3267 3267 3289 3289 3265 3265 3290 3290 3291 3291 3292 3292 3293 3293 3292 3292 3291 3291 3294 3294 3295 3295 3296 3296 3292 3292 3296 3296 3295 3295 3296 3296 3292 3292 3297 3297 3293 3293 3297 3297 3292 3292 3298 3298 3299 3299 3008 3008 3300 3300 3008 3008 3299 3299 3008 3008 3300 3300 3301 3301 3301 3301 3302 3302 3008 3008 3303 3303 3008 3008 3302 3302 3008 3008 3303 3303 3026 3026 3304 3304 3026 3026 3303 3303 3026 3026 3304 3304 3305 3305 3305 3305 3306 3306 3026 3026 3307 3307 3026 3026 3306 3306 3026 3026 3307 3307 3308 3308 3294 3294 3309 3309 3295 3295 3310 3310 3295 3295 3309 3309 3295 3295 3310 3310 3007 3007 3311 3311 3007 3007 3310 3310 3007 3007 3311 3311 3008 3008 3312 3312 3008 3008 3311 3311 3008 3008 3312 3312 3298 3298 3308 3308 3313 3313 3026 3026 3274 3274 3026 3026 3313 3313 3026 3026 3274 3274 3270 3270 3273 3273 3270 3270 3274 3274 3313 3313 3314 3314 3274 3274 3315 3315 3274 3274 3314 3314 3274 3274 3315 3315 3290 3290 3316 3316 3290 3290 3315 3315 3290 3290 3316 3316 3291 3291 3013 3013 3206 3206 3014 3014 3016 3016 3014 3014 3206 3206 3014 3014 3016 3016 3317 3317 3171 3171 3317 3317 3016 3016 3181 3181 3188 3188 3182 3182 3147 3147 3182 3182 3188 3188 3182 3182 3147 3147 3318 3318 3138 3138 3318 3318 3147 3147 3319 3319 3320 3320 3130 3130 3321 3321 3322 3322 3323 3323 3324 3324 3323 3323 3322 3322 3135 3135 3128 3128 3005 3005 3130 3130 3005 3005 3128 3128 3005 3005 3130 3130 3325 3325 3320 3320 3325 3325 3130 3130 3325 3325 3326 3326 3005 3005 3327 3327 3005 3005 3326 3326 3005 3005 3327 3327 3328 3328 3329 3329 3330 3330 3231 3231 3331 3331 3231 3231 3330 3330 3328 3328 3332 3332 3005 3005 3333 3333 3005 3005 3332 3332 3005 3005 3333 3333 3006 3006 3334 3334 3006 3006 3333 3333 3006 3006 3334 3334 3335 3335 3334 3334 3336 3336 3335 3335 3337 3337 3335 3335 3336 3336 3335 3335 3337 3337 3322 3322 3338 3338 3322 3322 3337 3337 3322 3322 3338 3338 3324 3324 3339 3339 3340 3340 3130 3130 3341 3341 3130 3130 3340 3340 3130 3130 3341 3341 3319 3319 3331 3331 3342 3342 3231 3231 3343 3343 3231 3231 3342 3342 3231 3231 3343 3343 3130 3130 3344 3344 3130 3130 3343 3343 3130 3130 3344 3344 3339 3339 3233 3233 3345 3345 3231 3231 3346 3346 3231 3231 3345 3345 3231 3231 3346 3346 3347 3347 3321 3321 3329 3329 3322 3322 3231 3231 3322 3322 3329 3329 3322 3322 3231 3231 3348 3348 3347 3347 3348 3348 3231 3231 3349 3349 3350 3350 3351 3351 3351 3351 3352 3352 3349 3349 3353 3353 3349 3349 3352 3352 3349 3349 3353 3353 3354 3354 3355 3355 3354 3354 3353 3353 3355 3355 3356 3356 3354 3354 3357 3357 3354 3354 3356 3356 3354 3354 3357 3357 3358 3358 3359 3359 3360 3360 3361 3361 3362 3362 3363 3363 3364 3364 3365 3365 3364 3364 3363 3363 3364 3364 3365 3365 3366 3366 3367 3367 3366 3366 3365 3365 3366 3366 3367 3367 3368 3368 3369 3369 3368 3368 3367 3367 3368 3368 3369 3369 3370 3370 3371 3371 3370 3370 3369 3369 3370 3370 3371 3371 3372 3372 3361 3361 3360 3360 3373 3373 3374 3374 3373 3373 3360 3360 3373 3373 3374 3374 3375 3375 1 1 3375 3375 3374 3374 3375 3375 1 1 0 0 3361 3361 3376 3376 3359 3359 3377 3377 3359 3359 3376 3376 3359 3359 3377 3377 3378 3378 3379 3379 3378 3378 3377 3377 3378 3378 3379 3379 3380 3380 3381 3381 3380 3380 3379 3379 3380 3380 3381 3381 3382 3382 3383 3383 3382 3382 3381 3381 3382 3382 3383 3383 3384 3384 3385 3385 3384 3384 3383 3383 3384 3384 3385 3385 3386 3386 3385 3385 3387 3387 3386 3386 3388 3388 3386 3386 3387 3387 3386 3386 3388 3388 3389 3389 3390 3390 3389 3389 3388 3388 3389 3389 3390 3390 3391 3391 3392 3392 3391 3391 3390 3390 3391 3391 3392 3392 3393 3393 3394 3394 3393 3393 3392 3392 3393 3393 3394 3394 3395 3395 3396 3396 3395 3395 3394 3394 3395 3395 3396 3396 3397 3397 3398 3398 3397 3397 3396 3396 3397 3397 3398 3398 3362 3362 3399 3399 3362 3362 3398 3398 3362 3362 3399 3399 3363 3363 3400 3400 3401 3401 3402 3402 3403 3403 3402 3402 3401 3401 3402 3402 3403 3403 3404 3404 3405 3405 3404 3404 3403 3403 3404 3404 3405 3405 3406 3406 3407 3407 3406 3406 3405 3405 3406 3406 3407 3407 3408 3408 3409 3409 3408 3408 3407 3407 3408 3408 3409 3409 3410 3410 3411 3411 3410 3410 3409 3409 3410 3410 3411 3411 3412 3412 3413 3413 3412 3412 3411 3411 3412 3412 3413 3413 3414 3414 3415 3415 3414 3414 3413 3413 3414 3414 3415 3415 3416 3416 3417 3417 3416 3416 3415 3415 3416 3416 3417 3417 3418 3418 3419 3419 3418 3418 3417 3417 3418 3418 3419 3419 3420 3420 3421 3421 3420 3420 3419 3419 3420 3420 3421 3421 3422 3422 3423 3423 3422 3422 3421 3421 3422 3422 3423 3423 3424 3424 3425 3425 3424 3424 3423 3423 3424 3424 3425 3425 3426 3426 3427 3427 3426 3426 3425 3425 3426 3426 3427 3427 3428 3428 3429 3429 3428 3428 3427 3427 3428 3428 3429 3429 3430 3430 3431 3431 3430 3430 3429 3429 3430 3430 3431 3431 3432 3432 3433 3433 3432 3432 3431 3431 3432 3432 3433 3433 3434 3434 3435 3435 3434 3434 3433 3433 3434 3434 3435 3435 3436 3436 3437 3437 3436 3436 3435 3435 3436 3436 3437 3437 3438 3438 3439 3439 3438 3438 3437 3437 3438 3438 3439 3439 3440 3440 3441 3441 3440 3440 3439 3439 3440 3440 3441 3441 3442 3442 3443 3443 3442 3442 3441 3441 3442 3442 3443 3443 3444 3444 3445 3445 3444 3444 3443 3443 3444 3444 3445 3445 3446 3446 3447 3447 3446 3446 3445 3445 3446 3446 3447 3447 3400 3400 3401 3401 3400 3400 3447 3447 3448 3448 3449 3449 3450 3450 3451 3451 3450 3450 3449 3449 3450 3450 3451 3451 3452 3452 3453 3453 3452 3452 3451 3451 3452 3452 3453 3453 3454 3454 3455 3455 3454 3454 3453 3453 3454 3454 3455 3455 3456 3456 3457 3457 3456 3456 3455 3455 3456 3456 3457 3457 3458 3458 3459 3459 3458 3458 3457 3457 3458 3458 3459 3459 3460 3460 3461 3461 3460 3460 3459 3459 3460 3460 3461 3461 3462 3462 3463 3463 3462 3462 3461 3461 3462 3462 3463 3463 3464 3464 3465 3465 3464 3464 3463 3463 3464 3464 3465 3465 3466 3466 3467 3467 3466 3466 3465 3465 3466 3466 3467 3467 3468 3468 3469 3469 3468 3468 3467 3467 3468 3468 3469 3469 3470 3470 3471 3471 3470 3470 3469 3469 3470 3470 3471 3471 3472 3472 3473 3473 3472 3472 3471 3471 3472 3472 3473 3473 3474 3474 3475 3475 3474 3474 3473 3473 3474 3474 3475 3475 3476 3476 3477 3477 3476 3476 3475 3475 3476 3476 3477 3477 3478 3478 3479 3479 3478 3478 3477 3477 3478 3478 3479 3479 3480 3480 3481 3481 3480 3480 3479 3479 3480 3480 3481 3481 3482 3482 3483 3483 3482 3482 3481 3481 3482 3482 3483 3483 3484 3484 3485 3485 3484 3484 3483 3483 3484 3484 3485 3485 3486 3486 3487 3487 3486 3486 3485 3485 3486 3486 3487 3487 3488 3488 3489 3489 3488 3488 3487 3487 3488 3488 3489 3489 3490 3490 3491 3491 3490 3490 3489 3489 3490 3490 3491 3491 3492 3492 3493 3493 3492 3492 3491 3491 3492 3492 3493 3493 3494 3494 3495 3495 3494 3494 3493 3493 3494 3494 3495 3495 3448 3448 3449 3449 3448 3448 3495 3495 3496 3496 3497 3497 3498 3498 3499 3499 3498 3498 3497 3497 3498 3498 3499 3499 3500 3500 3501 3501 3502 3502 3498 3498 3503 3503 3498 3498 3502 3502 3498 3498 3503 3503 3496 3496 3504 3504 3505 3505 3498 3498 3506 3506 3498 3498 3505 3505 3498 3498 3506 3506 3501 3501 3507 3507 3508 3508 3498 3498 3509 3509 3498 3498 3508 3508 3498 3498 3509 3509 3504 3504 3510 3510 3511 3511 3498 3498 3512 3512 3498 3498 3511 3511 3498 3498 3512 3512 3507 3507 3513 3513 3514 3514 3498 3498 3515 3515 3498 3498 3514 3514 3498 3498 3515 3515 3510 3510 3516 3516 3517 3517 3498 3498 3518 3518 3498 3498 3517 3517 3498 3498 3518 3518 3513 3513 3500 3500 3519 3519 3498 3498 3520 3520 3498 3498 3519 3519 3498 3498 3520 3520 3516 3516 3521 3521 3522 3522 3523 3523 3524 3524 3523 3523 3522 3522 3523 3523 3524 3524 3525 3525 3526 3526 3527 3527 3523 3523 3528 3528 3523 3523 3527 3527 3523 3523 3528 3528 3521 3521 3529 3529 3530 3530 3523 3523 3531 3531 3523 3523 3530 3530 3523 3523 3531 3531 3526 3526 3532 3532 3533 3533 3523 3523 3534 3534 3523 3523 3533 3533 3523 3523 3534 3534 3529 3529 3535 3535 3536 3536 3523 3523 3537 3537 3523 3523 3536 3536 3523 3523 3537 3537 3532 3532 3538 3538 3539 3539 3523 3523 3540 3540 3523 3523 3539 3539 3523 3523 3540 3540 3535 3535 3541 3541 3542 3542 3523 3523 3543 3543 3523 3523 3542 3542 3523 3523 3543 3543 3538 3538 3525 3525 3544 3544 3523 3523 3545 3545 3523 3523 3544 3544 3523 3523 3545 3545 3541 3541 2380 2380 2379 2379 3546 3546 2380 2380 3546 3546 3547 3547 3548 3548 3547 3547 3546 3546 3547 3547 3548 3548 3549 3549 3550 3550 3549 3549 3548 3548 3549 3549 3550 3550 3551 3551 3552 3552 3551 3551 3550 3550 3551 3551 3552 3552 3553 3553 2575 2575 3553 3553 3552 3552 3553 3553 2575 2575 2574 2574 3554 3554 3555 3555 3556 3556 3557 3557 3556 3556 3555 3555 3556 3556 3557 3557 3558 3558 3559 3559 3560 3560 3556 3556 3561 3561 3556 3556 3560 3560 3556 3556 3561 3561 3554 3554 3562 3562 3563 3563 3556 3556 3564 3564 3556 3556 3563 3563 3556 3556 3564 3564 3559 3559 3565 3565 3566 3566 3556 3556 3567 3567 3556 3556 3566 3566 3556 3556 3567 3567 3562 3562 3568 3568 3569 3569 3556 3556 3570 3570 3556 3556 3569 3569 3556 3556 3570 3570 3565 3565 3571 3571 3572 3572 3556 3556 3573 3573 3556 3556 3572 3572 3556 3556 3573 3573 3568 3568 3574 3574 3575 3575 3556 3556 3576 3576 3556 3556 3575 3575 3556 3556 3576 3576 3571 3571 3558 3558 3577 3577 3556 3556 3578 3578 3556 3556 3577 3577 3556 3556 3578 3578 3574 3574 3579 3579 3580 3580 3581 3581 3582 3582 3583 3583 3584 3584 3585 3585 3586 3586 3587 3587 3586 3586 3585 3585 3588 3588 3589 3589 3590 3590 3591 3591 3592 3592 3593 3593 3594 3594 3595 3595 3596 3596 3597 3597 3598 3598 3599 3599 3600 3600 3601 3601 3602 3602 3603 3603 3604 3604 3605 3605 3606 3606 3607 3607 3583 3583 3608 3608 3609 3609 3608 3608 3583 3583 3607 3607 3610 3610 3583 3583 3611 3611 3583 3583 3610 3610 3583 3583 3611 3611 3584 3584 3612 3612 3584 3584 3611 3611 3584 3584 3612 3612 3613 3613 3614 3614 3615 3615 3616 3616 3617 3617 3616 3616 3615 3615 3616 3616 3617 3617 3583 3583 3618 3618 3583 3583 3617 3617 3583 3583 3618 3618 3609 3609 3614 3614 3616 3616 3619 3619 3620 3620 3619 3619 3616 3616 3619 3619 3620 3620 3621 3621 3622 3622 3621 3621 3620 3620 3621 3621 3622 3622 3623 3623 3624 3624 3623 3623 3622 3622 3623 3623 3624 3624 3625 3625 3626 3626 3625 3625 3624 3624 3625 3625 3626 3626 3627 3627 3628 3628 3629 3629 3630 3630 3631 3631 3630 3630 3629 3629 3630 3630 3631 3631 3632 3632 3613 3613 3633 3633 3584 3584 3634 3634 3584 3584 3633 3633 3584 3584 3634 3634 3635 3635 3636 3636 3635 3635 3634 3634 3635 3635 3636 3636 3631 3631 3637 3637 3631 3631 3636 3636 3631 3631 3637 3637 3632 3632 3638 3638 3639 3639 3640 3640 3641 3641 3640 3640 3639 3639 3640 3640 3641 3641 3642 3642 3643 3643 3644 3644 3645 3645 3644 3644 3646 3646 3645 3645 3647 3647 3645 3645 3646 3646 3645 3645 3647 3647 3648 3648 3649 3649 3648 3648 3647 3647 3648 3648 3649 3649 3650 3650 3651 3651 3652 3652 3653 3653 3653 3653 3654 3654 3651 3651 3655 3655 3651 3651 3654 3654 3651 3651 3655 3655 3656 3656 3650 3650 3657 3657 3648 3648 3658 3658 3648 3648 3657 3657 3648 3648 3658 3658 3651 3651 3659 3659 3651 3651 3658 3658 3651 3651 3659 3659 3652 3652 3656 3656 3660 3660 3661 3661 3660 3660 3662 3662 3661 3661 3663 3663 3661 3661 3662 3662 3661 3661 3663 3663 3664 3664 3665 3665 3666 3666 3641 3641 3667 3667 3641 3641 3666 3666 3641 3641 3667 3667 3642 3642 3668 3668 3669 3669 3670 3670 3671 3671 3672 3672 3673 3673 3674 3674 3675 3675 3676 3676 3675 3675 3674 3674 3677 3677 3678 3678 3677 3677 3674 3674 3677 3677 3678 3678 3679 3679 3680 3680 3679 3679 3678 3678 3679 3679 3680 3680 3681 3681 3680 3680 3682 3682 3681 3681 3683 3683 3681 3681 3682 3682 3681 3681 3683 3683 3684 3684 3685 3685 3684 3684 3683 3683 3602 3602 3601 3601 3684 3684 3686 3686 3684 3684 3601 3601 3684 3684 3686 3686 3681 3681 3656 3656 3661 3661 3651 3651 3687 3687 3651 3651 3661 3661 3651 3651 3687 3687 3688 3688 3689 3689 3688 3688 3687 3687 3688 3688 3689 3689 3603 3603 3690 3690 3603 3603 3689 3689 3603 3603 3690 3690 3601 3601 3691 3691 3692 3692 3641 3641 3664 3664 3665 3665 3661 3661 3641 3641 3661 3661 3665 3665 3661 3661 3641 3641 3693 3693 3692 3692 3693 3693 3641 3641 3694 3694 3695 3695 3696 3696 3697 3697 3698 3698 3699 3699 3700 3700 3699 3699 3698 3698 3700 3700 3701 3701 3699 3699 3702 3702 3699 3699 3701 3701 3699 3699 3702 3702 3600 3600 3703 3703 3600 3600 3702 3702 3600 3600 3703 3703 3598 3598 3704 3704 3705 3705 3706 3706 3707 3707 3706 3706 3705 3705 3706 3706 3707 3707 3708 3708 3709 3709 3708 3708 3707 3707 3694 3694 3696 3696 3710 3710 3709 3709 3711 3711 3708 3708 3712 3712 3708 3708 3711 3711 3708 3708 3712 3712 3696 3696 3713 3713 3696 3696 3712 3712 3696 3696 3713 3713 3710 3710 3695 3695 3714 3714 3699 3699 3715 3715 3699 3699 3714 3714 3699 3699 3715 3715 3697 3697 3716 3716 3717 3717 3718 3718 3719 3719 3718 3718 3717 3717 3718 3718 3719 3719 3706 3706 3720 3720 3706 3706 3719 3719 3706 3706 3720 3720 3704 3704 3721 3721 3722 3722 3723 3723 3724 3724 3723 3723 3722 3722 3723 3723 3724 3724 3725 3725 3726 3726 3727 3727 3728 3728 3729 3729 3728 3728 3727 3727 3728 3728 3729 3729 3730 3730 3731 3731 3730 3730 3729 3729 3732 3732 3733 3733 3734 3734 3735 3735 3736 3736 3737 3737 3738 3738 3737 3737 3736 3736 3737 3737 3738 3738 3734 3734 3739 3739 3734 3734 3738 3738 3734 3734 3739 3739 3732 3732 3740 3740 3741 3741 3742 3742 3743 3743 3744 3744 3745 3745 3746 3746 3745 3745 3744 3744 3745 3745 3746 3746 3742 3742 3747 3747 3742 3742 3746 3746 3742 3742 3747 3747 3740 3740 3748 3748 3749 3749 3750 3750 3751 3751 3750 3750 3749 3749 3750 3750 3751 3751 3752 3752 3753 3753 3752 3752 3751 3751 3752 3752 3753 3753 3745 3745 3754 3754 3745 3745 3753 3753 3745 3745 3754 3754 3743 3743 3755 3755 3756 3756 3757 3757 3758 3758 3759 3759 3674 3674 3760 3760 3674 3674 3759 3759 3674 3674 3760 3760 3678 3678 3761 3761 3678 3678 3760 3760 3678 3678 3761 3761 3757 3757 3762 3762 3757 3757 3761 3761 3757 3757 3762 3762 3755 3755 3763 3763 3764 3764 3765 3765 3766 3766 3767 3767 3706 3706 3768 3768 3706 3706 3767 3767 3706 3706 3768 3768 3769 3769 3770 3770 3771 3771 3718 3718 3765 3765 3772 3772 3763 3763 3773 3773 3763 3763 3772 3772 3763 3763 3773 3773 3766 3766 3774 3774 3766 3766 3773 3773 3766 3766 3774 3774 3767 3767 3770 3770 3718 3718 3775 3775 3756 3756 3776 3776 3757 3757 3777 3777 3757 3757 3776 3776 3757 3757 3777 3777 3763 3763 3778 3778 3763 3763 3777 3777 3763 3763 3778 3778 3764 3764 3769 3769 3779 3779 3706 3706 3780 3780 3706 3706 3779 3779 3706 3706 3780 3780 3718 3718 3781 3781 3718 3718 3780 3780 3718 3718 3781 3781 3775 3775 3782 3782 3783 3783 3784 3784 3785 3785 3784 3784 3783 3783 3786 3786 3787 3787 3639 3639 3788 3788 3789 3789 3790 3790 3791 3791 3790 3790 3789 3789 3790 3790 3791 3791 3792 3792 3793 3793 3794 3794 3795 3795 3796 3796 3795 3795 3794 3794 3795 3795 3796 3796 3639 3639 3797 3797 3639 3639 3796 3796 3639 3639 3797 3797 3786 3786 3798 3798 3782 3782 3641 3641 3784 3784 3641 3641 3782 3782 3641 3641 3784 3784 3691 3691 3799 3799 3691 3691 3784 3784 3691 3691 3799 3799 3800 3800 3670 3670 3800 3800 3799 3799 3785 3785 3801 3801 3784 3784 3802 3802 3784 3784 3801 3801 3784 3784 3802 3802 3803 3803 3804 3804 3805 3805 3641 3641 3806 3806 3641 3641 3805 3805 3641 3641 3806 3806 3798 3798 3803 3803 3807 3807 3790 3790 3808 3808 3790 3790 3807 3807 3790 3790 3808 3808 3788 3788 3787 3787 3809 3809 3639 3639 3810 3810 3639 3639 3809 3809 3639 3639 3810 3810 3641 3641 3811 3811 3641 3641 3810 3810 3641 3641 3811 3811 3804 3804 3812 3812 3813 3813 3814 3814 3815 3815 3814 3814 3813 3813 3814 3814 3815 3815 3816 3816 3817 3817 3818 3818 3678 3678 3819 3819 3678 3678 3818 3818 3678 3678 3819 3819 3820 3820 3821 3821 3822 3822 3680 3680 3823 3823 3680 3680 3822 3822 3680 3680 3823 3823 3682 3682 3820 3820 3824 3824 3678 3678 3825 3825 3678 3678 3824 3824 3678 3678 3825 3825 3680 3680 3826 3826 3680 3680 3825 3825 3680 3680 3826 3826 3821 3821 3827 3827 3828 3828 3829 3829 3830 3830 3829 3829 3828 3828 3829 3829 3830 3830 3831 3831 3832 3832 3831 3831 3830 3830 3685 3685 3833 3833 3684 3684 3834 3834 3684 3684 3833 3833 3684 3684 3834 3834 3835 3835 3836 3836 3835 3835 3834 3834 3837 3837 3838 3838 3839 3839 3840 3840 3839 3839 3838 3838 3840 3840 3841 3841 3839 3839 3842 3842 3839 3839 3841 3841 3839 3839 3842 3842 3843 3843 3844 3844 3843 3843 3842 3842 3843 3843 3844 3844 3845 3845 3846 3846 3847 3847 3848 3848 3848 3848 3847 3847 3849 3849 3850 3850 3849 3849 3847 3847 3849 3849 3850 3850 3851 3851 3852 3852 3853 3853 3854 3854 3855 3855 3854 3854 3853 3853 3856 3856 3857 3857 3858 3858 3859 3859 3858 3858 3857 3857 3858 3858 3859 3859 3853 3853 3860 3860 3853 3853 3859 3859 3853 3853 3860 3860 3855 3855 3845 3845 3861 3861 3843 3843 3862 3862 3843 3843 3861 3861 3843 3843 3862 3862 3863 3863 3862 3862 3864 3864 3863 3863 3865 3865 3863 3863 3864 3864 3863 3863 3865 3865 3866 3866 3867 3867 3866 3866 3865 3865 3866 3866 3867 3867 3858 3858 3868 3868 3858 3858 3867 3867 3858 3858 3868 3868 3856 3856 3869 3869 3870 3870 3871 3871 3872 3872 3871 3871 3870 3870 3871 3871 3872 3872 3873 3873 3873 3873 3874 3874 3871 3871 3875 3875 3871 3871 3874 3874 3871 3871 3875 3875 3876 3876 3877 3877 3876 3876 3875 3875 3878 3878 3879 3879 3880 3880 3878 3878 3881 3881 3879 3879 3882 3882 3879 3879 3881 3881 3879 3879 3882 3882 3883 3883 3884 3884 3885 3885 3886 3886 3887 3887 3886 3886 3885 3885 3886 3886 3887 3887 3888 3888 3889 3889 3890 3890 3891 3891 3892 3892 3891 3891 3890 3890 3891 3891 3892 3892 3893 3893 3877 3877 3894 3894 3876 3876 3895 3895 3876 3876 3894 3894 3876 3876 3895 3895 3671 3671 3896 3896 3671 3671 3895 3895 3897 3897 3582 3582 3898 3898 3671 3671 3898 3898 3582 3582 3898 3898 3671 3671 3899 3899 3896 3896 3899 3899 3671 3671 3745 3745 3900 3900 3901 3901 3596 3596 3595 3595 3742 3742 3595 3595 3902 3902 3742 3742 3903 3903 3742 3742 3902 3902 3742 3742 3903 3903 3745 3745 3904 3904 3745 3745 3903 3903 3745 3745 3904 3904 3900 3900 3905 3905 3906 3906 3907 3907 3908 3908 3907 3907 3906 3906 3907 3907 3908 3908 3909 3909 3910 3910 3909 3909 3908 3908 3909 3909 3910 3910 3911 3911 3912 3912 3911 3911 3910 3910 3911 3911 3912 3912 3913 3913 3914 3914 3915 3915 3916 3916 3917 3917 3916 3916 3915 3915 3916 3916 3917 3917 3907 3907 3918 3918 3907 3907 3917 3917 3907 3907 3918 3918 3905 3905 3919 3919 3920 3920 3916 3916 3921 3921 3916 3916 3920 3920 3916 3916 3921 3921 3914 3914 3901 3901 3922 3922 3923 3923 3924 3924 3923 3923 3922 3922 3923 3923 3924 3924 3925 3925 3924 3924 3926 3926 3925 3925 3927 3927 3925 3925 3926 3926 3925 3925 3927 3927 3919 3919 3928 3928 3919 3919 3927 3927 3919 3919 3928 3928 3920 3920 3593 3593 3592 3592 3929 3929 3930 3930 3929 3929 3592 3592 3929 3929 3930 3930 3931 3931 3932 3932 3931 3931 3930 3930 3931 3931 3932 3932 3933 3933 3934 3934 3935 3935 3594 3594 3936 3936 3594 3594 3935 3935 3594 3594 3936 3936 3592 3592 3695 3695 3699 3699 3696 3696 3937 3937 3696 3696 3699 3699 3696 3696 3937 3937 3626 3626 3938 3938 3939 3939 3587 3587 3940 3940 3587 3587 3939 3939 3587 3587 3940 3940 3585 3585 3893 3893 3878 3878 3891 3891 3880 3880 3891 3891 3878 3878 3891 3891 3880 3880 3941 3941 3942 3942 3941 3941 3880 3880 3883 3883 3853 3853 3848 3848 3852 3852 3848 3848 3853 3853 3848 3848 3852 3852 3846 3846 3943 3943 3944 3944 3945 3945 3946 3946 3945 3945 3944 3944 3945 3945 3946 3946 3947 3947 3948 3948 3949 3949 3946 3946 3950 3950 3946 3946 3949 3949 3946 3946 3950 3950 3947 3947 3951 3951 3952 3952 3953 3953 3954 3954 3955 3955 3953 3953 3956 3956 3953 3953 3955 3955 3953 3953 3956 3956 3951 3951 3957 3957 3958 3958 3959 3959 3600 3600 3631 3631 3699 3699 3629 3629 3699 3699 3631 3631 3699 3699 3629 3629 3937 3937 3628 3628 3937 3937 3629 3629 3937 3937 3628 3628 3626 3626 3960 3960 3626 3626 3628 3628 3626 3626 3960 3960 3627 3627 3771 3771 3758 3758 3718 3718 3674 3674 3718 3718 3758 3758 3718 3718 3674 3674 3961 3961 3676 3676 3961 3961 3674 3674 3961 3961 3676 3676 3962 3962 3763 3763 3589 3589 3757 3757 3591 3591 3757 3757 3589 3589 3757 3757 3591 3591 3678 3678 3814 3814 3678 3678 3591 3591 3678 3678 3814 3814 3817 3817 3816 3816 3817 3817 3814 3814 3590 3590 3963 3963 3591 3591 3964 3964 3591 3591 3963 3963 3591 3591 3964 3964 3814 3814 3828 3828 3814 3814 3964 3964 3814 3814 3828 3828 3812 3812 3827 3827 3812 3812 3828 3828 3963 3963 3934 3934 3964 3964 3594 3594 3964 3964 3934 3934 3964 3964 3594 3594 3828 3828 3593 3593 3828 3828 3594 3594 3828 3828 3593 3593 3830 3830 3929 3929 3830 3830 3593 3593 3942 3942 3939 3939 3941 3941 3938 3938 3941 3941 3939 3939 3941 3941 3938 3938 3891 3891 3886 3886 3891 3891 3938 3938 3891 3891 3886 3886 3889 3889 3888 3888 3889 3889 3886 3886 3588 3588 3622 3622 3586 3586 3620 3620 3586 3586 3622 3622 3586 3586 3620 3620 3587 3587 3616 3616 3587 3587 3620 3620 3587 3587 3616 3616 3938 3938 3583 3583 3938 3938 3616 3616 3938 3938 3583 3583 3886 3886 3582 3582 3886 3886 3583 3583 3886 3886 3582 3582 3884 3884 3897 3897 3884 3884 3582 3582 3672 3672 3671 3671 3604 3604 3582 3582 3604 3604 3671 3671 3604 3604 3582 3582 3605 3605 3584 3584 3605 3605 3582 3582 3605 3605 3584 3584 3606 3606 3635 3635 3606 3606 3584 3584 3606 3606 3635 3635 3962 3962 3631 3631 3962 3962 3635 3635 3962 3962 3631 3631 3961 3961 3600 3600 3961 3961 3631 3631 3961 3961 3600 3600 3718 3718 3599 3599 3718 3718 3600 3600 3718 3718 3599 3599 3716 3716 3965 3965 3925 3925 3966 3966 3919 3919 3966 3966 3925 3925 3966 3966 3919 3919 3933 3933 3916 3916 3933 3933 3919 3919 3933 3933 3916 3916 3931 3931 3907 3907 3931 3931 3916 3916 3931 3931 3907 3907 3929 3929 3909 3909 3929 3929 3907 3907 3929 3929 3909 3909 3830 3830 3882 3882 3869 3869 3883 3883 3871 3871 3883 3883 3869 3869 3883 3883 3871 3871 3853 3853 3876 3876 3853 3853 3871 3871 3853 3853 3876 3876 3858 3858 3671 3671 3858 3858 3876 3876 3858 3858 3671 3671 3866 3866 3673 3673 3866 3866 3671 3671 3866 3866 3673 3673 3863 3863 3967 3967 3863 3863 3673 3673 3863 3863 3967 3967 3968 3968 3913 3913 3597 3597 3911 3911 3596 3596 3911 3911 3597 3597 3911 3911 3596 3596 3737 3737 3742 3742 3737 3737 3596 3596 3737 3737 3742 3742 3735 3735 3741 3741 3735 3735 3742 3742 3969 3969 3580 3580 3970 3970 3579 3579 3970 3970 3580 3580 3970 3970 3579 3579 3971 3971 3972 3972 3973 3973 3974 3974 3975 3975 3976 3976 3972 3972 3977 3977 3978 3978 3979 3979 3980 3980 3981 3981 3975 3975 3982 3982 3975 3975 3981 3981 3982 3982 3983 3983 3975 3975 3984 3984 3975 3975 3983 3983 3975 3975 3984 3984 3976 3976 3979 3979 3978 3978 3581 3581 3985 3985 3581 3581 3978 3978 3581 3581 3985 3985 3986 3986 3973 3973 3987 3987 3974 3974 3988 3988 3974 3974 3987 3987 3974 3974 3988 3988 3989 3989 3986 3986 3990 3990 3581 3581 3991 3991 3581 3581 3990 3990 3581 3581 3991 3991 3992 3992 3993 3993 3994 3994 3979 3979 3995 3995 3979 3979 3994 3994 3979 3979 3995 3995 3977 3977 3989 3989 3996 3996 3974 3974 3997 3997 3974 3974 3996 3996 3974 3974 3997 3997 3979 3979 3998 3998 3979 3979 3997 3997 3979 3979 3998 3998 3993 3993 3999 3999 3971 3971 4000 4000 3579 3579 4000 4000 3971 3971 4000 4000 3579 3579 3975 3975 3581 3581 3975 3975 3579 3579 3975 3975 3581 3581 3980 3980 3992 3992 3980 3980 3581 3581 3974 3974 4001 4001 4002 4002 4003 4003 4001 4001 3668 3668 3974 3974 3668 3668 4001 4001 3668 3668 3974 3974 3669 3669 3979 3979 3669 3669 3974 3974 3669 3669 3979 3979 3968 3968 3581 3581 3968 3968 3979 3979 3968 3968 3581 3581 3863 3863 3580 3580 3863 3863 3581 3581 3863 3863 3580 3580 3843 3843 3969 3969 3843 3843 3580 3580 3843 3843 3969 3969 3839 3839 4004 4004 4005 4005 4003 4003 4006 4006 4007 4007 4008 4008 4009 4009 4010 4010 3799 3799 4011 4011 3799 3799 4010 4010 3670 3670 3799 3799 3668 3668 4012 4012 3668 3668 3799 3799 3668 3668 4012 4012 4013 4013 4013 4013 4014 4014 3668 3668 4015 4015 3668 3668 4014 4014 3668 3668 4015 4015 4016 4016 4004 4004 4003 4003 4017 4017 4005 4005 4018 4018 4003 4003 4019 4019 4003 4003 4018 4018 4003 4003 4019 4019 4006 4006 4020 4020 4006 4006 4019 4019 4006 4006 4020 4020 4007 4007 4011 4011 4021 4021 3799 3799 4022 4022 3799 3799 4021 4021 3799 3799 4022 4022 4012 4012 4016 4016 4023 4023 3668 3668 4024 4024 3668 3668 4023 4023 3668 3668 4024 4024 4003 4003 4025 4025 4003 4003 4024 4024 4003 4003 4025 4025 4017 4017 4008 4008 4026 4026 4006 4006 4027 4027 4006 4006 4026 4026 4006 4006 4027 4027 4028 4028 3803 3803 3790 3790 3784 3784 4006 4006 3784 3784 3790 3790 3784 3784 4006 4006 3799 3799 4028 4028 3799 3799 4006 4006 3799 3799 4028 4028 4009 4009 3851 3851 3837 3837 3849 3849 3839 3839 3849 3849 3837 3837 3849 3849 3839 3839 4029 4029 3969 3969 4029 4029 3839 3839 4029 4029 3969 3969 4030 4030 3970 3970 4030 4030 3969 3969 4030 4030 3970 3970 4031 4031 3971 3971 4031 4031 3970 3970 4031 4031 3971 3971 4032 4032 3999 3999 4032 4032 3971 3971 4032 4032 3999 3999 3943 3943 4033 4033 4002 4002 4034 4034 4001 4001 4034 4034 4002 4002 4034 4034 4001 4001 4035 4035 4003 4003 4035 4035 4001 4001 4035 4035 4003 4003 4036 4036 4006 4006 4036 4036 4003 4003 4036 4036 4006 4006 4037 4037 3790 3790 4037 4037 4006 4006 4037 4037 3790 3790 3793 3793 3792 3792 3793 3793 3790 3790 3793 3793 3792 3792 3794 3794 3638 3638 3643 3643 3639 3639 3645 3645 3639 3639 3643 3643 3639 3639 3645 3645 3795 3795 4038 4038 3795 3795 3645 3645 3836 3836 3832 3832 3835 3835 3830 3830 3835 3835 3832 3832 3835 3835 3830 3830 3684 3684 3909 3909 3684 3684 3830 3830 3684 3684 3909 3909 3602 3602 3911 3911 3602 3602 3909 3909 3602 3602 3911 3911 3603 3603 3737 3737 3603 3603 3911 3911 3603 3603 3737 3737 3688 3688 3734 3734 3688 3688 3737 3737 3688 3688 3734 3734 3651 3651 4039 4039 3651 3651 3734 3734 3651 3651 4039 4039 3648 3648 4040 4040 3648 3648 4039 4039 3648 3648 4040 4040 3645 3645 4041 4041 3645 3645 4040 4040 3645 3645 4041 4041 4038 4038 4042 4042 4038 4038 4041 4041 3733 3733 3725 3725 3734 3734 3724 3724 3734 3734 3725 3725 3734 3734 3724 3724 4039 4039 3722 3722 4039 4039 3724 3724 4039 4039 3722 3722 4040 4040 4043 4043 4040 4040 3722 3722 4040 4040 4043 4043 4041 4041 4044 4044 4041 4041 4043 4043 4041 4041 4044 4044 4042 4042 4045 4045 4042 4042 4044 4044 3943 3943 3999 3999 3944 3944 4046 4046 3944 3944 3999 3999 3944 3944 4046 4046 4047 4047 4047 4047 4048 4048 3944 3944 4049 4049 3944 3944 4048 4048 3944 3944 4049 4049 4050 4050 4051 4051 4052 4052 4033 4033 4053 4053 4033 4033 4052 4052 4054 4054 4055 4055 3999 3999 4056 4056 3999 3999 4055 4055 3999 3999 4056 4056 4057 4057 4050 4050 4058 4058 3944 3944 4059 4059 3944 3944 4058 4058 3944 3944 4059 4059 4060 4060 4059 4059 4061 4061 4060 4060 4062 4062 4060 4060 4061 4061 4060 4060 4062 4062 4063 4063 4063 4063 4064 4064 4060 4060 4065 4065 4060 4060 4064 4064 4060 4060 4065 4065 4051 4051 4053 4053 4066 4066 4033 4033 4067 4067 4033 4033 4066 4066 4033 4033 4067 4067 4068 4068 4057 4057 4069 4069 3999 3999 4070 4070 3999 3999 4069 4069 3999 3999 4070 4070 4046 4046 3972 3972 3974 3974 3975 3975 4002 4002 3975 3975 3974 3974 3975 3975 4002 4002 4000 4000 4033 4033 4000 4000 4002 4002 4000 4000 4033 4033 3999 3999 4068 4068 3999 3999 4033 4033 3999 3999 4068 4068 4054 4054 4071 4071 4072 4072 4073 4073 4074 4074 4073 4073 4072 4072 4051 4051 4033 4033 4060 4060 4034 4034 4060 4060 4033 4033 4060 4060 4034 4034 4075 4075 4035 4035 4075 4075 4034 4034 4075 4075 4035 4035 4076 4076 4036 4036 4076 4076 4035 4035 4076 4076 4036 4036 4077 4077 4037 4037 4077 4077 4036 4036 4077 4077 4037 4037 4078 4078 3793 3793 4078 4078 4037 4037 4078 4078 3793 3793 4079 4079 3795 3795 4079 4079 3793 3793 4079 4079 3795 3795 4080 4080 4038 4038 4080 4080 3795 3795 4080 4080 4038 4038 4081 4081 4042 4042 4081 4081 4038 4038 4081 4081 4042 4042 4082 4082 4045 4045 4082 4082 4042 4042 4082 4082 4045 4045 4073 4073 4083 4083 4073 4073 4045 4045 4073 4073 4083 4083 4071 4071 4084 4084 4085 4085 4045 4045 4086 4086 4045 4045 4085 4085 4045 4045 4086 4086 4087 4087 4074 4074 4088 4088 4073 4073 4089 4089 4073 4073 4088 4088 4073 4073 4089 4089 4090 4090 4091 4091 4090 4090 4089 4089 4090 4090 4091 4091 4092 4092 4092 4092 4093 4093 4090 4090 4094 4094 4090 4090 4093 4093 4090 4090 4094 4094 4095 4095 4095 4095 4096 4096 4090 4090 4097 4097 4090 4090 4096 4096 4090 4090 4097 4097 4098 4098 4099 4099 4098 4098 4097 4097 4098 4098 4099 4099 4100 4100 4100 4100 4101 4101 4098 4098 4102 4102 4098 4098 4101 4101 4098 4098 4102 4102 4103 4103 4087 4087 4104 4104 4045 4045 4105 4105 4045 4045 4104 4104 4045 4045 4105 4105 4083 4083 4103 4103 4084 4084 4098 4098 4045 4045 4098 4098 4084 4084 4098 4098 4045 4045 4106 4106 4044 4044 4106 4106 4045 4045 4106 4106 4044 4044 4107 4107 4043 4043 4107 4107 4044 4044 4107 4107 4043 4043 3729 3729 3722 3722 3729 3729 4043 4043 3729 3729 3722 3722 3731 3731 3721 3721 3731 3731 3722 3722 3901 3901 3923 3923 3745 3745 3925 3925 3745 3745 3923 3923 3745 3745 3925 3925 3752 3752 3965 3965 3752 3752 3925 3925 3752 3752 3965 3965 3750 3750 4108 4108 3750 3750 3965 3965 3750 3750 4108 4108 4109 4109 4110 4110 4109 4109 4108 4108 4109 4109 4110 4110 4111 4111 4112 4112 4111 4111 4110 4110 4111 4111 4112 4112 4113 4113 4114 4114 4113 4113 4112 4112 4113 4113 4114 4114 4115 4115 4116 4116 4115 4115 4114 4114 4115 4115 4116 4116 4117 4117 4118 4118 4117 4117 4116 4116 4117 4117 4118 4118 3957 3957 4119 4119 3957 3957 4118 4118 3957 3957 4119 4119 3958 3958 4120 4120 4121 4121 4122 4122 4123 4123 4124 4124 3946 3946 4125 4125 3946 3946 4124 4124 4125 4125 4126 4126 3946 3946 4127 4127 3946 3946 4126 4126 3946 3946 4127 4127 4122 4122 4128 4128 4122 4122 4127 4127 4122 4122 4128 4128 4120 4120 4121 4121 4129 4129 4122 4122 4130 4130 4122 4122 4129 4129 4122 4122 4130 4130 4131 4131 4132 4132 4133 4133 3944 3944 4134 4134 3944 3944 4133 4133 3944 3944 4134 4134 4135 4135 4135 4135 4136 4136 3944 3944 4137 4137 3944 3944 4136 4136 3944 3944 4137 4137 3946 3946 4138 4138 3946 3946 4137 4137 3946 3946 4138 4138 4123 4123 4131 4131 4139 4139 4060 4060 4140 4140 4060 4060 4139 4139 4060 4060 4140 4140 4141 4141 4141 4141 4142 4142 4060 4060 4143 4143 4060 4060 4142 4142 4060 4060 4143 4143 3944 3944 4144 4144 3944 3944 4143 4143 3944 3944 4144 4144 4132 4132 4131 4131 4060 4060 4122 4122 4075 4075 4122 4122 4060 4060 4122 4122 4075 4075 4145 4145 4076 4076 4145 4145 4075 4075 4145 4145 4076 4076 4146 4146 4077 4077 4146 4146 4076 4076 4146 4146 4077 4077 4147 4147 4078 4078 4147 4147 4077 4077 4147 4147 4078 4078 4148 4148 4079 4079 4148 4148 4078 4078 4148 4148 4079 4079 4149 4149 4080 4080 4149 4149 4079 4079 4149 4149 4080 4080 4150 4150 4081 4081 4150 4150 4080 4080 4150 4150 4081 4081 4151 4151 4082 4082 4151 4151 4081 4081 4151 4151 4082 4082 4152 4152 4073 4073 4152 4152 4082 4082 4152 4152 4073 4073 3952 3952 3952 3952 4153 4153 4154 4154 4154 4154 4155 4155 3952 3952 4156 4156 3952 3952 4155 4155 3952 3952 4156 4156 3953 3953 4157 4157 3953 3953 4156 4156 3953 3953 4157 4157 4158 4158 4158 4158 4159 4159 3953 3953 4160 4160 3953 3953 4159 4159 3953 3953 4160 4160 4161 4161 4161 4161 4162 4162 3953 3953 4163 4163 3953 3953 4162 4162 3953 3953 4163 4163 4090 4090 4164 4164 4090 4090 4163 4163 4165 4165 4073 4073 4166 4166 4167 4167 4166 4166 4073 4073 4165 4165 4168 4168 4073 4073 4169 4169 4073 4073 4168 4168 4073 4073 4169 4169 3952 3952 4170 4170 3952 3952 4169 4169 3952 3952 4170 4170 4153 4153 4164 4164 4171 4171 4090 4090 4172 4172 4090 4090 4171 4171 4090 4090 4172 4172 4173 4173 4173 4173 4174 4174 4090 4090 4175 4175 4090 4090 4174 4174 4090 4090 4175 4175 4073 4073 4176 4176 4073 4073 4175 4175 4073 4073 4176 4176 4167 4167 3726 3726 3748 3748 3727 3727 3750 3750 3727 3727 3748 3748 3727 3727 3750 3750 3729 3729 4109 4109 3729 3729 3750 3750 3729 3729 4109 4109 4107 4107 4111 4111 4107 4107 4109 4109 4107 4107 4111 4111 4106 4106 4113 4113 4106 4106 4111 4111 4106 4106 4113 4113 4098 4098 4115 4115 4098 4098 4113 4113 4098 4098 4115 4115 4090 4090 4117 4117 4090 4090 4115 4115 4090 4090 4117 4117 3953 3953 3957 3957 3953 3953 4117 4117 3953 3953 3957 3957 3954 3954 3959 3959 3954 3954 3957 3957 3951 3951 4177 4177 3952 3952 4178 4178 3952 3952 4177 4177 3952 3952 4178 4178 4152 4152 4179 4179 4152 4152 4178 4178 4152 4152 4179 4179 4151 4151 4180 4180 4151 4151 4179 4179 4151 4151 4180 4180 4150 4150 4181 4181 4150 4150 4180 4180 4150 4150 4181 4181 4149 4149 4182 4182 4149 4149 4181 4181 4149 4149 4182 4182 4148 4148 4183 4183 4148 4148 4182 4182 4148 4148 4183 4183 4147 4147 4184 4184 4147 4147 4183 4183 4147 4147 4184 4184 4146 4146 4185 4185 4146 4146 4184 4184 4146 4146 4185 4185 4145 4145 4186 4186 4145 4145 4185 4185 4145 4145 4186 4186 4122 4122 4187 4187 4122 4122 4186 4186 4122 4122 4187 4187 3946 3946 4188 4188 3946 3946 4187 4187 3946 3946 4188 4188 3948 3948 712 712 4189 4189 631 631 4190 4190 631 631 4189 4189 4191 4191 4192 4192 4189 4189 4193 4193 4189 4189 4192 4192 4189 4189 4193 4193 4190 4190 4194 4194 4195 4195 4196 4196 4196 4196 4197 4197 4194 4194 4198 4198 4194 4194 4197 4197 4194 4194 4198 4198 4191 4191 4199 4199 4191 4191 4198 4198 4191 4191 4199 4199 4192 4192 4200 4200 3350 3350 3349 3349 3349 3349 4201 4201 4200 4200 4202 4202 4200 4200 4201 4201 4200 4200 4202 4202 4195 4195 4203 4203 4195 4195 4202 4202 4195 4195 4203 4203 4196 4196 4204 4204 4205 4205 4206 4206 4207 4207 4206 4206 4205 4205 4206 4206 4207 4207 4208 4208 4209 4209 4208 4208 4207 4207 4208 4208 4209 4209 4210 4210 4211 4211 4210 4210 4209 4209 4210 4210 4211 4211 4212 4212 4213 4213 4212 4212 4211 4211 4212 4212 4213 4213 4214 4214 4215 4215 4214 4214 4213 4213 4214 4214 4215 4215 4216 4216 4217 4217 4216 4216 4215 4215 4216 4216 4217 4217 4218 4218 4219 4219 4218 4218 4217 4217 4218 4218 4219 4219 4220 4220 4221 4221 4220 4220 4219 4219 4220 4220 4221 4221 4222 4222 4223 4223 4222 4222 4221 4221 4222 4222 4223 4223 4224 4224 4225 4225 4224 4224 4223 4223 4224 4224 4225 4225 4226 4226 4227 4227 4226 4226 4225 4225 4226 4226 4227 4227 4228 4228 4229 4229 4228 4228 4227 4227 4228 4228 4229 4229 4230 4230 4231 4231 4230 4230 4229 4229 4230 4230 4231 4231 4232 4232 4233 4233 4232 4232 4231 4231 4232 4232 4233 4233 4234 4234 4235 4235 4234 4234 4233 4233 4234 4234 4235 4235 4236 4236 4237 4237 4236 4236 4235 4235 4236 4236 4237 4237 4238 4238 4239 4239 4238 4238 4237 4237 4238 4238 4239 4239 4240 4240 4241 4241 4240 4240 4239 4239 4240 4240 4241 4241 4242 4242 4243 4243 4242 4242 4241 4241 4242 4242 4243 4243 4244 4244 4245 4245 4244 4244 4243 4243 4244 4244 4245 4245 4246 4246 4247 4247 4246 4246 4245 4245 4246 4246 4247 4247 4248 4248 4249 4249 4248 4248 4247 4247 4248 4248 4249 4249 4250 4250 4251 4251 4250 4250 4249 4249 4250 4250 4251 4251 4204 4204 4205 4205 4204 4204 4251 4251 4252 4252 4253 4253 4254 4254 4255 4255 4254 4254 4253 4253 4254 4254 4255 4255 4256 4256 4257 4257 4256 4256 4255 4255 4256 4256 4257 4257 4258 4258 4259 4259 4258 4258 4257 4257 4258 4258 4259 4259 4260 4260 4261 4261 4260 4260 4259 4259 4260 4260 4261 4261 4262 4262 4263 4263 4262 4262 4261 4261 4262 4262 4263 4263 4264 4264 4265 4265 4264 4264 4263 4263 4264 4264 4265 4265 4266 4266 4267 4267 4266 4266 4265 4265 4266 4266 4267 4267 4268 4268 4269 4269 4268 4268 4267 4267 4268 4268 4269 4269 4270 4270 4271 4271 4270 4270 4269 4269 4270 4270 4271 4271 4272 4272 4273 4273 4272 4272 4271 4271 4272 4272 4273 4273 4274 4274 4275 4275 4274 4274 4273 4273 4274 4274 4275 4275 4276 4276 4277 4277 4276 4276 4275 4275 4276 4276 4277 4277 4278 4278 4279 4279 4278 4278 4277 4277 4278 4278 4279 4279 4280 4280 4281 4281 4280 4280 4279 4279 4280 4280 4281 4281 4282 4282 4283 4283 4282 4282 4281 4281 4282 4282 4283 4283 4284 4284 4285 4285 4284 4284 4283 4283 4284 4284 4285 4285 4286 4286 4287 4287 4286 4286 4285 4285 4286 4286 4287 4287 4288 4288 4289 4289 4288 4288 4287 4287 4288 4288 4289 4289 4290 4290 4291 4291 4290 4290 4289 4289 4290 4290 4291 4291 4292 4292 4293 4293 4292 4292 4291 4291 4292 4292 4293 4293 4294 4294 4295 4295 4294 4294 4293 4293 4294 4294 4295 4295 4296 4296 4297 4297 4296 4296 4295 4295 4296 4296 4297 4297 4298 4298 4299 4299 4298 4298 4297 4297 4298 4298 4299 4299 4252 4252 4253 4253 4252 4252 4299 4299 4300 4300 4301 4301 4302 4302 4303 4303 4304 4304 4305 4305 4306 4306 4307 4307 4308 4308 4307 4307 4306 4306 4309 4309 4310 4310 4311 4311 4312 4312 4313 4313 4314 4314 4315 4315 4316 4316 4317 4317 4318 4318 4319 4319 4320 4320 4321 4321 4322 4322 4323 4323 4324 4324 4325 4325 4326 4326 4327 4327 4328 4328 4329 4329 4330 4330 4331 4331 4332 4332 4333 4333 4334 4334 4335 4335 4336 4336 4337 4337 4338 4338 4339 4339 4340 4340 4318 4318 4341 4341 4342 4342 4341 4341 4318 4318 4341 4341 4342 4342 4343 4343 4344 4344 4343 4343 4342 4342 4340 4340 4345 4345 4318 4318 4346 4346 4318 4318 4345 4345 4318 4318 4346 4346 4347 4347 4348 4348 4349 4349 4350 4350 4349 4349 4351 4351 4350 4350 4352 4352 4350 4350 4351 4351 4350 4350 4352 4352 4353 4353 4347 4347 4354 4354 4318 4318 4355 4355 4318 4318 4354 4354 4318 4318 4355 4355 4350 4350 4356 4356 4350 4350 4355 4355 4350 4350 4356 4356 4348 4348 4352 4352 4357 4357 4353 4353 4358 4358 4353 4353 4357 4357 4353 4353 4358 4358 4359 4359 4360 4360 4359 4359 4358 4358 4359 4359 4360 4360 4361 4361 4362 4362 4363 4363 4364 4364 4365 4365 4364 4364 4363 4363 4364 4364 4365 4365 4366 4366 4361 4361 4367 4367 4359 4359 4368 4368 4359 4359 4367 4367 4359 4359 4368 4368 4362 4362 4369 4369 4362 4362 4368 4368 4362 4362 4369 4369 4363 4363 4370 4370 4371 4371 4372 4372 4336 4336 4335 4335 4373 4373 4374 4374 4373 4373 4335 4335 4373 4373 4374 4374 4375 4375 4376 4376 4377 4377 4378 4378 4375 4375 4379 4379 4373 4373 4380 4380 4373 4373 4379 4379 4373 4373 4380 4380 4381 4381 4376 4376 4378 4378 4382 4382 4381 4381 4383 4383 4373 4373 4384 4384 4373 4373 4383 4383 4373 4373 4384 4384 4378 4378 4385 4385 4378 4378 4384 4384 4378 4378 4385 4385 4382 4382 4386 4386 4387 4387 4388 4388 4389 4389 4388 4388 4387 4387 4388 4388 4389 4389 4390 4390 4391 4391 4392 4392 4393 4393 4394 4394 4393 4393 4392 4392 4393 4393 4394 4394 4334 4334 4395 4395 4334 4334 4394 4394 4334 4334 4395 4395 4335 4335 4396 4396 4335 4335 4395 4395 4335 4335 4396 4396 4374 4374 4391 4391 4393 4393 4397 4397 4398 4398 4397 4397 4393 4393 4397 4397 4398 4398 4399 4399 4400 4400 4401 4401 4402 4402 4403 4403 4404 4404 4402 4402 4405 4405 4402 4402 4404 4404 4406 4406 4407 4407 4408 4408 4409 4409 4408 4408 4407 4407 4401 4401 4410 4410 4402 4402 4411 4411 4402 4402 4410 4410 4402 4402 4411 4411 4403 4403 4409 4409 4412 4412 4408 4408 4413 4413 4408 4408 4412 4412 4408 4408 4413 4413 4414 4414 4415 4415 4416 4416 4417 4417 4418 4418 4417 4417 4416 4416 4417 4417 4418 4418 4419 4419 4420 4420 4421 4421 4422 4422 4418 4418 4422 4422 4421 4421 4422 4422 4418 4418 4423 4423 4416 4416 4423 4423 4418 4418 4413 4413 4424 4424 4414 4414 4425 4425 4414 4414 4424 4424 4414 4414 4425 4425 4417 4417 4426 4426 4417 4417 4425 4425 4417 4417 4426 4426 4415 4415 4420 4420 4427 4427 4421 4421 4428 4428 4421 4421 4427 4427 4421 4421 4428 4428 4337 4337 4429 4429 4337 4337 4428 4428 4337 4337 4429 4429 4338 4338 4430 4430 4338 4338 4429 4429 4431 4431 4432 4432 4433 4433 4434 4434 4435 4435 4436 4436 4437 4437 4436 4436 4435 4435 4436 4436 4437 4437 4438 4438 4438 4438 4439 4439 4436 4436 4440 4440 4436 4436 4439 4439 4436 4436 4440 4440 4433 4433 4441 4441 4433 4433 4440 4440 4433 4433 4441 4441 4431 4431 4432 4432 4442 4442 4433 4433 4443 4443 4433 4433 4442 4442 4433 4433 4443 4443 4444 4444 4445 4445 4446 4446 4447 4447 4448 4448 4447 4447 4446 4446 4449 4449 4450 4450 4451 4451 4452 4452 4451 4451 4450 4450 4451 4451 4452 4452 4453 4453 4443 4443 4454 4454 4444 4444 4455 4455 4444 4444 4454 4454 4444 4444 4455 4455 4451 4451 4456 4456 4451 4451 4455 4455 4451 4451 4456 4456 4449 4449 4452 4452 4457 4457 4453 4453 4458 4458 4453 4453 4457 4457 4453 4453 4458 4458 4459 4459 4460 4460 4459 4459 4458 4458 4459 4459 4460 4460 4461 4461 4419 4419 4462 4462 4463 4463 4462 4462 4464 4464 4463 4463 4465 4465 4463 4463 4464 4464 4463 4463 4465 4465 4466 4466 4430 4430 4400 4400 4338 4338 4402 4402 4338 4338 4400 4400 4338 4338 4402 4402 4339 4339 4467 4467 4339 4339 4402 4402 4339 4339 4467 4467 4468 4468 4468 4468 4469 4469 4470 4470 4471 4471 4470 4470 4469 4469 4308 4308 4472 4472 4471 4471 4473 4473 4471 4471 4472 4472 4471 4471 4473 4473 4470 4470 4474 4474 4475 4475 4476 4476 4477 4477 4476 4476 4475 4475 4476 4476 4478 4478 4474 4474 4479 4479 4474 4474 4478 4478 4474 4474 4479 4479 4364 4364 4480 4480 4364 4364 4479 4479 4364 4364 4480 4480 4362 4362 4477 4477 4475 4475 4481 4481 4482 4482 4481 4481 4475 4475 4481 4481 4482 4482 4483 4483 4483 4483 4482 4482 4484 4484 4485 4485 4484 4484 4482 4482 4484 4484 4485 4485 4486 4486 4388 4388 4486 4486 4485 4485 4486 4486 4388 4388 4398 4398 4390 4390 4398 4398 4388 4388 4398 4398 4390 4390 4399 4399 4301 4301 4487 4487 4488 4488 4489 4489 4488 4488 4487 4487 4488 4488 4489 4489 4490 4490 4300 4300 4491 4491 4301 4301 4492 4492 4301 4301 4491 4491 4301 4301 4492 4492 4487 4487 4451 4451 4493 4493 4444 4444 4491 4491 4444 4444 4493 4493 4444 4444 4491 4491 4433 4433 4300 4300 4433 4433 4491 4491 4433 4433 4300 4300 4436 4436 4465 4465 4494 4494 4466 4466 4495 4495 4466 4466 4494 4494 4466 4466 4495 4495 4496 4496 4497 4497 4496 4496 4495 4495 4496 4496 4497 4497 4498 4498 4499 4499 4498 4498 4497 4497 4498 4498 4499 4499 4459 4459 4500 4500 4459 4459 4499 4499 4459 4459 4500 4500 4453 4453 4501 4501 4447 4447 4436 4436 4448 4448 4436 4436 4447 4447 4436 4436 4448 4448 4434 4434 4501 4501 4502 4502 4447 4447 4503 4503 4447 4447 4502 4502 4447 4447 4503 4503 4504 4504 4504 4504 4505 4505 4447 4447 4506 4506 4447 4447 4505 4505 4447 4447 4506 4506 4507 4507 4506 4506 4508 4508 4507 4507 4509 4509 4507 4507 4508 4508 4507 4507 4509 4509 4510 4510 4332 4332 4511 4511 4333 4333 4512 4512 4333 4333 4511 4511 4333 4333 4512 4512 4513 4513 4514 4514 4515 4515 4516 4516 4517 4517 4516 4516 4515 4515 4510 4510 4518 4518 4507 4507 4519 4519 4507 4507 4518 4518 4507 4507 4519 4519 4520 4520 4521 4521 4520 4520 4519 4519 4520 4520 4521 4521 4522 4522 4523 4523 4522 4522 4521 4521 4522 4522 4523 4523 4524 4524 4525 4525 4524 4524 4523 4523 4524 4524 4525 4525 4330 4330 4526 4526 4330 4330 4525 4525 4330 4330 4526 4526 4328 4328 4527 4527 4528 4528 4529 4529 4530 4530 4529 4529 4528 4528 4531 4531 4528 4528 4532 4532 4533 4533 4532 4532 4528 4528 4527 4527 4534 4534 4535 4535 4536 4536 4537 4537 4538 4538 4539 4539 4538 4538 4537 4537 4538 4538 4539 4539 4540 4540 4539 4539 4541 4541 4540 4540 4542 4542 4540 4540 4541 4541 4540 4540 4542 4542 4543 4543 4543 4543 4544 4544 4540 4540 4545 4545 4540 4540 4544 4544 4540 4540 4545 4545 4533 4533 4531 4531 4546 4546 4528 4528 4547 4547 4528 4528 4546 4546 4528 4528 4547 4547 4530 4530 4548 4548 4549 4549 4550 4550 4535 4535 4550 4550 4549 4549 4548 4548 4551 4551 4549 4549 4552 4552 4549 4549 4551 4551 4549 4549 4552 4552 4538 4538 4553 4553 4538 4538 4552 4552 4538 4538 4553 4553 4536 4536 4534 4534 4554 4554 4535 4535 4555 4555 4535 4535 4554 4554 4535 4535 4555 4555 4550 4550 4556 4556 4557 4557 4558 4558 4559 4559 4558 4558 4557 4557 4558 4558 4559 4559 4560 4560 4561 4561 4562 4562 4315 4315 4563 4563 4564 4564 4565 4565 4565 4565 4566 4566 4563 4563 4567 4567 4563 4563 4566 4566 4563 4563 4567 4567 4568 4568 4315 4315 4562 4562 4563 4563 4569 4569 4563 4563 4562 4562 4563 4563 4569 4569 4564 4564 4560 4560 4570 4570 4558 4558 4571 4571 4558 4558 4570 4570 4558 4558 4571 4571 4572 4572 4573 4573 4572 4572 4571 4571 4572 4572 4573 4573 4574 4574 4574 4574 4575 4575 4572 4572 4576 4576 4572 4572 4575 4575 4572 4572 4576 4576 4314 4314 4576 4576 4577 4577 4314 4314 4578 4578 4314 4314 4577 4577 4314 4314 4578 4578 4315 4315 4579 4579 4315 4315 4578 4578 4315 4315 4579 4579 4561 4561 4568 4568 4580 4580 4563 4563 4581 4581 4563 4563 4580 4580 4563 4563 4581 4581 4582 4582 4583 4583 4582 4582 4584 4584 4581 4581 4584 4584 4582 4582 4584 4584 4581 4581 4558 4558 4585 4585 4558 4558 4581 4581 4558 4558 4585 4585 4556 4556 4324 4324 4323 4323 4586 4586 4587 4587 4588 4588 4589 4589 4588 4588 4590 4590 4589 4589 4591 4591 4589 4589 4590 4590 4589 4589 4591 4591 4592 4592 4592 4592 4593 4593 4594 4594 4595 4595 4594 4594 4593 4593 4594 4594 4595 4595 4324 4324 4596 4596 4324 4324 4595 4595 4324 4324 4596 4596 4322 4322 4597 4597 4598 4598 4599 4599 4600 4600 4599 4599 4598 4598 4587 4587 4589 4589 4601 4601 4408 4408 4601 4601 4589 4589 4601 4601 4408 4408 4602 4602 4414 4414 4602 4602 4408 4408 4602 4602 4414 4414 4603 4603 4600 4600 4604 4604 4599 4599 4605 4605 4599 4599 4604 4604 4599 4599 4605 4605 4606 4606 4607 4607 4608 4608 4414 4414 4609 4609 4414 4414 4608 4608 4414 4414 4609 4609 4603 4603 4610 4610 4611 4611 4372 4372 4378 4378 4372 4372 4611 4611 4372 4372 4378 4378 4370 4370 4377 4377 4370 4370 4378 4378 4612 4612 4613 4613 4372 4372 4614 4614 4372 4372 4613 4613 4614 4614 4615 4615 4372 4372 4616 4616 4372 4372 4615 4615 4372 4372 4616 4616 4610 4610 4617 4617 4618 4618 4612 4612 4619 4619 4612 4612 4618 4618 4612 4612 4619 4619 4620 4620 4620 4620 4621 4621 4612 4612 4622 4622 4612 4612 4621 4621 4612 4612 4622 4622 4613 4613 4623 4623 4624 4624 4625 4625 4625 4625 4626 4626 4623 4623 4627 4627 4623 4623 4626 4626 4623 4623 4627 4627 4617 4617 4628 4628 4617 4617 4627 4627 4617 4617 4628 4628 4618 4618 4629 4629 4630 4630 4631 4631 4631 4631 4630 4630 4632 4632 4633 4633 4634 4634 4321 4321 4635 4635 4321 4321 4634 4634 4321 4321 4635 4635 4319 4319 4636 4636 4637 4637 4342 4342 4638 4638 4639 4639 4640 4640 4641 4641 4640 4640 4639 4639 4637 4637 4642 4642 4342 4342 4643 4643 4342 4342 4642 4642 4342 4342 4643 4643 4639 4639 4644 4644 4639 4639 4643 4643 4639 4639 4644 4644 4641 4641 4318 4318 4317 4317 4342 4342 4645 4645 4342 4342 4317 4317 4342 4342 4645 4645 4636 4636 4638 4638 4646 4646 4639 4639 4647 4647 4639 4639 4646 4646 4639 4639 4647 4647 4648 4648 4649 4649 4648 4648 4647 4647 4648 4648 4649 4649 4650 4650 4651 4651 4652 4652 4307 4307 4653 4653 4307 4307 4652 4652 4654 4654 4655 4655 4309 4309 4656 4656 4657 4657 4658 4658 4309 4309 4655 4655 4307 4307 4659 4659 4307 4307 4655 4655 4307 4307 4659 4659 4651 4651 4658 4658 4657 4657 4309 4309 4660 4660 4309 4309 4657 4657 4309 4309 4660 4660 4654 4654 4313 4313 4315 4315 4661 4661 4662 4662 4661 4661 4315 4315 4661 4661 4662 4662 4663 4663 4664 4664 4522 4522 4665 4665 4524 4524 4665 4665 4522 4522 4665 4665 4524 4524 4666 4666 4330 4330 4666 4666 4524 4524 4666 4666 4330 4330 4514 4514 4329 4329 4514 4514 4330 4330 4514 4514 4329 4329 4515 4515 4667 4667 4668 4668 4669 4669 4670 4670 4669 4669 4668 4668 4669 4669 4670 4670 4671 4671 4672 4672 4671 4671 4670 4670 4671 4671 4672 4672 4673 4673 4674 4674 4675 4675 4676 4676 4677 4677 4676 4676 4675 4675 4676 4676 4677 4677 4669 4669 4678 4678 4669 4669 4677 4677 4669 4669 4678 4678 4667 4667 4679 4679 4680 4680 4681 4681 4682 4682 4683 4683 4684 4684 4673 4673 4685 4685 4671 4671 4686 4686 4671 4671 4685 4685 4671 4671 4686 4686 4679 4679 4687 4687 4679 4679 4686 4686 4679 4679 4687 4687 4680 4680 4681 4681 4688 4688 4302 4302 4689 4689 4302 4302 4688 4688 4689 4689 4690 4690 4302 4302 4691 4691 4302 4302 4690 4690 4302 4302 4691 4691 4692 4692 4684 4684 4693 4693 4682 4682 4694 4694 4682 4682 4693 4693 4682 4682 4694 4694 4695 4695 4517 4517 4331 4331 4516 4516 4333 4333 4516 4516 4331 4331 4516 4516 4333 4333 4696 4696 4682 4682 4696 4696 4333 4333 4696 4696 4682 4682 4676 4676 4695 4695 4676 4676 4682 4682 4676 4676 4695 4695 4674 4674 4697 4697 4698 4698 4699 4699 4700 4700 4701 4701 4702 4702 4703 4703 4704 4704 4705 4705 4706 4706 4705 4705 4704 4704 4705 4705 4706 4706 4310 4310 4681 4681 4302 4302 4679 4679 4697 4697 4679 4679 4302 4302 4679 4679 4697 4697 4700 4700 4699 4699 4700 4700 4697 4697 4700 4700 4699 4699 4701 4701 4702 4702 4707 4707 4700 4700 4708 4708 4700 4700 4707 4707 4700 4700 4708 4708 4705 4705 4709 4709 4705 4705 4708 4708 4705 4705 4709 4709 4703 4703 4706 4706 4710 4710 4310 4310 4711 4711 4310 4310 4710 4710 4310 4310 4711 4711 4712 4712 4713 4713 4714 4714 4311 4311 4715 4715 4697 4697 4716 4716 4311 4311 4716 4716 4697 4697 4715 4715 4717 4717 4697 4697 4718 4718 4697 4697 4717 4717 4697 4697 4718 4718 4698 4698 4712 4712 4719 4719 4310 4310 4720 4720 4310 4310 4719 4719 4310 4310 4720 4720 4311 4311 4721 4721 4311 4311 4720 4720 4311 4311 4721 4721 4713 4713 4714 4714 4722 4722 4311 4311 4723 4723 4311 4311 4722 4722 4311 4311 4723 4723 4716 4716 4630 4630 4724 4724 4632 4632 4624 4624 4632 4632 4724 4724 4632 4632 4624 4624 4725 4725 4623 4623 4725 4725 4624 4624 4725 4725 4623 4623 4726 4726 4617 4617 4726 4726 4623 4623 4726 4726 4617 4617 4727 4727 4612 4612 4727 4727 4617 4617 4727 4727 4612 4612 4728 4728 4729 4729 4730 4730 4731 4731 4729 4729 4731 4731 4732 4732 4733 4733 4732 4732 4731 4731 4732 4732 4733 4733 4734 4734 4735 4735 4736 4736 4737 4737 4738 4738 4737 4737 4736 4736 4734 4734 4739 4739 4732 4732 4740 4740 4732 4732 4739 4739 4732 4732 4740 4740 4741 4741 4742 4742 4741 4741 4740 4740 4741 4741 4742 4742 4743 4743 4744 4744 4745 4745 4746 4746 4746 4746 4745 4745 4747 4747 4533 4533 4528 4528 4540 4540 4737 4737 4540 4540 4528 4528 4540 4540 4737 4737 4729 4729 4748 4748 4729 4729 4737 4737 4729 4729 4748 4748 4730 4730 4738 4738 4749 4749 4737 4737 4750 4750 4737 4737 4749 4749 4737 4737 4750 4750 4748 4748 4751 4751 4752 4752 4753 4753 4752 4752 4754 4754 4753 4753 4755 4755 4753 4753 4754 4754 4753 4753 4755 4755 4756 4756 4743 4743 4757 4757 4741 4741 4758 4758 4741 4741 4757 4757 4741 4741 4758 4758 4746 4746 4759 4759 4746 4746 4758 4758 4746 4746 4759 4759 4744 4744 4745 4745 4751 4751 4747 4747 4753 4753 4747 4747 4751 4751 4747 4747 4753 4753 4760 4760 4474 4474 4760 4760 4753 4753 4760 4760 4474 4474 4761 4761 4762 4762 4763 4763 4764 4764 4765 4765 4766 4766 4767 4767 4768 4768 4762 4762 4769 4769 4770 4770 4769 4769 4762 4762 4765 4765 4767 4767 4771 4771 4770 4770 4762 4762 4772 4772 4767 4767 4772 4772 4762 4762 4772 4772 4767 4767 4773 4773 4766 4766 4774 4774 4767 4767 4775 4775 4767 4767 4774 4774 4767 4767 4775 4775 4773 4773 4776 4776 4777 4777 4778 4778 4779 4779 4778 4778 4777 4777 4778 4778 4779 4779 4780 4780 4781 4781 4780 4780 4779 4779 4763 4763 4782 4782 4783 4783 4781 4781 4784 4784 4780 4780 4785 4785 4780 4780 4784 4784 4780 4780 4785 4785 4771 4771 4768 4768 4786 4786 4762 4762 4787 4787 4762 4762 4786 4786 4762 4762 4787 4787 4763 4763 4788 4788 4763 4763 4787 4787 4763 4763 4788 4788 4782 4782 4783 4783 4789 4789 4763 4763 4790 4790 4763 4763 4789 4789 4763 4763 4790 4790 4778 4778 4791 4791 4778 4778 4790 4790 4778 4778 4791 4791 4776 4776 4792 4792 4793 4793 4305 4305 4794 4794 4795 4795 4796 4796 4793 4793 4797 4797 4305 4305 4798 4798 4305 4305 4797 4797 4305 4305 4798 4798 4303 4303 4796 4796 4799 4799 4794 4794 4800 4800 4794 4794 4799 4799 4794 4794 4800 4800 4801 4801 4802 4802 4803 4803 4804 4804 4805 4805 4804 4804 4803 4803 4804 4804 4805 4805 4806 4806 4807 4807 4806 4806 4805 4805 4806 4806 4807 4807 4808 4808 4808 4808 4809 4809 4806 4806 4810 4810 4806 4806 4809 4809 4806 4806 4810 4810 4811 4811 4812 4812 4811 4811 4810 4810 4811 4811 4812 4812 4813 4813 4771 4771 4767 4767 4780 4780 4794 4794 4780 4780 4767 4767 4780 4780 4794 4794 4814 4814 4801 4801 4814 4814 4794 4794 4814 4814 4801 4801 4815 4815 4815 4815 4816 4816 4814 4814 4817 4817 4814 4814 4816 4816 4814 4814 4817 4817 4804 4804 4818 4818 4804 4804 4817 4817 4804 4804 4818 4818 4802 4802 4592 4592 4594 4594 4589 4589 4819 4819 4589 4589 4594 4594 4589 4589 4819 4819 4820 4820 4323 4323 4325 4325 4586 4586 4327 4327 4586 4586 4325 4325 4586 4586 4327 4327 4821 4821 4822 4822 4821 4821 4327 4327 4326 4326 4597 4597 4327 4327 4823 4823 4327 4327 4597 4597 4327 4327 4823 4823 4822 4822 4824 4824 4822 4822 4823 4823 4825 4825 4826 4826 4827 4827 4828 4828 4827 4827 4826 4826 4829 4829 4830 4830 4826 4826 4583 4583 4831 4831 4582 4582 4832 4832 4582 4582 4831 4831 4582 4582 4832 4832 4833 4833 4829 4829 4826 4826 4834 4834 4582 4582 4834 4834 4826 4826 4834 4834 4582 4582 4835 4835 4836 4836 4837 4837 4838 4838 4839 4839 4838 4838 4837 4837 4838 4838 4839 4839 4840 4840 4833 4833 4841 4841 4582 4582 4842 4842 4582 4582 4841 4841 4582 4582 4842 4842 4835 4835 4840 4840 4843 4843 4838 4838 4844 4844 4838 4838 4843 4843 4838 4838 4844 4844 4845 4845 4846 4846 4845 4845 4844 4844 4845 4845 4846 4846 4583 4583 4847 4847 4583 4583 4846 4846 4583 4583 4847 4847 4831 4831 4830 4830 4848 4848 4826 4826 4849 4849 4826 4826 4848 4848 4826 4826 4849 4849 4828 4828 4850 4850 4851 4851 4836 4836 4852 4852 4836 4836 4851 4851 4836 4836 4852 4852 4837 4837 4849 4849 4853 4853 4828 4828 4854 4854 4828 4828 4853 4853 4828 4828 4854 4854 4836 4836 4855 4855 4836 4836 4854 4854 4836 4836 4855 4855 4850 4850 4468 4468 4467 4467 4469 4469 4305 4305 4469 4469 4467 4467 4469 4469 4305 4305 4794 4794 4304 4304 4794 4794 4305 4305 4794 4794 4304 4304 4795 4795 4856 4856 4857 4857 4794 4794 4858 4858 4859 4859 4469 4469 4860 4860 4469 4469 4859 4859 4469 4469 4860 4860 4861 4861 4862 4862 4863 4863 4471 4471 4864 4864 4471 4471 4863 4863 4471 4471 4864 4864 4865 4865 4861 4861 4866 4866 4469 4469 4867 4867 4469 4469 4866 4866 4469 4469 4867 4867 4471 4471 4868 4868 4471 4471 4867 4867 4471 4471 4868 4868 4862 4862 4869 4869 4870 4870 4767 4767 4870 4870 4871 4871 4767 4767 4872 4872 4767 4767 4871 4871 4767 4767 4872 4872 4873 4873 4857 4857 4874 4874 4794 4794 4875 4875 4794 4794 4874 4874 4794 4794 4875 4875 4469 4469 4876 4876 4469 4469 4875 4875 4469 4469 4876 4876 4858 4858 4873 4873 4877 4877 4767 4767 4878 4878 4767 4767 4877 4877 4767 4767 4878 4878 4794 4794 4879 4879 4794 4794 4878 4878 4794 4794 4879 4879 4856 4856 4764 4764 4306 4306 4762 4762 4308 4308 4762 4762 4306 4306 4762 4762 4308 4308 4767 4767 4471 4471 4767 4767 4308 4308 4767 4767 4471 4471 4869 4869 4865 4865 4869 4869 4471 4471 4813 4813 4792 4792 4811 4811 4305 4305 4811 4811 4792 4792 4811 4811 4305 4305 4820 4820 4467 4467 4820 4820 4305 4305 4820 4820 4467 4467 4589 4589 4402 4402 4589 4589 4467 4467 4589 4589 4402 4402 4408 4408 4405 4405 4408 4408 4402 4402 4408 4408 4405 4405 4406 4406 4653 4653 4316 4316 4307 4307 4318 4318 4307 4307 4316 4316 4307 4307 4318 4318 4308 4308 4350 4350 4308 4308 4318 4318 4308 4308 4350 4350 4472 4472 4353 4353 4472 4472 4350 4350 4472 4472 4353 4353 4880 4880 4359 4359 4880 4880 4353 4353 4419 4419 4463 4463 4417 4417 4599 4599 4417 4417 4463 4463 4417 4417 4599 4599 4414 4414 4606 4606 4414 4414 4599 4599 4414 4414 4606 4606 4607 4607 4366 4366 4344 4344 4364 4364 4342 4342 4364 4364 4344 4344 4364 4364 4342 4342 4474 4474 4639 4639 4474 4474 4342 4342 4474 4474 4639 4639 4761 4761 4648 4648 4761 4761 4639 4639 4761 4761 4648 4648 4658 4658 4650 4650 4658 4658 4648 4648 4658 4658 4650 4650 4656 4656 4881 4881 4882 4882 4883 4883 4884 4884 4883 4883 4882 4882 4885 4885 4886 4886 4582 4582 4887 4887 4582 4582 4886 4886 4582 4582 4887 4887 4881 4881 4884 4884 4888 4888 4883 4883 4889 4889 4883 4883 4888 4888 4883 4883 4889 4889 4890 4890 4891 4891 4892 4892 4893 4893 4894 4894 4895 4895 4826 4826 4896 4896 4826 4826 4895 4895 4826 4826 4896 4896 4582 4582 4897 4897 4582 4582 4896 4896 4582 4582 4897 4897 4885 4885 4898 4898 4899 4899 4826 4826 4900 4900 4826 4826 4899 4899 4826 4826 4900 4900 4894 4894 4890 4890 4901 4901 4883 4883 4902 4902 4883 4883 4901 4901 4883 4883 4902 4902 4891 4891 4903 4903 4891 4891 4902 4902 4891 4891 4903 4903 4892 4892 4824 4824 4823 4823 4825 4825 4891 4891 4825 4825 4823 4823 4825 4825 4891 4891 4826 4826 4904 4904 4826 4826 4891 4891 4826 4826 4904 4904 4898 4898 4893 4893 4905 4905 4891 4891 4906 4906 4891 4891 4905 4905 4891 4891 4906 4906 4904 4904 4475 4475 4907 4907 4908 4908 4909 4909 4910 4910 4474 4474 4911 4911 4474 4474 4910 4910 4474 4474 4911 4911 4475 4475 4912 4912 4475 4475 4911 4911 4475 4475 4912 4912 4907 4907 4737 4737 4913 4913 4914 4914 4908 4908 4915 4915 4475 4475 4916 4916 4475 4475 4915 4915 4475 4475 4916 4916 4917 4917 4756 4756 4735 4735 4753 4753 4737 4737 4753 4753 4735 4735 4753 4753 4737 4737 4918 4918 4914 4914 4918 4918 4737 4737 4918 4918 4919 4919 4753 4753 4920 4920 4753 4753 4919 4919 4753 4753 4920 4920 4921 4921 4917 4917 4922 4922 4737 4737 4922 4922 4923 4923 4737 4737 4924 4924 4737 4737 4923 4923 4737 4737 4924 4924 4913 4913 4921 4921 4925 4925 4753 4753 4926 4926 4753 4753 4925 4925 4753 4753 4926 4926 4474 4474 4927 4927 4474 4474 4926 4926 4474 4474 4927 4927 4928 4928 4928 4928 4929 4929 4474 4474 4930 4930 4474 4474 4929 4929 4474 4474 4930 4930 4909 4909 4931 4931 4932 4932 4563 4563 4933 4933 4563 4563 4932 4932 4563 4563 4933 4933 4315 4315 4934 4934 4315 4315 4933 4933 4315 4315 4934 4934 4935 4935 4936 4936 4937 4937 4563 4563 4935 4935 4938 4938 4315 4315 4939 4939 4315 4315 4938 4938 4315 4315 4939 4939 4662 4662 4940 4940 4662 4662 4939 4939 4662 4662 4940 4940 4941 4941 4941 4941 4942 4942 4662 4662 4943 4943 4662 4662 4942 4942 4662 4662 4943 4943 4944 4944 4944 4944 4945 4945 4662 4662 4946 4946 4662 4662 4945 4945 4662 4662 4946 4946 4947 4947 4946 4946 4948 4948 4947 4947 4949 4949 4947 4947 4948 4948 4947 4947 4949 4949 4950 4950 4950 4950 4951 4951 4947 4947 4952 4952 4947 4947 4951 4951 4947 4947 4952 4952 4953 4953 4881 4881 4883 4883 4582 4582 4947 4947 4582 4582 4883 4883 4582 4582 4947 4947 4563 4563 4953 4953 4563 4563 4947 4947 4563 4563 4953 4953 4936 4936 4937 4937 4954 4954 4563 4563 4955 4955 4563 4563 4954 4954 4563 4563 4955 4955 4931 4931 4597 4597 4599 4599 4823 4823 4463 4463 4823 4823 4599 4599 4823 4823 4463 4463 4891 4891 4466 4466 4891 4891 4463 4463 4891 4891 4466 4466 4883 4883 4496 4496 4883 4883 4466 4466 4883 4883 4496 4496 4947 4947 4498 4498 4947 4947 4496 4496 4947 4947 4498 4498 4662 4662 4956 4956 4957 4957 4528 4528 4485 4485 4958 4958 4959 4959 4485 4485 4960 4960 4535 4535 4961 4961 4535 4535 4960 4960 4527 4527 4535 4535 4528 4528 4962 4962 4528 4528 4535 4535 4528 4528 4962 4962 4956 4956 4963 4963 4964 4964 4482 4482 4965 4965 4482 4482 4964 4964 4482 4482 4965 4965 4485 4485 4966 4966 4485 4485 4965 4965 4485 4485 4966 4966 4958 4958 4961 4961 4967 4967 4535 4535 4968 4968 4535 4535 4967 4967 4535 4535 4968 4968 4962 4962 4957 4957 4969 4969 4528 4528 4970 4970 4528 4528 4969 4969 4528 4528 4970 4970 4971 4971 4959 4959 4972 4972 4485 4485 4973 4973 4485 4485 4972 4972 4485 4485 4973 4973 4960 4960 4971 4971 4974 4974 4528 4528 4975 4975 4528 4528 4974 4974 4528 4528 4975 4975 4976 4976 4977 4977 4978 4978 4482 4482 4979 4979 4482 4482 4978 4978 4482 4482 4979 4979 4963 4963 4917 4917 4737 4737 4475 4475 4528 4528 4475 4475 4737 4737 4475 4475 4528 4528 4482 4482 4976 4976 4482 4482 4528 4528 4482 4482 4976 4976 4977 4977 4461 4461 4445 4445 4459 4459 4447 4447 4459 4459 4445 4445 4459 4459 4447 4447 4498 4498 4507 4507 4498 4498 4447 4447 4498 4498 4507 4507 4662 4662 4520 4520 4662 4662 4507 4507 4662 4662 4520 4520 4663 4663 4522 4522 4663 4663 4520 4520 4663 4663 4522 4522 4980 4980 4664 4664 4980 4980 4522 4522 4549 4549 4981 4981 4535 4535 4728 4728 4535 4535 4981 4981 4535 4535 4728 4728 4485 4485 4612 4612 4485 4485 4728 4728 4485 4485 4612 4612 4388 4388 4372 4372 4388 4388 4612 4612 4388 4388 4372 4372 4386 4386 4371 4371 4386 4386 4372 4372 4611 4611 4633 4633 4378 4378 4321 4321 4378 4378 4633 4633 4378 4378 4321 4321 4373 4373 4490 4490 4373 4373 4321 4321 4373 4373 4490 4490 4336 4336 4489 4489 4336 4336 4490 4490 4692 4692 4683 4683 4302 4302 4682 4682 4302 4302 4683 4683 4302 4302 4682 4682 4300 4300 4333 4333 4300 4300 4682 4682 4300 4300 4333 4333 4436 4436 4513 4513 4436 4436 4333 4333 4436 4436 4513 4513 4501 4501 4982 4982 4983 4983 4301 4301 4984 4984 4985 4985 4302 4302 4986 4986 4302 4302 4985 4985 4302 4302 4986 4986 4987 4987 4983 4983 4988 4988 4301 4301 4989 4989 4301 4301 4988 4988 4301 4301 4989 4989 4302 4302 4990 4990 4302 4302 4989 4989 4302 4302 4990 4990 4984 4984 4987 4987 4991 4991 4302 4302 4992 4992 4302 4302 4991 4991 4302 4302 4992 4992 4697 4697 4993 4993 4697 4697 4992 4992 4697 4697 4993 4993 4994 4994 4994 4994 4995 4995 4697 4697 4996 4996 4697 4697 4995 4995 4697 4697 4996 4996 4997 4997 4998 4998 4999 4999 4488 4488 4999 4999 5000 5000 4488 4488 5001 5001 4488 4488 5000 5000 4488 4488 5001 5001 5002 5002 5002 5002 5003 5003 4488 4488 5004 5004 4488 4488 5003 5003 4488 4488 5004 5004 4301 4301 5005 5005 4301 4301 5004 5004 4301 4301 5005 5005 4982 4982 4997 4997 4998 4998 4697 4697 4488 4488 4697 4697 4998 4998 4697 4697 4488 4488 4311 4311 4490 4490 4311 4311 4488 4488 4311 4311 4490 4490 4312 4312 4321 4321 4312 4312 4490 4490 4312 4312 4321 4321 4631 4631 4320 4320 4631 4631 4321 4321 4631 4631 4320 4320 4629 4629 5006 5006 5007 5007 5008 5008 5009 5009 5008 5008 5007 5007 5008 5008 5009 5009 5010 5010 5011 5011 5010 5010 5009 5009 5010 5010 5011 5011 5012 5012 5013 5013 5012 5012 5011 5011 5012 5012 5013 5013 5014 5014 5015 5015 5014 5014 5013 5013 5014 5014 5015 5015 5016 5016 5017 5017 5016 5016 5015 5015 5016 5016 5017 5017 5018 5018 5019 5019 5018 5018 5017 5017 5018 5018 5019 5019 5020 5020 5021 5021 5020 5020 5019 5019 5020 5020 5021 5021 5022 5022 5023 5023 5022 5022 5021 5021 5022 5022 5023 5023 5024 5024 5025 5025 5024 5024 5023 5023 5024 5024 5025 5025 5026 5026 5027 5027 5026 5026 5025 5025 5026 5026 5027 5027 5028 5028 5029 5029 5028 5028 5027 5027 5028 5028 5029 5029 5030 5030 5031 5031 5030 5030 5029 5029 5030 5030 5031 5031 5032 5032 5033 5033 5032 5032 5031 5031 5032 5032 5033 5033 5034 5034 5035 5035 5034 5034 5033 5033 5034 5034 5035 5035 5036 5036 5037 5037 5036 5036 5035 5035 5036 5036 5037 5037 5038 5038 5039 5039 5038 5038 5037 5037 5038 5038 5039 5039 5040 5040 5041 5041 5040 5040 5039 5039 5040 5040 5041 5041 5042 5042 5043 5043 5042 5042 5041 5041 5042 5042 5043 5043 5044 5044 5045 5045 5044 5044 5043 5043 5044 5044 5045 5045 5046 5046 5047 5047 5046 5046 5045 5045 5046 5046 5047 5047 5048 5048 5049 5049 5048 5048 5047 5047 5048 5048 5049 5049 5050 5050 5051 5051 5050 5050 5049 5049 5050 5050 5051 5051 5052 5052 5053 5053 5052 5052 5051 5051 5052 5052 5053 5053 5006 5006 5007 5007 5006 5006 5053 5053 5054 5054 5055 5055 5056 5056 5057 5057 5056 5056 5055 5055 5056 5056 5057 5057 5058 5058 5059 5059 5058 5058 5057 5057 5058 5058 5059 5059 5060 5060 5061 5061 5060 5060 5059 5059 5060 5060 5061 5061 5062 5062 5063 5063 5062 5062 5061 5061 5062 5062 5063 5063 5064 5064 5065 5065 5064 5064 5063 5063 5064 5064 5065 5065 5066 5066 5067 5067 5066 5066 5065 5065 5066 5066 5067 5067 5068 5068 5069 5069 5068 5068 5067 5067 5068 5068 5069 5069 5070 5070 5071 5071 5070 5070 5069 5069 5070 5070 5071 5071 5072 5072 5073 5073 5072 5072 5071 5071 5072 5072 5073 5073 5074 5074 5075 5075 5074 5074 5073 5073 5074 5074 5075 5075 5076 5076 5077 5077 5076 5076 5075 5075 5076 5076 5077 5077 5078 5078 5079 5079 5078 5078 5077 5077 5078 5078 5079 5079 5080 5080 5081 5081 5080 5080 5079 5079 5080 5080 5081 5081 5082 5082 5083 5083 5082 5082 5081 5081 5082 5082 5083 5083 5084 5084 5085 5085 5084 5084 5083 5083 5084 5084 5085 5085 5086 5086 5087 5087 5086 5086 5085 5085 5086 5086 5087 5087 5088 5088 5089 5089 5088 5088 5087 5087 5088 5088 5089 5089 5090 5090 5091 5091 5090 5090 5089 5089 5090 5090 5091 5091 5092 5092 5093 5093 5092 5092 5091 5091 5092 5092 5093 5093 5094 5094 5095 5095 5094 5094 5093 5093 5094 5094 5095 5095 5096 5096 5097 5097 5096 5096 5095 5095 5096 5096 5097 5097 5098 5098 5099 5099 5098 5098 5097 5097 5098 5098 5099 5099 5100 5100 5101 5101 5100 5100 5099 5099 5100 5100 5101 5101 5054 5054 5055 5055 5054 5054 5101 5101 5102 5102 5103 5103 5104 5104 5105 5105 5104 5104 5103 5103 5104 5104 5105 5105 5106 5106 5107 5107 5106 5106 5105 5105 5106 5106 5107 5107 5108 5108 5109 5109 5108 5108 5107 5107 5108 5108 5109 5109 5110 5110 5111 5111 5110 5110 5109 5109 5110 5110 5111 5111 5112 5112 5113 5113 5112 5112 5111 5111 5112 5112 5113 5113 5114 5114 5115 5115 5114 5114 5113 5113 5114 5114 5115 5115 5116 5116 5117 5117 5116 5116 5115 5115 5116 5116 5117 5117 5118 5118 5119 5119 5118 5118 5117 5117 5118 5118 5119 5119 5120 5120 5121 5121 5120 5120 5119 5119 5120 5120 5121 5121 5122 5122 5123 5123 5122 5122 5121 5121 5122 5122 5123 5123 5124 5124 5125 5125 5124 5124 5123 5123 5124 5124 5125 5125 5126 5126 5127 5127 5126 5126 5125 5125 5126 5126 5127 5127 5128 5128 5129 5129 5128 5128 5127 5127 5128 5128 5129 5129 5130 5130 5131 5131 5130 5130 5129 5129 5130 5130 5131 5131 5132 5132 5133 5133 5132 5132 5131 5131 5132 5132 5133 5133 5134 5134 5135 5135 5134 5134 5133 5133 5134 5134 5135 5135 5136 5136 5137 5137 5136 5136 5135 5135 5136 5136 5137 5137 5138 5138 5139 5139 5138 5138 5137 5137 5138 5138 5139 5139 5140 5140 5141 5141 5140 5140 5139 5139 5140 5140 5141 5141 5142 5142 5143 5143 5142 5142 5141 5141 5142 5142 5143 5143 5144 5144 5145 5145 5144 5144 5143 5143 5144 5144 5145 5145 5146 5146 5147 5147 5146 5146 5145 5145 5146 5146 5147 5147 5148 5148 5149 5149 5148 5148 5147 5147 5148 5148 5149 5149 5102 5102 5103 5103 5102 5102 5149 5149 5150 5150 5151 5151 5152 5152 5153 5153 5152 5152 5151 5151 5152 5152 5153 5153 5154 5154 5155 5155 5154 5154 5153 5153 5154 5154 5155 5155 5156 5156 5157 5157 5156 5156 5155 5155 5156 5156 5157 5157 5158 5158 5159 5159 5158 5158 5157 5157 5158 5158 5159 5159 5160 5160 5161 5161 5160 5160 5159 5159 5160 5160 5161 5161 5162 5162 5163 5163 5162 5162 5161 5161 5162 5162 5163 5163 5164 5164 5165 5165 5164 5164 5163 5163 5164 5164 5165 5165 5166 5166 5167 5167 5166 5166 5165 5165 5166 5166 5167 5167 5168 5168 5169 5169 5168 5168 5167 5167 5168 5168 5169 5169 5170 5170 5171 5171 5170 5170 5169 5169 5170 5170 5171 5171 5172 5172 5173 5173 5172 5172 5171 5171 5172 5172 5173 5173 5174 5174 5175 5175 5174 5174 5173 5173 5174 5174 5175 5175 5176 5176 5177 5177 5176 5176 5175 5175 5176 5176 5177 5177 5178 5178 5179 5179 5178 5178 5177 5177 5178 5178 5179 5179 5180 5180 5181 5181 5180 5180 5179 5179 5180 5180 5181 5181 5182 5182 5183 5183 5182 5182 5181 5181 5182 5182 5183 5183 5184 5184 5185 5185 5184 5184 5183 5183 5184 5184 5185 5185 5186 5186 5187 5187 5186 5186 5185 5185 5186 5186 5187 5187 5188 5188 5189 5189 5188 5188 5187 5187 5188 5188 5189 5189 5190 5190 5191 5191 5190 5190 5189 5189 5190 5190 5191 5191 5192 5192 5193 5193 5192 5192 5191 5191 5192 5192 5193 5193 5194 5194 5195 5195 5194 5194 5193 5193 5194 5194 5195 5195 5196 5196 5197 5197 5196 5196 5195 5195 5196 5196 5197 5197 5150 5150 5151 5151 5150 5150 5197 5197 5198 5198 5199 5199 5200 5200 5201 5201 5200 5200 5199 5199 5200 5200 5201 5201 5202 5202 5203 5203 5202 5202 5201 5201 5202 5202 5203 5203 5204 5204 5205 5205 5204 5204 5203 5203 5204 5204 5205 5205 5206 5206 5207 5207 5206 5206 5205 5205 5206 5206 5207 5207 5208 5208 5209 5209 5208 5208 5207 5207 5208 5208 5209 5209 5210 5210 5211 5211 5210 5210 5209 5209 5210 5210 5211 5211 5212 5212 5213 5213 5212 5212 5211 5211 5212 5212 5213 5213 5214 5214 5215 5215 5214 5214 5213 5213 5214 5214 5215 5215 5216 5216 5217 5217 5216 5216 5215 5215 5216 5216 5217 5217 5218 5218 5219 5219 5218 5218 5217 5217 5218 5218 5219 5219 5220 5220 5221 5221 5220 5220 5219 5219 5220 5220 5221 5221 5222 5222 5223 5223 5222 5222 5221 5221 5222 5222 5223 5223 5224 5224 5225 5225 5224 5224 5223 5223 5224 5224 5225 5225 5226 5226 5227 5227 5226 5226 5225 5225 5226 5226 5227 5227 5228 5228 5229 5229 5228 5228 5227 5227 5228 5228 5229 5229 5230 5230 5231 5231 5230 5230 5229 5229 5230 5230 5231 5231 5232 5232 5233 5233 5232 5232 5231 5231 5232 5232 5233 5233 5234 5234 5235 5235 5234 5234 5233 5233 5234 5234 5235 5235 5236 5236 5237 5237 5236 5236 5235 5235 5236 5236 5237 5237 5238 5238 5239 5239 5238 5238 5237 5237 5238 5238 5239 5239 5240 5240 5241 5241 5240 5240 5239 5239 5240 5240 5241 5241 5242 5242 5243 5243 5242 5242 5241 5241 5242 5242 5243 5243 5244 5244 5245 5245 5244 5244 5243 5243 5244 5244 5245 5245 5198 5198 5199 5199 5198 5198 5245 5245 5246 5246 5247 5247 5248 5248 5249 5249 5248 5248 5247 5247 5248 5248 5249 5249 5250 5250 5251 5251 5250 5250 5249 5249 5250 5250 5251 5251 5252 5252 5253 5253 5252 5252 5251 5251 5252 5252 5253 5253 5254 5254 5255 5255 5254 5254 5253 5253 5254 5254 5255 5255 5256 5256 5257 5257 5256 5256 5255 5255 5256 5256 5257 5257 5258 5258 5259 5259 5258 5258 5257 5257 5258 5258 5259 5259 5260 5260 5261 5261 5260 5260 5259 5259 5260 5260 5261 5261 5262 5262 5263 5263 5262 5262 5261 5261 5262 5262 5263 5263 5264 5264 5265 5265 5264 5264 5263 5263 5264 5264 5265 5265 5266 5266 5267 5267 5266 5266 5265 5265 5266 5266 5267 5267 5268 5268 5269 5269 5268 5268 5267 5267 5268 5268 5269 5269 5270 5270 5271 5271 5270 5270 5269 5269 5270 5270 5271 5271 5272 5272 5273 5273 5272 5272 5271 5271 5272 5272 5273 5273 5274 5274 5275 5275 5274 5274 5273 5273 5274 5274 5275 5275 5276 5276 5277 5277 5276 5276 5275 5275 5276 5276 5277 5277 5278 5278 5279 5279 5278 5278 5277 5277 5278 5278 5279 5279 5280 5280 5281 5281 5280 5280 5279 5279 5280 5280 5281 5281 5282 5282 5283 5283 5282 5282 5281 5281 5282 5282 5283 5283 5284 5284 5285 5285 5284 5284 5283 5283 5284 5284 5285 5285 5286 5286 5287 5287 5286 5286 5285 5285 5286 5286 5287 5287 5288 5288 5289 5289 5288 5288 5287 5287 5288 5288 5289 5289 5290 5290 5291 5291 5290 5290 5289 5289 5290 5290 5291 5291 5292 5292 5293 5293 5292 5292 5291 5291 5292 5292 5293 5293 5246 5246 5247 5247 5246 5246 5293 5293 5294 5294 5295 5295 5296 5296 5297 5297 5296 5296 5295 5295 5296 5296 5297 5297 5298 5298 5299 5299 5298 5298 5297 5297 5298 5298 5299 5299 5300 5300 5301 5301 5300 5300 5299 5299 5300 5300 5301 5301 5302 5302 5303 5303 5302 5302 5301 5301 5302 5302 5303 5303 5304 5304 5305 5305 5304 5304 5303 5303 5304 5304 5305 5305 5306 5306 5307 5307 5306 5306 5305 5305 5306 5306 5307 5307 5308 5308 5309 5309 5308 5308 5307 5307 5308 5308 5309 5309 5310 5310 5311 5311 5310 5310 5309 5309 5310 5310 5311 5311 5312 5312 5313 5313 5312 5312 5311 5311 5312 5312 5313 5313 5314 5314 5315 5315 5314 5314 5313 5313 5314 5314 5315 5315 5316 5316 5317 5317 5316 5316 5315 5315 5316 5316 5317 5317 5318 5318 5319 5319 5318 5318 5317 5317 5318 5318 5319 5319 5320 5320 5321 5321 5320 5320 5319 5319 5320 5320 5321 5321 5322 5322 5323 5323 5322 5322 5321 5321 5322 5322 5323 5323 5324 5324 5325 5325 5324 5324 5323 5323 5324 5324 5325 5325 5326 5326 5327 5327 5326 5326 5325 5325 5326 5326 5327 5327 5328 5328 5329 5329 5328 5328 5327 5327 5328 5328 5329 5329 5330 5330 5331 5331 5330 5330 5329 5329 5330 5330 5331 5331 5332 5332 5333 5333 5332 5332 5331 5331 5332 5332 5333 5333 5334 5334 5335 5335 5334 5334 5333 5333 5334 5334 5335 5335 5336 5336 5337 5337 5336 5336 5335 5335 5336 5336 5337 5337 5338 5338 5339 5339 5338 5338 5337 5337 5338 5338 5339 5339 5340 5340 5341 5341 5340 5340 5339 5339 5340 5340 5341 5341 5294 5294 5295 5295 5294 5294 5341 5341 5342 5342 5343 5343 5344 5344 5345 5345 5344 5344 5343 5343 5344 5344 5345 5345 5346 5346 5347 5347 5346 5346 5345 5345 5346 5346 5347 5347 5348 5348 5349 5349 5348 5348 5347 5347 5348 5348 5349 5349 5350 5350 5351 5351 5350 5350 5349 5349 5350 5350 5351 5351 5352 5352 5353 5353 5352 5352 5351 5351 5352 5352 5353 5353 5354 5354 5355 5355 5354 5354 5353 5353 5354 5354 5355 5355 5356 5356 5357 5357 5356 5356 5355 5355 5356 5356 5357 5357 5358 5358 5359 5359 5358 5358 5357 5357 5358 5358 5359 5359 5360 5360 5361 5361 5360 5360 5359 5359 5360 5360 5361 5361 5362 5362 5363 5363 5362 5362 5361 5361 5362 5362 5363 5363 5364 5364 5365 5365 5364 5364 5363 5363 5364 5364 5365 5365 5366 5366 5367 5367 5366 5366 5365 5365 5366 5366 5367 5367 5368 5368 5369 5369 5368 5368 5367 5367 5368 5368 5369 5369 5370 5370 5371 5371 5370 5370 5369 5369 5370 5370 5371 5371 5372 5372 5373 5373 5372 5372 5371 5371 5372 5372 5373 5373 5374 5374 5375 5375 5374 5374 5373 5373 5374 5374 5375 5375 5376 5376 5377 5377 5376 5376 5375 5375 5376 5376 5377 5377 5378 5378 5379 5379 5378 5378 5377 5377 5378 5378 5379 5379 5380 5380 5381 5381 5380 5380 5379 5379 5380 5380 5381 5381 5382 5382 5383 5383 5382 5382 5381 5381 5382 5382 5383 5383 5384 5384 5385 5385 5384 5384 5383 5383 5384 5384 5385 5385 5386 5386 5387 5387 5386 5386 5385 5385 5386 5386 5387 5387 5388 5388 5389 5389 5388 5388 5387 5387 5388 5388 5389 5389 5342 5342 5343 5343 5342 5342 5389 5389 5390 5390 5391 5391 5392 5392 5393 5393 5392 5392 5391 5391 5392 5392 5393 5393 5394 5394 5395 5395 5394 5394 5393 5393 5394 5394 5395 5395 5396 5396 5397 5397 5396 5396 5395 5395 5396 5396 5397 5397 5398 5398 5399 5399 5398 5398 5397 5397 5398 5398 5399 5399 5400 5400 5401 5401 5400 5400 5399 5399 5400 5400 5401 5401 5402 5402 5403 5403 5402 5402 5401 5401 5402 5402 5403 5403 5404 5404 5405 5405 5404 5404 5403 5403 5404 5404 5405 5405 5406 5406 5407 5407 5406 5406 5405 5405 5406 5406 5407 5407 5408 5408 5409 5409 5408 5408 5407 5407 5408 5408 5409 5409 5410 5410 5411 5411 5410 5410 5409 5409 5410 5410 5411 5411 5412 5412 5413 5413 5412 5412 5411 5411 5412 5412 5413 5413 5414 5414 5415 5415 5414 5414 5413 5413 5414 5414 5415 5415 5416 5416 5417 5417 5416 5416 5415 5415 5416 5416 5417 5417 5418 5418 5419 5419 5418 5418 5417 5417 5418 5418 5419 5419 5420 5420 5421 5421 5420 5420 5419 5419 5420 5420 5421 5421 5422 5422 5423 5423 5422 5422 5421 5421 5422 5422 5423 5423 5424 5424 5425 5425 5424 5424 5423 5423 5424 5424 5425 5425 5426 5426 5427 5427 5426 5426 5425 5425 5426 5426 5427 5427 5428 5428 5429 5429 5428 5428 5427 5427 5428 5428 5429 5429 5430 5430 5431 5431 5430 5430 5429 5429 5430 5430 5431 5431 5432 5432 5433 5433 5432 5432 5431 5431 5432 5432 5433 5433 5434 5434 5435 5435 5434 5434 5433 5433 5434 5434 5435 5435 5436 5436 5437 5437 5436 5436 5435 5435 5436 5436 5437 5437 5390 5390 5391 5391 5390 5390 5437 5437 5438 5438 5439 5439 5440 5440 5441 5441 5440 5440 5439 5439 5440 5440 5441 5441 5442 5442 5443 5443 5442 5442 5441 5441 5442 5442 5443 5443 5444 5444 5445 5445 5444 5444 5443 5443 5444 5444 5445 5445 5446 5446 5447 5447 5446 5446 5445 5445 5446 5446 5447 5447 5448 5448 5449 5449 5448 5448 5447 5447 5448 5448 5449 5449 5450 5450 5451 5451 5450 5450 5449 5449 5450 5450 5451 5451 5452 5452 5453 5453 5452 5452 5451 5451 5452 5452 5453 5453 5454 5454 5455 5455 5454 5454 5453 5453 5454 5454 5455 5455 5456 5456 5457 5457 5456 5456 5455 5455 5456 5456 5457 5457 5458 5458 5459 5459 5458 5458 5457 5457 5458 5458 5459 5459 5460 5460 5461 5461 5460 5460 5459 5459 5460 5460 5461 5461 5462 5462 5463 5463 5462 5462 5461 5461 5462 5462 5463 5463 5464 5464 5465 5465 5464 5464 5463 5463 5464 5464 5465 5465 5466 5466 5467 5467 5466 5466 5465 5465 5466 5466 5467 5467 5468 5468 5469 5469 5468 5468 5467 5467 5468 5468 5469 5469 5470 5470 5471 5471 5470 5470 5469 5469 5470 5470 5471 5471 5472 5472 5473 5473 5472 5472 5471 5471 5472 5472 5473 5473 5474 5474 5475 5475 5474 5474 5473 5473 5474 5474 5475 5475 5476 5476 5477 5477 5476 5476 5475 5475 5476 5476 5477 5477 5478 5478 5479 5479 5478 5478 5477 5477 5478 5478 5479 5479 5480 5480 5481 5481 5480 5480 5479 5479 5480 5480 5481 5481 5482 5482 5483 5483 5482 5482 5481 5481 5482 5482 5483 5483 5484 5484 5485 5485 5484 5484 5483 5483 5484 5484 5485 5485 5438 5438 5439 5439 5438 5438 5485 5485 5486 5486 5487 5487 5488 5488 5489 5489 5488 5488 5487 5487 5488 5488 5489 5489 5490 5490 5491 5491 5490 5490 5489 5489 5490 5490 5491 5491 5492 5492 5493 5493 5492 5492 5491 5491 5492 5492 5493 5493 5494 5494 5495 5495 5494 5494 5493 5493 5494 5494 5495 5495 5496 5496 5497 5497 5496 5496 5495 5495 5496 5496 5497 5497 5498 5498 5499 5499 5498 5498 5497 5497 5498 5498 5499 5499 5500 5500 5501 5501 5500 5500 5499 5499 5500 5500 5501 5501 5502 5502 5503 5503 5502 5502 5501 5501 5502 5502 5503 5503 5504 5504 5505 5505 5504 5504 5503 5503 5504 5504 5505 5505 5506 5506 5507 5507 5506 5506 5505 5505 5506 5506 5507 5507 5508 5508 5509 5509 5508 5508 5507 5507 5508 5508 5509 5509 5510 5510 5511 5511 5510 5510 5509 5509 5510 5510 5511 5511 5512 5512 5513 5513 5512 5512 5511 5511 5512 5512 5513 5513 5514 5514 5515 5515 5514 5514 5513 5513 5514 5514 5515 5515 5516 5516 5517 5517 5516 5516 5515 5515 5516 5516 5517 5517 5518 5518 5519 5519 5518 5518 5517 5517 5518 5518 5519 5519 5520 5520 5521 5521 5520 5520 5519 5519 5520 5520 5521 5521 5522 5522 5523 5523 5522 5522 5521 5521 5522 5522 5523 5523 5524 5524 5525 5525 5524 5524 5523 5523 5524 5524 5525 5525 5526 5526 5527 5527 5526 5526 5525 5525 5526 5526 5527 5527 5528 5528 5529 5529 5528 5528 5527 5527 5528 5528 5529 5529 5530 5530 5531 5531 5530 5530 5529 5529 5530 5530 5531 5531 5532 5532 5533 5533 5532 5532 5531 5531 5532 5532 5533 5533 5486 5486 5487 5487 5486 5486 5533 5533 5534 5534 5535 5535 5536 5536 5537 5537 5536 5536 5535 5535 5536 5536 5537 5537 5538 5538 5539 5539 5538 5538 5537 5537 5538 5538 5539 5539 5540 5540 5541 5541 5540 5540 5539 5539 5540 5540 5541 5541 5542 5542 5543 5543 5542 5542 5541 5541 5542 5542 5543 5543 5544 5544 5545 5545 5544 5544 5543 5543 5544 5544 5545 5545 5546 5546 5547 5547 5546 5546 5545 5545 5546 5546 5547 5547 5548 5548 5549 5549 5548 5548 5547 5547 5548 5548 5549 5549 5550 5550 5551 5551 5550 5550 5549 5549 5550 5550 5551 5551 5552 5552 5553 5553 5552 5552 5551 5551 5552 5552 5553 5553 5554 5554 5555 5555 5554 5554 5553 5553 5554 5554 5555 5555 5556 5556 5557 5557 5556 5556 5555 5555 5556 5556 5557 5557 5558 5558 5559 5559 5558 5558 5557 5557 5558 5558 5559 5559 5560 5560 5561 5561 5560 5560 5559 5559 5560 5560 5561 5561 5562 5562 5563 5563 5562 5562 5561 5561 5562 5562 5563 5563 5564 5564 5565 5565 5564 5564 5563 5563 5564 5564 5565 5565 5566 5566 5567 5567 5566 5566 5565 5565 5566 5566 5567 5567 5568 5568 5569 5569 5568 5568 5567 5567 5568 5568 5569 5569 5570 5570 5571 5571 5570 5570 5569 5569 5570 5570 5571 5571 5572 5572 5573 5573 5572 5572 5571 5571 5572 5572 5573 5573 5574 5574 5575 5575 5574 5574 5573 5573 5574 5574 5575 5575 5576 5576 5577 5577 5576 5576 5575 5575 5576 5576 5577 5577 5578 5578 5579 5579 5578 5578 5577 5577 5578 5578 5579 5579 5580 5580 5581 5581 5580 5580 5579 5579 5580 5580 5581 5581 5534 5534 5535 5535 5534 5534 5581 5581 5582 5582 5583 5583 5584 5584 5585 5585 5584 5584 5583 5583 5584 5584 5585 5585 5586 5586 5587 5587 5586 5586 5585 5585 5586 5586 5587 5587 5588 5588 5589 5589 5588 5588 5587 5587 5588 5588 5589 5589 5590 5590 5591 5591 5590 5590 5589 5589 5590 5590 5591 5591 5592 5592 5593 5593 5592 5592 5591 5591 5592 5592 5593 5593 5594 5594 5595 5595 5594 5594 5593 5593 5594 5594 5595 5595 5596 5596 5597 5597 5596 5596 5595 5595 5596 5596 5597 5597 5598 5598 5599 5599 5598 5598 5597 5597 5598 5598 5599 5599 5600 5600 5601 5601 5600 5600 5599 5599 5600 5600 5601 5601 5602 5602 5603 5603 5602 5602 5601 5601 5602 5602 5603 5603 5604 5604 5605 5605 5604 5604 5603 5603 5604 5604 5605 5605 5606 5606 5607 5607 5606 5606 5605 5605 5606 5606 5607 5607 5608 5608 5609 5609 5608 5608 5607 5607 5608 5608 5609 5609 5610 5610 5611 5611 5610 5610 5609 5609 5610 5610 5611 5611 5612 5612 5613 5613 5612 5612 5611 5611 5612 5612 5613 5613 5614 5614 5615 5615 5614 5614 5613 5613 5614 5614 5615 5615 5616 5616 5617 5617 5616 5616 5615 5615 5616 5616 5617 5617 5618 5618 5619 5619 5618 5618 5617 5617 5618 5618 5619 5619 5620 5620 5621 5621 5620 5620 5619 5619 5620 5620 5621 5621 5622 5622 5623 5623 5622 5622 5621 5621 5622 5622 5623 5623 5624 5624 5625 5625 5624 5624 5623 5623 5624 5624 5625 5625 5626 5626 5627 5627 5626 5626 5625 5625 5626 5626 5627 5627 5628 5628 5629 5629 5628 5628 5627 5627 5628 5628 5629 5629 5582 5582 5583 5583 5582 5582 5629 5629 5630 5630 5631 5631 5632 5632 5633 5633 5632 5632 5631 5631 5632 5632 5633 5633 5634 5634 5635 5635 5634 5634 5633 5633 5634 5634 5635 5635 5636 5636 5637 5637 5636 5636 5635 5635 5636 5636 5637 5637 5638 5638 5639 5639 5638 5638 5637 5637 5638 5638 5639 5639 5640 5640 5641 5641 5640 5640 5639 5639 5640 5640 5641 5641 5642 5642 5643 5643 5642 5642 5641 5641 5642 5642 5643 5643 5644 5644 5645 5645 5644 5644 5643 5643 5644 5644 5645 5645 5646 5646 5647 5647 5646 5646 5645 5645 5646 5646 5647 5647 5648 5648 5649 5649 5648 5648 5647 5647 5648 5648 5649 5649 5650 5650 5651 5651 5650 5650 5649 5649 5650 5650 5651 5651 5652 5652 5653 5653 5652 5652 5651 5651 5652 5652 5653 5653 5654 5654 5655 5655 5654 5654 5653 5653 5654 5654 5655 5655 5656 5656 5657 5657 5656 5656 5655 5655 5656 5656 5657 5657 5658 5658 5659 5659 5658 5658 5657 5657 5658 5658 5659 5659 5660 5660 5661 5661 5660 5660 5659 5659 5660 5660 5661 5661 5662 5662 5663 5663 5662 5662 5661 5661 5662 5662 5663 5663 5664 5664 5665 5665 5664 5664 5663 5663 5664 5664 5665 5665 5666 5666 5667 5667 5666 5666 5665 5665 5666 5666 5667 5667 5668 5668 5669 5669 5668 5668 5667 5667 5668 5668 5669 5669 5670 5670 5671 5671 5670 5670 5669 5669 5670 5670 5671 5671 5672 5672 5673 5673 5672 5672 5671 5671 5672 5672 5673 5673 5674 5674 5675 5675 5674 5674 5673 5673 5674 5674 5675 5675 5676 5676 5677 5677 5676 5676 5675 5675 5676 5676 5677 5677 5630 5630 5631 5631 5630 5630 5677 5677 5678 5678 5679 5679 5680 5680 5681 5681 5680 5680 5679 5679 5680 5680 5681 5681 5682 5682 5683 5683 5682 5682 5681 5681 5682 5682 5683 5683 5684 5684 5685 5685 5684 5684 5683 5683 5684 5684 5685 5685 5686 5686 5687 5687 5686 5686 5685 5685 5686 5686 5687 5687 5688 5688 5689 5689 5688 5688 5687 5687 5688 5688 5689 5689 5690 5690 5691 5691 5690 5690 5689 5689 5690 5690 5691 5691 5692 5692 5693 5693 5692 5692 5691 5691 5692 5692 5693 5693 5694 5694 5695 5695 5694 5694 5693 5693 5694 5694 5695 5695 5696 5696 5697 5697 5696 5696 5695 5695 5696 5696 5697 5697 5698 5698 5699 5699 5698 5698 5697 5697 5698 5698 5699 5699 5700 5700 5701 5701 5700 5700 5699 5699 5700 5700 5701 5701 5702 5702 5703 5703 5702 5702 5701 5701 5702 5702 5703 5703 5704 5704 5705 5705 5704 5704 5703 5703 5704 5704 5705 5705 5706 5706 5707 5707 5706 5706 5705 5705 5706 5706 5707 5707 5708 5708 5709 5709 5708 5708 5707 5707 5708 5708 5709 5709 5710 5710 5711 5711 5710 5710 5709 5709 5710 5710 5711 5711 5712 5712 5713 5713 5712 5712 5711 5711 5712 5712 5713 5713 5714 5714 5715 5715 5714 5714 5713 5713 5714 5714 5715 5715 5716 5716 5717 5717 5716 5716 5715 5715 5716 5716 5717 5717 5718 5718 5719 5719 5718 5718 5717 5717 5718 5718 5719 5719 5720 5720 5721 5721 5720 5720 5719 5719 5720 5720 5721 5721 5722 5722 5723 5723 5722 5722 5721 5721 5722 5722 5723 5723 5724 5724 5725 5725 5724 5724 5723 5723 5724 5724 5725 5725 5678 5678 5679 5679 5678 5678 5725 5725 5726 5726 5727 5727 5728 5728 5729 5729 5728 5728 5727 5727 5728 5728 5729 5729 5730 5730 5731 5731 5730 5730 5729 5729 5730 5730 5731 5731 5732 5732 5733 5733 5732 5732 5731 5731 5732 5732 5733 5733 5734 5734 5735 5735 5734 5734 5733 5733 5734 5734 5735 5735 5736 5736 5737 5737 5736 5736 5735 5735 5736 5736 5737 5737 5738 5738 5739 5739 5738 5738 5737 5737 5738 5738 5739 5739 5740 5740 5741 5741 5740 5740 5739 5739 5740 5740 5741 5741 5742 5742 5743 5743 5742 5742 5741 5741 5742 5742 5743 5743 5744 5744 5745 5745 5744 5744 5743 5743 5744 5744 5745 5745 5746 5746 5747 5747 5746 5746 5745 5745 5746 5746 5747 5747 5748 5748 5749 5749 5748 5748 5747 5747 5748 5748 5749 5749 5750 5750 5751 5751 5750 5750 5749 5749 5750 5750 5751 5751 5752 5752 5753 5753 5752 5752 5751 5751 5752 5752 5753 5753 5754 5754 5755 5755 5754 5754 5753 5753 5754 5754 5755 5755 5756 5756 5757 5757 5756 5756 5755 5755 5756 5756 5757 5757 5758 5758 5759 5759 5758 5758 5757 5757 5758 5758 5759 5759 5760 5760 5761 5761 5760 5760 5759 5759 5760 5760 5761 5761 5762 5762 5763 5763 5762 5762 5761 5761 5762 5762 5763 5763 5764 5764 5765 5765 5764 5764 5763 5763 5764 5764 5765 5765 5766 5766 5767 5767 5766 5766 5765 5765 5766 5766 5767 5767 5768 5768 5769 5769 5768 5768 5767 5767 5768 5768 5769 5769 5770 5770 5771 5771 5770 5770 5769 5769 5770 5770 5771 5771 5772 5772 5773 5773 5772 5772 5771 5771 5772 5772 5773 5773 5726 5726 5727 5727 5726 5726 5773 5773 5774 5774 5775 5775 5776 5776 5777 5777 5776 5776 5775 5775 5776 5776 5777 5777 5778 5778 5779 5779 5778 5778 5777 5777 5778 5778 5779 5779 5780 5780 5781 5781 5780 5780 5779 5779 5780 5780 5781 5781 5782 5782 5783 5783 5782 5782 5781 5781 5782 5782 5783 5783 5784 5784 5785 5785 5784 5784 5783 5783 5784 5784 5785 5785 5786 5786 5787 5787 5786 5786 5785 5785 5786 5786 5787 5787 5788 5788 5789 5789 5788 5788 5787 5787 5788 5788 5789 5789 5790 5790 5791 5791 5790 5790 5789 5789 5790 5790 5791 5791 5792 5792 5793 5793 5792 5792 5791 5791 5792 5792 5793 5793 5794 5794 5795 5795 5794 5794 5793 5793 5794 5794 5795 5795 5796 5796 5797 5797 5796 5796 5795 5795 5796 5796 5797 5797 5798 5798 5799 5799 5798 5798 5797 5797 5798 5798 5799 5799 5800 5800 5801 5801 5800 5800 5799 5799 5800 5800 5801 5801 5802 5802 5803 5803 5802 5802 5801 5801 5802 5802 5803 5803 5804 5804 5805 5805 5804 5804 5803 5803 5804 5804 5805 5805 5806 5806 5807 5807 5806 5806 5805 5805 5806 5806 5807 5807 5808 5808 5809 5809 5808 5808 5807 5807 5808 5808 5809 5809 5810 5810 5811 5811 5810 5810 5809 5809 5810 5810 5811 5811 5812 5812 5813 5813 5812 5812 5811 5811 5812 5812 5813 5813 5814 5814 5815 5815 5814 5814 5813 5813 5814 5814 5815 5815 5816 5816 5817 5817 5816 5816 5815 5815 5816 5816 5817 5817 5818 5818 5819 5819 5818 5818 5817 5817 5818 5818 5819 5819 5820 5820 5821 5821 5820 5820 5819 5819 5820 5820 5821 5821 5774 5774 5775 5775 5774 5774 5821 5821 5822 5822 5823 5823 5824 5824 5825 5825 5824 5824 5823 5823 5824 5824 5825 5825 5826 5826 5827 5827 5826 5826 5825 5825 5826 5826 5827 5827 5828 5828 5829 5829 5828 5828 5827 5827 5828 5828 5829 5829 5830 5830 5831 5831 5830 5830 5829 5829 5830 5830 5831 5831 5832 5832 5833 5833 5832 5832 5831 5831 5832 5832 5833 5833 5834 5834 5835 5835 5834 5834 5833 5833 5834 5834 5835 5835 5836 5836 5837 5837 5836 5836 5835 5835 5836 5836 5837 5837 5838 5838 5839 5839 5838 5838 5837 5837 5838 5838 5839 5839 5840 5840 5841 5841 5840 5840 5839 5839 5840 5840 5841 5841 5842 5842 5843 5843 5842 5842 5841 5841 5842 5842 5843 5843 5844 5844 5845 5845 5844 5844 5843 5843 5844 5844 5845 5845 5846 5846 5847 5847 5846 5846 5845 5845 5846 5846 5847 5847 5848 5848 5849 5849 5848 5848 5847 5847 5848 5848 5849 5849 5850 5850 5851 5851 5850 5850 5849 5849 5850 5850 5851 5851 5852 5852 5853 5853 5852 5852 5851 5851 5852 5852 5853 5853 5854 5854 5855 5855 5854 5854 5853 5853 5854 5854 5855 5855 5856 5856 5857 5857 5856 5856 5855 5855 5856 5856 5857 5857 5858 5858 5859 5859 5858 5858 5857 5857 5858 5858 5859 5859 5860 5860 5861 5861 5860 5860 5859 5859 5860 5860 5861 5861 5862 5862 5863 5863 5862 5862 5861 5861 5862 5862 5863 5863 5864 5864 5865 5865 5864 5864 5863 5863 5864 5864 5865 5865 5866 5866 5867 5867 5866 5866 5865 5865 5866 5866 5867 5867 5868 5868 5869 5869 5868 5868 5867 5867 5868 5868 5869 5869 5822 5822 5823 5823 5822 5822 5869 5869 5870 5870 5871 5871 5872 5872 5873 5873 5872 5872 5871 5871 5872 5872 5873 5873 5874 5874 5875 5875 5874 5874 5873 5873 5874 5874 5875 5875 5876 5876 5877 5877 5876 5876 5875 5875 5876 5876 5877 5877 5878 5878 5879 5879 5878 5878 5877 5877 5878 5878 5879 5879 5880 5880 5881 5881 5880 5880 5879 5879 5880 5880 5881 5881 5882 5882 5883 5883 5882 5882 5881 5881 5882 5882 5883 5883 5884 5884 5885 5885 5884 5884 5883 5883 5884 5884 5885 5885 5886 5886 5887 5887 5886 5886 5885 5885 5886 5886 5887 5887 5888 5888 5889 5889 5888 5888 5887 5887 5888 5888 5889 5889 5890 5890 5891 5891 5890 5890 5889 5889 5890 5890 5891 5891 5892 5892 5893 5893 5892 5892 5891 5891 5892 5892 5893 5893 5894 5894 5895 5895 5894 5894 5893 5893 5894 5894 5895 5895 5896 5896 5897 5897 5896 5896 5895 5895 5896 5896 5897 5897 5898 5898 5899 5899 5898 5898 5897 5897 5898 5898 5899 5899 5900 5900 5901 5901 5900 5900 5899 5899 5900 5900 5901 5901 5902 5902 5903 5903 5902 5902 5901 5901 5902 5902 5903 5903 5904 5904 5905 5905 5904 5904 5903 5903 5904 5904 5905 5905 5906 5906 5907 5907 5906 5906 5905 5905 5906 5906 5907 5907 5908 5908 5909 5909 5908 5908 5907 5907 5908 5908 5909 5909 5910 5910 5911 5911 5910 5910 5909 5909 5910 5910 5911 5911 5912 5912 5913 5913 5912 5912 5911 5911 5912 5912 5913 5913 5914 5914 5915 5915 5914 5914 5913 5913 5914 5914 5915 5915 5916 5916 5917 5917 5916 5916 5915 5915 5916 5916 5917 5917 5870 5870 5871 5871 5870 5870 5917 5917 5918 5918 5919 5919 5920 5920 5921 5921 5920 5920 5919 5919 5920 5920 5921 5921 5922 5922 5923 5923 5922 5922 5921 5921 5922 5922 5923 5923 5924 5924 5925 5925 5924 5924 5923 5923 5924 5924 5925 5925 5926 5926 5927 5927 5926 5926 5925 5925 5926 5926 5927 5927 5928 5928 5929 5929 5928 5928 5927 5927 5928 5928 5929 5929 5930 5930 5931 5931 5930 5930 5929 5929 5930 5930 5931 5931 5932 5932 5933 5933 5932 5932 5931 5931 5932 5932 5933 5933 5934 5934 5935 5935 5934 5934 5933 5933 5934 5934 5935 5935 5936 5936 5937 5937 5936 5936 5935 5935 5936 5936 5937 5937 5938 5938 5939 5939 5938 5938 5937 5937 5938 5938 5939 5939 5940 5940 5941 5941 5940 5940 5939 5939 5940 5940 5941 5941 5942 5942 5943 5943 5942 5942 5941 5941 5942 5942 5943 5943 5944 5944 5945 5945 5944 5944 5943 5943 5944 5944 5945 5945 5946 5946 5947 5947 5946 5946 5945 5945 5946 5946 5947 5947 5948 5948 5949 5949 5948 5948 5947 5947 5948 5948 5949 5949 5950 5950 5951 5951 5950 5950 5949 5949 5950 5950 5951 5951 5952 5952 5953 5953 5952 5952 5951 5951 5952 5952 5953 5953 5954 5954 5955 5955 5954 5954 5953 5953 5954 5954 5955 5955 5956 5956 5957 5957 5956 5956 5955 5955 5956 5956 5957 5957 5958 5958 5959 5959 5958 5958 5957 5957 5958 5958 5959 5959 5960 5960 5961 5961 5960 5960 5959 5959 5960 5960 5961 5961 5962 5962 5963 5963 5962 5962 5961 5961 5962 5962 5963 5963 5964 5964 5965 5965 5964 5964 5963 5963 5964 5964 5965 5965 5918 5918 5919 5919 5918 5918 5965 5965 5966 5966 5967 5967 5968 5968 5969 5969 5968 5968 5967 5967 5968 5968 5969 5969 5970 5970 5971 5971 5970 5970 5969 5969 5970 5970 5971 5971 5972 5972 5973 5973 5972 5972 5971 5971 5972 5972 5973 5973 5974 5974 5975 5975 5974 5974 5973 5973 5974 5974 5975 5975 5976 5976 5977 5977 5976 5976 5975 5975 5976 5976 5977 5977 5978 5978 5979 5979 5978 5978 5977 5977 5978 5978 5979 5979 5980 5980 5981 5981 5980 5980 5979 5979 5980 5980 5981 5981 5982 5982 5983 5983 5982 5982 5981 5981 5982 5982 5983 5983 5984 5984 5985 5985 5984 5984 5983 5983 5984 5984 5985 5985 5986 5986 5987 5987 5986 5986 5985 5985 5986 5986 5987 5987 5988 5988 5989 5989 5988 5988 5987 5987 5988 5988 5989 5989 5990 5990 5991 5991 5990 5990 5989 5989 5990 5990 5991 5991 5992 5992 5993 5993 5992 5992 5991 5991 5992 5992 5993 5993 5994 5994 5995 5995 5994 5994 5993 5993 5994 5994 5995 5995 5996 5996 5997 5997 5996 5996 5995 5995 5996 5996 5997 5997 5998 5998 5999 5999 5998 5998 5997 5997 5998 5998 5999 5999 6000 6000 6001 6001 6000 6000 5999 5999 6000 6000 6001 6001 6002 6002 6003 6003 6002 6002 6001 6001 6002 6002 6003 6003 6004 6004 6005 6005 6004 6004 6003 6003 6004 6004 6005 6005 6006 6006 6007 6007 6006 6006 6005 6005 6006 6006 6007 6007 6008 6008 6009 6009 6008 6008 6007 6007 6008 6008 6009 6009 6010 6010 6011 6011 6010 6010 6009 6009 6010 6010 6011 6011 6012 6012 6013 6013 6012 6012 6011 6011 6012 6012 6013 6013 5966 5966 5967 5967 5966 5966 6013 6013 6014 6014 6015 6015 6016 6016 6017 6017 6016 6016 6015 6015 6016 6016 6017 6017 6018 6018 6019 6019 6018 6018 6017 6017 6018 6018 6019 6019 6020 6020 6021 6021 6020 6020 6019 6019 6020 6020 6021 6021 6022 6022 6023 6023 6022 6022 6021 6021 6022 6022 6023 6023 6024 6024 6025 6025 6024 6024 6023 6023 6024 6024 6025 6025 6026 6026 6027 6027 6026 6026 6025 6025 6026 6026 6027 6027 6028 6028 6029 6029 6028 6028 6027 6027 6028 6028 6029 6029 6030 6030 6031 6031 6030 6030 6029 6029 6030 6030 6031 6031 6032 6032 6033 6033 6032 6032 6031 6031 6032 6032 6033 6033 6034 6034 6035 6035 6034 6034 6033 6033 6034 6034 6035 6035 6036 6036 6037 6037 6036 6036 6035 6035 6036 6036 6037 6037 6038 6038 6039 6039 6038 6038 6037 6037 6038 6038 6039 6039 6040 6040 6041 6041 6040 6040 6039 6039 6040 6040 6041 6041 6042 6042 6043 6043 6042 6042 6041 6041 6042 6042 6043 6043 6044 6044 6045 6045 6044 6044 6043 6043 6044 6044 6045 6045 6046 6046 6047 6047 6046 6046 6045 6045 6046 6046 6047 6047 6048 6048 6049 6049 6048 6048 6047 6047 6048 6048 6049 6049 6050 6050 6051 6051 6050 6050 6049 6049 6050 6050 6051 6051 6052 6052 6053 6053 6052 6052 6051 6051 6052 6052 6053 6053 6054 6054 6055 6055 6054 6054 6053 6053 6054 6054 6055 6055 6056 6056 6057 6057 6056 6056 6055 6055 6056 6056 6057 6057 6058 6058 6059 6059 6058 6058 6057 6057 6058 6058 6059 6059 6060 6060 6061 6061 6060 6060 6059 6059 6060 6060 6061 6061 6014 6014 6015 6015 6014 6014 6061 6061 6062 6062 6063 6063 6064 6064 6065 6065 6066 6066 6067 6067 6068 6068 6069 6069 6070 6070 6071 6071 6072 6072 6073 6073 6074 6074 6075 6075 6076 6076 6077 6077 6078 6078 6066 6066 6079 6079 6080 6080 6067 6067 6067 6067 6080 6080 6081 6081 6082 6082 6063 6063 6083 6083 6062 6062 6083 6083 6063 6063 6083 6083 6062 6062 6084 6084 6066 6066 6078 6078 6067 6067 6085 6085 6067 6067 6078 6078 6067 6067 6085 6085 6079 6079 6080 6080 6086 6086 6081 6081 6087 6087 6081 6081 6086 6086 6081 6081 6087 6087 6088 6088 6089 6089 6088 6088 6087 6087 6088 6088 6089 6089 6062 6062 6090 6090 6062 6062 6089 6089 6062 6062 6090 6090 6084 6084 6091 6091 6092 6092 6093 6093 6094 6094 6093 6093 6092 6092 6093 6093 6094 6094 6095 6095 6096 6096 6097 6097 6098 6098 6099 6099 6098 6098 6097 6097 6098 6098 6099 6099 6100 6100 6095 6095 6100 6100 6099 6099 6100 6100 6095 6095 6101 6101 6094 6094 6101 6101 6095 6095 6096 6096 6102 6102 6097 6097 6103 6103 6097 6097 6102 6102 6097 6097 6103 6103 6104 6104 6105 6105 6104 6104 6103 6103 6105 6105 6106 6106 6104 6104 6107 6107 6104 6104 6106 6106 6104 6104 6107 6107 6066 6066 6108 6108 6066 6066 6107 6107 6066 6066 6108 6108 6077 6077 6082 6082 6109 6109 6063 6063 6110 6110 6063 6063 6109 6109 6063 6063 6110 6110 6093 6093 6111 6111 6093 6093 6110 6110 6093 6093 6111 6111 6091 6091 6112 6112 6113 6113 6114 6114 6115 6115 6114 6114 6113 6113 6116 6116 6117 6117 6118 6118 6116 6116 6118 6118 6119 6119 6117 6117 6120 6120 6118 6118 6121 6121 6118 6118 6120 6120 6118 6118 6121 6121 6115 6115 6122 6122 6115 6115 6121 6121 6115 6115 6122 6122 6114 6114 6123 6123 6124 6124 6125 6125 6125 6125 6126 6126 6123 6123 6127 6127 6123 6123 6126 6126 6123 6123 6127 6127 6118 6118 6128 6128 6118 6118 6127 6127 6118 6118 6128 6128 6119 6119 6129 6129 6130 6130 6131 6131 6130 6130 6132 6132 6133 6133 6134 6134 6133 6133 6132 6132 6133 6133 6134 6134 6135 6135 6136 6136 6137 6137 6138 6138 6139 6139 6138 6138 6137 6137 6140 6140 6141 6141 6142 6142 6138 6138 6142 6142 6141 6141 6142 6142 6138 6138 6143 6143 6139 6139 6143 6143 6138 6138 6144 6144 6145 6145 6131 6131 6141 6141 6131 6131 6145 6145 6140 6140 6146 6146 6141 6141 6147 6147 6141 6141 6146 6146 6141 6141 6147 6147 6131 6131 6148 6148 6131 6131 6147 6147 6131 6131 6148 6148 6129 6129 6149 6149 6150 6150 6151 6151 6152 6152 6153 6153 6136 6136 6154 6154 6136 6136 6153 6153 6136 6136 6154 6154 6137 6137 6135 6135 6155 6155 6133 6133 6156 6156 6133 6133 6155 6155 6133 6133 6156 6156 6150 6150 6157 6157 6150 6150 6156 6156 6150 6150 6157 6157 6151 6151 6136 6136 6158 6158 6152 6152 6124 6124 6152 6152 6158 6158 6152 6152 6124 6124 6159 6159 6123 6123 6159 6159 6124 6124 6159 6159 6123 6123 6160 6160 6161 6161 6160 6160 6123 6123 6160 6160 6161 6161 6162 6162 6149 6149 6162 6162 6161 6161 6162 6162 6149 6149 6163 6163 6151 6151 6163 6163 6149 6149 6164 6164 6165 6165 6166 6166 6167 6167 6168 6168 6169 6169 6170 6170 6169 6169 6168 6168 6169 6169 6170 6170 6131 6131 6170 6170 6171 6171 6131 6131 6172 6172 6131 6131 6171 6171 6131 6131 6172 6172 6144 6144 6173 6173 6144 6144 6172 6172 6174 6174 6175 6175 6176 6176 6144 6144 6176 6176 6175 6175 6176 6176 6144 6144 6177 6177 6173 6173 6177 6177 6144 6144 6178 6178 6179 6179 6180 6180 6175 6175 6180 6180 6179 6179 6180 6180 6175 6175 6181 6181 6174 6174 6181 6181 6175 6175 6182 6182 6183 6183 6076 6076 6165 6165 6184 6184 6166 6166 6185 6185 6166 6166 6184 6184 6166 6166 6185 6185 6186 6186 6164 6164 6166 6166 6187 6187 6188 6188 6187 6187 6166 6166 6187 6187 6188 6188 6189 6189 6190 6190 6191 6191 6169 6169 6191 6191 6192 6192 6169 6169 6193 6193 6169 6169 6192 6192 6169 6169 6193 6193 6167 6167 6178 6178 6182 6182 6179 6179 6076 6076 6179 6179 6182 6182 6179 6179 6076 6076 6194 6194 6075 6075 6194 6194 6076 6076 6195 6195 6196 6196 6197 6197 6074 6074 6197 6197 6196 6196 6197 6197 6074 6074 6198 6198 6076 6076 6198 6198 6074 6074 6198 6198 6076 6076 6189 6189 6183 6183 6189 6189 6076 6076 6189 6189 6183 6183 6187 6187 6199 6199 6200 6200 6201 6201 6201 6201 6200 6200 6202 6202 6203 6203 6204 6204 6063 6063 6200 6200 6205 6205 6202 6202 6206 6206 6202 6202 6205 6205 6202 6202 6206 6206 6093 6093 6207 6207 6093 6093 6206 6206 6093 6093 6207 6207 6208 6208 6204 6204 6209 6209 6063 6063 6210 6210 6063 6063 6209 6209 6063 6063 6210 6210 6064 6064 6211 6211 6064 6064 6210 6210 6064 6064 6211 6211 6212 6212 6208 6208 6213 6213 6093 6093 6214 6214 6093 6093 6213 6213 6093 6093 6214 6214 6063 6063 6215 6215 6063 6063 6214 6214 6063 6063 6215 6215 6203 6203 6212 6212 6216 6216 6064 6064 6217 6217 6064 6064 6216 6216 6064 6064 6217 6217 6218 6218 6217 6217 6219 6219 6218 6218 6220 6220 6218 6218 6219 6219 6218 6218 6220 6220 6195 6195 6220 6220 6221 6221 6195 6195 6222 6222 6195 6195 6221 6221 6195 6195 6222 6222 6196 6196 6223 6223 6196 6196 6222 6222 6196 6196 6223 6223 6224 6224 6225 6225 6224 6224 6223 6223 6224 6224 6225 6225 6201 6201 6226 6226 6201 6201 6225 6225 6201 6201 6226 6226 6199 6199 6073 6073 6072 6072 6227 6227 6228 6228 6229 6229 6230 6230 6228 6228 6230 6230 6231 6231 6072 6072 6232 6232 6227 6227 6233 6233 6227 6227 6232 6232 6227 6227 6233 6233 6065 6065 6234 6234 6065 6065 6233 6233 6065 6065 6234 6234 6235 6235 6066 6066 6236 6236 6237 6237 6104 6104 6238 6238 6228 6228 6239 6239 6228 6228 6238 6238 6228 6228 6239 6239 6229 6229 6230 6230 6240 6240 6231 6231 6241 6241 6231 6231 6240 6240 6231 6231 6241 6241 6242 6242 6243 6243 6242 6242 6241 6241 6242 6242 6243 6243 6244 6244 6235 6235 6245 6245 6065 6065 6246 6246 6065 6065 6245 6245 6065 6065 6246 6246 6066 6066 6247 6247 6066 6066 6246 6246 6066 6066 6247 6247 6236 6236 6248 6248 6249 6249 6104 6104 6250 6250 6104 6104 6249 6249 6104 6104 6250 6250 6238 6238 6237 6237 6251 6251 6066 6066 6252 6252 6066 6066 6251 6251 6066 6066 6252 6252 6104 6104 6253 6253 6104 6104 6252 6252 6104 6104 6253 6253 6248 6248 6254 6254 6255 6255 6256 6256 6257 6257 6256 6256 6255 6255 6256 6256 6257 6257 6258 6258 6244 6244 6258 6258 6257 6257 6258 6258 6244 6244 6073 6073 6243 6243 6073 6073 6244 6244 6073 6073 6243 6243 6071 6071 6259 6259 6260 6260 6255 6255 6261 6261 6255 6255 6260 6260 6255 6255 6261 6261 6257 6257 6262 6262 6263 6263 6264 6264 6262 6262 6264 6264 6265 6265 6266 6266 6267 6267 6268 6268 6269 6269 6268 6268 6267 6267 6268 6268 6269 6269 6270 6270 6264 6264 6271 6271 6265 6265 6272 6272 6265 6265 6271 6271 6265 6265 6272 6272 6269 6269 6273 6273 6269 6269 6272 6272 6269 6269 6273 6273 6270 6270 6274 6274 6259 6259 6275 6275 6255 6255 6275 6275 6259 6259 6275 6275 6255 6255 6276 6276 6254 6254 6276 6276 6255 6255 6276 6276 6254 6254 6277 6277 6278 6278 6277 6277 6254 6254 6277 6277 6278 6278 6279 6279 6280 6280 6279 6279 6278 6278 6279 6279 6280 6280 6281 6281 6267 6267 6281 6281 6280 6280 6281 6281 6267 6267 6282 6282 6266 6266 6282 6282 6267 6267 6274 6274 6283 6283 6259 6259 6284 6284 6259 6259 6283 6283 6259 6259 6284 6284 6285 6285 6263 6263 6262 6262 6286 6286 6287 6287 6286 6286 6262 6262 6286 6286 6287 6287 6288 6288 6284 6284 6289 6289 6285 6285 6290 6290 6285 6285 6289 6289 6285 6285 6290 6290 6291 6291 6290 6290 6292 6292 6291 6291 6293 6293 6291 6291 6292 6292 6291 6291 6293 6293 6287 6287 6294 6294 6287 6287 6293 6293 6287 6287 6294 6294 6288 6288 6295 6295 6296 6296 6297 6297 6297 6297 6296 6296 6298 6298 6068 6068 6070 6070 6299 6299 6300 6300 6301 6301 6287 6287 6302 6302 6287 6287 6301 6301 6287 6287 6302 6302 6303 6303 6304 6304 6305 6305 6287 6287 6306 6306 6287 6287 6305 6305 6287 6287 6306 6306 6291 6291 6304 6304 6307 6307 6297 6297 6308 6308 6297 6297 6307 6307 6297 6297 6308 6308 6295 6295 6303 6303 6309 6309 6287 6287 6310 6310 6287 6287 6309 6309 6287 6287 6310 6310 6304 6304 6311 6311 6304 6304 6310 6310 6304 6304 6311 6311 6307 6307 6312 6312 6313 6313 6314 6314 6296 6296 6315 6315 6298 6298 6316 6316 6298 6298 6315 6315 6298 6298 6316 6316 6317 6317 6318 6318 6317 6317 6316 6316 6317 6317 6318 6318 6319 6319 6319 6319 6318 6318 6320 6320 6321 6321 6320 6320 6318 6318 6320 6320 6321 6321 6322 6322 6323 6323 6324 6324 6325 6325 6326 6326 6325 6325 6324 6324 6323 6323 6327 6327 6324 6324 6328 6328 6324 6324 6327 6327 6324 6324 6328 6328 6321 6321 6329 6329 6321 6321 6328 6328 6321 6321 6329 6329 6322 6322 6330 6330 6331 6331 6332 6332 6333 6333 6332 6332 6331 6331 6332 6332 6333 6333 6334 6334 6325 6325 6334 6334 6333 6333 6334 6334 6325 6325 6313 6313 6326 6326 6313 6313 6325 6325 6313 6313 6326 6326 6314 6314 6314 6314 6335 6335 6312 6312 6336 6336 6312 6312 6335 6335 6312 6312 6336 6336 6070 6070 6337 6337 6070 6070 6336 6336 6070 6070 6337 6337 6299 6299 6069 6069 6300 6300 6070 6070 6287 6287 6070 6070 6300 6300 6070 6070 6287 6287 6338 6338 6262 6262 6338 6338 6287 6287 6186 6186 6190 6190 6166 6166 6169 6169 6166 6166 6190 6190 6166 6166 6169 6169 6339 6339 6340 6340 6341 6341 6169 6169 6342 6342 6169 6169 6341 6341 6169 6169 6342 6342 6339 6339 6130 6130 6133 6133 6131 6131 6343 6343 6131 6131 6133 6133 6131 6131 6343 6343 6169 6169 6344 6344 6169 6169 6343 6343 6169 6169 6344 6344 6340 6340 6345 6345 6346 6346 6347 6347 6348 6348 6347 6347 6346 6346 6347 6347 6348 6348 6349 6349 6350 6350 6349 6349 6348 6348 6349 6349 6350 6350 6351 6351 6352 6352 6351 6351 6350 6350 6351 6351 6352 6352 6353 6353 6354 6354 6353 6353 6352 6352 6353 6353 6354 6354 6355 6355 6356 6356 6355 6355 6354 6354 6355 6355 6356 6356 6357 6357 6358 6358 6357 6357 6356 6356 6357 6357 6358 6358 6359 6359 6360 6360 6359 6359 6358 6358 6359 6359 6360 6360 6361 6361 6362 6362 6361 6361 6360 6360 6361 6361 6362 6362 6363 6363 6364 6364 6363 6363 6362 6362 6363 6363 6364 6364 6365 6365 6366 6366 6365 6365 6364 6364 6365 6365 6366 6366 6367 6367 6368 6368 6367 6367 6366 6366 6367 6367 6368 6368 6369 6369 6370 6370 6369 6369 6368 6368 6369 6369 6370 6370 6371 6371 6372 6372 6371 6371 6370 6370 6371 6371 6372 6372 6373 6373 6374 6374 6373 6373 6372 6372 6373 6373 6374 6374 6375 6375 6376 6376 6375 6375 6374 6374 6375 6375 6376 6376 6377 6377 6378 6378 6377 6377 6376 6376 6377 6377 6378 6378 6379 6379 6380 6380 6379 6379 6378 6378 6379 6379 6380 6380 6381 6381 6382 6382 6381 6381 6380 6380 6381 6381 6382 6382 6383 6383 6384 6384 6383 6383 6382 6382 6383 6383 6384 6384 6385 6385 6386 6386 6385 6385 6384 6384 6385 6385 6386 6386 6387 6387 6388 6388 6387 6387 6386 6386 6387 6387 6388 6388 6389 6389 6390 6390 6389 6389 6388 6388 6389 6389 6390 6390 6391 6391 6392 6392 6391 6391 6390 6390 6391 6391 6392 6392 6345 6345 6346 6346 6345 6345 6392 6392 6393 6393 6394 6394 6395 6395 6396 6396 6395 6395 6394 6394 6395 6395 6396 6396 6397 6397 6398 6398 6397 6397 6396 6396 6397 6397 6398 6398 6399 6399 6400 6400 6399 6399 6398 6398 6399 6399 6400 6400 6401 6401 6402 6402 6401 6401 6400 6400 6401 6401 6402 6402 6403 6403 6404 6404 6403 6403 6402 6402 6403 6403 6404 6404 6405 6405 6406 6406 6405 6405 6404 6404 6405 6405 6406 6406 6407 6407 6408 6408 6407 6407 6406 6406 6407 6407 6408 6408 6409 6409 6410 6410 6409 6409 6408 6408 6409 6409 6410 6410 6411 6411 6412 6412 6411 6411 6410 6410 6411 6411 6412 6412 6413 6413 6414 6414 6413 6413 6412 6412 6413 6413 6414 6414 6415 6415 6416 6416 6415 6415 6414 6414 6415 6415 6416 6416 6417 6417 6418 6418 6417 6417 6416 6416 6417 6417 6418 6418 6419 6419 6420 6420 6419 6419 6418 6418 6419 6419 6420 6420 6421 6421 6422 6422 6421 6421 6420 6420 6421 6421 6422 6422 6423 6423 6424 6424 6423 6423 6422 6422 6423 6423 6424 6424 6425 6425 6426 6426 6425 6425 6424 6424 6425 6425 6426 6426 6427 6427 6428 6428 6427 6427 6426 6426 6427 6427 6428 6428 6429 6429 6430 6430 6429 6429 6428 6428 6429 6429 6430 6430 6431 6431 6432 6432 6431 6431 6430 6430 6431 6431 6432 6432 6433 6433 6434 6434 6433 6433 6432 6432 6433 6433 6434 6434 6435 6435 6436 6436 6435 6435 6434 6434 6435 6435 6436 6436 6437 6437 6438 6438 6437 6437 6436 6436 6437 6437 6438 6438 6439 6439 6440 6440 6439 6439 6438 6438 6439 6439 6440 6440 6393 6393 6394 6394 6393 6393 6440 6440 2036 2036 2035 2035 6441 6441 6442 6442 6441 6441 2035 2035 6441 6441 6442 6442 6443 6443 6444 6444 6443 6443 6442 6442 6443 6443 6444 6444 6445 6445 6446 6446 6445 6445 6444 6444 6445 6445 6446 6446 6447 6447 6448 6448 6447 6447 6446 6446 6447 6447 6448 6448 6449 6449 6450 6450 6449 6449 6448 6448 6449 6449 6450 6450 6451 6451 6452 6452 6451 6451 6450 6450 6451 6451 6452 6452 6453 6453 6454 6454 6453 6453 6452 6452 6453 6453 6454 6454 6455 6455 6456 6456 6455 6455 6454 6454 6455 6455 6456 6456 6457 6457 6458 6458 6457 6457 6456 6456 6457 6457 6458 6458 6459 6459 6460 6460 6459 6459 6458 6458 6459 6459 6460 6460 6461 6461 6462 6462 6461 6461 6460 6460 6461 6461 6462 6462 872 872 873 873 872 872 6462 6462 6463 6463 6464 6464 6465 6465 6466 6466 6465 6465 6464 6464 6465 6465 6466 6466 6467 6467 6468 6468 6467 6467 6466 6466 6467 6467 6468 6468 6469 6469 6470 6470 6469 6469 6468 6468 6469 6469 6470 6470 6471 6471 6472 6472 6471 6471 6470 6470 6471 6471 6472 6472 6473 6473 6474 6474 6473 6473 6472 6472 6473 6473 6474 6474 6475 6475 6476 6476 6475 6475 6474 6474 6475 6475 6476 6476 6477 6477 6478 6478 6477 6477 6476 6476 6477 6477 6478 6478 6479 6479 6480 6480 6479 6479 6478 6478 6479 6479 6480 6480 6481 6481 6482 6482 6481 6481 6480 6480 6481 6481 6482 6482 6483 6483 6484 6484 6483 6483 6482 6482 6483 6483 6484 6484 6485 6485 6486 6486 6485 6485 6484 6484 6485 6485 6486 6486 6487 6487 6488 6488 6487 6487 6486 6486 6487 6487 6488 6488 6489 6489 6490 6490 6489 6489 6488 6488 6489 6489 6490 6490 6491 6491 6492 6492 6491 6491 6490 6490 6491 6491 6492 6492 6493 6493 6494 6494 6493 6493 6492 6492 6493 6493 6494 6494 6495 6495 6496 6496 6495 6495 6494 6494 6495 6495 6496 6496 6497 6497 6498 6498 6497 6497 6496 6496 6497 6497 6498 6498 6499 6499 6500 6500 6499 6499 6498 6498 6499 6499 6500 6500 6501 6501 6502 6502 6501 6501 6500 6500 6501 6501 6502 6502 6503 6503 6504 6504 6503 6503 6502 6502 6503 6503 6504 6504 6505 6505 6506 6506 6505 6505 6504 6504 6505 6505 6506 6506 6507 6507 6508 6508 6507 6507 6506 6506 6507 6507 6508 6508 6509 6509 6510 6510 6509 6509 6508 6508 6509 6509 6510 6510 6463 6463 6464 6464 6463 6463 6510 6510 6511 6511 6512 6512 6513 6513 6514 6514 6513 6513 6512 6512 6513 6513 6514 6514 6515 6515 6516 6516 6515 6515 6514 6514 6515 6515 6516 6516 6517 6517 6518 6518 6517 6517 6516 6516 6517 6517 6518 6518 6519 6519 6520 6520 6519 6519 6518 6518 6519 6519 6520 6520 6521 6521 6522 6522 6521 6521 6520 6520 6521 6521 6522 6522 6523 6523 6524 6524 6523 6523 6522 6522 6523 6523 6524 6524 6525 6525 6526 6526 6525 6525 6524 6524 6525 6525 6526 6526 6527 6527 6528 6528 6527 6527 6526 6526 6527 6527 6528 6528 6529 6529 6530 6530 6529 6529 6528 6528 6529 6529 6530 6530 6531 6531 6532 6532 6531 6531 6530 6530 6531 6531 6532 6532 6533 6533 6534 6534 6533 6533 6532 6532 6533 6533 6534 6534 6535 6535 6536 6536 6535 6535 6534 6534 6535 6535 6536 6536 6537 6537 6538 6538 6537 6537 6536 6536 6537 6537 6538 6538 6539 6539 6540 6540 6539 6539 6538 6538 6539 6539 6540 6540 6541 6541 6542 6542 6541 6541 6540 6540 6541 6541 6542 6542 6543 6543 6544 6544 6543 6543 6542 6542 6543 6543 6544 6544 6545 6545 6546 6546 6545 6545 6544 6544 6545 6545 6546 6546 6547 6547 6548 6548 6547 6547 6546 6546 6547 6547 6548 6548 6549 6549 6550 6550 6549 6549 6548 6548 6549 6549 6550 6550 6551 6551 6552 6552 6551 6551 6550 6550 6551 6551 6552 6552 6553 6553 6554 6554 6553 6553 6552 6552 6553 6553 6554 6554 6555 6555 6556 6556 6555 6555 6554 6554 6555 6555 6556 6556 6557 6557 6558 6558 6557 6557 6556 6556 6557 6557 6558 6558 6511 6511 6512 6512 6511 6511 6558 6558 6559 6559 6560 6560 6561 6561 6562 6562 6561 6561 6560 6560 6561 6561 6562 6562 6563 6563 6564 6564 6563 6563 6562 6562 6563 6563 6564 6564 6565 6565 6566 6566 6565 6565 6564 6564 6565 6565 6566 6566 6567 6567 6568 6568 6567 6567 6566 6566 6567 6567 6568 6568 6569 6569 6570 6570 6569 6569 6568 6568 6569 6569 6570 6570 6571 6571 6572 6572 6571 6571 6570 6570 6571 6571 6572 6572 6573 6573 6574 6574 6573 6573 6572 6572 6573 6573 6574 6574 6575 6575 6576 6576 6575 6575 6574 6574 6575 6575 6576 6576 6577 6577 6578 6578 6577 6577 6576 6576 6577 6577 6578 6578 6579 6579 6580 6580 6579 6579 6578 6578 6579 6579 6580 6580 6581 6581 6582 6582 6581 6581 6580 6580 6581 6581 6582 6582 6583 6583 6584 6584 6583 6583 6582 6582 6583 6583 6584 6584 6585 6585 6586 6586 6585 6585 6584 6584 6585 6585 6586 6586 6587 6587 6588 6588 6587 6587 6586 6586 6587 6587 6588 6588 6589 6589 6590 6590 6589 6589 6588 6588 6589 6589 6590 6590 6591 6591 6592 6592 6591 6591 6590 6590 6591 6591 6592 6592 6593 6593 6594 6594 6593 6593 6592 6592 6593 6593 6594 6594 6595 6595 6596 6596 6595 6595 6594 6594 6595 6595 6596 6596 6597 6597 6598 6598 6597 6597 6596 6596 6597 6597 6598 6598 6599 6599 6600 6600 6599 6599 6598 6598 6599 6599 6600 6600 6601 6601 6602 6602 6601 6601 6600 6600 6601 6601 6602 6602 6603 6603 6604 6604 6603 6603 6602 6602 6603 6603 6604 6604 6605 6605 6606 6606 6605 6605 6604 6604 6605 6605 6606 6606 6559 6559 6560 6560 6559 6559 6606 6606 6607 6607 6608 6608 6609 6609 6610 6610 6609 6609 6608 6608 6609 6609 6610 6610 6611 6611 6612 6612 6611 6611 6610 6610 6611 6611 6612 6612 6613 6613 6614 6614 6613 6613 6612 6612 6613 6613 6614 6614 6615 6615 6616 6616 6615 6615 6614 6614 6615 6615 6616 6616 6617 6617 6618 6618 6617 6617 6616 6616 6617 6617 6618 6618 6619 6619 6620 6620 6619 6619 6618 6618 6619 6619 6620 6620 6621 6621 6622 6622 6621 6621 6620 6620 6621 6621 6622 6622 6623 6623 6624 6624 6623 6623 6622 6622 6623 6623 6624 6624 6625 6625 6626 6626 6625 6625 6624 6624 6625 6625 6626 6626 6627 6627 6628 6628 6627 6627 6626 6626 6627 6627 6628 6628 6629 6629 6630 6630 6629 6629 6628 6628 6629 6629 6630 6630 6631 6631 6632 6632 6631 6631 6630 6630 6631 6631 6632 6632 6633 6633 6634 6634 6633 6633 6632 6632 6633 6633 6634 6634 6635 6635 6636 6636 6635 6635 6634 6634 6635 6635 6636 6636 6637 6637 6638 6638 6637 6637 6636 6636 6637 6637 6638 6638 6639 6639 6640 6640 6639 6639 6638 6638 6639 6639 6640 6640 6641 6641 6642 6642 6641 6641 6640 6640 6641 6641 6642 6642 6643 6643 6644 6644 6643 6643 6642 6642 6643 6643 6644 6644 6645 6645 6646 6646 6645 6645 6644 6644 6645 6645 6646 6646 6647 6647 6648 6648 6647 6647 6646 6646 6647 6647 6648 6648 6649 6649 6650 6650 6649 6649 6648 6648 6649 6649 6650 6650 6651 6651 6652 6652 6651 6651 6650 6650 6651 6651 6652 6652 6653 6653 6654 6654 6653 6653 6652 6652 6653 6653 6654 6654 6607 6607 6608 6608 6607 6607 6654 6654 6655 6655 6656 6656 6657 6657 6658 6658 6657 6657 6656 6656 6657 6657 6658 6658 6659 6659 6660 6660 6659 6659 6658 6658 6659 6659 6660 6660 6661 6661 6662 6662 6661 6661 6660 6660 6661 6661 6662 6662 6663 6663 6664 6664 6663 6663 6662 6662 6663 6663 6664 6664 6665 6665 6666 6666 6665 6665 6664 6664 6665 6665 6666 6666 6667 6667 6668 6668 6667 6667 6666 6666 6667 6667 6668 6668 6669 6669 6670 6670 6669 6669 6668 6668 6669 6669 6670 6670 6671 6671 6672 6672 6671 6671 6670 6670 6671 6671 6672 6672 6673 6673 6674 6674 6673 6673 6672 6672 6673 6673 6674 6674 6675 6675 6676 6676 6675 6675 6674 6674 6675 6675 6676 6676 6677 6677 6678 6678 6677 6677 6676 6676 6677 6677 6678 6678 6679 6679 6680 6680 6679 6679 6678 6678 6679 6679 6680 6680 6681 6681 6682 6682 6681 6681 6680 6680 6681 6681 6682 6682 6683 6683 6684 6684 6683 6683 6682 6682 6683 6683 6684 6684 6685 6685 6686 6686 6685 6685 6684 6684 6685 6685 6686 6686 6687 6687 6688 6688 6687 6687 6686 6686 6687 6687 6688 6688 6689 6689 6690 6690 6689 6689 6688 6688 6689 6689 6690 6690 6691 6691 6692 6692 6691 6691 6690 6690 6691 6691 6692 6692 6693 6693 6694 6694 6693 6693 6692 6692 6693 6693 6694 6694 6695 6695 6696 6696 6695 6695 6694 6694 6695 6695 6696 6696 6697 6697 6698 6698 6697 6697 6696 6696 6697 6697 6698 6698 6699 6699 6700 6700 6699 6699 6698 6698 6699 6699 6700 6700 6701 6701 6702 6702 6701 6701 6700 6700 6701 6701 6702 6702 6655 6655 6656 6656 6655 6655 6702 6702 6703 6703 6704 6704 6705 6705 6706 6706 6705 6705 6704 6704 6705 6705 6706 6706 6707 6707 6708 6708 6709 6709 6705 6705 6710 6710 6705 6705 6709 6709 6705 6705 6710 6710 6703 6703 6711 6711 6712 6712 6705 6705 6713 6713 6705 6705 6712 6712 6705 6705 6713 6713 6708 6708 6714 6714 6715 6715 6705 6705 6716 6716 6705 6705 6715 6715 6705 6705 6716 6716 6711 6711 6717 6717 6718 6718 6705 6705 6719 6719 6705 6705 6718 6718 6705 6705 6719 6719 6714 6714 6720 6720 6721 6721 6705 6705 6722 6722 6705 6705 6721 6721 6705 6705 6722 6722 6717 6717 6723 6723 6724 6724 6705 6705 6725 6725 6705 6705 6724 6724 6705 6705 6725 6725 6720 6720 6707 6707 6726 6726 6705 6705 6727 6727 6705 6705 6726 6726 6705 6705 6727 6727 6723 6723 6728 6728 6729 6729 6730 6730 6731 6731 6730 6730 6729 6729 6730 6730 6731 6731 6732 6732 6733 6733 6732 6732 6731 6731 6732 6732 6733 6733 6734 6734 6735 6735 6734 6734 6733 6733 6734 6734 6735 6735 6736 6736 6737 6737 6736 6736 6735 6735 6736 6736 6737 6737 6738 6738 6739 6739 6738 6738 6737 6737 6738 6738 6739 6739 6740 6740 6741 6741 6740 6740 6739 6739 6740 6740 6741 6741 6742 6742 6743 6743 6742 6742 6741 6741 6742 6742 6743 6743 6744 6744 6745 6745 6744 6744 6743 6743 6744 6744 6745 6745 6746 6746 6747 6747 6746 6746 6745 6745 6746 6746 6747 6747 6748 6748 6749 6749 6748 6748 6747 6747 6748 6748 6749 6749 6750 6750 6751 6751 6750 6750 6749 6749 6750 6750 6751 6751 6752 6752 6753 6753 6752 6752 6751 6751 6752 6752 6753 6753 6754 6754 6755 6755 6754 6754 6753 6753 6754 6754 6755 6755 6756 6756 6757 6757 6756 6756 6755 6755 6756 6756 6757 6757 6758 6758 6759 6759 6758 6758 6757 6757 6758 6758 6759 6759 6760 6760 6761 6761 6760 6760 6759 6759 6760 6760 6761 6761 6762 6762 6763 6763 6762 6762 6761 6761 6762 6762 6763 6763 6764 6764 6765 6765 6764 6764 6763 6763 6764 6764 6765 6765 6766 6766 6767 6767 6766 6766 6765 6765 6766 6766 6767 6767 6768 6768 6769 6769 6768 6768 6767 6767 6768 6768 6769 6769 6770 6770 6771 6771 6770 6770 6769 6769 6770 6770 6771 6771 6772 6772 6773 6773 6772 6772 6771 6771 6772 6772 6773 6773 6774 6774 6775 6775 6774 6774 6773 6773 6774 6774 6775 6775 6728 6728 6729 6729 6728 6728 6775 6775 6776 6776 6777 6777 6778 6778 6779 6779 6778 6778 6777 6777 6778 6778 6779 6779 6780 6780 6781 6781 6780 6780 6779 6779 6780 6780 6781 6781 6782 6782 6783 6783 6782 6782 6781 6781 6782 6782 6783 6783 6784 6784 6785 6785 6784 6784 6783 6783 6784 6784 6785 6785 6786 6786 6787 6787 6786 6786 6785 6785 6786 6786 6787 6787 2450 2450 2451 2451 2450 2450 6787 6787 6788 6788 6789 6789 6790 6790 6791 6791 6790 6790 6789 6789 6790 6790 6791 6791 6792 6792 6793 6793 6792 6792 6791 6791 6792 6792 6793 6793 6794 6794 6795 6795 6794 6794 6793 6793 6794 6794 6795 6795 6796 6796 6797 6797 6796 6796 6795 6795 6796 6796 6797 6797 6798 6798 6799 6799 6798 6798 6797 6797 6798 6798 6799 6799 6800 6800 6801 6801 6800 6800 6799 6799 6800 6800 6801 6801 6802 6802 6803 6803 6802 6802 6801 6801 6802 6802 6803 6803 6804 6804 6805 6805 6804 6804 6803 6803 6804 6804 6805 6805 6806 6806 6807 6807 6806 6806 6805 6805 6806 6806 6807 6807 6808 6808 6809 6809 6808 6808 6807 6807 6808 6808 6809 6809 6810 6810 6811 6811 6810 6810 6809 6809 6810 6810 6811 6811 6812 6812 6813 6813 6812 6812 6811 6811 6812 6812 6813 6813 6814 6814 6815 6815 6814 6814 6813 6813 6814 6814 6815 6815 6816 6816 6817 6817 6816 6816 6815 6815 6816 6816 6817 6817 6818 6818 6819 6819 6818 6818 6817 6817 6818 6818 6819 6819 6820 6820 6821 6821 6820 6820 6819 6819 6820 6820 6821 6821 6822 6822 6823 6823 6822 6822 6821 6821 6822 6822 6823 6823 6824 6824 6825 6825 6824 6824 6823 6823 6824 6824 6825 6825 6826 6826 6827 6827 6826 6826 6825 6825 6826 6826 6827 6827 6828 6828 6829 6829 6828 6828 6827 6827 6828 6828 6829 6829 6830 6830 6831 6831 6830 6830 6829 6829 6830 6830 6831 6831 6832 6832 6833 6833 6832 6832 6831 6831 6832 6832 6833 6833 6834 6834 6835 6835 6834 6834 6833 6833 6834 6834 6835 6835 6788 6788 6789 6789 6788 6788 6835 6835 6836 6836 6837 6837 6838 6838 6839 6839 6838 6838 6837 6837 6838 6838 6839 6839 6840 6840 6841 6841 6842 6842 6838 6838 6843 6843 6838 6838 6842 6842 6838 6838 6843 6843 6836 6836 6844 6844 6845 6845 6838 6838 6846 6846 6838 6838 6845 6845 6838 6838 6846 6846 6841 6841 6847 6847 6848 6848 6838 6838 6849 6849 6838 6838 6848 6848 6838 6838 6849 6849 6844 6844 6850 6850 6851 6851 6838 6838 6852 6852 6838 6838 6851 6851 6838 6838 6852 6852 6847 6847 6853 6853 6854 6854 6838 6838 6855 6855 6838 6838 6854 6854 6838 6838 6855 6855 6850 6850 6856 6856 6857 6857 6838 6838 6858 6858 6838 6838 6857 6857 6838 6838 6858 6858 6853 6853 6840 6840 6859 6859 6838 6838 6860 6860 6838 6838 6859 6859 6838 6838 6860 6860 6856 6856 3354 3354 3358 3358 6861 6861 6862 6862 6861 6861 3358 3358 6861 6861 6862 6862 6863 6863 6864 6864 6863 6863 6862 6862 6863 6863 6864 6864 6865 6865 6866 6866 6865 6865 6864 6864 6865 6865 6866 6866 6867 6867 6868 6868 6867 6867 6866 6866 6867 6867 6868 6868 6869 6869 6869 6869 6870 6870 6867 6867 6871 6871 6867 6867 6870 6870 6867 6867 6871 6871 6872 6872 6872 6872 6873 6873 6867 6867 6874 6874 6867 6867 6873 6873 6867 6867 6874 6874 6875 6875 6876 6876 6875 6875 6874 6874 6875 6875 6876 6876 6877 6877 6878 6878 6877 6877 6876 6876 6877 6877 6878 6878 6879 6879 6880 6880 6879 6879 6878 6878 6879 6879 6880 6880 6881 6881 6882 6882 6881 6881 6880 6880 6881 6881 6882 6882 6883 6883 6884 6884 6883 6883 6882 6882 6883 6883 6884 6884 6885 6885 6884 6884 6886 6886 6885 6885 6887 6887 6885 6885 6886 6886 6885 6885 6887 6887 6888 6888 6887 6887 6889 6889 6888 6888 6890 6890 6888 6888 6889 6889 6888 6888 6890 6890 6891 6891 6892 6892 6891 6891 6890 6890 6891 6891 6892 6892 6893 6893 6893 6893 6894 6894 6891 6891 6895 6895 6891 6891 6894 6894 6891 6891 6895 6895 6896 6896 6897 6897 6896 6896 6895 6895 6896 6896 6897 6897 6898 6898 6899 6899 6898 6898 6897 6897 6898 6898 6899 6899 6900 6900 78 78 77 77 6901 6901 6900 6900 6901 6901 77 77 6901 6901 6900 6900 6902 6902 6899 6899 6902 6902 6900 6900 6903 6903 6904 6904 6905 6905 6906 6906 6905 6905 6904 6904 6905 6905 6906 6906 6907 6907 6908 6908 6907 6907 6906 6906 6907 6907 6908 6908 6909 6909 6910 6910 6909 6909 6908 6908 6909 6909 6910 6910 6911 6911 6912 6912 6911 6911 6910 6910 6911 6911 6912 6912 6913 6913 6914 6914 6913 6913 6912 6912 6913 6913 6914 6914 6915 6915 6916 6916 6915 6915 6914 6914 6915 6915 6916 6916 6917 6917 6918 6918 6917 6917 6916 6916 6917 6917 6918 6918 6919 6919 6920 6920 6919 6919 6918 6918 6919 6919 6920 6920 6921 6921 6922 6922 6921 6921 6920 6920 6921 6921 6922 6922 6923 6923 6924 6924 6923 6923 6922 6922 6923 6923 6924 6924 6925 6925 6926 6926 6925 6925 6924 6924 6925 6925 6926 6926 6927 6927 6928 6928 6927 6927 6926 6926 6927 6927 6928 6928 6929 6929 6930 6930 6929 6929 6928 6928 6929 6929 6930 6930 6931 6931 6932 6932 6931 6931 6930 6930 6931 6931 6932 6932 6933 6933 6934 6934 6933 6933 6932 6932 6933 6933 6934 6934 6935 6935 6936 6936 6935 6935 6934 6934 6935 6935 6936 6936 6937 6937 6938 6938 6937 6937 6936 6936 6937 6937 6938 6938 6939 6939 6940 6940 6939 6939 6938 6938 6939 6939 6940 6940 6941 6941 6942 6942 6941 6941 6940 6940 6941 6941 6942 6942 6943 6943 6944 6944 6943 6943 6942 6942 6943 6943 6944 6944 6945 6945 6946 6946 6945 6945 6944 6944 6945 6945 6946 6946 6947 6947 6948 6948 6947 6947 6946 6946 6947 6947 6948 6948 6949 6949 6950 6950 6949 6949 6948 6948 6949 6949 6950 6950 6903 6903 6904 6904 6903 6903 6950 6950 6951 6951 6952 6952 6953 6953 6954 6954 6953 6953 6952 6952 6953 6953 6954 6954 6955 6955 6956 6956 6955 6955 6954 6954 6955 6955 6956 6956 6957 6957 6958 6958 6957 6957 6956 6956 6957 6957 6958 6958 6959 6959 6960 6960 6959 6959 6958 6958 6959 6959 6960 6960 6961 6961 6962 6962 6961 6961 6960 6960 6961 6961 6962 6962 6963 6963 6964 6964 6963 6963 6962 6962 6963 6963 6964 6964 6965 6965 6966 6966 6965 6965 6964 6964 6965 6965 6966 6966 6967 6967 6968 6968 6967 6967 6966 6966 6967 6967 6968 6968 6969 6969 6970 6970 6969 6969 6968 6968 6969 6969 6970 6970 6971 6971 6972 6972 6971 6971 6970 6970 6971 6971 6972 6972 6973 6973 6974 6974 6973 6973 6972 6972 6973 6973 6974 6974 6975 6975 6976 6976 6975 6975 6974 6974 6975 6975 6976 6976 6977 6977 6978 6978 6977 6977 6976 6976 6977 6977 6978 6978 6979 6979 6980 6980 6979 6979 6978 6978 6979 6979 6980 6980 6981 6981 6982 6982 6981 6981 6980 6980 6981 6981 6982 6982 6983 6983 6984 6984 6983 6983 6982 6982 6983 6983 6984 6984 6985 6985 6986 6986 6985 6985 6984 6984 6985 6985 6986 6986 6987 6987 6988 6988 6987 6987 6986 6986 6987 6987 6988 6988 6989 6989 6990 6990 6989 6989 6988 6988 6989 6989 6990 6990 6991 6991 6992 6992 6991 6991 6990 6990 6991 6991 6992 6992 6993 6993 6994 6994 6993 6993 6992 6992 6993 6993 6994 6994 6995 6995 6996 6996 6995 6995 6994 6994 6995 6995 6996 6996 6997 6997 6998 6998 6997 6997 6996 6996 6997 6997 6998 6998 6951 6951 6952 6952 6951 6951 6998 6998 6999 6999 2859 2859 7000 7000 2858 2858 7000 7000 2859 2859 7001 7001 7002 7002 7003 7003 7001 7001 7003 7003 7004 7004 7005 7005 7004 7004 7003 7003 7004 7004 7005 7005 7006 7006 7007 7007 7006 7006 7005 7005 7006 7006 7007 7007 7008 7008 7009 7009 7008 7008 7007 7007 7008 7008 7009 7009 7010 7010 7011 7011 7010 7010 7009 7009 7010 7010 7011 7011 7012 7012 7013 7013 7012 7012 7011 7011 7012 7012 7013 7013 7014 7014 7015 7015 7014 7014 7013 7013 7014 7014 7015 7015 7016 7016 7017 7017 7016 7016 7015 7015 7016 7016 7017 7017 7018 7018 7019 7019 7018 7018 7017 7017 7018 7018 7019 7019 7020 7020 7021 7021 7020 7020 7019 7019 7020 7020 7021 7021 7022 7022 7023 7023 7022 7022 7021 7021 7022 7022 7023 7023 7024 7024 7025 7025 7024 7024 7023 7023 7024 7024 7025 7025 7026 7026 7027 7027 7026 7026 7025 7025 7026 7026 7027 7027 7028 7028 7029 7029 7028 7028 7027 7027 7028 7028 7029 7029 7030 7030 7031 7031 7030 7030 7029 7029 7030 7030 7031 7031 7032 7032 7033 7033 7032 7032 7031 7031 7032 7032 7033 7033 7034 7034 7035 7035 7034 7034 7033 7033 7034 7034 7035 7035 7036 7036 7037 7037 7036 7036 7035 7035 7036 7036 7037 7037 7038 7038 6999 6999 7038 7038 7037 7037 7038 7038 6999 6999 7000 7000 7039 7039 7040 7040 7041 7041 7042 7042 7041 7041 7040 7040 7041 7041 7042 7042 7043 7043 7044 7044 7043 7043 7042 7042 7043 7043 7044 7044 7045 7045 7046 7046 7045 7045 7044 7044 7045 7045 7046 7046 7047 7047 7048 7048 7047 7047 7046 7046 7047 7047 7048 7048 7049 7049 7050 7050 7049 7049 7048 7048 7049 7049 7050 7050 7051 7051 7052 7052 7051 7051 7050 7050 7051 7051 7052 7052 7053 7053 7054 7054 7053 7053 7052 7052 7053 7053 7054 7054 7055 7055 7056 7056 7055 7055 7054 7054 7055 7055 7056 7056 7057 7057 7058 7058 7057 7057 7056 7056 7057 7057 7058 7058 7059 7059 7060 7060 7059 7059 7058 7058 7059 7059 7060 7060 7061 7061 7062 7062 7061 7061 7060 7060 7061 7061 7062 7062 7063 7063 7064 7064 7063 7063 7062 7062 7063 7063 7064 7064 7065 7065 7066 7066 7065 7065 7064 7064 7065 7065 7066 7066 7067 7067 7068 7068 7067 7067 7066 7066 7067 7067 7068 7068 7069 7069 7070 7070 7069 7069 7068 7068 7069 7069 7070 7070 7071 7071 7072 7072 7071 7071 7070 7070 7071 7071 7072 7072 7073 7073 7074 7074 7073 7073 7072 7072 7073 7073 7074 7074 7075 7075 7076 7076 7075 7075 7074 7074 7075 7075 7076 7076 7077 7077 7078 7078 7077 7077 7076 7076 7077 7077 7078 7078 7079 7079 7080 7080 7079 7079 7078 7078 7079 7079 7080 7080 7081 7081 7082 7082 7081 7081 7080 7080 7081 7081 7082 7082 7083 7083 7084 7084 7083 7083 7082 7082 7083 7083 7084 7084 7085 7085 7086 7086 7085 7085 7084 7084 7085 7085 7086 7086 7039 7039 7040 7040 7039 7039 7086 7086 7087 7087 7088 7088 7089 7089 7090 7090 7089 7089 7088 7088 7089 7089 7090 7090 7091 7091 7092 7092 7093 7093 7089 7089 7094 7094 7089 7089 7093 7093 7089 7089 7094 7094 7087 7087 7095 7095 7096 7096 7089 7089 7097 7097 7089 7089 7096 7096 7089 7089 7097 7097 7092 7092 7098 7098 7099 7099 7089 7089 7100 7100 7089 7089 7099 7099 7089 7089 7100 7100 7095 7095 7101 7101 7102 7102 7089 7089 7103 7103 7089 7089 7102 7102 7089 7089 7103 7103 7098 7098 7104 7104 7105 7105 7089 7089 7106 7106 7089 7089 7105 7105 7089 7089 7106 7106 7101 7101 7107 7107 7108 7108 7089 7089 7109 7109 7089 7089 7108 7108 7089 7089 7109 7109 7104 7104 7091 7091 7110 7110 7089 7089 7111 7111 7089 7089 7110 7110 7089 7089 7111 7111 7107 7107 7112 7112 7113 7113 7114 7114 7115 7115 7114 7114 7113 7113 7114 7114 7115 7115 7116 7116 7117 7117 7116 7116 7115 7115 7116 7116 7117 7117 7118 7118 7119 7119 7118 7118 7117 7117 7118 7118 7119 7119 7120 7120 7121 7121 7120 7120 7119 7119 7120 7120 7121 7121 7122 7122 7123 7123 7122 7122 7121 7121 7122 7122 7123 7123 7124 7124 7125 7125 7124 7124 7123 7123 7124 7124 7125 7125 7126 7126 7127 7127 7126 7126 7125 7125 7126 7126 7127 7127 7128 7128 7129 7129 7128 7128 7127 7127 7128 7128 7129 7129 7130 7130 7131 7131 7130 7130 7129 7129 7130 7130 7131 7131 7132 7132 7133 7133 7132 7132 7131 7131 7132 7132 7133 7133 7134 7134 7135 7135 7134 7134 7133 7133 7134 7134 7135 7135 7136 7136 7137 7137 7136 7136 7135 7135 7136 7136 7137 7137 7138 7138 7139 7139 7138 7138 7137 7137 7138 7138 7139 7139 7140 7140 7141 7141 7140 7140 7139 7139 7140 7140 7141 7141 7142 7142 7143 7143 7142 7142 7141 7141 7142 7142 7143 7143 7144 7144 7145 7145 7144 7144 7143 7143 7144 7144 7145 7145 7146 7146 7147 7147 7146 7146 7145 7145 7146 7146 7147 7147 7148 7148 7149 7149 7148 7148 7147 7147 7148 7148 7149 7149 7150 7150 7151 7151 7150 7150 7149 7149 7150 7150 7151 7151 7152 7152 7153 7153 7152 7152 7151 7151 7152 7152 7153 7153 7154 7154 7155 7155 7154 7154 7153 7153 7154 7154 7155 7155 7156 7156 7157 7157 7156 7156 7155 7155 7156 7156 7157 7157 7158 7158 7159 7159 7158 7158 7157 7157 7158 7158 7159 7159 7112 7112 7113 7113 7112 7112 7159 7159 7160 7160 7161 7161 7162 7162 7163 7163 7162 7162 7161 7161 7162 7162 7163 7163 7164 7164 7165 7165 7166 7166 7162 7162 7167 7167 7162 7162 7166 7166 7162 7162 7167 7167 7160 7160 7168 7168 7169 7169 7162 7162 7170 7170 7162 7162 7169 7169 7162 7162 7170 7170 7165 7165 7171 7171 7172 7172 7162 7162 7173 7173 7162 7162 7172 7172 7162 7162 7173 7173 7168 7168 7174 7174 7175 7175 7162 7162 7176 7176 7162 7162 7175 7175 7162 7162 7176 7176 7171 7171 7177 7177 7178 7178 7162 7162 7179 7179 7162 7162 7178 7178 7162 7162 7179 7179 7174 7174 7180 7180 7181 7181 7162 7162 7182 7182 7162 7162 7181 7181 7162 7162 7182 7182 7177 7177 7164 7164 7183 7183 7162 7162 7184 7184 7162 7162 7183 7183 7162 7162 7184 7184 7180 7180 7185 7185 7186 7186 7187 7187 7188 7188 7187 7187 7186 7186 7187 7187 7188 7188 7189 7189 7190 7190 7189 7189 7188 7188 7189 7189 7190 7190 7191 7191 7192 7192 7191 7191 7190 7190 7191 7191 7192 7192 7193 7193 7194 7194 7193 7193 7192 7192 7193 7193 7194 7194 7195 7195 7196 7196 7195 7195 7194 7194 7195 7195 7196 7196 7197 7197 7198 7198 7197 7197 7196 7196 7197 7197 7198 7198 7199 7199 7200 7200 7199 7199 7198 7198 7199 7199 7200 7200 7201 7201 7202 7202 7201 7201 7200 7200 7201 7201 7202 7202 7203 7203 7204 7204 7203 7203 7202 7202 7203 7203 7204 7204 7205 7205 7206 7206 7205 7205 7204 7204 7205 7205 7206 7206 7207 7207 7208 7208 7207 7207 7206 7206 7207 7207 7208 7208 7209 7209 7210 7210 7209 7209 7208 7208 7209 7209 7210 7210 7211 7211 7212 7212 7211 7211 7210 7210 7211 7211 7212 7212 7213 7213 7214 7214 7213 7213 7212 7212 7213 7213 7214 7214 7215 7215 7216 7216 7215 7215 7214 7214 7215 7215 7216 7216 7217 7217 7218 7218 7217 7217 7216 7216 7217 7217 7218 7218 7219 7219 7220 7220 7219 7219 7218 7218 7219 7219 7220 7220 7221 7221 7222 7222 7221 7221 7220 7220 7221 7221 7222 7222 7223 7223 7224 7224 7223 7223 7222 7222 7223 7223 7224 7224 7225 7225 7226 7226 7225 7225 7224 7224 7225 7225 7226 7226 7227 7227 7228 7228 7227 7227 7226 7226 7227 7227 7228 7228 7229 7229 7230 7230 7229 7229 7228 7228 7229 7229 7230 7230 7231 7231 7232 7232 7231 7231 7230 7230 7231 7231 7232 7232 7185 7185 7186 7186 7185 7185 7232 7232 7233 7233 7234 7234 7235 7235 7236 7236 7235 7235 7234 7234 7235 7235 7236 7236 7237 7237 7238 7238 7237 7237 7236 7236 7237 7237 7238 7238 7239 7239 7240 7240 7239 7239 7238 7238 7239 7239 7240 7240 7241 7241 7242 7242 7241 7241 7240 7240 7241 7241 7242 7242 7243 7243 7244 7244 7243 7243 7242 7242 7243 7243 7244 7244 7245 7245 7246 7246 7245 7245 7244 7244 7245 7245 7246 7246 7247 7247 7248 7248 7247 7247 7246 7246 7247 7247 7248 7248 7249 7249 7250 7250 7249 7249 7248 7248 7249 7249 7250 7250 7251 7251 7252 7252 7251 7251 7250 7250 7251 7251 7252 7252 7253 7253 7254 7254 7253 7253 7252 7252 7253 7253 7254 7254 7255 7255 7256 7256 7255 7255 7254 7254 7255 7255 7256 7256 7257 7257 7258 7258 7257 7257 7256 7256 7257 7257 7258 7258 7259 7259 7260 7260 7259 7259 7258 7258 7259 7259 7260 7260 7261 7261 7262 7262 7261 7261 7260 7260 7261 7261 7262 7262 7263 7263 7264 7264 7263 7263 7262 7262 7263 7263 7264 7264 7265 7265 7266 7266 7265 7265 7264 7264 7265 7265 7266 7266 7267 7267 7268 7268 7267 7267 7266 7266 7267 7267 7268 7268 7269 7269 7270 7270 7269 7269 7268 7268 7269 7269 7270 7270 7271 7271 7272 7272 7271 7271 7270 7270 7271 7271 7272 7272 7273 7273 7274 7274 7273 7273 7272 7272 7273 7273 7274 7274 7275 7275 7276 7276 7275 7275 7274 7274 7275 7275 7276 7276 7277 7277 7278 7278 7277 7277 7276 7276 7277 7277 7278 7278 7279 7279 7280 7280 7279 7279 7278 7278 7279 7279 7280 7280 7233 7233 7234 7234 7233 7233 7280 7280 7281 7281 7282 7282 7283 7283 7284 7284 7283 7283 7282 7282 7283 7283 7284 7284 7285 7285 7286 7286 7287 7287 7283 7283 7288 7288 7283 7283 7287 7287 7283 7283 7288 7288 7281 7281 7289 7289 7290 7290 7283 7283 7291 7291 7283 7283 7290 7290 7283 7283 7291 7291 7286 7286 7292 7292 7293 7293 7283 7283 7294 7294 7283 7283 7293 7293 7283 7283 7294 7294 7289 7289 7295 7295 7296 7296 7283 7283 7297 7297 7283 7283 7296 7296 7283 7283 7297 7297 7292 7292 7298 7298 7299 7299 7283 7283 7300 7300 7283 7283 7299 7299 7283 7283 7300 7300 7295 7295 7301 7301 7302 7302 7283 7283 7303 7303 7283 7283 7302 7302 7283 7283 7303 7303 7298 7298 7285 7285 7304 7304 7283 7283 7305 7305 7283 7283 7304 7304 7283 7283 7305 7305 7301 7301 633 633 631 631 7306 7306 7307 7307 7306 7306 631 631 7306 7306 7307 7307 7308 7308 7308 7308 7307 7307 7309 7309 7310 7310 7309 7309 7307 7307 7309 7309 7310 7310 7311 7311 7312 7312 7311 7311 7310 7310 7311 7311 7312 7312 7313 7313 7314 7314 7313 7313 7312 7312 7313 7313 7314 7314 7315 7315 7315 7315 7314 7314 7316 7316 7317 7317 7316 7316 7314 7314 7316 7316 7317 7317 7318 7318 7319 7319 7318 7318 7317 7317 7318 7318 7319 7319 7320 7320 7320 7320 7319 7319 7321 7321 7322 7322 7321 7321 7319 7319 7321 7321 7322 7322 7323 7323 7324 7324 7323 7323 7322 7322 7323 7323 7324 7324 7325 7325 7326 7326 7325 7325 7324 7324 7325 7325 7326 7326 7327 7327 7328 7328 7327 7327 7326 7326 7327 7327 7328 7328 7329 7329 7329 7329 7328 7328 7330 7330 3370 3370 7330 7330 7328 7328 7330 7330 3370 3370 3372 3372 82 82 86 86 7331 7331 7332 7332 7331 7331 86 86 7331 7331 7332 7332 7333 7333 7333 7333 7332 7332 7334 7334 7335 7335 7334 7334 7332 7332 7334 7334 7335 7335 7336 7336 7336 7336 7335 7335 7337 7337 7338 7338 7337 7337 7335 7335 7337 7337 7338 7338 7339 7339 7339 7339 7338 7338 7340 7340 7341 7341 7340 7340 7338 7338 7340 7340 7341 7341 7342 7342 7342 7342 7341 7341 7343 7343 7344 7344 7343 7343 7341 7341 7343 7343 7344 7344 7345 7345 7345 7345 7344 7344 7346 7346 657 657 7346 7346 7344 7344 7346 7346 657 657 27 27 2810 2810 7002 7002 2811 2811 7001 7001 2811 2811 7002 7002 7347 7347 7348 7348 7349 7349 7350 7350 7349 7349 7348 7348 7349 7349 7350 7350 7351 7351 7352 7352 7351 7351 7350 7350 7351 7351 7352 7352 7353 7353 7354 7354 7353 7353 7352 7352 7353 7353 7354 7354 7355 7355 7356 7356 7355 7355 7354 7354 7355 7355 7356 7356 7357 7357 7358 7358 7357 7357 7356 7356 7357 7357 7358 7358 7359 7359 7360 7360 7359 7359 7358 7358 7359 7359 7360 7360 7361 7361 7362 7362 7361 7361 7360 7360 7361 7361 7362 7362 7363 7363 7364 7364 7363 7363 7362 7362 7363 7363 7364 7364 7365 7365 7366 7366 7365 7365 7364 7364 7365 7365 7366 7366 7367 7367 7368 7368 7367 7367 7366 7366 7367 7367 7368 7368 7369 7369 7370 7370 7369 7369 7368 7368 7369 7369 7370 7370 7371 7371 7372 7372 7371 7371 7370 7370 7371 7371 7372 7372 7373 7373 7374 7374 7373 7373 7372 7372 7373 7373 7374 7374 7375 7375 7376 7376 7375 7375 7374 7374 7375 7375 7376 7376 7377 7377 7378 7378 7377 7377 7376 7376 7377 7377 7378 7378 7379 7379 7380 7380 7379 7379 7378 7378 7379 7379 7380 7380 7381 7381 7382 7382 7381 7381 7380 7380 7381 7381 7382 7382 7383 7383 7384 7384 7383 7383 7382 7382 7383 7383 7384 7384 7385 7385 7386 7386 7385 7385 7384 7384 7385 7385 7386 7386 7387 7387 7388 7388 7387 7387 7386 7386 7387 7387 7388 7388 7389 7389 7390 7390 7389 7389 7388 7388 7389 7389 7390 7390 7391 7391 7392 7392 7391 7391 7390 7390 7391 7391 7392 7392 7393 7393 7394 7394 7393 7393 7392 7392 7393 7393 7394 7394 7347 7347 7348 7348 7347 7347 7394 7394 7395 7395 7396 7396 7397 7397 7398 7398 7397 7397 7396 7396 7397 7397 7398 7398 7399 7399 7400 7400 7399 7399 7398 7398 7399 7399 7400 7400 7401 7401 7402 7402 7401 7401 7400 7400 7401 7401 7402 7402 7403 7403 7404 7404 7403 7403 7402 7402 7403 7403 7404 7404 7405 7405 7406 7406 7405 7405 7404 7404 7405 7405 7406 7406 7407 7407 7408 7408 7407 7407 7406 7406 7407 7407 7408 7408 7409 7409 7410 7410 7409 7409 7408 7408 7409 7409 7410 7410 7411 7411 7412 7412 7411 7411 7410 7410 7411 7411 7412 7412 7413 7413 7414 7414 7413 7413 7412 7412 7413 7413 7414 7414 7415 7415 7416 7416 7415 7415 7414 7414 7415 7415 7416 7416 7417 7417 7418 7418 7417 7417 7416 7416 7417 7417 7418 7418 7419 7419 7420 7420 7419 7419 7418 7418 7419 7419 7420 7420 7421 7421 7422 7422 7421 7421 7420 7420 7421 7421 7422 7422 7423 7423 7424 7424 7423 7423 7422 7422 7423 7423 7424 7424 7425 7425 7426 7426 7425 7425 7424 7424 7425 7425 7426 7426 7427 7427 7428 7428 7427 7427 7426 7426 7427 7427 7428 7428 7429 7429 7430 7430 7429 7429 7428 7428 7429 7429 7430 7430 7431 7431 7432 7432 7431 7431 7430 7430 7431 7431 7432 7432 7433 7433 7434 7434 7433 7433 7432 7432 7433 7433 7434 7434 7435 7435 7436 7436 7435 7435 7434 7434 7435 7435 7436 7436 7437 7437 7438 7438 7437 7437 7436 7436 7437 7437 7438 7438 7439 7439 7440 7440 7439 7439 7438 7438 7439 7439 7440 7440 7441 7441 7442 7442 7441 7441 7440 7440 7441 7441 7442 7442 7395 7395 7396 7396 7395 7395 7442 7442</p>
        </triangles>
      </mesh>
    </geometry>
  </library_geometries>
  <library_materials>
    <material id="367a0b65e318445ab06009185cddf275" name="defaultmaterial">
      <instance_effect url="#09b81cfe83804414a975c09ac4425649"/>
    </material>
  </library_materials>
  <library_visual_scenes>
    <visual_scene id="scene">
      <node id="node0" name="node0">
        <instance_geometry url="#e5850b1998004908a171ad6882af8748">
          <bind_material>
            <technique_common>
              <instance_material symbol="material0" target="#367a0b65e318445ab06009185cddf275"/>
            </technique_common>
          </bind_material>
        </instance_geometry>
      </node>
    </visual_scene>
  </library_visual_scenes>
  <scene>
    <instance_visual_scene url="#scene"/>
  </scene>
</COLLADA>
