<COLLADA xmlns="http://www.collada.org/2005/11/COLLADASchema" version="1.4.1">
  <asset>
    <created>2026-09-21T21:22:56.944588</created>
    <modified>2026-09-21T21:22:56.944588</modified>
    <up_axis>Y_UP</up_axis>
  </asset>
  <library_effects>
    <effect id="ccae8a601d664205bf9e77eaad28ff7e" name="ccae8a601d664205bf9e77eaad28ff7e">
      <profile_COMMON>
        <technique sid="common">
          <phong>
            <emission>
              <color>0.0 0.0 0.0 1.0</color>
            </emission>
            <ambient>
              <color>0.0 0.0 0.0 1.0</color>
            </ambient>
            <diffuse>
              <color>0.8941176470588236 0.8941176470588236 0.8941176470588236 1.0</color>
            </diffuse>
            <specular>
              <color>0.0 0.0 0.0 1.0</color>
            </specular>
            <shininess>
              <float>0.0</float>
            </shininess>
            <reflective>
              <color>0.0 0.0 0.0 1.0</color>
            </reflective>
            <reflectivity>
              <float>0.0</float>
            </reflectivity>
            <transparent>
              <color>0.0 0.0 0.0 1.0</color>
            </transparent>
            <transparency>
              <float>1.0</float>
            </transparency>
          </phong>
        </technique>
        <extra>
          <technique profile="GOOGLEEARTH">
            <double_sided>0</double_sided>
          </technique>
        </extra>
      </profile_COMMON>
    </effect>
  </library_effects>
  <library_geometries>
    <geometry id="9754085416f54d86a132ca5e4ef9de1a" name="db1accf33bf34378a9a485d8d6215b3a">
      <mesh>
        <source id="verts-array">
          <float_array count="6444" id="verts-array-array">0.005816045 -0.04655845 -0.01615026 4.452661e-08 -0.04692365 -0.01615026 4.452661e-08 -0.04198375 -0.01615026 0.03673504 -0.02893335 -0.01615026 0.03102804 -0.02566715 -0.01615026 0.04001204 -0.02411485 -0.01615026 0.03417704 -0.02120705 -0.01615026 0.04044604 -0.02354915 -0.01615026 0.03668804 -0.01635965 -0.01615026 0.04100004 -0.02310155 -0.01615026 0.03851704 -0.01121555 -0.01615026 0.03962704 -0.005870322 -0.01615026 0.01840304 -0.03593905 -0.01615026 0.02306704 -0.03310245 -0.01615026 0.02851004 -0.03715845 -0.01615026 0.03288004 -0.03330415 -0.01615026 0.02730204 -0.02965705 -0.01615026 0.02369104 -0.04043585 -0.01615026 0.02312504 -0.04086915 -0.01615026 0.01339504 -0.03811405 -0.01615026 0.02267804 -0.04142365 -0.01615026 0.008138045 -0.03958705 -0.01615026 0.002730045 -0.04033035 -0.01615026 -0.01840296 -0.03593905 -0.01615026 -0.01339496 -0.03811405 -0.01615026 -0.02267796 -0.04142365 -0.01615026 -0.008137955 -0.03958705 -0.01615026 -0.002729955 -0.04033035 -0.01615026 -0.02312496 -0.04086915 -0.01615026 -0.02369096 -0.04043585 -0.01615026 -0.02306696 -0.03310245 -0.01615026 -0.02850996 -0.03715845 -0.01615026 -0.02730196 -0.02965705 -0.01615026 -0.03287996 -0.03330415 -0.01615026 -0.03102796 -0.02566715 -0.01615026 -0.03673496 -0.02893335 -0.01615026 -0.03417696 -0.02120705 -0.01615026 -0.04001196 -0.02411485 -0.01615026 -0.03668796 -0.01635965 -0.01615026 -0.04044596 -0.02354915 -0.01615026 -0.03851696 -0.01121555 -0.01615026 -0.04099996 -0.02310155 -0.01615026 -0.03962696 -0.005870322 -0.01615026 -0.04155996 -0.0004236522 -0.01615026 -0.03999996 -0.0004236522 -0.01615026 -0.03962696 0.005023018 -0.01615026 -0.03851696 0.01036825 -0.01615026 -0.04099996 0.02225425 -0.01615026 -0.03668796 0.01551235 -0.01615026 -0.04044596 0.02270185 -0.01615026 -0.03417696 0.02035975 -0.01615026 -0.04001196 0.02326755 -0.01615026 -0.03102796 0.02481985 -0.01615026 -0.03673496 0.02808605 -0.01615026 -0.02730196 0.02880975 -0.01615026 -0.03287996 0.03245685 -0.01615026 -0.02306696 0.03225515 -0.01615026 -0.02850996 0.03631115 -0.01615026 -0.01840296 0.03509175 -0.01615026 -0.02369096 0.03958855 -0.01615026 -0.02312496 0.04002185 -0.01615026 -0.01339496 0.03726675 -0.01615026 -0.02267796 0.04057635 -0.01615026 -0.008137955 0.03873975 -0.01615026 4.452661e-08 0.04113645 -0.01615026 -0.002729955 0.03948305 -0.01615026 0.01840304 0.03509175 -0.01615026 0.01339504 0.03726675 -0.01615026 0.02267804 0.04057635 -0.01615026 0.008138045 0.03873975 -0.01615026 0.002730045 0.03948305 -0.01615026 0.02312504 0.04002185 -0.01615026 0.02369104 0.03958855 -0.01615026 0.02306704 0.03225515 -0.01615026 0.02851004 0.03631115 -0.01615026 0.02730204 0.02880975 -0.01615026 0.03045104 0.03002705 -0.01615026 0.03102804 0.02481985 -0.01615026 0.04000004 -0.0004236522 -0.01615026 0.04156004 -0.0004236522 -0.01615026 0.03962704 0.005023018 -0.01615026 0.04100004 0.02225425 -0.01615026 0.03851704 0.01036825 -0.01615026 0.04044604 0.02270185 -0.01615026 0.03668804 0.01551235 -0.01615026 0.04001204 0.02326755 -0.01615026 -0.02026196 0.04331615 -0.01615026 -0.02237396 0.04122085 -0.01615026 -0.02222996 0.04191875 -0.01615026 -0.01722096 0.04333625 -0.01615026 -0.01688196 0.04378385 -0.01615026 -0.01667096 0.04430375 -0.01615026 -0.01689696 0.04593375 -0.01615026 -0.01505696 0.04637855 -0.01615026 -0.01667796 0.04541665 -0.01615026 -0.01470696 0.04575735 -0.01615026 -0.01660196 0.04486065 -0.01615026 -0.01929396 0.04276605 -0.01615026 -0.01873696 0.04269645 -0.01615026 -0.01818096 0.04277345 -0.01615026 -0.01766396 0.04299165 -0.01615026 -0.02060596 0.04375915 -0.01615026 -0.02225496 0.04263095 -0.01615026 -0.02082396 0.04427625 -0.01615026 -0.02244796 0.04331705 -0.01615026 -0.02090096 0.04483225 -0.01615026 -0.02271696 0.04432555 -0.01615026 -0.02083196 0.04538915 -0.01615026 -0.02271696 0.04536955 -0.01615026 -0.02062096 0.04590905 -0.01615026 -0.02244696 0.04637785 -0.01615026 -0.02028196 0.04635665 -0.01615026 -0.02192496 0.04728185 -0.01615026 -0.01983896 0.04670125 -0.01615026 -0.02118596 0.04802005 -0.01615026 -0.01932196 0.04691945 -0.01615026 -0.02028196 0.04854195 -0.01615026 -0.01876596 0.04699645 -0.01615026 -0.01927396 0.04881215 -0.01615026 -0.01820896 0.04692685 -0.01615026 -0.01822996 0.04881225 -0.01615026 -0.01768896 0.04671545 -0.01615026 -0.01722096 0.04854225 -0.01615026 -0.01724096 0.04637675 -0.01615026 -0.01631696 0.04802045 -0.01615026 -0.01557896 0.04728245 -0.01615026 -0.01981396 0.04297745 -0.01615026 -0.009161955 0.04516485 -0.01615026 -0.008698955 0.04531855 -0.01615026 -0.007577955 0.04682685 -0.01615026 -0.007564955 0.04731445 -0.01615026 4.452661e-08 0.04982635 -0.01615026 -0.01422196 0.04523605 -0.01615026 -0.01362596 0.04484405 -0.01615026 -0.008286955 0.04557975 -0.01615026 -0.007950955 0.04593295 -0.01615026 -0.007709955 0.04635705 -0.01615026 -0.007128955 0.04876125 -0.01615026 -0.006755955 0.04911665 -0.01615026 -0.006304955 0.04936505 -0.01615026 -0.01295596 0.04460345 -0.01615026 -0.01224696 0.04452785 -0.01615026 -0.01154096 0.04462145 -0.01615026 -0.005804955 0.04948995 -0.01615026 -0.007546955 0.04782925 -0.01615026 -0.007397955 0.04832245 -0.01615026 -0.04375996 0.01985815 -0.01615026 -0.04164396 0.02195005 -0.01615026 -0.04341496 0.01941515 -0.01615026 -0.04319696 0.01889805 -0.01615026 -0.04311996 0.01834205 -0.01615026 -0.04679996 0.01983805 -0.01615026 -0.04713896 0.01939045 -0.01615026 -0.04844396 0.02076265 -0.01615026 -0.04734996 0.01887055 -0.01615026 -0.04741996 0.01831355 -0.01615026 -0.04844396 0.01589355 -0.01615026 -0.04318996 0.01778515 -0.01615026 -0.04469996 0.01625485 -0.01615026 -0.04418296 0.01647305 -0.01615026 -0.04472696 0.02040825 -0.01615026 -0.04374096 0.02202395 -0.01615026 -0.04420696 0.02019685 -0.01615026 -0.04305496 0.02183155 -0.01615026 -0.04234196 0.02180655 -0.01615026 -0.04373996 0.01681765 -0.01615026 -0.04340096 0.01726515 -0.01615026 -0.04635696 0.02018265 -0.01615026 -0.04770596 0.02150095 -0.01615026 -0.04583996 0.02040085 -0.01615026 -0.04680196 0.02202305 -0.01615026 -0.04528396 0.02047775 -0.01615026 -0.04579296 0.02229345 -0.01615026 -0.04474896 0.02229375 -0.01615026 -0.04734296 0.01775765 -0.01615026 -0.04712496 0.01724055 -0.01615026 -0.04770596 0.01515515 -0.01615026 -0.04677996 0.01679755 -0.01615026 -0.04680196 0.01463285 -0.01615026 -0.04633296 0.01645885 -0.01615026 -0.04618096 0.01428365 -0.01615026 -0.04581296 0.01624745 -0.01615026 -0.04565996 0.01379785 -0.01615026 -0.04525596 0.01617785 -0.01615026 -0.04526796 0.01320275 -0.01615026 -0.04502696 0.01253205 -0.01615026 -0.04495096 0.01182355 -0.01615026 -0.04504496 0.01111705 -0.01615026 -0.04896596 0.01679775 -0.01615026 -0.04923596 0.01780625 -0.01615026 -0.04896596 0.01985855 -0.01615026 -0.04923596 0.01885015 -0.01615026 -0.04373996 -0.02068535 -0.01615026 -0.04340096 -0.02023775 -0.01615026 -0.04318996 -0.01971785 -0.01615026 -0.04472696 -0.01709475 -0.01615026 -0.04420696 -0.01730615 -0.01615026 -0.04375996 -0.01764485 -0.01615026 -0.04311996 -0.01916085 -0.01615026 -0.04319696 -0.01860495 -0.01615026 -0.04341496 -0.01808785 -0.01615026 -0.04635696 -0.01732035 -0.01615026 -0.04679996 -0.01766495 -0.01615026 -0.04835596 -0.01663055 -0.01615026 -0.04713896 -0.01811245 -0.01615026 -0.04734996 -0.01863245 -0.01615026 -0.04741996 -0.01918935 -0.01615026 -0.04844396 -0.02160995 -0.01615026 -0.04844396 -0.01674085 -0.01615026 -0.04734296 -0.01974535 -0.01615026 -0.04712496 -0.02026245 -0.01615026 -0.04770596 -0.02234825 -0.01615026 -0.04677996 -0.02070545 -0.01615026 -0.04680196 -0.02287035 -0.01615026 -0.04633296 -0.02104415 -0.01615026 -0.04579296 -0.02314075 -0.01615026 -0.04581296 -0.02125555 -0.01615026 -0.04474896 -0.02314105 -0.01615026 -0.04525596 -0.02132505 -0.01615026 -0.04374096 -0.02287125 -0.01615026 -0.04469996 -0.02124815 -0.01615026 -0.04305496 -0.02267885 -0.01615026 -0.04418296 -0.02102995 -0.01615026 -0.04234196 -0.02265385 -0.01615026 -0.04164396 -0.02279735 -0.01615026 -0.04613496 -0.006239692 -0.01615026 -0.04649996 -0.0004236522 -0.01615026 -0.04613496 0.005392388 -0.01615026 -0.04528396 -0.01702515 -0.01615026 -0.04526796 -0.01405005 -0.01615026 -0.04770596 -0.01600245 -0.01615026 -0.04680196 -0.01548015 -0.01615026 -0.04583996 -0.01710215 -0.01615026 -0.04618096 -0.01513095 -0.01615026 -0.04565996 -0.01464515 -0.01615026 -0.04502696 -0.01337935 -0.01615026 -0.04495096 -0.01267085 -0.01615026 -0.04504496 -0.01196435 -0.01615026 -0.04896596 -0.02070585 -0.01615026 -0.04923596 -0.01969745 -0.01615026 -0.04923596 -0.01865355 -0.01615026 -0.04896596 -0.01764505 -0.01615026 -0.01689696 -0.04460645 -0.01615026 -0.01724096 -0.04416345 -0.01615026 -0.02026196 -0.04722405 -0.01615026 -0.02118596 -0.04886735 -0.01615026 -0.02060596 -0.04678105 -0.01615026 -0.02192496 -0.04812915 -0.01615026 -0.02082396 -0.04626395 -0.01615026 -0.02244696 -0.04722515 -0.01615026 -0.02090096 -0.04570795 -0.01615026 -0.02271696 -0.04621685 -0.01615026 -0.02083196 -0.04515105 -0.01615026 -0.02271696 -0.04517285 -0.01615026 -0.02244796 -0.04416435 -0.01615026 -0.02062096 -0.04463115 -0.01615026 -0.02225496 -0.04347825 -0.01615026 -0.02028196 -0.04418355 -0.01615026 -0.01660196 -0.04567955 -0.01615026 -0.01667796 -0.04512355 -0.01615026 -0.01295596 -0.04545075 -0.01615026 -0.01876596 -0.04354375 -0.01615026 -0.01820896 -0.04361335 -0.01615026 -0.01768896 -0.04382475 -0.01615026 -0.01981396 -0.04756275 -0.01615026 -0.01929396 -0.04777415 -0.01615026 -0.01873696 -0.04784375 -0.01615026 -0.01224696 -0.04537515 -0.01615026 -0.02222996 -0.04276605 -0.01615026 -0.02237396 -0.04206815 -0.01615026 -0.01983896 -0.04383895 -0.01615026 -0.01932196 -0.04362075 -0.01615026 -0.01362596 -0.04569135 -0.01615026 -0.01422196 -0.04608335 -0.01615026 -0.01667096 -0.04623645 -0.01615026 -0.01470696 -0.04660465 -0.01615026 -0.01688196 -0.04675635 -0.01615026 -0.01505696 -0.04722585 -0.01615026 -0.01722096 -0.04720395 -0.01615026 -0.01557896 -0.04812975 -0.01615026 -0.01766396 -0.04754855 -0.01615026 -0.01631696 -0.04886775 -0.01615026 -0.01818096 -0.04776675 -0.01615026 -0.005815955 -0.04655845 -0.01615026 -0.01154096 -0.04546875 -0.01615026 -0.01722096 -0.04938955 -0.01615026 -0.01822996 -0.04965955 -0.01615026 -0.01927396 -0.04965945 -0.01615026 -0.02028196 -0.04938925 -0.01615026 0.01660204 -0.04570795 -0.01615026 0.01667804 -0.04626395 -0.01615026 0.01470704 -0.04660465 -0.01615026 0.01505704 -0.04722585 -0.01615026 0.01689704 -0.04678105 -0.01615026 0.01557904 -0.04812975 -0.01615026 0.01722104 -0.04418355 -0.01615026 0.01688204 -0.04463115 -0.01615026 0.01667104 -0.04515105 -0.01615026 0.01768904 -0.04756275 -0.01615026 0.01820904 -0.04777415 -0.01615026 0.01620704 -0.04878005 -0.01615026 0.01873704 -0.04354375 -0.01615026 0.01818104 -0.04362075 -0.01615026 0.01766404 -0.04383895 -0.01615026 0.01422204 -0.04608335 -0.01615026 0.01362604 -0.04569135 -0.01615026 0.01724104 -0.04722405 -0.01615026 0.02026204 -0.04416345 -0.01615026 0.01981404 -0.04382475 -0.01615026 0.01929404 -0.04361335 -0.01615026 0.02237404 -0.04206815 -0.01615026 0.02223004 -0.04276605 -0.01615026 0.02060604 -0.04460645 -0.01615026 0.02225504 -0.04347825 -0.01615026 0.02082504 -0.04512355 -0.01615026 0.02244804 -0.04416435 -0.01615026 0.02090104 -0.04567955 -0.01615026 0.02271704 -0.04517285 -0.01615026 0.02083204 -0.04623645 -0.01615026 0.02271704 -0.04621685 -0.01615026 0.02062104 -0.04675635 -0.01615026 0.02244704 -0.04722515 -0.01615026 0.02028204 -0.04720395 -0.01615026 0.02192504 -0.04812915 -0.01615026 0.01983904 -0.04754855 -0.01615026 0.02118604 -0.04886735 -0.01615026 0.01932204 -0.04776675 -0.01615026 0.01876604 -0.04784375 -0.01615026 0.01295604 -0.04545075 -0.01615026 0.01224704 -0.04537515 -0.01615026 0.01154104 -0.04546875 -0.01615026 0.01631704 -0.04886775 -0.01615026 0.02028204 -0.04938925 -0.01615026 0.01927404 -0.04965945 -0.01615026 0.01823004 -0.04965955 -0.01615026 0.01722104 -0.04938955 -0.01615026 0.04319004 -0.01863245 -0.01615026 0.04312004 -0.01918935 -0.01615026 0.04470004 -0.01710215 -0.01615026 0.04418304 -0.01732035 -0.01615026 0.04319704 -0.01974535 -0.01615026 0.04341504 -0.02026245 -0.01615026 0.04164404 -0.02279735 -0.01615026 0.04376004 -0.02070545 -0.01615026 0.04472704 -0.02125555 -0.01615026 0.04474904 -0.02314105 -0.01615026 0.04374104 -0.02287125 -0.01615026 0.04374004 -0.01766495 -0.01615026 0.04340104 -0.01811245 -0.01615026 0.04420704 -0.02104415 -0.01615026 0.04305504 -0.02267885 -0.01615026 0.04234204 -0.02265385 -0.01615026 0.04579304 -0.02314075 -0.01615026 0.04528404 -0.02132505 -0.01615026 0.04680204 -0.02287035 -0.01615026 0.04584004 -0.02124815 -0.01615026 0.04770604 -0.02234825 -0.01615026 0.04635704 -0.02102995 -0.01615026 0.04844404 -0.02160995 -0.01615026 0.04680004 -0.02068535 -0.01615026 0.04896604 -0.02070585 -0.01615026 0.04713904 -0.02023775 -0.01615026 0.04923604 -0.01969745 -0.01615026 0.04735004 -0.01971785 -0.01615026 0.04923604 -0.01865355 -0.01615026 0.04742004 -0.01916085 -0.01615026 0.04896604 -0.01764505 -0.01615026 0.04734304 -0.01860495 -0.01615026 0.04844404 -0.01674085 -0.01615026 0.04712504 -0.01808785 -0.01615026 0.04770604 -0.01600245 -0.01615026 0.04678004 -0.01764485 -0.01615026 0.04680204 -0.01548015 -0.01615026 0.04633304 -0.01730615 -0.01615026 0.04618104 -0.01513095 -0.01615026 0.04581304 -0.01709475 -0.01615026 0.04566004 -0.01464515 -0.01615026 0.04525604 -0.01702515 -0.01615026 0.04526804 -0.01405005 -0.01615026 0.04502704 -0.01337935 -0.01615026 0.04495104 -0.01267085 -0.01615026 0.04504504 -0.01196435 -0.01615026 0.04374004 0.01983805 -0.01615026 0.04340104 0.01939045 -0.01615026 0.04319004 0.01887055 -0.01615026 0.04420704 0.01645885 -0.01615026 0.04472704 0.01624745 -0.01615026 0.04376004 0.01679755 -0.01615026 0.04613504 0.005392388 -0.01615026 0.04650004 -0.0004236522 -0.01615026 0.04613504 -0.006239692 -0.01615026 0.04528404 0.01617785 -0.01615026 0.04526804 0.01320275 -0.01615026 0.04164404 0.02195005 -0.01615026 0.04234204 0.02180655 -0.01615026 0.04418304 0.02018265 -0.01615026 0.04305504 0.02183155 -0.01615026 0.04470004 0.02040085 -0.01615026 0.04374104 0.02202395 -0.01615026 0.04525604 0.02047775 -0.01615026 0.04474904 0.02229375 -0.01615026 0.04581304 0.02040825 -0.01615026 0.04579304 0.02229345 -0.01615026 0.04633304 0.02019685 -0.01615026 0.04680204 0.02202305 -0.01615026 0.04678004 0.01985815 -0.01615026 0.04770604 0.02150095 -0.01615026 0.04712504 0.01941515 -0.01615026 0.04844404 0.02076265 -0.01615026 0.04734304 0.01889805 -0.01615026 0.04896604 0.01985855 -0.01615026 0.04742004 0.01834205 -0.01615026 0.04923604 0.01885015 -0.01615026 0.04735004 0.01778515 -0.01615026 0.04923604 0.01780625 -0.01615026 0.04713904 0.01726515 -0.01615026 0.04896604 0.01679775 -0.01615026 0.04680004 0.01681765 -0.01615026 0.04844404 0.01589355 -0.01615026 0.04635704 0.01647305 -0.01615026 0.04312004 0.01831355 -0.01615026 0.04319704 0.01775765 -0.01615026 0.04341504 0.01724055 -0.01615026 0.04770604 0.01515515 -0.01615026 0.04680204 0.01463285 -0.01615026 0.04584004 0.01625485 -0.01615026 0.04618104 0.01428365 -0.01615026 0.04566004 0.01379785 -0.01615026 0.04502704 0.01253205 -0.01615026 0.04495104 0.01182355 -0.01615026 0.04504504 0.01111705 -0.01615026 0.03417704 0.02035975 -0.01615026 0.03673504 0.02808605 -0.01615026 0.03288004 0.03245685 -0.01615026 0.01724104 0.04331615 -0.01615026 0.01689704 0.04375915 -0.01615026 0.01667804 0.04427625 -0.01615026 0.007565045 0.04731445 -0.01615026 0.007578045 0.04682685 -0.01615026 0.007710045 0.04635705 -0.01615026 0.008699045 0.04531855 -0.01615026 0.009162045 0.04516485 -0.01615026 0.007129045 0.04876125 -0.01615026 0.007398045 0.04832245 -0.01615026 0.007547045 0.04782925 -0.01615026 0.007951045 0.04593295 -0.01615026 0.008287045 0.04557975 -0.01615026 0.01154104 0.04462145 -0.01615026 0.01224704 0.04452785 -0.01615026 0.01295604 0.04460345 -0.01615026 0.01660204 0.04483225 -0.01615026 0.02083204 0.04430375 -0.01615026 0.02244804 0.04331705 -0.01615026 0.02062104 0.04378385 -0.01615026 0.02225504 0.04263095 -0.01615026 0.02028204 0.04333625 -0.01615026 0.01876604 0.04269645 -0.01615026 0.01820904 0.04276605 -0.01615026 0.01768904 0.04297745 -0.01615026 0.006756045 0.04911665 -0.01615026 0.02223004 0.04191875 -0.01615026 0.02237404 0.04122085 -0.01615026 0.01983904 0.04299165 -0.01615026 0.01932204 0.04277345 -0.01615026 0.01362604 0.04484405 -0.01615026 0.01422204 0.04523605 -0.01615026 0.01667104 0.04538915 -0.01615026 0.01470704 0.04575735 -0.01615026 0.01688204 0.04590905 -0.01615026 0.01505704 0.04637855 -0.01615026 0.01722104 0.04635665 -0.01615026 0.01557904 0.04728245 -0.01615026 0.01766404 0.04670125 -0.01615026 0.01631704 0.04802045 -0.01615026 0.01818104 0.04691945 -0.01615026 0.01722104 0.04854225 -0.01615026 0.01873704 0.04699645 -0.01615026 0.01823004 0.04881225 -0.01615026 0.01929404 0.04692685 -0.01615026 0.01927404 0.04881215 -0.01615026 0.01981404 0.04671545 -0.01615026 0.02028204 0.04854195 -0.01615026 0.02026204 0.04637675 -0.01615026 0.02118604 0.04802005 -0.01615026 0.02060604 0.04593375 -0.01615026 0.02192504 0.04728185 -0.01615026 0.02082504 0.04541665 -0.01615026 0.02244704 0.04637785 -0.01615026 0.02090104 0.04486065 -0.01615026 0.02271704 0.04536955 -0.01615026 0.02271704 0.04432555 -0.01615026 0.005805045 0.04948995 -0.01615026 0.006305045 0.04936505 -0.01615026 -0.04001196 0.02326755 0.01434974 -0.04001196 0.02326755 -0.01615026 -0.04044596 0.02270185 0.01434974 -0.04044596 0.02270185 -0.01615026 -0.04099996 0.02225425 0.01434974 -0.04099996 0.02225425 -0.01615026 -0.04164396 0.02195005 0.01434974 -0.04164396 0.02195005 -0.01615026 -0.04234196 0.02180655 0.01434974 -0.04234196 0.02180655 -0.01615026 -0.04305496 0.02183155 0.01434974 -0.04305496 0.02183155 -0.01615026 -0.04374096 0.02202395 0.01434974 -0.04374096 0.02202395 -0.01615026 -0.04680196 0.01463285 0.01434974 -0.04680196 0.01463285 -0.01615026 -0.04618096 0.01428365 0.01434974 -0.04618096 0.01428365 -0.01615026 -0.04565996 0.01379785 0.01434974 -0.04565996 0.01379785 -0.01615026 -0.04526796 0.01320275 0.01434974 -0.04526796 0.01320275 -0.01615026 -0.04502696 0.01253205 0.01434974 -0.04502696 0.01253205 -0.01615026 -0.04495096 0.01182355 0.01434974 -0.04495096 0.01182355 -0.01615026 -0.04504496 0.01111705 0.01434974 -0.04504496 0.01111705 -0.01615026 -0.04311996 -0.01916085 0.01434974 -0.04311996 -0.01916085 -0.01615026 -0.04318996 -0.01971785 0.01434974 -0.04318996 -0.01971785 -0.01615026 -0.04340096 -0.02023775 0.01434974 -0.04340096 -0.02023775 -0.01615026 -0.04373996 -0.02068535 0.01434974 -0.04373996 -0.02068535 -0.01615026 -0.04418296 -0.02102995 0.01434974 -0.04418296 -0.02102995 -0.01615026 -0.04469996 -0.02124815 0.01434974 -0.04469996 -0.02124815 -0.01615026 -0.04525596 -0.02132505 0.01434974 -0.04525596 -0.02132505 -0.01615026 -0.04581296 -0.02125555 0.01434974 -0.04581296 -0.02125555 -0.01615026 -0.04633296 -0.02104415 0.01434974 -0.04633296 -0.02104415 -0.01615026 -0.04677996 -0.02070545 0.01434974 -0.04677996 -0.02070545 -0.01615026 -0.04712496 -0.02026245 0.01434974 -0.04712496 -0.02026245 -0.01615026 -0.04734296 -0.01974535 0.01434974 -0.04734296 -0.01974535 -0.01615026 -0.04741996 -0.01918935 0.01434974 -0.04741996 -0.01918935 -0.01615026 -0.04734996 -0.01863245 0.01434974 -0.04734996 -0.01863245 -0.01615026 -0.04713896 -0.01811245 0.01434974 -0.04713896 -0.01811245 -0.01615026 -0.04679996 -0.01766495 0.01434974 -0.04679996 -0.01766495 -0.01615026 -0.04635696 -0.01732035 0.01434974 -0.04635696 -0.01732035 -0.01615026 -0.04583996 -0.01710215 0.01434974 -0.04583996 -0.01710215 -0.01615026 -0.04528396 -0.01702515 0.01434974 -0.04528396 -0.01702515 -0.01615026 -0.04472696 -0.01709475 0.01434974 -0.04472696 -0.01709475 -0.01615026 -0.04420696 -0.01730615 0.01434974 -0.04420696 -0.01730615 -0.01615026 -0.04375996 -0.01764485 0.01434974 -0.04375996 -0.01764485 -0.01615026 -0.04341496 -0.01808785 0.01434974 -0.04341496 -0.01808785 -0.01615026 -0.04319696 -0.01860495 0.01434974 -0.04319696 -0.01860495 -0.01615026 -0.01154096 -0.04546875 0.01434974 -0.01154096 -0.04546875 -0.01615026 -0.005815955 -0.04655845 -0.01615026 -0.005815955 -0.04655845 0.01434974 4.452661e-08 -0.04692365 -0.01615026 4.452661e-08 -0.04692365 0.01434974 0.005816045 -0.04655845 -0.01615026 0.005816045 -0.04655845 0.01434974 0.01154104 -0.04546875 -0.01615026 0.01154104 -0.04546875 0.01434974 0.007565045 0.04731445 0.01434974 0.007565045 0.04731445 -0.01615026 0.007547045 0.04782925 -0.01615026 0.007547045 0.04782925 0.01434974 0.007398045 0.04832245 -0.01615026 0.007398045 0.04832245 0.01434974 0.007129045 0.04876125 -0.01615026 0.007129045 0.04876125 0.01434974 0.006756045 0.04911665 -0.01615026 0.006756045 0.04911665 0.01434974 0.006305045 0.04936505 -0.01615026 0.006305045 0.04936505 0.01434974 0.005805045 0.04948995 -0.01615026 0.005805045 0.04948995 0.01434974 -0.02369096 0.03958855 0.01434974 -0.02369096 0.03958855 -0.01615026 -0.02850996 0.03631115 -0.01615026 -0.02850996 0.03631115 0.01434974 -0.03287996 0.03245685 -0.01615026 -0.03287996 0.03245685 0.01434974 -0.03673496 0.02808605 -0.01615026 -0.03673496 0.02808605 0.01434974 -0.01505696 -0.04722585 0.01434974 -0.01505696 -0.04722585 -0.01615026 -0.01470696 -0.04660465 0.01434974 -0.01470696 -0.04660465 -0.01615026 -0.01422196 -0.04608335 0.01434974 -0.01422196 -0.04608335 -0.01615026 -0.01362596 -0.04569135 0.01434974 -0.01362596 -0.04569135 -0.01615026 -0.01295596 -0.04545075 0.01434974 -0.01295596 -0.04545075 -0.01615026 -0.01224696 -0.04537515 0.01434974 -0.01224696 -0.04537515 -0.01615026 -0.02244796 0.04331705 0.01434974 -0.02244796 0.04331705 -0.01615026 -0.02225496 0.04263095 0.01434974 -0.02225496 0.04263095 -0.01615026 -0.02222996 0.04191875 0.01434974 -0.02222996 0.04191875 -0.01615026 -0.02237396 0.04122085 0.01434974 -0.02237396 0.04122085 -0.01615026 -0.02267796 0.04057635 0.01434974 -0.02267796 0.04057635 -0.01615026 -0.02312496 0.04002185 0.01434974 -0.02312496 0.04002185 -0.01615026 -0.04680196 -0.01548015 -0.01615026 -0.04770596 -0.01600245 -0.01615026 -0.04680196 -0.01548015 0.01434974 -0.04770596 -0.01600245 0.01434974 -0.04835596 -0.01663055 0.01434974 -0.04835596 -0.01663055 -0.01615026 -0.04844396 -0.01674085 0.01434974 -0.04844396 -0.01674085 -0.01615026 -0.04896596 -0.01764505 -0.01615026 -0.04896596 -0.01764505 0.01434974 -0.04923596 -0.01865355 -0.01615026 -0.04923596 -0.01865355 0.01434974 -0.04923596 -0.01969745 -0.01615026 -0.04923596 -0.01969745 0.01434974 -0.04896596 -0.02070585 -0.01615026 -0.04896596 -0.02070585 0.01434974 -0.04844396 -0.02160995 -0.01615026 -0.04844396 -0.02160995 0.01434974 -0.04770596 -0.02234825 -0.01615026 -0.04770596 -0.02234825 0.01434974 -0.04680196 -0.02287035 -0.01615026 -0.04680196 -0.02287035 0.01434974 -0.04579296 -0.02314075 -0.01615026 -0.04579296 -0.02314075 0.01434974 -0.04474896 -0.02314105 -0.01615026 -0.04474896 -0.02314105 0.01434974 -0.04374096 -0.02287125 -0.01615026 -0.04374096 -0.02287125 0.01434974 -0.02244796 -0.04416435 0.01434974 -0.02244796 -0.04416435 -0.01615026 -0.02271696 -0.04517285 -0.01615026 -0.02271696 -0.04517285 0.01434974 -0.02271696 -0.04621685 -0.01615026 -0.02271696 -0.04621685 0.01434974 -0.02244696 -0.04722515 -0.01615026 -0.02244696 -0.04722515 0.01434974 -0.02192496 -0.04812915 -0.01615026 -0.02192496 -0.04812915 0.01434974 -0.02118596 -0.04886735 -0.01615026 -0.02118596 -0.04886735 0.01434974 -0.02028196 -0.04938925 -0.01615026 -0.02028196 -0.04938925 0.01434974 -0.01927396 -0.04965945 -0.01615026 -0.01927396 -0.04965945 0.01434974 -0.01822996 -0.04965955 -0.01615026 -0.01822996 -0.04965955 0.01434974 -0.01722096 -0.04938955 -0.01615026 -0.01722096 -0.04938955 0.01434974 -0.01631696 -0.04886775 -0.01615026 -0.01631696 -0.04886775 0.01434974 -0.01557896 -0.04812975 -0.01615026 -0.01557896 -0.04812975 0.01434974 -0.02369096 -0.04043585 0.01434974 -0.02369096 -0.04043585 -0.01615026 -0.02312496 -0.04086915 0.01434974 -0.02312496 -0.04086915 -0.01615026 -0.02267796 -0.04142365 0.01434974 -0.02267796 -0.04142365 -0.01615026 -0.02237396 -0.04206815 0.01434974 -0.02237396 -0.04206815 -0.01615026 -0.02222996 -0.04276605 0.01434974 -0.02222996 -0.04276605 -0.01615026 -0.02225496 -0.04347825 0.01434974 -0.02225496 -0.04347825 -0.01615026 0.01224704 -0.04537515 0.01434974 0.01224704 -0.04537515 -0.01615026 0.01295604 -0.04545075 0.01434974 0.01295604 -0.04545075 -0.01615026 0.01362604 -0.04569135 0.01434974 0.01362604 -0.04569135 -0.01615026 0.01422204 -0.04608335 0.01434974 0.01422204 -0.04608335 -0.01615026 0.01470704 -0.04660465 0.01434974 0.01470704 -0.04660465 -0.01615026 0.01505704 -0.04722585 0.01434974 0.01505704 -0.04722585 -0.01615026 0.04680204 0.01463285 0.01434974 0.04680204 0.01463285 -0.01615026 0.04770604 0.01515515 -0.01615026 0.04770604 0.01515515 0.01434974 0.04844404 0.01589355 -0.01615026 0.04844404 0.01589355 0.01434974 0.04896604 0.01679775 -0.01615026 0.04896604 0.01679775 0.01434974 0.04923604 0.01780625 -0.01615026 0.04923604 0.01780625 0.01434974 0.04923604 0.01885015 -0.01615026 0.04923604 0.01885015 0.01434974 0.04896604 0.01985855 -0.01615026 0.04896604 0.01985855 0.01434974 0.04844404 0.02076265 -0.01615026 0.04844404 0.02076265 0.01434974 0.04770604 0.02150095 -0.01615026 0.04770604 0.02150095 0.01434974 0.04680204 0.02202305 -0.01615026 0.04680204 0.02202305 0.01434974 0.04579304 0.02229345 -0.01615026 0.04579304 0.02229345 0.01434974 0.04474904 0.02229375 -0.01615026 0.04474904 0.02229375 0.01434974 0.04374104 0.02202395 -0.01615026 0.04374104 0.02202395 0.01434974 -0.04001196 -0.02411485 0.01434974 -0.04001196 -0.02411485 -0.01615026 -0.03673496 -0.02893335 -0.01615026 -0.03673496 -0.02893335 0.01434974 -0.03287996 -0.03330415 -0.01615026 -0.03287996 -0.03330415 0.01434974 -0.02850996 -0.03715845 -0.01615026 -0.02850996 -0.03715845 0.01434974 -0.04311996 0.01834205 0.01434974 -0.04311996 0.01834205 -0.01615026 -0.04318996 0.01778515 0.01434974 -0.04318996 0.01778515 -0.01615026 -0.04340096 0.01726515 0.01434974 -0.04340096 0.01726515 -0.01615026 -0.04373996 0.01681765 0.01434974 -0.04373996 0.01681765 -0.01615026 -0.04418296 0.01647305 0.01434974 -0.04418296 0.01647305 -0.01615026 -0.04469996 0.01625485 0.01434974 -0.04469996 0.01625485 -0.01615026 -0.04525596 0.01617785 0.01434974 -0.04525596 0.01617785 -0.01615026 -0.04581296 0.01624745 0.01434974 -0.04581296 0.01624745 -0.01615026 -0.04633296 0.01645885 0.01434974 -0.04633296 0.01645885 -0.01615026 -0.04677996 0.01679755 0.01434974 -0.04677996 0.01679755 -0.01615026 -0.04712496 0.01724055 0.01434974 -0.04712496 0.01724055 -0.01615026 -0.04734296 0.01775765 0.01434974 -0.04734296 0.01775765 -0.01615026 -0.04741996 0.01831355 0.01434974 -0.04741996 0.01831355 -0.01615026 -0.04734996 0.01887055 0.01434974 -0.04734996 0.01887055 -0.01615026 -0.04713896 0.01939045 0.01434974 -0.04713896 0.01939045 -0.01615026 -0.04679996 0.01983805 0.01434974 -0.04679996 0.01983805 -0.01615026 -0.04635696 0.02018265 0.01434974 -0.04635696 0.02018265 -0.01615026 -0.04583996 0.02040085 0.01434974 -0.04583996 0.02040085 -0.01615026 -0.04528396 0.02047775 0.01434974 -0.04528396 0.02047775 -0.01615026 -0.04472696 0.02040825 0.01434974 -0.04472696 0.02040825 -0.01615026 -0.04420696 0.02019685 0.01434974 -0.04420696 0.02019685 -0.01615026 -0.04375996 0.01985815 0.01434974 -0.04375996 0.01985815 -0.01615026 -0.04341496 0.01941515 0.01434974 -0.04341496 0.01941515 -0.01615026 -0.04319696 0.01889805 0.01434974 -0.04319696 0.01889805 -0.01615026 -0.04305496 -0.02267885 0.01434974 -0.04305496 -0.02267885 -0.01615026 -0.04234196 -0.02265385 0.01434974 -0.04234196 -0.02265385 -0.01615026 -0.04164396 -0.02279735 0.01434974 -0.04164396 -0.02279735 -0.01615026 -0.04099996 -0.02310155 0.01434974 -0.04099996 -0.02310155 -0.01615026 -0.04044596 -0.02354915 0.01434974 -0.04044596 -0.02354915 -0.01615026 0.02369104 -0.04043585 0.01434974 0.02369104 -0.04043585 -0.01615026 0.02851004 -0.03715845 -0.01615026 0.02851004 -0.03715845 0.01434974 0.03288004 -0.03330415 -0.01615026 0.03288004 -0.03330415 0.01434974 0.03673504 -0.02893335 -0.01615026 0.03673504 -0.02893335 0.01434974 0.04001204 -0.02411485 -0.01615026 0.04001204 -0.02411485 0.01434974 4.452661e-08 0.04982635 -0.01615026 4.452661e-08 0.04982635 0.01434974 -0.005804955 0.04948995 -0.01615026 -0.005804955 0.04948995 0.01434974 -0.04504496 -0.01196435 0.01434974 -0.04504496 -0.01196435 -0.01615026 -0.04495096 -0.01267085 0.01434974 -0.04495096 -0.01267085 -0.01615026 -0.04502696 -0.01337935 0.01434974 -0.04502696 -0.01337935 -0.01615026 -0.04526796 -0.01405005 0.01434974 -0.04526796 -0.01405005 -0.01615026 -0.04565996 -0.01464515 0.01434974 -0.04565996 -0.01464515 -0.01615026 -0.04618096 -0.01513095 0.01434974 -0.04618096 -0.01513095 -0.01615026 -0.04613496 0.005392388 -0.01615026 -0.04613496 0.005392388 0.01434974 -0.04649996 -0.0004236522 -0.01615026 -0.04649996 -0.0004236522 0.01434974 -0.04613496 -0.006239692 -0.01615026 -0.04613496 -0.006239692 0.01434974 -0.04474896 0.02229375 -0.01615026 -0.04474896 0.02229375 0.01434974 -0.04579296 0.02229345 -0.01615026 -0.04579296 0.02229345 0.01434974 -0.04680196 0.02202305 -0.01615026 -0.04680196 0.02202305 0.01434974 -0.04770596 0.02150095 -0.01615026 -0.04770596 0.02150095 0.01434974 -0.04844396 0.02076265 -0.01615026 -0.04844396 0.02076265 0.01434974 -0.04896596 0.01985855 -0.01615026 -0.04896596 0.01985855 0.01434974 -0.04923596 0.01885015 -0.01615026 -0.04923596 0.01885015 0.01434974 -0.04923596 0.01780625 -0.01615026 -0.04923596 0.01780625 0.01434974 -0.04896596 0.01679775 -0.01615026 -0.04896596 0.01679775 0.01434974 -0.04844396 0.01589355 -0.01615026 -0.04844396 0.01589355 0.01434974 -0.04770596 0.01515515 -0.01615026 -0.04770596 0.01515515 0.01434974 -0.01505696 0.04637855 0.01434974 -0.01505696 0.04637855 -0.01615026 -0.01557896 0.04728245 -0.01615026 -0.01557896 0.04728245 0.01434974 -0.01631696 0.04802045 -0.01615026 -0.01631696 0.04802045 0.01434974 -0.01722096 0.04854225 -0.01615026 -0.01722096 0.04854225 0.01434974 -0.01822996 0.04881225 -0.01615026 -0.01822996 0.04881225 0.01434974 -0.01927396 0.04881215 -0.01615026 -0.01927396 0.04881215 0.01434974 -0.02028196 0.04854195 -0.01615026 -0.02028196 0.04854195 0.01434974 -0.02118596 0.04802005 -0.01615026 -0.02118596 0.04802005 0.01434974 -0.02192496 0.04728185 -0.01615026 -0.02192496 0.04728185 0.01434974 -0.02244696 0.04637785 -0.01615026 -0.02244696 0.04637785 0.01434974 -0.02271696 0.04536955 -0.01615026 -0.02271696 0.04536955 0.01434974 -0.02271696 0.04432555 -0.01615026 -0.02271696 0.04432555 0.01434974 0.01505704 0.04637855 0.01434974 0.01505704 0.04637855 -0.01615026 0.01470704 0.04575735 0.01434974 0.01470704 0.04575735 -0.01615026 0.01422204 0.04523605 0.01434974 0.01422204 0.04523605 -0.01615026 0.01362604 0.04484405 0.01434974 0.01362604 0.04484405 -0.01615026 0.01295604 0.04460345 0.01434974 0.01295604 0.04460345 -0.01615026 0.01224704 0.04452785 0.01434974 0.01224704 0.04452785 -0.01615026 0.01154104 0.04462145 0.01434974 0.01154104 0.04462145 -0.01615026 -0.01154096 0.04462145 0.01434974 -0.01154096 0.04462145 -0.01615026 -0.01224696 0.04452785 0.01434974 -0.01224696 0.04452785 -0.01615026 -0.01295596 0.04460345 0.01434974 -0.01295596 0.04460345 -0.01615026 -0.01362596 0.04484405 0.01434974 -0.01362596 0.04484405 -0.01615026 -0.01422196 0.04523605 0.01434974 -0.01422196 0.04523605 -0.01615026 -0.01470696 0.04575735 0.01434974 -0.01470696 0.04575735 -0.01615026 -0.009161955 0.04516485 -0.01615026 -0.009161955 0.04516485 0.01434974 -0.007564955 0.04731445 0.01434974 -0.007564955 0.04731445 -0.01615026 -0.007577955 0.04682685 0.01434974 -0.007577955 0.04682685 -0.01615026 -0.007709955 0.04635705 0.01434974 -0.007709955 0.04635705 -0.01615026 -0.007950955 0.04593295 0.01434974 -0.007950955 0.04593295 -0.01615026 -0.008286955 0.04557975 0.01434974 -0.008286955 0.04557975 -0.01615026 -0.008698955 0.04531855 0.01434974 -0.008698955 0.04531855 -0.01615026 -0.006304955 0.04936505 -0.01615026 -0.006304955 0.04936505 0.01434974 -0.006755955 0.04911665 -0.01615026 -0.006755955 0.04911665 0.01434974 -0.007128955 0.04876125 -0.01615026 -0.007128955 0.04876125 0.01434974 -0.007397955 0.04832245 -0.01615026 -0.007397955 0.04832245 0.01434974 -0.007546955 0.04782925 -0.01615026 -0.007546955 0.04782925 0.01434974 0.04742004 -0.01916085 0.01434974 0.04742004 -0.01916085 -0.01615026 0.04735004 -0.01971785 0.01434974 0.04735004 -0.01971785 -0.01615026 0.04713904 -0.02023775 0.01434974 0.04713904 -0.02023775 -0.01615026 0.04680004 -0.02068535 0.01434974 0.04680004 -0.02068535 -0.01615026 0.04635704 -0.02102995 0.01434974 0.04635704 -0.02102995 -0.01615026 0.04584004 -0.02124815 0.01434974 0.04584004 -0.02124815 -0.01615026 0.04528404 -0.02132505 0.01434974 0.04528404 -0.02132505 -0.01615026 0.04472704 -0.02125555 0.01434974 0.04472704 -0.02125555 -0.01615026 0.04420704 -0.02104415 0.01434974 0.04420704 -0.02104415 -0.01615026 0.04376004 -0.02070545 0.01434974 0.04376004 -0.02070545 -0.01615026 0.04341504 -0.02026245 0.01434974 0.04341504 -0.02026245 -0.01615026 0.04319704 -0.01974535 0.01434974 0.04319704 -0.01974535 -0.01615026 0.04312004 -0.01918935 0.01434974 0.04312004 -0.01918935 -0.01615026 0.04319004 -0.01863245 0.01434974 0.04319004 -0.01863245 -0.01615026 0.04340104 -0.01811245 0.01434974 0.04340104 -0.01811245 -0.01615026 0.04374004 -0.01766495 0.01434974 0.04374004 -0.01766495 -0.01615026 0.04418304 -0.01732035 0.01434974 0.04418304 -0.01732035 -0.01615026 0.04470004 -0.01710215 0.01434974 0.04470004 -0.01710215 -0.01615026 0.04525604 -0.01702515 0.01434974 0.04525604 -0.01702515 -0.01615026 0.04581304 -0.01709475 0.01434974 0.04581304 -0.01709475 -0.01615026 0.04633304 -0.01730615 0.01434974 0.04633304 -0.01730615 -0.01615026 0.04678004 -0.01764485 0.01434974 0.04678004 -0.01764485 -0.01615026 0.04712504 -0.01808785 0.01434974 0.04712504 -0.01808785 -0.01615026 0.04734304 -0.01860495 0.01434974 0.04734304 -0.01860495 -0.01615026 0.04742004 0.01834205 0.01434974 0.04742004 0.01834205 -0.01615026 0.04735004 0.01778515 0.01434974 0.04735004 0.01778515 -0.01615026 0.04713904 0.01726515 0.01434974 0.04713904 0.01726515 -0.01615026 0.04680004 0.01681765 0.01434974 0.04680004 0.01681765 -0.01615026 0.04635704 0.01647305 0.01434974 0.04635704 0.01647305 -0.01615026 0.04584004 0.01625485 0.01434974 0.04584004 0.01625485 -0.01615026 0.04528404 0.01617785 0.01434974 0.04528404 0.01617785 -0.01615026 0.04472704 0.01624745 0.01434974 0.04472704 0.01624745 -0.01615026 0.04420704 0.01645885 0.01434974 0.04420704 0.01645885 -0.01615026 0.04376004 0.01679755 0.01434974 0.04376004 0.01679755 -0.01615026 0.04341504 0.01724055 0.01434974 0.04341504 0.01724055 -0.01615026 0.04319704 0.01775765 0.01434974 0.04319704 0.01775765 -0.01615026 0.04312004 0.01831355 0.01434974 0.04312004 0.01831355 -0.01615026 0.04319004 0.01887055 0.01434974 0.04319004 0.01887055 -0.01615026 0.04340104 0.01939045 0.01434974 0.04340104 0.01939045 -0.01615026 0.04374004 0.01983805 0.01434974 0.04374004 0.01983805 -0.01615026 0.04418304 0.02018265 0.01434974 0.04418304 0.02018265 -0.01615026 0.04470004 0.02040085 0.01434974 0.04470004 0.02040085 -0.01615026 0.04525604 0.02047775 0.01434974 0.04525604 0.02047775 -0.01615026 0.04581304 0.02040825 0.01434974 0.04581304 0.02040825 -0.01615026 0.04633304 0.02019685 0.01434974 0.04633304 0.02019685 -0.01615026 0.04678004 0.01985815 0.01434974 0.04678004 0.01985815 -0.01615026 0.04712504 0.01941515 0.01434974 0.04712504 0.01941515 -0.01615026 0.04734304 0.01889805 0.01434974 0.04734304 0.01889805 -0.01615026 0.02090104 0.04486065 0.01434974 0.02090104 0.04486065 -0.01615026 0.02083204 0.04430375 0.01434974 0.02083204 0.04430375 -0.01615026 0.02062104 0.04378385 0.01434974 0.02062104 0.04378385 -0.01615026 0.02028204 0.04333625 0.01434974 0.02028204 0.04333625 -0.01615026 0.01983904 0.04299165 0.01434974 0.01983904 0.04299165 -0.01615026 0.01932204 0.04277345 0.01434974 0.01932204 0.04277345 -0.01615026 0.01876604 0.04269645 0.01434974 0.01876604 0.04269645 -0.01615026 0.01820904 0.04276605 0.01434974 0.01820904 0.04276605 -0.01615026 0.01768904 0.04297745 0.01434974 0.01768904 0.04297745 -0.01615026 0.01724104 0.04331615 0.01434974 0.01724104 0.04331615 -0.01615026 0.01689704 0.04375915 0.01434974 0.01689704 0.04375915 -0.01615026 0.01667804 0.04427625 0.01434974 0.01667804 0.04427625 -0.01615026 0.01660204 0.04483225 0.01434974 0.01660204 0.04483225 -0.01615026 0.01667104 0.04538915 0.01434974 0.01667104 0.04538915 -0.01615026 0.01688204 0.04590905 0.01434974 0.01688204 0.04590905 -0.01615026 0.01722104 0.04635665 0.01434974 0.01722104 0.04635665 -0.01615026 0.01766404 0.04670125 0.01434974 0.01766404 0.04670125 -0.01615026 0.01818104 0.04691945 0.01434974 0.01818104 0.04691945 -0.01615026 0.01873704 0.04699645 0.01434974 0.01873704 0.04699645 -0.01615026 0.01929404 0.04692685 0.01434974 0.01929404 0.04692685 -0.01615026 0.01981404 0.04671545 0.01434974 0.01981404 0.04671545 -0.01615026 0.02026204 0.04637675 0.01434974 0.02026204 0.04637675 -0.01615026 0.02060604 0.04593375 0.01434974 0.02060604 0.04593375 -0.01615026 0.02082504 0.04541665 0.01434974 0.02082504 0.04541665 -0.01615026 -0.01660196 -0.04567955 0.01434974 -0.01660196 -0.04567955 -0.01615026 -0.01667096 -0.04623645 0.01434974 -0.01667096 -0.04623645 -0.01615026 -0.01688196 -0.04675635 0.01434974 -0.01688196 -0.04675635 -0.01615026 -0.01722096 -0.04720395 0.01434974 -0.01722096 -0.04720395 -0.01615026 -0.01766396 -0.04754855 0.01434974 -0.01766396 -0.04754855 -0.01615026 -0.01818096 -0.04776675 0.01434974 -0.01818096 -0.04776675 -0.01615026 -0.01873696 -0.04784375 0.01434974 -0.01873696 -0.04784375 -0.01615026 -0.01929396 -0.04777415 0.01434974 -0.01929396 -0.04777415 -0.01615026 -0.01981396 -0.04756275 0.01434974 -0.01981396 -0.04756275 -0.01615026 -0.02026196 -0.04722405 0.01434974 -0.02026196 -0.04722405 -0.01615026 -0.02060596 -0.04678105 0.01434974 -0.02060596 -0.04678105 -0.01615026 -0.02082396 -0.04626395 0.01434974 -0.02082396 -0.04626395 -0.01615026 -0.02090096 -0.04570795 0.01434974 -0.02090096 -0.04570795 -0.01615026 -0.02083196 -0.04515105 0.01434974 -0.02083196 -0.04515105 -0.01615026 -0.02062096 -0.04463115 0.01434974 -0.02062096 -0.04463115 -0.01615026 -0.02028196 -0.04418355 0.01434974 -0.02028196 -0.04418355 -0.01615026 -0.01983896 -0.04383895 0.01434974 -0.01983896 -0.04383895 -0.01615026 -0.01932196 -0.04362075 0.01434974 -0.01932196 -0.04362075 -0.01615026 -0.01876596 -0.04354375 0.01434974 -0.01876596 -0.04354375 -0.01615026 -0.01820896 -0.04361335 0.01434974 -0.01820896 -0.04361335 -0.01615026 -0.01768896 -0.04382475 0.01434974 -0.01768896 -0.04382475 -0.01615026 -0.01724096 -0.04416345 0.01434974 -0.01724096 -0.04416345 -0.01615026 -0.01689696 -0.04460645 0.01434974 -0.01689696 -0.04460645 -0.01615026 -0.01667796 -0.04512355 0.01434974 -0.01667796 -0.04512355 -0.01615026 -0.01660196 0.04486065 0.01434974 -0.01660196 0.04486065 -0.01615026 -0.01667096 0.04430375 0.01434974 -0.01667096 0.04430375 -0.01615026 -0.01688196 0.04378385 0.01434974 -0.01688196 0.04378385 -0.01615026 -0.01722096 0.04333625 0.01434974 -0.01722096 0.04333625 -0.01615026 -0.01766396 0.04299165 0.01434974 -0.01766396 0.04299165 -0.01615026 -0.01818096 0.04277345 0.01434974 -0.01818096 0.04277345 -0.01615026 -0.01873696 0.04269645 0.01434974 -0.01873696 0.04269645 -0.01615026 -0.01929396 0.04276605 0.01434974 -0.01929396 0.04276605 -0.01615026 -0.01981396 0.04297745 0.01434974 -0.01981396 0.04297745 -0.01615026 -0.02026196 0.04331615 0.01434974 -0.02026196 0.04331615 -0.01615026 -0.02060596 0.04375915 0.01434974 -0.02060596 0.04375915 -0.01615026 -0.02082396 0.04427625 0.01434974 -0.02082396 0.04427625 -0.01615026 -0.02090096 0.04483225 0.01434974 -0.02090096 0.04483225 -0.01615026 -0.02083196 0.04538915 0.01434974 -0.02083196 0.04538915 -0.01615026 -0.02062096 0.04590905 0.01434974 -0.02062096 0.04590905 -0.01615026 -0.02028196 0.04635665 0.01434974 -0.02028196 0.04635665 -0.01615026 -0.01983896 0.04670125 0.01434974 -0.01983896 0.04670125 -0.01615026 -0.01932196 0.04691945 0.01434974 -0.01932196 0.04691945 -0.01615026 -0.01876596 0.04699645 0.01434974 -0.01876596 0.04699645 -0.01615026 -0.01820896 0.04692685 0.01434974 -0.01820896 0.04692685 -0.01615026 -0.01768896 0.04671545 0.01434974 -0.01768896 0.04671545 -0.01615026 -0.01724096 0.04637675 0.01434974 -0.01724096 0.04637675 -0.01615026 -0.01689696 0.04593375 0.01434974 -0.01689696 0.04593375 -0.01615026 -0.01667796 0.04541665 0.01434974 -0.01667796 0.04541665 -0.01615026 0.02090104 -0.04567955 0.01434974 0.02090104 -0.04567955 -0.01615026 0.02083204 -0.04623645 0.01434974 0.02083204 -0.04623645 -0.01615026 0.02062104 -0.04675635 0.01434974 0.02062104 -0.04675635 -0.01615026 0.02028204 -0.04720395 0.01434974 0.02028204 -0.04720395 -0.01615026 0.01983904 -0.04754855 0.01434974 0.01983904 -0.04754855 -0.01615026 0.01932204 -0.04776675 0.01434974 0.01932204 -0.04776675 -0.01615026 0.01876604 -0.04784375 0.01434974 0.01876604 -0.04784375 -0.01615026 0.01820904 -0.04777415 0.01434974 0.01820904 -0.04777415 -0.01615026 0.01768904 -0.04756275 0.01434974 0.01768904 -0.04756275 -0.01615026 0.01724104 -0.04722405 0.01434974 0.01724104 -0.04722405 -0.01615026 0.01689704 -0.04678105 0.01434974 0.01689704 -0.04678105 -0.01615026 0.01667804 -0.04626395 0.01434974 0.01667804 -0.04626395 -0.01615026 0.01660204 -0.04570795 0.01434974 0.01660204 -0.04570795 -0.01615026 0.01667104 -0.04515105 0.01434974 0.01667104 -0.04515105 -0.01615026 0.01688204 -0.04463115 0.01434974 0.01688204 -0.04463115 -0.01615026 0.01722104 -0.04418355 0.01434974 0.01722104 -0.04418355 -0.01615026 0.01766404 -0.04383895 0.01434974 0.01766404 -0.04383895 -0.01615026 0.01818104 -0.04362075 0.01434974 0.01818104 -0.04362075 -0.01615026 0.01873704 -0.04354375 0.01434974 0.01873704 -0.04354375 -0.01615026 0.01929404 -0.04361335 0.01434974 0.01929404 -0.04361335 -0.01615026 0.01981404 -0.04382475 0.01434974 0.01981404 -0.04382475 -0.01615026 0.02026204 -0.04416345 0.01434974 0.02026204 -0.04416345 -0.01615026 0.02060604 -0.04460645 0.01434974 0.02060604 -0.04460645 -0.01615026 0.02082504 -0.04512355 0.01434974 0.02082504 -0.04512355 -0.01615026 -0.03999996 -0.0004236522 0.01434974 -0.03962696 0.005023018 0.02894974 -0.03962696 0.005023018 0.01434974 -0.03851696 0.01036825 0.02894974 -0.03851696 0.01036825 0.01434974 -0.03668796 0.01551235 0.02894974 -0.03668796 0.01551235 0.01434974 -0.03417696 0.02035975 0.02894974 -0.03417696 0.02035975 0.01434974 -0.03102796 0.02481985 0.02894974 -0.03102796 0.02481985 0.01434974 -0.02730196 0.02880975 0.02894974 -0.02730196 0.02880975 0.01434974 -0.02306696 0.03225515 0.02894974 -0.02306696 0.03225515 0.01434974 -0.01840296 0.03509175 0.02894974 -0.01840296 0.03509175 0.01434974 -0.01339496 0.03726675 0.02894974 -0.01339496 0.03726675 0.01434974 -0.008137955 0.03873975 0.02894974 -0.008137955 0.03873975 0.01434974 -0.002729955 0.03948305 0.02894974 -0.002729955 0.03948305 0.01434974 0.002730045 0.03948305 0.02894974 0.002730045 0.03948305 0.01434974 0.008138045 0.03873975 0.02894974 0.008138045 0.03873975 0.01434974 0.01339504 0.03726675 0.02894974 0.01339504 0.03726675 0.01434974 0.01840304 0.03509175 0.02894974 0.01840304 0.03509175 0.01434974 0.02306704 0.03225515 0.02894974 0.02306704 0.03225515 0.01434974 0.02730204 0.02880975 0.02894974 0.02730204 0.02880975 0.01434974 0.03102804 0.02481985 0.02894974 0.03102804 0.02481985 0.01434974 0.03417704 0.02035975 0.02894974 0.03417704 0.02035975 0.01434974 0.03668804 0.01551235 0.02894974 0.03668804 0.01551235 0.01434974 0.03851704 0.01036825 0.02894974 0.03851704 0.01036825 0.01434974 0.03962704 0.005023018 0.02894974 0.03962704 0.005023018 0.01434974 0.04000004 -0.0004236522 0.02894974 0.04000004 -0.0004236522 0.01434974 0.03962704 -0.005870322 0.02894974 0.03962704 -0.005870322 0.01434974 0.03851704 -0.01121555 0.02894974 0.03851704 -0.01121555 0.01434974 0.03668804 -0.01635965 0.02894974 0.03668804 -0.01635965 0.01434974 0.03417704 -0.02120705 0.02894974 0.03417704 -0.02120705 0.01434974 0.03102804 -0.02566715 0.02894974 0.03102804 -0.02566715 0.01434974 0.02730204 -0.02965705 0.02894974 0.02730204 -0.02965705 0.01434974 0.02306704 -0.03310245 0.02894974 0.02306704 -0.03310245 0.01434974 0.01840304 -0.03593905 0.02894974 0.01840304 -0.03593905 0.01434974 0.01339504 -0.03811405 0.02894974 0.01339504 -0.03811405 0.01434974 0.008138045 -0.03958705 0.02894974 0.008138045 -0.03958705 0.01434974 0.002730045 -0.04033035 0.02894974 0.002730045 -0.04033035 0.01434974 -0.002729955 -0.04033035 0.02894974 -0.002729955 -0.04033035 0.01434974 -0.008137955 -0.03958705 0.02894974 -0.008137955 -0.03958705 0.01434974 -0.01339496 -0.03811405 0.02894974 -0.01339496 -0.03811405 0.01434974 -0.01840296 -0.03593905 0.02894974 -0.01840296 -0.03593905 0.01434974 -0.02306696 -0.03310245 0.02894974 -0.02306696 -0.03310245 0.01434974 -0.02730196 -0.02965705 0.02894974 -0.02730196 -0.02965705 0.01434974 -0.03102796 -0.02566715 0.02894974 -0.03102796 -0.02566715 0.01434974 -0.03417696 -0.02120705 0.02894974 -0.03417696 -0.02120705 0.01434974 -0.03668796 -0.01635965 0.02894974 -0.03668796 -0.01635965 0.01434974 -0.03851696 -0.01121555 0.02894974 -0.03851696 -0.01121555 0.01434974 -0.03962696 -0.005870322 0.02894974 -0.03962696 -0.005870322 0.01434974 -0.03999996 -0.0004236522 0.02894974 -0.03999996 -0.0004236522 0.02894974 -0.03962696 -0.005870322 0.02894974 4.452661e-08 -0.0004236522 0.02894974 -0.03668796 0.01551235 0.02894974 -0.03851696 0.01036825 0.02894974 -0.03962696 0.005023018 0.02894974 -0.02730196 0.02880975 0.02894974 -0.03102796 0.02481985 0.02894974 -0.03417696 0.02035975 0.02894974 -0.01339496 0.03726675 0.02894974 -0.01840296 0.03509175 0.02894974 -0.02306696 0.03225515 0.02894974 0.002730045 0.03948305 0.02894974 -0.002729955 0.03948305 0.02894974 -0.008137955 0.03873975 0.02894974 0.01840304 0.03509175 0.02894974 0.01339504 0.03726675 0.02894974 0.008138045 0.03873975 0.02894974 0.03102804 0.02481985 0.02894974 0.02730204 0.02880975 0.02894974 0.02306704 0.03225515 0.02894974 0.03851704 0.01036825 0.02894974 0.03668804 0.01551235 0.02894974 0.03417704 0.02035975 0.02894974 0.03962704 -0.005870322 0.02894974 0.04000004 -0.0004236522 0.02894974 0.03962704 0.005023018 0.02894974 0.03417704 -0.02120705 0.02894974 0.03668804 -0.01635965 0.02894974 0.03851704 -0.01121555 0.02894974 0.02306704 -0.03310245 0.02894974 0.02730204 -0.02965705 0.02894974 0.03102804 -0.02566715 0.02894974 0.008138045 -0.03958705 0.02894974 0.01339504 -0.03811405 0.02894974 0.01840304 -0.03593905 0.02894974 -0.008137955 -0.03958705 0.02894974 -0.002729955 -0.04033035 0.02894974 0.002730045 -0.04033035 0.02894974 -0.02306696 -0.03310245 0.02894974 -0.01840296 -0.03593905 0.02894974 -0.01339496 -0.03811405 0.02894974 -0.03417696 -0.02120705 0.02894974 -0.03102796 -0.02566715 0.02894974 -0.02730196 -0.02965705 0.02894974 -0.03851696 -0.01121555 0.02894974 -0.03668796 -0.01635965 0.02894974 0.009162045 0.04516485 0.01434974 0.009162045 0.04516485 -0.01615026 0.008699045 0.04531855 0.01434974 0.008699045 0.04531855 -0.01615026 0.008287045 0.04557975 0.01434974 0.008287045 0.04557975 -0.01615026 0.007951045 0.04593295 0.01434974 0.007951045 0.04593295 -0.01615026 0.007710045 0.04635705 0.01434974 0.007710045 0.04635705 -0.01615026 0.007578045 0.04682685 0.01434974 0.007578045 0.04682685 -0.01615026 0.02244804 0.04331705 0.01434974 0.02244804 0.04331705 -0.01615026 0.02271704 0.04432555 -0.01615026 0.02271704 0.04432555 0.01434974 0.02271704 0.04536955 -0.01615026 0.02271704 0.04536955 0.01434974 0.02244704 0.04637785 -0.01615026 0.02244704 0.04637785 0.01434974 0.02192504 0.04728185 -0.01615026 0.02192504 0.04728185 0.01434974 0.02118604 0.04802005 -0.01615026 0.02118604 0.04802005 0.01434974 0.02028204 0.04854195 -0.01615026 0.02028204 0.04854195 0.01434974 0.01927404 0.04881215 -0.01615026 0.01927404 0.04881215 0.01434974 0.01823004 0.04881225 -0.01615026 0.01823004 0.04881225 0.01434974 0.01722104 0.04854225 -0.01615026 0.01722104 0.04854225 0.01434974 0.01631704 0.04802045 -0.01615026 0.01631704 0.04802045 0.01434974 0.01557904 0.04728245 -0.01615026 0.01557904 0.04728245 0.01434974 0.02369104 0.03958855 0.01434974 0.02369104 0.03958855 -0.01615026 0.02312504 0.04002185 0.01434974 0.02312504 0.04002185 -0.01615026 0.02267804 0.04057635 0.01434974 0.02267804 0.04057635 -0.01615026 0.02237404 0.04122085 0.01434974 0.02237404 0.04122085 -0.01615026 0.02223004 0.04191875 0.01434974 0.02223004 0.04191875 -0.01615026 0.02225504 0.04263095 0.01434974 0.02225504 0.04263095 -0.01615026 0.04001204 0.02326755 0.01434974 0.04001204 0.02326755 -0.01615026 0.03673504 0.02808605 -0.01615026 0.03673504 0.02808605 0.01434974 0.03288004 0.03245685 -0.01615026 0.03288004 0.03245685 0.01434974 0.02851004 0.03631115 -0.01615026 0.02851004 0.03631115 0.01434974 0.04305504 0.02183155 0.01434974 0.04305504 0.02183155 -0.01615026 0.04234204 0.02180655 0.01434974 0.04234204 0.02180655 -0.01615026 0.04164404 0.02195005 0.01434974 0.04164404 0.02195005 -0.01615026 0.04100004 0.02225425 0.01434974 0.04100004 0.02225425 -0.01615026 0.04044604 0.02270185 0.01434974 0.04044604 0.02270185 -0.01615026 0.04504504 0.01111705 0.01434974 0.04504504 0.01111705 -0.01615026 0.04495104 0.01182355 0.01434974 0.04495104 0.01182355 -0.01615026 0.04502704 0.01253205 0.01434974 0.04502704 0.01253205 -0.01615026 0.04526804 0.01320275 0.01434974 0.04526804 0.01320275 -0.01615026 0.04566004 0.01379785 0.01434974 0.04566004 0.01379785 -0.01615026 0.04618104 0.01428365 0.01434974 0.04618104 0.01428365 -0.01615026 0.04504504 -0.01196435 0.01434974 0.04504504 -0.01196435 -0.01615026 0.04613504 -0.006239692 -0.01615026 0.04613504 -0.006239692 0.01434974 0.04650004 -0.0004236522 -0.01615026 0.04650004 -0.0004236522 0.01434974 0.04613504 0.005392388 -0.01615026 0.04613504 0.005392388 0.01434974 0.04680204 -0.01548015 0.01434974 0.04680204 -0.01548015 -0.01615026 0.04618104 -0.01513095 0.01434974 0.04618104 -0.01513095 -0.01615026 0.04566004 -0.01464515 0.01434974 0.04566004 -0.01464515 -0.01615026 0.04526804 -0.01405005 0.01434974 0.04526804 -0.01405005 -0.01615026 0.04502704 -0.01337935 0.01434974 0.04502704 -0.01337935 -0.01615026 0.04495104 -0.01267085 0.01434974 0.04495104 -0.01267085 -0.01615026 0.04374104 -0.02287125 0.01434974 0.04374104 -0.02287125 -0.01615026 0.04474904 -0.02314105 -0.01615026 0.04474904 -0.02314105 0.01434974 0.04579304 -0.02314075 -0.01615026 0.04579304 -0.02314075 0.01434974 0.04680204 -0.02287035 -0.01615026 0.04680204 -0.02287035 0.01434974 0.04770604 -0.02234825 -0.01615026 0.04770604 -0.02234825 0.01434974 0.04844404 -0.02160995 -0.01615026 0.04844404 -0.02160995 0.01434974 0.04896604 -0.02070585 -0.01615026 0.04896604 -0.02070585 0.01434974 0.04923604 -0.01969745 -0.01615026 0.04923604 -0.01969745 0.01434974 0.04923604 -0.01865355 -0.01615026 0.04923604 -0.01865355 0.01434974 0.04896604 -0.01764505 -0.01615026 0.04896604 -0.01764505 0.01434974 0.04844404 -0.01674085 -0.01615026 0.04844404 -0.01674085 0.01434974 0.04770604 -0.01600245 -0.01615026 0.04770604 -0.01600245 0.01434974 0.04044604 -0.02354915 0.01434974 0.04044604 -0.02354915 -0.01615026 0.04100004 -0.02310155 0.01434974 0.04100004 -0.02310155 -0.01615026 0.04164404 -0.02279735 0.01434974 0.04164404 -0.02279735 -0.01615026 0.04234204 -0.02265385 0.01434974 0.04234204 -0.02265385 -0.01615026 0.04305504 -0.02267885 0.01434974 0.04305504 -0.02267885 -0.01615026 0.02244804 -0.04416435 0.01434974 0.02244804 -0.04416435 -0.01615026 0.02225504 -0.04347825 0.01434974 0.02225504 -0.04347825 -0.01615026 0.02223004 -0.04276605 0.01434974 0.02223004 -0.04276605 -0.01615026 0.02237404 -0.04206815 0.01434974 0.02237404 -0.04206815 -0.01615026 0.02267804 -0.04142365 0.01434974 0.02267804 -0.04142365 -0.01615026 0.02312504 -0.04086915 0.01434974 0.02312504 -0.04086915 -0.01615026 0.01557904 -0.04812975 -0.01615026 0.01557904 -0.04812975 0.01434974 0.01620704 -0.04878005 0.01434974 0.01620704 -0.04878005 -0.01615026 0.01631704 -0.04886775 0.01434974 0.01631704 -0.04886775 -0.01615026 0.01722104 -0.04938955 -0.01615026 0.01722104 -0.04938955 0.01434974 0.01823004 -0.04965955 -0.01615026 0.01823004 -0.04965955 0.01434974 0.01927404 -0.04965945 -0.01615026 0.01927404 -0.04965945 0.01434974 0.02028204 -0.04938925 -0.01615026 0.02028204 -0.04938925 0.01434974 0.02118604 -0.04886735 -0.01615026 0.02118604 -0.04886735 0.01434974 0.02192504 -0.04812915 -0.01615026 0.02192504 -0.04812915 0.01434974 0.02244704 -0.04722515 -0.01615026 0.02244704 -0.04722515 0.01434974 0.02271704 -0.04621685 -0.01615026 0.02271704 -0.04621685 0.01434974 0.02271704 -0.04517285 -0.01615026 0.02271704 -0.04517285 0.01434974 0.03102804 0.02481985 0.01434974 0.03045104 0.03002705 0.01434974 0.02730204 0.02880975 0.01434974 -0.03851696 -0.01121555 0.01434974 -0.03962696 -0.005870322 0.01434974 -0.04099996 -0.02310155 0.01434974 -0.04155996 -0.0004236522 0.01434974 -0.01840296 -0.03593905 0.01434974 -0.02312496 -0.04086915 0.01434974 -0.01339496 -0.03811405 0.01434974 -0.02267796 -0.04142365 0.01434974 -0.008137955 -0.03958705 0.01434974 4.452661e-08 -0.04198375 0.01434974 -0.002729955 -0.04033035 0.01434974 -0.03668796 -0.01635965 0.01434974 -0.04044596 -0.02354915 0.01434974 -0.03417696 -0.02120705 0.01434974 -0.04001196 -0.02411485 0.01434974 -0.03102796 -0.02566715 0.01434974 -0.03673496 -0.02893335 0.01434974 -0.02730196 -0.02965705 0.01434974 -0.03287996 -0.03330415 0.01434974 -0.02306696 -0.03310245 0.01434974 -0.02850996 -0.03715845 0.01434974 -0.02369096 -0.04043585 0.01434974 0.01840304 -0.03593905 0.01434974 0.01339504 -0.03811405 0.01434974 0.02267804 -0.04142365 0.01434974 0.008138045 -0.03958705 0.01434974 0.002730045 -0.04033035 0.01434974 0.03102804 -0.02566715 0.01434974 0.02730204 -0.02965705 0.01434974 0.02851004 -0.03715845 0.01434974 0.02306704 -0.03310245 0.01434974 0.02369104 -0.04043585 0.01434974 0.02312504 -0.04086915 0.01434974 0.03288004 -0.03330415 0.01434974 0.03673504 -0.02893335 0.01434974 0.03417704 -0.02120705 0.01434974 0.04001204 -0.02411485 0.01434974 0.03668804 -0.01635965 0.01434974 0.04044604 -0.02354915 0.01434974 0.03851704 -0.01121555 0.01434974 0.04100004 -0.02310155 0.01434974 0.03962704 -0.005870322 0.01434974 0.04000004 -0.0004236522 0.01434974 0.04156004 -0.0004236522 0.01434974 0.03962704 0.005023018 0.01434974 0.04100004 0.02225425 0.01434974 0.03851704 0.01036825 0.01434974 0.02306704 0.03225515 0.01434974 0.02851004 0.03631115 0.01434974 0.01840304 0.03509175 0.01434974 0.02369104 0.03958855 0.01434974 0.02312504 0.04002185 0.01434974 0.01339504 0.03726675 0.01434974 0.02267804 0.04057635 0.01434974 0.008138045 0.03873975 0.01434974 4.452661e-08 0.04113645 0.01434974 0.002730045 0.03948305 0.01434974 -0.01840296 0.03509175 0.01434974 -0.01339496 0.03726675 0.01434974 -0.02267796 0.04057635 0.01434974 -0.008137955 0.03873975 0.01434974 -0.002729955 0.03948305 0.01434974 -0.02312496 0.04002185 0.01434974 -0.02369096 0.03958855 0.01434974 -0.02306696 0.03225515 0.01434974 -0.02850996 0.03631115 0.01434974 -0.02730196 0.02880975 0.01434974 -0.03287996 0.03245685 0.01434974 -0.03102796 0.02481985 0.01434974 -0.03673496 0.02808605 0.01434974 -0.03417696 0.02035975 0.01434974 -0.04001196 0.02326755 0.01434974 -0.03668796 0.01551235 0.01434974 -0.04044596 0.02270185 0.01434974 -0.03851696 0.01036825 0.01434974 -0.04099996 0.02225425 0.01434974 -0.03962696 0.005023018 0.01434974 -0.03999996 -0.0004236522 0.01434974 0.01667804 0.04427625 0.01434974 0.01689704 0.04375915 0.01434974 0.01724104 0.04331615 0.01434974 0.02028204 0.04333625 0.01434974 0.02237404 0.04122085 0.01434974 0.02223004 0.04191875 0.01434974 0.02062104 0.04378385 0.01434974 0.01932204 0.04277345 0.01434974 0.01876604 0.04269645 0.01434974 0.01820904 0.04276605 0.01434974 0.01768904 0.04297745 0.01434974 0.009162045 0.04516485 0.01434974 0.008699045 0.04531855 0.01434974 0.008287045 0.04557975 0.01434974 0.007951045 0.04593295 0.01434974 0.007710045 0.04635705 0.01434974 0.007547045 0.04782925 0.01434974 0.005805045 0.04948995 0.01434974 0.007565045 0.04731445 0.01434974 4.452661e-08 0.04982635 0.01434974 0.007578045 0.04682685 0.01434974 0.01983904 0.04299165 0.01434974 0.01660204 0.04483225 0.01434974 0.01362604 0.04484405 0.01434974 0.007398045 0.04832245 0.01434974 0.007129045 0.04876125 0.01434974 0.02225504 0.04263095 0.01434974 0.02244804 0.04331705 0.01434974 0.02083204 0.04430375 0.01434974 0.02271704 0.04432555 0.01434974 0.02090104 0.04486065 0.01434974 0.02271704 0.04536955 0.01434974 0.02082504 0.04541665 0.01434974 0.02244704 0.04637785 0.01434974 0.02060604 0.04593375 0.01434974 0.02192504 0.04728185 0.01434974 0.02026204 0.04637675 0.01434974 0.02118604 0.04802005 0.01434974 0.01981404 0.04671545 0.01434974 0.02028204 0.04854195 0.01434974 0.01929404 0.04692685 0.01434974 0.01927404 0.04881215 0.01434974 0.01873704 0.04699645 0.01434974 0.01823004 0.04881225 0.01434974 0.01818104 0.04691945 0.01434974 0.01722104 0.04854225 0.01434974 0.01766404 0.04670125 0.01434974 0.01631704 0.04802045 0.01434974 0.01722104 0.04635665 0.01434974 0.01557904 0.04728245 0.01434974 0.01688204 0.04590905 0.01434974 0.01505704 0.04637855 0.01434974 0.01667104 0.04538915 0.01434974 0.01470704 0.04575735 0.01434974 0.01422204 0.04523605 0.01434974 0.006756045 0.04911665 0.01434974 0.006305045 0.04936505 0.01434974 0.01295604 0.04460345 0.01434974 0.01224704 0.04452785 0.01434974 0.01154104 0.04462145 0.01434974 0.03668804 0.01551235 0.01434974 0.04044604 0.02270185 0.01434974 0.03417704 0.02035975 0.01434974 0.04001204 0.02326755 0.01434974 0.03673504 0.02808605 0.01434974 0.03288004 0.03245685 0.01434974 0.04528404 0.01617785 0.01434974 0.04526804 0.01320275 0.01434974 0.04566004 0.01379785 0.01434974 0.04472704 0.01624745 0.01434974 0.04420704 0.01645885 0.01434974 0.04376004 0.01679755 0.01434974 0.04374004 0.01983805 0.01434974 0.04164404 0.02195005 0.01434974 0.04340104 0.01939045 0.01434974 0.04319004 0.01887055 0.01434974 0.04584004 0.01625485 0.01434974 0.04341504 0.01724055 0.01434974 0.04319704 0.01775765 0.01434974 0.04312004 0.01831355 0.01434974 0.04618104 0.01428365 0.01434974 0.04680204 0.01463285 0.01434974 0.04635704 0.01647305 0.01434974 0.04770604 0.01515515 0.01434974 0.04680004 0.01681765 0.01434974 0.04844404 0.01589355 0.01434974 0.04713904 0.01726515 0.01434974 0.04896604 0.01679775 0.01434974 0.04735004 0.01778515 0.01434974 0.04923604 0.01780625 0.01434974 0.04742004 0.01834205 0.01434974 0.04923604 0.01885015 0.01434974 0.04734304 0.01889805 0.01434974 0.04896604 0.01985855 0.01434974 0.04712504 0.01941515 0.01434974 0.04844404 0.02076265 0.01434974 0.04678004 0.01985815 0.01434974 0.04770604 0.02150095 0.01434974 0.04633304 0.02019685 0.01434974 0.04680204 0.02202305 0.01434974 0.04581304 0.02040825 0.01434974 0.04579304 0.02229345 0.01434974 0.04525604 0.02047775 0.01434974 0.04474904 0.02229375 0.01434974 0.04470004 0.02040085 0.01434974 0.04374104 0.02202395 0.01434974 0.04418304 0.02018265 0.01434974 0.04305504 0.02183155 0.01434974 0.04234204 0.02180655 0.01434974 0.04502704 0.01253205 0.01434974 0.04495104 0.01182355 0.01434974 0.04504504 0.01111705 0.01434974 0.04319004 -0.01863245 0.01434974 0.04340104 -0.01811245 0.01434974 0.04376004 -0.02070545 0.01434974 0.04341504 -0.02026245 0.01434974 0.04319704 -0.01974535 0.01434974 0.04312004 -0.01918935 0.01434974 0.04613504 -0.006239692 0.01434974 0.04650004 -0.0004236522 0.01434974 0.04613504 0.005392388 0.01434974 0.04374004 -0.01766495 0.01434974 0.04418304 -0.01732035 0.01434974 0.04470004 -0.01710215 0.01434974 0.04164404 -0.02279735 0.01434974 0.04234204 -0.02265385 0.01434974 0.04420704 -0.02104415 0.01434974 0.04525604 -0.01702515 0.01434974 0.04526804 -0.01405005 0.01434974 0.04305504 -0.02267885 0.01434974 0.04374104 -0.02287125 0.01434974 0.04472704 -0.02125555 0.01434974 0.04474904 -0.02314105 0.01434974 0.04528404 -0.02132505 0.01434974 0.04579304 -0.02314075 0.01434974 0.04584004 -0.02124815 0.01434974 0.04680204 -0.02287035 0.01434974 0.04635704 -0.02102995 0.01434974 0.04770604 -0.02234825 0.01434974 0.04680004 -0.02068535 0.01434974 0.04844404 -0.02160995 0.01434974 0.04713904 -0.02023775 0.01434974 0.04896604 -0.02070585 0.01434974 0.04735004 -0.01971785 0.01434974 0.04923604 -0.01969745 0.01434974 0.04742004 -0.01916085 0.01434974 0.04923604 -0.01865355 0.01434974 0.04734304 -0.01860495 0.01434974 0.04896604 -0.01764505 0.01434974 0.04712504 -0.01808785 0.01434974 0.04844404 -0.01674085 0.01434974 0.04678004 -0.01764485 0.01434974 0.04770604 -0.01600245 0.01434974 0.04633304 -0.01730615 0.01434974 0.04680204 -0.01548015 0.01434974 0.04581304 -0.01709475 0.01434974 0.04618104 -0.01513095 0.01434974 0.04566004 -0.01464515 0.01434974 0.04502704 -0.01337935 0.01434974 0.04495104 -0.01267085 0.01434974 0.04504504 -0.01196435 0.01434974 0.01932204 -0.04776675 0.01434974 0.01876604 -0.04784375 0.01434974 0.02118604 -0.04886735 0.01434974 0.01688204 -0.04463115 0.01434974 0.01722104 -0.04418355 0.01434974 0.02026204 -0.04416345 0.01434974 0.02060604 -0.04460645 0.01434974 0.02225504 -0.04347825 0.01434974 0.01667104 -0.04515105 0.01434974 0.02244804 -0.04416435 0.01434974 0.02082504 -0.04512355 0.01434974 0.02271704 -0.04517285 0.01434974 0.02090104 -0.04567955 0.01434974 0.02271704 -0.04621685 0.01434974 0.02083204 -0.04623645 0.01434974 0.02244704 -0.04722515 0.01434974 0.02062104 -0.04675635 0.01434974 0.02192504 -0.04812915 0.01434974 0.02028204 -0.04720395 0.01434974 0.01983904 -0.04754855 0.01434974 0.01820904 -0.04777415 0.01434974 0.01768904 -0.04756275 0.01434974 0.01620704 -0.04878005 0.01434974 0.01724104 -0.04722405 0.01434974 0.01557904 -0.04812975 0.01434974 0.01689704 -0.04678105 0.01434974 0.01505704 -0.04722585 0.01434974 0.01667804 -0.04626395 0.01434974 0.01660204 -0.04570795 0.01434974 0.01422204 -0.04608335 0.01434974 0.01470704 -0.04660465 0.01434974 0.01873704 -0.04354375 0.01434974 0.01818104 -0.04362075 0.01434974 0.01766404 -0.04383895 0.01434974 0.02223004 -0.04276605 0.01434974 0.02237404 -0.04206815 0.01434974 0.01981404 -0.04382475 0.01434974 0.01929404 -0.04361335 0.01434974 0.005816045 -0.04655845 0.01434974 0.01154104 -0.04546875 0.01434974 0.01224704 -0.04537515 0.01434974 0.01295604 -0.04545075 0.01434974 0.01362604 -0.04569135 0.01434974 0.01927404 -0.04965945 0.01434974 0.01631704 -0.04886775 0.01434974 0.01823004 -0.04965955 0.01434974 0.01722104 -0.04938955 0.01434974 0.02028204 -0.04938925 0.01434974 -0.01295596 -0.04545075 0.01434974 -0.01667796 -0.04512355 0.01434974 -0.01362596 -0.04569135 0.01434974 -0.01660196 -0.04567955 0.01434974 -0.01422196 -0.04608335 0.01434974 -0.01224696 -0.04537515 0.01434974 -0.01154096 -0.04546875 0.01434974 -0.005815955 -0.04655845 0.01434974 4.452661e-08 -0.04692365 0.01434974 -0.01873696 -0.04784375 0.01434974 -0.01929396 -0.04777415 0.01434974 -0.02118596 -0.04886735 0.01434974 -0.01689696 -0.04460645 0.01434974 -0.01724096 -0.04416345 0.01434974 -0.01981396 -0.04756275 0.01434974 -0.02026196 -0.04722405 0.01434974 -0.02192496 -0.04812915 0.01434974 -0.02060596 -0.04678105 0.01434974 -0.02244696 -0.04722515 0.01434974 -0.02082396 -0.04626395 0.01434974 -0.02271696 -0.04621685 0.01434974 -0.02090096 -0.04570795 0.01434974 -0.02271696 -0.04517285 0.01434974 -0.02083196 -0.04515105 0.01434974 -0.02244796 -0.04416435 0.01434974 -0.02062096 -0.04463115 0.01434974 -0.02225496 -0.04347825 0.01434974 -0.02222996 -0.04276605 0.01434974 -0.02028196 -0.04418355 0.01434974 -0.02237396 -0.04206815 0.01434974 -0.01932196 -0.04362075 0.01434974 -0.01876596 -0.04354375 0.01434974 -0.01820896 -0.04361335 0.01434974 -0.01768896 -0.04382475 0.01434974 -0.01470696 -0.04660465 0.01434974 -0.01667096 -0.04623645 0.01434974 -0.01505696 -0.04722585 0.01434974 -0.01688196 -0.04675635 0.01434974 -0.01557896 -0.04812975 0.01434974 -0.01722096 -0.04720395 0.01434974 -0.01631696 -0.04886775 0.01434974 -0.01766396 -0.04754855 0.01434974 -0.01818096 -0.04776675 0.01434974 -0.01983896 -0.04383895 0.01434974 -0.01927396 -0.04965945 0.01434974 -0.01822996 -0.04965955 0.01434974 -0.02028196 -0.04938925 0.01434974 -0.01722096 -0.04938955 0.01434974 -0.04373996 -0.02068535 0.01434974 -0.04164396 -0.02279735 0.01434974 -0.04340096 -0.02023775 0.01434974 -0.04318996 -0.01971785 0.01434974 -0.04741996 -0.01918935 0.01434974 -0.04844396 -0.02160995 0.01434974 -0.04734296 -0.01974535 0.01434974 -0.04712496 -0.02026245 0.01434974 -0.04375996 -0.01764485 0.01434974 -0.04420696 -0.01730615 0.01434974 -0.04472696 -0.01709475 0.01434974 -0.04341496 -0.01808785 0.01434974 -0.04319696 -0.01860495 0.01434974 -0.04311996 -0.01916085 0.01434974 -0.04677996 -0.02070545 0.01434974 -0.04770596 -0.02234825 0.01434974 -0.04633296 -0.02104415 0.01434974 -0.04680196 -0.02287035 0.01434974 -0.04581296 -0.02125555 0.01434974 -0.04579296 -0.02314075 0.01434974 -0.04525596 -0.02132505 0.01434974 -0.04474896 -0.02314105 0.01434974 -0.04469996 -0.02124815 0.01434974 -0.04374096 -0.02287125 0.01434974 -0.04418296 -0.02102995 0.01434974 -0.04305496 -0.02267885 0.01434974 -0.04234196 -0.02265385 0.01434974 -0.04734996 -0.01863245 0.01434974 -0.04713896 -0.01811245 0.01434974 -0.04835596 -0.01663055 0.01434974 -0.04679996 -0.01766495 0.01434974 -0.04770596 -0.01600245 0.01434974 -0.04635696 -0.01732035 0.01434974 -0.04680196 -0.01548015 0.01434974 -0.04583996 -0.01710215 0.01434974 -0.04618096 -0.01513095 0.01434974 -0.04565996 -0.01464515 0.01434974 -0.04528396 -0.01702515 0.01434974 -0.04526796 -0.01405005 0.01434974 -0.04502696 -0.01337935 0.01434974 -0.04495096 -0.01267085 0.01434974 -0.04504496 -0.01196435 0.01434974 -0.04844396 -0.01674085 0.01434974 -0.04896596 -0.01764505 0.01434974 -0.04923596 -0.01865355 0.01434974 -0.04896596 -0.02070585 0.01434974 -0.04923596 -0.01969745 0.01434974 -0.04341496 0.01941515 0.01434974 -0.04319696 0.01889805 0.01434974 -0.04712496 0.01724055 0.01434974 -0.04734296 0.01775765 0.01434974 -0.04844396 0.01589355 0.01434974 -0.04741996 0.01831355 0.01434974 -0.04734996 0.01887055 0.01434974 -0.04844396 0.02076265 0.01434974 -0.04375996 0.01985815 0.01434974 -0.04418296 0.01647305 0.01434974 -0.04469996 0.01625485 0.01434974 -0.04373996 0.01681765 0.01434974 -0.04613496 0.005392388 0.01434974 -0.04649996 -0.0004236522 0.01434974 -0.04613496 -0.006239692 0.01434974 -0.04311996 0.01834205 0.01434974 -0.04318996 0.01778515 0.01434974 -0.04340096 0.01726515 0.01434974 -0.04164396 0.02195005 0.01434974 -0.04234196 0.02180655 0.01434974 -0.04420696 0.02019685 0.01434974 -0.04525596 0.01617785 0.01434974 -0.04526796 0.01320275 0.01434974 -0.04677996 0.01679755 0.01434974 -0.04770596 0.01515515 0.01434974 -0.04633296 0.01645885 0.01434974 -0.04680196 0.01463285 0.01434974 -0.04581296 0.01624745 0.01434974 -0.04618096 0.01428365 0.01434974 -0.04565996 0.01379785 0.01434974 -0.04713896 0.01939045 0.01434974 -0.04679996 0.01983805 0.01434974 -0.04770596 0.02150095 0.01434974 -0.04635696 0.02018265 0.01434974 -0.04680196 0.02202305 0.01434974 -0.04583996 0.02040085 0.01434974 -0.04579296 0.02229345 0.01434974 -0.04528396 0.02047775 0.01434974 -0.04474896 0.02229375 0.01434974 -0.04472696 0.02040825 0.01434974 -0.04374096 0.02202395 0.01434974 -0.04305496 0.02183155 0.01434974 -0.04502696 0.01253205 0.01434974 -0.04495096 0.01182355 0.01434974 -0.04504496 0.01111705 0.01434974 -0.04923596 0.01885015 0.01434974 -0.04923596 0.01780625 0.01434974 -0.04896596 0.01985855 0.01434974 -0.04896596 0.01679775 0.01434974 -0.01688196 0.04378385 0.01434974 -0.01722096 0.04333625 0.01434974 -0.01667096 0.04430375 0.01434974 -0.01873696 0.04269645 0.01434974 -0.01818096 0.04277345 0.01434974 -0.01766396 0.04299165 0.01434974 -0.007564955 0.04731445 0.01434974 -0.007577955 0.04682685 0.01434974 -0.02026196 0.04331615 0.01434974 -0.02237396 0.04122085 0.01434974 -0.01981396 0.04297745 0.01434974 -0.01929396 0.04276605 0.01434974 -0.01667796 0.04541665 0.01434974 -0.01660196 0.04486065 0.01434974 -0.01422196 0.04523605 0.01434974 -0.008286955 0.04557975 0.01434974 -0.008698955 0.04531855 0.01434974 -0.009161955 0.04516485 0.01434974 -0.01470696 0.04575735 0.01434974 -0.01505696 0.04637855 0.01434974 -0.01689696 0.04593375 0.01434974 -0.01557896 0.04728245 0.01434974 -0.01724096 0.04637675 0.01434974 -0.01631696 0.04802045 0.01434974 -0.01768896 0.04671545 0.01434974 -0.01722096 0.04854225 0.01434974 -0.01820896 0.04692685 0.01434974 -0.01822996 0.04881225 0.01434974 -0.01876596 0.04699645 0.01434974 -0.01927396 0.04881215 0.01434974 -0.01932196 0.04691945 0.01434974 -0.02028196 0.04854195 0.01434974 -0.01983896 0.04670125 0.01434974 -0.02118596 0.04802005 0.01434974 -0.02028196 0.04635665 0.01434974 -0.02192496 0.04728185 0.01434974 -0.02062096 0.04590905 0.01434974 -0.02244696 0.04637785 0.01434974 -0.02083196 0.04538915 0.01434974 -0.02271696 0.04536955 0.01434974 -0.02090096 0.04483225 0.01434974 -0.02271696 0.04432555 0.01434974 -0.02082396 0.04427625 0.01434974 -0.02244796 0.04331705 0.01434974 -0.02060596 0.04375915 0.01434974 -0.02225496 0.04263095 0.01434974 -0.02222996 0.04191875 0.01434974 -0.007709955 0.04635705 0.01434974 -0.007950955 0.04593295 0.01434974 -0.01154096 0.04462145 0.01434974 -0.01224696 0.04452785 0.01434974 -0.01295596 0.04460345 0.01434974 -0.01362596 0.04484405 0.01434974 -0.006304955 0.04936505 0.01434974 -0.006755955 0.04911665 0.01434974 -0.007128955 0.04876125 0.01434974 -0.005804955 0.04948995 0.01434974 -0.007546955 0.04782925 0.01434974 -0.007397955 0.04832245 0.01434974 0.04000004 -0.0004236522 -0.02815026 0.03962704 -0.005870322 -0.02815026 4.452661e-08 -0.0004236522 -0.02815026 0.03668804 0.01551235 -0.02815026 0.03851704 0.01036825 -0.02815026 0.03962704 0.005023018 -0.02815026 0.02730204 0.02880975 -0.02815026 0.03102804 0.02481985 -0.02815026 0.03417704 0.02035975 -0.02815026 0.01339504 0.03726675 -0.02815026 0.01840304 0.03509175 -0.02815026 0.02306704 0.03225515 -0.02815026 -0.002729955 0.03948305 -0.02815026 0.002730045 0.03948305 -0.02815026 0.008138045 0.03873975 -0.02815026 -0.01840296 0.03509175 -0.02815026 -0.01339496 0.03726675 -0.02815026 -0.008137955 0.03873975 -0.02815026 -0.03102796 0.02481985 -0.02815026 -0.02730196 0.02880975 -0.02815026 -0.02306696 0.03225515 -0.02815026 -0.03851696 0.01036825 -0.02815026 -0.03668796 0.01551235 -0.02815026 -0.03417696 0.02035975 -0.02815026 -0.03962696 -0.005870322 -0.02815026 -0.03999996 -0.0004236522 -0.02815026 -0.03962696 0.005023018 -0.02815026 -0.03417696 -0.02120705 -0.02815026 -0.03668796 -0.01635965 -0.02815026 -0.03851696 -0.01121555 -0.02815026 -0.02306696 -0.03310245 -0.02815026 -0.02730196 -0.02965705 -0.02815026 -0.03102796 -0.02566715 -0.02815026 -0.008137955 -0.03958705 -0.02815026 -0.01339496 -0.03811405 -0.02815026 -0.01840296 -0.03593905 -0.02815026 0.008138045 -0.03958705 -0.02815026 0.002730045 -0.04033035 -0.02815026 -0.002729955 -0.04033035 -0.02815026 0.02306704 -0.03310245 -0.02815026 0.01840304 -0.03593905 -0.02815026 0.01339504 -0.03811405 -0.02815026 0.03417704 -0.02120705 -0.02815026 0.03102804 -0.02566715 -0.02815026 0.02730204 -0.02965705 -0.02815026 0.03851704 -0.01121555 -0.02815026 0.03668804 -0.01635965 -0.02815026 -0.03999996 -0.0004236522 -0.02815026 -0.03962696 0.005023018 -0.01615026 -0.03962696 0.005023018 -0.02815026 -0.03851696 0.01036825 -0.01615026 -0.03851696 0.01036825 -0.02815026 -0.03668796 0.01551235 -0.01615026 -0.03668796 0.01551235 -0.02815026 -0.03417696 0.02035975 -0.01615026 -0.03417696 0.02035975 -0.02815026 -0.03102796 0.02481985 -0.01615026 -0.03102796 0.02481985 -0.02815026 -0.02730196 0.02880975 -0.01615026 -0.02730196 0.02880975 -0.02815026 -0.02306696 0.03225515 -0.01615026 -0.02306696 0.03225515 -0.02815026 -0.01840296 0.03509175 -0.01615026 -0.01840296 0.03509175 -0.02815026 -0.01339496 0.03726675 -0.01615026 -0.01339496 0.03726675 -0.02815026 -0.008137955 0.03873975 -0.01615026 -0.008137955 0.03873975 -0.02815026 -0.002729955 0.03948305 -0.01615026 -0.002729955 0.03948305 -0.02815026 0.002730045 0.03948305 -0.01615026 0.002730045 0.03948305 -0.02815026 0.008138045 0.03873975 -0.01615026 0.008138045 0.03873975 -0.02815026 0.01339504 0.03726675 -0.01615026 0.01339504 0.03726675 -0.02815026 0.01840304 0.03509175 -0.01615026 0.01840304 0.03509175 -0.02815026 0.02306704 0.03225515 -0.01615026 0.02306704 0.03225515 -0.02815026 0.02730204 0.02880975 -0.01615026 0.02730204 0.02880975 -0.02815026 0.03102804 0.02481985 -0.01615026 0.03102804 0.02481985 -0.02815026 0.03417704 0.02035975 -0.01615026 0.03417704 0.02035975 -0.02815026 0.03668804 0.01551235 -0.01615026 0.03668804 0.01551235 -0.02815026 0.03851704 0.01036825 -0.01615026 0.03851704 0.01036825 -0.02815026 0.03962704 0.005023018 -0.01615026 0.03962704 0.005023018 -0.02815026 0.04000004 -0.0004236522 -0.01615026 0.04000004 -0.0004236522 -0.02815026 0.03962704 -0.005870322 -0.01615026 0.03962704 -0.005870322 -0.02815026 0.03851704 -0.01121555 -0.01615026 0.03851704 -0.01121555 -0.02815026 0.03668804 -0.01635965 -0.01615026 0.03668804 -0.01635965 -0.02815026 0.03417704 -0.02120705 -0.01615026 0.03417704 -0.02120705 -0.02815026 0.03102804 -0.02566715 -0.01615026 0.03102804 -0.02566715 -0.02815026 0.02730204 -0.02965705 -0.01615026 0.02730204 -0.02965705 -0.02815026 0.02306704 -0.03310245 -0.01615026 0.02306704 -0.03310245 -0.02815026 0.01840304 -0.03593905 -0.01615026 0.01840304 -0.03593905 -0.02815026 0.01339504 -0.03811405 -0.01615026 0.01339504 -0.03811405 -0.02815026 0.008138045 -0.03958705 -0.01615026 0.008138045 -0.03958705 -0.02815026 0.002730045 -0.04033035 -0.01615026 0.002730045 -0.04033035 -0.02815026 -0.002729955 -0.04033035 -0.01615026 -0.002729955 -0.04033035 -0.02815026 -0.008137955 -0.03958705 -0.01615026 -0.008137955 -0.03958705 -0.02815026 -0.01339496 -0.03811405 -0.01615026 -0.01339496 -0.03811405 -0.02815026 -0.01840296 -0.03593905 -0.01615026 -0.01840296 -0.03593905 -0.02815026 -0.02306696 -0.03310245 -0.01615026 -0.02306696 -0.03310245 -0.02815026 -0.02730196 -0.02965705 -0.01615026 -0.02730196 -0.02965705 -0.02815026 -0.03102796 -0.02566715 -0.01615026 -0.03102796 -0.02566715 -0.02815026 -0.03417696 -0.02120705 -0.01615026 -0.03417696 -0.02120705 -0.02815026 -0.03668796 -0.01635965 -0.01615026 -0.03668796 -0.01635965 -0.02815026 -0.03851696 -0.01121555 -0.01615026 -0.03851696 -0.01121555 -0.02815026 -0.03962696 -0.005870322 -0.01615026 -0.03962696 -0.005870322 -0.02815026 -0.03999996 -0.0004236522 -0.01615026</float_array>
          <technique_common>
            <accessor count="2148" source="#verts-array-array" stride="3">
              <param type="float" name="X"/>
              <param type="float" name="Y"/>
              <param type="float" name="Z"/>
            </accessor>
          </technique_common>
        </source>
        <source id="normals-array">
          <float_array count="6444" id="normals-array-array">0 0 -1 0 0 -1 0 0 -1 0 0 -1 0 0 -1 0 0 -1 0 0 -1 0 0 -1 0 0 -1 0 0 -1 0 0 -1 0 0 -1 0 0 -1 0 0 -1 0 0 -1 0 0 -1 0 0 -1 0 0 -1 0 0 -1 0 0 -1 0 0 -1 0 0 -1 0 0 -1 0 0 -1 0 0 -1 0 0 -1 0 0 -1 0 0 -1 0 0 -1 0 0 -1 0 0 -1 0 0 -1 0 0 -1 0 0 -1 0 0 -1 0 0 -1 0 0 -1 0 0 -1 0 0 -1 0 0 -1 0 0 -1 0 0 -1 0 0 -1 0 0 -1 0 0 -1 0 0 -1 0 0 -1 0 0 -1 0 0 -1 0 0 -1 0 0 -1 0 0 -1 0 0 -1 0 0 -1 0 0 -1 0 0 -1 0 0 -1 0 0 -1 0 0 -1 0 0 -1 0 0 -1 0 0 -1 0 0 -1 0 0 -1 0 0 -1 0 0 -1 0 0 -1 0 0 -1 0 0 -1 0 0 -1 0 0 -1 0 0 -1 0 0 -1 0 0 -1 0 0 -1 0 0 -1 0 0 -1 0 0 -1 0 0 -1 0 0 -1 0 0 -1 0 0 -1 0 0 -1 0 0 -1 0 0 -1 0 0 -1 0 0 -1 0 0 -1 0 0 -1 0 0 -1 0 0 -1 0 0 -1 0 0 -1 0 0 -1 0 0 -1 0 0 -1 0 0 -1 0 0 -1 0 0 -1 0 0 -1 0 0 -1 0 0 -1 0 0 -1 0 0 -1 0 0 -1 0 0 -1 0 0 -1 0 0 -1 0 0 -1 0 0 -1 0 0 -1 0 0 -1 0 0 -1 0 0 -1 0 0 -1 0 0 -1 0 0 -1 0 0 -1 0 0 -1 0 0 -1 0 0 -1 0 0 -1 0 0 -1 0 0 -1 0 0 -1 0 0 -1 0 0 -1 0 0 -1 0 0 -1 0 0 -1 0 0 -1 0 0 -1 0 0 -1 0 0 -1 0 0 -1 0 0 -1 0 0 -1 0 0 -1 0 0 -1 0 0 -1 0 0 -1 0 0 -1 0 0 -1 0 0 -1 0 0 -1 0 0 -1 0 0 -1 0 0 -1 0 0 -1 0 0 -1 0 0 -1 0 0 -1 0 0 -1 0 0 -1 0 0 -1 0 0 -1 0 0 -1 0 0 -1 0 0 -1 0 0 -1 0 0 -1 0 0 -1 0 0 -1 0 0 -1 0 0 -1 0 0 -1 0 0 -1 0 0 -1 0 0 -1 0 0 -1 0 0 -1 0 0 -1 0 0 -1 0 0 -1 0 0 -1 0 0 -1 0 0 -1 0 0 -1 0 0 -1 0 0 -1 0 0 -1 0 0 -1 0 0 -1 0 0 -1 0 0 -1 0 0 -1 0 0 -1 0 0 -1 0 0 -1 0 0 -1 0 0 -1 0 0 -1 0 0 -1 0 0 -1 0 0 -1 0 0 -1 0 0 -1 0 0 -1 0 0 -1 0 0 -1 0 0 -1 0 0 -1 0 0 -1 0 0 -1 0 0 -1 0 0 -1 0 0 -1 0 0 -1 0 0 -1 0 0 -1 0 0 -1 0 0 -1 0 0 -1 0 0 -1 0 0 -1 0 0 -1 0 0 -1 0 0 -1 0 0 -1 0 0 -1 0 0 -1 0 0 -1 0 0 -1 0 0 -1 0 0 -1 0 0 -1 0 0 -1 0 0 -1 0 0 -1 0 0 -1 0 0 -1 0 0 -1 0 0 -1 0 0 -1 0 0 -1 0 0 -1 0 0 -1 0 0 -1 0 0 -1 0 0 -1 0 0 -1 0 0 -1 0 0 -1 0 0 -1 0 0 -1 0 0 -1 0 0 -1 0 0 -1 0 0 -1 0 0 -1 0 0 -1 0 0 -1 0 0 -1 0 0 -1 0 0 -1 0 0 -1 0 0 -1 0 0 -1 0 0 -1 0 0 -1 0 0 -1 0 0 -1 0 0 -1 0 0 -1 0 0 -1 0 0 -1 0 0 -1 0 0 -1 0 0 -1 0 0 -1 0 0 -1 0 0 -1 0 0 -1 0 0 -1 0 0 -1 0 0 -1 0 0 -1 0 0 -1 0 0 -1 0 0 -1 0 0 -1 0 0 -1 0 0 -1 0 0 -1 0 0 -1 0 0 -1 0 0 -1 0 0 -1 0 0 -1 0 0 -1 0 0 -1 0 0 -1 0 0 -1 0 0 -1 0 0 -1 0 0 -1 0 0 -1 0 0 -1 0 0 -1 0 0 -1 0 0 -1 0 0 -1 0 0 -1 0 0 -1 0 0 -1 0 0 -1 0 0 -1 0 0 -1 0 0 -1 0 0 -1 0 0 -1 0 0 -1 0 0 -1 0 0 -1 0 0 -1 0 0 -1 0 0 -1 0 0 -1 0 0 -1 0 0 -1 0 0 -1 0 0 -1 0 0 -1 0 0 -1 0 0 -1 0 0 -1 0 0 -1 0 0 -1 0 0 -1 0 0 -1 0 0 -1 0 0 -1 0 0 -1 0 0 -1 0 0 -1 0 0 -1 0 0 -1 0 0 -1 0 0 -1 0 0 -1 0 0 -1 0 0 -1 0 0 -1 0 0 -1 0 0 -1 0 0 -1 0 0 -1 0 0 -1 0 0 -1 0 0 -1 0 0 -1 0 0 -1 0 0 -1 0 0 -1 0 0 -1 0 0 -1 0 0 -1 0 0 -1 0 0 -1 0 0 -1 0 0 -1 0 0 -1 0 0 -1 0 0 -1 0 0 -1 0 0 -1 0 0 -1 0 0 -1 0 0 -1 0 0 -1 0 0 -1 0 0 -1 0 0 -1 0 0 -1 0 0 -1 0 0 -1 0 0 -1 0 0 -1 0 0 -1 0 0 -1 0 0 -1 0 0 -1 0 0 -1 0 0 -1 0 0 -1 0 0 -1 0 0 -1 0 0 -1 0 0 -1 0 0 -1 0 0 -1 0 0 -1 0 0 -1 0 0 -1 0 0 -1 0 0 -1 0 0 -1 0 0 -1 0 0 -1 0 0 -1 0 0 -1 0 0 -1 0 0 -1 0 0 -1 0 0 -1 0 0 -1 0 0 -1 0 0 -1 0 0 -1 0 0 -1 0 0 -1 0 0 -1 0 0 -1 0 0 -1 0 0 -1 0 0 -1 0 0 -1 0 0 -1 0 0 -1 0 0 -1 0 0 -1 0 0 -1 0 0 -1 0 0 -1 0 0 -1 0 0 -1 0 0 -1 0 0 -1 0 0 -1 0 0 -1 0 0 -1 0 0 -1 0 0 -1 0 0 -1 0 0 -1 0 0 -1 0 0 -1 0 0 -1 0 0 -1 0 0 -1 0 0 -1 0 0 -1 0 0 -1 0 0 -1 0 0 -1 0 0 -1 0 0 -1 0 0 -1 0 0 -1 0 0 -1 0 0 -1 0 0 -1 0 0 -1 0 0 -1 0 0 -1 0 0 -1 0 0 -1 0 0 -1 0 0 -1 0 0 -1 0 0 -1 0 0 -1 0 0 -1 0 0 -1 0 0 -1 0 0 -1 0 0 -1 0 0 -1 0 0 -1 0 0 -1 0 0 -1 0 0 -1 0 0 -1 0 0 -1 0 0 -1 0 0 -1 0 0 -1 0 0 -1 0 0 -1 0 0 -1 0 0 -1 0 0 -1 0 0 -1 0 0 -1 0 0 -1 0 0 -1 0 0 -1 0 0 -1 0 0 -1 0 0 -1 0 0 -1 0 0 -1 0 0 -1 -0.8104804 0.5857658 0 -0.8104804 0.5857658 0 -0.7159432 0.6981585 0 -0.7159432 0.6981585 0 -0.5315494 0.8470273 0 -0.5315494 0.8470273 0 -0.3164903 0.9485958 0 -0.3164903 0.9485958 0 -0.08375849 0.9964861 0 -0.08375849 0.9964861 0 0.1536341 0.9881278 0 0.1536341 0.9881278 0 0.2643065 0.9644387 0 0.2643065 0.9644387 0 -0.4952139 -0.8687711 0 -0.4952139 -0.8687711 0 -0.5902359 -0.8072308 0 -0.5902359 -0.8072308 0 -0.7639324 -0.6452963 0 -0.7639324 -0.6452963 0 -0.894396 -0.447276 0 -0.894396 -0.447276 0 -0.9745908 -0.2239929 0 -0.9745908 -0.2239929 0 -0.9999193 0.01270622 0 -0.9999193 0.01270622 0 -0.9871934 0.1595283 0 -0.9871934 0.1595283 0 -0.9999801 -0.006310207 0 -0.9999801 -0.006310207 0 -0.9675933 0.2525138 0 -0.9675933 0.2525138 0 -0.8693702 0.4941614 0 -0.8693702 0.4941614 0 -0.7116538 0.7025303 0 -0.7116538 0.7025303 0 -0.5057383 0.8626869 0 -0.5057383 0.8626869 0 -0.2651924 0.9641955 0 -0.2651924 0.9641955 0 -0.006651644 0.9999779 0 -0.006651644 0.9999779 0 0.2523733 0.96763 0 0.2523733 0.96763 0 0.4945147 0.8691693 0 0.4945147 0.8691693 0 0.7024083 0.7117742 0 0.7024083 0.7117742 0 0.8626453 0.5058094 0 0.8626453 0.5058094 0 0.9642248 0.2650858 0 0.9642248 0.2650858 0 0.9999802 0.006286878 0 0.9999802 0.006286878 0 0.9675989 -0.2524921 0 0.9675989 -0.2524921 0 0.8693602 -0.494179 0 0.8693602 -0.494179 0 0.7116161 -0.7025686 0 0.7116161 -0.7025686 0 0.5057383 -0.8626869 0 0.5057383 -0.8626869 0 0.2652775 -0.9641721 0 0.2652775 -0.9641721 0 0.006651493 -0.9999779 0 0.006651493 -0.9999779 0 -0.2524588 -0.9676076 0 -0.2524588 -0.9676076 0 -0.4945147 -0.8691693 0 -0.4945147 -0.8691693 0 -0.7024083 -0.7117742 0 -0.7024083 -0.7117742 0 -0.8626453 -0.5058094 0 -0.8626453 -0.5058094 0 -0.9642216 -0.2650976 0 -0.9642216 -0.2650976 0 -0.1592688 -0.9872353 0 -0.1592688 -0.9872353 0 -0.1250719 -0.9921477 0 -0.1250719 -0.9921477 0 9.737502e-17 -1 0 1.903239e-16 -1 0 0.1250719 -0.9921477 0 0.1250719 -0.9921477 0 0.1592688 -0.9872353 0 0.1592688 -0.9872353 0 0.9995256 0.03079797 0 0.9995256 0.03079797 0 0.9865543 0.1634341 0 0.9865543 0.1634341 0 0.9124068 0.4092846 0 0.9124068 0.4092846 0 0.7777282 0.6286007 0 0.7777282 0.6286007 0 0.5910336 0.8066469 0 0.5910336 0.8066469 0 0.3654485 0.9308315 0 0.3654485 0.9308315 0 0.1507608 0.9885703 0 0.1507608 0.9885703 0 -0.5853496 0.810781 0 -0.5853496 0.810781 0 -0.6131249 0.7899859 0 -0.6131249 0.7899859 0 -0.707107 0.7071065 0 -0.707107 0.7071065 0 -0.7899888 0.6131213 0 -0.7899888 0.6131213 0 0.8686127 -0.4954917 0 0.8686127 -0.4954917 0 0.8073101 -0.5901274 0 0.8073101 -0.5901274 0 0.6454548 -0.7637985 0 0.6454548 -0.7637985 0 0.4468778 -0.894595 0 0.4468778 -0.894595 0 0.223589 -0.9746835 0 0.223589 -0.9746835 0 -0.01279043 -0.9999182 0 -0.01279043 -0.9999182 0 -0.9644508 -0.2642623 0 -0.9644508 -0.2642623 0 -0.9880654 -0.1540353 0 -0.9880654 -0.1540353 0 -0.9964577 0.0840954 0 -0.9964577 0.0840954 0 -0.9485701 0.3165672 0 -0.9485701 0.3165672 0 -0.8474655 0.5308504 0 -0.8474655 0.5308504 0 -0.6981804 0.7159219 0 -0.6981804 0.7159219 0 -0.4952139 0.8687711 0 -0.6020672 0.7984454 0 -0.4952139 0.8687711 0 -0.6020672 0.7984454 0 -0.7398345 0.6727889 0 -0.7398345 0.6727889 0 -0.8261878 0.5633949 0 -0.8261878 0.5633949 0 -0.923926 0.3825711 0 -0.923926 0.3825711 0 -0.9914585 0.1304222 0 -0.9914585 0.1304222 0 -0.9914569 -0.1304345 0 -0.9914569 -0.1304345 0 -0.9239121 -0.3826047 0 -0.9239121 -0.3826047 0 -0.7934107 -0.6086866 0 -0.7934107 -0.6086866 0 -0.6088997 -0.7932472 0 -0.6088997 -0.7932472 0 -0.3827674 -0.9238447 0 -0.3827674 -0.9238447 0 -0.1306866 -0.9914237 0 -0.1306866 -0.9914237 0 0.1302494 -0.9914813 0 0.1302494 -0.9914813 0 0.2643065 -0.9644387 0 0.2643065 -0.9644387 0 -0.9644508 0.2642623 0 -0.9644508 0.2642623 0 -0.9915188 0.1299634 0 -0.9915188 0.1299634 0 -0.9914553 -0.1304468 0 -0.9914553 -0.1304468 0 -0.9238982 -0.3826383 0 -0.9238982 -0.3826383 0 -0.7931694 -0.609001 0 -0.7931694 -0.609001 0 -0.6085385 -0.7935244 0 -0.6085385 -0.7935244 0 -0.3827198 -0.9238645 0 -0.3827198 -0.9238645 0 -0.1306229 -0.9914321 0 -0.1306229 -0.9914321 0 0.1303133 -0.9914729 0 0.1303133 -0.9914729 0 0.3824815 -0.9239631 0 0.3824815 -0.9239631 0 0.6087204 -0.7933848 0 0.6087204 -0.7933848 0 0.7933197 -0.6088052 0 0.7933197 -0.6088052 0 -0.5853496 -0.810781 0 -0.5853496 -0.810781 0 -0.6981804 -0.7159219 0 -0.6981804 -0.7159219 0 -0.8474655 -0.5308504 0 -0.8474655 -0.5308504 0 -0.9485701 -0.3165672 0 -0.9485701 -0.3165672 0 -0.9964577 -0.0840954 0 -0.9964577 -0.0840954 0 -0.9880654 0.1540353 0 -0.9880654 0.1540353 0 0.01279043 -0.9999182 0 0.01279043 -0.9999182 0 -0.223589 -0.9746835 0 -0.223589 -0.9746835 0 -0.4468778 -0.894595 0 -0.4468778 -0.894595 0 -0.6454548 -0.7637985 0 -0.6454548 -0.7637985 0 -0.8073101 -0.5901274 0 -0.8073101 -0.5901274 0 -0.8686127 -0.4954917 0 -0.8686127 -0.4954917 0 0.4952139 -0.8687711 0 0.4952139 -0.8687711 0 0.6089924 -0.7931761 0 0.6089924 -0.7931761 0 0.7934459 -0.6086408 0 0.7934459 -0.6086408 0 0.923926 -0.3825711 0 0.923926 -0.3825711 0 0.9914585 -0.1304222 0 0.9914585 -0.1304222 0 0.9914569 0.1304345 0 0.9914569 0.1304345 0 0.9239121 0.3826047 0 0.9239121 0.3826047 0 0.7934107 0.6086866 0 0.7934107 0.6086866 0 0.6088997 0.7932472 0 0.6088997 0.7932472 0 0.3827674 0.9238447 0 0.3827674 0.9238447 0 0.1306866 0.9914237 0 0.1306866 0.9914237 0 -0.1302494 0.9914813 0 -0.1302494 0.9914813 0 -0.2643065 0.9644387 0 -0.2643065 0.9644387 0 -0.8104804 -0.5857658 0 -0.8104804 -0.5857658 0 -0.7899888 -0.6131213 0 -0.7899888 -0.6131213 0 -0.707107 -0.7071065 0 -0.707107 -0.7071065 0 -0.6131249 -0.7899859 0 -0.6131249 -0.7899859 0 -0.9999802 -0.006286878 0 -0.9999802 -0.006286878 0 -0.9675989 0.2524921 0 -0.9675989 0.2524921 0 -0.8693602 0.494179 0 -0.8693602 0.494179 0 -0.7116161 0.7025686 0 -0.7116161 0.7025686 0 -0.5057383 0.8626869 0 -0.5057383 0.8626869 0 -0.2652775 0.9641721 0 -0.2652775 0.9641721 0 -0.006651493 0.9999779 0 -0.006651493 0.9999779 0 0.2524588 0.9676076 0 0.2524588 0.9676076 0 0.4945147 0.8691693 0 0.4945147 0.8691693 0 0.7024083 0.7117742 0 0.7024083 0.7117742 0 0.8626453 0.5058094 0 0.8626453 0.5058094 0 0.9642216 0.2650976 0 0.9642216 0.2650976 0 0.9999801 0.006310207 0 0.9999801 0.006310207 0 0.9675933 -0.2525138 0 0.9675933 -0.2525138 0 0.8693702 -0.4941614 0 0.8693702 -0.4941614 0 0.7116538 -0.7025303 0 0.7116538 -0.7025303 0 0.5057383 -0.8626869 0 0.5057383 -0.8626869 0 0.2651924 -0.9641955 0 0.2651924 -0.9641955 0 0.006651644 -0.9999779 0 0.006651644 -0.9999779 0 -0.2523733 -0.96763 0 -0.2523733 -0.96763 0 -0.4945147 -0.8691693 0 -0.4945147 -0.8691693 0 -0.7024083 -0.7117742 0 -0.7024083 -0.7117742 0 -0.8626453 -0.5058094 0 -0.8626453 -0.5058094 0 -0.9642248 -0.2650858 0 -0.9642248 -0.2650858 0 0.1536341 -0.9881278 0 0.1536341 -0.9881278 0 -0.08375849 -0.9964861 0 -0.08375849 -0.9964861 0 -0.3164903 -0.9485958 0 -0.3164903 -0.9485958 0 -0.5315494 -0.8470273 0 -0.5315494 -0.8470273 0 -0.7159432 -0.6981585 0 -0.7159432 -0.6981585 0 0.5853496 -0.810781 0 0.5853496 -0.810781 0 0.6131249 -0.7899859 0 0.6131249 -0.7899859 0 0.707107 -0.7071065 0 0.707107 -0.7071065 0 0.7899888 -0.6131213 0 0.7899888 -0.6131213 0 0.8104804 -0.5857658 0 0.8104804 -0.5857658 0 8.849696e-18 1 0 -1.327454e-17 1 0 -0.1507608 0.9885703 0 -0.1507608 0.9885703 0 -0.9871934 -0.1595283 0 -0.9871934 -0.1595283 0 -0.9999193 -0.01270622 0 -0.9999193 -0.01270622 0 -0.9745908 0.2239929 0 -0.9745908 0.2239929 0 -0.894396 0.447276 0 -0.894396 0.447276 0 -0.7639324 0.6452963 0 -0.7639324 0.6452963 0 -0.5902359 0.8072308 0 -0.5902359 0.8072308 0 -0.992146 0.1250852 0 -0.992146 0.1250852 0 -1 -1.307478e-14 0 -1 -1.310576e-14 0 -0.992146 -0.1250852 0 -0.992146 -0.1250852 0 0.1302494 0.9914813 0 0.1302494 0.9914813 0 -0.1306866 0.9914237 0 -0.1306866 0.9914237 0 -0.3827674 0.9238447 0 -0.3827674 0.9238447 0 -0.6088997 0.7932472 0 -0.6088997 0.7932472 0 -0.7934107 0.6086866 0 -0.7934107 0.6086866 0 -0.9239121 0.3826047 0 -0.9239121 0.3826047 0 -0.9914569 0.1304345 0 -0.9914569 0.1304345 0 -0.9914585 -0.1304222 0 -0.9914585 -0.1304222 0 -0.923926 -0.3825711 0 -0.923926 -0.3825711 0 -0.7934459 -0.6086408 0 -0.7934459 -0.6086408 0 -0.6089924 -0.7931761 0 -0.6089924 -0.7931761 0 0.8686127 0.4954917 0 0.8686127 0.4954917 0 0.7933197 0.6088052 0 0.7933197 0.6088052 0 0.6087204 0.7933848 0 0.6087204 0.7933848 0 0.3824815 0.9239631 0 0.3824815 0.9239631 0 0.1303133 0.9914729 0 0.1303133 0.9914729 0 -0.1306229 0.9914321 0 -0.1306229 0.9914321 0 -0.3827198 0.9238645 0 -0.3827198 0.9238645 0 -0.6085385 0.7935244 0 -0.6085385 0.7935244 0 -0.7931694 0.609001 0 -0.7931694 0.609001 0 -0.9238982 0.3826383 0 -0.9238982 0.3826383 0 -0.9914553 0.1304468 0 -0.9914553 0.1304468 0 -0.9915188 -0.1299634 0 -0.9915188 -0.1299634 0 -0.8686127 0.4954917 0 -0.8686127 0.4954917 0 -0.8073101 0.5901274 0 -0.8073101 0.5901274 0 -0.6454548 0.7637985 0 -0.6454548 0.7637985 0 -0.4468778 0.894595 0 -0.4468778 0.894595 0 -0.223589 0.9746835 0 -0.223589 0.9746835 0 0.01279043 0.9999182 0 0.01279043 0.9999182 0 0.1772446 0.9841668 0 0.1772446 0.9841668 0 -0.1772446 0.9841668 0 -0.1772446 0.9841668 0 -0.01279043 0.9999182 0 -0.01279043 0.9999182 0 0.223589 0.9746835 0 0.223589 0.9746835 0 0.4468778 0.894595 0 0.4468778 0.894595 0 0.6454548 0.7637985 0 0.6454548 0.7637985 0 0.8073101 0.5901274 0 0.8073101 0.5901274 0 -0.2691794 0.9630901 0 -0.2691794 0.9630901 0 -0.9995256 0.03079797 0 -0.9995256 0.03079797 0 -0.9887289 0.1497167 0 -0.9887289 0.1497167 0 -0.9228687 0.3851148 0 -0.9228687 0.3851148 0 -0.8029302 0.596073 0 -0.8029302 0.596073 0 -0.6347542 0.7727141 0 -0.6347542 0.7727141 0 -0.4284486 0.9035662 0 -0.4284486 0.9035662 0 -0.3654485 0.9308315 0 -0.3654485 0.9308315 0 -0.5910336 0.8066469 0 -0.5910336 0.8066469 0 -0.7777282 0.6286007 0 -0.7777282 0.6286007 0 -0.9124068 0.4092846 0 -0.9124068 0.4092846 0 -0.9865543 0.1634341 0 -0.9865543 0.1634341 0 -0.9999801 -0.006310207 0 -0.9999801 -0.006310207 0 -0.9675933 0.2525138 0 -0.9675933 0.2525138 0 -0.8693702 0.4941614 0 -0.8693702 0.4941614 0 -0.7116538 0.7025303 0 -0.7116538 0.7025303 0 -0.5057383 0.8626869 0 -0.5057383 0.8626869 0 -0.2651924 0.9641955 0 -0.2651924 0.9641955 0 -0.006651644 0.9999779 0 -0.006651644 0.9999779 0 0.2523733 0.96763 0 0.2523733 0.96763 0 0.4945147 0.8691693 0 0.4945147 0.8691693 0 0.7024083 0.7117742 0 0.7024083 0.7117742 0 0.8626453 0.5058094 0 0.8626453 0.5058094 0 0.9642248 0.2650858 0 0.9642248 0.2650858 0 0.9999802 0.006286878 0 0.9999802 0.006286878 0 0.9675989 -0.2524921 0 0.9675989 -0.2524921 0 0.8693602 -0.494179 0 0.8693602 -0.494179 0 0.7116161 -0.7025686 0 0.7116161 -0.7025686 0 0.5057383 -0.8626869 0 0.5057383 -0.8626869 0 0.2652775 -0.9641721 0 0.2652775 -0.9641721 0 0.006651493 -0.9999779 0 0.006651493 -0.9999779 0 -0.2524588 -0.9676076 0 -0.2524588 -0.9676076 0 -0.4945147 -0.8691693 0 -0.4945147 -0.8691693 0 -0.7024083 -0.7117742 0 -0.7024083 -0.7117742 0 -0.8626453 -0.5058094 0 -0.8626453 -0.5058094 0 -0.9642216 -0.2650976 0 -0.9642216 -0.2650976 0 -0.9999802 -0.006286878 0 -0.9999802 -0.006286878 0 -0.9675989 0.2524921 0 -0.9675989 0.2524921 0 -0.8693602 0.494179 0 -0.8693602 0.494179 0 -0.7116161 0.7025686 0 -0.7116161 0.7025686 0 -0.5057383 0.8626869 0 -0.5057383 0.8626869 0 -0.2652775 0.9641721 0 -0.2652775 0.9641721 0 -0.006651493 0.9999779 0 -0.006651493 0.9999779 0 0.2524588 0.9676076 0 0.2524588 0.9676076 0 0.4945147 0.8691693 0 0.4945147 0.8691693 0 0.7024083 0.7117742 0 0.7024083 0.7117742 0 0.8626453 0.5058094 0 0.8626453 0.5058094 0 0.9642216 0.2650976 0 0.9642216 0.2650976 0 0.9999801 0.006310207 0 0.9999801 0.006310207 0 0.9675933 -0.2525138 0 0.9675933 -0.2525138 0 0.8693702 -0.4941614 0 0.8693702 -0.4941614 0 0.7116538 -0.7025303 0 0.7116538 -0.7025303 0 0.5057383 -0.8626869 0 0.5057383 -0.8626869 0 0.2651924 -0.9641955 0 0.2651924 -0.9641955 0 0.006651644 -0.9999779 0 0.006651644 -0.9999779 0 -0.2523733 -0.96763 0 -0.2523733 -0.96763 0 -0.4945147 -0.8691693 0 -0.4945147 -0.8691693 0 -0.7024083 -0.7117742 0 -0.7024083 -0.7117742 0 -0.8626453 -0.5058094 0 -0.8626453 -0.5058094 0 -0.9642248 -0.2650858 0 -0.9642248 -0.2650858 0 -0.9999802 -0.006288364 0 -0.9999802 -0.006288364 0 -0.9678134 0.2516691 0 -0.9678134 0.2516691 0 -0.8693702 0.4941614 0 -0.8693702 0.4941614 0 -0.7116538 0.7025303 0 -0.7116538 0.7025303 0 -0.5057383 0.8626869 0 -0.5057383 0.8626869 0 -0.2652775 0.9641721 0 -0.2652775 0.9641721 0 -0.006651493 0.9999779 0 -0.006651493 0.9999779 0 0.2524588 0.9676076 0 0.2524588 0.9676076 0 0.4940473 0.869435 0 0.4940473 0.869435 0 0.7025262 0.7116579 0 0.7025262 0.7116579 0 0.862586 0.5059104 0 0.862586 0.5059104 0 0.9642413 0.2650259 0 0.9642413 0.2650259 0 0.9999802 0.006288364 0 0.9999802 0.006288364 0 0.9678134 -0.2516691 0 0.9678134 -0.2516691 0 0.8693702 -0.4941614 0 0.8693702 -0.4941614 0 0.7116538 -0.7025303 0 0.7116538 -0.7025303 0 0.5057383 -0.8626869 0 0.5057383 -0.8626869 0 0.2652775 -0.9641721 0 0.2652775 -0.9641721 0 0.006651493 -0.9999779 0 0.006651493 -0.9999779 0 -0.2524588 -0.9676076 0 -0.2524588 -0.9676076 0 -0.4940473 -0.869435 0 -0.4940473 -0.869435 0 -0.7025262 -0.7116579 0 -0.7025262 -0.7116579 0 -0.862586 -0.5059104 0 -0.862586 -0.5059104 0 -0.9642413 -0.2650259 0 -0.9642413 -0.2650259 0 -0.9999802 -0.006288364 0 -0.9999802 -0.006288364 0 -0.9678134 0.2516691 0 -0.9678134 0.2516691 0 -0.8693702 0.4941614 0 -0.8693702 0.4941614 0 -0.7116538 0.7025303 0 -0.7116538 0.7025303 0 -0.5057383 0.8626869 0 -0.5057383 0.8626869 0 -0.2652775 0.9641721 0 -0.2652775 0.9641721 0 -0.006651493 0.9999779 0 -0.006651493 0.9999779 0 0.2524588 0.9676076 0 0.2524588 0.9676076 0 0.4940473 0.869435 0 0.4940473 0.869435 0 0.7025262 0.7116579 0 0.7025262 0.7116579 0 0.8630008 0.5052025 0 0.8630008 0.5052025 0 0.9642248 0.2650858 0 0.9642248 0.2650858 0 0.9999743 0.007170916 0 0.9999743 0.007170916 0 0.9678134 -0.2516691 0 0.9678134 -0.2516691 0 0.8693702 -0.4941614 0 0.8693702 -0.4941614 0 0.7116538 -0.7025303 0 0.7116538 -0.7025303 0 0.5057383 -0.8626869 0 0.5057383 -0.8626869 0 0.2652775 -0.9641721 0 0.2652775 -0.9641721 0 0.006651493 -0.9999779 0 0.006651493 -0.9999779 0 -0.2524588 -0.9676076 0 -0.2524588 -0.9676076 0 -0.4940473 -0.869435 0 -0.4940473 -0.869435 0 -0.7025262 -0.7116579 0 -0.7025262 -0.7116579 0 -0.862586 -0.5059104 0 -0.862586 -0.5059104 0 -0.9642413 -0.2650259 0 -0.9642413 -0.2650259 0 -0.9999802 -0.006288364 0 -0.9999802 -0.006288364 0 -0.9678134 0.2516691 0 -0.9678134 0.2516691 0 -0.8693702 0.4941614 0 -0.8693702 0.4941614 0 -0.7116538 0.7025303 0 -0.7116538 0.7025303 0 -0.5057383 0.8626869 0 -0.5057383 0.8626869 0 -0.2652775 0.9641721 0 -0.2652775 0.9641721 0 -0.006651493 0.9999779 0 -0.006651493 0.9999779 0 0.2524588 0.9676076 0 0.2524588 0.9676076 0 0.4940473 0.869435 0 0.4940473 0.869435 0 0.7025262 0.7116579 0 0.7025262 0.7116579 0 0.8630008 0.5052025 0 0.8630008 0.5052025 0 0.9642248 0.2650858 0 0.9642248 0.2650858 0 0.9999743 0.007170916 0 0.9999743 0.007170916 0 0.9678134 -0.2516691 0 0.9678134 -0.2516691 0 0.8693702 -0.4941614 0 0.8693702 -0.4941614 0 0.7116538 -0.7025303 0 0.7116538 -0.7025303 0 0.5057383 -0.8626869 0 0.5057383 -0.8626869 0 0.2652775 -0.9641721 0 0.2652775 -0.9641721 0 0.006651493 -0.9999779 0 0.006651493 -0.9999779 0 -0.2524588 -0.9676076 0 -0.2524588 -0.9676076 0 -0.4940473 -0.869435 0 -0.4940473 -0.869435 0 -0.7025262 -0.7116579 0 -0.7025262 -0.7116579 0 -0.862586 -0.5059104 0 -0.862586 -0.5059104 0 -0.9642413 -0.2650259 0 -0.9642413 -0.2650259 0 -0.9999802 -0.006288364 0 -0.9999802 -0.006288364 0 -0.9678134 0.2516691 0 -0.9678134 0.2516691 0 -0.8693702 0.4941614 0 -0.8693702 0.4941614 0 -0.7116538 0.7025303 0 -0.7116538 0.7025303 0 -0.5057383 0.8626869 0 -0.5057383 0.8626869 0 -0.2652775 0.9641721 0 -0.2652775 0.9641721 0 -0.006651493 0.9999779 0 -0.006651493 0.9999779 0 0.2524588 0.9676076 0 0.2524588 0.9676076 0 0.4940473 0.869435 0 0.4940473 0.869435 0 0.7025262 0.7116579 0 0.7025262 0.7116579 0 0.862586 0.5059104 0 0.862586 0.5059104 0 0.9642413 0.2650259 0 0.9642413 0.2650259 0 0.9999802 0.006288364 0 0.9999802 0.006288364 0 0.9678134 -0.2516691 0 0.9678134 -0.2516691 0 0.8693702 -0.4941614 0 0.8693702 -0.4941614 0 0.7116538 -0.7025303 0 0.7116538 -0.7025303 0 0.5057383 -0.8626869 0 0.5057383 -0.8626869 0 0.2652775 -0.9641721 0 0.2652775 -0.9641721 0 0.006651493 -0.9999779 0 0.006651493 -0.9999779 0 -0.2524588 -0.9676076 0 -0.2524588 -0.9676076 0 -0.4940473 -0.869435 0 -0.4940473 -0.869435 0 -0.7025262 -0.7116579 0 -0.7025262 -0.7116579 0 -0.862586 -0.5059104 0 -0.862586 -0.5059104 0 -0.9642413 -0.2650259 0 -0.9642413 -0.2650259 0 -1 -3.558167e-14 0 -0.9906897 0.1361395 0 -0.9906897 0.1361395 0 -0.9629172 0.2697972 0 -0.9629172 0.2697972 0 -0.9172076 0.3984096 0 -0.9172076 0.3984096 0 -0.8544219 0.5195798 0 -0.8544219 0.5195798 0 -0.7756904 0.6311137 0 -0.7756904 0.6311137 0 -0.6825667 0.7308233 0 -0.6825667 0.7308233 0 -0.5767016 0.8169549 0 -0.5767016 0.8169549 0 -0.460069 0.8878832 0 -0.460069 0.8878832 0 -0.3348621 0.9422671 0 -0.3348621 0.9422671 0 -0.2034599 0.9790833 0 -0.2034599 0.9790833 0 -0.06824128 0.9976688 0 -0.06824128 0.9976688 0 0.06824128 0.9976688 0 0.06824128 0.9976688 0 0.2034599 0.9790833 0 0.2034599 0.9790833 0 0.3348621 0.9422671 0 0.3348621 0.9422671 0 0.460069 0.8878832 0 0.460069 0.8878832 0 0.5767016 0.8169549 0 0.5767016 0.8169549 0 0.6825667 0.7308233 0 0.6825667 0.7308233 0 0.7756904 0.6311137 0 0.7756904 0.6311137 0 0.8544219 0.5195798 0 0.8544219 0.5195798 0 0.9172076 0.3984096 0 0.9172076 0.3984096 0 0.9629172 0.2697972 0 0.9629172 0.2697972 0 0.9906897 0.1361395 0 0.9906897 0.1361395 0 1 -3.549754e-14 0 1 -3.54754e-14 0 0.9906897 -0.1361395 0 0.9906897 -0.1361395 0 0.9629172 -0.2697972 0 0.9629172 -0.2697972 0 0.9172076 -0.3984096 0 0.9172076 -0.3984096 0 0.8544219 -0.5195798 0 0.8544219 -0.5195798 0 0.7756904 -0.6311137 0 0.7756904 -0.6311137 0 0.6825667 -0.7308233 0 0.6825667 -0.7308233 0 0.5767016 -0.8169549 0 0.5767016 -0.8169549 0 0.460069 -0.8878832 0 0.460069 -0.8878832 0 0.3348621 -0.9422671 0 0.3348621 -0.9422671 0 0.2034599 -0.9790833 0 0.2034599 -0.9790833 0 0.06824128 -0.9976688 0 0.06824128 -0.9976688 0 -0.06824128 -0.9976688 0 -0.06824128 -0.9976688 0 -0.2034599 -0.9790833 0 -0.2034599 -0.9790833 0 -0.3348621 -0.9422671 0 -0.3348621 -0.9422671 0 -0.460069 -0.8878832 0 -0.460069 -0.8878832 0 -0.5767016 -0.8169549 0 -0.5767016 -0.8169549 0 -0.6825667 -0.7308233 0 -0.6825667 -0.7308233 0 -0.7756904 -0.6311137 0 -0.7756904 -0.6311137 0 -0.8544219 -0.5195798 0 -0.8544219 -0.5195798 0 -0.9172076 -0.3984096 0 -0.9172076 -0.3984096 0 -0.9629172 -0.2697972 0 -0.9629172 -0.2697972 0 -0.9906897 -0.1361395 0 -0.9906897 -0.1361395 0 -1 -3.561709e-14 0 0 0 1 0 0 1 0 0 1 0 0 1 0 0 1 0 0 1 0 0 1 0 0 1 0 0 1 0 0 1 0 0 1 0 0 1 0 0 1 0 0 1 0 0 1 0 0 1 0 0 1 0 0 1 0 0 1 0 0 1 0 0 1 0 0 1 0 0 1 0 0 1 0 0 1 0 0 1 0 0 1 0 0 1 0 0 1 0 0 1 0 0 1 0 0 1 0 0 1 0 0 1 0 0 1 0 0 1 0 0 1 0 0 1 0 0 1 0 0 1 0 0 1 0 0 1 0 0 1 0 0 1 0 0 1 0 0 1 0 0 1 0.2691794 0.9630901 0 0.2691794 0.9630901 0 0.4284486 0.9035662 0 0.4284486 0.9035662 0 0.6347542 0.7727141 0 0.6347542 0.7727141 0 0.8029302 0.596073 0 0.8029302 0.596073 0 0.9228687 0.3851148 0 0.9228687 0.3851148 0 0.9887289 0.1497167 0 0.9887289 0.1497167 0 0.9644508 -0.2642623 0 0.9644508 -0.2642623 0 0.9915188 -0.1299634 0 0.9915188 -0.1299634 0 0.9914553 0.1304468 0 0.9914553 0.1304468 0 0.9238982 0.3826383 0 0.9238982 0.3826383 0 0.7931694 0.609001 0 0.7931694 0.609001 0 0.6085385 0.7935244 0 0.6085385 0.7935244 0 0.3827198 0.9238645 0 0.3827198 0.9238645 0 0.1306229 0.9914321 0 0.1306229 0.9914321 0 -0.1303133 0.9914729 0 -0.1303133 0.9914729 0 -0.3824815 0.9239631 0 -0.3824815 0.9239631 0 -0.6087204 0.7933848 0 -0.6087204 0.7933848 0 -0.7933197 0.6088052 0 -0.7933197 0.6088052 0 0.5853496 0.810781 0 0.5853496 0.810781 0 0.6981804 0.7159219 0 0.6981804 0.7159219 0 0.8474655 0.5308504 0 0.8474655 0.5308504 0 0.9485701 0.3165672 0 0.9485701 0.3165672 0 0.9964577 0.0840954 0 0.9964577 0.0840954 0 0.9880654 -0.1540353 0 0.9880654 -0.1540353 0 0.8104804 0.5857658 0 0.8104804 0.5857658 0 0.7899888 0.6131213 0 0.7899888 0.6131213 0 0.707107 0.7071065 0 0.707107 0.7071065 0 0.6131249 0.7899859 0 0.6131249 0.7899859 0 -0.1536341 0.9881278 0 -0.1536341 0.9881278 0 0.08375849 0.9964861 0 0.08375849 0.9964861 0 0.3164903 0.9485958 0 0.3164903 0.9485958 0 0.5315494 0.8470273 0 0.5315494 0.8470273 0 0.7159432 0.6981585 0 0.7159432 0.6981585 0 0.9871934 0.1595283 0 0.9871934 0.1595283 0 0.9999193 0.01270622 0 0.9999193 0.01270622 0 0.9745908 -0.2239929 0 0.9745908 -0.2239929 0 0.894396 -0.447276 0 0.894396 -0.447276 0 0.7639324 -0.6452963 0 0.7639324 -0.6452963 0 0.5902359 -0.8072308 0 0.5902359 -0.8072308 0 0.9871934 -0.1595283 0 0.9871934 -0.1595283 0 0.992146 -0.1250852 0 0.992146 -0.1250852 0 1 -4.644778e-14 0 1 -4.632828e-14 0 0.992146 0.1250852 0 0.992146 0.1250852 0 0.4952139 0.8687711 0 0.4952139 0.8687711 0 0.5902359 0.8072308 0 0.5902359 0.8072308 0 0.7639324 0.6452963 0 0.7639324 0.6452963 0 0.894396 0.447276 0 0.894396 0.447276 0 0.9745908 0.2239929 0 0.9745908 0.2239929 0 0.9999193 -0.01270622 0 0.9999193 -0.01270622 0 -0.2643065 -0.9644387 0 -0.2643065 -0.9644387 0 -0.1302494 -0.9914813 0 -0.1302494 -0.9914813 0 0.1306866 -0.9914237 0 0.1306866 -0.9914237 0 0.3827674 -0.9238447 0 0.3827674 -0.9238447 0 0.6088997 -0.7932472 0 0.6088997 -0.7932472 0 0.7934107 -0.6086866 0 0.7934107 -0.6086866 0 0.9239121 -0.3826047 0 0.9239121 -0.3826047 0 0.9914569 -0.1304345 0 0.9914569 -0.1304345 0 0.9914585 0.1304222 0 0.9914585 0.1304222 0 0.923926 0.3825711 0 0.923926 0.3825711 0 0.7934459 0.6086408 0 0.7934459 0.6086408 0 0.6089924 0.7931761 0 0.6089924 0.7931761 0 0.7159432 -0.6981585 0 0.7159432 -0.6981585 0 0.5315494 -0.8470273 0 0.5315494 -0.8470273 0 0.3164903 -0.9485958 0 0.3164903 -0.9485958 0 0.08375849 -0.9964861 0 0.08375849 -0.9964861 0 -0.1536341 -0.9881278 0 -0.1536341 -0.9881278 0 0.9644508 0.2642623 0 0.9644508 0.2642623 0 0.9880654 0.1540353 0 0.9880654 0.1540353 0 0.9964577 -0.0840954 0 0.9964577 -0.0840954 0 0.9485701 -0.3165672 0 0.9485701 -0.3165672 0 0.8474655 -0.5308504 0 0.8474655 -0.5308504 0 0.6981804 -0.7159219 0 0.6981804 -0.7159219 0 -0.7985993 -0.6018631 0 -0.7985993 -0.6018631 0 -0.672779 -0.7398435 0 -0.672779 -0.7398435 0 -0.5632267 -0.8263024 0 -0.5632267 -0.8263024 0 -0.3824815 -0.9239631 0 -0.3824815 -0.9239631 0 -0.1303133 -0.9914729 0 -0.1303133 -0.9914729 0 0.1306229 -0.9914321 0 0.1306229 -0.9914321 0 0.3827198 -0.9238645 0 0.3827198 -0.9238645 0 0.6085385 -0.7935244 0 0.6085385 -0.7935244 0 0.7931694 -0.609001 0 0.7931694 -0.609001 0 0.9238982 -0.3826383 0 0.9238982 -0.3826383 0 0.9914553 -0.1304468 0 0.9914553 -0.1304468 0 0.9915188 0.1299634 0 0.9915188 0.1299634 0 0 0 1 0 0 1 0 0 1 0 0 1 0 0 1 0 0 1 0 0 1 0 0 1 0 0 1 0 0 1 0 0 1 0 0 1 0 0 1 0 0 1 0 0 1 0 0 1 0 0 1 0 0 1 0 0 1 0 0 1 0 0 1 0 0 1 0 0 1 0 0 1 0 0 1 0 0 1 0 0 1 0 0 1 0 0 1 0 0 1 0 0 1 0 0 1 0 0 1 0 0 1 0 0 1 0 0 1 0 0 1 0 0 1 0 0 1 0 0 1 0 0 1 0 0 1 0 0 1 0 0 1 0 0 1 0 0 1 0 0 1 0 0 1 0 0 1 0 0 1 0 0 1 0 0 1 0 0 1 0 0 1 0 0 1 0 0 1 0 0 1 0 0 1 0 0 1 0 0 1 0 0 1 0 0 1 0 0 1 0 0 1 0 0 1 0 0 1 0 0 1 0 0 1 0 0 1 0 0 1 0 0 1 0 0 1 0 0 1 0 0 1 0 0 1 0 0 1 0 0 1 0 0 1 0 0 1 0 0 1 0 0 1 0 0 1 0 0 1 0 0 1 0 0 1 0 0 1 0 0 1 0 0 1 0 0 1 0 0 1 0 0 1 0 0 1 0 0 1 0 0 1 0 0 1 0 0 1 0 0 1 0 0 1 0 0 1 0 0 1 0 0 1 0 0 1 0 0 1 0 0 1 0 0 1 0 0 1 0 0 1 0 0 1 0 0 1 0 0 1 0 0 1 0 0 1 0 0 1 0 0 1 0 0 1 0 0 1 0 0 1 0 0 1 0 0 1 0 0 1 0 0 1 0 0 1 0 0 1 0 0 1 0 0 1 0 0 1 0 0 1 0 0 1 0 0 1 0 0 1 0 0 1 0 0 1 0 0 1 0 0 1 0 0 1 0 0 1 0 0 1 0 0 1 0 0 1 0 0 1 0 0 1 0 0 1 0 0 1 0 0 1 0 0 1 0 0 1 0 0 1 0 0 1 0 0 1 0 0 1 0 0 1 0 0 1 0 0 1 0 0 1 0 0 1 0 0 1 0 0 1 0 0 1 0 0 1 0 0 1 0 0 1 0 0 1 0 0 1 0 0 1 0 0 1 0 0 1 0 0 1 0 0 1 0 0 1 0 0 1 0 0 1 0 0 1 0 0 1 0 0 1 0 0 1 0 0 1 0 0 1 0 0 1 0 0 1 0 0 1 0 0 1 0 0 1 0 0 1 0 0 1 0 0 1 0 0 1 0 0 1 0 0 1 0 0 1 0 0 1 0 0 1 0 0 1 0 0 1 0 0 1 0 0 1 0 0 1 0 0 1 0 0 1 0 0 1 0 0 1 0 0 1 0 0 1 0 0 1 0 0 1 0 0 1 0 0 1 0 0 1 0 0 1 0 0 1 0 0 1 0 0 1 0 0 1 0 0 1 0 0 1 0 0 1 0 0 1 0 0 1 0 0 1 0 0 1 0 0 1 0 0 1 0 0 1 0 0 1 0 0 1 0 0 1 0 0 1 0 0 1 0 0 1 0 0 1 0 0 1 0 0 1 0 0 1 0 0 1 0 0 1 0 0 1 0 0 1 0 0 1 0 0 1 0 0 1 0 0 1 0 0 1 0 0 1 0 0 1 0 0 1 0 0 1 0 0 1 0 0 1 0 0 1 0 0 1 0 0 1 0 0 1 0 0 1 0 0 1 0 0 1 0 0 1 0 0 1 0 0 1 0 0 1 0 0 1 0 0 1 0 0 1 0 0 1 0 0 1 0 0 1 0 0 1 0 0 1 0 0 1 0 0 1 0 0 1 0 0 1 0 0 1 0 0 1 0 0 1 0 0 1 0 0 1 0 0 1 0 0 1 0 0 1 0 0 1 0 0 1 0 0 1 0 0 1 0 0 1 0 0 1 0 0 1 0 0 1 0 0 1 0 0 1 0 0 1 0 0 1 0 0 1 0 0 1 0 0 1 0 0 1 0 0 1 0 0 1 0 0 1 0 0 1 0 0 1 0 0 1 0 0 1 0 0 1 0 0 1 0 0 1 0 0 1 0 0 1 0 0 1 0 0 1 0 0 1 0 0 1 0 0 1 0 0 1 0 0 1 0 0 1 0 0 1 0 0 1 0 0 1 0 0 1 0 0 1 0 0 1 0 0 1 0 0 1 0 0 1 0 0 1 0 0 1 0 0 1 0 0 1 0 0 1 0 0 1 0 0 1 0 0 1 0 0 1 0 0 1 0 0 1 0 0 1 0 0 1 0 0 1 0 0 1 0 0 1 0 0 1 0 0 1 0 0 1 0 0 1 0 0 1 0 0 1 0 0 1 0 0 1 0 0 1 0 0 1 0 0 1 0 0 1 0 0 1 0 0 1 0 0 1 0 0 1 0 0 1 0 0 1 0 0 1 0 0 1 0 0 1 0 0 1 0 0 1 0 0 1 0 0 1 0 0 1 0 0 1 0 0 1 0 0 1 0 0 1 0 0 1 0 0 1 0 0 1 0 0 1 0 0 1 0 0 1 0 0 1 0 0 1 0 0 1 0 0 1 0 0 1 0 0 1 0 0 1 0 0 1 0 0 1 0 0 1 0 0 1 0 0 1 0 0 1 0 0 1 0 0 1 0 0 1 0 0 1 0 0 1 0 0 1 0 0 1 0 0 1 0 0 1 0 0 1 0 0 1 0 0 1 0 0 1 0 0 1 0 0 1 0 0 1 0 0 1 0 0 1 0 0 1 0 0 1 0 0 1 0 0 1 0 0 1 0 0 1 0 0 1 0 0 1 0 0 1 0 0 1 0 0 1 0 0 1 0 0 1 0 0 1 0 0 1 0 0 1 0 0 1 0 0 1 0 0 1 0 0 1 0 0 1 0 0 1 0 0 1 0 0 1 0 0 1 0 0 1 0 0 1 0 0 1 0 0 1 0 0 1 0 0 1 0 0 1 0 0 1 0 0 1 0 0 1 0 0 1 0 0 1 0 0 1 0 0 1 0 0 1 0 0 1 0 0 1 0 0 1 0 0 1 0 0 1 0 0 1 0 0 1 0 0 1 0 0 1 0 0 1 0 0 1 0 0 1 0 0 1 0 0 1 0 0 1 0 0 1 0 0 1 0 0 1 0 0 1 0 0 1 0 0 1 0 0 1 0 0 1 0 0 1 0 0 1 0 0 1 0 0 1 0 0 1 0 0 1 0 0 1 0 0 1 0 0 1 0 0 1 0 0 1 0 0 1 0 0 1 0 0 1 0 0 1 0 0 1 0 0 1 0 0 1 0 0 1 0 0 1 0 0 1 0 0 1 0 0 1 0 0 1 0 0 -1 0 0 -1 0 0 -1 0 0 -1 0 0 -1 0 0 -1 0 0 -1 0 0 -1 0 0 -1 0 0 -1 0 0 -1 0 0 -1 0 0 -1 0 0 -1 0 0 -1 0 0 -1 0 0 -1 0 0 -1 0 0 -1 0 0 -1 0 0 -1 0 0 -1 0 0 -1 0 0 -1 0 0 -1 0 0 -1 0 0 -1 0 0 -1 0 0 -1 0 0 -1 0 0 -1 0 0 -1 0 0 -1 0 0 -1 0 0 -1 0 0 -1 0 0 -1 0 0 -1 0 0 -1 0 0 -1 0 0 -1 0 0 -1 0 0 -1 0 0 -1 0 0 -1 0 0 -1 0 0 -1 -1 -3.556949e-14 0 -0.9906897 0.1361395 0 -0.9906897 0.1361395 0 -0.9629172 0.2697972 0 -0.9629172 0.2697972 0 -0.9172076 0.3984096 0 -0.9172076 0.3984096 0 -0.8544219 0.5195798 0 -0.8544219 0.5195798 0 -0.7756904 0.6311137 0 -0.7756904 0.6311137 0 -0.6825667 0.7308233 0 -0.6825667 0.7308233 0 -0.5767016 0.8169549 0 -0.5767016 0.8169549 0 -0.460069 0.8878832 0 -0.460069 0.8878832 0 -0.3348621 0.9422671 0 -0.3348621 0.9422671 0 -0.2034599 0.9790833 0 -0.2034599 0.9790833 0 -0.06824128 0.9976688 0 -0.06824128 0.9976688 0 0.06824128 0.9976688 0 0.06824128 0.9976688 0 0.2034599 0.9790833 0 0.2034599 0.9790833 0 0.3348621 0.9422671 0 0.3348621 0.9422671 0 0.460069 0.8878832 0 0.460069 0.8878832 0 0.5767016 0.8169549 0 0.5767016 0.8169549 0 0.6825667 0.7308233 0 0.6825667 0.7308233 0 0.7756904 0.6311137 0 0.7756904 0.6311137 0 0.8544219 0.5195798 0 0.8544219 0.5195798 0 0.9172076 0.3984096 0 0.9172076 0.3984096 0 0.9629172 0.2697972 0 0.9629172 0.2697972 0 0.9906897 0.1361395 0 0.9906897 0.1361395 0 1 -3.549311e-14 0 1 -3.548868e-14 0 0.9906897 -0.1361395 0 0.9906897 -0.1361395 0 0.9629172 -0.2697972 0 0.9629172 -0.2697972 0 0.9172076 -0.3984096 0 0.9172076 -0.3984096 0 0.8544219 -0.5195798 0 0.8544219 -0.5195798 0 0.7756904 -0.6311137 0 0.7756904 -0.6311137 0 0.6825667 -0.7308233 0 0.6825667 -0.7308233 0 0.5767016 -0.8169549 0 0.5767016 -0.8169549 0 0.460069 -0.8878832 0 0.460069 -0.8878832 0 0.3348621 -0.9422671 0 0.3348621 -0.9422671 0 0.2034599 -0.9790833 0 0.2034599 -0.9790833 0 0.06824128 -0.9976688 0 0.06824128 -0.9976688 0 -0.06824128 -0.9976688 0 -0.06824128 -0.9976688 0 -0.2034599 -0.9790833 0 -0.2034599 -0.9790833 0 -0.3348621 -0.9422671 0 -0.3348621 -0.9422671 0 -0.460069 -0.8878832 0 -0.460069 -0.8878832 0 -0.5767016 -0.8169549 0 -0.5767016 -0.8169549 0 -0.6825667 -0.7308233 0 -0.6825667 -0.7308233 0 -0.7756904 -0.6311137 0 -0.7756904 -0.6311137 0 -0.8544219 -0.5195798 0 -0.8544219 -0.5195798 0 -0.9172076 -0.3984096 0 -0.9172076 -0.3984096 0 -0.9629172 -0.2697972 0 -0.9629172 -0.2697972 0 -0.9906897 -0.1361395 0 -0.9906897 -0.1361395 0 -1 -3.559495e-14 0</float_array>
          <technique_common>
            <accessor count="2148" source="#normals-array-array" stride="3">
              <param type="float" name="X"/>
              <param type="float" name="Y"/>
              <param type="float" name="Z"/>
            </accessor>
          </technique_common>
        </source>
        <vertices id="verts-array-vertices">
          <input semantic="POSITION" source="#verts-array"/>
        </vertices>
        <triangles count="2188" material="material0">
          <input offset="0" semantic="VERTEX" source="#verts-array-vertices"/>
          <input offset="1" semantic="NORMAL" source="#normals-array"/>
          <p>0 0 1 1 2 2 3 3 4 4 5 5 6 6 5 5 4 4 5 5 6 6 7 7 8 8 7 7 6 6 7 7 8 8 9 9 10 10 9 9 8 8 9 9 10 10 11 11 12 12 13 13 14 14 3 3 15 15 4 4 14 14 4 4 15 15 4 4 14 14 16 16 13 13 16 16 14 14 14 14 17 17 12 12 18 18 12 12 17 17 12 12 18 18 19 19 20 20 19 19 18 18 19 19 20 20 21 21 2 2 21 21 20 20 21 21 2 2 22 22 23 23 24 24 25 25 26 26 25 25 24 24 25 25 26 26 2 2 27 27 2 2 26 26 2 2 27 27 22 22 25 25 28 28 23 23 29 29 23 23 28 28 23 23 29 29 30 30 31 31 30 30 29 29 30 30 31 31 32 32 33 33 32 32 31 31 32 32 33 33 34 34 35 35 34 34 33 33 34 34 35 35 36 36 37 37 36 36 35 35 36 36 37 37 38 38 39 39 38 38 37 37 38 38 39 39 40 40 41 41 40 40 39 39 40 40 41 41 42 42 43 43 42 42 41 41 42 42 43 43 44 44 45 45 44 44 43 43 46 46 45 45 47 47 46 46 47 47 48 48 49 49 48 48 47 47 48 48 49 49 50 50 51 51 50 50 49 49 50 50 51 51 52 52 53 53 52 52 51 51 52 52 53 53 54 54 55 55 54 54 53 53 54 54 55 55 56 56 57 57 56 56 55 55 56 56 57 57 58 58 57 57 59 59 58 58 60 60 58 58 59 59 58 58 60 60 61 61 62 62 61 61 60 60 61 61 62 62 63 63 64 64 63 63 62 62 63 63 64 64 65 65 66 66 67 67 68 68 69 69 68 68 67 67 68 68 69 69 64 64 70 70 64 64 69 69 64 64 70 70 65 65 68 68 71 71 66 66 72 72 66 66 71 71 66 66 72 72 73 73 74 74 73 73 72 72 73 73 74 74 75 75 76 76 75 75 74 74 75 75 76 76 77 77 11 11 78 78 79 79 80 80 79 79 78 78 79 79 80 80 81 81 82 82 81 81 80 80 81 81 82 82 83 83 84 84 83 83 82 82 83 83 84 84 85 85 86 86 87 87 88 88 89 89 90 90 64 64 91 91 64 64 90 90 92 92 93 93 94 94 95 95 94 94 93 93 94 94 95 95 96 96 97 97 98 98 62 62 99 99 62 62 98 98 62 62 99 99 64 64 100 100 64 64 99 99 64 64 100 100 89 89 86 86 88 88 101 101 102 102 101 101 88 88 101 101 102 102 103 103 104 104 103 103 102 102 103 103 104 104 105 105 106 106 105 105 104 104 105 105 106 106 107 107 108 108 107 107 106 106 107 107 108 108 109 109 110 110 109 109 108 108 109 109 110 110 111 111 112 112 111 111 110 110 111 111 112 112 113 113 114 114 113 113 112 112 113 113 114 114 115 115 116 116 115 115 114 114 115 115 116 116 117 117 118 118 117 117 116 116 117 117 118 118 119 119 120 120 119 119 118 118 119 119 120 120 121 121 122 122 121 121 120 120 121 121 122 122 123 123 124 124 123 123 122 122 123 123 124 124 92 92 125 125 92 92 124 124 92 92 125 125 93 93 87 87 86 86 62 62 126 126 62 62 86 86 62 62 126 126 97 97 127 127 128 128 64 64 129 129 130 130 131 131 95 95 132 132 96 96 133 133 96 96 132 132 96 96 133 133 91 91 128 128 134 134 64 64 135 135 64 64 134 134 64 64 135 135 136 136 137 137 138 138 139 139 133 133 140 140 91 91 141 141 91 91 140 140 91 91 141 141 64 64 142 142 64 64 141 141 64 64 142 142 127 127 131 131 130 130 143 143 144 144 143 143 130 130 143 143 144 144 139 139 145 145 139 139 144 144 139 139 145 145 137 137 146 146 147 147 148 148 47 47 148 148 147 147 148 148 47 47 149 149 150 150 149 149 47 47 151 151 152 152 153 153 152 152 154 154 153 153 155 155 153 153 154 154 153 153 155 155 156 156 45 45 43 43 47 47 157 157 47 47 43 43 47 47 157 157 150 150 43 43 158 158 159 159 160 160 161 161 162 162 163 163 162 162 161 161 162 162 163 163 146 146 164 164 146 146 163 163 146 146 164 164 147 147 159 159 165 165 43 43 166 166 43 43 165 165 43 43 166 166 157 157 151 151 153 153 167 167 168 168 167 167 153 153 167 167 168 168 169 169 170 170 169 169 168 168 169 169 170 170 171 171 172 172 171 171 170 170 171 171 172 172 160 160 173 173 160 160 172 172 160 160 173 173 161 161 155 155 174 174 156 156 175 175 156 156 174 174 156 156 175 175 176 176 177 177 176 176 175 175 176 176 177 177 178 178 179 179 178 178 177 177 178 178 179 179 180 180 181 181 180 180 179 179 180 180 181 181 182 182 183 183 182 182 181 181 182 182 183 183 184 184 184 184 183 183 185 185 158 158 185 185 183 183 185 185 158 158 186 186 43 43 186 186 158 158 186 186 43 43 187 187 156 156 188 188 153 153 189 189 153 153 188 188 153 153 189 189 190 190 191 191 190 190 189 189 192 192 193 193 41 41 194 194 41 41 193 193 195 195 43 43 196 196 197 197 196 196 43 43 194 194 198 198 41 41 199 199 41 41 198 198 41 41 199 199 43 43 200 200 43 43 199 199 43 43 200 200 197 197 201 201 202 202 203 203 204 204 203 203 202 202 203 203 204 204 205 205 205 205 206 206 203 203 207 207 203 203 206 206 203 203 207 207 208 208 206 206 209 209 207 207 210 210 207 207 209 209 207 207 210 210 211 211 212 212 211 211 210 210 211 211 212 212 213 213 214 214 213 213 212 212 213 213 214 214 215 215 216 216 215 215 214 214 215 215 216 216 217 217 218 218 217 217 216 216 217 217 218 218 219 219 220 220 219 219 218 218 219 219 220 220 221 221 222 222 221 221 220 220 221 221 222 222 223 223 192 192 223 223 222 222 223 223 192 192 224 224 41 41 224 224 192 192 225 225 226 226 43 43 227 227 43 43 226 226 43 43 227 227 187 187 195 195 228 228 229 229 203 203 230 230 201 201 231 231 201 201 230 230 201 201 231 231 232 232 233 233 232 232 231 231 232 232 233 233 228 228 234 234 228 228 233 233 228 228 234 234 229 229 229 229 235 235 195 195 236 236 195 195 235 235 195 195 236 236 43 43 237 237 43 43 236 236 43 43 237 237 225 225 238 238 239 239 240 240 238 238 240 240 207 207 241 241 207 207 240 240 207 207 241 241 208 208 242 242 243 243 2 2 244 244 245 245 246 246 247 247 246 246 245 245 246 246 247 247 248 248 249 249 248 248 247 247 248 248 249 249 250 250 251 251 250 250 249 249 250 250 251 251 252 252 251 251 253 253 252 252 254 254 252 252 253 253 252 252 254 254 255 255 256 256 255 255 254 254 255 255 256 256 257 257 258 258 259 259 260 260 261 261 25 25 262 262 2 2 262 262 25 25 262 262 2 2 263 263 243 243 263 263 2 2 244 244 264 264 245 245 265 265 245 245 264 264 245 245 265 265 266 266 242 242 2 2 259 259 267 267 259 259 2 2 259 259 267 267 260 260 256 256 268 268 257 257 269 269 257 257 268 268 257 257 269 269 270 270 25 25 270 270 269 269 270 270 25 25 271 271 261 261 271 271 25 25 260 260 272 272 258 258 273 273 258 258 272 272 258 258 273 273 274 274 275 275 274 274 273 273 274 274 275 275 276 276 277 277 276 276 275 275 276 276 277 277 278 278 279 279 278 278 277 277 278 278 279 279 280 280 281 281 280 280 279 279 280 280 281 281 282 282 1 1 283 283 2 2 284 284 2 2 283 283 2 2 284 284 267 267 285 285 245 245 281 281 266 266 281 281 245 245 281 281 266 266 282 282 285 285 286 286 245 245 287 287 245 245 286 286 245 245 287 287 288 288 289 289 290 290 291 291 291 291 290 290 292 292 293 293 292 292 290 290 292 292 293 293 294 294 295 295 296 296 2 2 297 297 2 2 296 296 298 298 299 299 300 300 20 20 301 301 302 302 20 20 302 302 2 2 303 303 2 2 302 302 2 2 303 303 295 295 291 291 304 304 289 289 305 305 289 289 304 304 289 289 305 305 297 297 294 294 293 293 300 300 306 306 300 300 293 293 300 300 306 306 298 298 307 307 308 308 20 20 309 309 20 20 308 308 20 20 309 309 301 301 20 20 310 310 307 307 311 311 307 307 310 310 307 307 311 311 312 312 313 313 312 312 311 311 312 312 313 313 314 314 315 315 314 314 313 313 314 314 315 315 316 316 317 317 316 316 315 315 316 316 317 317 318 318 319 319 318 318 317 317 318 318 319 319 320 320 321 321 320 320 319 319 320 320 321 321 322 322 323 323 322 322 321 321 322 322 323 323 324 324 325 325 324 324 323 323 324 324 325 325 326 326 327 327 326 326 325 325 305 305 328 328 297 297 329 329 297 297 328 328 297 297 329 329 2 2 330 330 2 2 329 329 2 2 330 330 0 0 299 299 327 327 300 300 325 325 300 300 327 327 300 300 325 325 331 331 332 332 331 331 325 325 332 332 333 333 331 331 334 334 331 331 333 333 331 331 334 334 335 335 11 11 79 79 9 9 336 336 9 9 79 79 9 9 336 336 337 337 338 338 339 339 79 79 337 337 340 340 9 9 341 341 9 9 340 340 9 9 341 341 342 342 343 343 342 342 341 341 344 344 345 345 346 346 339 339 347 347 79 79 348 348 79 79 347 347 79 79 348 348 336 336 344 344 346 346 349 349 350 350 349 349 346 346 349 349 350 350 343 343 351 351 343 343 350 350 343 343 351 351 342 342 345 345 344 344 352 352 353 353 352 352 344 344 352 352 353 353 354 354 355 355 354 354 353 353 354 354 355 355 356 356 357 357 356 356 355 355 356 356 357 357 358 358 359 359 358 358 357 357 358 358 359 359 360 360 361 361 360 360 359 359 360 360 361 361 362 362 363 363 362 362 361 361 362 362 363 363 364 364 365 365 364 364 363 363 364 364 365 365 366 366 367 367 366 366 365 365 366 366 367 367 368 368 369 369 368 368 367 367 368 368 369 369 370 370 371 371 370 370 369 369 370 370 371 371 372 372 373 373 372 372 371 371 372 372 373 373 374 374 375 375 374 374 373 373 374 374 375 375 376 376 377 377 376 376 375 375 376 376 377 377 378 378 378 378 377 377 379 379 338 338 379 379 377 377 379 379 338 338 380 380 79 79 380 380 338 338 380 380 79 79 381 381 382 382 383 383 81 81 384 384 81 81 383 383 385 385 386 386 79 79 385 385 79 79 387 387 388 388 389 389 79 79 390 390 79 79 389 389 79 79 390 390 381 381 386 386 391 391 392 392 81 81 393 393 382 382 394 394 382 382 393 393 382 382 394 394 395 395 396 396 395 395 394 394 395 395 396 396 397 397 398 398 397 397 396 396 397 397 398 398 399 399 400 400 399 399 398 398 399 399 400 400 401 401 402 402 401 401 400 400 401 401 402 402 403 403 404 404 403 403 402 402 403 403 404 404 405 405 406 406 405 405 404 404 405 405 406 406 407 407 408 408 407 407 406 406 407 407 408 408 409 409 410 410 409 409 408 408 409 409 410 410 411 411 412 412 411 411 410 410 411 411 412 412 413 413 414 414 413 413 412 412 413 413 414 414 415 415 416 416 415 415 414 414 415 415 416 416 417 417 418 418 417 417 416 416 417 417 418 418 419 419 384 384 420 420 81 81 421 421 81 81 420 420 81 81 421 421 79 79 422 422 79 79 421 421 79 79 422 422 387 387 418 418 423 423 419 419 424 424 419 419 423 423 419 419 424 424 425 425 426 426 425 425 424 424 425 425 426 426 391 391 427 427 391 391 426 426 391 391 427 427 392 392 392 392 428 428 386 386 429 429 386 386 428 428 386 386 429 429 79 79 430 430 79 79 429 429 79 79 430 430 388 388 84 84 431 431 85 85 77 77 85 85 431 431 85 85 77 77 432 432 76 76 432 432 77 77 432 432 76 76 433 433 74 74 433 433 76 76 434 434 64 64 435 435 436 436 435 435 64 64 437 437 438 438 64 64 439 439 64 64 438 438 64 64 440 440 441 441 442 442 443 443 444 444 439 439 445 445 64 64 446 446 64 64 445 445 64 64 446 446 440 440 441 441 447 447 64 64 448 448 64 64 447 447 64 64 448 448 436 436 449 449 436 436 448 448 436 436 449 449 450 450 451 451 452 452 453 453 454 454 453 453 452 452 453 453 454 454 455 455 456 456 68 68 457 457 64 64 457 457 68 68 457 457 64 64 458 458 434 434 458 458 64 64 442 442 444 444 459 459 454 454 460 460 455 455 461 461 455 455 460 460 455 455 461 461 462 462 68 68 462 462 461 461 462 462 68 68 463 463 456 456 463 463 68 68 449 449 464 464 450 450 465 465 450 450 464 464 450 450 465 465 466 466 467 467 466 466 465 465 466 466 467 467 468 468 469 469 468 468 467 467 468 468 469 469 470 470 471 471 470 470 469 469 470 470 471 471 472 472 473 473 472 472 471 471 472 472 473 473 474 474 475 475 474 474 473 473 474 474 475 475 476 476 477 477 476 476 475 475 476 476 477 477 478 478 479 479 478 478 477 477 478 478 479 479 480 480 481 481 480 480 479 479 480 480 481 481 482 482 483 483 482 482 481 481 482 482 483 483 484 484 485 485 484 484 483 483 484 484 485 485 486 486 487 487 486 486 485 485 486 486 487 487 488 488 489 489 488 488 487 487 488 488 489 489 451 451 490 490 451 451 489 489 451 451 490 490 452 452 136 136 129 129 64 64 131 131 64 64 129 129 64 64 131 131 437 437 491 491 437 437 131 131 437 437 491 491 444 444 492 492 444 444 491 491 444 444 492 492 459 459 493 493 494 494 495 495 496 496 495 495 494 494 495 495 496 496 497 497 498 498 497 497 496 496 497 497 498 498 499 499 500 500 499 499 498 498 499 499 500 500 501 501 502 502 501 501 500 500 501 501 502 502 503 503 504 504 503 503 502 502 503 503 504 504 505 505 506 506 505 505 504 504 507 507 508 508 509 509 510 510 509 509 508 508 509 509 510 510 511 511 512 512 511 511 510 510 511 511 512 512 513 513 514 514 513 513 512 512 513 513 514 514 515 515 516 516 515 515 514 514 515 515 516 516 517 517 518 518 517 517 516 516 517 517 518 518 519 519 520 520 519 519 518 518 521 521 522 522 523 523 524 524 523 523 522 522 523 523 524 524 525 525 526 526 525 525 524 524 525 525 526 526 527 527 528 528 527 527 526 526 527 527 528 528 529 529 530 530 529 529 528 528 529 529 530 530 531 531 532 532 531 531 530 530 531 531 532 532 533 533 534 534 533 533 532 532 533 533 534 534 535 535 536 536 535 535 534 534 535 535 536 536 537 537 538 538 537 537 536 536 537 537 538 538 539 539 540 540 539 539 538 538 539 539 540 540 541 541 542 542 541 541 540 540 541 541 542 542 543 543 544 544 543 543 542 542 543 543 544 544 545 545 546 546 545 545 544 544 545 545 546 546 547 547 548 548 547 547 546 546 547 547 548 548 549 549 550 550 549 549 548 548 549 549 550 550 551 551 552 552 551 551 550 550 551 551 552 552 553 553 554 554 553 553 552 552 553 553 554 554 555 555 556 556 555 555 554 554 555 555 556 556 557 557 558 558 557 557 556 556 557 557 558 558 559 559 560 560 559 559 558 558 559 559 560 560 561 561 562 562 561 561 560 560 561 561 562 562 563 563 564 564 563 563 562 562 563 563 564 564 565 565 566 566 565 565 564 564 565 565 566 566 567 567 568 568 567 567 566 566 567 567 568 568 521 521 522 522 521 521 568 568 569 569 570 570 571 571 569 569 571 571 572 572 573 573 572 572 571 571 572 572 573 573 574 574 575 575 574 574 573 573 574 574 575 575 576 576 577 577 576 576 575 575 576 576 577 577 578 578 579 579 580 580 581 581 579 579 581 581 582 582 583 583 582 582 581 581 582 582 583 583 584 584 585 585 584 584 583 583 584 584 585 585 586 586 587 587 586 586 585 585 586 586 587 587 588 588 589 589 588 588 587 587 588 588 589 589 590 590 591 591 590 590 589 589 590 590 591 591 592 592 593 593 594 594 595 595 593 593 595 595 596 596 597 597 596 596 595 595 596 596 597 597 598 598 599 599 598 598 597 597 598 598 599 599 600 600 494 494 600 600 599 599 600 600 494 494 493 493 601 601 602 602 603 603 604 604 603 603 602 602 603 603 604 604 605 605 606 606 605 605 604 604 605 605 606 606 607 607 608 608 607 607 606 606 607 607 608 608 609 609 610 610 609 609 608 608 609 609 610 610 611 611 612 612 611 611 610 610 611 611 612 612 569 569 570 570 569 569 612 612 613 613 614 614 615 615 616 616 615 615 614 614 615 615 616 616 617 617 618 618 617 617 616 616 617 617 618 618 619 619 620 620 619 619 618 618 619 619 620 620 621 621 622 622 621 621 620 620 621 621 622 622 623 623 624 624 623 623 622 622 623 623 624 624 593 593 594 594 593 593 624 624 625 625 626 626 627 627 628 628 627 627 626 626 628 628 626 626 629 629 630 630 629 629 626 626 629 629 630 630 631 631 630 630 632 632 631 631 633 633 631 631 632 632 631 631 633 633 634 634 635 635 634 634 633 633 634 634 635 635 636 636 637 637 636 636 635 635 636 636 637 637 638 638 639 639 638 638 637 637 638 638 639 639 640 640 641 641 640 640 639 639 640 640 641 641 642 642 643 643 642 642 641 641 642 642 643 643 644 644 645 645 644 644 643 643 644 644 645 645 646 646 647 647 646 646 645 645 646 646 647 647 648 648 649 649 648 648 647 647 648 648 649 649 650 650 651 651 650 650 649 649 650 650 651 651 652 652 653 653 654 654 655 655 653 653 655 655 656 656 657 657 656 656 655 655 656 656 657 657 658 658 659 659 658 658 657 657 658 658 659 659 660 660 661 661 660 660 659 659 660 660 661 661 662 662 663 663 662 662 661 661 662 662 663 663 664 664 665 665 664 664 663 663 664 664 665 665 666 666 667 667 666 666 665 665 666 666 667 667 668 668 669 669 668 668 667 667 668 668 669 669 670 670 671 671 670 670 669 669 670 670 671 671 672 672 673 673 672 672 671 671 672 672 673 673 674 674 675 675 674 674 673 673 674 674 675 675 676 676 602 602 676 676 675 675 676 676 602 602 601 601 677 677 678 678 679 679 680 680 679 679 678 678 679 679 680 680 681 681 682 682 681 681 680 680 681 681 682 682 683 683 684 684 683 683 682 682 683 683 684 684 685 685 686 686 685 685 684 684 685 685 686 686 687 687 688 688 687 687 686 686 687 687 688 688 653 653 654 654 653 653 688 688 578 578 577 577 689 689 690 690 689 689 577 577 689 689 690 690 691 691 692 692 691 691 690 690 691 691 692 692 693 693 694 694 693 693 692 692 693 693 694 694 695 695 696 696 695 695 694 694 695 695 696 696 697 697 698 698 697 697 696 696 697 697 698 698 699 699 700 700 699 699 698 698 701 701 702 702 703 703 701 701 703 703 704 704 705 705 704 704 703 703 704 704 705 705 706 706 707 707 706 706 705 705 706 706 707 707 708 708 709 709 708 708 707 707 708 708 709 709 710 710 711 711 710 710 709 709 710 710 711 711 712 712 713 713 712 712 711 711 712 712 713 713 714 714 715 715 714 714 713 713 714 714 715 715 716 716 717 717 716 716 715 715 716 716 717 717 718 718 719 719 718 718 717 717 718 718 719 719 720 720 721 721 720 720 719 719 720 720 721 721 722 722 723 723 722 722 721 721 722 722 723 723 724 724 725 725 724 724 723 723 724 724 725 725 726 726 727 727 728 728 729 729 727 727 729 729 730 730 731 731 730 730 729 729 730 730 731 731 732 732 733 733 732 732 731 731 732 732 733 733 734 734 678 678 734 734 733 733 734 734 678 678 677 677 735 735 736 736 737 737 738 738 737 737 736 736 737 737 738 738 739 739 740 740 739 739 738 738 739 739 740 740 741 741 742 742 741 741 740 740 741 741 742 742 743 743 744 744 743 743 742 742 743 743 744 744 745 745 746 746 745 745 744 744 745 745 746 746 747 747 748 748 747 747 746 746 747 747 748 748 749 749 750 750 749 749 748 748 749 749 750 750 751 751 752 752 751 751 750 750 751 751 752 752 753 753 754 754 753 753 752 752 753 753 754 754 755 755 756 756 755 755 754 754 755 755 756 756 757 757 758 758 757 757 756 756 757 757 758 758 759 759 760 760 759 759 758 758 759 759 760 760 761 761 762 762 761 761 760 760 761 761 762 762 763 763 764 764 763 763 762 762 763 763 764 764 765 765 766 766 765 765 764 764 765 765 766 766 767 767 768 768 767 767 766 766 767 767 768 768 769 769 770 770 769 769 768 768 769 769 770 770 771 771 772 772 771 771 770 770 771 771 772 772 773 773 774 774 773 773 772 772 773 773 774 774 775 775 776 776 775 775 774 774 775 775 776 776 777 777 778 778 777 777 776 776 777 777 778 778 779 779 780 780 779 779 778 778 779 779 780 780 781 781 782 782 781 781 780 780 781 781 782 782 735 735 736 736 735 735 782 782 652 652 651 651 783 783 784 784 783 783 651 651 783 783 784 784 785 785 786 786 785 785 784 784 785 785 786 786 787 787 788 788 787 787 786 786 787 787 788 788 789 789 790 790 789 789 788 788 789 789 790 790 791 791 792 792 791 791 790 790 791 791 792 792 727 727 728 728 727 727 792 792 793 793 794 794 795 795 793 793 795 795 796 796 797 797 796 796 795 795 796 796 797 797 798 798 799 799 798 798 797 797 798 798 799 799 800 800 801 801 800 800 799 799 800 800 801 801 802 802 592 592 591 591 803 803 592 592 803 803 804 804 805 805 804 804 803 803 804 804 805 805 806 806 807 807 808 808 809 809 810 810 809 809 808 808 809 809 810 810 811 811 812 812 811 811 810 810 811 811 812 812 813 813 814 814 813 813 812 812 813 813 814 814 815 815 816 816 815 815 814 814 815 815 816 816 817 817 818 818 817 817 816 816 817 817 818 818 627 627 625 625 627 627 818 818 519 519 520 520 819 819 519 519 819 819 820 820 821 821 820 820 819 819 820 820 821 821 822 822 823 823 822 822 821 821 822 822 823 823 824 824 808 808 824 824 823 823 824 824 808 808 807 807 505 505 506 506 825 825 505 505 825 825 826 826 827 827 826 826 825 825 826 826 827 827 828 828 829 829 828 828 827 827 828 828 829 829 830 830 831 831 830 830 829 829 830 830 831 831 832 832 833 833 832 832 831 831 832 832 833 833 834 834 835 835 834 834 833 833 834 834 835 835 836 836 837 837 836 836 835 835 836 836 837 837 838 838 839 839 838 838 837 837 838 838 839 839 840 840 841 841 840 840 839 839 840 840 841 841 842 842 843 843 842 842 841 841 842 842 843 843 844 844 845 845 844 844 843 843 844 844 845 845 846 846 508 508 846 846 845 845 846 846 508 508 507 507 847 847 848 848 849 849 847 847 849 849 850 850 851 851 850 850 849 849 850 850 851 851 852 852 853 853 852 852 851 851 852 852 853 853 854 854 855 855 854 854 853 853 854 854 855 855 856 856 857 857 856 856 855 855 856 856 857 857 858 858 859 859 858 858 857 857 858 858 859 859 860 860 861 861 860 860 859 859 860 860 861 861 862 862 863 863 862 862 861 861 862 862 863 863 864 864 865 865 864 864 863 863 864 864 865 865 866 866 867 867 866 866 865 865 866 866 867 867 868 868 869 869 868 868 867 867 868 868 869 869 870 870 614 614 870 870 869 869 870 870 614 614 613 613 871 871 872 872 873 873 874 874 873 873 872 872 873 873 874 874 875 875 876 876 875 875 874 874 875 875 876 876 877 877 878 878 877 877 876 876 877 877 878 878 879 879 880 880 879 879 878 878 879 879 880 880 881 881 882 882 881 881 880 880 881 881 882 882 883 883 884 884 883 883 882 882 885 885 886 886 887 887 888 888 887 887 886 886 887 887 888 888 889 889 890 890 889 889 888 888 889 889 890 890 891 891 892 892 891 891 890 890 891 891 892 892 893 893 894 894 893 893 892 892 893 893 894 894 895 895 896 896 895 895 894 894 895 895 896 896 847 847 848 848 847 847 896 896 897 897 886 886 898 898 885 885 898 898 886 886 899 899 900 900 901 901 902 902 901 901 900 900 901 901 902 902 903 903 904 904 903 903 902 902 903 903 904 904 905 905 906 906 905 905 904 904 905 905 906 906 907 907 908 908 907 907 906 906 907 907 908 908 909 909 910 910 909 909 908 908 909 909 910 910 898 898 897 897 898 898 910 910 806 806 805 805 911 911 806 806 911 911 912 912 913 913 912 912 911 911 912 912 913 913 914 914 915 915 914 914 913 913 914 914 915 915 916 916 917 917 916 916 915 915 916 916 917 917 918 918 919 919 918 918 917 917 918 918 919 919 920 920 900 900 920 920 919 919 920 920 900 900 899 899 921 921 922 922 923 923 924 924 923 923 922 922 923 923 924 924 925 925 926 926 925 925 924 924 925 925 926 926 927 927 928 928 927 927 926 926 927 927 928 928 929 929 930 930 929 929 928 928 929 929 930 930 931 931 932 932 931 931 930 930 931 931 932 932 933 933 934 934 933 933 932 932 933 933 934 934 935 935 936 936 935 935 934 934 935 935 936 936 937 937 938 938 937 937 936 936 937 937 938 938 939 939 940 940 939 939 938 938 939 939 940 940 941 941 942 942 941 941 940 940 941 941 942 942 943 943 944 944 943 943 942 942 943 943 944 944 945 945 946 946 945 945 944 944 945 945 946 946 947 947 948 948 947 947 946 946 947 947 948 948 949 949 950 950 949 949 948 948 949 949 950 950 951 951 952 952 951 951 950 950 951 951 952 952 953 953 954 954 953 953 952 952 953 953 954 954 955 955 956 956 955 955 954 954 955 955 956 956 957 957 958 958 957 957 956 956 957 957 958 958 959 959 960 960 959 959 958 958 959 959 960 960 961 961 962 962 961 961 960 960 961 961 962 962 963 963 964 964 963 963 962 962 963 963 964 964 965 965 966 966 965 965 964 964 965 965 966 966 967 967 968 968 967 967 966 966 967 967 968 968 921 921 922 922 921 921 968 968 969 969 970 970 971 971 972 972 971 971 970 970 971 971 972 972 973 973 974 974 973 973 972 972 973 973 974 974 975 975 976 976 975 975 974 974 975 975 976 976 977 977 978 978 977 977 976 976 977 977 978 978 979 979 980 980 979 979 978 978 979 979 980 980 981 981 982 982 981 981 980 980 981 981 982 982 983 983 984 984 983 983 982 982 983 983 984 984 985 985 986 986 985 985 984 984 985 985 986 986 987 987 988 988 987 987 986 986 987 987 988 988 989 989 990 990 989 989 988 988 989 989 990 990 991 991 992 992 991 991 990 990 991 991 992 992 993 993 994 994 993 993 992 992 993 993 994 994 995 995 996 996 995 995 994 994 995 995 996 996 997 997 998 998 997 997 996 996 997 997 998 998 999 999 1000 1000 999 999 998 998 999 999 1000 1000 1001 1001 1002 1002 1001 1001 1000 1000 1001 1001 1002 1002 1003 1003 1004 1004 1003 1003 1002 1002 1003 1003 1004 1004 1005 1005 1006 1006 1005 1005 1004 1004 1005 1005 1006 1006 1007 1007 1008 1008 1007 1007 1006 1006 1007 1007 1008 1008 1009 1009 1010 1010 1009 1009 1008 1008 1009 1009 1010 1010 1011 1011 1012 1012 1011 1011 1010 1010 1011 1011 1012 1012 1013 1013 1014 1014 1013 1013 1012 1012 1013 1013 1014 1014 1015 1015 1016 1016 1015 1015 1014 1014 1015 1015 1016 1016 969 969 970 970 969 969 1016 1016 1017 1017 1018 1018 1019 1019 1020 1020 1019 1019 1018 1018 1019 1019 1020 1020 1021 1021 1022 1022 1021 1021 1020 1020 1021 1021 1022 1022 1023 1023 1024 1024 1023 1023 1022 1022 1023 1023 1024 1024 1025 1025 1026 1026 1025 1025 1024 1024 1025 1025 1026 1026 1027 1027 1028 1028 1027 1027 1026 1026 1027 1027 1028 1028 1029 1029 1030 1030 1029 1029 1028 1028 1029 1029 1030 1030 1031 1031 1032 1032 1031 1031 1030 1030 1031 1031 1032 1032 1033 1033 1034 1034 1033 1033 1032 1032 1033 1033 1034 1034 1035 1035 1036 1036 1035 1035 1034 1034 1035 1035 1036 1036 1037 1037 1038 1038 1037 1037 1036 1036 1037 1037 1038 1038 1039 1039 1040 1040 1039 1039 1038 1038 1039 1039 1040 1040 1041 1041 1042 1042 1041 1041 1040 1040 1041 1041 1042 1042 1043 1043 1044 1044 1043 1043 1042 1042 1043 1043 1044 1044 1045 1045 1046 1046 1045 1045 1044 1044 1045 1045 1046 1046 1047 1047 1048 1048 1047 1047 1046 1046 1047 1047 1048 1048 1049 1049 1050 1050 1049 1049 1048 1048 1049 1049 1050 1050 1051 1051 1052 1052 1051 1051 1050 1050 1051 1051 1052 1052 1053 1053 1054 1054 1053 1053 1052 1052 1053 1053 1054 1054 1055 1055 1056 1056 1055 1055 1054 1054 1055 1055 1056 1056 1057 1057 1058 1058 1057 1057 1056 1056 1057 1057 1058 1058 1059 1059 1060 1060 1059 1059 1058 1058 1059 1059 1060 1060 1061 1061 1062 1062 1061 1061 1060 1060 1061 1061 1062 1062 1063 1063 1064 1064 1063 1063 1062 1062 1063 1063 1064 1064 1017 1017 1018 1018 1017 1017 1064 1064 1065 1065 1066 1066 1067 1067 1068 1068 1067 1067 1066 1066 1067 1067 1068 1068 1069 1069 1070 1070 1069 1069 1068 1068 1069 1069 1070 1070 1071 1071 1072 1072 1071 1071 1070 1070 1071 1071 1072 1072 1073 1073 1074 1074 1073 1073 1072 1072 1073 1073 1074 1074 1075 1075 1076 1076 1075 1075 1074 1074 1075 1075 1076 1076 1077 1077 1078 1078 1077 1077 1076 1076 1077 1077 1078 1078 1079 1079 1080 1080 1079 1079 1078 1078 1079 1079 1080 1080 1081 1081 1082 1082 1081 1081 1080 1080 1081 1081 1082 1082 1083 1083 1084 1084 1083 1083 1082 1082 1083 1083 1084 1084 1085 1085 1086 1086 1085 1085 1084 1084 1085 1085 1086 1086 1087 1087 1088 1088 1087 1087 1086 1086 1087 1087 1088 1088 1089 1089 1090 1090 1089 1089 1088 1088 1089 1089 1090 1090 1091 1091 1092 1092 1091 1091 1090 1090 1091 1091 1092 1092 1093 1093 1094 1094 1093 1093 1092 1092 1093 1093 1094 1094 1095 1095 1096 1096 1095 1095 1094 1094 1095 1095 1096 1096 1097 1097 1098 1098 1097 1097 1096 1096 1097 1097 1098 1098 1099 1099 1100 1100 1099 1099 1098 1098 1099 1099 1100 1100 1101 1101 1102 1102 1101 1101 1100 1100 1101 1101 1102 1102 1103 1103 1104 1104 1103 1103 1102 1102 1103 1103 1104 1104 1105 1105 1106 1106 1105 1105 1104 1104 1105 1105 1106 1106 1107 1107 1108 1108 1107 1107 1106 1106 1107 1107 1108 1108 1109 1109 1110 1110 1109 1109 1108 1108 1109 1109 1110 1110 1111 1111 1112 1112 1111 1111 1110 1110 1111 1111 1112 1112 1065 1065 1066 1066 1065 1065 1112 1112 1113 1113 1114 1114 1115 1115 1116 1116 1115 1115 1114 1114 1115 1115 1116 1116 1117 1117 1118 1118 1117 1117 1116 1116 1117 1117 1118 1118 1119 1119 1120 1120 1119 1119 1118 1118 1119 1119 1120 1120 1121 1121 1122 1122 1121 1121 1120 1120 1121 1121 1122 1122 1123 1123 1124 1124 1123 1123 1122 1122 1123 1123 1124 1124 1125 1125 1126 1126 1125 1125 1124 1124 1125 1125 1126 1126 1127 1127 1128 1128 1127 1127 1126 1126 1127 1127 1128 1128 1129 1129 1130 1130 1129 1129 1128 1128 1129 1129 1130 1130 1131 1131 1132 1132 1131 1131 1130 1130 1131 1131 1132 1132 1133 1133 1134 1134 1133 1133 1132 1132 1133 1133 1134 1134 1135 1135 1136 1136 1135 1135 1134 1134 1135 1135 1136 1136 1137 1137 1138 1138 1137 1137 1136 1136 1137 1137 1138 1138 1139 1139 1140 1140 1139 1139 1138 1138 1139 1139 1140 1140 1141 1141 1142 1142 1141 1141 1140 1140 1141 1141 1142 1142 1143 1143 1144 1144 1143 1143 1142 1142 1143 1143 1144 1144 1145 1145 1146 1146 1145 1145 1144 1144 1145 1145 1146 1146 1147 1147 1148 1148 1147 1147 1146 1146 1147 1147 1148 1148 1149 1149 1150 1150 1149 1149 1148 1148 1149 1149 1150 1150 1151 1151 1152 1152 1151 1151 1150 1150 1151 1151 1152 1152 1153 1153 1154 1154 1153 1153 1152 1152 1153 1153 1154 1154 1155 1155 1156 1156 1155 1155 1154 1154 1155 1155 1156 1156 1157 1157 1158 1158 1157 1157 1156 1156 1157 1157 1158 1158 1159 1159 1160 1160 1159 1159 1158 1158 1159 1159 1160 1160 1113 1113 1114 1114 1113 1113 1160 1160 1161 1161 1162 1162 1163 1163 1164 1164 1163 1163 1162 1162 1163 1163 1164 1164 1165 1165 1166 1166 1165 1165 1164 1164 1165 1165 1166 1166 1167 1167 1168 1168 1167 1167 1166 1166 1167 1167 1168 1168 1169 1169 1170 1170 1169 1169 1168 1168 1169 1169 1170 1170 1171 1171 1172 1172 1171 1171 1170 1170 1171 1171 1172 1172 1173 1173 1174 1174 1173 1173 1172 1172 1173 1173 1174 1174 1175 1175 1176 1176 1175 1175 1174 1174 1175 1175 1176 1176 1177 1177 1178 1178 1177 1177 1176 1176 1177 1177 1178 1178 1179 1179 1180 1180 1179 1179 1178 1178 1179 1179 1180 1180 1181 1181 1182 1182 1181 1181 1180 1180 1181 1181 1182 1182 1183 1183 1184 1184 1183 1183 1182 1182 1183 1183 1184 1184 1185 1185 1186 1186 1185 1185 1184 1184 1185 1185 1186 1186 1187 1187 1188 1188 1187 1187 1186 1186 1187 1187 1188 1188 1189 1189 1190 1190 1189 1189 1188 1188 1189 1189 1190 1190 1191 1191 1192 1192 1191 1191 1190 1190 1191 1191 1192 1192 1193 1193 1194 1194 1193 1193 1192 1192 1193 1193 1194 1194 1195 1195 1196 1196 1195 1195 1194 1194 1195 1195 1196 1196 1197 1197 1198 1198 1197 1197 1196 1196 1197 1197 1198 1198 1199 1199 1200 1200 1199 1199 1198 1198 1199 1199 1200 1200 1201 1201 1202 1202 1201 1201 1200 1200 1201 1201 1202 1202 1203 1203 1204 1204 1203 1203 1202 1202 1203 1203 1204 1204 1205 1205 1206 1206 1205 1205 1204 1204 1205 1205 1206 1206 1207 1207 1208 1208 1207 1207 1206 1206 1207 1207 1208 1208 1161 1161 1162 1162 1161 1161 1208 1208 1209 1209 1210 1210 1211 1211 1212 1212 1211 1211 1210 1210 1211 1211 1212 1212 1213 1213 1214 1214 1213 1213 1212 1212 1213 1213 1214 1214 1215 1215 1216 1216 1215 1215 1214 1214 1215 1215 1216 1216 1217 1217 1218 1218 1217 1217 1216 1216 1217 1217 1218 1218 1219 1219 1220 1220 1219 1219 1218 1218 1219 1219 1220 1220 1221 1221 1222 1222 1221 1221 1220 1220 1221 1221 1222 1222 1223 1223 1224 1224 1223 1223 1222 1222 1223 1223 1224 1224 1225 1225 1226 1226 1225 1225 1224 1224 1225 1225 1226 1226 1227 1227 1228 1228 1227 1227 1226 1226 1227 1227 1228 1228 1229 1229 1230 1230 1229 1229 1228 1228 1229 1229 1230 1230 1231 1231 1232 1232 1231 1231 1230 1230 1231 1231 1232 1232 1233 1233 1234 1234 1233 1233 1232 1232 1233 1233 1234 1234 1235 1235 1236 1236 1235 1235 1234 1234 1235 1235 1236 1236 1237 1237 1238 1238 1237 1237 1236 1236 1237 1237 1238 1238 1239 1239 1240 1240 1239 1239 1238 1238 1239 1239 1240 1240 1241 1241 1242 1242 1241 1241 1240 1240 1241 1241 1242 1242 1243 1243 1244 1244 1243 1243 1242 1242 1243 1243 1244 1244 1245 1245 1246 1246 1245 1245 1244 1244 1245 1245 1246 1246 1247 1247 1248 1248 1247 1247 1246 1246 1247 1247 1248 1248 1249 1249 1250 1250 1249 1249 1248 1248 1249 1249 1250 1250 1251 1251 1252 1252 1251 1251 1250 1250 1251 1251 1252 1252 1253 1253 1254 1254 1253 1253 1252 1252 1253 1253 1254 1254 1255 1255 1256 1256 1255 1255 1254 1254 1255 1255 1256 1256 1257 1257 1258 1258 1257 1257 1256 1256 1257 1257 1258 1258 1259 1259 1260 1260 1259 1259 1258 1258 1259 1259 1260 1260 1261 1261 1262 1262 1261 1261 1260 1260 1261 1261 1262 1262 1263 1263 1264 1264 1263 1263 1262 1262 1263 1263 1264 1264 1265 1265 1266 1266 1265 1265 1264 1264 1265 1265 1266 1266 1267 1267 1268 1268 1267 1267 1266 1266 1267 1267 1268 1268 1269 1269 1270 1270 1269 1269 1268 1268 1269 1269 1270 1270 1271 1271 1272 1272 1271 1271 1270 1270 1271 1271 1272 1272 1273 1273 1274 1274 1273 1273 1272 1272 1273 1273 1274 1274 1275 1275 1276 1276 1275 1275 1274 1274 1275 1275 1276 1276 1277 1277 1278 1278 1277 1277 1276 1276 1277 1277 1278 1278 1279 1279 1280 1280 1279 1279 1278 1278 1279 1279 1280 1280 1281 1281 1282 1282 1281 1281 1280 1280 1281 1281 1282 1282 1283 1283 1284 1284 1283 1283 1282 1282 1283 1283 1284 1284 1285 1285 1286 1286 1285 1285 1284 1284 1285 1285 1286 1286 1287 1287 1288 1288 1287 1287 1286 1286 1287 1287 1288 1288 1289 1289 1290 1290 1289 1289 1288 1288 1289 1289 1290 1290 1291 1291 1292 1292 1291 1291 1290 1290 1291 1291 1292 1292 1293 1293 1294 1294 1293 1293 1292 1292 1293 1293 1294 1294 1295 1295 1296 1296 1295 1295 1294 1294 1295 1295 1296 1296 1297 1297 1298 1298 1297 1297 1296 1296 1297 1297 1298 1298 1299 1299 1300 1300 1299 1299 1298 1298 1299 1299 1300 1300 1209 1209 1210 1210 1209 1209 1300 1300 1301 1301 1302 1302 1303 1303 1304 1304 1305 1305 1303 1303 1306 1306 1303 1303 1305 1305 1303 1303 1306 1306 1301 1301 1307 1307 1308 1308 1303 1303 1309 1309 1303 1303 1308 1308 1303 1303 1309 1309 1304 1304 1310 1310 1311 1311 1303 1303 1312 1312 1303 1303 1311 1311 1303 1303 1312 1312 1307 1307 1313 1313 1314 1314 1303 1303 1315 1315 1303 1303 1314 1314 1303 1303 1315 1315 1310 1310 1316 1316 1317 1317 1303 1303 1318 1318 1303 1303 1317 1317 1303 1303 1318 1318 1313 1313 1319 1319 1320 1320 1303 1303 1321 1321 1303 1303 1320 1320 1303 1303 1321 1321 1316 1316 1322 1322 1323 1323 1303 1303 1324 1324 1303 1303 1323 1323 1303 1303 1324 1324 1319 1319 1325 1325 1326 1326 1303 1303 1327 1327 1303 1303 1326 1326 1303 1303 1327 1327 1322 1322 1328 1328 1329 1329 1303 1303 1330 1330 1303 1303 1329 1329 1303 1303 1330 1330 1325 1325 1331 1331 1332 1332 1303 1303 1333 1333 1303 1303 1332 1332 1303 1303 1333 1333 1328 1328 1334 1334 1335 1335 1303 1303 1336 1336 1303 1303 1335 1335 1303 1303 1336 1336 1331 1331 1337 1337 1338 1338 1303 1303 1339 1339 1303 1303 1338 1338 1303 1303 1339 1339 1334 1334 1340 1340 1341 1341 1303 1303 1342 1342 1303 1303 1341 1341 1303 1303 1342 1342 1337 1337 1343 1343 1344 1344 1303 1303 1345 1345 1303 1303 1344 1344 1303 1303 1345 1345 1340 1340 1302 1302 1346 1346 1303 1303 1347 1347 1303 1303 1346 1346 1303 1303 1347 1347 1343 1343 1348 1348 1349 1349 1350 1350 1351 1351 1350 1350 1349 1349 1350 1350 1351 1351 1352 1352 1353 1353 1352 1352 1351 1351 1352 1352 1353 1353 1354 1354 1355 1355 1354 1354 1353 1353 1354 1354 1355 1355 1356 1356 1357 1357 1356 1356 1355 1355 1356 1356 1357 1357 1358 1358 1359 1359 1358 1358 1357 1357 1358 1358 1359 1359 579 579 580 580 579 579 1359 1359 884 884 1349 1349 883 883 1348 1348 883 883 1349 1349 1360 1360 1361 1361 1362 1362 1360 1360 1362 1362 1363 1363 1364 1364 1363 1363 1362 1362 1363 1363 1364 1364 1365 1365 1366 1366 1365 1365 1364 1364 1365 1365 1366 1366 1367 1367 1368 1368 1367 1367 1366 1366 1367 1367 1368 1368 1369 1369 1370 1370 1369 1369 1368 1368 1369 1369 1370 1370 1371 1371 1372 1372 1371 1371 1370 1370 1371 1371 1372 1372 1373 1373 1374 1374 1373 1373 1372 1372 1373 1373 1374 1374 1375 1375 1376 1376 1375 1375 1374 1374 1375 1375 1376 1376 1377 1377 1378 1378 1377 1377 1376 1376 1377 1377 1378 1378 1379 1379 1380 1380 1379 1379 1378 1378 1379 1379 1380 1380 1381 1381 1382 1382 1381 1381 1380 1380 1381 1381 1382 1382 1383 1383 872 872 1383 1383 1382 1382 1383 1383 872 872 871 871 1384 1384 1385 1385 1386 1386 1387 1387 1386 1386 1385 1385 1386 1386 1387 1387 1388 1388 1389 1389 1388 1388 1387 1387 1388 1388 1389 1389 1390 1390 1391 1391 1390 1390 1389 1389 1390 1390 1391 1391 1392 1392 1393 1393 1392 1392 1391 1391 1392 1392 1393 1393 1394 1394 1395 1395 1394 1394 1393 1393 1394 1394 1395 1395 1360 1360 1361 1361 1360 1360 1395 1395 1396 1396 1397 1397 1398 1398 1396 1396 1398 1398 1399 1399 1400 1400 1399 1399 1398 1398 1399 1399 1400 1400 1401 1401 1402 1402 1401 1401 1400 1400 1401 1401 1402 1402 1403 1403 1385 1385 1403 1403 1402 1402 1403 1403 1385 1385 1384 1384 726 726 725 725 1404 1404 1405 1405 1404 1404 725 725 1404 1404 1405 1405 1406 1406 1407 1407 1406 1406 1405 1405 1406 1406 1407 1407 1408 1408 1409 1409 1408 1408 1407 1407 1408 1408 1409 1409 1410 1410 1411 1411 1410 1410 1409 1409 1410 1410 1411 1411 1412 1412 1413 1413 1412 1412 1411 1411 1412 1412 1413 1413 1396 1396 1397 1397 1396 1396 1413 1413 1414 1414 1415 1415 1416 1416 1417 1417 1416 1416 1415 1415 1416 1416 1417 1417 1418 1418 1419 1419 1418 1418 1417 1417 1418 1418 1419 1419 1420 1420 1421 1421 1420 1420 1419 1419 1420 1420 1421 1421 1422 1422 1423 1423 1422 1422 1421 1421 1422 1422 1423 1423 1424 1424 1425 1425 1424 1424 1423 1423 1424 1424 1425 1425 701 701 702 702 701 701 1425 1425 1426 1426 1427 1427 1428 1428 1426 1426 1428 1428 1429 1429 1430 1430 1429 1429 1428 1428 1429 1429 1430 1430 1431 1431 1432 1432 1431 1431 1430 1430 1431 1431 1432 1432 1433 1433 1415 1415 1433 1433 1432 1432 1433 1433 1415 1415 1414 1414 1434 1434 1435 1435 1436 1436 1437 1437 1436 1436 1435 1435 1436 1436 1437 1437 1438 1438 1439 1439 1438 1438 1437 1437 1438 1438 1439 1439 1440 1440 1441 1441 1440 1440 1439 1439 1440 1440 1441 1441 1442 1442 1443 1443 1442 1442 1441 1441 1442 1442 1443 1443 1444 1444 1445 1445 1444 1444 1443 1443 1444 1444 1445 1445 1426 1426 1427 1427 1426 1426 1445 1445 1446 1446 1447 1447 1448 1448 1446 1446 1448 1448 1449 1449 1450 1450 1449 1449 1448 1448 1449 1449 1450 1450 1451 1451 1452 1452 1451 1451 1450 1450 1451 1451 1452 1452 1453 1453 1454 1454 1453 1453 1452 1452 1453 1453 1454 1454 1455 1455 1456 1456 1455 1455 1454 1454 1455 1455 1456 1456 1457 1457 1458 1458 1457 1457 1456 1456 1457 1457 1458 1458 1459 1459 1460 1460 1459 1459 1458 1458 1459 1459 1460 1460 1461 1461 1462 1462 1461 1461 1460 1460 1461 1461 1462 1462 1463 1463 1464 1464 1463 1463 1462 1462 1463 1463 1464 1464 1465 1465 1466 1466 1465 1465 1464 1464 1465 1465 1466 1466 1467 1467 1468 1468 1467 1467 1466 1466 1467 1467 1468 1468 1469 1469 1435 1435 1469 1469 1468 1468 1469 1469 1435 1435 1434 1434 802 802 801 801 1470 1470 1471 1471 1470 1470 801 801 1470 1470 1471 1471 1472 1472 1473 1473 1472 1472 1471 1471 1472 1472 1473 1473 1474 1474 1475 1475 1474 1474 1473 1473 1474 1474 1475 1475 1476 1476 1477 1477 1476 1476 1475 1475 1476 1476 1477 1477 1478 1478 1479 1479 1478 1478 1477 1477 1478 1478 1479 1479 1446 1446 1447 1447 1446 1446 1479 1479 1480 1480 1481 1481 1482 1482 1483 1483 1482 1482 1481 1481 1482 1482 1483 1483 1484 1484 1485 1485 1484 1484 1483 1483 1484 1484 1485 1485 1486 1486 1487 1487 1486 1486 1485 1485 1486 1486 1487 1487 1488 1488 1489 1489 1488 1488 1487 1487 1488 1488 1489 1489 1490 1490 1491 1491 1490 1490 1489 1489 1490 1490 1491 1491 793 793 794 794 793 793 1491 1491 700 700 1492 1492 699 699 1493 1493 699 699 1492 1492 1493 1493 1492 1492 1494 1494 1495 1495 1494 1494 1492 1492 1494 1494 1495 1495 1496 1496 1495 1495 1497 1497 1496 1496 1498 1498 1496 1496 1497 1497 1496 1496 1498 1498 1499 1499 1500 1500 1499 1499 1498 1498 1499 1499 1500 1500 1501 1501 1502 1502 1501 1501 1500 1500 1501 1501 1502 1502 1503 1503 1504 1504 1503 1503 1502 1502 1503 1503 1504 1504 1505 1505 1506 1506 1505 1505 1504 1504 1505 1505 1506 1506 1507 1507 1508 1508 1507 1507 1506 1506 1507 1507 1508 1508 1509 1509 1510 1510 1509 1509 1508 1508 1509 1509 1510 1510 1511 1511 1512 1512 1511 1511 1510 1510 1511 1511 1512 1512 1513 1513 1514 1514 1513 1513 1512 1512 1513 1513 1514 1514 1515 1515 1481 1481 1515 1515 1514 1514 1515 1515 1481 1481 1480 1480 1516 1516 1517 1517 1518 1518 1519 1519 1520 1520 1521 1521 1521 1521 1520 1520 1522 1522 1523 1523 1524 1524 1525 1525 1526 1526 1525 1525 1524 1524 1525 1525 1526 1526 1527 1527 1528 1528 1527 1527 1526 1526 1527 1527 1528 1528 1529 1529 1519 1519 1521 1521 1530 1530 1531 1531 1530 1530 1521 1521 1530 1530 1531 1531 1532 1532 1533 1533 1532 1532 1531 1531 1532 1532 1533 1533 1534 1534 1535 1535 1534 1534 1533 1533 1534 1534 1535 1535 1536 1536 1537 1537 1536 1536 1535 1535 1536 1536 1537 1537 1538 1538 1539 1539 1538 1538 1537 1537 1538 1538 1539 1539 1523 1523 1540 1540 1523 1523 1539 1539 1523 1523 1540 1540 1524 1524 1541 1541 1542 1542 1543 1543 1544 1544 1543 1543 1542 1542 1543 1543 1544 1544 1528 1528 1545 1545 1528 1528 1544 1544 1528 1528 1545 1545 1529 1529 1546 1546 1547 1547 1548 1548 1549 1549 1548 1548 1547 1547 1548 1548 1549 1549 1550 1550 1541 1541 1550 1550 1549 1549 1550 1550 1541 1541 1551 1551 1543 1543 1551 1551 1541 1541 1548 1548 1552 1552 1546 1546 1553 1553 1546 1546 1552 1552 1546 1546 1553 1553 1554 1554 1555 1555 1554 1554 1553 1553 1554 1554 1555 1555 1556 1556 1557 1557 1556 1556 1555 1555 1556 1556 1557 1557 1558 1558 1559 1559 1558 1558 1557 1557 1558 1558 1559 1559 1560 1560 1561 1561 1562 1562 1563 1563 1564 1564 1563 1563 1562 1562 1563 1563 1564 1564 1565 1565 1518 1518 1517 1517 1566 1566 1567 1567 1566 1566 1517 1517 1566 1566 1567 1567 1568 1568 1567 1567 1569 1569 1568 1568 1570 1570 1568 1568 1569 1569 1568 1568 1570 1570 1571 1571 1572 1572 1571 1571 1570 1570 1571 1571 1572 1572 1573 1573 1574 1574 1573 1573 1572 1572 1573 1573 1574 1574 1575 1575 1576 1576 1577 1577 1578 1578 1579 1579 1578 1578 1577 1577 1578 1578 1579 1579 1574 1574 1580 1580 1574 1574 1579 1579 1574 1574 1580 1580 1575 1575 1578 1578 1581 1581 1576 1576 1582 1582 1576 1576 1581 1581 1576 1576 1582 1582 1583 1583 1584 1584 1583 1583 1582 1582 1583 1583 1584 1584 1585 1585 1586 1586 1585 1585 1584 1584 1585 1585 1586 1586 1587 1587 1588 1588 1587 1587 1586 1586 1587 1587 1588 1588 1589 1589 1590 1590 1589 1589 1588 1588 1589 1589 1590 1590 1591 1591 1592 1592 1591 1591 1590 1590 1591 1591 1592 1592 1593 1593 1594 1594 1593 1593 1592 1592 1593 1593 1594 1594 1595 1595 1522 1522 1595 1595 1594 1594 1595 1595 1522 1522 1596 1596 1520 1520 1596 1596 1522 1522 1597 1597 1574 1574 1598 1598 1599 1599 1598 1598 1574 1574 1600 1600 1601 1601 1602 1602 1600 1600 1602 1602 1603 1603 1604 1604 1605 1605 1572 1572 1606 1606 1572 1572 1605 1605 1572 1572 1606 1606 1574 1574 1607 1607 1574 1574 1606 1606 1574 1574 1607 1607 1599 1599 1608 1608 1609 1609 1574 1574 1609 1609 1610 1610 1574 1574 1611 1611 1574 1574 1610 1610 1574 1574 1611 1611 1612 1612 1613 1613 1614 1614 1615 1615 1616 1616 1615 1615 1614 1614 1615 1615 1616 1616 1617 1617 1601 1601 1600 1600 1572 1572 1618 1618 1572 1572 1600 1600 1572 1572 1618 1618 1604 1604 1597 1597 1619 1619 1620 1620 1613 1613 1621 1621 1622 1622 1602 1602 1623 1623 1603 1603 1624 1624 1603 1603 1623 1623 1603 1603 1624 1624 1625 1625 1626 1626 1625 1625 1624 1624 1625 1625 1626 1626 1627 1627 1628 1628 1627 1627 1626 1626 1627 1627 1628 1628 1629 1629 1630 1630 1629 1629 1628 1628 1629 1629 1630 1630 1631 1631 1632 1632 1631 1631 1630 1630 1631 1631 1632 1632 1633 1633 1634 1634 1633 1633 1632 1632 1633 1633 1634 1634 1635 1635 1636 1636 1635 1635 1634 1634 1635 1635 1636 1636 1637 1637 1638 1638 1637 1637 1636 1636 1637 1637 1638 1638 1639 1639 1640 1640 1639 1639 1638 1638 1639 1639 1640 1640 1641 1641 1642 1642 1641 1641 1640 1640 1641 1641 1642 1642 1643 1643 1644 1644 1643 1643 1642 1642 1643 1643 1644 1644 1645 1645 1646 1646 1645 1645 1644 1644 1645 1645 1646 1646 1647 1647 1648 1648 1647 1647 1646 1646 1647 1647 1648 1648 1649 1649 1650 1650 1649 1649 1648 1648 1649 1649 1650 1650 1619 1619 1651 1651 1619 1619 1650 1650 1619 1619 1651 1651 1620 1620 1622 1622 1652 1652 1613 1613 1653 1653 1613 1613 1652 1652 1613 1613 1653 1653 1614 1614 1620 1620 1654 1654 1597 1597 1655 1655 1597 1597 1654 1654 1597 1597 1655 1655 1574 1574 1656 1656 1574 1574 1655 1655 1574 1574 1656 1656 1608 1608 1565 1565 1564 1564 1657 1657 1658 1658 1657 1657 1564 1564 1657 1657 1658 1658 1659 1659 1660 1660 1659 1659 1658 1658 1659 1659 1660 1660 1516 1516 1661 1661 1516 1516 1660 1660 1516 1516 1661 1661 1517 1517 1662 1662 1517 1517 1661 1661 1517 1517 1662 1662 1567 1567 1663 1663 1664 1664 1665 1665 1666 1666 1667 1667 1562 1562 1668 1668 1562 1562 1667 1667 1669 1669 1670 1670 1671 1671 1564 1564 1671 1671 1670 1670 1671 1671 1564 1564 1672 1672 1663 1663 1665 1665 1673 1673 1668 1668 1674 1674 1562 1562 1675 1675 1562 1562 1674 1674 1562 1562 1675 1675 1564 1564 1676 1676 1564 1564 1675 1675 1564 1564 1676 1676 1672 1672 1665 1665 1677 1677 1673 1673 1678 1678 1673 1673 1677 1677 1673 1673 1678 1678 1679 1679 1680 1680 1679 1679 1678 1678 1679 1679 1680 1680 1681 1681 1682 1682 1681 1681 1680 1680 1681 1681 1682 1682 1683 1683 1684 1684 1683 1683 1682 1682 1683 1683 1684 1684 1685 1685 1686 1686 1685 1685 1684 1684 1685 1685 1686 1686 1687 1687 1688 1688 1687 1687 1686 1686 1687 1687 1688 1688 1689 1689 1690 1690 1689 1689 1688 1688 1689 1689 1690 1690 1691 1691 1692 1692 1691 1691 1690 1690 1691 1691 1692 1692 1693 1693 1694 1694 1693 1693 1692 1692 1693 1693 1694 1694 1695 1695 1696 1696 1695 1695 1694 1694 1695 1695 1696 1696 1697 1697 1698 1698 1697 1697 1696 1696 1697 1697 1698 1698 1699 1699 1700 1700 1699 1699 1698 1698 1699 1699 1700 1700 1701 1701 1702 1702 1701 1701 1700 1700 1701 1701 1702 1702 1703 1703 1704 1704 1703 1703 1702 1702 1703 1703 1704 1704 1669 1669 1705 1705 1669 1669 1704 1704 1669 1669 1705 1705 1670 1670 1664 1664 1663 1663 1706 1706 1666 1666 1706 1706 1663 1663 1706 1706 1666 1666 1707 1707 1562 1562 1707 1707 1666 1666 1707 1707 1562 1562 1708 1708 1709 1709 1710 1710 1562 1562 1711 1711 1712 1712 1559 1559 1713 1713 1559 1559 1712 1712 1559 1559 1713 1713 1714 1714 1561 1561 1560 1560 1562 1562 1559 1559 1562 1562 1560 1560 1562 1562 1559 1559 1709 1709 1714 1714 1709 1709 1559 1559 1715 1715 1716 1716 1562 1562 1717 1717 1562 1562 1716 1716 1562 1562 1717 1717 1708 1708 1710 1710 1718 1718 1562 1562 1719 1719 1562 1562 1718 1718 1562 1562 1719 1719 1720 1720 1559 1559 1721 1721 1711 1711 1722 1722 1711 1711 1721 1721 1711 1711 1722 1722 1723 1723 1720 1720 1724 1724 1725 1725 1722 1722 1726 1726 1723 1723 1727 1727 1723 1723 1726 1726 1723 1723 1727 1727 1728 1728 1729 1729 1728 1728 1727 1727 1728 1728 1729 1729 1730 1730 1731 1731 1730 1730 1729 1729 1730 1730 1731 1731 1732 1732 1733 1733 1732 1732 1731 1731 1732 1732 1733 1733 1734 1734 1735 1735 1734 1734 1733 1733 1734 1734 1735 1735 1736 1736 1737 1737 1736 1736 1735 1735 1736 1736 1737 1737 1738 1738 1739 1739 1738 1738 1737 1737 1738 1738 1739 1739 1740 1740 1741 1741 1740 1740 1739 1739 1740 1740 1741 1741 1742 1742 1743 1743 1742 1742 1741 1741 1742 1742 1743 1743 1744 1744 1745 1745 1744 1744 1743 1743 1744 1744 1745 1745 1746 1746 1747 1747 1746 1746 1745 1745 1746 1746 1747 1747 1748 1748 1749 1749 1748 1748 1747 1747 1748 1748 1749 1749 1750 1750 1751 1751 1750 1750 1749 1749 1750 1750 1751 1751 1752 1752 1753 1753 1752 1752 1751 1751 1752 1752 1753 1753 1724 1724 1754 1754 1724 1724 1753 1753 1724 1724 1754 1754 1725 1725 1725 1725 1755 1755 1720 1720 1756 1756 1720 1720 1755 1755 1720 1720 1756 1756 1562 1562 1757 1757 1562 1562 1756 1756 1562 1562 1757 1757 1715 1715 1758 1758 1759 1759 1760 1760 1761 1761 1762 1762 1528 1528 1763 1763 1764 1764 1765 1765 1761 1761 1528 1528 1766 1766 1765 1765 1764 1764 1767 1767 1768 1768 1767 1767 1764 1764 1767 1767 1768 1768 1769 1769 1770 1770 1769 1769 1768 1768 1769 1769 1770 1770 1771 1771 1772 1772 1771 1771 1770 1770 1771 1771 1772 1772 1773 1773 1774 1774 1773 1773 1772 1772 1773 1773 1774 1774 1775 1775 1776 1776 1775 1775 1774 1774 1775 1775 1776 1776 1760 1760 1777 1777 1760 1760 1776 1776 1760 1760 1777 1777 1758 1758 1778 1778 1779 1779 1780 1780 1781 1781 1780 1780 1779 1779 1780 1780 1781 1781 1782 1782 1783 1783 1782 1782 1781 1781 1782 1782 1783 1783 1784 1784 1785 1785 1784 1784 1783 1783 1786 1786 1787 1787 1785 1785 1788 1788 1785 1785 1787 1787 1785 1785 1788 1788 1784 1784 1789 1789 1543 1543 1790 1790 1528 1528 1790 1790 1543 1543 1790 1790 1528 1528 1791 1791 1762 1762 1791 1791 1528 1528 1765 1765 1792 1792 1763 1763 1793 1793 1763 1763 1792 1792 1763 1763 1793 1793 1794 1794 1543 1543 1794 1794 1793 1793 1794 1794 1543 1543 1795 1795 1789 1789 1795 1795 1543 1543 1796 1796 1797 1797 1528 1528 1798 1798 1528 1528 1797 1797 1528 1528 1798 1798 1766 1766 1799 1799 1766 1766 1798 1798 1766 1766 1799 1799 1786 1786 1800 1800 1786 1786 1799 1799 1786 1786 1800 1800 1787 1787 1801 1801 1802 1802 1803 1803 1804 1804 1803 1803 1802 1802 1801 1801 1805 1805 1802 1802 1760 1760 1802 1802 1805 1805 1802 1802 1760 1760 1780 1780 1759 1759 1780 1780 1760 1760 1780 1780 1759 1759 1778 1778 1806 1806 1807 1807 1808 1808 1809 1809 1808 1808 1807 1807 1808 1808 1809 1809 1810 1810 1528 1528 1811 1811 1812 1812 1812 1812 1813 1813 1528 1528 1814 1814 1528 1528 1813 1813 1528 1528 1814 1814 1796 1796 1815 1815 1816 1816 1817 1817 1806 1806 1811 1811 1807 1807 1528 1528 1807 1807 1811 1811 1807 1807 1528 1528 1818 1818 1819 1819 1818 1818 1528 1528 1816 1816 1820 1820 1817 1817 1821 1821 1817 1817 1820 1820 1817 1817 1821 1821 1822 1822 1823 1823 1822 1822 1821 1821 1822 1822 1823 1823 1824 1824 1825 1825 1824 1824 1823 1823 1824 1824 1825 1825 1826 1826 1827 1827 1826 1826 1825 1825 1826 1826 1827 1827 1828 1828 1829 1829 1828 1828 1827 1827 1828 1828 1829 1829 1830 1830 1831 1831 1830 1830 1829 1829 1830 1830 1831 1831 1832 1832 1832 1832 1831 1831 1833 1833 1834 1834 1833 1833 1831 1831 1833 1833 1834 1834 1835 1835 1836 1836 1837 1837 1526 1526 1838 1838 1526 1526 1837 1837 1526 1526 1838 1838 1528 1528 1839 1839 1528 1528 1838 1838 1528 1528 1839 1839 1819 1819 1810 1810 1809 1809 1840 1840 1841 1841 1840 1840 1809 1809 1840 1840 1841 1841 1842 1842 1843 1843 1842 1842 1841 1841 1842 1842 1843 1843 1844 1844 1845 1845 1844 1844 1843 1843 1844 1844 1845 1845 1846 1846 1847 1847 1846 1846 1845 1845 1846 1846 1847 1847 1848 1848 1835 1835 1834 1834 1526 1526 1849 1849 1526 1526 1834 1834 1526 1526 1849 1849 1836 1836 1850 1850 1851 1851 1852 1852 1817 1817 1852 1852 1851 1851 1848 1848 1815 1815 1846 1846 1817 1817 1846 1846 1815 1815 1846 1846 1817 1817 1853 1853 1851 1851 1853 1853 1817 1817 1854 1854 1855 1855 1856 1856 1521 1521 1856 1856 1855 1855 1856 1856 1521 1521 1857 1857 1858 1858 1859 1859 1860 1860 1861 1861 1860 1860 1859 1859 1862 1862 1522 1522 1863 1863 1864 1864 1863 1863 1522 1522 1862 1862 1865 1865 1522 1522 1866 1866 1522 1522 1865 1865 1522 1522 1866 1866 1521 1521 1867 1867 1521 1521 1866 1866 1521 1521 1867 1867 1857 1857 1861 1861 1859 1859 1868 1868 1869 1869 1868 1868 1859 1859 1868 1868 1869 1869 1870 1870 1871 1871 1870 1870 1869 1869 1870 1870 1871 1871 1872 1872 1873 1873 1872 1872 1871 1871 1872 1872 1873 1873 1874 1874 1875 1875 1874 1874 1873 1873 1874 1874 1875 1875 1876 1876 1877 1877 1876 1876 1875 1875 1876 1876 1877 1877 1878 1878 1879 1879 1878 1878 1877 1877 1878 1878 1879 1879 1854 1854 1880 1880 1854 1854 1879 1879 1854 1854 1880 1880 1855 1855 1881 1881 1882 1882 1883 1883 1884 1884 1883 1883 1882 1882 1883 1883 1884 1884 1885 1885 1886 1886 1885 1885 1884 1884 1885 1885 1886 1886 1887 1887 1888 1888 1887 1887 1886 1886 1887 1887 1888 1888 1889 1889 1889 1889 1888 1888 1890 1890 1891 1891 1890 1890 1888 1888 1890 1890 1891 1891 1892 1892 1892 1892 1891 1891 1893 1893 1864 1864 1893 1893 1891 1891 1893 1893 1864 1864 1894 1894 1522 1522 1894 1894 1864 1864 1894 1894 1522 1522 1895 1895 1896 1896 1859 1859 1883 1883 1858 1858 1883 1883 1859 1859 1883 1883 1858 1858 1881 1881 1896 1896 1897 1897 1859 1859 1898 1898 1859 1859 1897 1897 1859 1859 1898 1898 1899 1899 1900 1900 1899 1899 1898 1898 1901 1901 1902 1902 1594 1594 1903 1903 1904 1904 1905 1905 1906 1906 1907 1907 1908 1908 1901 1901 1594 1594 1909 1909 1910 1910 1911 1911 1522 1522 1910 1910 1522 1522 1912 1912 1913 1913 1914 1914 1522 1522 1915 1915 1522 1522 1914 1914 1522 1522 1915 1915 1895 1895 1902 1902 1916 1916 1594 1594 1917 1917 1594 1594 1916 1916 1594 1594 1917 1917 1522 1522 1918 1918 1522 1522 1917 1917 1522 1522 1918 1918 1912 1912 1594 1594 1919 1919 1909 1909 1920 1920 1909 1909 1919 1919 1909 1909 1920 1920 1921 1921 1911 1911 1922 1922 1923 1923 1903 1903 1905 1905 1924 1924 1925 1925 1924 1924 1905 1905 1924 1924 1925 1925 1926 1926 1927 1927 1926 1926 1925 1925 1926 1926 1927 1927 1928 1928 1929 1929 1928 1928 1927 1927 1928 1928 1929 1929 1922 1922 1930 1930 1922 1922 1929 1929 1922 1922 1930 1930 1923 1923 1907 1907 1931 1931 1908 1908 1932 1932 1908 1908 1931 1931 1908 1908 1932 1932 1933 1933 1934 1934 1933 1933 1932 1932 1933 1933 1934 1934 1935 1935 1936 1936 1935 1935 1934 1934 1935 1935 1936 1936 1937 1937 1938 1938 1937 1937 1936 1936 1937 1937 1938 1938 1939 1939 1940 1940 1939 1939 1938 1938 1939 1939 1940 1940 1941 1941 1921 1921 1941 1941 1940 1940 1941 1941 1921 1921 1942 1942 1920 1920 1942 1942 1921 1921 1923 1923 1943 1943 1911 1911 1944 1944 1911 1911 1943 1943 1911 1911 1944 1944 1522 1522 1945 1945 1522 1522 1944 1944 1522 1522 1945 1945 1913 1913 1946 1946 1947 1947 1948 1948 1908 1908 1948 1948 1947 1947 1904 1904 1906 1906 1905 1905 1908 1908 1905 1905 1906 1906 1905 1905 1908 1908 1949 1949 1947 1947 1949 1949 1908 1908 1950 1950 1951 1951 1574 1574 1950 1950 1574 1574 1952 1952 1953 1953 1578 1578 1954 1954 1574 1574 1954 1954 1578 1578 1954 1954 1574 1574 1955 1955 1951 1951 1955 1955 1574 1574 1956 1956 1957 1957 1574 1574 1958 1958 1959 1959 1960 1960 1578 1578 1960 1960 1959 1959 1960 1960 1578 1578 1961 1961 1953 1953 1961 1961 1578 1578 1962 1962 1963 1963 1964 1964 1965 1965 1966 1966 1574 1574 1967 1967 1574 1574 1966 1966 1964 1964 1968 1968 1962 1962 1969 1969 1962 1962 1968 1968 1962 1962 1969 1969 1970 1970 1971 1971 1970 1970 1969 1969 1970 1970 1971 1971 1972 1972 1973 1973 1972 1972 1971 1971 1972 1972 1973 1973 1974 1974 1975 1975 1974 1974 1973 1973 1974 1974 1975 1975 1976 1976 1977 1977 1976 1976 1975 1975 1976 1976 1977 1977 1978 1978 1979 1979 1978 1978 1977 1977 1978 1978 1979 1979 1980 1980 1981 1981 1980 1980 1979 1979 1980 1980 1981 1981 1982 1982 1983 1983 1982 1982 1981 1981 1982 1982 1983 1983 1984 1984 1985 1985 1984 1984 1983 1983 1984 1984 1985 1985 1986 1986 1987 1987 1986 1986 1985 1985 1986 1986 1987 1987 1988 1988 1989 1989 1988 1988 1987 1987 1988 1988 1989 1989 1990 1990 1991 1991 1990 1990 1989 1989 1990 1990 1991 1991 1992 1992 1993 1993 1992 1992 1991 1991 1992 1992 1993 1993 1994 1994 1995 1995 1994 1994 1993 1993 1994 1994 1995 1995 1958 1958 1996 1996 1958 1958 1995 1995 1958 1958 1996 1996 1959 1959 1957 1957 1997 1997 1574 1574 1998 1998 1574 1574 1997 1997 1574 1574 1998 1998 1965 1965 1967 1967 1999 1999 1574 1574 2000 2000 1574 1574 1999 1999 1574 1574 2000 2000 1952 1952 2001 2001 1952 1952 2000 2000 1952 1952 2001 2001 1963 1963 2002 2002 1963 1963 2001 2001 1963 1963 2002 2002 1964 1964 2003 2003 2004 2004 2005 2005 1612 1612 1617 1617 1574 1574 1616 1616 1574 1574 1617 1617 1574 1574 1616 1616 1956 1956 2006 2006 1956 1956 1616 1616 1956 1956 2006 2006 2007 2007 2003 2003 2007 2007 2006 2006 2007 2007 2003 2003 2008 2008 2005 2005 2008 2008 2003 2003 2009 2009 2010 2010 2011 2011 2012 2012 2013 2013 2011 2011 2014 2014 2011 2011 2013 2013 2011 2011 2014 2014 2009 2009 2015 2015 2016 2016 2011 2011 2017 2017 2011 2011 2016 2016 2011 2011 2017 2017 2012 2012 2018 2018 2019 2019 2011 2011 2020 2020 2011 2011 2019 2019 2011 2011 2020 2020 2015 2015 2021 2021 2022 2022 2011 2011 2023 2023 2011 2011 2022 2022 2011 2011 2023 2023 2018 2018 2024 2024 2025 2025 2011 2011 2026 2026 2011 2011 2025 2025 2011 2011 2026 2026 2021 2021 2027 2027 2028 2028 2011 2011 2029 2029 2011 2011 2028 2028 2011 2011 2029 2029 2024 2024 2030 2030 2031 2031 2011 2011 2032 2032 2011 2011 2031 2031 2011 2011 2032 2032 2027 2027 2033 2033 2034 2034 2011 2011 2035 2035 2011 2011 2034 2034 2011 2011 2035 2035 2030 2030 2036 2036 2037 2037 2011 2011 2038 2038 2011 2011 2037 2037 2011 2011 2038 2038 2033 2033 2039 2039 2040 2040 2011 2011 2041 2041 2011 2011 2040 2040 2011 2011 2041 2041 2036 2036 2042 2042 2043 2043 2011 2011 2044 2044 2011 2011 2043 2043 2011 2011 2044 2044 2039 2039 2045 2045 2046 2046 2011 2011 2047 2047 2011 2011 2046 2046 2011 2011 2047 2047 2042 2042 2048 2048 2049 2049 2011 2011 2050 2050 2011 2011 2049 2049 2011 2011 2050 2050 2045 2045 2051 2051 2052 2052 2011 2011 2053 2053 2011 2011 2052 2052 2011 2011 2053 2053 2048 2048 2010 2010 2054 2054 2011 2011 2055 2055 2011 2011 2054 2054 2011 2011 2055 2055 2051 2051 2056 2056 2057 2057 2058 2058 2059 2059 2058 2058 2057 2057 2058 2058 2059 2059 2060 2060 2061 2061 2060 2060 2059 2059 2060 2060 2061 2061 2062 2062 2063 2063 2062 2062 2061 2061 2062 2062 2063 2063 2064 2064 2065 2065 2064 2064 2063 2063 2064 2064 2065 2065 2066 2066 2067 2067 2066 2066 2065 2065 2066 2066 2067 2067 2068 2068 2069 2069 2068 2068 2067 2067 2068 2068 2069 2069 2070 2070 2071 2071 2070 2070 2069 2069 2070 2070 2071 2071 2072 2072 2073 2073 2072 2072 2071 2071 2072 2072 2073 2073 2074 2074 2075 2075 2074 2074 2073 2073 2074 2074 2075 2075 2076 2076 2077 2077 2076 2076 2075 2075 2076 2076 2077 2077 2078 2078 2079 2079 2078 2078 2077 2077 2078 2078 2079 2079 2080 2080 2081 2081 2080 2080 2079 2079 2080 2080 2081 2081 2082 2082 2083 2083 2082 2082 2081 2081 2082 2082 2083 2083 2084 2084 2085 2085 2084 2084 2083 2083 2084 2084 2085 2085 2086 2086 2087 2087 2086 2086 2085 2085 2086 2086 2087 2087 2088 2088 2089 2089 2088 2088 2087 2087 2088 2088 2089 2089 2090 2090 2091 2091 2090 2090 2089 2089 2090 2090 2091 2091 2092 2092 2093 2093 2092 2092 2091 2091 2092 2092 2093 2093 2094 2094 2095 2095 2094 2094 2093 2093 2094 2094 2095 2095 2096 2096 2097 2097 2096 2096 2095 2095 2096 2096 2097 2097 2098 2098 2099 2099 2098 2098 2097 2097 2098 2098 2099 2099 2100 2100 2101 2101 2100 2100 2099 2099 2100 2100 2101 2101 2102 2102 2103 2103 2102 2102 2101 2101 2102 2102 2103 2103 2104 2104 2105 2105 2104 2104 2103 2103 2104 2104 2105 2105 2106 2106 2107 2107 2106 2106 2105 2105 2106 2106 2107 2107 2108 2108 2109 2109 2108 2108 2107 2107 2108 2108 2109 2109 2110 2110 2111 2111 2110 2110 2109 2109 2110 2110 2111 2111 2112 2112 2113 2113 2112 2112 2111 2111 2112 2112 2113 2113 2114 2114 2115 2115 2114 2114 2113 2113 2114 2114 2115 2115 2116 2116 2117 2117 2116 2116 2115 2115 2116 2116 2117 2117 2118 2118 2119 2119 2118 2118 2117 2117 2118 2118 2119 2119 2120 2120 2121 2121 2120 2120 2119 2119 2120 2120 2121 2121 2122 2122 2123 2123 2122 2122 2121 2121 2122 2122 2123 2123 2124 2124 2125 2125 2124 2124 2123 2123 2124 2124 2125 2125 2126 2126 2127 2127 2126 2126 2125 2125 2126 2126 2127 2127 2128 2128 2129 2129 2128 2128 2127 2127 2128 2128 2129 2129 2130 2130 2131 2131 2130 2130 2129 2129 2130 2130 2131 2131 2132 2132 2133 2133 2132 2132 2131 2131 2132 2132 2133 2133 2134 2134 2135 2135 2134 2134 2133 2133 2134 2134 2135 2135 2136 2136 2137 2137 2136 2136 2135 2135 2136 2136 2137 2137 2138 2138 2139 2139 2138 2138 2137 2137 2138 2138 2139 2139 2140 2140 2141 2141 2140 2140 2139 2139 2140 2140 2141 2141 2142 2142 2143 2143 2142 2142 2141 2141 2142 2142 2143 2143 2144 2144 2145 2145 2144 2144 2143 2143 2144 2144 2145 2145 2146 2146 2147 2147 2146 2146 2145 2145 2146 2146 2147 2147 2056 2056 2057 2057 2056 2056 2147 2147</p>
        </triangles>
      </mesh>
    </geometry>
  </library_geometries>
  <library_materials>
    <material id="a2dcf63bd9b342a992a731fcda919fb5" name="defaultmaterial">
      <instance_effect url="#ccae8a601d664205bf9e77eaad28ff7e"/>
    </material>
  </library_materials>
  <library_visual_scenes>
    <visual_scene id="scene">
      <node id="node0" name="node0">
        <instance_geometry url="#9754085416f54d86a132ca5e4ef9de1a">
          <bind_material>
            <technique_common>
              <instance_material symbol="material0" target="#a2dcf63bd9b342a992a731fcda919fb5"/>
            </technique_common>
          </bind_material>
        </instance_geometry>
      </node>
    </visual_scene>
  </library_visual_scenes>
  <scene>
    <instance_visual_scene url="#scene"/>
  </scene>
</COLLADA>
