<COLLADA xmlns="http://www.collada.org/2005/11/COLLADASchema" version="1.4.1">
  <asset>
    <created>2026-09-21T21:23:01.379380</created>
    <modified>2026-09-21T21:23:01.379380</modified>
    <up_axis>Y_UP</up_axis>
  </asset>
  <library_effects>
    <effect id="26e40beeefde47879ab4335ff9670115" name="26e40beeefde47879ab4335ff9670115">
      <profile_COMMON>
        <technique sid="common">
          <phong>
            <emission>
              <color>0.0 0.0 0.0 1.0</color>
            </emission>
            <ambient>
              <color>0.0 0.0 0.0 1.0</color>
            </ambient>
            <diffuse>
              <color>0.23137254901960785 0.3803921568627451 0.7058823529411765 1.0</color>
            </diffuse>
            <specular>
              <color>0.0 0.0 0.0 1.0</color>
            </specular>
            <shininess>
              <float>0.0</float>
            </shininess>
            <reflective>
              <color>0.0 0.0 0.0 1.0</color>
            </reflective>
            <reflectivity>
              <float>0.0</float>
            </reflectivity>
            <transparent>
              <color>0.0 0.0 0.0 1.0</color>
            </transparent>
            <transparency>
              <float>1.0</float>
            </transparency>
          </phong>
        </technique>
        <extra>
          <technique profile="GOOGLEEARTH">
            <double_sided>0</double_sided>
          </technique>
        </extra>
      </profile_COMMON>
    </effect>
    <effect id="5e530caac4d04dffa4b34c853b180eb9" name="5e530caac4d04dffa4b34c853b180eb9">
      <profile_COMMON>
        <technique sid="common">
          <phong>
            <emission>
              <color>0.0 0.0 0.0 1.0</color>
            </emission>
            <ambient>
              <color>0.0 0.0 0.0 1.0</color>
            </ambient>
            <diffuse>
              <color>0.6431372549019608 0.6431372549019608 0.6431372549019608 1.0</color>
            </diffuse>
            <specular>
              <color>0.0 0.0 0.0 1.0</color>
            </specular>
            <shininess>
              <float>0.0</float>
            </shininess>
            <reflective>
              <color>0.0 0.0 0.0 1.0</color>
            </reflective>
            <reflectivity>
              <float>0.0</float>
            </reflectivity>
            <transparent>
              <color>0.0 0.0 0.0 1.0</color>
            </transparent>
            <transparency>
              <float>1.0</float>
            </transparency>
          </phong>
        </technique>
        <extra>
          <technique profile="GOOGLEEARTH">
            <double_sided>0</double_sided>
          </technique>
        </extra>
      </profile_COMMON>
    </effect>
    <effect id="e7150fa9a06946db81f689662b0ceaf5" name="e7150fa9a06946db81f689662b0ceaf5">
      <profile_COMMON>
        <technique sid="common">
          <phong>
            <emission>
              <color>0.0 0.0 0.0 1.0</color>
            </emission>
            <ambient>
              <color>0.0 0.0 0.0 1.0</color>
            </ambient>
            <diffuse>
              <color>0.9176470588235294 0.9176470588235294 0.9176470588235294 1.0</color>
            </diffuse>
            <specular>
              <color>0.0 0.0 0.0 1.0</color>
            </specular>
            <shininess>
              <float>0.0</float>
            </shininess>
            <reflective>
              <color>0.0 0.0 0.0 1.0</color>
            </reflective>
            <reflectivity>
              <float>0.0</float>
            </reflectivity>
            <transparent>
              <color>0.0 0.0 0.0 1.0</color>
            </transparent>
            <transparency>
              <float>1.0</float>
            </transparency>
          </phong>
        </technique>
        <extra>
          <technique profile="GOOGLEEARTH">
            <double_sided>0</double_sided>
          </technique>
        </extra>
      </profile_COMMON>
    </effect>
  </library_effects>
  <library_geometries>
    <geometry id="6371b621810449c598927ac02f65df82" name="a999664ecb8a4482ba048bf450543759">
      <mesh>
        <source id="verts-array">
          <float_array count="17484" id="verts-array-array">0.03059795 0.0147788 0.005233762 0.03104491 0.0145007 0.004962153 0.03090285 0.01465392 0.004751455 0.03074523 0.01494231 0.004452062 0.03078989 0.014839 0.004548838 0.03097068 0.01467714 0.004431335 0.03161323 0.01410969 0.004778455 0.03191173 0.01384096 0.004310658 0.03172795 0.01394506 0.004208455 0.03133679 0.01423804 0.003494546 0.03132064 0.01427527 0.003529544 0.03144004 0.01411072 0.00359378 0.02998791 0.01607681 0.004469553 0.02998052 0.01608528 0.004472443 0.02996757 0.01592867 0.004565769 0.02984021 0.01624655 0.004527622 0.02961673 0.01648205 0.004584669 0.02958277 0.01630368 0.004662613 0.02925501 0.016856 0.004660922 0.02924202 0.01686734 0.004663287 0.02919868 0.01667174 0.004733692 0.02908231 0.01600676 0.005093231 0.02908094 0.0159512 0.005151179 0.02931183 0.01596172 0.005002457 0.02934625 0.01526787 0.007024369 0.02941016 0.01531195 0.007219807 0.03007901 0.01506883 0.006955004 0.03161246 0.01426245 0.005596156 0.03220125 0.01399546 0.005275504 0.03202469 0.01398251 0.005083622 0.03223458 0.01396646 0.005215378 0.03235037 0.01386564 0.005006297 0.03129479 0.0145419 0.006237402 0.03161237 0.01438784 0.006004317 0.03180353 0.01426048 0.005767763 0.0311165 0.01453219 0.006027239 0.03054997 0.01479111 0.006383561 0.0307223 0.01481955 0.006657394 0.02993926 0.01502981 0.006655397 0.0292959 0.0152596 0.006838519 0.02932828 0.01526491 0.006957921 0.03059529 0.01488119 0.006750682 0.02921729 0.01524669 0.006548089 0.02979475 0.01505038 0.006289622 0.02920882 0.01525543 0.006504397 0.02919415 0.01527064 0.006428593 0.02912265 0.01535077 0.006052602 0.02912462 0.01534266 0.006070211 0.02939889 0.01525456 0.005982765 0.02956348 0.01541065 0.005412295 0.02907381 0.01565727 0.005459832 0.02907499 0.01554678 0.00562721 0.02911925 0.01536483 0.006022191 0.02933449 0.01542579 0.005616175 0.02907618 0.015542 0.005637682 0.02907503 0.01554661 0.005627572 0.02932879 0.01612798 0.004883543 0.02911053 0.01620061 0.004966442 0.02909827 0.01611645 0.005021472 0.02918497 0.0166103 0.004755728 0.0291551 0.01647563 0.004804213 0.02935459 0.01630381 0.004781098 0.02914167 0.01641545 0.004825797 0.02912394 0.01629346 0.004905703 0.02951547 0.0165888 0.004610502 0.02947487 0.01663155 0.004620832 0.02938883 0.01648737 0.004696219 0.02943099 0.01667648 0.004629159 0.0293002 0.01681023 0.004653696 0.02996286 0.01610554 0.004479369 0.03055557 0.01542114 0.004242275 0.03051487 0.01547112 0.004262307 0.03033992 0.01554523 0.004432354 0.0303891 0.01561566 0.004311736 0.03033219 0.01568114 0.004334179 0.03065612 0.01528816 0.004177137 0.03068071 0.01516745 0.004269895 0.03075611 0.01515588 0.004112324 0.03070877 0.01505199 0.004358866 0.03080218 0.01509491 0.004082491 0.0310002 0.01483295 0.003954228 0.03094504 0.01490592 0.003989929 0.03102917 0.01470208 0.004143415 0.03087468 0.01487525 0.004257504 0.03105671 0.01474289 0.003891687 0.03116745 0.01453592 0.004018143 0.03106672 0.01472702 0.003880683 0.03128493 0.01437991 0.003883486 0.03117172 0.01455973 0.00376459 0.03137778 0.01423633 0.003740666 0.03125417 0.01442847 0.003673454 0.03158874 0.01391216 0.003568944 0.03149968 0.01396916 0.003458676 0.03134695 0.01418379 0.003427121 0.03149552 0.01397241 0.003454045 0.0314171 0.01403358 0.003368381 0.03142528 0.01402795 0.003378545 0.03135581 0.01409376 0.00331542 0.03134945 0.01417017 0.003410185 0.03135355 0.01414815 0.003382811 0.03134635 0.01410227 0.003305978 0.0313526 0.01409569 0.003311053 0.03134361 0.01409713 0.003296549 0.0316821 0.01386055 0.003693616 0.03156072 0.01407083 0.004102279 0.03171231 0.01384902 0.003739685 0.03184131 0.0137998 0.003936038 0.03222911 0.01380981 0.004705077 0.03213483 0.01376637 0.004470766 0.0318116 0.01403055 0.004934376 0.03210543 0.01376722 0.004414412 0.03210045 0.01376736 0.004404921 0.03092018 0.01456562 0.005764741 0.03037479 0.01481806 0.006067961 0.03140365 0.0143028 0.005389236 0.03197246 0.01377102 0.004159583 0.03191206 0.01377277 0.00404391 0.03084255 0.01474272 0.004648858 0.03113817 0.01451733 0.004298232 0.03141241 0.01421643 0.003993481 0.03128705 0.01436284 0.004151651 0.03127347 0.01435526 0.004457593 0.02967783 0.01514368 0.005925355 0.02959288 0.01530563 0.005576597 0.03022479 0.01490563 0.005750364 0.03010475 0.01505065 0.005441182 0.03074581 0.01464863 0.005497807 0.03121315 0.01438281 0.005176254 0.03143276 0.01421854 0.004618568 0.03157333 0.01395916 0.00365086 0.03165071 0.01387252 0.00364575 0.02955624 0.01613053 0.004753051 0.02953886 0.01596506 0.004858851 0.02953083 0.01580886 0.004978844 0.02953239 0.01566352 0.005112047 0.02907825 0.01584289 0.005264184 0.02954326 0.01553037 0.005256981 0.02907729 0.01580349 0.005305255 0.0290738 0.01566183 0.005452958 0.03001865 0.01524872 0.005150703 0.02998926 0.01536554 0.005015366 0.02996931 0.01549301 0.004888208 0.02995906 0.01563015 0.004770293 0.0299585 0.01577577 0.004662512 0.03034968 0.01541179 0.004528689 0.03036877 0.01528497 0.004632302 0.03039708 0.01516566 0.00474254 0.03043456 0.01505466 0.004858545 0.03048064 0.01495279 0.004979721 0.03005723 0.01514347 0.005293059 -0.02079354 0.03146723 0.01805011 -0.02062704 0.03249103 0.01744889 -0.02066238 0.03233114 0.01750641 -0.02068386 0.0322341 0.01754123 -0.02070321 0.03214658 0.01757271 -0.02072724 0.03203784 0.01761183 -0.02078654 0.03162854 0.01788029 -0.02075824 0.03182436 0.01775182 -0.02076367 0.03178683 0.01777649 -0.02079393 0.0314587 0.01805901 -0.02080126 0.03128972 0.01823693 -0.02079386 0.03117653 0.01840369 -0.02079344 0.03117025 0.01841299 -0.02079345 0.0311702 0.01841301 -0.02077163 0.03108094 0.01860678 -0.02045885 0.03093583 0.02000534 -0.02052352 0.03089114 0.01980727 -0.02054075 0.03088837 0.01974347 -0.02057021 0.03088358 0.01963398 -0.02065162 0.03087042 0.01933254 0.02921729 0.01524669 0.006548089 -0.02065989 0.03087897 0.01928981 -0.02067133 0.03089083 0.01923071 -0.02074349 0.03096551 0.01885759 -0.02074568 0.03097451 0.01883805 -0.02074886 0.03098744 0.01880985 -0.02335575 0.03173566 0.01780761 -0.02352466 0.03167796 0.01777055 -0.02358041 0.03163177 0.01785108 -0.02408318 0.0314552 0.0175239 -0.02408958 0.03144922 0.01750962 -0.02417036 0.03141824 0.01767212 -0.02428475 0.03138638 0.01801723 -0.024172 0.03141465 0.01791499 -0.02423706 0.03139815 0.01785899 -0.02356718 0.03154543 0.01978981 -0.02333645 0.0315207 0.01986284 -0.02325934 0.03143699 0.01961451 -0.02098547 0.03177075 0.01786856 -0.02077235 0.03246077 0.01749514 -0.02085708 0.03243881 0.0175155 -0.02089124 0.03228304 0.01757429 -0.02066238 0.03233114 0.01750641 -0.02068386 0.0322341 0.01754123 -0.02092692 0.03210915 0.0176531 -0.02072724 0.03203784 0.01761183 -0.02070321 0.03214658 0.01757271 -0.02079354 0.03146723 0.01805011 -0.02079393 0.0314587 0.01805901 -0.02103102 0.03133274 0.01832332 -0.02080126 0.03128972 0.01823693 -0.02103209 0.03121748 0.01850629 -0.02067133 0.03089083 0.01923071 -0.02074349 0.03096551 0.01885759 -0.02128422 0.03111056 0.01898363 -0.02057021 0.03088358 0.01963398 -0.02065162 0.03087042 0.01933254 -0.02126243 0.0310449 0.01938451 -0.02045885 0.03093583 0.02000534 -0.02067884 0.03100264 0.02005577 -0.0211699 0.03113307 0.02011657 -0.02122171 0.03105828 0.01977189 -0.02139823 0.03119373 0.0201449 -0.02189787 0.0312177 0.01981378 -0.02189607 0.03130039 0.02013549 -0.02210833 0.03134587 0.02013147 -0.02258281 0.03134544 0.01976211 -0.02262363 0.03142978 0.02004811 -0.02288394 0.03147218 0.02000602 -0.02420033 0.03157346 0.01947877 -0.02401652 0.0315653 0.01956899 -0.02427965 0.03150416 0.0192061 -0.02390981 0.0314866 0.01936521 -0.02432883 0.03144195 0.01884369 -0.02433094 0.03138782 0.01829945 -0.02406328 0.03141106 0.01846715 -0.02431768 0.03137824 0.0181264 -0.02391693 0.03144201 0.01828356 -0.02429939 0.03138273 0.01806603 -0.02406478 0.03146667 0.01754715 -0.02388416 0.03154952 0.01766941 -0.02397565 0.03151201 0.01762477 -0.02402017 0.03147593 0.01778891 -0.023987 0.03150624 0.01761489 -0.02419688 0.03140805 0.01772546 -0.02367166 0.03162772 0.01773828 -0.02371932 0.03161147 0.01772791 -0.02384619 0.03152896 0.01787044 -0.02380057 0.0315837 0.01771005 -0.02312615 0.03175614 0.01790851 -0.02324554 0.03176932 0.01780964 -0.02308098 0.03181959 0.01781273 -0.02241919 0.03184269 0.01798998 -0.02234565 0.03203853 0.01779386 -0.02256945 0.03197549 0.01782021 -0.02271348 0.03193187 0.01781964 -0.02263148 0.0318829 0.01790642 -0.02259437 0.03196826 0.01782188 -0.02258455 0.03197129 0.01782201 -0.02213072 0.03209898 0.01776847 -0.02216172 0.03189233 0.01795899 -0.02209396 0.03210935 0.01776412 -0.021905 0.03194003 0.01791697 -0.02184121 0.03218048 0.01773436 -0.0216904 0.03222294 0.01771649 -0.02165119 0.03198542 0.01786513 -0.02159017 0.0322489 0.01769238 -0.02153406 0.03226344 0.01767886 -0.0214017 0.03202839 0.01780362 -0.02134177 0.03231326 0.01763243 -0.02115929 0.03206954 0.01773271 -0.02109667 0.03237678 0.01757329 -0.02094784 0.0324153 0.0175374 -0.0243509 0.03140218 0.01855921 -0.02421217 0.0314085 0.01865158 -0.02366524 0.03141357 0.01890195 -0.02433344 0.03143612 0.0188097 -0.02379027 0.03143281 0.01913767 -0.02435682 0.03140645 0.01863693 -0.02316977 0.03138613 0.019338 -0.02252961 0.03130227 0.01944165 -0.02188774 0.03118688 0.01945585 -0.02223882 0.03168141 0.01819795 -0.02231729 0.03150789 0.01847508 -0.02197526 0.03170327 0.01815652 -0.0220438 0.03150454 0.01844088 -0.02171582 0.03172269 0.01810242 -0.02210743 0.0313571 0.01876212 -0.02239412 0.03138268 0.01878287 -0.02259323 0.03150775 0.01849262 -0.02250435 0.03165715 0.0182254 -0.02177506 0.031498 0.01839126 -0.02146237 0.03173995 0.018036 -0.02151312 0.03148877 0.01832678 -0.0212179 0.0317558 0.01795774 -0.02126112 0.03147762 0.01824778 -0.02102248 0.03146541 0.01815539 -0.02128432 0.03125644 0.01859502 -0.02154986 0.03129326 0.0186677 -0.02182527 0.03132712 0.0187236 -0.02184591 0.03126635 0.01890249 -0.02128707 0.03117354 0.01878616 -0.02317911 0.03168782 0.01800421 -0.02267558 0.03179168 0.01800916 -0.02272166 0.03170725 0.01811986 -0.02377611 0.03149987 0.01810442 -0.02186329 0.03122273 0.01908579 -0.02246585 0.03131404 0.01911041 -0.02307258 0.03137938 0.01905206 -0.02353828 0.03143022 0.01866437 -0.02341286 0.03148357 0.01843193 -0.02329229 0.03157084 0.01821027 -0.0237084 0.03153811 0.01801753 -0.02364315 0.03158218 0.0179329 -0.02323461 0.03162588 0.01810499 -0.02276959 0.03163057 0.01823786 -0.02286906 0.03150383 0.01849245 -0.02297118 0.03141843 0.01876657 0.001077993 0.0269096 0.0220477 0.0006267086 0.02713494 0.02239676 0.03305049 0.01759522 0.01580326 8.807444e-05 0.0273323 0.02261437 -0.01793038 0.03356741 0.02887387 -0.0005008955 0.02748822 0.02268586 -0.00110028 0.02759205 0.02260617 -0.001669133 0.02763672 0.02238081 -0.02333645 0.0315207 0.01986284 -0.02165669 0.03366218 0.02684763 -0.0008041672 0.02595997 0.01825156 -0.0002048751 0.02585616 0.01833127 0.0119721 0.02195719 0.01497595 0.0003639466 0.02581146 0.01855655 -0.002830867 0.02740654 0.02102715 -0.0208113 0.03393366 0.02812168 -0.02017361 0.03395602 0.02857568 0.01099453 0.02265495 0.01631476 0.0111873 0.02242053 0.01578163 0.001259835 0.02590747 0.01937389 -0.002168644 0.0276192 0.02202516 -0.002564897 0.02754072 0.02156353 -0.01868225 0.03376643 0.02896506 -0.01944744 0.033899 0.02886338 -0.002948311 0.02722587 0.02045279 -0.02131713 0.03383344 0.02753231 -0.02210833 0.03134587 0.02013147 -0.02262363 0.03142978 0.02004811 -0.02288394 0.03147218 0.02000602 0.001411409 0.0266716 0.02159101 0.01399197 0.02297624 0.01904965 0.001604218 0.02643717 0.02105786 0.01340298 0.02313217 0.01912115 0.001643249 0.02622231 0.02048463 0.01280362 0.02323599 0.01904146 0.01223477 0.02328066 0.01881609 0.0117352 0.02326315 0.01846046 0.01133897 0.02318466 0.01799882 0.00152568 0.02604165 0.01991021 0.01107303 0.02305048 0.01746243 0.01095556 0.02286982 0.01688808 0.00086355 0.02582896 0.01891217 0.01152075 0.02218255 0.01532503 -0.002716595 0.02677659 0.01934634 -0.002383148 0.02653861 0.01888974 -0.001931771 0.02631324 0.01854066 -0.001393261 0.02611589 0.01832298 0.01369902 0.0215001 0.01476655 0.01426785 0.0214554 0.01499183 0.01476741 0.02147291 0.01534746 0.01554707 0.02186628 0.01691993 0.01550808 0.02208112 0.01749316 0.01531531 0.02231554 0.01802629 0.01309966 0.02160393 0.01468686 0.01251064 0.02175983 0.01475827 0.01498189 0.02255354 0.01848298 0.01453053 0.02277891 0.01883207 -0.02067884 0.03100264 0.02005577 -0.002909312 0.02701099 0.01987947 -0.0211699 0.03113307 0.02011657 -0.02139823 0.03119373 0.0201449 -0.02189607 0.03130039 0.02013549 0.01542958 0.02168559 0.01634549 0.03373803 0.01734327 0.01552541 0.0343142 0.0170556 0.01507983 0.03473982 0.01675177 0.01449683 0.03498596 0.01645251 0.01381624 0.03503573 0.01617822 0.01308442 0.03488573 0.01594758 0.01235114 0.01516366 0.02155143 0.0158092 0.02133111 0.01095014 -0.009966541 0.02150774 0.01104 -0.009510301 0.02133156 0.01096 -0.009955798 0.02142031 0.01101734 -0.00971421 0.02133295 0.01099465 -0.00991824 0.02132003 0.01090154 -0.01003831 0.02131646 0.01089632 -0.01005093 0.02129572 0.0108659 -0.01012452 -0.02239119 0.02570557 0.001467561 -0.0182603 0.02474719 0.0004658468 -0.02239946 0.02569761 0.001466097 -0.01863402 0.02444311 0.0004813861 -0.02245604 0.02564292 0.001456119 -0.02235134 0.02574405 0.001474549 -0.02216726 0.02590812 0.001461864 -0.02209957 0.02594996 0.001450077 -0.01869553 0.0243931 0.0004839376 -0.01909245 0.02408666 0.0004013699 -0.02264743 0.02545821 0.001422635 -0.01909611 0.02408394 0.0003996809 -0.02274841 0.02536078 0.001404939 -0.0233986 0.024991 0.001178587 -0.02315107 0.02508301 0.001261575 -0.01940233 0.023857 0.0002610781 -0.02314484 0.02508531 0.001263699 -0.0231386 0.02508766 0.001265809 -0.022896 0.02525747 0.001352317 -0.02287446 0.02527247 0.001359908 -0.01972171 0.02354493 -8.530713e-05 -0.02444707 0.02502543 0.001126175 -0.02406919 0.0249381 0.001070324 -0.02394457 0.02493045 0.001076786 -0.02377316 0.02491996 0.001085757 -0.0237379 0.02492457 0.001093525 -0.02349122 0.02495662 0.001147583 -0.02342779 0.02498016 0.001168849 -0.01966488 0.02359291 -1.524817e-05 -0.01946425 0.02376365 0.0001652185 -0.01936761 0.02384595 0.000252222 -0.006765007 0.03835135 -0.001208166 -0.004918906 0.04178329 -0.001384687 -0.003011933 0.04269278 0.004941923 -0.004621245 0.0393737 0.00590411 -0.007167148 0.03516073 0.007277161 -0.009621299 0.03399027 -0.0008647725 -0.0101322 0.03126063 0.00873151 -0.01288544 0.02994756 -0.0004027199 -0.01221982 0.0289674 0.009685427 -0.01253399 0.02865821 0.009769478 -0.01652236 0.02626657 0.000172992 -0.0120683 0.02912082 0.009622711 -0.01276908 0.02842693 0.0098324 -0.01328813 0.02794515 0.009860968 -0.01336001 0.02787846 0.009864928 -0.01361209 0.02765814 0.009825902 -0.01399174 0.02732639 0.009767113 -0.0140585 0.02727121 0.009742493 -0.01456287 0.02685401 0.009556243 -0.0147939 0.02667209 0.009416054 -0.01511436 0.02641991 0.009221618 -0.01545615 0.02616775 0.008916588 -0.01560097 0.02606093 0.008787339 -0.0159966 0.02579181 0.008289282 -0.01941014 0.02380124 0.0008184276 -0.0192809 0.02391491 0.0006639422 -0.01630111 0.02560327 0.007737591 -0.01601086 0.02578297 0.008263416 -0.01940233 0.023857 0.0002610781 -0.01909611 0.02408394 0.0003996809 -0.01909245 0.02408666 0.0004013699 -0.01869553 0.0243931 0.0004839376 -0.01863402 0.02444311 0.0004813861 -0.0182603 0.02474719 0.0004658468 0.02322911 0.01321857 -0.002397167 0.0216833 0.010985 -0.009555312 0.02150774 0.01104 -0.009510301 0.02492311 0.00964896 -0.01127824 0.02481173 0.009764341 -0.01102596 0.02563029 0.009562879 -0.01108297 0.02545083 0.009652428 -0.01094433 0.02627904 0.009546378 -0.0107302 0.02622446 0.009575169 -0.01068371 0.02656538 0.009564364 -0.01050426 -0.01630111 0.02560327 0.007737591 -0.007908121 0.02200173 0.002884065 -0.008476974 0.0220464 0.0026587 -0.008976485 0.02202887 0.002303051 -0.009372738 0.02195039 0.001841419 -0.01941014 0.02380124 0.0008184276 -0.005548006 0.02031714 -0.0003482145 0.004186692 0.01706462 -0.003407345 0.004379464 0.0168302 -0.003940483 -0.005729848 0.02131928 0.002325594 -0.005396432 0.02108127 0.001868903 -0.005203623 0.02084684 0.001335755 -0.006181132 0.02154462 0.002674655 -0.006719766 0.02174198 0.002892261 -0.007308736 0.02189789 0.002963753 -0.009524436 0.02118626 -0.0003757657 -0.009190989 0.02094829 -0.0008323655 -0.01972171 0.02354493 -8.530713e-05 -0.008739612 0.02072292 -0.001181451 0.007722694 0.01718858 -0.0008900431 0.007184134 0.01738591 -0.0006724564 0.006595136 0.01754184 -0.000600957 -0.005164592 0.02063199 0.0007625237 0.005995779 0.01764567 -0.0006806522 0.005426926 0.01769034 -0.0009060174 -0.009638707 0.02181622 0.00130504 -0.009756152 0.02163555 0.0007306807 -0.009717153 0.02142066 0.0001573584 -0.008201102 0.02052556 -0.001399124 -0.007612008 0.02036964 -0.001470549 0.02129572 0.0108659 -0.01012452 -0.007012716 0.02026584 -0.001390837 -0.006443894 0.02022114 -0.001165563 0.006891184 0.01590978 -0.004955554 0.007460006 0.01586508 -0.00473028 0.008739234 0.01627595 -0.002802174 0.00870024 0.01649079 -0.002228953 0.004927359 0.01767283 -0.001261652 0.004531134 0.01759434 -0.001723291 -0.005282161 0.02045132 0.0001880972 0.004265193 0.01746016 -0.002259677 0.00414772 0.01727949 -0.002834029 0.02372122 0.009934403 -0.01122333 0.02420037 0.009799449 -0.01130403 0.004712911 0.01659223 -0.004397083 0.00516426 0.01636686 -0.004746161 -0.005944291 0.02023864 -0.0008099376 0.005702798 0.0161695 -0.004963841 0.006291818 0.0160136 -0.005035247 0.007959572 0.01588259 -0.004374645 0.00835582 0.01596111 -0.003912913 0.008621739 0.01609526 -0.00337662 0.008507468 0.01672521 -0.001695815 0.008174052 0.01696322 -0.001239123 0.02713733 0.009724253 -0.009848604 0.02682052 0.009689168 -0.01012873 0.02677301 0.009788202 -0.01007315 0.02496009 0.01020994 -0.01068884 0.02497461 0.01024688 -0.01068954 0.02544329 0.01009369 -0.01062259 0.02500214 0.01028574 -0.01069319 0.02546199 0.0102152 -0.0106291 0.02500915 0.01029188 -0.01069439 0.02505451 0.0103316 -0.01070192 0.02491178 0.01003573 -0.0107254 0.02494013 0.01013514 -0.01069634 0.02543118 0.009973365 -0.01064563 0.02494108 0.01013844 -0.01069541 0.02495162 0.01017809 -0.01069178 0.02491023 0.01003095 -0.01072811 0.02542638 0.009861516 -0.01069682 0.02488683 0.009955955 -0.0107715 0.02488067 0.009936262 -0.01078285 0.02542932 0.009764897 -0.01077307 0.02487986 0.009933826 -0.01078429 0.02482829 0.009798433 -0.01095 0.02483422 0.009810751 -0.01092257 0.02543969 0.009689407 -0.0108697 0.02485269 0.009858325 -0.01085985 0.0248601 0.009877326 -0.01083483 0.02482786 0.009797577 -0.01095191 0.02687256 0.009619376 -0.01019393 0.02685181 0.009611147 -0.01022102 0.02684248 0.009609608 -0.01023029 0.02716561 0.009900584 -0.009676052 0.02718524 0.009864978 -0.00967843 0.02719934 0.009832318 -0.009688716 0.02719939 0.00983222 -0.009688816 0.02720991 0.009797618 -0.009708596 0.0272158 0.009755325 -0.009746283 0.02701966 0.01006378 -0.009776524 0.02709309 0.009994771 -0.009712108 0.02674106 0.009902053 -0.01003898 0.02713728 0.00994197 -0.009684794 0.0271389 0.00994007 -0.009683721 0.02672651 0.01002383 -0.01002828 0.02673032 0.01014615 -0.0100417 0.02689599 0.01015753 -0.009913958 0.02674329 0.01022605 -0.01006434 0.0268011 0.01022946 -0.01001933 0.02566349 0.01027641 -0.01058786 0.02614118 0.01022869 -0.01042698 0.02612671 0.01014883 -0.01040515 0.02630193 0.01022799 -0.01033014 0.02547798 0.01029495 -0.01065032 0.02509581 0.01035811 -0.01070957 0.02683021 0.009607592 -0.01024245 0.02619493 0.009613978 -0.0106153 0.02615845 0.009692106 -0.01052738 0.02613219 0.009791026 -0.01045906 0.0261177 0.009904806 -0.01041436 0.02611579 0.01002656 -0.01039597 0.02744753 0.009839627 -0.009197091 0.02726013 0.009759413 -0.009654973 0.02720991 0.009797618 -0.009708596 0.0272581 0.00975921 -0.009659255 0.0272158 0.009755325 -0.009746283 0.02719939 0.00983222 -0.009688816 0.02719934 0.009832318 -0.009688716 0.02718524 0.009864978 -0.00967843 0.02716561 0.009900584 -0.009676052 0.03081994 0.01505931 0.003311586 0.0271389 0.00994007 -0.009683721 0.03036732 0.0159608 0.003314367 0.02713728 0.00994197 -0.009684794 0.02709309 0.009994771 -0.009712108 0.02701966 0.01006378 -0.009776524 0.02689599 0.01015753 -0.009913958 0.0268011 0.01022946 -0.01001933 0.02668969 0.01030941 -0.01014931 0.0313526 0.01409569 0.003311053 0.03135581 0.01409376 0.00331542 0.0314171 0.01403358 0.003368381 0.03149552 0.01397241 0.003454045 0.03149968 0.01396916 0.003458676 0.03158874 0.01391216 0.003568944 0.03165071 0.01387252 0.00364575 0.0316821 0.01386055 0.003693616 0.03171231 0.01384902 0.003739685 0.03184131 0.0137998 0.003936038 0.03191206 0.01377277 0.00404391 0.03197246 0.01377102 0.004159583 0.03210045 0.01376736 0.004404921 0.03210543 0.01376722 0.004414412 0.03213483 0.01376637 0.004470766 0.03222911 0.01380981 0.004705077 0.03235037 0.01386564 0.005006297 0.02833063 0.02048885 0.003256655 0.02871344 0.01950919 0.003286659 0.02404455 0.01696998 -0.00915621 0.02880314 0.01930765 0.003289495 0.02462201 0.01518538 -0.009433877 0.02971611 0.01725767 0.00331842 0.02466603 0.01506954 -0.009453473 0.02555363 0.01273316 -0.009847609 0.03024445 0.01620537 0.003315161 0.02556614 0.01270469 -0.009852839 0.02578696 0.01220083 -0.009944503 0.02657728 0.01039793 -0.0102726 0.02672612 0.02518676 0.00304225 0.02522954 0.02546787 -0.0003460962 0.02527926 0.02552387 -0.0001933824 0.02532071 0.02560326 -4.740465e-05 0.02535334 0.02570514 8.988024e-05 0.02537621 0.02582583 0.0002137035 0.02538966 0.02596674 0.0003255126 0.02539318 0.02612031 0.0004193147 0.02656127 0.02576118 0.003006425 0.02537162 0.0264662 0.0005549812 0.02634197 0.02652578 0.002958818 0.02531414 0.02683944 0.0006111894 0.02577168 0.02893218 0.002772453 0.02477077 0.02819045 -9.106581e-05 0.02469981 0.02825576 -0.000241589 0.02556972 0.03000866 0.002673062 0.02463162 0.02829668 -0.0003963428 0.02456616 0.0283135 -0.0005551703 0.02522555 0.0272145 0.0005839729 0.02511211 0.02756556 0.0004751009 0.02574513 0.02907383 0.002759429 0.02498128 0.02786905 0.0002920781 0.02484103 0.02810429 4.753768e-05 0.02450498 0.02830578 -0.0007137815 0.02444831 0.02827374 -0.0008717623 0.02193362 0.02702257 -0.007862546 0.0243976 0.0282176 -0.001024861 0.02435408 0.02813934 -0.001169569 0.02431763 0.02803818 -0.001306289 0.02429008 0.02791931 -0.001428568 0.02427098 0.02778006 -0.001538904 0.02426158 0.02762847 -0.001631124 0.0242716 0.02728629 -0.00176386 0.02432058 0.02691559 -0.001817959 0.02211242 0.02549917 -0.008025493 0.02440609 0.02654159 -0.001789985 0.02219838 0.02498432 -0.008086435 0.02255279 0.02286025 -0.008338081 0.0245226 0.02618946 -0.001681871 0.02264219 0.02244945 -0.008391592 0.02275588 0.02192664 -0.008459849 0.02466194 0.02588344 -0.001500957 0.02481372 0.02564448 -0.001259347 0.02510863 0.0254291 -0.0006618031 0.02517181 0.02543591 -0.0005044999 0.0250391 0.02544711 -0.0008204388 0.02489035 0.02555603 -0.001121414 0.02496647 0.02548937 -0.0009732752 0.02387756 0.01748595 -0.00907594 0.02380958 0.01769605 -0.009043246 0.02781512 0.02180824 0.003216249 0.02320237 0.01994794 -0.008721729 0.02758104 0.02250081 0.003183863 0.02311908 0.02025683 -0.008677583 0.02702383 0.02414899 0.00310682 0.02158659 0.03220955 -0.007365069 0.02507572 0.03299059 0.002382433 0.02162803 0.03057275 -0.007507929 0.02530855 0.03140091 0.002544575 0.02187218 0.02754619 -0.007806531 0.02179937 0.02816634 -0.007740219 0.02165964 0.0301285 -0.007550845 0.02468293 0.03987288 0.001620694 0.02468216 0.03943796 0.001670421 0.02171789 0.03743797 -0.00696932 0.02467993 0.03815466 0.001817112 0.02161061 0.03575951 -0.007080684 0.02475024 0.03675058 0.00197409 0.0216019 0.03533235 -0.007113543 0.0248094 0.03556937 0.002106138 0.02155978 0.03326868 -0.007272594 0.02157351 0.03272617 -0.007319927 0.0248771 0.03491372 0.002176395 0.02496426 0.03406987 0.002266781 0.02500037 0.04484965 0.001054801 0.02499575 0.04480389 0.001059948 0.0223261 0.04265375 -0.006691897 0.02479794 0.04284481 0.001280609 0.02204018 0.0407685 -0.00677575 0.02476157 0.04212495 0.001363049 0.0220163 0.04054671 -0.006788091 0.02468415 0.04059336 0.001538277 0.02177066 0.0382634 -0.006914516 0.02175007 0.03794133 -0.006935932 0.02584568 0.04980859 0.0005316663 0.02544463 0.04790004 0.0007226277 0.02340407 0.04780647 -0.006533129 0.02537755 0.04746766 0.0007694441 0.02290701 0.04575166 -0.006580804 0.02505455 0.04538646 0.0009943363 0.02240017 0.04314214 -0.006670152 0.02241906 0.04326682 -0.006664701 0.02290104 0.04572123 -0.006581839 0.02573665 0.05202187 -0.002193955 0.02658659 0.0527198 0.0002682956 0.02596364 0.05037003 0.0004753866 0.02350334 0.04821683 -0.006523595 0.02352072 0.04827677 -0.006522818 0.02590868 0.05010851 0.0005015719 0.02425349 0.05080395 -0.006490635 0.02532241 0.05168171 -0.00339399 0.02760646 0.02251511 0.003300052 0.02658303 0.02577455 0.003116695 0.02572578 0.02647247 0.004274947 0.02595439 0.02568016 0.004325663 0.02606081 0.02570663 0.004279566 0.02643888 0.02400107 0.004433071 0.02699744 0.02235713 0.004512609 0.02710171 0.02239158 0.004466085 0.03012639 0.01614549 0.004320253 0.03024445 0.01620537 0.003315161 0.03027194 0.016219 0.003444846 0.03135355 0.01414815 0.003382811 0.03132064 0.01427527 0.003529544 0.03125417 0.01442847 0.003673454 0.03030505 0.01623546 0.003672111 0.03117172 0.01455973 0.00376459 0.03134695 0.01418379 0.003427121 0.03134945 0.01417017 0.003410185 0.0310002 0.01483295 0.003954228 0.03029088 0.01622823 0.003901709 0.03023025 0.0161977 0.004121639 0.02996286 0.01610554 0.004479369 0.02998791 0.01607681 0.004469553 0.02925501 0.016856 0.004660922 0.02835421 0.01914712 0.004577513 0.02853254 0.0192197 0.004451356 0.02726518 0.02156929 0.00455074 0.02819935 0.01919222 0.004627387 0.02824059 0.01910024 0.004628821 0.02523638 0.02907713 0.004018923 0.02511548 0.02905596 0.00406863 0.02513362 0.02895956 0.004077644 0.02466804 0.03142844 0.003844764 0.0247924 0.03144358 0.003793383 0.02481211 0.03144596 0.003785249 0.02484982 0.03144963 0.003759799 0.02542822 0.0291067 0.003895252 0.02498454 0.03146241 0.003668711 0.02518132 0.0314738 0.003464048 0.02558806 0.02912596 0.003730792 0.02525558 0.03147183 0.003324963 0.02570744 0.02913389 0.003534116 0.02526371 0.03147157 0.003309635 0.02529773 0.03147069 0.00324601 0.02515218 0.03147232 0.003496323 0.02514446 0.0314719 0.003504911 0.02501645 0.03146542 0.003647206 0.02532633 0.03146437 0.003137715 0.02578007 0.02913002 0.003315742 0.02533798 0.03146173 0.00309348 0.02536123 0.03143398 0.002783813 0.0253591 0.03144205 0.002866483 0.02580214 0.02911467 0.003087189 0.02535723 0.03144919 0.002939798 0.02535497 0.03145798 0.003029211 0.02535159 0.03142795 0.002740003 0.02577241 0.0290885 0.002860414 0.02532993 0.03141437 0.002641588 0.02883797 0.01932504 0.003409556 0.02833063 0.02048885 0.003256655 0.02624907 0.02575081 0.004154743 0.02640567 0.02578346 0.003989249 0.02652226 0.02580277 0.003791731 0.02659271 0.02580772 0.003572702 0.02661334 0.02579816 0.003343663 0.02728546 0.0224501 0.004340397 0.02743788 0.02249587 0.004174158 0.02755092 0.0225264 0.003976003 0.0276187 0.02254013 0.003756504 0.02763754 0.02253628 0.003527117 0.02868004 0.01927833 0.004284705 0.02878884 0.01931982 0.004086109 0.02885329 0.01934207 0.003866333 0.02886996 0.01934383 0.003636762 0.02418859 0.04384847 0.002441095 0.02409224 0.04231195 0.002621739 0.02426255 0.04229344 0.002547932 0.02540503 0.04748387 0.0009611508 0.02447247 0.04632564 0.002155908 0.0243234 0.04502469 0.002305719 0.02449162 0.04499708 0.00223368 0.02556755 0.05029236 0.001550387 0.02624939 0.05290706 0.001306356 0.02608464 0.05296349 0.001404513 0.0250004 0.034117 0.002663481 0.02523915 0.05038557 0.001722318 0.02604654 0.05297647 0.001427129 0.02540955 0.05115793 0.001643677 0.02591073 0.0530195 0.001473856 0.02479199 0.04214602 0.001557402 0.02471099 0.03946073 0.001865173 0.02477891 0.03677444 0.002169356 0.02499437 0.0340945 0.002462974 0.02529773 0.03147069 0.00324601 0.02532633 0.03146437 0.003137715 0.02496731 0.03413511 0.00286187 0.02474913 0.03681823 0.002566975 0.02478362 0.03679753 0.002369495 0.02467857 0.03950728 0.002261283 0.02471431 0.03948417 0.002064819 0.02475682 0.04219453 0.001951824 0.02479376 0.04216936 0.001756407 0.02532993 0.03141437 0.002641588 0.02535159 0.03142795 0.002740003 0.02536123 0.03143398 0.002783813 0.0253591 0.03144205 0.002866483 0.02403142 0.04134262 0.002735578 0.02402847 0.04107337 0.002767137 0.02418535 0.03957921 0.002865112 0.02448143 0.03414983 0.003479824 0.02430164 0.03413883 0.003559023 0.02410183 0.03637921 0.003311111 0.02425873 0.03686207 0.003178016 0.02464799 0.03415539 0.003365005 0.02401207 0.0395884 0.002941054 0.02400409 0.0388666 0.003025629 0.02408288 0.0368614 0.003255773 0.02641307 0.05284526 0.001142519 0.0263807 0.05285758 0.001174955 0.02570678 0.05024694 0.001417947 0.02625854 0.05290362 0.001297274 0.02478854 0.03415478 0.003220063 0.0245679 0.03684933 0.002922233 0.02442625 0.0368581 0.003065349 0.0244954 0.03954898 0.002613437 0.02435316 0.03956581 0.002754471 0.02457234 0.04224633 0.002300473 0.0244301 0.04227102 0.0024395 0.0246582 0.04496568 0.002127472 0.02487272 0.04768201 0.001931285 0.02487862 0.04875135 0.001888776 0.02486459 0.04866765 0.001897956 0.02470573 0.04771872 0.002002511 0.02540487 0.05034016 0.001652358 0.0250377 0.0476422 0.001827247 0.02479999 0.04493371 0.001990554 0.02468256 0.04222057 0.002135784 0.02460514 0.03952924 0.002446769 0.02467678 0.0368358 0.002753881 0.02489627 0.03414798 0.003050096 0.0266082 0.05272715 0.0004272006 0.02593659 0.05012132 0.0006934398 0.02584568 0.04980859 0.0005316663 0.02660409 0.05274794 0.0006556752 0.02593257 0.05014192 0.0008897415 0.02661856 0.05273062 0.0005035739 0.02661293 0.05272875 0.0004620205 0.02660235 0.05274992 0.0006736784 0.02659584 0.05275779 0.0007422525 0.02589193 0.0501704 0.001080901 0.02656128 0.05277648 0.0008429651 0.02653846 0.05278884 0.0009094407 0.02581616 0.05020579 0.001259444 0.02651455 0.05280174 0.0009792014 0.02648921 0.05281259 0.00102003 0.02502323 0.0448229 0.001253058 0.02502331 0.0448458 0.001451343 0.02540322 0.04750591 0.001158583 0.02498519 0.04487262 0.001645494 0.02536387 0.0475338 0.001351324 0.02491025 0.04490224 0.001827799 0.02528846 0.04756659 0.001531904 0.02517847 0.04760322 0.001692557 0.02432264 0.03390345 0.00358509 0.02525558 0.03147183 0.003324963 0.02526371 0.03147157 0.003309635 0.02605519 0.05297358 0.001422003 0.002584716 0.07498395 0.001837353 0.002667096 0.07514118 0.001860069 0.002670154 0.0751665 0.001677369 0.000261521 0.07028123 0.0006568577 0.001417581 0.07274932 0.001138825 0.001474511 0.07274902 0.0009602347 0.0002165045 0.07022365 0.001128119 0.00022276 0.07023561 0.001129907 0.0002136097 0.07025597 0.000940999 0.0003106787 0.07042894 0.001160413 0.0003917624 0.07059811 0.001186219 0.001398207 0.07270097 0.001506951 0.001390281 0.07273387 0.001323483 0.001503665 0.07292127 0.001540515 0.001952016 0.07259456 0.0004269468 0.0007824221 0.07014757 3.303936e-05 0.0007704443 0.07015226 3.781545e-05 0.001802332 0.07265419 0.0005230458 0.0006302861 0.07020007 0.0001337585 0.0005778113 0.07021807 0.0001696593 0.001669614 0.07270099 0.0006467145 0.0004957592 0.0702405 0.0002594201 0.0004184598 0.07026172 0.0003439377 0.001559172 0.07273297 0.000794166 0.0003653411 0.07027243 0.0004249506 0.0002979149 0.07027819 0.0005757206 0.0002128737 0.07026421 0.0008931384 0.0002412833 0.07027413 0.0007553353 0.003216044 0.07499764 0.0008005918 0.003370039 0.07492369 0.0007303925 0.000948546 0.07008298 -3.326609e-05 0.002113777 0.07252399 0.0003618694 0.002124763 0.07254709 0.0003655479 0.003161761 0.07502378 0.0008253935 0.003073202 0.07506187 0.0008958737 0.002982753 0.07510068 0.0009677884 0.002944983 0.07511427 0.001015528 0.002836431 0.07515343 0.001152733 0.002833072 0.07515441 0.001158215 0.002755909 0.07517225 0.00132272 0.002725696 0.07517917 0.001387044 0.00270029 0.07517681 0.001497025 0.002671028 0.07517398 0.001623253 0.01092899 0.08656967 0.0003312667 0.01097452 0.08646902 0.0001853829 0.01013437 0.08563518 0.0004748533 0.01185266 0.08725746 -0.0001390489 0.01191773 0.08713157 -0.0002552821 0.01194177 0.08708507 -0.0002982598 0.01199829 0.08699755 -0.0003487085 0.0102996 0.08540787 0.0002441493 0.004950831 0.07764251 0.0009829601 0.004410876 0.07674857 0.0009371177 0.004258123 0.07683203 0.001002222 0.004366973 0.07667593 0.0009333247 0.01066774 0.08649741 0.0009347807 0.01093659 0.0867459 0.000836048 0.01090641 0.08671515 0.0006650498 0.01154247 0.0873061 0.0006135594 0.01182666 0.08756893 0.00050919 0.01180264 0.08752046 0.0003337537 0.003759979 0.07706468 0.001697346 0.003097579 0.07591966 0.001957919 0.00373458 0.07706458 0.001879078 0.003746109 0.07704401 0.002048058 0.004129683 0.07770892 0.002101309 0.004898353 0.07896134 0.002121889 0.005193773 0.07944267 0.002129683 0.005281467 0.07957616 0.002123454 0.005266429 0.07958391 0.001945078 0.006247814 0.08104758 0.002054136 0.006868903 0.0819261 0.001956416 0.007134593 0.08230182 0.001914599 0.006845907 0.08192447 0.0017875 0.00731257 0.08255363 0.001886599 0.008418638 0.08399129 0.00163219 0.008460431 0.08404056 0.001620117 0.008440036 0.08402186 0.001445175 0.009326589 0.0850605 0.001370884 0.009429795 0.08518212 0.001341198 0.0100535 0.08586075 0.0009610292 0.009539041 0.08531068 0.001309761 0.01008376 0.08588338 0.001128823 0.0117995 0.08745099 0.0001652762 0.01179966 0.08744964 0.0001625339 0.01180335 0.0874017 6.171414e-05 0.01181682 0.08736242 6.975702e-06 0.01181766 0.08735976 3.391594e-06 0.01180237 0.08752011 0.0003323034 0.01090614 0.08665265 0.0004929503 0.01179532 0.08750579 0.0002806386 0.004118245 0.07690566 0.001095896 0.003994462 0.0769677 0.001216431 0.003891744 0.07701564 0.001360197 0.00381297 0.07704811 0.001522426 0.005753313 0.07926323 0.001081326 0.005905365 0.07916522 0.00100854 0.005379491 0.07835216 0.001019352 0.007436576 0.08140593 0.0008768677 0.007149101 0.08101814 0.0009254634 0.007292981 0.08151578 0.000942502 0.007149029 0.08101793 0.0009254383 0.006424108 0.07996711 0.0009978805 0.005287171 0.07956854 0.001764523 0.009382721 0.08389281 0.0004675683 0.008982501 0.08340229 0.0005638312 0.008844278 0.08352689 0.0006239782 0.008261318 0.08251866 0.000737308 0.005334508 0.07953634 0.001591274 0.006861336 0.08189443 0.001608774 0.01167575 0.08625639 -0.0002647289 0.01053148 0.0851515 0.0001253958 0.01040865 0.08528146 0.00016918 0.010522 0.08514238 0.0001286225 0.009730793 0.08427456 0.0003639569 0.01005681 0.08580439 0.0007873783 0.01008408 0.08572834 0.000623521 0.008484445 0.08391593 0.001101079 0.008542983 0.08383733 0.0009478489 0.006968461 0.08178328 0.001280868 0.008624308 0.08374425 0.0008145162 0.007057455 0.08170517 0.001143165 0.008726034 0.08363949 0.0007055999 0.007167062 0.08161479 0.00102931 0.008449711 0.08397816 0.001268694 0.006902633 0.08184684 0.001437919 0.005407075 0.0794882 0.00143114 0.005503124 0.07942516 0.001289903 0.005620042 0.07934925 0.001172163 0.01200278 0.08699067 -0.0003526892 0.01205988 0.0869023 -0.0004036426 0.0120938 0.08685735 -0.0004163019 0.01210002 0.08684916 -0.0004186466 0.01220196 0.08671428 -0.0004566719 0.01020694 0.08552723 0.0003470054 0.01192046 0.08712631 -0.000260097 0.01642842 0.08539043 -0.001540348 0.01541038 0.08463396 -0.00118676 0.01489937 0.08418096 -0.001020177 0.0143725 0.08371377 -0.000848477 0.01370504 0.08302945 -0.0006543182 0.01329061 0.08260454 -0.0005337472 0.01303718 0.08231123 -0.000472866 0.01216633 0.08130314 -0.0002635923 0.01104165 0.07986605 -6.731807e-05 0.01100215 0.07981099 -6.359732e-05 0.01095152 0.07974045 -5.876069e-05 0.009930861 0.0783193 3.816422e-05 0.00884529 0.07668155 3.927555e-05 0.008791624 0.07659452 3.351472e-05 0.008711043 0.07646387 2.487285e-05 0.007791122 0.07497226 -7.371323e-05 0.007083671 0.07376022 -0.0002217178 0.02274269 0.06325492 -0.005620904 0.0264115 0.06210549 -0.006561522 0.02263751 0.06287107 -0.005691006 0.02598886 0.06059012 -0.006816159 0.02244982 0.06218623 -0.005816298 0.02584446 0.06007239 -0.006903221 0.02187597 0.06021819 -0.006083948 0.02555353 0.05907131 -0.007021742 0.02179157 0.05994918 -0.006104185 0.02444135 0.05544444 -0.007220622 0.02073365 0.05660606 -0.006270033 0.02463786 0.05606696 -0.007214871 0.02125862 0.0582508 -0.006232288 0.02485601 0.05676007 -0.007195422 0.02547356 0.05879606 -0.007054221 0.02546775 0.05877607 -0.007056625 0.0251014 0.05756875 -0.007139717 0.02402326 0.07947706 -0.003288071 0.02394269 0.07984213 -0.003278093 0.02791982 0.07859631 -0.004297488 0.02324204 0.0824375 -0.00321422 0.02286284 0.08337468 -0.003189947 0.0270945 0.08204848 -0.004274859 0.02791802 0.0786095 -0.004297214 0.02743379 0.08087579 -0.004274347 0.02754115 0.08050467 -0.004274114 0.02788445 0.07885815 -0.004290502 0.02357086 0.0813832 -0.003237738 0.02367965 0.08103439 -0.003245528 0.02818669 0.0761432 -0.004385129 0.02824724 0.07525168 -0.004429425 0.02439373 0.07604853 -0.00346563 0.02440042 0.0756575 -0.003500243 0.02812142 0.077104 -0.004337369 0.0242639 0.07778178 -0.00335793 0.02415881 0.07852232 -0.003327415 0.02826002 0.07469151 -0.004468472 0.02826558 0.07444651 -0.004485604 0.02440379 0.07546129 -0.003517639 0.02826658 0.07440185 -0.004488734 0.02442423 0.07427366 -0.003622746 0.0282434 0.07324252 -0.00459535 0.0243516 0.07236579 -0.003851131 0.02822814 0.07248046 -0.004665508 0.02428588 0.07165263 -0.003962092 0.02817222 0.07175235 -0.004757982 0.02804604 0.07026996 -0.004955417 0.02785301 0.06879182 -0.005201733 0.02389334 0.06849402 -0.00453138 0.02781392 0.06849258 -0.005251603 0.02761453 0.06732795 -0.005485471 0.02807608 0.07050006 -0.004917107 0.02807158 0.07046556 -0.004922859 0.02427117 0.0714927 -0.00398692 0.02417458 0.07044458 -0.004149987 -0.005265603 0.05638935 0.003960587 -0.005250501 0.05640745 0.003960755 -0.005004366 0.05635461 0.003778949 -0.003803385 0.058032 0.004219939 -0.003758718 0.05807257 0.004248219 -0.003616908 0.05814955 0.004127833 -0.005060062 0.05484726 0.003189473 -0.005135932 0.054871 0.003281547 -0.00486844 0.05544188 0.003209418 -0.005549469 0.05500015 0.003697196 -0.005756392 0.05506492 0.003849053 -0.005692075 0.05535756 0.0038635 -0.005867234 0.05509963 0.003893135 -0.005910821 0.05511326 0.003910561 -0.00526294 0.05491062 0.003435836 -0.005369015 0.05494378 0.0035648 -0.005389459 0.05526716 0.003660903 -0.005504497 0.05498614 0.003664176 -0.005024157 0.05483612 0.003115073 -0.004771574 0.05542149 0.003046611 -0.004921439 0.05480412 0.002902171 -0.004627465 0.05539907 0.002696889 -0.004855318 0.05478355 0.00276525 -0.004766276 0.05475597 0.002357692 -0.004782377 0.05476101 0.002431805 -0.004851642 0.05478236 0.002748218 -0.004756652 0.05475337 0.001970466 -0.004749791 0.05475092 0.002282572 -0.004325183 0.05603495 0.002354912 -0.004760692 0.05475484 0.001787118 -0.004757382 0.05475358 0.001940431 -0.004307122 0.05608028 0.002022816 -0.004756449 0.05488702 0.001606794 -0.004794531 0.05476577 0.00160601 -0.004415484 0.0559183 0.00167648 -0.004336809 0.05613884 0.001713856 -0.004188413 0.05655468 0.001784501 -0.004071847 0.05672774 0.002130778 -0.004091707 0.05680684 0.001853565 -0.003933807 0.05721832 0.001966195 -0.003827716 0.05735044 0.0023048 -0.003836806 0.0574487 0.002063015 -0.003574544 0.05793791 0.002558413 -0.003572163 0.05805433 0.00235516 -0.003654199 0.05788231 0.002245394 -0.003371033 0.05847615 0.002624184 -0.003301768 0.05860044 0.002742471 -0.003354979 0.05833002 0.00308293 -0.003143504 0.05888437 0.003012808 -0.002945461 0.05890344 0.004032944 -0.002901093 0.05902479 0.003983232 -0.00311012 0.05874804 0.00348382 -0.0028887 0.05905877 0.003969432 -0.002783716 0.05934615 0.003851843 -0.002807695 0.05932578 0.003783205 -0.002965131 0.05914922 0.003384891 -0.003032834 0.05904869 0.003243671 -0.003177056 0.05860379 0.003613198 -0.003154582 0.05861347 0.003924253 -0.003545077 0.05825476 0.004423359 -0.003315846 0.05844736 0.004289746 -0.003575706 0.05823168 0.004383849 -0.003375504 0.05836745 0.004131141 -0.00363972 0.05817876 0.004329276 -0.003696588 0.05812913 0.004287624 -0.003665108 0.05815781 0.004307619 -0.003485013 0.05824145 0.004003576 -0.003882912 0.05784261 0.003960243 -0.004039118 0.05778925 0.00412479 -0.003913893 0.05791826 0.004175327 -0.004159867 0.05766504 0.004076166 -0.004182458 0.05746718 0.003851132 -0.004216847 0.05760638 0.004053102 -0.004707045 0.05706043 0.003972601 -0.004611408 0.05716693 0.003988256 -0.004503093 0.05704605 0.00379303 -0.004478931 0.05731438 0.004010033 -0.00435859 0.0574485 0.004029815 -0.00473435 0.05703 0.003968091 -0.004667838 0.05682323 0.00377999 -0.00484058 0.05690185 0.00396661 -0.004883515 0.05685001 0.003966006 -0.004835093 0.05659231 0.003775477 -0.005064689 0.05663164 0.003963397 -0.005477744 0.05613347 0.003957503 -0.00534633 0.05586395 0.003808047 -0.005624075 0.0559471 0.003970488 -0.00562763 0.05594244 0.003970737 -0.005816856 0.05570145 0.003987504 -0.005518687 0.05561251 0.003832687 -0.005733332 0.05580777 0.003980122 -0.006195126 0.05520223 0.004023895 -0.006180205 0.055231 0.004022526 -0.006101917 0.05533813 0.004012669 -0.006008823 0.05545677 0.004004402 -0.004395578 0.05600751 0.002690366 -0.004521737 0.05600138 0.003015809 -0.004156911 0.05660395 0.002734626 -0.004267753 0.05656921 0.003031897 -0.003913071 0.05717694 0.002836974 -0.004011701 0.05711402 0.003101437 -0.003754575 0.05762725 0.003235632 -0.00409238 0.056658 0.002430893 -0.003852182 0.05725692 0.002568985 -0.003664624 0.05771725 0.003009423 -0.003501918 0.05808913 0.003446711 -0.0054402 0.05617879 0.003958092 -0.005174938 0.05611136 0.003790029 -0.004923989 0.05605636 0.003574098 -0.004616226 0.05656503 0.003559584 -0.005233733 0.05553306 0.003623996 -0.005168226 0.05488109 0.003320829 -0.005117606 0.05518886 0.003397593 -0.004979197 0.05546767 0.003360268 -0.004702026 0.05601845 0.00331426 -0.003289685 0.05846931 0.004274495 -0.003188166 0.05855462 0.004215268 -0.003068593 0.05872642 0.004125406 -0.003068286 0.05872691 0.00412516 -0.003262593 0.05846962 0.003744387 -0.003416575 0.0582034 0.003264608 -0.003604922 0.05782194 0.002781933 -0.003366075 0.05834832 0.003875275 -0.003738439 0.05790785 0.00379769 -0.00361025 0.0579902 0.003625615 -0.004018291 0.05750192 0.003660857 -0.00387401 0.05755516 0.003454568 -0.004313431 0.05704902 0.003585327 -0.004147359 0.05707127 0.003353359 -0.004423919 0.05655661 0.003310061 -0.002314507 0.06039965 0.004394587 -0.002411543 0.06035337 0.00407266 -0.00252672 0.06051244 0.003429036 -0.002536993 0.06070706 0.003151144 -0.001947266 0.06098826 0.005107698 -0.001683221 0.06024991 0.007039852 -0.001827307 0.06128982 0.005207082 -0.001542546 0.06032252 0.00749981 -0.001722521 0.06161225 0.005221787 -0.0008438115 0.06270803 0.007310093 -0.001615627 0.06280262 0.004184099 -0.001572855 0.06268196 0.004498368 0.000217737 0.06623988 0.007134684 -0.001562562 0.06248743 0.004776227 -0.0006034766 0.06352857 0.007244803 -0.001585485 0.06223215 0.004998769 -0.001640031 0.06193371 0.00515071 -0.002074186 0.06072826 0.004930375 -0.002199459 0.06052752 0.004687058 -0.002483917 0.06039181 0.003743396 -0.004188413 0.05655468 0.001784501 -0.004091707 0.05680684 0.001853565 -0.002514059 0.06096227 0.002928726 -0.003933807 0.05721832 0.001966195 -0.003836806 0.0574487 0.002063015 -0.004336809 0.05613884 0.001713856 -0.002212965 0.06379419 0.0006425351 -0.00215231 0.06220614 0.002819706 -0.002021349 0.06440123 0.000648119 -0.002025358 0.06246616 0.002997121 -0.001900096 0.06266697 0.003240313 -0.001785017 0.06279487 0.003532875 -0.001688013 0.06284112 0.003854711 -0.005936572 0.05112326 0.00160269 -0.004794531 0.05476577 0.00160601 -0.006271953 0.05084786 0.0006311025 -0.004756449 0.05488702 0.001606794 -0.004415484 0.0559183 0.00167648 -0.002459493 0.0612608 0.002776752 -0.002377023 0.06158217 0.002705709 -0.002272248 0.06190467 0.002720288 -0.01995766 0.03304244 0.01716163 -0.01882759 0.03410117 0.01665763 -0.01890321 0.03421653 0.01665345 -0.01777217 0.03526173 0.01616094 -0.01740056 0.03574295 0.015975 -0.01749264 0.03581836 0.01598191 -0.01681207 0.03650485 0.01568054 -0.01615963 0.03750645 0.01533044 -0.01626098 0.03757308 0.01534139 -0.01601244 0.04024997 0.01379161 -0.01627126 0.03973031 0.01394567 -0.01623601 0.03973265 0.01401126 -0.02050194 0.03400767 0.01605868 -0.02131567 0.03332094 0.01640313 -0.02127572 0.0333303 0.01651384 -0.02039352 0.0326834 0.01734869 -0.02047662 0.03278562 0.01734862 -0.02062962 0.0329531 0.01730884 -0.02213072 0.03209898 0.01776847 -0.02209396 0.03210935 0.01776412 -0.02078528 0.03309844 0.01722094 -0.02234565 0.03203853 0.01779386 -0.0209353 0.03321399 0.0170896 -0.02260489 0.03200554 0.01778033 -0.02258455 0.03197129 0.01782201 -0.02308098 0.03181959 0.01781273 -0.02273028 0.03209311 0.01760801 -0.02283855 0.03213781 0.01740962 -0.02352466 0.03167796 0.01777055 -0.02397565 0.03151201 0.01762477 -0.02388416 0.03154952 0.01766941 -0.022924 0.03213726 0.01719569 -0.02371932 0.03161147 0.01772791 -0.02367166 0.03162772 0.01773828 -0.02408958 0.03144922 0.01750962 -0.02408318 0.0314552 0.0175239 -0.02296495 0.03212471 0.01707276 -0.02406478 0.03146667 0.01754715 -0.02160132 0.03307984 0.01652407 -0.02276598 0.03224423 0.01699539 -0.02278716 0.03223151 0.01700367 -0.01947507 0.0350222 0.01560173 -0.01980504 0.03469625 0.01574855 -0.01976667 0.03470267 0.01584706 -0.02043273 0.03407611 0.01602787 -0.0175745 0.03741955 0.01467761 -0.01839984 0.0362915 0.01509191 -0.01841383 0.03623898 0.01520296 -0.01844544 0.03622914 0.01511481 -0.01852707 0.0361176 0.01515577 -0.01727044 0.03791941 0.01451256 -0.01723255 0.03792196 0.01458867 -0.01673415 0.03880129 0.01422137 -0.01672692 0.03881587 0.01421704 -0.01571631 0.040948 0.0136005 -0.01569156 0.04095415 0.01365965 -0.01565586 0.04096313 0.01374456 -0.01613793 0.03974746 0.01421919 -0.01562113 0.04097178 0.01382737 -0.01600036 0.03973607 0.01440361 -0.01552706 0.04097033 0.01395959 -0.0155938 0.04097136 0.01386592 -0.01528385 0.04093833 0.01419871 -0.01529324 0.04094068 0.01419373 -0.01583036 0.03969919 0.01455461 -0.01535377 0.04095013 0.01413966 -0.01547731 0.04096954 0.01402961 -0.01514676 0.04090389 0.01427352 -0.01563701 0.03963872 0.01466436 -0.01508318 0.04088799 0.01430821 -0.01491887 0.04083423 0.01435205 -0.01543059 0.0395579 0.01472707 -0.01487455 0.04081967 0.01436388 -0.01462382 0.04072141 0.01437122 -0.0146608 0.0407362 0.01437092 -0.01522196 0.03946105 0.01473934 -0.01468485 0.04074568 0.01437073 -0.01485448 0.04081317 0.01436931 -0.01453665 0.04068226 0.01435552 -0.01510854 0.03940143 0.01472355 -0.01518105 0.0392392 0.01477026 -0.01594289 0.03783927 0.01521407 -0.0210716 0.0332936 0.01692188 -0.02118712 0.03333305 0.01672649 -0.01907289 0.03436887 0.01662097 -0.01924376 0.0345004 0.01653983 -0.0194067 0.03460412 0.01641422 -0.01955314 0.03467458 0.01625094 -0.0196753 0.03470802 0.01605846 -0.01767733 0.0359538 0.01595656 -0.01786186 0.03606984 0.0158819 -0.01803637 0.03616033 0.01576184 -0.01819186 0.03622051 0.01560275 -0.01831994 0.0362472 0.01541311 -0.01645869 0.03768998 0.01532284 -0.01665506 0.03778903 0.01525433 -0.01683984 0.03786507 0.01513962 -0.01700309 0.037914 0.01498463 -0.01713644 0.03793333 0.01479771 -0.01455605 0.04366 0.01283047 -0.01345815 0.0459075 0.01216599 -0.01636537 0.04113886 0.01011571 -0.004877485 0.05732261 0.00468533 -0.00589754 0.05649317 0.004876189 -0.004704357 0.05748268 0.008345333 -0.004700997 0.05744599 0.004650657 -0.003690711 0.05828426 0.008012456 -0.003483959 0.05844774 0.007944582 -0.002594084 0.05905674 0.007665975 -0.002442175 0.05916075 0.007618447 -0.007679258 0.05487891 0.005196703 -0.006963963 0.05533065 0.009148508 -0.007072093 0.05544327 0.005088574 -0.005988406 0.05633118 0.008787939 -0.006256684 0.05620129 0.004943367 -0.005730011 0.05656517 0.00869857 -0.005916703 0.05647764 0.004879761 -0.004801714 0.05740575 0.008377309 -0.004739152 0.05745521 0.008356808 -0.008174888 0.05435786 0.005280448 -0.008290064 0.05423672 0.005299892 -0.0073156 0.05497003 0.009278468 -0.007576986 0.05466716 0.009382701 -0.009127503 0.05335632 0.005441394 -0.008582828 0.05350154 0.009783543 -0.01022645 0.05205856 0.005616561 -0.009231476 0.05265687 0.01006189 -0.0105816 0.05163925 0.005673248 -0.01074436 0.0514243 0.005697484 -0.009249875 0.05263304 0.01006974 -0.01141124 0.04950474 0.01106974 -0.0110293 0.05012739 0.01087662 -0.01202038 0.04973899 0.005887452 -0.01077424 0.05049974 0.01075794 -0.009832266 0.05187466 0.01031971 -0.01210006 0.04962186 0.005898216 -0.01314964 0.04807957 0.006040447 -0.01215945 0.04828492 0.01144805 -0.01343852 0.04765513 0.006079544 -0.01221302 0.04819751 0.0114751 -0.01380307 0.04706317 0.006124562 -0.01335473 0.04611939 0.01210341 -0.01477566 0.04548383 0.006244589 -0.01341315 0.04599968 0.01213879 -0.01536884 0.04442326 0.00631177 -0.01546755 0.04424677 0.006322934 -0.01661154 0.04096435 0.009338488 -0.01652525 0.04106446 0.009520727 -0.01681602 0.0406773 0.009019606 -0.01679629 0.04071028 0.009038604 -0.01680717 0.04171854 0.006465915 -0.01608063 0.04315047 0.006392328 -0.01675401 0.040771 0.009101532 -0.01665166 0.04091782 0.009253595 -0.01649055 0.04109072 0.009626491 -0.01642984 0.04113657 0.00981147 -0.01640087 0.04113762 0.009948041 -0.01633142 0.04107235 0.01042994 -0.01633293 0.04099458 0.01059905 -0.01531324 0.04189413 0.01333227 -0.01464214 0.04346911 0.01288571 -0.0163477 0.04110423 0.01027954 -0.01633244 0.0410744 0.01042052 -0.01633415 0.04093431 0.0107298 -0.01635741 0.04081476 0.01088616 -0.01637263 0.0407368 0.0109881 -0.01651538 0.04029184 0.01128562 -0.01643756 0.0405146 0.01116966 -0.01641983 0.04057516 0.01112019 -0.01720847 0.0399325 0.008825704 -0.01766319 0.03997437 0.006548179 -0.01721079 0.03992654 0.008827318 -0.01813634 0.03896077 0.006589749 -0.01733484 0.03961893 0.008911662 -0.01708659 0.0401938 0.008824014 -0.0170642 0.04023617 0.00883516 -0.01694567 0.04046057 0.008894485 -0.0173315 0.04068511 0.006518947 -0.01690821 0.04052311 0.008930524 -0.001542546 0.06032252 0.00749981 -0.001683221 0.06024991 0.007039852 -0.001611904 0.06015768 0.007523709 -0.00178217 0.0599745 0.007153715 -0.001664159 0.06003363 0.007541753 -0.001786525 0.05996231 0.007158784 -0.001682392 0.05999023 0.007548084 -0.001839031 0.05981622 0.007219195 -0.002023511 0.05949345 0.00765485 -0.001988631 0.05954133 0.007644023 -0.002096878 0.05944641 0.007415652 -0.001881119 0.0596886 0.007610728 -0.001967323 0.05963215 0.007316969 -0.001880615 0.0596893 0.007610574 -0.001962841 0.05963853 0.007313614 -0.001773567 0.05983606 0.007577367 -0.001711532 0.05992111 0.00755802 -0.002114982 0.05941683 0.00768164 -0.002209919 0.05935288 0.007482062 -0.002149259 0.05938806 0.007691659 -0.002442175 0.05916075 0.007618447 -0.002405119 0.05918281 0.007683842 -0.002212097 0.0593511 0.007483318 -0.002251957 0.05930192 0.007721626 -0.002380288 0.0591943 0.007759085 -0.001526705 0.06032296 0.007553907 -0.001611904 0.06015768 0.007523709 -0.001021039 0.05898185 0.008400858 -0.0009769958 0.05897393 0.008393816 -0.001178433 0.05913036 0.008383524 -0.00114648 0.05900458 0.008420741 -0.001593027 0.05908796 0.008392004 -0.001530705 0.05907629 0.008396034 -0.001408106 0.05922059 0.008338111 -0.001336178 0.05903995 0.008408514 -0.001260782 0.05902591 0.008413409 -0.001987612 0.05915359 0.008239637 -0.001896713 0.05913949 0.008295822 -0.001891154 0.05924476 0.008192656 -0.001892527 0.0591387 0.008297118 -0.001773523 0.05911857 0.008334797 -0.002107449 0.0591723 0.008165519 -0.002051241 0.05927433 0.008056412 -0.002165502 0.05917941 0.008107973 -0.002241172 0.05918861 0.008033027 -0.002170086 0.0592887 0.00789721 -0.002260718 0.05918995 0.008002706 -0.002380288 0.0591943 0.007759085 -0.002361331 0.05919446 0.007810104 -0.002251957 0.05930192 0.007721626 -0.002328439 0.05919481 0.007897986 -0.002297735 0.05919264 0.007945503 -0.001468518 0.06029898 0.007709173 -0.00147699 0.06030249 0.007686569 -0.001538667 0.06013765 0.007697084 -0.001491067 0.06030834 0.007648919 -0.001253385 0.06006079 0.008057933 -0.001272334 0.06009084 0.008037777 -0.001348647 0.05996611 0.00802467 -0.001280493 0.06010073 0.008025852 -0.001385722 0.06022818 0.007871623 -0.001165427 0.05992161 0.008151136 -0.001300395 0.05970381 0.008161001 -0.001127684 0.05986183 0.008191305 -0.001162474 0.05954215 0.008261948 -0.001007659 0.05935312 0.008330102 -0.0009235649 0.05946588 0.008314125 -0.0009461932 0.05950983 0.008300496 -0.001047662 0.05970666 0.008239427 -0.001104683 0.0598172 0.008205104 -0.002023511 0.05949345 0.00765485 -0.002114982 0.05941683 0.00768164 -0.00203889 0.05940247 0.007848698 -0.002149259 0.05938806 0.007691659 -0.001632646 0.0590947 0.008379456 -0.001612338 0.05929319 0.008256932 -0.001788505 0.05934797 0.008143738 -0.001932233 0.05938464 0.008004984 -0.001450881 0.05949087 0.00819445 -0.0008886791 0.05908504 0.008371921 -0.001092922 0.05924045 0.008351934 -0.001283552 0.05937773 0.008290221 -0.001664159 0.06003363 0.007541753 -0.001613569 0.05997432 0.007713927 -0.001682392 0.05999023 0.007548084 -0.001711532 0.05992111 0.00755802 -0.001702013 0.05981715 0.007737752 -0.001773567 0.05983606 0.007577367 -0.001880615 0.0596893 0.007610574 -0.001803239 0.05966832 0.007768444 -0.001881119 0.0596886 0.007610728 -0.001916083 0.05952947 0.007805574 -0.001988631 0.05954133 0.007644023 -0.001819268 0.05950603 0.007961042 -0.001689605 0.05945929 0.008102687 -0.001713818 0.05963725 0.007925013 -0.001595328 0.05957791 0.008070034 -0.001617002 0.05977694 0.00789756 -0.001506609 0.05970264 0.008046111 -0.001530004 0.05992357 0.007878863 -0.0014242 0.05983244 0.008030921 -0.001453484 0.06007544 0.007868873 -0.00138659 0.06022893 0.007869849 -0.0006854194 0.05892122 0.008347425 -0.0007900025 0.05916333 0.008336694 -0.0008048115 0.05919754 0.008335176 -0.0009057054 0.05943148 0.008324829 0.02732194 0.05512446 0.0002556808 0.02633402 0.05446123 0.001363077 0.02675691 0.05534836 0.001254671 0.02661559 0.05539421 0.001321231 0.02741448 0.05774045 0.001188022 0.02733165 0.05776695 0.001214689 0.02780621 0.05761455 0.0009176362 0.02767772 0.05765635 0.00103272 0.02696113 0.05528036 0.001129303 0.02766466 0.05766063 0.001044448 0.02762674 0.057673 0.001078455 0.02750423 0.05771197 0.001141677 0.027474 0.05772156 0.001157281 0.02784584 0.05760114 0.000859459 0.02712861 0.05522065 0.0009549101 0.02791464 0.05757784 0.0007585279 0.02724896 0.05517296 0.0007421197 0.02793607 0.0575706 0.0007271185 0.02796626 0.05755963 0.0006473012 0.0279911 0.05755059 0.0005816026 0.02731476 0.05514022 0.0005041675 0.02802314 0.05753896 0.0004968458 0.02804339 0.05752565 0.0001636383 0.02804748 0.05752511 0.0001999462 0.02805326 0.05752447 0.0002509193 0.02803574 0.05753282 0.000393696 0.02803369 0.05753387 0.0004107524 0.02802548 0.05752777 5.263906e-06 0.02729809 0.05512326 0.0001064335 0.02714233 0.05460839 0.0001280584 0.02656128 0.05277648 0.0008429651 0.0263807 0.05285758 0.001174955 0.02651455 0.05280174 0.0009792014 0.02608464 0.05296349 0.001404513 0.02624939 0.05290706 0.001306356 0.004152677 0.07302075 0.008083174 0.003346672 0.07123006 0.007951949 0.02926585 0.06515279 0.001646253 -0.01339362 0.04335307 0.01360311 -0.01103609 0.04787487 0.01225913 -0.01060457 0.04862339 0.01203238 -0.00968601 0.05003671 0.01159266 -0.01179635 0.04655616 0.01265868 -0.01226433 0.0456409 0.01292972 -0.01294156 0.04431597 0.01332198 -0.00936402 0.05053218 0.01143855 0.02402847 0.04107337 0.002767137 -0.008770976 0.05134869 0.01117719 -0.008261653 0.05204992 0.01095276 -0.003011575 0.05739981 0.009045309 -0.003254468 0.05722497 0.009120337 -0.003826043 0.05674267 0.009308248 -0.004566916 0.05611764 0.009551793 -0.004789109 0.05590355 0.009629706 -0.005687058 0.05503841 0.009944496 -0.006572287 0.05407535 0.01027706 -0.006955437 0.05365847 0.01042104 -0.008208183 0.05211573 0.0109311 0.0003801299 0.06259253 0.008017202 0.0003276888 0.06241179 0.008033528 -0.001780069 0.05826419 0.008667838 -0.001960575 0.05815583 0.008720668 -0.002825317 0.05753379 0.008987835 0.001377779 0.06589833 0.007868782 0.001658798 0.06677915 0.00785571 0.0277444 0.05918465 0.00121983 0.001842619 0.06729954 0.007857659 0.02800185 0.06006902 0.001222975 0.02804211 0.06022135 0.001230627 0.02858085 0.06225984 0.00133305 0.002202218 0.06831713 0.007861492 0.02868366 0.06268638 0.001375546 0.00241706 0.06892523 0.007863794 0.003125366 0.07069454 0.007927471 0.003285043 0.07109321 0.00794192 0.02881917 0.0632486 0.00143149 0.02915792 0.0646539 0.001571489 0.03012401 0.06946181 0.002403601 0.03022154 0.07010877 0.002543809 0.005281319 0.07529965 0.008319927 0.004296757 0.0733409 0.008106644 0.02965895 0.0669698 0.001918571 0.005178792 0.0750956 0.008297721 0.02973923 0.06740008 0.002002283 0.0297809 0.06762328 0.002045761 0.03058734 0.07264368 0.003081938 0.03059753 0.07273651 0.003099422 0.007919529 0.07984129 0.008919193 0.007871833 0.07976588 0.008914101 0.006625984 0.07771146 0.00864607 0.006525544 0.07753175 0.00862161 0.03054388 0.07224751 0.003007059 0.005312364 0.07536128 0.008326568 0.0307088 0.0737503 0.00329103 0.03072363 0.07395757 0.003318388 0.008585503 0.08089417 0.008990933 0.03080286 0.07506214 0.003464441 0.008765346 0.08117857 0.00901033 0.03080722 0.0752107 0.00347274 0.009267219 0.08195936 0.008993731 0.01010239 0.08325411 0.008820114 0.009939454 0.08300084 0.00888375 0.009392077 0.08215358 0.008989659 0.009330163 0.08205727 0.008991673 0.01023395 0.08345857 0.008768659 0.03081057 0.07532614 0.003479164 0.03083566 0.07618348 0.003526919 0.03081924 0.07716 0.003489398 0.03079668 0.07750033 0.003438502 0.02080848 0.08135635 0.005856281 0.03076166 0.07802867 0.003359426 0.03074014 0.07824478 0.003309975 0.01087676 0.08446794 0.0084026 0.01049299 0.0838627 0.008649349 0.03082178 0.07700957 0.003495238 0.03082593 0.07676141 0.003504676 0.01042128 0.08374961 0.008695536 0.005178792 0.0750956 0.008297721 0.005098875 0.07539138 0.008352961 0.000271818 0.06622622 0.007281104 0.0002854443 0.06622283 0.007317775 0.001108393 0.06871709 0.007293659 0.007910923 0.08134262 0.008867993 0.007188135 0.08020477 0.008787051 0.007342629 0.08009691 0.008882688 0.006340362 0.07763431 0.008654709 0.00987683 0.08486784 0.007797553 0.009859657 0.08486022 0.007760081 0.009482423 0.08433884 0.008003474 0.001192289 0.0659553 0.007892021 0.001219492 0.06594697 0.007893426 0.0012233 0.06594587 0.007893627 0.009779508 0.08482482 0.00758498 0.009669092 0.08466436 0.007664306 0.009842472 0.08485266 0.007722484 0.01001491 0.08487345 0.00799516 0.009964817 0.08487142 0.007923438 0.009579073 0.0843364 0.008179772 0.009930026 0.08486999 0.007873644 0.005522044 0.0781983 0.008026875 0.005498785 0.07824044 0.007824067 0.004975112 0.07734832 0.007710318 0.004262626 0.0759079 0.007736339 0.00635119 0.07969233 0.008009131 0.006881314 0.08044972 0.008300892 0.006854762 0.08048894 0.008084608 0.007598938 0.08156901 0.008375954 0.007287528 0.08117362 0.008149443 0.006960681 0.08065664 0.008100502 0.009416818 0.08430895 0.007800108 0.009101879 0.08379628 0.008177789 0.00920189 0.08400614 0.007915884 0.009194341 0.08399559 0.007919946 0.009046642 0.08378312 0.007966649 0.008647477 0.08320898 0.00809304 0.00834134 0.08268694 0.008355341 0.008301255 0.08269944 0.008138266 0.008052796 0.08233377 0.00817063 0.007567889 0.08159859 0.008157273 0.01019385 0.08483868 0.008172587 0.01009072 0.08485866 0.008070329 0.009701297 0.0843088 0.008337177 0.01004165 0.08486819 0.008021703 0.004917243 0.07548808 0.008342687 0.006160348 0.07774019 0.008644998 0.004743391 0.07558593 0.008291507 0.005988448 0.07784742 0.008593333 0.004584891 0.07568062 0.008200548 0.005832531 0.07795104 0.008500706 0.009843836 0.08425713 0.008469421 0.009449288 0.08367222 0.00865981 0.009525881 0.08363227 0.008715334 0.008666404 0.0824986 0.008848946 0.008741916 0.08245098 0.008904173 0.008065421 0.08123667 0.008965934 0.01000109 0.08418339 0.008570754 0.009605873 0.08358781 0.008761877 0.009688365 0.08353914 0.008798891 0.008821616 0.08239972 0.008949457 0.008904531 0.08234571 0.008984553 0.01031862 0.08479446 0.008258803 0.01034981 0.08478346 0.008280286 0.01038958 0.0847639 0.00829773 0.00823462 0.08112298 0.009022115 0.01023267 0.08482489 0.008199456 0.007512638 0.0799836 0.00893651 0.007690641 0.07986983 0.008947181 0.008410772 0.08100663 0.009035033 0.009942238 0.08337425 0.008851088 0.01033398 0.08398273 0.008666821 0.009857487 0.08343178 0.008843665 0.01016675 0.08409058 0.008637244 0.00977256 0.08348695 0.00882624 0.009163284 0.08217264 0.009026654 0.009076331 0.08223148 0.009023341 0.008989795 0.08228941 0.009009302 0.009249681 0.08211343 0.009018978 0.01002599 0.08331483 0.008848111 0.01023395 0.08345857 0.008768659 0.008585503 0.08089417 0.008990933 0.009267219 0.08195936 0.008993731 0.01041619 0.08392447 0.008667333 0.01075645 0.08455678 0.00840635 0.01071765 0.08458101 0.008399184 0.01062112 0.08464118 0.008381282 0.0105502 0.08468548 0.008368232 0.010469 0.08472512 0.008332565 0.0006192682 0.06612847 0.007728598 0.0006552082 0.06611785 0.007749212 0.001470874 0.06858185 0.007733669 0.0007631007 0.06608585 0.007811065 0.001637867 0.06852076 0.007820057 0.0008249267 0.06606723 0.007830486 0.0009824542 0.06601977 0.007880138 0.001817921 0.06845538 0.007869642 0.002003743 0.06838826 0.007881145 0.0009861547 0.0660186 0.007881273 0.0007560843 0.0678651 0.007114639 0.0009953819 0.06858763 0.007105747 0.001053006 0.06873895 0.007108568 0.002050783 0.07116644 0.007350566 0.002002858 0.07119487 0.007165088 0.001870026 0.07088558 0.007148237 0.0003025682 0.06621856 0.00736411 0.0003832887 0.06619612 0.007483782 0.001200779 0.06868201 0.00746502 0.0003907463 0.066194 0.007494842 0.0004391685 0.06618059 0.007566696 0.00050789 0.0661607 0.007628454 0.001323255 0.06863629 0.007613563 0.0005561702 0.06614674 0.00767182 0.002401047 0.07100025 0.007798418 0.002565448 0.0709281 0.007886539 0.002743511 0.07085193 0.00793691 0.002927834 0.07077502 0.007948639 0.003066411 0.07359798 0.007317257 0.002769069 0.0729788 0.007262132 0.003103773 0.07356427 0.007502074 0.002481313 0.07230884 0.007225646 0.004587978 0.07662184 0.007624605 0.004229551 0.07594912 0.007545174 0.003884311 0.07530093 0.007468696 0.009309381 0.08373675 0.008524214 0.009191869 0.0837787 0.008361333 0.008530758 0.08258174 0.008711863 0.008420748 0.08264544 0.008544938 0.007777902 0.08143595 0.008732483 0.00767225 0.08151252 0.008565991 0.007055951 0.08030241 0.008653756 0.006952124 0.08038525 0.008489236 0.005699032 0.07804686 0.008371225 0.005593963 0.07813052 0.008210952 0.004448226 0.07576832 0.008073697 0.004339201 0.07584518 0.007916827 0.003185913 0.07350998 0.007679238 0.00225678 0.07106585 0.007676074 0.003440222 0.0733661 0.007957846 0.003601678 0.07328231 0.008047432 0.003777605 0.07319516 0.008098257 0.00396062 0.07310835 0.008109413 0.01079791 0.08452621 0.008405087 0.0107784 0.08454061 0.008405659 0.002138376 0.07112196 0.007524822 0.003299689 0.073443 0.007833309 0.02062568 0.09202036 0.001969404 0.02196661 0.09190355 0.001539642 0.0219192 0.09185331 0.001402241 0.02674439 0.08912278 0.0006786331 0.02776535 0.08785323 0.0006860671 0.02770919 0.08780662 0.0005506589 0.03040834 0.08230526 0.001346338 0.03104067 0.07993621 0.001799581 0.03098747 0.07989507 0.001661598 0.03139898 0.07811209 0.002237746 0.0313907 0.07810165 0.002197894 0.03140225 0.07815549 0.00242737 0.03140496 0.07814248 0.002368132 0.0310544 0.07997485 0.001971831 0.03137077 0.07819276 0.002615394 0.03139773 0.07817707 0.002526203 0.03103654 0.08000849 0.002154537 0.0310885 0.078254 0.003094347 0.03114066 0.07824877 0.003032811 0.03079497 0.08005576 0.002646511 0.03088828 0.07825382 0.003241164 0.03100718 0.07825392 0.003153984 0.0306624 0.08005179 0.002771267 0.02216272 0.09118134 0.002603871 0.02215843 0.09129735 0.002564035 0.02096455 0.09140149 0.00294663 0.03082891 0.07825016 0.003268721 0.03085089 0.07825152 0.003258556 0.03050484 0.0800378 0.002874525 0.03034941 0.08001715 0.002942466 0.03001842 0.08151862 0.002631121 0.02989204 0.08233365 0.002435289 0.02806345 0.0863467 0.001937412 0.02815942 0.08614651 0.001961027 0.02826913 0.08620031 0.001899475 0.02905627 0.08427508 0.002181911 0.02917558 0.0843171 0.002120383 0.02917771 0.08402161 0.002211841 0.02975553 0.08230135 0.002499998 0.02726733 0.08754393 0.001872862 0.02737905 0.08761975 0.001804373 0.02696236 0.08800256 0.001848133 0.02643262 0.08879532 0.00179785 0.02632769 0.08869599 0.001870657 0.02577511 0.08929967 0.001890283 0.02541623 0.08975452 0.001876804 0.02533173 0.08963855 0.001947278 0.0245203 0.09025861 0.002051615 0.02436444 0.09047944 0.002034388 0.02430921 0.09036139 0.002095347 0.0232906 0.09098805 0.002260894 0.02325919 0.09087239 0.002312954 0.02319047 0.09090584 0.002327195 0.01970075 0.09128748 0.003415198 0.02068896 0.0912788 0.003084971 0.0209781 0.09125963 0.002990599 0.01837336 0.09093609 0.003972996 0.0191886 0.09105687 0.003665786 0.01974067 0.09113854 0.003452067 0.01698252 0.09032543 0.004626194 0.01765054 0.09052001 0.004348883 0.01843531 0.09079395 0.00400034 0.01402646 0.08822206 0.006242802 0.01561331 0.08934096 0.005386316 0.01552357 0.0894273 0.005384388 0.01606139 0.08964493 0.005145481 0.01706068 0.09019524 0.004644548 0.01214388 0.08609039 0.007505314 0.01258751 0.08655986 0.007219102 0.01247742 0.08665996 0.007220297 0.01382982 0.08787457 0.006417609 0.01412367 0.08811614 0.006247702 0.01160128 0.08562385 0.007816421 0.01171007 0.0855349 0.007812516 0.01062112 0.08464118 0.008381282 0.01144878 0.08573282 0.007793271 0.0105502 0.08468548 0.008368232 0.01129947 0.08582323 0.007741313 0.01115272 0.08589582 0.007661324 0.01034981 0.08478346 0.008280286 0.01101362 0.08594766 0.007554897 0.01023267 0.08482489 0.008199456 0.01088091 0.08597824 0.007419869 0.01009072 0.08485866 0.008070329 0.009930026 0.08486999 0.007873644 0.009964817 0.08487142 0.007923438 0.01076887 0.08598441 0.007270718 0.01004165 0.08486819 0.008021703 0.01068169 0.08596829 0.007117439 0.009842472 0.08485266 0.007722484 0.01063998 0.08592316 0.006976625 0.03124559 0.07823831 0.002909199 0.0313067 0.0782232 0.002797327 0.03098445 0.08003452 0.002337307 0.031327 0.07821809 0.002760005 0.03133591 0.07821295 0.002730675 0.03140875 0.07812436 0.002284781 0.03136037 0.07806358 0.002052023 0.03107228 0.0795791 0.001721889 0.03035135 0.08226452 0.001209552 0.03024189 0.08267224 0.001131765 0.02966397 0.08436513 0.001019404 0.02958298 0.08431477 0.0008936294 0.02916223 0.08536347 0.0007416085 0.02871172 0.08634168 0.0007878449 0.0286349 0.08628687 0.0006618949 0.0279113 0.08755397 0.0005525068 0.02669049 0.08908018 0.0005413037 0.02658883 0.08920728 0.0005403674 0.02562924 0.0901735 0.000765736 0.02556336 0.09011387 0.0006373697 0.02517813 0.09045453 0.0006737896 0.02445575 0.09098058 0.0009420395 0.02439382 0.0909144 0.0008141702 0.02371202 0.09131428 0.000936173 0.02324546 0.0915543 0.001197193 0.02319083 0.09148663 0.001067228 0.02215095 0.09183054 0.001328697 0.02057628 0.09198532 0.001828382 0.02049325 0.09199351 0.001854723 0.01922628 0.09189466 0.002488093 0.01918183 0.09183315 0.002352865 0.01876083 0.09178173 0.002512763 0.01778112 0.0915122 0.003095353 0.01508299 0.09014533 0.004246155 0.01475005 0.08991018 0.004595744 0.01629133 0.09085837 0.003794943 0.01774506 0.09144156 0.002959817 0.01694325 0.09117306 0.003312699 0.01625784 0.09079441 0.003656627 0.03004539 0.08236324 0.002329061 0.02932297 0.08436304 0.002011578 0.02840673 0.08626606 0.001788434 0.02750464 0.08770513 0.001691917 0.02654232 0.08890074 0.001685195 0.02550493 0.08987943 0.001765877 0.02442717 0.09062184 0.001927466 0.02332437 0.09114426 0.002160057 0.02216097 0.09146206 0.002471567 0.02093587 0.09156888 0.002864176 0.01964317 0.0914524 0.003343418 0.01829064 0.09109442 0.003911768 0.01687875 0.09047459 0.004574832 0.01540227 0.08956579 0.005342098 0.01389108 0.0883493 0.006208562 0.01233045 0.08677556 0.007193356 0.03017417 0.0823814 0.002201593 0.02944633 0.084396 0.001881786 0.02852121 0.08631707 0.00165659 0.02760821 0.08777403 0.001558764 0.02663143 0.08898777 0.001551895 0.02557486 0.08998419 0.001634173 0.02447366 0.09074251 0.001799342 0.02334441 0.09127755 0.002037486 0.0221526 0.09160307 0.002356617 0.02089899 0.09171233 0.002758377 0.01958013 0.0915936 0.003247288 0.01820477 0.09122967 0.003825203 0.01677368 0.09060147 0.004497264 0.01528129 0.08968298 0.005272771 0.0137573 0.08845612 0.006146593 0.01218622 0.08687187 0.007137976 0.03120201 0.07824262 0.002960479 0.03090382 0.08005005 0.002500489 0.0302796 0.08238857 0.002053094 0.02954686 0.08441653 0.001731194 0.0286137 0.08635401 0.001504122 0.02769082 0.08782717 0.001405115 0.02670097 0.08905741 0.001398082 0.02562705 0.0900699 0.001481789 0.02450446 0.09084262 0.001650267 0.02335127 0.0913891 0.001893431 0.02213367 0.09172171 0.002219453 0.02085428 0.09183313 0.002629499 0.01951147 0.09171236 0.003127256 0.01811558 0.09134294 0.003713816 0.01666706 0.0907072 0.004394031 0.01516022 0.08977984 0.005177039 0.01362459 0.08854382 0.006057475 0.01204402 0.08694983 0.007054892 0.03035731 0.08238401 0.001887814 0.02962039 0.08442352 0.001564081 0.02868032 0.08637508 0.001335401 0.02774897 0.08786213 0.001235385 0.02674788 0.08910663 0.001228188 0.02565911 0.09013293 0.001313107 0.02451805 0.09091803 0.00148445 0.02334416 0.09147445 0.001731943 0.02210448 0.09181299 0.002063905 0.02080275 0.09192649 0.002481074 0.01943951 0.09180384 0.002986416 0.01802574 0.09142977 0.003580462 0.01656239 0.09078745 0.004267664 0.01504299 0.0898526 0.005057131 0.01349753 0.08860843 0.00594327 0.01190881 0.08700626 0.006945821 0.03040697 0.08236731 0.001703237 0.02966652 0.0844165 0.00137798 0.02872068 0.08637991 0.001147935 0.02778218 0.08787865 0.001047068 0.02677166 0.08913517 0.001039721 0.02567024 0.09017302 0.001125734 0.02451376 0.09096867 0.001299408 0.02332258 0.09153335 0.001550527 0.0220641 0.091877 0.001887531 0.02074368 0.09199202 0.002310721 0.01936318 0.09186798 0.002822414 0.01793444 0.09148984 0.003422784 0.01645847 0.09084202 0.0041159 0.01492873 0.08990075 0.004910754 0.01337487 0.08864995 0.005801672 0.01177935 0.08704075 0.006808565 0.03042309 0.08234012 0.001519301 0.02968017 0.08439619 0.001192947 0.02873025 0.08636798 0.0009619361 0.02778673 0.08787489 0.0008604863 0.02676955 0.0891397 0.000853088 0.02565937 0.09018582 0.0009397829 0.02449203 0.0909888 0.001115126 0.02328855 0.09155931 0.001368838 0.02201709 0.09190653 0.00170931 0.02068355 0.09202271 0.002136703 0.0192909 0.09189755 0.002652904 0.01785165 0.09151669 0.003257673 0.01636681 0.09086505 0.003954935 0.01482973 0.08991928 0.004753597 0.01326995 0.08866365 0.005647933 0.01166969 0.08704962 0.006657826 0.01318692 0.08865194 0.005491972 0.01158385 0.08703506 0.006503646 0.01122909 0.08666513 0.006562958 0.01113513 0.08655528 0.006626528 0.01471294 0.0898572 0.004455563 0.01316427 0.08865138 0.005331945 0.01313284 0.08861906 0.005351953 0.01154294 0.08698731 0.006363295 0.01654936 0.03505733 -0.006888775 0.01845633 0.03596683 -0.0005621632 0.01684778 0.03981678 -0.00660616 0.0184682 0.04058959 -0.001230208 0.01719119 0.04260743 -0.006479757 0.01886843 0.04547262 -0.002052859 0.01765643 0.04537473 -0.006383535 0.01909339 0.04700227 -0.002277372 0.01921597 0.0476338 -0.002326415 0.01917326 0.04761847 -0.002453207 0.01938872 0.04852397 -0.00239567 0.01967978 0.04975517 -0.002413175 0.01766065 0.04539449 -0.006383036 0.01894676 0.04600513 -0.002130954 0.01824293 0.0481179 -0.00631729 0.01956531 0.04979149 -0.002883707 0.01873405 0.05005512 -0.006288446 0.01918016 0.04766162 -0.00246147 0.01917326 0.04761847 -0.002453207 0.01967978 0.04975517 -0.002413175 0.01918016 0.04766162 -0.00246147 0.01956531 0.04979149 -0.002883707 0.01873405 0.05005512 -0.006288446 0.01956531 0.04979149 -0.002883707 0.01877366 0.05004271 -0.006298601 0.004616501 0.06893358 -0.0009737091 0.0004099598 0.06885427 -0.0002167656 0.003804658 0.06704439 -0.001239608 -0.0002620315 0.06717948 -0.0003961047 0.003304791 0.06571843 -0.001362797 -0.0003840027 0.06687536 -0.0004286874 0.00312972 0.0652538 -0.001405915 -0.0006332757 0.06620319 -0.0004781573 0.003076428 0.06511269 -0.001419038 -0.000805911 0.06569643 -0.0004990023 0.002720126 0.06405886 -0.001479341 -0.001316036 0.06419825 -0.0005607459 0.002195155 0.06241412 -0.001517086 -0.001512544 0.06357574 -0.0005664966 -0.01652525 0.04106446 0.009520727 -0.01661154 0.04096435 0.009338488 -0.007078483 0.03798709 0.00688919 -0.01681602 0.0406773 0.009019606 -0.01690821 0.04052311 0.008930524 -0.007330697 0.03752626 0.006468584 -0.01720847 0.0399325 0.008825704 -0.01721079 0.03992654 0.008827318 -0.007555441 0.03690227 0.006354495 -0.01733484 0.03961893 0.008911662 -0.007637911 0.0365809 0.006425538 -0.007450635 0.03722479 0.006369166 -0.01694567 0.04046057 0.008894485 -0.0170642 0.04023617 0.00883516 -0.01708659 0.0401938 0.008824014 -0.007203777 0.03778626 0.006645907 -0.01665166 0.04091782 0.009253595 -0.01675401 0.040771 0.009101532 -0.01679629 0.04071028 0.009038604 -0.01649055 0.04109072 0.009626491 -0.006963435 0.03811497 0.007181662 -0.01642984 0.04113657 0.00981147 -0.0068664 0.03816124 0.007503589 -0.01640087 0.04113762 0.009948041 -0.01636537 0.04113886 0.01011571 -0.006794045 0.03812271 0.007832886 -0.0163477 0.04110423 0.01027954 -0.006751242 0.03800208 0.008147246 -0.01633142 0.04107235 0.01042994 -0.01633244 0.0410744 0.01042052 -0.006740949 0.03780756 0.008425104 -0.01633415 0.04093431 0.0107298 -0.01633293 0.04099458 0.01059905 -0.006763904 0.03755225 0.008647555 -0.01637263 0.0407368 0.0109881 -0.01635741 0.04081476 0.01088616 -0.00690094 0.03693235 0.008870573 -0.01651538 0.04029184 0.01128562 -0.006818449 0.03725381 0.008799496 -0.01643756 0.0405146 0.01116966 -0.01641983 0.04057516 0.01112019 -0.01679328 0.03967643 0.01136399 -0.01677 0.03971833 0.01137497 -0.007005694 0.03660994 0.00885596 -0.01664378 0.03997883 0.01137223 -0.01664161 0.03998422 0.01137072 -0.0169172 0.03945319 0.01130577 -0.007125653 0.03630838 0.008756575 -0.01695582 0.03939192 0.01127042 -0.01707365 0.03920528 0.01116259 -0.007252604 0.03604836 0.008579161 -0.01711678 0.03914614 0.01110115 -0.01722391 0.03899964 0.01094856 -0.007377846 0.03584764 0.008335935 -0.01726444 0.03895386 0.01086579 -0.01734852 0.03885874 0.01069364 -0.007492925 0.03571974 0.008043373 -0.01738718 0.03882843 0.0105778 -0.01744225 0.03878525 0.01041279 -0.007589929 0.03567349 0.007721537 -0.01747475 0.03878143 0.01025577 -0.01750576 0.03877775 0.01010608 -0.007662335 0.0357119 0.007392182 -0.01752297 0.03881324 0.009923221 -0.01753615 0.03884041 0.009783058 -0.007705107 0.03583256 0.007077913 -0.01753125 0.03892042 0.009601741 -0.01752785 0.03897433 0.009479707 -0.00771538 0.03602718 0.006800021 -0.0175001 0.03909804 0.009312617 -0.01748441 0.03916824 0.009217758 -0.007692477 0.03628237 0.006577512 -0.01743239 0.03933653 0.009077843 -0.01741391 0.03939636 0.009028 -0.02725834 0.02805352 0.006755534 -0.02689436 0.02799347 0.006610442 -0.02704328 0.02781603 0.006477003 -0.02792587 0.02793209 0.006748432 -0.02810035 0.02786526 0.006631782 -0.02837738 0.0280393 0.006967871 -0.02837502 0.0277564 0.006303594 -0.0284333 0.02779561 0.006376778 -0.0281801 0.02824861 0.007380164 -0.02816817 0.02825595 0.007389083 -0.02801483 0.02814042 0.007114261 -0.02601003 0.02869243 0.006688399 -0.02580448 0.02873692 0.006638351 -0.02589388 0.02847773 0.006604682 -0.02619646 0.0286547 0.006737823 -0.02616673 0.02865903 0.006727316 -0.02626267 0.02843147 0.006692196 -0.02615897 0.02866017 0.006724644 -0.02726117 0.02839664 0.00707631 -0.02683722 0.02856345 0.006969099 -0.02696006 0.02839107 0.006920723 -0.02680493 0.02856567 0.006950971 -0.02662103 0.02840282 0.006792149 -0.02672939 0.02857674 0.006924495 -0.02650928 0.02860891 0.006847391 -0.02750116 0.02842087 0.007256003 -0.02735392 0.02853577 0.007283441 -0.02728038 0.02853289 0.007217369 -0.02715089 0.02854182 0.007144728 -0.02712087 0.0285439 0.007127972 -0.0276517 0.02846765 0.007455813 -0.02749422 0.02855138 0.007437081 -0.02743766 0.02853906 0.007358841 -0.02783126 0.02846465 0.007644046 -0.02777108 0.02850064 0.007667286 -0.02753228 0.02860628 0.007614163 -0.02753532 0.02859761 0.007592699 -0.02753029 0.02857687 0.007532882 -0.02782082 0.02838604 0.00745091 -0.02750921 0.02855825 0.007467031 -0.02750262 0.02855523 0.007453893 -0.02749954 0.02865365 0.007719764 -0.02745762 0.02868649 0.007775388 -0.02744381 0.02869616 0.00779384 -0.02752713 0.02862128 0.007651283 -0.02753031 0.02861211 0.007628587 -0.02843189 0.02808369 0.007061613 -0.02863535 0.02793159 0.006630635 -0.02851259 0.02802347 0.00689155 -0.02843361 0.02808264 0.007059549 -0.0265649 0.02715136 0.005611616 -0.0266648 0.02703831 0.005358449 -0.027494 0.02745081 0.005942513 -0.02735532 0.02727762 0.00559929 -0.02762566 0.0273917 0.005750297 -0.02655404 0.02716372 0.005639299 -0.02734687 0.02754293 0.006137448 -0.02648549 0.02724121 0.005812827 -0.02622606 0.0276835 0.006280881 -0.02622692 0.0276818 0.006279582 -0.02664304 0.02773763 0.006361943 -0.02631353 0.02751144 0.00615121 -0.02634416 0.02746332 0.006090978 -0.02614575 0.02784165 0.006399995 -0.02650857 0.02795105 0.006508245 -0.026109 0.0279295 0.006435568 -0.02638069 0.02818499 0.006618479 -0.02599611 0.02819937 0.006544844 -0.02606134 0.02804325 0.006481611 -0.02590553 0.02844384 0.006600238 -0.02596012 0.0282854 0.006579662 -0.02775153 0.02802037 0.006853033 -0.02805471 0.02758819 0.006032835 -0.02774863 0.0276983 0.006355304 -0.02758417 0.02779219 0.00650586 -0.02741937 0.02791116 0.006640536 -0.02758073 0.02812916 0.006943184 -0.02783697 0.02821833 0.007172502 -0.02813532 0.02827636 0.007414013 -0.02675255 0.02819108 0.006715871 -0.02710427 0.02821488 0.006849153 -0.0274164 0.02825553 0.00701777 -0.02719553 0.02766486 0.00631744 -0.02639438 0.0273843 0.00599206 -0.0264594 0.02728233 0.00586434 -0.02766501 0.02831247 0.007219857 -0.02790568 0.02750993 0.005906868 -0.02785524 0.02844979 0.007625871 0.007815496 0.08274488 0.004565931 0.00772741 0.08265654 0.004395105 0.01158034 0.08145587 0.003404361 0.007569932 0.08248274 0.00417126 0.007560498 0.08247117 0.004162899 0.01145507 0.08125506 0.003161169 0.006465815 0.08058863 0.005417739 0.006471025 0.08058658 0.005457809 0.01106889 0.07914227 0.004236708 0.01116592 0.07918855 0.004558635 0.006429621 0.08060254 0.005138793 0.01099651 0.07918071 0.003907444 0.006429983 0.08061752 0.005081085 0.006431848 0.08068324 0.004827107 0.01095371 0.07930134 0.003593084 0.006443804 0.08071919 0.004753648 0.006478598 0.08082445 0.004538977 0.01094344 0.07949596 0.003315192 0.006507569 0.08088765 0.004456081 0.0065574 0.08099633 0.004313558 0.01096637 0.07975117 0.003092775 0.006621524 0.08111489 0.004213023 0.006681824 0.08122612 0.004118732 0.01102094 0.0800497 0.002940801 0.006775841 0.08138131 0.004039114 0.01110341 0.08037107 0.002869757 0.01120818 0.08069357 0.002884337 0.007160245 0.0819587 0.00392566 0.007025388 0.08176927 0.003915179 0.006958458 0.08166799 0.003938623 0.006849246 0.08150252 0.003977007 0.01132812 0.08099504 0.002983755 0.00740025 0.08227674 0.00402121 0.007366206 0.08223215 0.004005187 0.007204564 0.08202091 0.003929088 0.007707627 0.08263656 0.00435667 0.007855165 0.08278691 0.004681497 0.01169541 0.08158377 0.003696924 0.007933051 0.08283116 0.004960668 0.01179242 0.08163002 0.00401876 0.007938219 0.08282933 0.005007043 0.007968225 0.0828193 0.005275194 0.0118648 0.08159152 0.004348148 0.007966048 0.08280258 0.005345634 0.007958614 0.0827459 0.005584514 0.01190758 0.08147086 0.004662417 0.007941649 0.08270395 0.00567564 0.007903772 0.08261047 0.005878618 0.01191787 0.08127633 0.004940275 0.007867576 0.08253906 0.005976192 0.00781561 0.08243682 0.006115984 0.01189495 0.08102105 0.005162817 0.00774626 0.0823147 0.006221522 0.007685125 0.08220701 0.006314553 0.0118404 0.08072261 0.005314758 0.007589098 0.082049 0.006395664 0.007516142 0.08192892 0.006457292 0.01175791 0.08040115 0.005385835 0.007409053 0.0817613 0.006495225 0.007345139 0.08166143 0.006517779 0.01165312 0.08007872 0.005371131 0.007214879 0.08146815 0.006506364 0.007175446 0.08140977 0.00650301 0.01153317 0.07977716 0.005271746 0.007019685 0.08119148 0.0064248 0.006991757 0.08115235 0.006410813 0.01140625 0.07951716 0.005094423 0.006835857 0.08094901 0.00626456 0.00683173 0.08094352 0.006260642 0.01128097 0.07931642 0.004851106 0.006696461 0.08078229 0.006068499 0.006543443 0.08063676 0.005743759 0.006591701 0.08067269 0.005858199 0.006676963 0.08076194 0.006029523 0.006571968 0.01537521 -0.0006030909 0.005961018 0.01261149 0.0003911913 0.006145872 0.015488 -0.0005513923 0.005534922 0.01272428 0.0004428899 0.005712316 0.01556312 -0.0006089946 0.005101366 0.0127994 0.0003852876 0.005300803 0.01559543 -0.0007720327 0.004689853 0.01283172 0.0002222495 0.004939402 0.01558276 -0.001029316 0.004328452 0.01281905 -3.503392e-05 0.004652759 0.01552597 -0.001363311 0.004041809 0.01276225 -0.0003690291 0.004460394 0.01542891 -0.001751293 0.003849443 0.0126652 -0.0007570112 0.004375403 0.01529822 -0.002166805 0.003764452 0.0125345 -0.001172522 0.004403599 0.01514279 -0.002581519 0.003792649 0.01237907 -0.001587237 0.004543053 0.0149732 -0.002967213 0.003932102 0.01220948 -0.001972931 0.004784275 0.01480105 -0.003297501 0.004173325 0.01203733 -0.002303219 0.005110797 0.01463804 -0.003549975 0.004499847 0.01187432 -0.002555692 0.005500363 0.01449525 -0.003707497 0.004889413 0.01173153 -0.002713215 0.005926481 0.01438249 -0.003759102 0.005315531 0.01161877 -0.00276482 0.006360047 0.01430736 -0.003701502 0.005749097 0.01154364 -0.00270722 0.006771528 0.01427502 -0.003538555 0.006160578 0.0115113 -0.002544273 0.00713292 0.0142877 -0.003281269 0.00652197 0.01152398 -0.002286987 0.007419563 0.01434449 -0.002947274 0.006808613 0.01158077 -0.001952992 0.007611938 0.01444154 -0.002559294 0.007000988 0.01167782 -0.001565012 0.007696919 0.01457224 -0.002143781 0.007085969 0.01180852 -0.001149499 0.007668723 0.01472767 -0.001729066 0.007057772 0.01196396 -0.0007347841 0.007529279 0.01489726 -0.001343375 0.006918328 0.01213354 -0.0003490927 0.007288088 0.01506943 -0.001012995 0.006677138 0.01230571 -1.871285e-05 0.006961557 0.01523245 -0.0007605196 0.006350607 0.01246873 0.0002337626 0.02382168 0.0509399 -0.007107666 0.02381757 0.05094116 -0.007110001 0.02505886 0.05525077 -0.007161372 0.02371766 0.05097257 -0.007165245 0.02505768 0.05525111 -0.007162046 0.02364626 0.05099492 -0.007188331 0.02483428 0.05532119 -0.007233374 0.02349313 0.05104303 -0.007237713 0.02483027 0.05532248 -0.007234656 0.02327754 0.05111059 -0.007249363 0.02459976 0.05539473 -0.007245771 0.02325852 0.05111659 -0.007250413 0.02459277 0.05539693 -0.007246062 0.02310004 0.05116621 -0.007224339 0.02391846 0.05090945 -0.007037489 0.02525967 0.05518765 -0.007033617 0.02396455 0.05089495 -0.006988506 0.02526088 0.05518733 -0.007032851 0.02408339 0.05085757 -0.006862203 0.02542434 0.05513592 -0.006858067 0.02418848 0.05082445 -0.006674866 0.02542729 0.055135 -0.006854884 0.02420245 0.0508201 -0.006649984 0.02554302 0.05509848 -0.006645722 0.02554653 0.05509737 -0.006639392 0.02559478 0.05508209 -0.006486885 -0.0120683 0.02912082 0.009622711 0.02217396 0.01839311 0.0008436154 -0.01221982 0.0289674 0.009685427 0.02242471 0.01770579 0.0008119132 -0.01253399 0.02865821 0.009769478 -0.01276908 0.02842693 0.0098324 0.02247871 0.0175577 0.0008050228 -0.01328813 0.02794515 0.009860968 -0.01399174 0.02732639 0.009767113 -0.01361209 0.02765814 0.009825902 0.0230685 0.01564168 0.0002177661 0.02276124 0.01672302 0.0006412648 0.02278455 0.01664431 0.0006136894 -0.01336001 0.02787846 0.009864928 0.02291549 0.01620216 0.0004586789 0.02300125 0.01591268 0.0003572528 0.02328633 0.01462953 -0.000415269 -0.01511436 0.02641991 0.009221618 0.02326432 0.01474341 -0.0003356852 -0.0147939 0.02667209 0.009416054 0.02316864 0.01523844 1.03339e-05 -0.01456287 0.02685401 0.009556243 -0.0140585 0.02727121 0.009742493 0.0233184 0.01346775 -0.001823636 -0.01560097 0.02606093 0.008787339 0.02335436 0.01369492 -0.001421939 -0.01545615 0.02616775 0.008916588 0.02335052 0.01400572 -0.001028569 0.02334942 0.0140884 -0.0009239228 0.02330417 0.01337784 -0.001982601 -0.01601086 0.02578297 0.008263416 -0.0159966 0.02579181 0.008289282 -0.02445868 0.02970336 0.006395987 -0.02337527 0.02797596 0.006015512 -0.02408432 0.03001684 0.006331893 -0.0220091 0.02911122 0.005780913 -0.0231713 0.03078149 0.006175534 -0.02178926 0.0292939 0.005743163 -0.02233918 0.03158968 0.006041335 -0.02068424 0.03030279 0.005560052 -0.02194445 0.03197299 0.005977683 -0.02012141 0.03081672 0.005466848 -0.02081913 0.03324011 0.005808999 -0.01855889 0.03238666 0.005218682 -0.02075166 0.03332836 0.005799791 -0.01815455 0.03283439 0.00515755 -0.0197837 0.03459322 0.005667667 -0.0193617 0.03523532 0.005616752 -0.01695889 0.03415835 0.004976621 -0.0188386 0.03603129 0.005553695 -0.01580753 0.0355637 0.004812116 -0.01814841 0.0372632 0.005483858 -0.01555805 0.03586816 0.004776488 -0.01799886 0.03753015 0.005468716 -0.01415377 0.03775714 0.004588781 -0.01747094 0.03862336 0.005426524 -0.01366687 0.03847925 0.004528708 -0.01618306 0.04132322 0.005326023 -0.01296419 0.03952139 0.004441983 -0.007695501 0.05373924 0.004265526 -0.00663368 0.05479963 0.00409631 -0.007337373 0.05156035 0.004020687 -0.006631795 0.05480139 0.004096036 -0.006195126 0.05520223 0.004023895 -0.007816361 0.05010956 0.004025009 -0.009407996 0.05186172 0.004525929 -0.008077268 0.053358 0.004326303 -0.01616989 0.04134806 0.005324729 -0.01482529 0.04388206 0.00519876 -0.01171256 0.04157707 0.004302211 -0.01474953 0.04401075 0.005190563 -0.01053137 0.04375097 0.004187635 -0.01341413 0.04627617 0.00504676 -0.01003757 0.04477765 0.004148368 -0.01320157 0.04660247 0.005021407 -0.009468783 0.04596023 0.004103319 -0.01206832 0.04834196 0.004885847 -0.008592853 0.04802479 0.004051838 -0.01151904 0.04910585 0.004814304 -0.008559141 0.04811547 0.00405064 -0.0107243 0.05021114 0.004710755 -0.009696527 0.0514999 0.004566431 0.02494108 0.01013844 -0.01069541 0.02494013 0.01013514 -0.01069634 0.02146455 0.0112242 -0.009807062 0.02147846 0.0111913 -0.009815681 0.02153033 0.01103907 -0.009887693 0.02151043 0.01109753 -0.009860044 0.02491023 0.01003095 -0.01072811 0.0248601 0.009877326 -0.01083483 0.02485269 0.009858325 -0.01085985 0.02155662 0.01092458 -0.009975584 0.02132003 0.01090154 -0.01003831 0.02131646 0.01089632 -0.01005093 0.02483422 0.009810751 -0.01092257 0.02482786 0.009797577 -0.01095191 0.02482829 0.009798433 -0.01095 0.02133111 0.01095014 -0.009966541 0.02133156 0.01096 -0.009955798 0.02133295 0.01099465 -0.00991824 0.02154294 0.01098424 -0.00992973 0.02488683 0.009955955 -0.0107715 0.02488067 0.009936262 -0.01078285 0.02487986 0.009933826 -0.01078429 0.02491178 0.01003573 -0.0107254 0.02142517 0.01131741 -0.00978254 0.02496009 0.01020994 -0.01068884 0.02495162 0.01017809 -0.01069178 0.001922683 0.06163326 0.002582286 -0.001785017 0.06279487 0.003532875 0.001807604 0.06150536 0.002289723 -0.001900096 0.06266697 0.003240313 0.001682341 0.06130455 0.002046531 -0.002025358 0.06246616 0.002997121 0.00155539 0.06104452 0.001869117 -0.00215231 0.06220614 0.002819706 0.001435451 0.06074305 0.001769699 -0.002272248 0.06190467 0.002720288 0.001330677 0.06042056 0.001755119 -0.002377023 0.06158217 0.002705709 0.001248206 0.06009919 0.001826163 -0.002459493 0.0612608 0.002776752 0.00119364 0.05980066 0.001978137 -0.002514059 0.06096227 0.002928726 0.001170706 0.05954544 0.002200555 -0.002536993 0.06070706 0.003151144 0.001180979 0.05935082 0.002478446 -0.00252672 0.06051244 0.003429036 0.001223782 0.05923019 0.002792806 -0.002483917 0.06039181 0.003743396 0.001296157 0.05919175 0.00312207 -0.002411543 0.06035337 0.00407266 0.001393192 0.05923803 0.003443997 -0.002314507 0.06039965 0.004394587 0.00150824 0.05936591 0.003736469 -0.002199459 0.06052752 0.004687058 0.001633513 0.05956665 0.003979785 -0.002074186 0.06072826 0.004930375 0.001760433 0.05982665 0.004157108 -0.001947266 0.06098826 0.005107698 0.001880392 0.06012821 0.004256493 -0.001827307 0.06128982 0.005207082 0.001985178 0.06045064 0.004271197 -0.001722521 0.06161225 0.005221787 0.002067669 0.0607721 0.00420012 -0.001640031 0.06193371 0.00515071 0.002122214 0.06107054 0.00404818 -0.001585485 0.06223215 0.004998769 0.002145137 0.06132582 0.003825637 -0.001562562 0.06248743 0.004776227 0.002134844 0.06152035 0.003547779 -0.001572855 0.06268196 0.004498368 0.002092072 0.061641 0.00323351 -0.001615627 0.06280262 0.004184099 0.002019687 0.06167951 0.002904122 -0.001688013 0.06284112 0.003854711 -0.0008438115 0.06270803 0.007310093 -0.0007954433 0.06270316 0.007447888 -0.0009057054 0.05943148 0.008324829 -0.0008048115 0.05919754 0.008335176 0.0001690123 0.06246013 0.008055322 -0.0006854194 0.05892122 0.008347425 -0.001047662 0.05970666 0.008239427 -6.884736e-05 0.06252948 0.0080422 -0.0009461932 0.05950983 0.008300496 -0.0005027837 0.06264373 0.007839365 -0.001253385 0.06006079 0.008057933 -0.0002974692 0.062592 0.007968685 -0.001165427 0.05992161 0.008151136 -0.00138659 0.06022893 0.007869849 -0.001272334 0.06009084 0.008037777 -0.001468518 0.06029898 0.007709173 -0.000672278 0.0626816 0.007662179 -0.00147699 0.06030249 0.007686569 -0.001491067 0.06030834 0.007648919 0.0003907463 0.066194 0.007494842 0.0005561702 0.06614674 0.00767182 0.0008249267 0.06606723 0.007830486 0.0007631007 0.06608585 0.007811065 0.0009824542 0.06601977 0.007880138 0.0012233 0.06594587 0.007893627 0.001219492 0.06594697 0.007893426 0.001192289 0.0659553 0.007892021 0.0009861547 0.0660186 0.007881273 0.01971899 0.05336975 -0.006272891 0.01877366 0.05004271 -0.006298601 0.02062507 0.05308222 -0.002387453 0.01956531 0.04979149 -0.002883707 0.01967978 0.04975517 -0.002413175 0.02592491 0.05896508 -0.007042065 0.02636029 0.06049015 -0.006842874 0.02653759 0.06043335 -0.006796747 0.02547671 0.05745655 -0.007170875 0.0250132 0.05594795 -0.007230858 0.02482293 0.05600851 -0.007237658 0.02699835 0.05975395 -0.006183842 0.02668251 0.05866332 -0.006296527 0.0266276 0.05870042 -0.006492349 0.02726 0.06070534 -0.006029523 0.02711213 0.0601677 -0.006116754 0.02705616 0.06021213 -0.006303116 0.02696451 0.06026249 -0.006463837 0.02684464 0.06031748 -0.006603096 0.02731581 0.06180518 -0.006279391 0.02752479 0.06166803 -0.005873249 0.02477885 0.05602257 -0.00723924 0.02478918 0.05601935 -0.007238826 0.02525218 0.05587069 -0.007154549 0.02523275 0.05587703 -0.007165742 0.02565654 0.05739886 -0.007123286 0.02518937 0.0558911 -0.007178632 0.02502587 0.0559439 -0.007227076 0.02550083 0.05578853 -0.006973955 0.02596927 0.05729102 -0.006922812 0.02557749 0.05576294 -0.00690204 0.02609182 0.05724471 -0.006778615 0.02561473 0.05575009 -0.006844883 0.02535615 0.05583666 -0.007094713 0.02582266 0.057343 -0.007039501 0.0253972 0.05582316 -0.007071105 0.0254504 0.05580536 -0.007021228 0.02578639 0.05568913 -0.006481301 0.02573267 0.0557088 -0.006631301 0.02624279 0.05717621 -0.006418236 0.0261857 0.05720565 -0.006612559 0.02640354 0.05769998 -0.006396029 0.0257209 0.05571315 -0.006664175 0.02570686 0.05571831 -0.006703396 0.02562441 0.05574669 -0.006829958 0.02659483 0.0620606 -0.006584812 0.02617601 0.06054348 -0.006853414 0.02660822 0.06205738 -0.006586441 0.02677681 0.06200842 -0.006569755 0.0268401 0.06199019 -0.006563433 0.02695059 0.06195226 -0.006523137 0.02705481 0.06191661 -0.006485158 0.02670089 0.06037514 -0.006715812 0.02713433 0.06188577 -0.00643815 0.02725237 0.06183342 -0.006334931 0.02736998 0.06177477 -0.006199989 0.02744576 0.06173221 -0.006088898 0.02746188 0.06171915 -0.006044982 0.02573951 0.05902032 -0.007052538 0.02529052 0.05751398 -0.007181477 0.0261036 0.05890782 -0.006995188 0.02653485 0.05874519 -0.006656031 0.02641365 0.05879595 -0.006797905 0.02626842 0.0588508 -0.006912706 0.02125862 0.0582508 -0.006232288 0.02215624 0.05796598 -0.00238314 0.02179157 0.05994918 -0.006104185 0.02293006 0.06063706 -0.002365943 0.02187597 0.06021819 -0.006083948 0.02473668 0.0713451 -0.00199485 0.02427117 0.0714927 -0.00398692 0.02470427 0.07077794 -0.002029236 0.02417458 0.07044458 -0.004149987 0.02445373 0.0683562 -0.002149995 0.02389334 0.06849402 -0.00453138 0.02429737 0.06732311 -0.002190021 0.02370205 0.06751191 -0.004739938 0.02406647 0.06579719 -0.002249051 0.0233873 0.06589598 -0.005083156 0.02356862 0.06326947 -0.002320007 0.02274269 0.06325492 -0.005620904 0.02341219 0.0626246 -0.002331284 0.02263751 0.06287107 -0.005691006 0.02244982 0.06218623 -0.005816298 0.02460419 0.07838372 -0.001443095 0.0242639 0.07778178 -0.00335793 0.02475062 0.07700733 -0.001579044 0.02439373 0.07604853 -0.00346563 0.02482777 0.07532834 -0.001721284 0.02440042 0.0756575 -0.003500243 0.02440379 0.07546129 -0.003517639 0.024842 0.07501877 -0.001747526 0.02442423 0.07427366 -0.003622746 0.02482103 0.07282084 -0.001905285 0.0243516 0.07236579 -0.003851131 0.02428588 0.07165263 -0.003962092 0.02340376 0.08320238 -0.0008065289 0.02285848 0.08338327 -0.003189565 0.02286284 0.08337468 -0.003189947 0.02355175 0.08286797 -0.0008657733 0.02324204 0.0824375 -0.00321422 0.02392419 0.08177559 -0.001033522 0.02357086 0.0813832 -0.003237738 0.02406407 0.08122492 -0.001106866 0.02367965 0.08103439 -0.003245528 0.02428102 0.08037051 -0.001220713 0.02394269 0.07984213 -0.003278093 0.02456782 0.07872576 -0.001409319 0.02402326 0.07947706 -0.003288071 0.02415881 0.07852232 -0.003327415 0.02232903 0.08442462 -0.003140654 0.02308114 0.08393106 -0.0006774134 0.0220612 0.0848311 -0.003104062 0.02266933 0.08464556 -0.0005284924 0.02260997 0.08474846 -0.0005070509 0.02184642 0.08515696 -0.003074647 0.02213756 0.08536641 -0.0003511345 0.02139799 0.08567078 -0.002996717 0.02202513 0.08547344 -0.0003170342 0.02132147 0.0857586 -0.00298337 0.02167751 0.08580462 -0.0002114029 0.02084981 0.08614385 -0.002886059 0.02148018 0.08593179 -0.0001560045 0.02084395 0.08614862 -0.002884843 0.02119235 0.08611707 -7.52178e-05 0.02032113 0.08642091 -0.002761512 0.02030671 0.08642448 -0.00275776 0.02094318 0.08620966 -1.019464e-05 0.02071605 0.08629398 4.901863e-05 0.01982844 0.08654518 -0.002632248 0.02041753 0.08633052 0.0001213353 0.01978064 0.08654643 -0.002618623 0.01925356 0.08655968 -0.002468472 0.02013018 0.08636568 0.0001909521 0.01907945 0.08652787 -0.002415238 0.01970827 0.08633012 0.0002866538 0.01954606 0.08631636 0.000323437 0.01859737 0.08643984 -0.002267906 0.01884438 0.08613643 0.0004738352 0.018069 0.08625146 -0.002097285 0.01867428 0.08606637 0.0005082725 0.01780637 0.08615786 -0.002012518 0.01803317 0.08580209 0.000638234 0.01703523 0.08576787 -0.001752203 0.01714736 0.08531548 0.0008087882 0.01390119 0.08262721 0.001366886 0.01370504 0.08302945 -0.0006543182 0.01498909 0.0836798 0.001191099 0.0143725 0.08371377 -0.000848477 0.01539945 0.08402147 0.001120605 0.01489937 0.08418096 -0.001020177 0.01603877 0.08455374 0.001010911 0.01541038 0.08463396 -0.00118676 0.01713385 0.08530811 0.0008113795 0.01642842 0.08539043 -0.001540348 0.01658856 0.08549003 -0.00159626 0.01136492 0.07961123 0.001735148 0.01104165 0.07986605 -6.731807e-05 0.01262981 0.08121669 0.001558954 0.01216633 0.08130314 -0.0002635923 0.01348555 0.08216615 0.001429674 0.01303718 0.08231123 -0.000472866 0.01329061 0.08260454 -0.0005337472 0.009255211 0.07644534 0.001992856 0.008791624 0.07659452 3.351472e-05 0.00884529 0.07668155 3.927555e-05 0.01014487 0.07786761 0.00189067 0.009930861 0.0783193 3.816422e-05 0.01134144 0.07958146 0.00173844 0.01095152 0.07974045 -5.876069e-05 0.01100215 0.07981099 -6.359732e-05 0.008711043 0.07646387 2.487285e-05 0.008981598 0.07600804 0.002024304 0.007791122 0.07497226 -7.371323e-05 0.007756368 0.07381025 0.002147383 0.007083671 0.07376022 -0.0002217178 0.007396901 0.07308615 0.002177614 0.006818608 0.07327003 -0.0002955262 0.005822886 0.07142935 -0.0005724847 0.006654943 0.07159141 0.002240045 0.004879032 0.06947662 -0.0008864082 0.004515491 0.06643153 0.00235717 0.004021848 0.06497039 0.002364121 0.003304791 0.06571843 -0.001362797 0.00312972 0.0652538 -0.001405915 0.005618245 0.06924266 0.002307978 0.005521357 0.06902323 0.002314362 0.004616501 0.06893358 -0.0009737091 0.003804658 0.06704439 -0.001239608 0.003076428 0.06511269 -0.001419038 0.003617747 0.06377404 0.002369806 0.002720126 0.06405886 -0.001479341 -0.007331932 0.01973127 0.002961626 -0.007942882 0.01696755 0.003955908 -0.007758028 0.01984406 0.003013325 -0.008368978 0.01708034 0.004007607 -0.008191584 0.01991918 0.002955723 -0.008802534 0.01715546 0.003950005 -0.008603115 0.0199515 0.002792689 -0.009214066 0.01718778 0.003786971 -0.008964452 0.01993881 0.002535389 -0.009575402 0.01717509 0.003529671 -0.009251066 0.01988201 0.002201387 -0.009862017 0.01711829 0.003195669 -0.009443506 0.01978497 0.001813424 -0.01005446 0.01702126 0.002807706 -0.009528423 0.01965425 0.001397894 -0.01013937 0.01689054 0.002392176 -0.009500254 0.01949883 0.0009831862 -0.0101112 0.01673511 0.001977468 -0.009360866 0.01932927 0.000597509 -0.009971816 0.01656555 0.001591791 -0.009119625 0.01915711 0.0002672157 -0.009730575 0.01639339 0.001261498 -0.008793103 0.0189941 1.474261e-05 -0.009404053 0.01623038 0.001009025 -0.008403536 0.01885131 -0.0001427797 -0.009014487 0.01608759 0.0008515025 -0.007977409 0.01873854 -0.000194387 -0.00858836 0.01597482 0.0007998952 -0.007543853 0.01866342 -0.0001367848 -0.008154803 0.0158997 0.0008574975 -0.007132353 0.01863108 2.615727e-05 -0.007743303 0.01586736 0.001020439 -0.006770924 0.01864374 0.0002834336 -0.007381874 0.01588002 0.001277716 -0.006484309 0.01870054 0.0006174359 -0.007095259 0.01593682 0.001611718 -0.006291962 0.0187976 0.001005423 -0.006902912 0.01603388 0.001999705 -0.006206953 0.01892829 0.001420929 -0.006817903 0.01616458 0.002415211 -0.006235122 0.01908372 0.001835637 -0.006846072 0.01632 0.002829919 -0.006374603 0.01925331 0.002221338 -0.006985553 0.01648959 0.00321562 -0.006615812 0.01942549 0.002551722 -0.007226762 0.01666178 0.003546004 -0.006942334 0.01958851 0.002804195 -0.007553284 0.01682479 0.003798477 0.01450476 0.02016257 0.01757833 0.01513977 0.0200238 0.01758279 0.01441978 0.02003187 0.01716281 0.01502228 0.01984311 0.01700834 0.0142274 0.01993481 0.01677483 0.01475636 0.01970895 0.01647205 0.01394076 0.01987802 0.01644084 0.01436011 0.01963043 0.01601032 0.01357937 0.01986535 0.01618355 0.01386055 0.01961292 0.01565468 0.01316789 0.01989769 0.01602061 0.01329172 0.01965762 0.01542941 0.01273432 0.01997281 0.01596301 0.01269236 0.01976145 0.01534972 0.0123082 0.02008558 0.01601461 0.01210334 0.01991735 0.01542112 0.01191864 0.02022836 0.01617213 0.0115648 0.02011471 0.0156388 0.01159212 0.02039138 0.01642461 0.01111345 0.02034007 0.01598788 0.01135089 0.02056353 0.0167549 0.01078 0.02057805 0.01644448 0.01121144 0.02073311 0.01714059 0.01058723 0.02081247 0.01697762 0.01118324 0.02088854 0.0175553 0.01054826 0.02102734 0.01755093 0.01126823 0.02101924 0.01797082 0.01066573 0.021208 0.01812529 0.0114606 0.0211163 0.0183588 0.01093167 0.02134219 0.01866167 0.01174724 0.02117309 0.01869279 0.0113279 0.02142068 0.01912331 0.01210864 0.02118576 0.01895008 0.01182747 0.02143818 0.01947895 0.01252016 0.02115345 0.01911311 0.01239632 0.02139351 0.01970431 0.01295371 0.02107833 0.01917072 0.01299568 0.02128969 0.01978401 0.01337981 0.02096553 0.01911902 0.01358467 0.02113376 0.01971251 0.0137694 0.02082277 0.01896159 0.01412323 0.02093643 0.01949492 0.01409593 0.02065976 0.01870911 0.01457459 0.02071106 0.01914584 0.01433712 0.02048758 0.01837873 0.01490801 0.02047306 0.01868915 0.01447656 0.020318 0.01799304 0.01510078 0.02023864 0.01815601 -0.0005240913 0.02532159 0.02268373 -0.001135042 0.02255788 0.02367802 -0.000950187 0.02543439 0.02273543 -0.001561137 0.02267067 0.02372972 -0.001383743 0.02550951 0.02267783 -0.001994694 0.02274579 0.02367211 -0.001795275 0.02554183 0.0225148 -0.002406225 0.02277811 0.02350908 -0.002156611 0.02552914 0.0222575 -0.002767561 0.02276542 0.02325178 -0.002443226 0.02547233 0.0219235 -0.003054176 0.02270862 0.02291778 -0.002635666 0.0253753 0.02153553 -0.003246616 0.02261158 0.02252981 -0.002720582 0.02524458 0.02112 -0.003331533 0.02248086 0.02211428 -0.002692413 0.02508916 0.02070529 -0.003303364 0.02232544 0.02169958 -0.002553025 0.02491959 0.02031962 -0.003163975 0.02215587 0.0213139 -0.002311784 0.02474744 0.01998932 -0.002922735 0.02198372 0.02098361 -0.001985262 0.02458442 0.01973685 -0.002596213 0.02182071 0.02073113 -0.001595696 0.02444164 0.01957933 -0.002206646 0.02167792 0.02057361 -0.001169569 0.02432887 0.01952772 -0.001780519 0.02156515 0.020522 -0.0007360123 0.02425375 0.01958532 -0.001346963 0.02149003 0.02057961 -0.0003245125 0.0242214 0.01974827 -0.0009354628 0.02145768 0.02074255 3.691668e-05 0.02423406 0.02000554 -0.0005740336 0.02147035 0.02099982 0.0003235314 0.02429087 0.02033954 -0.0002874188 0.02152715 0.02133383 0.0005158786 0.02438793 0.02072753 -9.507166e-05 0.02162421 0.02172181 0.0006008879 0.02451862 0.02114304 -1.006237e-05 0.0217549 0.02213732 0.0005727189 0.02467404 0.02155775 -3.82313e-05 0.02191032 0.02255203 0.000433238 0.02484364 0.02194345 -0.0001777123 0.02207992 0.02293773 0.0001920288 0.02501582 0.02227383 -0.0004189215 0.0222521 0.02326811 -0.0001344932 0.02517883 0.0225263 -0.0007454434 0.02241511 0.02352059 -0.02050194 0.03400767 0.01605868 -0.02043273 0.03407611 0.01602787 -0.02350004 0.03156358 0.007151591 -0.01664161 0.03998422 0.01137072 -0.01664378 0.03997883 0.01137223 -0.01677 0.03971833 0.01137497 -0.01679328 0.03967643 0.01136399 -0.0169172 0.03945319 0.01130577 -0.01695582 0.03939192 0.01127042 -0.01707365 0.03920528 0.01116259 -0.01711678 0.03914614 0.01110115 -0.01722391 0.03899964 0.01094856 -0.01726444 0.03895386 0.01086579 -0.01734852 0.03885874 0.01069364 -0.01738718 0.03882843 0.0105778 -0.01744225 0.03878525 0.01041279 -0.01934621 0.03668044 0.00666236 -0.01747475 0.03878143 0.01025577 -0.01750576 0.03877775 0.01010608 -0.01752297 0.03881324 0.009923221 -0.01753615 0.03884041 0.009783058 -0.01753125 0.03892042 0.009601741 -0.01752785 0.03897433 0.009479707 -0.0175001 0.03909804 0.009312617 -0.01748441 0.03916824 0.009217758 -0.01888443 0.03746313 0.006626755 -0.01878844 0.03765526 0.006622067 -0.01741391 0.03939636 0.009028 -0.01743239 0.03933653 0.009077843 -0.01968873 0.0360997 0.006688708 -0.01995232 0.0357154 0.006714267 -0.01839984 0.0362915 0.01509191 -0.02057293 0.03481008 0.00677463 -0.02124652 0.03395745 0.00685137 -0.02280968 0.03222426 0.007052936 -0.01980504 0.03469625 0.01574855 -0.02257145 0.03245222 0.007018894 -0.02152464 0.03360544 0.006883088 -0.01947507 0.0350222 0.01560173 -0.0212946 0.03389662 0.006856845 -0.01852707 0.0361176 0.01515577 -0.01844544 0.03622914 0.01511481 -0.02131567 0.03332094 0.01640313 -0.02370706 0.03136551 0.007181172 -0.02445415 0.03074758 0.007296274 -0.02432883 0.03144195 0.01884369 -0.02863535 0.02793159 0.006630635 -0.02427965 0.03150416 0.0192061 -0.02420033 0.03157346 0.01947877 -0.02433344 0.03143612 0.0188097 -0.02435682 0.03140645 0.01863693 -0.0243509 0.03140218 0.01855921 -0.02433094 0.03138782 0.01829945 -0.02431768 0.03137824 0.0181264 -0.02429939 0.03138273 0.01806603 -0.02428475 0.03138638 0.01801723 -0.02423706 0.03139815 0.01785899 -0.02419688 0.03140805 0.01772546 -0.02629897 0.02939104 0.007595197 -0.02621118 0.02944432 0.007580018 -0.02605218 0.02955722 0.007553918 -0.02493094 0.03035323 0.007369803 -0.02448681 0.03072049 0.007301317 -0.02777108 0.02850064 0.007667286 -0.02783126 0.02846465 0.007644046 -0.02785524 0.02844979 0.007625871 -0.02813532 0.02827636 0.007414013 -0.02816817 0.02825595 0.007389083 -0.0281801 0.02824861 0.007380164 -0.02843189 0.02808369 0.007061613 -0.02843361 0.02808264 0.007059549 -0.02417036 0.03141824 0.01767212 -0.02851259 0.02802347 0.00689155 0.02215278 0.05343777 -0.001071133 0.02573665 0.05202187 -0.002193955 0.02202586 0.05317777 -0.001248456 0.02573356 0.05201616 -0.002199046 0.02190059 0.05297703 -0.001491773 0.02560828 0.05181542 -0.002442362 0.02178554 0.05284916 -0.001784244 0.02549324 0.05168754 -0.002734833 0.0216885 0.05280288 -0.002106171 0.0253962 0.05164126 -0.003056761 0.02161613 0.05284132 -0.002435435 0.02532383 0.0516797 -0.003386024 0.02157332 0.05296195 -0.002749795 0.02532241 0.05168171 -0.00339399 0.02528102 0.05180033 -0.003700384 0.02156305 0.05315657 -0.003027687 0.02527075 0.05199495 -0.003978276 0.02158599 0.05341178 -0.003250105 0.02529369 0.05225017 -0.004200694 0.02164055 0.05371031 -0.003402078 0.02534825 0.0525487 -0.004352668 0.02172302 0.05403168 -0.003473122 0.02543072 0.05287007 -0.004423711 0.0218278 0.05435418 -0.003458542 0.0255355 0.05319257 -0.004409132 0.02194774 0.05465565 -0.003359124 0.02565543 0.05349403 -0.004309714 0.02207469 0.05491567 -0.00318171 0.02578239 0.05375406 -0.004132299 0.02219995 0.05511648 -0.002938518 0.02590765 0.05395487 -0.003889107 0.02231503 0.05524438 -0.002645955 0.02602273 0.05408277 -0.003596545 0.02241203 0.05529063 -0.00232412 0.02611973 0.05412902 -0.003274709 0.02248442 0.05525213 -0.001994731 0.02619212 0.05409051 -0.002945321 0.02252719 0.05513147 -0.001680463 0.02623489 0.05396986 -0.002631052 0.02253748 0.05493694 -0.001402604 0.02624518 0.05377533 -0.002353193 0.02251456 0.05468166 -0.001180062 0.02622226 0.05352005 -0.002130651 0.02246001 0.05438322 -0.001028121 0.02616771 0.05322161 -0.00197871 0.02237752 0.05406176 -0.0009570442 0.02608522 0.05290015 -0.001907634 0.02227274 0.05373933 -0.0009717483 0.02598044 0.05257772 -0.001922338 0.02586048 0.05227616 -0.002021723 -0.02280884 0.02713656 0.005461355 -0.02286791 0.02723454 0.005577844 -0.02146029 0.02838386 0.005335024 -0.02257381 0.02658782 0.004301241 -0.02256901 0.02660428 0.004406741 -0.0211429 0.02777831 0.004141446 -0.0114439 0.04137942 0.004189158 -0.009723808 0.04462144 0.004026733 -0.009432523 0.0444737 0.00384244 -0.02311429 0.02760982 0.005870073 -0.02319604 0.02772449 0.005915622 -0.02181109 0.02886164 0.005685503 -0.02258463 0.02667234 0.004630832 -0.02259252 0.02670355 0.004729408 -0.02116439 0.02786829 0.004469882 -0.009213422 0.04303311 0.00189688 -0.009587755 0.0423667 0.001945897 -0.009534775 0.04235482 0.002291195 -0.009802665 0.04254994 0.0033744 -0.008950272 0.04421947 0.003289687 -0.00879475 0.04413078 0.002938381 -0.008158326 0.04592102 0.003221252 -0.0074283 0.04765202 0.003169459 -0.007267345 0.04758165 0.00280813 -0.008592853 0.04802479 0.004051838 -0.008559141 0.04811547 0.00405064 -0.008241409 0.04798761 0.003928796 -0.007010823 0.05145801 0.003886485 -0.007816361 0.05010956 0.004025009 -0.007054026 0.05147156 0.003904239 -0.007337373 0.05156035 0.004020687 -0.009468783 0.04596023 0.004103319 -0.01053137 0.04375097 0.004187635 -0.01003757 0.04477765 0.004148368 -0.01415377 0.03775714 0.004588781 -0.01366687 0.03847925 0.004528708 -0.01339153 0.03828243 0.004415417 -0.01296419 0.03952139 0.004441983 -0.01171256 0.04157707 0.004302211 -0.01855889 0.03238666 0.005218682 -0.01815455 0.03283439 0.00515755 -0.01792045 0.03260306 0.005053492 -0.01695889 0.03415835 0.004976621 -0.01555532 0.03535101 0.004704185 -0.01580753 0.0355637 0.004812116 -0.01555805 0.03586816 0.004776488 -0.02047104 0.03005521 0.005460805 -0.02068424 0.03030279 0.005560052 -0.02012141 0.03081672 0.005466848 -0.01917352 0.03130307 0.005250075 -0.02178926 0.0292939 0.005743163 -0.0220091 0.02911122 0.005780913 -0.02337527 0.02797596 0.006015512 -0.006165204 0.05119358 0.003112293 -0.006057032 0.05115985 0.002902161 -0.006598315 0.04934885 0.002767896 -0.006037633 0.05115382 0.002864427 -0.006003494 0.05114324 0.002741631 -0.006508883 0.04931392 0.002381782 -0.005916907 0.05111634 0.002430119 -0.005916839 0.05111634 0.002429548 -0.006207977 0.0512069 0.003195131 -0.006761492 0.04940978 0.003134202 -0.007999943 0.04584142 0.002864961 -0.00591247 0.05111504 0.002353495 -0.005890521 0.05110845 0.001965775 -0.006488716 0.04930346 0.001997306 -0.006575772 0.04933162 0.00164733 -0.005889569 0.05110822 0.001937364 -0.005889113 0.05110811 0.001940961 -0.007038934 0.04803349 0.001679583 -0.007215024 0.04753986 0.001691912 -0.00715518 0.04752332 0.002045688 -0.007404971 0.04700748 0.001705111 -0.007177705 0.04753926 0.002426466 -0.007910383 0.0457915 0.002487977 -0.007885829 0.04577004 0.002110911 -0.007957826 0.04579263 0.001763776 -0.01071422 0.04091519 0.003475372 -0.009650508 0.04245247 0.00302828 -0.01270983 0.03776046 0.003725579 -0.0116837 0.03931785 0.003592526 -0.01153951 0.03920304 0.003256698 -0.008679533 0.04404636 0.002192796 -0.008744513 0.0440636 0.001847165 -0.008944001 0.04362518 0.00186824 -0.008705671 0.04407343 0.00256608 -0.009562385 0.04238756 0.002660641 -0.01051549 0.0407148 0.002067394 -0.01142484 0.03907912 0.002537063 -0.0104503 0.04069813 0.002405998 -0.01145413 0.03912362 0.002898613 -0.01047889 0.04073676 0.002771594 -0.01056588 0.0408089 0.003134384 -0.01124122 0.03942252 0.002162448 -0.01135258 0.03922421 0.002177038 -0.01145507 0.0390736 0.002192353 -0.01257 0.03763743 0.003395009 -0.01379092 0.03624577 0.003874476 -0.01365595 0.03611471 0.003549065 -0.01492506 0.03477593 0.004038941 -0.0147953 0.03463707 0.003718745 -0.01611046 0.03335316 0.004218605 -0.01598615 0.03320675 0.003903633 -0.01734497 0.03197948 0.004413128 -0.01722643 0.03182583 0.004103407 -0.01862657 0.03065705 0.004622199 -0.01851424 0.03049647 0.00431779 -0.01995339 0.02938799 0.004845548 -0.01984743 0.02922073 0.004546327 -0.02132321 0.0281744 0.005082913 -0.02122398 0.02800075 0.004788811 -0.02265077 0.02684617 0.00503864 -0.01245693 0.03750045 0.002684231 -0.01251694 0.03751329 0.002351164 -0.01354528 0.03596478 0.002847278 -0.01357749 0.03595492 0.002509842 -0.01379457 0.03563588 0.002542361 -0.01392206 0.03547944 0.002563245 -0.01468778 0.03447451 0.003026004 -0.01473791 0.03447855 0.002697171 -0.01588251 0.03303162 0.003219954 -0.01712745 0.03163841 0.003428766 -0.01716556 0.03162876 0.003103387 -0.01842046 0.03029704 0.003652289 -0.01846516 0.03029007 0.003332037 -0.01975962 0.02900961 0.003889924 -0.01949224 0.02923203 0.00351269 -0.02256814 0.02660708 0.00442481 -0.01978343 0.02909424 0.004222543 -0.01844612 0.03037616 0.003989077 -0.01715453 0.03171192 0.003769826 -0.01591085 0.03309943 0.003565149 -0.01471686 0.03453651 0.0033754 -0.01357481 0.03602097 0.003200774 -0.01248649 0.03755084 0.00304179 -0.01592323 0.0330242 0.002891777 -0.0165114 0.03230272 0.002988272 -0.01695916 0.03184143 0.003067032 -0.02260107 0.02673754 0.004836737 -0.02262722 0.02679459 0.004942731 -0.02264395 0.02683132 0.005011033 -0.01420039 0.03659665 0.004383036 -0.0228908 0.02727256 0.005623048 -0.02162606 0.02861677 0.005536618 -0.02009923 0.02959087 0.005102658 -0.02027519 0.02981707 0.005308466 -0.01878108 0.030853 0.004884268 -0.01896696 0.03107203 0.00509422 -0.01750777 0.03216805 0.004680041 -0.01770342 0.03237959 0.004894286 -0.01628131 0.03353402 0.00449048 -0.01648646 0.03373762 0.004708938 -0.01510373 0.03494877 0.004315792 -0.01531809 0.03514404 0.004538367 -0.0139769 0.03641018 0.00415624 -0.02302447 0.02747428 0.005770817 -0.02306501 0.02753548 0.005815653 -0.02308735 0.02756926 0.005840402 -0.007934843 0.04786277 0.00373909 -0.006904868 0.05142487 0.003842877 -0.007278954 0.0495979 0.003712047 -0.006695787 0.05135942 0.003688057 -0.006650704 0.05134537 0.003654682 -0.006490957 0.0512954 0.003536383 -0.006405104 0.05126855 0.003432762 -0.006995151 0.0494952 0.003454046 -0.006309811 0.05123872 0.003317861 -0.007657343 0.04774834 0.003484729 -0.008382278 0.04602804 0.003531953 -0.009168773 0.04433679 0.003595584 -0.01290302 0.03791616 0.00401219 -0.0131351 0.03809352 0.004243107 -0.0118838 0.03946435 0.003884021 -0.01212428 0.03963222 0.004118997 -0.01092086 0.04105231 0.003771781 -0.01116937 0.04121025 0.004010704 -0.01001535 0.0426773 0.003675556 -0.02258359 0.02655437 0.004086839 -0.02118533 0.02776549 0.003827104 -0.0203032 0.02852961 0.00366327 -0.01978396 0.02897935 0.003566838 -0.02270353 0.02696171 0.005253439 -0.0227406 0.02702321 0.005326565 -0.02279665 0.02711632 0.005437258 0.02792437 0.08231596 -0.004122719 0.02792072 0.0823147 -0.004125153 0.027482 0.0835515 -0.004130763 0.02805417 0.08235844 -0.004002138 0.02805218 0.08235777 -0.004004327 0.02761285 0.08360104 -0.004011014 0.02744086 0.08215942 -0.004307913 0.02743219 0.08215667 -0.004308522 0.02700216 0.08336672 -0.004312834 0.027612 0.08221459 -0.00427902 0.02760515 0.08221233 -0.004281378 0.02717187 0.08343253 -0.004284818 0.01288732 0.08790775 -0.0006224829 0.01283172 0.08803804 -0.0005053997 0.02646305 0.08636613 -0.003619524 0.02662775 0.08607889 -0.003634823 0.02656292 0.08605151 -0.003792405 0.02816367 0.08239449 -0.0038609 0.02816295 0.08239428 -0.003862236 0.02772173 0.08364169 -0.003868238 0.01425105 0.0882368 -0.001196792 0.01414629 0.08815895 -0.001158933 0.01405597 0.08831348 -0.001132789 0.01317416 0.08743672 -0.0008077899 0.0130512 0.08761662 -0.000774614 0.01520445 0.08873695 -0.001520469 0.01511508 0.08892395 -0.001497938 0.01598023 0.08914385 -0.001783777 0.01623023 0.08942543 -0.001868515 0.01629344 0.08924515 -0.001883918 0.01740264 0.08979083 -0.002242083 0.01744267 0.08961677 -0.002251136 0.01985853 0.0899695 -0.002966112 0.01911364 0.08983982 -0.002753599 0.01862082 0.08998619 -0.002611834 0.01863759 0.08978553 -0.002611344 0.01759748 0.0896669 -0.002300604 0.02108274 0.08971243 -0.00329261 0.02056818 0.08968168 -0.003155994 0.01983954 0.08976091 -0.002954427 0.02328382 0.08832507 -0.003802066 0.02319368 0.08838389 -0.003782039 0.02329783 0.08852403 -0.003811278 0.02215865 0.08905919 -0.003551448 0.0222444 0.08922419 -0.003578095 0.02199424 0.08916633 -0.00351488 0.02102492 0.08951667 -0.003270937 0.02409196 0.08751878 -0.003954445 0.02422947 0.08765484 -0.00399262 0.02443196 0.0871796 -0.004018491 0.0250389 0.08666777 -0.004127165 0.02488075 0.08654899 -0.004085013 0.02544874 0.085751 -0.004169112 0.02573332 0.0855984 -0.004220478 0.02557581 0.08550515 -0.004181186 0.02632632 0.08446954 -0.004278675 0.02615436 0.08438543 -0.004236439 0.02637843 0.08395173 -0.004257878 0.02683045 0.08329975 -0.004307302 0.02665024 0.08322924 -0.004264317 0.02824985 0.08242309 -0.003701289 0.02779462 0.08366825 -0.003704665 0.02769211 0.08394863 -0.003705494 0.02719117 0.08486388 -0.003845672 0.02705346 0.08533591 -0.00367456 0.02725861 0.08489026 -0.003684439 0.02762215 0.08410058 -0.003702075 0.02582025 0.08718698 -0.003701609 0.02588396 0.08721666 -0.003547689 0.0263581 0.08654928 -0.003609694 0.02484591 0.08846821 -0.003387836 0.02500859 0.08828339 -0.003414167 0.0249443 0.08824834 -0.003565597 0.02520035 0.08806549 -0.003445208 0.02561858 0.08759031 -0.003513042 0.024038 0.08920378 -0.003235751 0.02392369 0.08919549 -0.003376081 0.02398962 0.08923833 -0.00322556 0.02239579 0.09023166 -0.002872186 0.02281438 0.0900073 -0.00296918 0.02275608 0.08996688 -0.003124005 0.02320483 0.08979802 -0.003059644 0.02383603 0.0893479 -0.003193087 0.02145784 0.09050989 -0.002807007 0.02151655 0.09057116 -0.002653741 0.02234966 0.09025638 -0.002861406 0.02014048 0.09084607 -0.002284047 0.02054038 0.09080748 -0.002396034 0.02009199 0.09079866 -0.002440495 0.02083481 0.09073843 -0.00247404 0.02146434 0.09059085 -0.002640752 0.01872506 0.09082 -0.002042595 0.01876703 0.09087059 -0.00188644 0.01916179 0.09088419 -0.002003128 0.01959152 0.09089905 -0.002130157 0.01739221 0.09064643 -0.001459164 0.01743414 0.09065819 -0.001472813 0.01739684 0.09060882 -0.001629939 0.01759338 0.09070286 -0.001524453 0.01861424 0.09086525 -0.001841279 0.0165325 0.090405 -0.001180053 0.01613575 0.09021795 -0.001218104 0.01617197 0.09025972 -0.001058014 0.01551288 0.08999399 -0.0008348051 0.01495144 0.08968745 -0.0008149934 0.0154436 0.08996609 -0.0008113056 0.01357447 0.08888986 -0.0001439357 0.01387345 0.08908376 -0.000252817 0.01383765 0.08904658 -0.0004219124 0.01433473 0.089383 -0.0004208553 0.01498727 0.08972619 -0.0006506197 0.01319285 0.08864236 -4.914116e-06 0.01278844 0.08831996 -3.952144e-05 0.01282368 0.08835679 0.0001336989 0.01204691 0.0877559 0.000425289 0.01278191 0.08824734 -0.0002085644 0.01296145 0.08776564 -0.0007130422 0.02755077 0.0821948 -0.004300136 0.01391287 0.08861656 -0.0009895745 0.01386583 0.08875228 -0.0008768762 0.01499703 0.08923912 -0.001365159 0.01496055 0.08938034 -0.001257553 0.01614341 0.08975195 -0.001747759 0.01611996 0.08989834 -0.00164612 0.01735508 0.09012697 -0.002135635 0.01734827 0.0902778 -0.002040999 0.01862128 0.09032786 -0.002521774 0.0186352 0.09048129 -0.00243492 0.01991471 0.09030819 -0.002893238 0.01995273 0.09046071 -0.002814336 0.0211993 0.09003727 -0.003236215 0.02126365 0.09018381 -0.003164705 0.02241922 0.08952603 -0.003535625 0.02250896 0.08966242 -0.003470108 0.02352148 0.08879616 -0.003778553 0.02363258 0.08891935 -0.003716671 0.02449172 0.08789441 -0.003965741 0.02461959 0.08800328 -0.003905591 0.02533035 0.08687617 -0.004103503 0.02547088 0.08697142 -0.00404386 0.02604636 0.08577884 -0.004198206 0.0261961 0.08586181 -0.004138372 0.02665547 0.08462496 -0.004256622 0.026812 0.084697 -0.004196145 0.02733357 0.08349487 -0.004223377 0.02777773 0.08226817 -0.004221961 0.02725703 0.0821005 -0.004304642 0.027267 0.08210362 -0.004306446 0.02732109 0.08212099 -0.004316352 0.01397715 0.08846859 -0.001075621 0.01504937 0.08908526 -0.001445961 0.01618075 0.08959249 -0.001822564 0.01737349 0.08996279 -0.00220322 0.01861651 0.09016087 -0.002581223 0.01988302 0.09014263 -0.002944129 0.02113834 0.08987839 -0.003279001 0.02233012 0.08937827 -0.003571739 0.02340872 0.08866285 -0.003810158 0.02436025 0.08777699 -0.003994844 0.02518477 0.08677386 -0.004131253 0.02589035 0.08569006 -0.004225535 0.02649164 0.08454823 -0.00428423 0.02813755 0.08238581 -0.003909224 0.02797931 0.08233381 -0.004085519 0.02708409 0.08481826 -0.003986674 0.02695625 0.08476198 -0.004104896 0.02645843 0.08600022 -0.003931598 0.02633482 0.0859363 -0.004048235 0.02571961 0.08712912 -0.003839177 0.02560186 0.08705643 -0.003954584 0.02484935 0.08818285 -0.00370187 0.02473996 0.08810034 -0.003816501 0.02383683 0.08912192 -0.00351176 0.02373877 0.08902892 -0.003626564 0.02267999 0.08988604 -0.003260575 0.02259679 0.08978344 -0.00337724 0.02139493 0.09042343 -0.002946311 0.02132952 0.09031365 -0.003066863 0.02004277 0.09070948 -0.002584082 0.01999587 0.09059564 -0.00270998 0.01868799 0.09073099 -0.002191193 0.01865774 0.09061687 -0.002323311 0.0173697 0.09052229 -0.001783653 0.01735338 0.09041071 -0.001922177 0.01611629 0.09013473 -0.001376612 0.01611096 0.09002704 -0.001520799 0.01493758 0.08960783 -0.0009775483 0.0149406 0.08950434 -0.001126682 0.01382792 0.08897056 -0.000587901 0.01383747 0.08887137 -0.0007412726 0.01279646 0.08815235 -0.0003656186 0.01337981 0.02096553 0.01911902 0.01276886 0.01820182 0.0201133 0.01295371 0.02107833 0.01917072 0.01234276 0.01831461 0.020165 0.01252016 0.02115345 0.01911311 0.01190921 0.01838973 0.0201074 0.01210864 0.02118576 0.01895008 0.01149769 0.01842204 0.01994436 0.01174724 0.02117309 0.01869279 0.01113629 0.01840937 0.01968707 0.0114606 0.0211163 0.0183588 0.01084965 0.01835258 0.01935308 0.01126823 0.02101924 0.01797082 0.01065728 0.01825552 0.0189651 0.01118324 0.02088854 0.0175553 0.01057229 0.01812482 0.01854959 0.01121144 0.02073311 0.01714059 0.01060049 0.01796939 0.01813487 0.01135089 0.02056353 0.0167549 0.01073994 0.01779981 0.01774918 0.01159212 0.02039138 0.01642461 0.01098117 0.01762766 0.01741889 0.01191864 0.02022836 0.01617213 0.01130769 0.01746464 0.01716642 0.0123082 0.02008558 0.01601461 0.01169725 0.01732186 0.01700889 0.01273432 0.01997281 0.01596301 0.01212337 0.01720909 0.01695729 0.01316789 0.01989769 0.01602061 0.01255694 0.01713397 0.01701489 0.01357937 0.01986535 0.01618355 0.01296842 0.01710163 0.01717784 0.01394076 0.01987802 0.01644084 0.01332981 0.0171143 0.01743512 0.0142274 0.01993481 0.01677483 0.01361645 0.0171711 0.01776912 0.01441978 0.02003187 0.01716281 0.01380883 0.01726815 0.0181571 0.01450476 0.02016257 0.01757833 0.01389381 0.01739885 0.01857261 0.01447656 0.020318 0.01799304 0.01386561 0.01755428 0.01898732 0.01433712 0.02048758 0.01837873 0.01372617 0.01772386 0.01937302 0.01409593 0.02065976 0.01870911 0.01348498 0.01789604 0.0197034 0.0137694 0.02082277 0.01896159 0.01315845 0.01805906 0.01995587 -0.01972171 0.02354493 -8.530713e-05 0.02372122 0.009934403 -0.01122333 0.01028221 0.009219602 -0.006381726 0.02270297 0.005328204 -0.009566194 -0.02725964 0.02590659 0.001847273 -0.02444707 0.02502543 0.001126175 -0.02827789 0.02130039 0.00350441 0.006574509 0.01038122 -0.005431137 0.003967788 -0.001410652 -0.001188866 0.007675487 -0.002572266 -0.002139456 0.02573356 0.05201616 -0.002199046 0.02573665 0.05202187 -0.002193955 0.02532383 0.0516797 -0.003386024 0.02532241 0.05168171 -0.00339399 0.02560828 0.05181542 -0.002442362 0.0253962 0.05164126 -0.003056761 0.02549324 0.05168754 -0.002734833 0.01894676 0.04600513 -0.002130954 0.01886843 0.04547262 -0.002052859 -0.0001354442 0.05142649 0.002819403 0.000431315 0.05351746 0.002474851 0.001052216 0.05559114 0.002362608 0.01967978 0.04975517 -0.002413175 0.01938872 0.04852397 -0.00239567 0.01921597 0.0476338 -0.002326415 0.01909339 0.04700227 -0.002277372 0.03058271 0.07572659 -0.0004676962 0.03058819 0.07572008 -0.0004528493 0.0266956 0.07694506 0.0005457905 0.03077719 0.07541531 5.260463e-05 0.03079493 0.0753574 9.925914e-05 0.02674867 0.07662988 0.001137918 0.02628587 0.07660861 -0.0006411883 0.03018099 0.07538112 -0.001632872 0.03019477 0.07543662 -0.001588413 0.02641113 0.07680941 -0.0003979962 0.03013426 0.07519294 -0.001783649 0.02615892 0.07634858 -0.0008186026 0.03012178 0.07510168 -0.001826852 0.03010714 0.07499429 -0.001877555 0.02603898 0.07604711 -0.0009180206 0.03009403 0.07489833 -0.00192304 0.02593421 0.07572462 -0.0009326003 0.03007764 0.07459922 -0.001990309 0.0300873 0.07477535 -0.001950695 0.02585174 0.07540325 -0.0008615567 0.03008434 0.07426871 -0.001987322 0.03008121 0.07442358 -0.001988739 0.02579717 0.07510472 -0.0007095828 0.03011562 0.07392424 -0.001906065 0.03010211 0.07407298 -0.001941152 0.02577424 0.0748495 -0.000487165 0.03016392 0.07363659 -0.001766836 0.03014586 0.07374399 -0.001818862 0.02578451 0.07465488 -0.0002092733 0.0302271 0.07340644 -0.00157873 0.03021246 0.07345988 -0.001622336 0.02582731 0.07453425 0.0001050868 0.03031151 0.07321431 -0.001324724 0.03029867 0.07324351 -0.001363394 0.03050512 0.07305678 -0.0007462856 0.03048967 0.07305447 -0.0007917737 0.02589969 0.07449581 0.0004343506 0.03040012 0.07310032 -0.001058503 0.03039781 0.07310332 -0.001065458 0.03057296 0.07306713 -0.0005466932 0.02599672 0.07454209 0.0007562777 0.03061917 0.07309389 -0.000428837 0.03070533 0.07320635 -0.0001652859 0.02611177 0.07466997 0.001048749 0.03071625 0.07323026 -0.0001346524 0.03079239 0.0733967 7.938172e-05 0.02623704 0.07487071 0.001292066 0.03080541 0.07344254 0.0001152308 0.03086268 0.07364415 0.0002730187 0.02636396 0.07513071 0.001469389 0.03087516 0.07371855 0.0003067624 0.03091166 0.07393612 0.0004053177 0.02648392 0.07543227 0.001568773 0.03092 0.07404168 0.0004274953 0.0309344 0.07422321 0.0004656967 0.02658871 0.0757547 0.001583478 0.03093355 0.07439134 0.0004630195 0.03093275 0.07454914 0.0004606236 0.0266712 0.07607616 0.001512401 0.0309155 0.07474122 0.0004151984 0.02672574 0.0763746 0.00136046 0.03084901 0.07518107 0.0002412977 0.03086916 0.07507103 0.0002938987 0.03090205 0.07489126 0.0003798317 0.03073198 0.07550743 -6.731245e-05 0.02673837 0.07682441 0.0008600593 0.03069796 0.0755768 -0.000157593 0.03068129 0.07561089 -0.000201914 0.02662322 0.07698357 0.0002164023 0.0304733 0.07577019 -0.0007697582 0.03048919 0.07577228 -0.0007249102 0.0302622 0.07559611 -0.001381234 0.03027388 0.07562377 -0.001345461 0.02652621 0.07693731 -0.0001054336 0.03036647 0.07573417 -0.001090009 0.03040259 0.07576054 -0.0009688851 -0.02258463 0.02667234 0.004630832 -0.02273509 0.02659349 0.004762286 -0.02423561 0.02627723 0.004735655 -0.02412731 0.02638636 0.005024706 -0.02384631 0.02620272 0.004622392 -0.02368886 0.02629891 0.004888398 -0.0237942 0.02619276 0.004607231 -0.02335972 0.02621328 0.004451434 -0.0232579 0.02631088 0.004707437 -0.02335451 0.02621352 0.004449569 -0.0228582 0.02642175 0.004491934 -0.02294085 0.02633847 0.004271358 -0.0229062 0.02635934 0.004253484 -0.02257381 0.02658782 0.004301241 -0.02256814 0.02660708 0.00442481 -0.02256901 0.02660428 0.004406741 -0.02270353 0.02696171 0.005253439 -0.02265077 0.02684617 0.00503864 -0.02296374 0.02678057 0.005280815 -0.02311393 0.0265117 0.005023571 -0.02262722 0.02679459 0.004942731 -0.02286791 0.02723454 0.005577844 -0.02280884 0.02713656 0.005461355 -0.02282339 0.02711416 0.005452138 -0.02279665 0.02711632 0.005437258 -0.0227406 0.02702321 0.005326565 -0.02308735 0.02756926 0.005840402 -0.023206 0.02716338 0.005715373 -0.02302447 0.02747428 0.005770817 -0.02347408 0.02768019 0.00599152 -0.02319604 0.02772449 0.005915622 -0.02311429 0.02760982 0.005870073 -0.02363088 0.02727512 0.005874939 -0.02379763 0.02691278 0.005667323 -0.02336819 0.02681095 0.005513451 -0.02396596 0.02661143 0.005379003 -0.02353191 0.02651784 0.005233033 0.02060397 0.02907416 -0.0004835132 0.02429008 0.02791931 -0.001428568 0.02431763 0.02803818 -0.001306289 0.02072926 0.02927499 -0.0002402299 0.02427098 0.02778006 -0.001538904 0.02047705 0.02881416 -0.0006608363 0.02426158 0.02762847 -0.001631124 0.02035711 0.02851269 -0.0007602543 0.0242716 0.02728629 -0.00176386 0.0202523 0.02819017 -0.0007749252 0.02432058 0.02691559 -0.001817959 0.02016983 0.0278688 -0.0007038816 0.02440609 0.02654159 -0.001789985 0.02011527 0.02757026 -0.0005519077 0.0245226 0.02618946 -0.001681871 0.02009236 0.02731508 -0.0003293987 0.02466194 0.02588344 -0.001500957 0.02010264 0.02712046 -5.150697e-05 0.02481372 0.02564448 -0.001259347 0.02489035 0.02555603 -0.001121414 0.02014541 0.0269998 0.0002627618 0.02496647 0.02548937 -0.0009732752 0.0250391 0.02544711 -0.0008204388 0.02021781 0.02696139 0.0005921169 0.02510863 0.0254291 -0.0006618031 0.02517181 0.02543591 -0.0005044999 0.02031482 0.02700764 0.0009139527 0.02522954 0.02546787 -0.0003460962 0.02527926 0.02552387 -0.0001933824 0.0204299 0.02713554 0.001206515 0.02532071 0.02560326 -4.740465e-05 0.02535334 0.02570514 8.988024e-05 0.02055514 0.02733625 0.001449741 0.02537621 0.02582583 0.0002137035 0.02538966 0.02596674 0.0003255126 0.02068209 0.02759628 0.001627155 0.02539318 0.02612031 0.0004193147 0.02080205 0.02789784 0.00172654 0.02537162 0.0264662 0.0005549812 0.0209068 0.02822024 0.001741153 0.02531414 0.02683944 0.0006111894 0.0209893 0.02854171 0.001670076 0.02522555 0.0272145 0.0005839729 0.02104384 0.02884015 0.001518135 0.02511211 0.02756556 0.0004751009 0.0210668 0.02909545 0.001295684 0.02498128 0.02786905 0.0002920781 0.0210565 0.02928998 0.001017826 0.02484103 0.02810429 4.753768e-05 0.0210137 0.02941061 0.0007034655 0.02094134 0.02944914 0.0003741686 0.02456616 0.0283135 -0.0005551703 0.02463162 0.02829668 -0.0003963428 0.02469981 0.02825576 -0.000241589 0.02477077 0.02819045 -9.106581e-05 0.02435408 0.02813934 -0.001169569 0.0243976 0.0282176 -0.001024861 0.02084431 0.02940286 5.224147e-05 0.02444831 0.02827374 -0.0008717623 0.02450498 0.02830578 -0.0007137815 -0.0009835545 0.06738741 0.0004026281 -0.001982599 0.0643991 7.01047e-05 -0.002033115 0.06441205 0.0002431165 -0.001531025 0.0659092 0.0003046367 -0.0004387242 0.0672427 -0.0003373733 -0.00146281 0.06604922 0.000704677 -0.001546337 0.06590435 0.0004986884 -0.001518753 0.06588425 0.000699015 -0.002044764 0.06441145 0.0004904468 -0.001369821 0.06632351 0.0007140992 -0.001002248 0.06737743 0.0005948123 -0.0006191177 0.06827791 0.0008726585 -0.0009758838 0.06734925 0.0007973 -0.001469038 0.06424596 -0.000506777 -0.0009878477 0.06575733 -0.0004427287 -0.001900267 0.0643759 -0.0001043037 -0.001399576 0.06588212 -5.888799e-05 -0.001841319 0.06435903 -0.0002063926 -0.001287162 0.06585072 -0.0002140836 -0.0017896 0.0643435 -0.0002600365 -0.001147821 0.06580841 -0.0003435043 -0.00167294 0.06430854 -0.0003808625 -0.001491315 0.06425279 -0.0004930286 -0.001963908 0.06439423 5.892014e-06 -0.001481508 0.06590174 0.0001163952 -0.000931634 0.06738393 0.000216371 -0.002043088 0.06441155 0.0004543537 -0.0005970316 0.06729515 -0.0002387805 -0.000735535 0.06733736 -0.0001106086 -0.0008484117 0.06736721 4.29972e-05 0.02009236 0.02731508 -0.0003293987 0.02011527 0.02757026 -0.0005519077 0.02057956 0.02820525 0.0004830971 0.02016983 0.0278688 -0.0007038816 0.0202523 0.02819017 -0.0007749252 0.02021781 0.02696139 0.0005921169 0.02014541 0.0269998 0.0002627618 0.02010264 0.02712046 -5.150697e-05 0.02055514 0.02733625 0.001449741 0.0204299 0.02713554 0.001206515 0.02031482 0.02700764 0.0009139527 0.0209068 0.02822024 0.001741153 0.02080205 0.02789784 0.00172654 0.02068209 0.02759628 0.001627155 0.0210668 0.02909545 0.001295684 0.02104384 0.02884015 0.001518135 0.0209893 0.02854171 0.001670076 0.02094134 0.02944914 0.0003741686 0.0210137 0.02941061 0.0007034655 0.0210565 0.02928998 0.001017826 0.02060397 0.02907416 -0.0004835132 0.02072926 0.02927499 -0.0002402299 0.02084431 0.02940286 5.224147e-05 0.02035711 0.02851269 -0.0007602543 0.02047705 0.02881416 -0.0006608363 -0.002225893 0.06379861 0.0002374467 -0.002225617 0.06379858 0.0002305719 -0.006278131 0.05085015 0.0002200167 -0.005571552 0.05062931 -0.000577896 -0.005619351 0.05064426 -0.0005642095 -0.00166461 0.06362331 -0.000512923 -0.006298882 0.05085645 0.0003889103 -0.006293532 0.05085473 0.000436289 -0.002237835 0.06380215 0.0004764777 -0.006290453 0.05085377 0.0004641915 -0.002236564 0.06380181 0.0004847852 -0.006280828 0.05085097 0.0002417448 -0.002034486 0.06373902 -0.0002152101 -0.006086877 0.05079061 -0.0002211043 -0.002036445 0.06373967 -0.0002118724 -0.006160401 0.05081357 -0.0001252372 -0.002156417 0.0637771 -4.739022e-06 -0.006190546 0.05082291 -6.950963e-05 -0.006210761 0.05082923 -1.427235e-05 -0.002157952 0.06377758 4.741407e-07 -0.006235497 0.05083694 5.319548e-05 -0.006268931 0.05084732 0.0001444828 -0.005720758 0.05067605 -0.0005176271 -0.005744991 0.05068358 -0.0005064672 -0.001665462 0.06362358 -0.0005123783 -0.005821023 0.05070742 -0.0004715363 -0.005903489 0.0507332 -0.0004055842 -0.001867116 0.06368673 -0.0003880554 -0.005920628 0.05073856 -0.0003918765 -0.001868797 0.06368725 -0.0003864194 -0.006011869 0.05076715 -0.000318982 -0.006043522 0.05077703 -0.0002777807 0.01210334 0.01991735 0.01542112 0.01251064 0.02175983 0.01475827 0.0115648 0.02011471 0.0156388 0.0119721 0.02195719 0.01497595 0.01111345 0.02034007 0.01598788 0.01152075 0.02218255 0.01532503 0.01078 0.02057805 0.01644448 0.0111873 0.02242053 0.01578163 0.01058723 0.02081247 0.01697762 0.01099453 0.02265495 0.01631476 0.01054826 0.02102734 0.01755093 0.01095556 0.02286982 0.01688808 0.01066573 0.021208 0.01812529 0.01107303 0.02305048 0.01746243 0.01093167 0.02134219 0.01866167 0.01133897 0.02318466 0.01799882 0.0113279 0.02142068 0.01912331 0.0117352 0.02326315 0.01846046 0.01182747 0.02143818 0.01947895 0.01223477 0.02328066 0.01881609 0.01239632 0.02139351 0.01970431 0.01280362 0.02323599 0.01904146 0.01299568 0.02128969 0.01978401 0.01340298 0.02313217 0.01912115 0.01358467 0.02113376 0.01971251 0.01399197 0.02297624 0.01904965 0.01412323 0.02093643 0.01949492 0.01453053 0.02277891 0.01883207 0.01457459 0.02071106 0.01914584 0.01498189 0.02255354 0.01848298 0.01490801 0.02047306 0.01868915 0.01531531 0.02231554 0.01802629 0.01510078 0.02023864 0.01815601 0.01550808 0.02208112 0.01749316 0.01513977 0.0200238 0.01758279 0.01554707 0.02186628 0.01691993 0.01502228 0.01984311 0.01700834 0.01542958 0.02168559 0.01634549 0.01475636 0.01970895 0.01647205 0.01516366 0.02155143 0.0158092 0.01436011 0.01963043 0.01601032 0.01476741 0.02147291 0.01534746 0.01386055 0.01961292 0.01565468 0.01426785 0.0214554 0.01499183 0.01329172 0.01965762 0.01542941 0.01369902 0.0215001 0.01476655 0.01269236 0.01976145 0.01534972 0.01309966 0.02160393 0.01468686 -0.0144695 0.04084937 0.01430972 -0.01351769 0.04341499 0.01362083 -0.01353873 0.04342411 0.01361937 -0.01357156 0.04343851 0.0136172 -0.01374583 0.04351482 0.01360546 -0.01376907 0.04352322 0.01359796 -0.01393171 0.04358216 0.01354506 -0.01396497 0.04359431 0.01353427 -0.01399401 0.04360255 0.01351698 -0.01409983 0.04363265 0.01345418 -0.01414473 0.04364546 0.0134275 -0.0141972 0.04365527 0.01337876 -0.01424993 0.04366514 0.01332976 -0.01432467 0.0436792 0.01326046 -0.01552706 0.04097033 0.01395959 -0.01436844 0.04368068 0.01319695 -0.01437887 0.04368112 0.01318181 -0.01446488 0.04368407 0.01305689 -0.01448224 0.04367953 0.01301368 -0.01449559 0.04367602 0.01298063 -0.001800561 0.02427341 0.01898584 -0.001393261 0.02611589 0.01832298 -0.002339071 0.02447076 0.01920351 -0.001931771 0.02631324 0.01854066 -0.002790449 0.02469613 0.0195526 -0.002383148 0.02653861 0.01888974 -0.003123895 0.02493411 0.0200092 -0.002716595 0.02677659 0.01934634 -0.003316612 0.02516851 0.02054232 -0.002909312 0.02701099 0.01987947 -0.003355611 0.02538339 0.02111564 -0.002948311 0.02722587 0.02045279 -0.003238167 0.02556406 0.02169 -0.002830867 0.02740654 0.02102715 -0.002972198 0.02569824 0.02222638 -0.002564897 0.02754072 0.02156353 -0.002575944 0.02577672 0.02268801 -0.002168644 0.0276192 0.02202516 -0.002076434 0.02579425 0.02304366 -0.001669133 0.02763672 0.02238081 -0.00150758 0.02574957 0.02326903 -0.00110028 0.02759205 0.02260617 -0.0009081956 0.02564574 0.02334872 -0.0005008955 0.02748822 0.02268586 -0.0003192257 0.02548982 0.02327722 8.807444e-05 0.0273323 0.02261437 0.0002194084 0.02529246 0.02305962 0.0006267086 0.02713494 0.02239676 0.0006706929 0.02506712 0.02271056 0.001077993 0.0269096 0.0220477 0.001004108 0.02482912 0.02225387 0.001411409 0.0266716 0.02159101 0.001196918 0.02459469 0.02172072 0.001604218 0.02643717 0.02105786 0.001235948 0.02437983 0.02114749 0.001643249 0.02622231 0.02048463 0.00111838 0.02419917 0.02057306 0.00152568 0.02604165 0.01991021 0.0008525346 0.02406499 0.02003675 0.001259835 0.02590747 0.01937389 0.0004562499 0.02398648 0.01957503 0.00086355 0.02582896 0.01891217 -4.335359e-05 0.02396898 0.0192194 0.0003639466 0.02581146 0.01855655 -0.0006121753 0.02401368 0.01899413 -0.0002048751 0.02585616 0.01833127 -0.001211467 0.02411749 0.01891441 -0.0008041672 0.02595997 0.01825156 -0.008608402 0.01868308 -0.0007362691 -0.008201102 0.02052556 -0.001399124 -0.009146912 0.01888044 -0.0005185958 -0.008739612 0.02072292 -0.001181451 -0.009598289 0.01910581 -0.0001695107 -0.009190989 0.02094829 -0.0008323655 -0.009931736 0.01934379 0.0002870891 -0.009524436 0.02118626 -0.0003757657 -0.01012445 0.01957819 0.0008202132 -0.009717153 0.02142066 0.0001573584 -0.01016345 0.01979307 0.001393535 -0.009756152 0.02163555 0.0007306807 -0.01004601 0.01997374 0.001967894 -0.009638707 0.02181622 0.00130504 -0.009780038 0.02010791 0.002504274 -0.009372738 0.02195039 0.001841419 -0.009383785 0.02018639 0.002965906 -0.008976485 0.02202887 0.002303051 -0.008884274 0.02020392 0.003321555 -0.008476974 0.0220464 0.0026587 -0.008315421 0.02015925 0.00354692 -0.007908121 0.02200173 0.002884065 -0.007716036 0.02005541 0.003626608 -0.007308736 0.02189789 0.002963753 -0.007127066 0.0198995 0.003555116 -0.006719766 0.02174198 0.002892261 -0.006588432 0.01970214 0.00333751 -0.006181132 0.02154462 0.002674655 -0.006137148 0.0194768 0.002988449 -0.005729848 0.02131928 0.002325594 -0.005803732 0.01923879 0.002531757 -0.005396432 0.02108127 0.001868903 -0.005610923 0.01900436 0.00199861 -0.005203623 0.02084684 0.001335755 -0.005571892 0.01878951 0.001425379 -0.005164592 0.02063199 0.0007625237 -0.005689461 0.01860884 0.000850952 -0.005282161 0.02045132 0.0001880972 -0.005955306 0.01847466 0.0003146404 -0.005548006 0.02031714 -0.0003482145 -0.006351591 0.01839616 -0.0001470828 -0.005944291 0.02023864 -0.0008099376 -0.006851194 0.01837866 -0.0005027081 -0.006443894 0.02022114 -0.001165563 -0.007420016 0.01842336 -0.0007279819 -0.007012716 0.02026584 -0.001390837 -0.008019308 0.01852716 -0.0008076938 -0.007612008 0.02036964 -0.001470549 0.03386748 0.01134138 0.01400828 0.03488573 0.01594758 0.01235114 0.03503573 0.01617822 0.01308442 0.03401748 0.01157202 0.01474155 0.03498596 0.01645251 0.01381624 0.03396771 0.01184631 0.01547338 0.03473982 0.01675177 0.01449683 0.03372157 0.01214557 0.01615397 0.0343142 0.0170556 0.01507983 0.03329595 0.0124494 0.01673697 0.03373803 0.01734327 0.01552541 0.03271978 0.01273707 0.01718255 0.03305049 0.01759522 0.01580326 0.03203224 0.01298902 0.0174604 0.005295498 0.01432702 -0.004300986 0.005702798 0.0161695 -0.004963841 0.00475696 0.01452438 -0.004083306 0.00516426 0.01636686 -0.004746161 0.004305611 0.01474975 -0.003734228 0.004712911 0.01659223 -0.004397083 0.003972164 0.01498773 -0.003277628 0.004379464 0.0168302 -0.003940483 0.003779391 0.01522214 -0.00274449 0.004186692 0.01706462 -0.003407345 0.00374042 0.01543702 -0.002171175 0.00414772 0.01727949 -0.002834029 0.003857892 0.01561768 -0.001596823 0.004265193 0.01746016 -0.002259677 0.004123834 0.01575186 -0.001060436 0.004531134 0.01759434 -0.001723291 0.004520059 0.01583035 -0.0005987974 0.004927359 0.01767283 -0.001261652 0.005019626 0.01584786 -0.0002431626 0.005426926 0.01769034 -0.0009060174 0.005588479 0.01580319 -1.779742e-05 0.005995779 0.01764567 -0.0006806522 0.006187836 0.01569936 6.189783e-05 0.006595136 0.01754184 -0.000600957 0.006776834 0.01554344 -9.601567e-06 0.007184134 0.01738591 -0.0006724564 0.007315393 0.0153461 -0.0002271883 0.007722694 0.01718858 -0.0008900431 0.007766752 0.01512074 -0.0005762687 0.008174052 0.01696322 -0.001239123 0.008100168 0.01488273 -0.00103296 0.008507468 0.01672521 -0.001695815 0.00829294 0.01464831 -0.001566098 0.00870024 0.01649079 -0.002228953 0.008331933 0.01443347 -0.00213932 0.008739234 0.01627595 -0.002802174 0.008214439 0.01425278 -0.002713765 0.008621739 0.01609526 -0.00337662 0.00794852 0.01411863 -0.003250058 0.00835582 0.01596111 -0.003912913 0.007552272 0.01404011 -0.00371179 0.007959572 0.01588259 -0.004374645 0.007052706 0.0140226 -0.004067425 0.007460006 0.01586508 -0.00473028 0.006483884 0.0140673 -0.004292699 0.006891184 0.01590978 -0.004955554 0.005884518 0.01417112 -0.004372392 0.006291818 0.0160136 -0.005035247 -0.01894863 0.02896121 0.030531 -0.01793038 0.03356741 0.02887387 -0.01868225 0.03376643 0.02896506 -0.0197005 0.02916023 0.0306222 -0.01944744 0.033899 0.02886338 -0.02046569 0.0292928 0.03052051 -0.02017361 0.03395602 0.02857568 -0.02119186 0.02934983 0.03023282 -0.0208113 0.03393366 0.02812168 -0.02182955 0.02932746 0.02977882 -0.02131713 0.03383344 0.02753231 -0.02233538 0.02922724 0.02918944 -0.02165669 0.03366218 0.02684763 -0.02267494 0.02905599 0.02850476 -0.01806878 0.03890957 0.005966961 -0.01809233 0.03892205 0.006025217 -0.01677393 0.04167786 0.005913109 -0.01795378 0.03885125 0.005762977 -0.01803146 0.0388898 0.005874913 -0.01669822 0.04163242 0.005745536 -0.01189717 0.04939995 0.005070545 -0.01178596 0.04930988 0.004956707 -0.01348171 0.04679014 0.005167538 -0.01816036 0.03896319 0.006344576 -0.01815504 0.03896267 0.006399184 -0.01683638 0.04172538 0.006282616 -0.0181373 0.03894787 0.006194859 -0.01813943 0.03894933 0.006208761 -0.01682045 0.04170925 0.006094298 -0.003803385 0.058032 0.004219939 -0.00470618 0.05737468 0.004323725 -0.005816856 0.05570145 0.003987504 -0.006736019 0.05492062 0.004143449 -0.005700276 0.05604818 0.004029034 -0.00562763 0.05594244 0.003970737 -0.00484058 0.05690185 0.00396661 -0.004883515 0.05685001 0.003966006 -0.005780559 0.05616391 0.004129085 -0.005064689 0.05663164 0.003963397 -0.005250501 0.05640745 0.003960755 -0.0054402 0.05617879 0.003958092 -0.004637202 0.0572117 0.004034084 -0.005845661 0.05626625 0.004251673 -0.004707045 0.05706043 0.003972601 -0.00473435 0.05703 0.003968091 -0.004159867 0.05766504 0.004076166 -0.00467986 0.05730245 0.004171707 -0.004216847 0.05760638 0.004053102 -0.004700997 0.05744599 0.004650657 -0.003545077 0.05825476 0.004423359 -0.003575706 0.05823168 0.004383849 -0.00363972 0.05817876 0.004329276 -0.003665108 0.05815781 0.004307619 -0.004715612 0.05742649 0.004485777 -0.003696588 0.05812913 0.004287624 -0.005936247 0.05646787 0.004714479 -0.00589754 0.05649317 0.004876189 -0.008290064 0.05423672 0.005299892 -0.008196386 0.05435293 0.005111731 -0.007679258 0.05487891 0.005196703 -0.007094997 0.05543894 0.004922472 -0.01024494 0.05205358 0.005442 -0.01211487 0.04961545 0.005717423 -0.01382729 0.04706515 0.005945625 -0.01539701 0.0444288 0.006132426 -0.01815158 0.03896236 0.006434546 -0.01760359 0.03868472 0.005480879 -0.01632127 0.04142684 0.005382801 -0.01753841 0.03865435 0.005447382 -0.01489764 0.04409738 0.005248019 -0.013347 0.0466986 0.005078535 -0.009407996 0.05186172 0.004525929 -0.009696527 0.0514999 0.004566431 -0.009819788 0.05160712 0.004618235 -0.0107243 0.05021114 0.004710755 -0.00781201 0.05385997 0.004316206 -0.008077268 0.053358 0.004326303 -0.01812284 0.03893823 0.006100603 -0.01198787 0.04947757 0.005208538 -0.01359927 0.04687287 0.005284548 -0.01165856 0.04921079 0.004870287 -0.01659497 0.04157403 0.005598089 -0.01791033 0.03882981 0.005703236 -0.01791566 0.03883237 0.005707965 -0.01369506 0.04694368 0.005426123 -0.01516141 0.04425775 0.005458989 -0.01526121 0.04432219 0.005603643 -0.01503854 0.04418185 0.005339194 -0.01646756 0.04150461 0.005475874 -0.0176242 0.03869436 0.005491393 -0.01774245 0.03874946 0.005551968 -0.0177763 0.03876561 0.005582402 -0.01779425 0.03877423 0.005598641 -0.006836439 0.05504115 0.004220943 -0.006923736 0.05515209 0.004323895 -0.006994828 0.05524987 0.004449734 -0.008088646 0.05417547 0.004630352 -0.008012491 0.05408221 0.004501484 -0.007919149 0.05397583 0.004395918 -0.01533472 0.04437293 0.005768295 -0.01538054 0.0444089 0.005946631 -0.01376588 0.04700022 0.005587435 -0.01381053 0.04704111 0.005762659 -0.01205527 0.0495404 0.005366228 -0.01209807 0.04958681 0.005537715 -0.01022874 0.05201951 0.005266124 -0.005924456 0.05642017 0.004549022 -0.005893944 0.05635238 0.004393205 -0.007081486 0.05539517 0.004753885 -0.007047738 0.05533152 0.004594681 -0.008181635 0.05431258 0.004940434 -0.00814534 0.05425287 0.004778358 -0.01018865 0.05196687 0.005098871 -0.01012579 0.0518972 0.00494567 -0.01004147 0.05181206 0.004811793 -0.009938202 0.05171423 0.004701691 0.01165312 0.08007872 0.005371131 0.01175791 0.08040115 0.005385835 0.01143067 0.08038616 0.004127779 0.0118404 0.08072261 0.005314758 0.01189495 0.08102105 0.005162817 0.01128097 0.07931642 0.004851106 0.01140625 0.07951716 0.005094423 0.01153317 0.07977716 0.005271746 0.01099651 0.07918071 0.003907444 0.01106889 0.07914227 0.004236708 0.01116592 0.07918855 0.004558635 0.01096637 0.07975117 0.003092775 0.01094344 0.07949596 0.003315192 0.01095371 0.07930134 0.003593084 0.01120818 0.08069357 0.002884337 0.01110341 0.08037107 0.002869757 0.01102094 0.0800497 0.002940801 0.01158034 0.08145587 0.003404361 0.01145507 0.08125506 0.003161169 0.01132812 0.08099504 0.002983755 0.0118648 0.08159152 0.004348148 0.01179242 0.08163002 0.00401876 0.01169541 0.08158377 0.003696924 0.01191787 0.08127633 0.004940275 0.01190758 0.08147086 0.004662417 0.02642928 0.005233428 -0.007539954 0.03386748 0.01134138 0.01400828 0.03203224 0.01298902 0.0174604 0.03401748 0.01157202 0.01474155 0.03396771 0.01184631 0.01547338 0.02461204 0.00495668 -0.009425833 0.02526079 0.00494018 -0.009073064 0.02390486 0.005042761 -0.009621099 0.02318212 0.00519325 -0.009646898 0.02581177 0.004994287 -0.008584113 0.0262316 0.005115689 -0.007988691 0.02270297 0.005328204 -0.009566194 0.01028221 0.009219602 -0.006381726 0.01961147 0.01688042 0.02064487 0.03372157 0.01214557 0.01615397 0.03329595 0.0124494 0.01673697 0.03271978 0.01273707 0.01718255 0.01700475 0.005088551 0.02488714 0.007675487 -0.002572266 -0.002139456 0.01961147 0.01688042 0.02064487 0.01028221 0.009219602 -0.006381726 -0.02896531 0.02155234 0.003782325 -0.02794706 0.02615854 0.002125188 -0.02954158 0.02184004 0.004227931 -0.02852333 0.02644624 0.002570794 -0.02996723 0.02214384 0.004810838 -0.02894898 0.02675004 0.0031537 -0.03021328 0.02244308 0.005491409 -0.02919503 0.02704928 0.003834272 -0.03026301 0.02271739 0.006223322 -0.02924476 0.02732359 0.004566185 -0.03011313 0.02294804 0.006956534 -0.02909488 0.02755424 0.005299397 0.01315845 0.01805906 0.01995587 0.01348498 0.01789604 0.0197034 0.01590377 0.01804203 0.02159546 0.006350607 0.01246873 0.0002337626 0.006677138 0.01230571 -1.871285e-05 0.006918328 0.01213354 -0.0003490927 0.007057772 0.01196396 -0.0007347841 0.004499847 0.01187432 -0.002555692 -0.007553284 0.01682479 0.003798477 -0.007226762 0.01666178 0.003546004 -0.007743303 0.01586736 0.001020439 -0.008154803 0.0158997 0.0008574975 0.006574509 0.01038122 -0.005431137 0.007085969 0.01180852 -0.001149499 0.007000988 0.01167782 -0.001565012 0.006808613 0.01158077 -0.001952992 0.00652197 0.01152398 -0.002286987 0.006160578 0.0115113 -0.002544273 0.005749097 0.01154364 -0.00270722 -0.006985553 0.01648959 0.00321562 -0.006846072 0.01632 0.002829919 -0.006817903 0.01616458 0.002415211 0.005315531 0.01161877 -0.00276482 0.004889413 0.01173153 -0.002713215 0.01372617 0.01772386 0.01937302 0.01386561 0.01755428 0.01898732 0.01389381 0.01739885 0.01857261 -0.006902912 0.01603388 0.001999705 -0.007095259 0.01593682 0.001611718 -0.007381874 0.01588002 0.001277716 0.004173325 0.01203733 -0.002303219 0.003932102 0.01220948 -0.001972931 0.003792649 0.01237907 -0.001587237 -0.0007454434 0.02241511 0.02352059 -0.0004189215 0.0222521 0.02326811 0.01380883 0.01726815 0.0181571 0.01361645 0.0171711 0.01776912 0.01332981 0.0171143 0.01743512 0.01296842 0.01710163 0.01717784 -3.82313e-05 0.02191032 0.02255203 -1.006237e-05 0.0217549 0.02213732 0.003849443 0.0126652 -0.0007570112 -9.507166e-05 0.02162421 0.02172181 -0.0002874188 0.02152715 0.02133383 -0.009730575 0.01639339 0.001261498 -0.009971816 0.01656555 0.001591791 -0.02827789 0.02130039 0.00350441 -0.00858836 0.01597482 0.0007998952 -0.009014487 0.01608759 0.0008515025 -0.009404053 0.01623038 0.001009025 -0.001135042 0.02255788 0.02367802 -0.01894863 0.02896121 0.030531 -0.001561137 0.02267067 0.02372972 -0.002596213 0.02182071 0.02073113 -0.008368978 0.01708034 0.004007607 -0.002206646 0.02167792 0.02057361 -0.007942882 0.01696755 0.003955908 -0.001780519 0.02156515 0.020522 -0.002922735 0.02198372 0.02098361 -0.003163975 0.02215587 0.0213139 -0.003303364 0.02232544 0.02169958 -0.001346963 0.02149003 0.02057961 0.003764452 0.0125345 -0.001172522 -0.0009354628 0.02145768 0.02074255 -0.0005740336 0.02147035 0.02099982 -0.01005446 0.01702126 0.002807706 -0.009862017 0.01711829 0.003195669 -0.03011313 0.02294804 0.006956534 -0.002767561 0.02276542 0.02325178 -0.002406225 0.02277811 0.02350908 -0.001994694 0.02274579 0.02367211 0.004328452 0.01281905 -3.503392e-05 0.004689853 0.01283172 0.0002222495 0.01098117 0.01762766 0.01741889 0.005101366 0.0127994 0.0003852876 0.005534922 0.01272428 0.0004428899 0.01255694 0.01713397 0.01701489 0.01212337 0.01720909 0.01695729 0.005961018 0.01261149 0.0003911913 0.01169725 0.01732186 0.01700889 0.01130769 0.01746464 0.01716642 -0.02267494 0.02905599 0.02850476 0.01060049 0.01796939 0.01813487 0.01073994 0.01779981 0.01774918 0.004041809 0.01276225 -0.0003690291 -0.0001777123 0.02207992 0.02293773 0.01113629 0.01840937 0.01968707 0.01149769 0.01842204 0.01994436 0.01190921 0.01838973 0.0201074 0.01234276 0.01831461 0.020165 0.01276886 0.01820182 0.0201133 -0.003331533 0.02248086 0.02211428 -0.003246616 0.02261158 0.02252981 -0.003054176 0.02270862 0.02291778 -0.0197005 0.02916023 0.0306222 -0.009214066 0.01718778 0.003786971 -0.008802534 0.01715546 0.003950005 -0.02046569 0.0292928 0.03052051 -0.02119186 0.02934983 0.03023282 -0.02182955 0.02932746 0.02977882 -0.009575402 0.01717509 0.003529671 -0.02233538 0.02922724 0.02918944 0.01057229 0.01812482 0.01854959 0.01065728 0.01825552 0.0189651 0.01084965 0.01835258 0.01935308 -0.03026301 0.02271739 0.006223322 -0.03021328 0.02244308 0.005491409 -0.02996723 0.02214384 0.004810838 -0.0101112 0.01673511 0.001977468 -0.01013937 0.01689054 0.002392176 -0.02896531 0.02155234 0.003782325 -0.02954158 0.02184004 0.004227931 -0.02475465 0.02528761 0.001665886 -0.02473266 0.02525698 0.001594256 -0.02725964 0.02590659 0.001847273 -0.02451048 0.02507684 0.00123009 -0.02444707 0.02502543 0.001126175 -0.02490293 0.02563484 0.002539943 -0.02488061 0.02548997 0.002150984 -0.02487545 0.02545614 0.002060115 -0.02909488 0.02755424 0.005299397 -0.02924476 0.02732359 0.004566185 -0.02919503 0.02704928 0.003834272 -0.02790568 0.02750993 0.005906868 -0.02894898 0.02675004 0.0031537 -0.02762566 0.0273917 0.005750297 -0.02735532 0.02727762 0.00559929 -0.0266648 0.02703831 0.005358449 -0.02794706 0.02615854 0.002125188 -0.02852333 0.02644624 0.002570794 -0.02488371 0.02567344 0.00265905 -0.0248301 0.02578161 0.00299266 -0.02477639 0.02583328 0.003169318 0.02642928 0.005233428 -0.007539954 0.02744753 0.009839627 -0.009197091 0.03235037 0.01386564 0.005006297 -0.02420033 0.03157346 0.01947877 -0.02863535 0.02793159 0.006630635 0.02311606 0.01994669 -0.008876345 0.02458168 0.01506285 -0.009602622 0.0219388 0.04056453 -0.006969009 0.02637358 0.01051974 -0.01044677 0.02628798 0.01056621 -0.0105155 0.02537838 0.01267426 -0.01012889 0.02253438 0.04854708 -0.007268537 0.02310004 0.05116621 -0.007224339 0.02240093 0.04858188 -0.007252596 0.0218763 0.04664246 -0.007273741 0.02190866 0.04595366 -0.007314954 0.02175373 0.04598755 -0.007293639 0.02140124 0.04333681 -0.007390636 0.020744 0.03805844 -0.007628679 0.02087171 0.04072031 -0.00747773 0.02101278 0.04070288 -0.00749531 0.0210056 0.04199037 -0.007414979 0.02126181 0.04335929 -0.007373408 0.02039629 0.03264057 -0.007964696 0.02039923 0.03275919 -0.007956621 0.0205682 0.03276339 -0.007980216 0.02046496 0.03541337 -0.007775526 0.02059556 0.03540974 -0.007790445 0.02051186 0.0373065 -0.007646449 0.02059217 0.03806844 -0.007608784 0.02053926 0.03011716 -0.008184806 0.02066262 0.03012583 -0.008197757 0.02065724 0.02803552 -0.008366321 0.02087911 0.02750333 -0.008442648 0.02073331 0.02748675 -0.008424746 0.02121655 0.02490218 -0.008714092 0.02109448 0.02488152 -0.008701693 0.02128037 0.02354048 -0.008844303 0.02167338 0.02232859 -0.009011454 0.02155406 0.02230377 -0.008999591 0.02224813 0.01978874 -0.009333675 0.02211846 0.01975355 -0.009320009 0.02466429 0.01243312 -0.01044225 0.02546556 0.01058546 -0.01076594 0.02545259 0.0105812 -0.01076628 0.02225923 0.01911763 -0.009399832 0.02293922 0.01728872 -0.009680181 0.02283299 0.0172555 -0.009671443 0.02374512 0.0148348 -0.01004993 0.0235865 0.01480998 -0.01002811 0.02456516 0.01239072 -0.01043545 0.02532668 0.01050838 -0.01075223 0.02579681 0.01065148 -0.01072859 0.02578933 0.01065201 -0.01073108 0.02482 0.01249557 -0.01043178 0.02575102 0.0106476 -0.01073752 0.02560339 0.01063058 -0.01076235 0.02652766 0.01043613 -0.01032304 0.02644126 0.01048301 -0.01039248 0.02548276 0.01269515 -0.009998888 0.02157361 0.03013751 -0.007711423 0.02148562 0.03273771 -0.007484855 0.02166894 0.03795764 -0.007113308 0.02175007 0.03794133 -0.006935932 0.02151763 0.03534657 -0.007285406 0.02232659 0.043161 -0.006852717 0.02345296 0.04829708 -0.006705938 0.02283153 0.04574062 -0.006764968 0.02290104 0.04572123 -0.006581839 0.02418848 0.05082445 -0.006674866 0.02420245 0.0508201 -0.006649984 0.02290564 0.04844808 -0.007213 0.02307598 0.04840206 -0.007130942 0.02228008 0.04587187 -0.007261283 0.02245078 0.04583297 -0.007181256 0.02177197 0.04327193 -0.00733867 0.02194272 0.04324023 -0.007260596 0.02138209 0.04065483 -0.007444781 0.02155256 0.04063036 -0.007368545 0.02111115 0.03802703 -0.007579384 0.021281 0.03800968 -0.007504845 0.02095982 0.03539478 -0.007742183 0.02112874 0.03538455 -0.007669234 0.02092887 0.03276466 -0.007932796 0.02109654 0.03276146 -0.007861296 0.021019 0.03014292 -0.00815093 0.02118511 0.03014674 -0.008080775 0.02123057 0.02753611 -0.008396269 0.02139479 0.02754676 -0.008327291 0.02156243 0.02495032 -0.008667955 0.0217245 0.0249678 -0.008600054 0.02201308 0.0223917 -0.008965236 0.02217265 0.02241587 -0.00889837 0.02258102 0.01986642 -0.009287262 0.02273788 0.01989716 -0.009221214 0.02326475 0.01738067 -0.009633305 0.02341853 0.01741788 -0.009567917 0.02406273 0.01494061 -0.01000249 0.02421314 0.01498411 -0.009937726 0.0249735 0.01255239 -0.01039398 0.02512032 0.01260203 -0.01032972 0.0227228 0.0484971 -0.007259393 0.0220971 0.0459126 -0.00730637 0.02158927 0.0433045 -0.007382421 0.02120002 0.0406793 -0.007487436 0.02093005 0.03804349 -0.007621088 0.02078006 0.03540334 -0.00778299 0.02075079 0.03276531 -0.007972817 0.02084291 0.03013587 -0.008190331 0.02105681 0.02752147 -0.008435094 0.02139132 0.0249282 -0.008706338 0.02184495 0.02236233 -0.009003248 0.02241614 0.01982992 -0.009325035 0.02310339 0.01733722 -0.009670975 0.02390516 0.01489036 -0.0100402 0.02596896 0.01063906 -0.0106719 0.02603128 0.01063455 -0.01065139 0.02379222 0.01748207 -0.009228173 0.02255468 0.02245066 -0.008547912 0.02210941 0.02498777 -0.008243764 0.02178191 0.02755213 -0.007964665 0.02211242 0.02549917 -0.008025493 0.02165964 0.0301285 -0.007550845 0.02396455 0.05089495 -0.006988506 0.02408339 0.05085757 -0.006862203 0.02322716 0.04836066 -0.007015542 0.0233543 0.0483252 -0.006871844 0.02260275 0.04579741 -0.007068442 0.02273114 0.04576625 -0.006927708 0.02209519 0.04321061 -0.007150294 0.0222246 0.04318392 -0.007012495 0.02170523 0.04060666 -0.007260651 0.02183542 0.04058452 -0.007125723 0.02143358 0.0379919 -0.007399254 0.02156428 0.0379744 -0.007267131 0.02128094 0.03537278 -0.007565872 0.02141198 0.03536003 -0.00743631 0.02124808 0.03275569 -0.007760067 0.02137918 0.03274779 -0.007632991 0.02133572 0.030147 -0.007981478 0.02146656 0.03014391 -0.007856883 0.02154418 0.02755304 -0.008229823 0.02167453 0.02755486 -0.008107549 0.02187235 0.02497999 -0.008504283 0.02200196 0.02498675 -0.008384136 0.02231874 0.02243399 -0.008804108 0.02244731 0.02244567 -0.008685985 0.02288181 0.01992113 -0.009128415 0.02300915 0.01993774 -0.009012247 0.02356013 0.01744757 -0.009476483 0.02368591 0.01746915 -0.009361954 0.02435225 0.01501947 -0.009847364 0.0244761 0.01504593 -0.009734539 0.02525649 0.01264296 -0.01024036 0.02613556 0.0106068 -0.01059618 0.02381757 0.05094116 -0.007110001 0.02391846 0.05090945 -0.007037489 0.004879032 0.06947662 -0.0008864082 0.005822886 0.07142935 -0.0005724847 0.006818608 0.07327003 -0.0002955262 0.02030671 0.08642448 -0.00275776 0.02032113 0.08642091 -0.002761512 0.02084395 0.08614862 -0.002884843 0.02084981 0.08614385 -0.002886059 0.02132147 0.0857586 -0.00298337 0.02139799 0.08567078 -0.002996717 0.02184642 0.08515696 -0.003074647 0.02443196 0.0871796 -0.004018491 0.0220612 0.0848311 -0.003104062 0.02232903 0.08442462 -0.003140654 0.02285848 0.08338327 -0.003189565 0.01982844 0.08654518 -0.002632248 0.01978064 0.08654643 -0.002618623 0.01925356 0.08655968 -0.002468472 0.01907945 0.08652787 -0.002415238 0.01759748 0.0896669 -0.002300604 0.01859737 0.08643984 -0.002267906 0.01744267 0.08961677 -0.002251136 0.018069 0.08625146 -0.002097285 0.01780637 0.08615786 -0.002012518 0.01703523 0.08576787 -0.001752203 0.01658856 0.08549003 -0.00159626 0.02706273 0.06470754 -0.006034607 0.0233873 0.06589598 -0.005083156 0.02706888 0.06473216 -0.006029688 0.02370205 0.06751191 -0.004739938 0.02062507 0.05308222 -0.002387453 0.02167751 0.08580462 -0.0002114029 0.02202513 0.08547344 -0.0003170342 0.01803317 0.08580209 0.000638234 0.01867428 0.08606637 0.0005082725 0.01884438 0.08613643 0.0004738352 0.01954606 0.08631636 0.000323437 0.01970827 0.08633012 0.0002866538 0.02013018 0.08636568 0.0001909521 0.02266933 0.08464556 -0.0005284924 0.02308114 0.08393106 -0.0006774134 0.009255211 0.07644534 0.001992856 0.01014487 0.07786761 0.00189067 0.01134144 0.07958146 0.00173844 0.01136492 0.07961123 0.001735148 0.01262981 0.08121669 0.001558954 0.01348555 0.08216615 0.001429674 0.01390119 0.08262721 0.001366886 0.02041753 0.08633052 0.0001213353 0.02071605 0.08629398 4.901863e-05 0.02094318 0.08620966 -1.019464e-05 0.02119235 0.08611707 -7.52178e-05 0.02148018 0.08593179 -0.0001560045 0.02213756 0.08536641 -0.0003511345 0.02260997 0.08474846 -0.0005070509 0.02340376 0.08320238 -0.0008065289 0.02355175 0.08286797 -0.0008657733 0.02392419 0.08177559 -0.001033522 0.02406407 0.08122492 -0.001106866 0.02428102 0.08037051 -0.001220713 0.02456782 0.07872576 -0.001409319 0.02460419 0.07838372 -0.001443095 0.02475062 0.07700733 -0.001579044 0.02482777 0.07532834 -0.001721284 0.004515491 0.06643153 0.00235717 0.005521357 0.06902323 0.002314362 0.005618245 0.06924266 0.002307978 0.004021848 0.06497039 0.002364121 0.007396901 0.07308615 0.002177614 0.007756368 0.07381025 0.002147383 0.01498909 0.0836798 0.001191099 0.01539945 0.08402147 0.001120605 0.01603877 0.08455374 0.001010911 0.01713385 0.08530811 0.0008113795 0.01714736 0.08531548 0.0008087882 0.024842 0.07501877 -0.001747526 0.02482103 0.07282084 -0.001905285 0.02473668 0.0713451 -0.00199485 0.02470427 0.07077794 -0.002029236 0.02445373 0.0683562 -0.002149995 0.02429737 0.06732311 -0.002190021 0.006654943 0.07159141 0.002240045 0.003617747 0.06377404 0.002369806 0.008981598 0.07600804 0.002024304 0.02406647 0.06579719 -0.002249051 0.02356862 0.06326947 -0.002320007 0.02341219 0.0626246 -0.002331284 0.02293006 0.06063706 -0.002365943 0.02215624 0.05796598 -0.00238314 0.01877366 0.05004271 -0.006298601 0.01971899 0.05336975 -0.006272891 0.02521057 0.01042898 -0.01073104 0.02509581 0.01035811 -0.01070957 0.01837806 0.02000155 -0.008429373 0.02505451 0.0103316 -0.01070192 0.02500915 0.01029188 -0.01069439 0.02000339 0.01481161 -0.009192465 0.02500214 0.01028574 -0.01069319 0.02497461 0.01024688 -0.01068954 0.0166564 0.03080427 -0.007228505 0.01654936 0.03505733 -0.006888775 0.01765643 0.04537473 -0.006383535 0.01684778 0.03981678 -0.00660616 0.01719119 0.04260743 -0.006479757 0.01725873 0.02535002 -0.007772522 0.01873405 0.05005512 -0.006288446 0.01824293 0.0481179 -0.00631729 0.01766065 0.04539449 -0.006383036 -0.01936761 0.02384595 0.000252222 -0.01940233 0.023857 0.0002610781 -0.0192809 0.02391491 0.0006639422 -0.001491315 0.06425279 -0.0004930286 -0.00167294 0.06430854 -0.0003808625 -0.0017896 0.0643435 -0.0002600365 -0.001963908 0.06439423 5.892014e-06 -0.002043088 0.06441155 0.0004543537 -0.01936761 0.02384595 0.000252222 -0.0192809 0.02391491 0.0006639422 -0.01946425 0.02376365 0.0001652185 -0.01941014 0.02380124 0.0008184276 -0.01966488 0.02359291 -1.524817e-05 -0.01972171 0.02354493 -8.530713e-05 0.02150774 0.01104 -0.009510301 0.0216833 0.010985 -0.009555312 0.02142031 0.01101734 -0.00971421 0.02155662 0.01092458 -0.009975584 0.02133295 0.01099465 -0.00991824 -0.02245604 0.02564292 0.001456119 -0.02264743 0.02545821 0.001422635 -0.022838 0.02546007 0.00149424 -0.02348606 0.0259 0.002705 -0.0235927 0.02579381 0.002473135 -0.02379787 0.02571555 0.002522551 -0.02235134 0.02574405 0.001474549 -0.02239119 0.02570557 0.001467561 -0.02228256 0.02594931 0.001514305 -0.02199665 0.02600962 0.001430604 -0.02197028 0.02601262 0.001424592 -0.02200415 0.0260048 0.001432043 -0.02208199 0.02598729 0.001450294 -0.02207361 0.02596478 0.001445239 -0.02209957 0.02594996 0.001450077 -0.02216726 0.02590812 0.001461864 -0.02239946 0.02569761 0.001466097 -0.02269925 0.02567262 0.001565713 -0.02262084 0.02588903 0.001630638 -0.02258084 0.02589283 0.001609509 -0.02257505 0.02589389 0.001607649 -0.02230609 0.02594486 0.001521824 -0.02303852 0.02586093 0.001878939 -0.02294367 0.02585836 0.001800491 -0.02297389 0.02567279 0.001693545 -0.02286862 0.02586547 0.001760959 -0.02282948 0.02586917 0.001740374 -0.02318321 0.02587842 0.00203126 -0.02311107 0.02586291 0.001939016 -0.0231973 0.0256943 0.001848679 -0.02306645 0.02586167 0.00190206 -0.02325028 0.02593233 0.00220834 -0.02323366 0.02590395 0.002129823 -0.02335154 0.02573776 0.002026287 -0.02319766 0.02588322 0.002053615 -0.02319297 0.02588051 0.002043672 -0.02312426 0.02611046 0.002520457 -0.02321614 0.02602087 0.002380974 -0.02340084 0.02589215 0.00241835 -0.0232205 0.02601342 0.002367614 -0.02322336 0.02600844 0.002358734 -0.02344522 0.02591349 0.00268708 -0.02343474 0.02591696 0.002682478 -0.02330048 0.02600064 0.002612412 -0.02390135 0.02577309 0.002884327 -0.02390104 0.02577313 0.002884208 -0.02401304 0.02565981 0.002565642 -0.02386152 0.0257757 0.002869838 -0.02369193 0.02583182 0.002795388 -0.02429564 0.02574746 0.003027695 -0.02445738 0.02562183 0.002628589 -0.02434322 0.02575595 0.003041712 -0.0248301 0.02578161 0.00299266 -0.0243866 0.02576369 0.003054494 -0.02477639 0.02583328 0.003169318 -0.02446216 0.0254717 0.00221357 -0.02435172 0.02530707 0.001819181 -0.02413732 0.02513743 0.001466118 -0.02406919 0.0249381 0.001070324 -0.02394457 0.02493045 0.001076786 -0.0238371 0.02497172 0.001169493 -0.02377316 0.02491996 0.001085757 -0.0237379 0.02492457 0.001093525 -0.0233986 0.024991 0.001178587 -0.02342779 0.02498016 0.001168849 -0.02365515 0.02506396 0.001313274 -0.02349122 0.02495662 0.001147583 -0.02298833 0.02526224 0.001393682 -0.0231386 0.02508766 0.001265809 -0.02314705 0.02508529 0.001264797 -0.02314484 0.02508531 0.001263699 -0.02315107 0.02508301 0.001261575 -0.02274841 0.02536078 0.001404939 -0.02287446 0.02527247 0.001359908 -0.022896 0.02525747 0.001352317 -0.02372831 0.02550384 0.001980386 -0.02402612 0.02553958 0.00224413 -0.0235338 0.02561219 0.002009575 -0.02361238 0.02569684 0.002237116 -0.0234228 0.02580407 0.002220246 -0.02324632 0.02596951 0.002288982 -0.02312948 0.02549222 0.001631744 -0.02329709 0.02532743 0.001547167 -0.02347365 0.0251831 0.001440495 -0.02336784 0.02554341 0.001805093 -0.02355048 0.02540897 0.001744262 -0.02374225 0.02529462 0.001666652 -0.02393928 0.02520376 0.001573027 -0.02393205 0.02541544 0.001938431 0.02247871 0.0175577 0.0008050228 0.02000339 0.01481161 -0.009192465 0.02276124 0.01672302 0.0006412648 0.02278455 0.01664431 0.0006136894 0.02242471 0.01770579 0.0008119132 0.02217396 0.01839311 0.0008436154 0.01837806 0.02000155 -0.008429373 0.02322911 0.01321857 -0.002397167 0.02330417 0.01337784 -0.001982601 0.0233184 0.01346775 -0.001823636 0.02335436 0.01369492 -0.001421939 0.02335052 0.01400572 -0.001028569 0.02334942 0.0140884 -0.0009239228 0.02328633 0.01462953 -0.000415269 0.02326432 0.01474341 -0.0003356852 0.02316864 0.01523844 1.03339e-05 0.0230685 0.01564168 0.0002177661 0.02300125 0.01591268 0.0003572528 0.02291549 0.01620216 0.0004586789 0.02142517 0.01131741 -0.00978254 0.02146455 0.0112242 -0.009807062 0.0216833 0.010985 -0.009555312 0.02147846 0.0111913 -0.009815681 0.02151043 0.01109753 -0.009860044 0.02153033 0.01103907 -0.009887693 0.02154294 0.01098424 -0.00992973 0.02155662 0.01092458 -0.009975584 0.02114027 0.02131891 0.0007346045 0.0197258 0.02652664 0.0004122714 0.01725873 0.02535002 -0.007772522 0.01881254 0.03183256 -7.520271e-05 0.0166564 0.03080427 -0.007228505 0.01845633 0.03596683 -0.0005621632 0.01654936 0.03505733 -0.006888775 0.02073365 0.05660606 -0.006270033 0.001052216 0.05559114 0.002362608 0.000431315 0.05351746 0.002474851 -0.001802495 0.04966346 -0.001528379 -0.0001354442 0.05142649 0.002819403 -0.0004184856 0.05032349 0.003063284 0.002195155 0.06241412 -0.001517086 0.02674867 0.07662988 0.001137918 0.02672574 0.0763746 0.00136046 0.02626147 0.0757397 0.0003254221 0.0266712 0.07607616 0.001512401 0.02658871 0.0757547 0.001583478 0.02662322 0.07698357 0.0002164023 0.0266956 0.07694506 0.0005457905 0.02673837 0.07682441 0.0008600593 0.02628587 0.07660861 -0.0006411883 0.02641113 0.07680941 -0.0003979962 0.02652621 0.07693731 -0.0001054336 0.02593421 0.07572462 -0.0009326003 0.02603898 0.07604711 -0.0009180206 0.02615892 0.07634858 -0.0008186026 0.02577424 0.0748495 -0.000487165 0.02579717 0.07510472 -0.0007095828 0.02585174 0.07540325 -0.0008615567 0.02589969 0.07449581 0.0004343506 0.02582731 0.07453425 0.0001050868 0.02578451 0.07465488 -0.0002092733 0.02623704 0.07487071 0.001292066 0.02611177 0.07466997 0.001048749 0.02599672 0.07454209 0.0007562777 0.02648392 0.07543227 0.001568773 0.02636396 0.07513071 0.001469389 0.02253748 0.05493694 -0.001402604 0.02251456 0.05468166 -0.001180062 0.02205028 0.05404677 -0.0022151 0.02246001 0.05438322 -0.001028121 0.02237752 0.05406176 -0.0009570442 0.02241203 0.05529063 -0.00232412 0.02248442 0.05525213 -0.001994731 0.02252719 0.05513147 -0.001680463 0.02207469 0.05491567 -0.00318171 0.02219995 0.05511648 -0.002938518 0.02231503 0.05524438 -0.002645955 0.02172302 0.05403168 -0.003473122 0.0218278 0.05435418 -0.003458542 0.02194774 0.05465565 -0.003359124 0.02156305 0.05315657 -0.003027687 0.02158599 0.05341178 -0.003250105 0.02164055 0.05371031 -0.003402078 0.0216885 0.05280288 -0.002106171 0.02161613 0.05284132 -0.002435435 0.02157332 0.05296195 -0.002749795 0.02202586 0.05317777 -0.001248456 0.02190059 0.05297703 -0.001491773 0.02178554 0.05284916 -0.001784244 0.02227274 0.05373933 -0.0009717483 0.02215278 0.05343777 -0.001071133 0.001880392 0.06012821 0.004256493 0.001985178 0.06045064 0.004271197 0.001657937 0.06043564 0.003013142 0.002067669 0.0607721 0.00420012 0.002122214 0.06107054 0.00404818 0.00150824 0.05936591 0.003736469 0.001633513 0.05956665 0.003979785 0.001760433 0.05982665 0.004157108 0.001223782 0.05923019 0.002792806 0.001296157 0.05919175 0.00312207 0.001393192 0.05923803 0.003443997 0.00119364 0.05980066 0.001978137 0.001170706 0.05954544 0.002200555 0.001180979 0.05935082 0.002478446 0.001435451 0.06074305 0.001769699 0.001330677 0.06042056 0.001755119 0.001248206 0.06009919 0.001826163 0.001807604 0.06150536 0.002289723 0.001682341 0.06130455 0.002046531 0.00155539 0.06104452 0.001869117 0.002092072 0.061641 0.00323351 0.002019687 0.06167951 0.002904122 0.001922683 0.06163326 0.002582286 0.002145137 0.06132582 0.003825637 0.002134844 0.06152035 0.003547779 -0.007450635 0.03722479 0.006369166 -0.007555441 0.03690227 0.006354495 -0.00722818 0.03691735 0.007612517 -0.007637911 0.0365809 0.006425538 -0.007692477 0.03628237 0.006577512 -0.007078483 0.03798709 0.00688919 -0.007203777 0.03778626 0.006645907 -0.007330697 0.03752626 0.006468584 -0.006794045 0.03812271 0.007832886 -0.0068664 0.03816124 0.007503589 -0.006963435 0.03811497 0.007181662 -0.006763904 0.03755225 0.008647555 -0.006740949 0.03780756 0.008425104 -0.006751242 0.03800208 0.008147246 -0.007005694 0.03660994 0.00885596 -0.00690094 0.03693235 0.008870573 -0.006818449 0.03725381 0.008799496 -0.007377846 0.03584764 0.008335935 -0.007252604 0.03604836 0.008579161 -0.007125653 0.03630838 0.008756575 -0.007662335 0.0357119 0.007392182 -0.007589929 0.03567349 0.007721537 -0.007492925 0.03571974 0.008043373 -0.00771538 0.03602718 0.006800021 -0.007705107 0.03583256 0.007077913 -0.01615963 0.03750645 0.01533044 -0.01510854 0.03940143 0.01472355 -0.01740056 0.03574295 0.015975 -0.02039352 0.0326834 0.01734869 0.02511548 0.02905596 0.00406863 0.02699744 0.02235713 0.004512609 0.02595439 0.02568016 0.004325663 -0.02207361 0.02596478 0.001445239 -0.02200415 0.0260048 0.001432043 -0.02139078 0.02651741 0.001326802 -0.02010696 0.02763579 0.001110188 -0.01995312 0.02778391 0.001085303 -0.01856801 0.02911722 0.000860968 -0.01652236 0.02626657 0.000172992 -0.01831389 0.02936184 0.0008197853 -0.01723407 0.03050912 0.000652909 -0.01288544 0.02994756 -0.0004027199 -0.01658627 0.03119737 0.0005527026 -0.01594497 0.03194927 0.0004588142 -0.01492192 0.0331489 0.0003090746 -0.01470102 0.03343532 0.0002786818 -0.009621299 0.03399027 -0.0008647725 -0.01351436 0.03497432 0.0001159093 -0.0133753 0.03515455 9.677208e-05 -0.01239291 0.03656673 -2.777305e-05 -0.01193043 0.03723145 -8.647552e-05 -0.006765007 0.03835135 -0.001208166 -0.01132474 0.03819968 -0.0001561179 -0.01058525 0.03938194 -0.0002410569 -0.01031118 0.03987131 -0.0002686955 -0.009338656 0.04160795 -0.0003670232 -0.008477709 0.04333449 -0.0004400737 -0.004918906 0.04178329 -0.001384687 -0.008190706 0.04390991 -0.0004643682 -0.007658188 0.04511777 -0.000499137 -0.00321769 0.04566553 -0.001494155 -0.007158756 0.04625066 -0.0005317921 -0.006897816 0.04692869 -0.0005424428 -0.001802495 0.04966346 -0.001528379 -0.006196685 0.04876498 -0.0005700769 -0.006235258 0.04865012 -0.0005696583 0.003967788 -0.001410652 -0.001188866 0.007675487 -0.002572266 -0.002139456 0.01329705 0.006250165 0.02583773 0.01700475 0.005088551 0.02488714 -0.0101322 0.03126063 0.00873151 -0.007167148 0.03516073 0.007277161 0.02114024 0.02131888 0.0007345132 0.01845633 0.03596683 -0.0005621632 0.01881254 0.03183256 -7.520271e-05 0.0197258 0.02652664 0.0004122714 -0.004621245 0.0393737 0.00590411 -0.003011933 0.04269278 0.004941923 0.0184682 0.04058959 -0.001230208 -0.001571435 0.04645065 0.003967517 -0.0004184856 0.05032349 0.003063284 -0.00321769 0.04566553 -0.001494155 -0.001571435 0.04645065 0.003967517 -0.003011933 0.04269278 0.004941923 -0.004918906 0.04178329 -0.001384687 0.007696919 0.01457224 -0.002143781 0.008331933 0.01443347 -0.00213932 0.007611938 0.01444154 -0.002559294 0.008214439 0.01425278 -0.002713765 0.007419563 0.01434449 -0.002947274 0.00794852 0.01411863 -0.003250058 0.00713292 0.0142877 -0.003281269 0.007552272 0.01404011 -0.00371179 0.006771528 0.01427502 -0.003538555 0.007052706 0.0140226 -0.004067425 0.006360047 0.01430736 -0.003701502 0.006483884 0.0140673 -0.004292699 0.005926481 0.01438249 -0.003759102 0.005884518 0.01417112 -0.004372392 0.005500363 0.01449525 -0.003707497 0.005295498 0.01432702 -0.004300986 0.005110797 0.01463804 -0.003549975 0.00475696 0.01452438 -0.004083306 0.004784275 0.01480105 -0.003297501 0.004305611 0.01474975 -0.003734228 0.004543053 0.0149732 -0.002967213 0.003972164 0.01498773 -0.003277628 0.004403599 0.01514279 -0.002581519 0.003779391 0.01522214 -0.00274449 0.004375403 0.01529822 -0.002166805 0.00374042 0.01543702 -0.002171175 0.004460394 0.01542891 -0.001751293 0.003857892 0.01561768 -0.001596823 0.004652759 0.01552597 -0.001363311 0.004123834 0.01575186 -0.001060436 0.004939402 0.01558276 -0.001029316 0.004520059 0.01583035 -0.0005987974 0.005300803 0.01559543 -0.0007720327 0.005019626 0.01584786 -0.0002431626 0.005712316 0.01556312 -0.0006089946 0.005588479 0.01580319 -1.779742e-05 0.006145872 0.015488 -0.0005513923 0.006187836 0.01569936 6.189783e-05 0.006571968 0.01537521 -0.0006030909 0.006776834 0.01554344 -9.601567e-06 0.006961557 0.01523245 -0.0007605196 0.007315393 0.0153461 -0.0002271883 0.007288088 0.01506943 -0.001012995 0.007766752 0.01512074 -0.0005762687 0.007529279 0.01489726 -0.001343375 0.008100168 0.01488273 -0.00103296 0.007668723 0.01472767 -0.001729066 0.00829294 0.01464831 -0.001566098 0.02998315 0.06759685 0.00197435 0.03126927 0.07206348 0.00166345 0.03134723 0.07281627 0.001805497 0.03140305 0.07276789 0.002015481 0.03152261 0.07624014 0.00222977 0.03149243 0.07674962 0.002208363 0.0315545 0.07676176 0.002421157 0.03089508 0.07750844 0.003416804 0.02999759 0.06507946 0.0009892874 0.02939752 0.0625627 0.0007182135 0.02944616 0.06256657 0.0005241073 0.029384 0.06245055 0.0001272212 0.02942353 0.06260434 0.0001363539 0.02945632 0.06258043 0.0003247883 0.02951649 0.06296617 0.0001576614 0.03002719 0.06515422 0.0003970154 0.03005763 0.0651206 0.000592302 0.02750423 0.05771197 0.001141677 0.02822804 0.06017212 0.001157947 0.03140496 0.07814248 0.002368132 0.03140225 0.07815549 0.00242737 0.03150339 0.07746752 0.002558661 0.03140875 0.07812436 0.002284781 0.03149647 0.07744186 0.002359358 0.0313907 0.07810165 0.002197894 0.03144032 0.0774099 0.002156379 0.03004 0.06520912 0.0004029905 0.03042985 0.06707709 0.0006891459 0.03059033 0.06766144 0.0009875739 0.02890173 0.06057373 1.643247e-05 0.02877961 0.06004156 0.0003944157 0.0287894 0.06004467 0.0001969604 0.02875607 0.06005961 1.10313e-05 0.02823869 0.05823359 -8.176137e-06 0.02873253 0.060049 0.00058653 0.02973923 0.06740008 0.002002283 0.02946418 0.06511876 0.001571555 0.02853523 0.06009376 0.0009242986 0.02780621 0.05761455 0.0009176362 0.02887894 0.06264458 0.001295783 0.02762674 0.057673 0.001078455 0.02839256 0.06012948 0.001056622 0.02767772 0.05765635 0.00103272 0.02915792 0.0646539 0.001571489 0.03115042 0.0775164 0.003257297 0.03129013 0.07751358 0.003112618 0.03119182 0.07677624 0.003334418 0.03118989 0.07533356 0.003316773 0.03126832 0.07677808 0.003265868 0.03127055 0.0753379 0.003249585 0.03133748 0.07677924 0.003189973 0.03134376 0.0753431 0.003174434 0.03089979 0.07009954 0.0020765 0.03126501 0.07266219 0.002615949 0.03113812 0.07264252 0.002783828 0.03126838 0.07396695 0.003017185 0.03111037 0.07395577 0.003157257 0.03110278 0.07533016 0.003375404 0.03100718 0.07825392 0.003153984 0.03098522 0.07751271 0.003372104 0.0310202 0.07677047 0.003446769 0.03092677 0.07676656 0.00348922 0.03091276 0.07532596 0.003464203 0.03081924 0.07716 0.003489398 0.03082178 0.07700957 0.003495238 0.03080722 0.0752107 0.00347274 0.03080286 0.07506214 0.003464441 0.03101006 0.07532757 0.003424683 0.03110881 0.07677369 0.003394898 0.03092685 0.07395209 0.003262387 0.03097856 0.07263227 0.002922202 0.03077269 0.0700845 0.002241718 0.03044103 0.06758174 0.001572841 0.0304321 0.07008815 0.002480695 0.03079416 0.072632 0.003025688 0.03061428 0.07008069 0.002378195 0.03016119 0.067581 0.001871935 0.03031619 0.06757582 0.001736442 0.02963756 0.06509405 0.0014691 0.02978845 0.06507881 0.001334483 0.02904769 0.06261081 0.001193658 0.02919433 0.06258521 0.001059938 0.0299101 0.0650739 0.001172314 0.02931252 0.06256897 0.0008994383 0.02865003 0.06006662 0.0007655363 0.03146549 0.07720384 0.002189233 0.03152274 0.07615727 0.002225506 0.03158165 0.07540512 0.002396247 0.03152401 0.07542351 0.002188057 0.0315225 0.07407348 0.002242353 0.03145012 0.07380975 0.00199283 0.03146607 0.07411108 0.002032465 0.03152435 0.07521342 0.002177285 0.03137077 0.07819276 0.002615394 0.03133591 0.07821295 0.002730675 0.03139814 0.07750422 0.002943274 0.031327 0.07821809 0.002760005 0.0313067 0.0782232 0.002797327 0.03124559 0.07823831 0.002909199 0.03147012 0.07748864 0.00275593 0.03156125 0.07677022 0.002625944 0.031526 0.07677613 0.00282799 0.03158579 0.0753873 0.002605114 0.03154599 0.07537054 0.002810449 0.03152316 0.07403979 0.002451117 0.03145043 0.0767792 0.003018803 0.03119926 0.07158832 0.001564488 0.03104706 0.07020362 0.001485027 0.03100264 0.07025381 0.001286474 0.03052831 0.06754894 0.0007613713 0.03055662 0.0677046 0.0007911497 0.03092891 0.06975347 0.001182242 0.03058106 0.06762552 0.001190099 0.03104005 0.07016051 0.001689467 0.03140053 0.07272636 0.002222853 0.03147934 0.07401001 0.002655833 0.03146415 0.0753555 0.00300319 0.0300475 0.06509526 0.000793222 0.03053053 0.06759858 0.001388004 0.03099015 0.07012529 0.001889499 0.03135374 0.07269061 0.002426014 0.0313932 0.07398535 0.002847532 0.03140855 0.07534895 0.003092032 0.03139843 0.07677958 0.003107397 -0.007977409 0.01873854 -0.000194387 -0.008019308 0.01852716 -0.0008076938 -0.008403536 0.01885131 -0.0001427797 -0.008608402 0.01868308 -0.0007362691 -0.008793103 0.0189941 1.474261e-05 -0.009146912 0.01888044 -0.0005185958 -0.009119625 0.01915711 0.0002672157 -0.009598289 0.01910581 -0.0001695107 -0.009360866 0.01932927 0.000597509 -0.009931736 0.01934379 0.0002870891 -0.009500254 0.01949883 0.0009831862 -0.01012445 0.01957819 0.0008202132 -0.009528423 0.01965425 0.001397894 -0.01016345 0.01979307 0.001393535 -0.009443506 0.01978497 0.001813424 -0.01004601 0.01997374 0.001967894 -0.009251066 0.01988201 0.002201387 -0.009780038 0.02010791 0.002504274 -0.008964452 0.01993881 0.002535389 -0.009383785 0.02018639 0.002965906 -0.008603115 0.0199515 0.002792689 -0.008884274 0.02020392 0.003321555 -0.008191584 0.01991918 0.002955723 -0.008315421 0.02015925 0.00354692 -0.007758028 0.01984406 0.003013325 -0.007716036 0.02005541 0.003626608 -0.007331932 0.01973127 0.002961626 -0.007127066 0.0198995 0.003555116 -0.006942334 0.01958851 0.002804195 -0.006588432 0.01970214 0.00333751 -0.006615812 0.01942549 0.002551722 -0.006137148 0.0194768 0.002988449 -0.006374603 0.01925331 0.002221338 -0.005803732 0.01923879 0.002531757 -0.006235122 0.01908372 0.001835637 -0.005610923 0.01900436 0.00199861 -0.006206953 0.01892829 0.001420929 -0.005571892 0.01878951 0.001425379 -0.006291962 0.0187976 0.001005423 -0.005689461 0.01860884 0.000850952 -0.006484309 0.01870054 0.0006174359 -0.005955306 0.01847466 0.0003146404 -0.006770924 0.01864374 0.0002834336 -0.006351591 0.01839616 -0.0001470828 -0.007132353 0.01863108 2.615727e-05 -0.006851194 0.01837866 -0.0005027081 -0.007543853 0.01866342 -0.0001367848 -0.007420016 0.01842336 -0.0007279819 -0.01297349 0.04596088 0.0127742 -0.01335153 0.04602256 0.01232383 -0.002405119 0.05918281 0.007683842 -0.002442175 0.05916075 0.007618447 -0.002594084 0.05905674 0.007665975 -0.002547847 0.05907773 0.00786738 -0.002473775 0.05905576 0.00806785 -0.001987612 0.05915359 0.008239637 -0.002379748 0.05899546 0.008251596 -0.002270207 0.05889989 0.008410194 -0.002150363 0.05877307 0.00853565 -0.002025576 0.05862104 0.008622411 -0.001901533 0.05845114 0.008667507 -0.0009769958 0.05897393 0.008393816 -0.01345815 0.0459075 0.01216599 -0.0120994 0.04830641 0.0116337 -0.01141124 0.04950474 0.01106974 -0.01071949 0.05052202 0.01094553 -0.009249875 0.05263304 0.01006974 -0.009200894 0.05265729 0.01026019 -0.007528721 0.05469015 0.00957736 -0.005730011 0.05656517 0.00869857 -0.005988406 0.05633118 0.008787939 -0.005684791 0.05658987 0.008896098 -0.004801714 0.05740575 0.008377309 -0.004691934 0.05747671 0.008555102 -0.004739152 0.05745521 0.008356808 -0.003647517 0.05830936 0.008212543 -0.003690711 0.05828426 0.008012456 -0.003483959 0.05844774 0.007944582 -0.004387629 0.05731802 0.009075833 -0.005369434 0.05644117 0.009407335 -0.005230302 0.05633475 0.009521667 -0.007194905 0.05456093 0.010072 -0.007047336 0.0544663 0.01018084 -0.008852418 0.05254656 0.01074101 -0.008698304 0.05246257 0.01084513 -0.006733766 0.05422232 0.01028523 -0.008370367 0.05224316 0.01094187 -0.00335566 0.05814084 0.008743863 -0.004253764 0.05720516 0.009193479 -0.005083798 0.05620647 0.009598471 -0.006891373 0.05435169 0.01025258 -0.00853535 0.0523599 0.01091272 -0.004113199 0.05706935 0.009273154 -0.004936203 0.05606245 0.009635222 -0.003971999 0.05691733 0.009312408 -0.003228193 0.05802114 0.008865109 -0.003094637 0.05787744 0.008948125 -0.002961213 0.05771669 0.008990018 -0.01280706 0.04590274 0.01286783 -0.01263083 0.04582896 0.01292582 -0.01374583 0.04351482 0.01360546 -0.01357156 0.04343851 0.0136172 -0.01245184 0.04574272 0.01294664 -0.01437887 0.04368112 0.01318181 -0.01325133 0.04602204 0.01249649 -0.01312358 0.04600121 0.01264865 -0.01172949 0.0482295 0.01209284 -0.01156627 0.04816349 0.01218948 -0.01139356 0.04808097 0.01225029 -0.01121817 0.04798561 0.01227373 -0.003471483 0.05823117 0.008589466 -0.003570238 0.0582883 0.008409676 -0.004508727 0.05740319 0.008925268 -0.004611809 0.05745694 0.008749133 -0.005495138 0.05652129 0.00926012 -0.005601796 0.0565716 0.009087292 -0.007327992 0.0546315 0.009930804 -0.007440902 0.0546752 0.009763539 -0.008991265 0.05260853 0.01060468 -0.009109134 0.05264601 0.0104421 -0.01062445 0.0505144 0.01112396 -0.01200155 0.04830238 0.01180905 -0.0118765 0.04827638 0.01196415 -0.01050261 0.05048295 0.01128248 -0.01035923 0.05042881 0.0114147 -0.01020007 0.05035421 0.01151484 -0.0100317 0.05026216 0.01157876 -0.00986095 0.05015664 0.01160493 -0.02616673 0.02865903 0.006727316 -0.02619646 0.0286547 0.006737823 -0.02604633 0.02875339 0.006707965 -0.02735392 0.02853577 0.007283441 -0.02743766 0.02853906 0.007358841 -0.02628581 0.02924871 0.00716356 -0.02448737 0.03066994 0.007060436 -0.02281146 0.03222095 0.007020977 -0.02280833 0.0321792 0.006780817 -0.01803146 0.0388898 0.005874913 -0.01795378 0.03885125 0.005762977 -0.01860499 0.0375193 0.005812559 -0.0193617 0.03523532 0.005616752 -0.01946348 0.03530617 0.005658309 -0.0197837 0.03459322 0.005667667 -0.02075166 0.03332836 0.005799791 -0.02085587 0.03341901 0.005843472 -0.02233918 0.03158968 0.006041335 -0.02242867 0.0316858 0.006081887 -0.02408432 0.03001684 0.006331893 -0.02416496 0.03012505 0.006371113 -0.01753841 0.03865435 0.005447382 -0.01814841 0.0372632 0.005483858 -0.01760359 0.03868472 0.005480879 -0.01826627 0.03732711 0.005528439 -0.0176242 0.03869436 0.005491393 -0.01845152 0.03743036 0.005646685 -0.01774245 0.03874946 0.005551968 -0.01791566 0.03883237 0.005707965 -0.01806878 0.03890957 0.005966961 -0.0187178 0.03758871 0.006016147 -0.01809233 0.03892205 0.006025217 -0.01878331 0.03763437 0.006245521 -0.01812284 0.03893823 0.006100603 -0.01879751 0.03765368 0.006487208 -0.01815504 0.03896267 0.006399184 -0.01813943 0.03894933 0.006208761 -0.01995119 0.03570628 0.006612418 -0.02129292 0.03388783 0.00679085 -0.02257145 0.03245222 0.007018894 -0.0263067 0.02934355 0.007386151 -0.02621118 0.02944432 0.007580018 -0.02753228 0.02860628 0.007614163 -0.02752713 0.02862128 0.007651283 -0.02744381 0.02869616 0.00779384 -0.02745762 0.02868649 0.007775388 -0.02750262 0.02855523 0.007453893 -0.02750921 0.02855825 0.007467031 -0.02753029 0.02857687 0.007532882 -0.02683722 0.02856345 0.006969099 -0.02712087 0.0285439 0.007127972 -0.02623317 0.02911311 0.006969055 -0.02715089 0.02854182 0.007144728 -0.02728038 0.02853289 0.007217369 -0.02615175 0.02894469 0.006814111 -0.02650928 0.02860891 0.006847391 -0.02672939 0.02857674 0.006924495 -0.02680493 0.02856567 0.006950971 -0.02615897 0.02866017 0.006724644 -0.02445579 0.03058298 0.006835864 -0.02438851 0.03045796 0.006638781 -0.02428965 0.03030227 0.00648078 -0.02276683 0.03210118 0.006554555 -0.02268607 0.03198824 0.00635531 -0.02257118 0.03184702 0.006194576 -0.02128749 0.03385519 0.006550162 -0.02123683 0.03378712 0.006322634 -0.02114407 0.03368757 0.00612147 -0.02101456 0.03356243 0.005958576 -0.019941 0.03568007 0.006371113 -0.01988248 0.03562282 0.006142508 -0.01977882 0.03553785 0.005939918 -0.01963641 0.03543019 0.005775281 0.02644126 0.01048301 -0.01039248 0.02652766 0.01043613 -0.01032304 0.02657728 0.01039793 -0.0102726 0.02668969 0.01030941 -0.01014931 0.02628798 0.01056621 -0.0105155 0.02637358 0.01051974 -0.01044677 0.02578933 0.01065201 -0.01073108 0.02579681 0.01065148 -0.01072859 0.02596896 0.01063906 -0.0106719 0.02603128 0.01063455 -0.01065139 0.02613556 0.0106068 -0.01059618 0.02521057 0.01042898 -0.01073104 0.02532668 0.01050838 -0.01075223 0.02545259 0.0105812 -0.01076628 0.02546556 0.01058546 -0.01076594 0.02560339 0.01063058 -0.01076235 0.02575102 0.0106476 -0.01073752 0.02586048 0.05227616 -0.002021723 0.02534825 0.0525487 -0.004352668 0.02529369 0.05225017 -0.004200694 0.02598044 0.05257772 -0.001922338 0.02608522 0.05290015 -0.001907634 0.02616771 0.05322161 -0.00197871 0.02729809 0.05512326 0.0001064335 0.02622226 0.05352005 -0.002130651 0.02624518 0.05377533 -0.002353193 0.02623489 0.05396986 -0.002631052 0.02602273 0.05408277 -0.003596545 0.02611973 0.05412902 -0.003274709 0.02619212 0.05409051 -0.002945321 0.02527075 0.05199495 -0.003978276 0.02528102 0.05180033 -0.003700384 0.02590765 0.05395487 -0.003889107 0.02578239 0.05375406 -0.004132299 0.02565543 0.05349403 -0.004309714 0.0255355 0.05319257 -0.004409132 0.02543072 0.05287007 -0.004423711 0.01743414 0.09065819 -0.001472813 0.01739221 0.09064643 -0.001459164 0.01154247 0.0873061 0.0006135594 0.007134593 0.08230182 0.001914599 0.004587978 0.07662184 0.007624605 0.03068129 0.07561089 -0.000201914 0.03136037 0.07806358 0.002052023 0.03058819 0.07572008 -0.0004528493 0.03058271 0.07572659 -0.0004676962 0.03048919 0.07577228 -0.0007249102 0.0304733 0.07577019 -0.0007697582 0.03040259 0.07576054 -0.0009688851 0.0291857 0.07803751 -0.003705475 0.03036647 0.07573417 -0.001090009 0.03027388 0.07562377 -0.001345461 0.0302622 0.07559611 -0.001381234 0.03019477 0.07543662 -0.001588413 0.02932598 0.07681657 -0.003730248 0.03010714 0.07499429 -0.001877555 0.0294203 0.07500544 -0.003808323 0.03012178 0.07510168 -0.001826852 0.02935904 0.07618189 -0.003757581 0.03013426 0.07519294 -0.001783649 0.03018099 0.07538112 -0.001632872 0.03061917 0.07309389 -0.000428837 0.03070533 0.07320635 -0.0001652859 0.03009403 0.07489833 -0.00192304 0.02941719 0.07443387 -0.003849604 0.02941844 0.07466016 -0.003833242 0.0300873 0.07477535 -0.001950695 0.03007764 0.07459922 -0.001990309 0.03008121 0.07442358 -0.001988739 0.03008434 0.07426871 -0.001987322 0.03010211 0.07407298 -0.001941152 0.02941017 0.07314248 -0.003942873 0.03011562 0.07392424 -0.001906065 0.03014586 0.07374399 -0.001818862 0.02940948 0.07301046 -0.003952415 0.03016392 0.07363659 -0.001766836 0.02932316 0.07158601 -0.004103698 0.02928782 0.07100296 -0.004165644 0.03021246 0.07345988 -0.001622336 0.0302271 0.07340644 -0.00157873 0.03029867 0.07324351 -0.001363394 0.0291661 0.06992 -0.004320571 0.02917972 0.07004122 -0.004303228 0.03031151 0.07321431 -0.001324724 0.03039781 0.07310332 -0.001065458 0.03040012 0.07310032 -0.001058503 0.03048967 0.07305447 -0.0007917737 0.03050512 0.07305678 -0.0007462856 0.03057296 0.07306713 -0.0005466932 0.03071625 0.07323026 -0.0001346524 0.03079239 0.0733967 7.938172e-05 0.03126927 0.07206348 0.00166345 0.03080541 0.07344254 0.0001152308 0.03086268 0.07364415 0.0002730187 0.03087516 0.07371855 0.0003067624 0.03091166 0.07393612 0.0004053177 0.03092 0.07404168 0.0004274953 0.03146607 0.07411108 0.002032465 0.0309344 0.07422321 0.0004656967 0.03093355 0.07439134 0.0004630195 0.03093275 0.07454914 0.0004606236 0.0309155 0.07474122 0.0004151984 0.03069796 0.0755768 -0.000157593 0.03073198 0.07550743 -6.731245e-05 0.03077719 0.07541531 5.260463e-05 0.03079493 0.0753574 9.925914e-05 0.03090205 0.07489126 0.0003798317 0.03086916 0.07507103 0.0002938987 0.03084901 0.07518107 0.0002412977 0.0007560843 0.0678651 0.007114639 0.002481313 0.07230884 0.007225646 0.003884311 0.07530093 0.007468696 0.004898353 0.07896134 0.002121889 0.004129683 0.07770892 0.002101309 0.007938219 0.08282933 0.005007043 0.007968225 0.0828193 0.005275194 0.007966048 0.08280258 0.005345634 0.007958614 0.0827459 0.005584514 0.007941649 0.08270395 0.00567564 0.007903772 0.08261047 0.005878618 0.007867576 0.08253906 0.005976192 0.00781561 0.08243682 0.006115984 0.00774626 0.0823147 0.006221522 0.007685125 0.08220701 0.006314553 0.007589098 0.082049 0.006395664 0.007516142 0.08192892 0.006457292 0.007409053 0.0817613 0.006495225 0.007567889 0.08159859 0.008157273 0.007345139 0.08166143 0.006517779 0.007214879 0.08146815 0.006506364 0.007287528 0.08117362 0.008149443 0.007175446 0.08140977 0.00650301 0.007019685 0.08119148 0.0064248 0.006991757 0.08115235 0.006410813 0.006835857 0.08094901 0.00626456 0.00683173 0.08094352 0.006260642 0.006696461 0.08078229 0.006068499 0.006676963 0.08076194 0.006029523 0.006465815 0.08058863 0.005417739 0.006429621 0.08060254 0.005138793 0.006591701 0.08067269 0.005858199 0.006543443 0.08063676 0.005743759 0.006471025 0.08058658 0.005457809 0.006429983 0.08061752 0.005081085 0.006431848 0.08068324 0.004827107 0.006443804 0.08071919 0.004753648 0.006478598 0.08082445 0.004538977 0.006507569 0.08088765 0.004456081 0.0065574 0.08099633 0.004313558 0.006621524 0.08111489 0.004213023 0.006681824 0.08122612 0.004118732 0.006775841 0.08138131 0.004039114 0.006849246 0.08150252 0.003977007 0.006958458 0.08166799 0.003938623 0.007204564 0.08202091 0.003929088 0.007160245 0.0819587 0.00392566 0.007025388 0.08176927 0.003915179 0.007366206 0.08223215 0.004005187 0.00740025 0.08227674 0.00402121 0.007560498 0.08247117 0.004162899 0.007569932 0.08248274 0.00417126 0.007707627 0.08263656 0.00435667 0.00772741 0.08265654 0.004395105 0.007815496 0.08274488 0.004565931 0.007855165 0.08278691 0.004681497 0.007933051 0.08283116 0.004960668 0.009779508 0.08482482 0.00758498 0.009326589 0.0850605 0.001370884 0.009429795 0.08518212 0.001341198 0.01498727 0.08972619 -0.0006506197 0.0165325 0.090405 -0.001180053 0.01617197 0.09025972 -0.001058014 0.01694325 0.09117306 0.003312699 0.01551288 0.08999399 -0.0008348051 0.0154436 0.08996609 -0.0008113056 0.01916179 0.09088419 -0.002003128 0.01876703 0.09087059 -0.00188644 0.01861424 0.09086525 -0.001841279 0.01759338 0.09070286 -0.001524453 0.01959152 0.09089905 -0.002130157 0.02014048 0.09084607 -0.002284047 0.02054038 0.09080748 -0.002396034 0.02215095 0.09183054 0.001328697 0.02319083 0.09148663 0.001067228 0.02234966 0.09025638 -0.002861406 0.02281438 0.0900073 -0.00296918 0.02239579 0.09023166 -0.002872186 0.02484591 0.08846821 -0.003387836 0.024038 0.08920378 -0.003235751 0.02398962 0.08923833 -0.00322556 0.02517813 0.09045453 0.0006737896 0.02383603 0.0893479 -0.003193087 0.02320483 0.08979802 -0.003059644 0.0263581 0.08654928 -0.003609694 0.02588396 0.08721666 -0.003547689 0.02770919 0.08780662 0.0005506589 0.02561858 0.08759031 -0.003513042 0.02520035 0.08806549 -0.003445208 0.02500859 0.08828339 -0.003414167 0.02725861 0.08489026 -0.003684439 0.02705346 0.08533591 -0.00367456 0.02662775 0.08607889 -0.003634823 0.02646305 0.08636613 -0.003619524 0.02836529 0.08205507 -0.003696839 0.02910692 0.07872329 -0.003691518 0.029097 0.07877603 -0.003691325 0.02876783 0.08053027 -0.00368516 0.02859786 0.08117427 -0.003690093 0.02856444 0.08130071 -0.00369107 0.02906131 0.06898761 -0.004453922 0.02898208 0.06849998 -0.004543425 0.03042985 0.06707709 0.0006891459 0.0287342 0.06697438 -0.004823181 0.0284125 0.06542652 -0.005134772 0.02818058 0.06431071 -0.005359423 0.02818055 0.06431059 -0.005359486 0.029384 0.06245055 0.0001272212 0.02752757 0.06168118 -0.005870596 0.02759501 0.06193464 -0.005821919 -0.0243866 0.02576369 0.003054494 -0.02330048 0.02600064 0.002612412 -0.006895526 0.04902282 0.0006281205 -0.007083883 0.04847165 0.0006271519 -0.00737579 0.04773127 0.0006352776 -0.007577473 0.04721969 0.0006408289 -0.007957462 0.04625609 0.000651404 -0.008321492 0.04544245 0.0006701459 -0.008921327 0.04410183 0.0007009469 -0.009126547 0.04369331 0.0007153067 -0.009325032 0.04329809 0.0007291552 -0.009965998 0.04202206 0.0007739167 -0.009992332 0.04197507 0.0007761743 -0.01092986 0.04029781 0.0008555589 -0.01108002 0.04002916 0.0008683239 -0.0116699 0.03907357 0.0009260819 -0.0152459 0.03398969 0.001339681 -0.01645641 0.0325225 0.001500952 -0.01652006 0.03244533 0.001509425 -0.01744424 0.03142907 0.001640631 -0.01192612 0.03865846 0.0009511491 -0.01224595 0.0381405 0.0009825348 -0.01297982 0.03706005 0.001064274 -0.01353777 0.03623858 0.00112644 -0.01408757 0.03550363 0.001194231 -0.01438646 0.03510423 0.001231001 -0.01497129 0.03432246 0.001303126 -0.01772891 0.03111614 0.001681059 -0.01814712 0.03065622 0.001740464 -0.01904585 0.02975927 0.001875179 -0.01984735 0.02895938 0.001995363 -0.02040594 0.02845373 0.002083223 -0.02180686 0.02720033 0.002304715 -0.02161461 0.02735936 0.002273223 -0.02081374 0.02808448 0.00214729 -0.006293532 0.05085473 0.000436289 -0.006909686 0.04902625 0.0004319386 -0.01772948 0.03109125 0.001501795 -0.01646356 0.03250605 0.001321898 -0.01524889 0.03397153 0.001157922 -0.0152334 0.03393942 0.0009819498 -0.02040591 0.02842227 0.001908023 -0.01904433 0.02972927 0.001697296 -0.006897959 0.04902045 0.0002377621 -0.006160401 0.05081357 -0.0001252372 -0.006771261 0.04897245 -0.0001237775 -0.009875008 0.04187707 5.539524e-05 -0.01080847 0.04018423 0.0001431589 -0.01088139 0.04023638 0.0003054545 -0.0118022 0.03852943 0.0002477322 -0.01285456 0.03691538 0.0003692078 -0.01292324 0.03697563 0.0005267588 -0.005619351 0.05064426 -0.0005642095 -0.02148442 0.02663655 0.001373106 -0.02208199 0.02598729 0.001450294 -0.01867436 0.02923176 0.0009104454 -0.02005673 0.02790514 0.001134345 -0.01733971 0.03061431 0.0007018369 -0.01605492 0.03205053 0.0005088047 -0.01482235 0.03353834 0.000331776 -0.01364409 0.03507537 0.0001710384 -0.01145772 0.03828745 -0.0001003744 -0.01252202 0.03665938 2.7005e-05 -0.008625977 0.04340838 -0.0003807052 -0.009508286 0.04166472 -0.0003044083 -0.01045266 0.03995681 -0.000210909 -0.007807288 0.04518496 -0.0004398832 -0.007053638 0.04699167 -0.0004815356 -0.006366532 0.0488258 -0.0005056877 -0.02181221 0.02717242 0.00213365 -0.02321614 0.02602087 0.002380974 -0.0218009 0.02712614 0.001968394 -0.02324632 0.02596951 0.002288982 -0.02177059 0.02705973 0.001813024 -0.02303852 0.02586093 0.001878939 -0.02172198 0.02697469 0.001672275 -0.02282948 0.02586917 0.001740374 -0.0216565 0.02687357 0.001550084 -0.02157655 0.02675974 0.00144939 -0.006043522 0.05077703 -0.0002777807 -0.006660287 0.0489318 -0.0002774981 -0.005903489 0.0507332 -0.0004055842 -0.005821023 0.05070742 -0.0004715363 -0.005744991 0.05068358 -0.0005064672 -0.009003073 0.04360507 -1.529125e-05 -0.009949753 0.04192485 0.0002201084 -0.01187302 0.0385857 0.0004076965 -0.01296586 0.03701945 0.000698702 -0.01191672 0.03862584 0.0005820385 -0.01298179 0.03704568 0.0008788979 -0.01193262 0.03864911 0.0007642706 -0.01092596 0.04027288 0.0004821147 -0.009995084 0.04195777 0.0003990299 -0.01094152 0.04029312 0.000666403 -0.01001017 0.04197508 0.0005854087 -0.00907944 0.04364851 0.0001517588 -0.008194158 0.04536545 -6.880117e-05 -0.008272086 0.0454045 0.0001004707 -0.007449798 0.04715557 -0.0001049532 -0.007528999 0.04719007 6.65937e-05 -0.006851641 0.04900237 5.002064e-05 -0.009139886 0.04369211 0.0005212484 -0.008331985 0.0454415 0.0004742716 -0.007588115 0.04722042 0.0004444187 -0.007575385 0.04721182 0.0002521145 -0.008318364 0.04543003 0.0002838967 -0.009125342 0.0436778 0.000332894 -0.006278131 0.05085015 0.0002200167 -0.020309 0.0282333 0.001439669 -0.01894095 0.0295494 0.001222048 -0.02036087 0.02831523 0.001582863 -0.01396422 0.03534491 0.000507203 -0.01403052 0.03540913 0.0006624758 -0.01762031 0.03092078 0.00101958 -0.01899604 0.02962805 0.001367613 -0.0203934 0.02837873 0.001740704 -0.01634915 0.03234527 0.0008327191 -0.01767843 0.03099603 0.001167592 -0.01903075 0.02968851 0.001527832 -0.01771504 0.03105331 0.001330138 -0.01641013 0.03241697 0.0009831629 -0.01512975 0.03382078 0.0006618579 -0.01644854 0.03247102 0.001148121 -0.01519346 0.03388874 0.0008146318 -0.01407189 0.03545641 0.0008321302 -0.01408769 0.03548552 0.001010151 -0.005920628 0.05073856 -0.0003918765 -0.00652361 0.04888225 -0.0004063561 -0.007340819 0.0471096 -0.0002565864 -0.007207108 0.0470543 -0.0003836642 -0.008087586 0.04531442 -0.00021817 -0.007956974 0.04525354 -0.0003433617 -0.008898939 0.04354896 -0.000162487 -0.008771716 0.04348265 -0.0002858459 -0.00977355 0.04181615 -8.962243e-05 -0.00964987 0.04174449 -0.0002110097 -0.01071 0.04011856 2.993211e-07 -0.01058995 0.04004191 -0.0001190769 -0.01170672 0.03845918 0.0001072039 -0.01159053 0.03837757 -1.020497e-05 -0.01276228 0.03684074 0.0002308094 -0.01265017 0.03675439 0.0001154973 -0.01387538 0.03526593 0.0003712215 -0.0137675 0.03517514 0.000257863 -0.01504446 0.03373762 0.0005280683 -0.01494085 0.03364247 0.0004168696 -0.01626749 0.03225822 0.0007012885 -0.01616842 0.03215892 0.0005921734 -0.01754258 0.03082997 0.0008904624 -0.01744798 0.03072672 0.0007834659 -0.01886722 0.02945498 0.001095224 -0.01877737 0.02934798 0.0009902725 -0.0202393 0.02813546 0.001315203 -0.02015432 0.02802494 0.001212386 0.027972 0.08101347 -0.004276938 0.02779724 0.08096878 -0.004309086 0.02850423 0.06710291 -0.00522215 0.02845046 0.06712221 -0.005264915 0.02870424 0.06862181 -0.004982567 0.02830759 0.06717338 -0.005377627 0.02814807 0.06721829 -0.005446133 0.02839691 0.06870156 -0.005163362 0.02809269 0.06723383 -0.005469863 0.02797501 0.06726019 -0.005488515 0.02822188 0.06873637 -0.005207331 0.02810399 0.07863782 -0.00432661 0.02838118 0.07615567 -0.004405967 0.02844291 0.07469515 -0.00449233 0.02864471 0.06703648 -0.005035944 0.0289246 0.06853743 -0.004702755 0.02866519 0.06702232 -0.004987304 0.02836529 0.08205507 -0.003696839 0.02856444 0.08130071 -0.00369107 0.0285303 0.08115672 -0.003850393 0.02842106 0.08112855 -0.003994609 0.02828866 0.08109451 -0.004116575 0.02902242 0.07876779 -0.003852389 0.02859786 0.08117427 -0.003690093 0.0291857 0.07803751 -0.003705475 0.02929793 0.07618579 -0.00391644 0.0293558 0.07467044 -0.003995242 0.02941719 0.07443387 -0.003849604 0.0293451 0.07316044 -0.004108841 0.02823269 0.07025113 -0.004974533 0.02836613 0.0717395 -0.004773522 0.02912558 0.07007126 -0.004461497 0.02926695 0.07160999 -0.004264684 0.0278599 0.06728591 -0.005506778 0.02779585 0.06729685 -0.005501241 0.02804064 0.06876626 -0.005218732 0.0283129 0.06717164 -0.005374367 0.02882733 0.06857951 -0.004852836 0.02856964 0.067072 -0.005135426 0.02890054 0.07013901 -0.004740348 0.02902577 0.07010517 -0.004611124 0.02903766 0.07166084 -0.004542424 0.02916485 0.07163568 -0.004413818 0.02911208 0.07319408 -0.004385122 0.029241 0.07317789 -0.004257359 0.02911969 0.07468704 -0.004269791 0.02925001 0.07467957 -0.004142897 0.02905922 0.07618494 -0.004189199 0.02919069 0.07618658 -0.004063424 0.02878088 0.078736 -0.004121751 0.02891352 0.07875384 -0.003997907 0.0291661 0.06992 -0.004320571 0.0276195 0.08092345 -0.004308046 0.02813753 0.08105581 -0.004212023 0.02843749 0.07323778 -0.004612376 0.02828466 0.07866495 -0.004323617 0.02856305 0.07616605 -0.004399625 0.02862502 0.07469663 -0.004484316 0.02861962 0.07323093 -0.004603099 0.02854808 0.07172455 -0.004763312 0.02841436 0.07022852 -0.004963477 0.02846165 0.07869089 -0.004287908 0.02874065 0.07617455 -0.004360715 0.02880247 0.07469572 -0.004443893 0.02879674 0.07322112 -0.004561354 0.02872464 0.07170601 -0.004720543 0.02859018 0.07020168 -0.004920075 0.02862881 0.07871481 -0.004219761 0.02890776 0.07618093 -0.00428977 0.02896911 0.07469253 -0.004371493 0.02896261 0.07320873 -0.004487836 0.02888952 0.07168452 -0.004646075 0.02875397 0.07017152 -0.00484474 0.02855938 0.06866295 -0.005087587 0.02724553 0.06467016 -0.006057869 0.02802644 0.06441283 -0.005683222 0.02790673 0.06446786 -0.005816524 0.02811908 0.0643598 -0.005529313 0.02779585 0.06729685 -0.005501241 0.02706888 0.06473216 -0.006029689 0.02797501 0.06726019 -0.005488516 0.02742754 0.06462587 -0.006046811 0.02760259 0.06457625 -0.006002048 0.02776409 0.06452303 -0.005924317 0.02845046 0.06712221 -0.005264915 0.02856964 0.067072 -0.005135426 0.02482293 0.05600851 -0.007237658 0.0250132 0.05594795 -0.007230858 0.02518937 0.0558911 -0.007178632 0.0253972 0.05582316 -0.007071105 0.02523275 0.05587703 -0.007165742 0.02561473 0.05575009 -0.006844883 0.02570686 0.05571831 -0.006703396 0.0257209 0.05571315 -0.006664175 0.02573267 0.0557088 -0.006631301 0.01590377 0.01804203 0.02159546 0.01961147 0.01688042 0.02064487 0.01700475 0.005088551 0.02488714 0.01329705 0.006250165 0.02583773 0.02684248 0.009609608 -0.01023029 0.02685181 0.009611147 -0.01022102 0.02581177 0.004994287 -0.008584113 0.0262316 0.005115689 -0.007988691 0.02687256 0.009619376 -0.01019393 0.02713733 0.009724253 -0.009848604 0.0272158 0.009755325 -0.009746283 0.0272581 0.00975921 -0.009659255 0.02726013 0.009759413 -0.009654973 0.02627904 0.009546378 -0.0107302 0.02656538 0.009564364 -0.01050426 0.02683021 0.009607592 -0.01024245 0.02526079 0.00494018 -0.009073064 0.02461204 0.00495668 -0.009425833 0.02563029 0.009562879 -0.01108297 0.02390486 0.005042761 -0.009621099 0.02492311 0.00964896 -0.01127824 0.02318212 0.00519325 -0.009646898 0.02420037 0.009799449 -0.01130403 0.0006008879 0.02451862 0.02114304 0.001235948 0.02437983 0.02114749 0.0005158786 0.02438793 0.02072753 0.00111838 0.02419917 0.02057306 0.0003235314 0.02429087 0.02033954 0.0008525346 0.02406499 0.02003675 3.691668e-05 0.02423406 0.02000554 0.0004562499 0.02398648 0.01957503 -0.0003245125 0.0242214 0.01974827 -4.335359e-05 0.02396898 0.0192194 -0.0007360123 0.02425375 0.01958532 -0.0006121753 0.02401368 0.01899413 -0.001169569 0.02432887 0.01952772 -0.001211467 0.02411749 0.01891441 -0.001595696 0.02444164 0.01957933 -0.001800561 0.02427341 0.01898584 -0.001985262 0.02458442 0.01973685 -0.002339071 0.02447076 0.01920351 -0.002311784 0.02474744 0.01998932 -0.002790449 0.02469613 0.0195526 -0.002553025 0.02491959 0.02031962 -0.003123895 0.02493411 0.0200092 -0.002692413 0.02508916 0.02070529 -0.003316612 0.02516851 0.02054232 -0.002720582 0.02524458 0.02112 -0.003355611 0.02538339 0.02111564 -0.002635666 0.0253753 0.02153553 -0.003238167 0.02556406 0.02169 -0.002443226 0.02547233 0.0219235 -0.002972198 0.02569824 0.02222638 -0.002156611 0.02552914 0.0222575 -0.002575944 0.02577672 0.02268801 -0.001795275 0.02554183 0.0225148 -0.002076434 0.02579425 0.02304366 -0.001383743 0.02550951 0.02267783 -0.00150758 0.02574957 0.02326903 -0.000950187 0.02543439 0.02273543 -0.0009081956 0.02564574 0.02334872 -0.0005240913 0.02532159 0.02268373 -0.0003192257 0.02548982 0.02327722 -0.0001344932 0.02517883 0.0225263 0.0002194084 0.02529246 0.02305962 0.0001920288 0.02501582 0.02227383 0.0006706929 0.02506712 0.02271056 0.000433238 0.02484364 0.02194345 0.001004108 0.02482912 0.02225387 0.0005727189 0.02467404 0.02155775 0.001196918 0.02459469 0.02172072 -0.02590553 0.02844384 0.006600238 -0.02614575 0.02784165 0.006399995 -0.026109 0.0279295 0.006435568 -0.02606134 0.02804325 0.006481611 -0.02639438 0.0273843 0.00599206 -0.02631353 0.02751144 0.00615121 -0.02655404 0.02716372 0.005639299 -0.02648549 0.02724121 0.005812827 -0.0264594 0.02728233 0.00586434 -0.004760692 0.05475484 0.001787118 -0.005889569 0.05110822 0.001937364 -0.004757382 0.05475358 0.001940431 -0.005889113 0.05110811 0.001940961 -0.004756652 0.05475337 0.001970466 -0.005890521 0.05110845 0.001965775 -0.004749791 0.05475092 0.002282572 -0.004766276 0.05475597 0.002357692 -0.005916839 0.05111634 0.002429548 -0.004782377 0.05476101 0.002431805 -0.005916907 0.05111634 0.002430119 -0.004851642 0.05478236 0.002748218 -0.006003494 0.05114324 0.002741631 -0.004855318 0.05478355 0.00276525 -0.006037633 0.05115382 0.002864427 -0.004921439 0.05480412 0.002902171 -0.006057032 0.05115985 0.002902161 -0.005060062 0.05484726 0.003189473 -0.005135932 0.054871 0.003281547 -0.006309811 0.05123872 0.003317861 -0.005168226 0.05488109 0.003320829 -0.00526294 0.05491062 0.003435836 -0.006405104 0.05126855 0.003432762 -0.005369015 0.05494378 0.0035648 -0.006490957 0.0512954 0.003536383 -0.005504497 0.05498614 0.003664176 -0.006650704 0.05134537 0.003654682 -0.005756392 0.05506492 0.003849053 -0.006904868 0.05142487 0.003842877 -0.005867234 0.05509963 0.003893135 -0.007010823 0.05145801 0.003886485 -0.005910821 0.05511326 0.003910561 -0.007054026 0.05147156 0.003904239 -0.00178217 0.0599745 0.007153715 -0.001786525 0.05996231 0.007158784 -0.001839031 0.05981622 0.007219195 -0.001962841 0.05963853 0.007313614 -0.002096878 0.05944641 0.007415652 -0.002209919 0.05935288 0.007482062 -0.002212097 0.0593511 0.007483318 -0.001967323 0.05963215 0.007316969 -0.003315846 0.05844736 0.004289746 0.003967788 -0.001410652 -0.001188866 0.01329705 0.006250165 0.02583773 0.006574509 0.01038122 -0.005431137 0.01590377 0.01804203 0.02159546</float_array>
          <technique_common>
            <accessor count="5828" source="#verts-array-array" stride="3">
              <param type="float" name="X"/>
              <param type="float" name="Y"/>
              <param type="float" name="Z"/>
            </accessor>
          </technique_common>
        </source>
        <source id="normals-array">
          <float_array count="17484" id="normals-array-array">0.5644884 0.8075912 0.1707315 0.5929771 0.8018139 0.07397784 0.656179 0.7336989 0.1763943 0.7399644 0.5851144 0.3318039 0.7175593 0.632586 0.2914509 0.7525531 0.6189765 0.2247932 0.5103069 0.8521158 -0.1161276 0.4955884 0.8488847 -0.1838122 0.5956262 0.7900556 -0.1450567 0.8486985 0.4856271 -0.2094689 0.828235 0.5300918 -0.1817399 0.7983316 0.5845883 -0.1446483 0.6521722 0.3578055 0.6683163 0.6424136 0.3229166 0.6950034 0.5992788 0.3899989 0.6991178 0.5466508 0.2190579 0.8081996 0.4739852 0.2449237 0.8457839 0.4830685 0.3111176 0.818444 0.3762196 0.2385593 0.8952923 0.318873 0.1952314 0.9274722 0.35519 0.2435548 0.9025082 0.382027 0.5750978 0.7234071 0.4025724 0.6474209 0.6471334 0.4410002 0.5111955 0.7376977 0.2432668 0.9502009 -0.1947808 0.213024 0.9270907 -0.3084213 0.2244487 0.9318663 -0.2850403 0.3109028 0.9196759 -0.239866 0.2294136 0.9209405 -0.3150207 0.3055911 0.9166741 -0.2575318 0.2311257 0.9202673 -0.3157356 0.2475796 0.9220273 -0.297607 0.2320993 0.925206 -0.3002062 0.2233304 0.9241499 -0.3099523 0.2339294 0.9223295 -0.3075473 0.3092485 0.9276853 -0.2092018 0.2988019 0.9357446 -0.1873486 0.2321139 0.9265126 -0.2961376 0.2821116 0.9457688 -0.1610414 0.2861229 0.9506786 -0.1197657 0.2713014 0.9543442 -0.1249911 0.2264691 0.9276451 -0.2969617 0.331637 0.943384 -0.006598057 0.3521311 0.9357401 0.01985101 0.3454924 0.9307765 0.1195416 0.34437 0.9307491 0.1229448 0.3736519 0.8574309 0.3538313 0.3551822 0.9039008 0.2383463 0.392204 0.8893594 0.2349804 0.4641266 0.7586409 0.4572203 0.4265604 0.731748 0.531593 0.3893051 0.8164637 0.4264136 0.3761193 0.8577268 0.3504841 0.4144375 0.8337578 0.3648143 0.380629 0.8549103 0.3524911 0.375837 0.8575348 0.3512558 0.4437803 0.4524983 0.7735013 0.3944264 0.4675625 0.7910835 0.3792869 0.4671356 0.7987025 0.3517936 0.2551876 0.9006223 0.3201251 0.2565995 0.911963 0.4041384 0.3564097 0.8424039 0.3538702 0.352817 0.8661963 0.3999202 0.4607333 0.7923311 0.4434116 0.2270916 0.867073 0.4250337 0.2116679 0.8800813 0.4148501 0.274879 0.8673759 0.3741827 0.1991275 0.9057238 0.3657899 0.1997466 0.9090099 0.5813851 0.3384391 0.7398989 0.7720221 0.4092785 0.4862849 0.7309654 0.3822103 0.565336 0.7019159 0.4427333 0.5579438 0.7050494 0.4071204 0.5806533 0.6764917 0.3701849 0.6366491 0.816008 0.424871 0.3919382 0.7904758 0.4707486 0.3918465 0.8194998 0.4394487 0.3678381 0.7652855 0.5266235 0.3701429 0.8129194 0.463467 0.3526477 0.8544213 0.4792617 0.2006799 0.825436 0.4735002 0.307332 0.8094685 0.5529227 0.1975781 0.7807126 0.5513385 0.2941322 0.8685628 0.4769757 0.1345095 0.8160401 0.566781 0.1133044 0.868162 0.4868289 0.09639638 0.8222648 0.5689627 0.01273064 0.8455257 0.5339337 -0.00102357 0.8448768 0.5310537 -0.06453814 0.8435157 0.5348789 -0.048844 0.7588606 0.6052389 -0.2404505 0.7829901 0.5021992 -0.3670456 0.8099187 0.5216498 -0.2681662 0.7885256 0.501511 -0.3559692 0.793361 0.4825561 -0.3711037 0.7844594 0.5103272 -0.3524054 0.7955097 0.4829401 -0.3659689 0.7972758 0.5225422 -0.3021606 0.7961466 0.5064372 -0.3311675 0.7960085 0.4396243 -0.416054 0.7987051 0.4525376 -0.3965854 0.7742138 0.4709645 -0.4228303 0.6786607 0.7028238 -0.2132095 0.6823818 0.7234625 -0.1046758 0.6131132 0.7647194 -0.1982334 0.5801498 0.7939306 -0.1819352 0.3091313 0.909626 -0.2775218 0.3886756 0.8905187 -0.236448 0.407627 0.8933927 -0.1889172 0.4222604 0.882247 -0.2081739 0.4423533 0.8722961 -0.208382 0.4027985 0.9114062 -0.08421464 0.3837593 0.9228554 -0.0326606 0.4154945 0.8983808 -0.1423946 0.510332 0.8311348 -0.2208535 0.5549366 0.8024673 -0.2192982 0.6906225 0.6840558 0.2347515 0.7496715 0.6477443 0.1357197 0.7623538 0.6457665 -0.04245293 0.7790837 0.6242131 0.05819479 0.6833378 0.7292209 0.03586684 0.4130025 0.888781 0.1987391 0.4559396 0.8179192 0.350895 0.4594038 0.8791937 0.1263591 0.5149705 0.8170053 0.2594375 0.4907193 0.8699186 0.04935802 0.5133439 0.8573211 -0.03845072 0.60943 0.7922696 -0.03006579 0.7389989 0.6463441 -0.1900522 0.7072576 0.648322 -0.2818958 0.4715196 0.3898508 0.7910029 0.4799028 0.4771337 0.7362314 0.4815691 0.5558384 0.6775949 0.4858838 0.6300569 0.6057601 0.4138767 0.6541168 0.6331171 0.4764382 0.6929075 0.5411893 0.4090315 0.6548794 0.6354733 0.8601194 0.3961068 0.3213939 0.5655675 0.7046104 0.4285528 0.5773527 0.6491115 0.4952959 0.5872492 0.5850536 0.5593306 0.5923249 0.5162004 0.6186181 0.5925566 0.4433747 0.6725292 0.6891224 0.4877056 0.5359604 0.6796564 0.5512002 0.4839893 0.6655111 0.6111038 0.4285406 0.6467697 0.6667688 0.3702815 0.6178492 0.7259935 0.3019864 0.5461686 0.7604125 0.3513869 0.3736536 0.6633438 0.6483502 0.277306 0.2082112 0.9379496 0.3150811 0.258374 0.9132178 0.3150811 0.258374 0.9132178 0.3151785 0.2588106 0.9130606 0.3378395 0.3701908 0.8653457 0.3756069 0.5851551 0.7186883 0.3351496 0.4786942 0.8114965 0.3288908 0.4846731 0.8105078 0.3733268 0.6632899 0.6485936 0.3749112 0.7226792 0.5806689 0.3644162 0.7785837 0.5108896 0.3784954 0.5585426 0.7380863 0.3809587 0.5947603 0.7079058 0.3349316 0.8697872 0.3623411 0.2091503 0.9255387 -0.315649 0.2542463 0.9469817 -0.1964295 0.2651317 0.956255 -0.1236187 0.2701147 0.9559815 -0.1146181 0.3001385 0.9538823 0.005046811 0.2999931 0.9539312 0.004408644 0.3042935 0.9436323 0.130244 0.3256225 0.9372279 0.1247952 0.346091 0.9063638 0.242334 0.3405461 0.8682699 0.3607433 0.3405618 0.868284 0.3606946 -0.3246717 0.841689 0.4314487 -0.3629718 0.8943059 0.2616648 -0.32588 0.8935554 0.3088057 -0.5135 0.8534363 -0.08924236 -0.5129285 0.8549658 -0.07705776 -0.399638 0.9165811 0.01298715 -0.2061721 0.9779032 0.03461798 -0.2694728 0.9623765 0.03486893 -0.2445441 0.9696368 -0.001634298 0.1919872 0.9334661 -0.3029554 0.1848141 0.9471586 -0.2621723 0.1616086 0.9655197 -0.2040938 0.3054652 0.5483939 0.7784312 0.1907516 0.2774631 0.9416093 0.1477882 0.3043191 0.9410359 0.1866545 0.3400017 0.9217152 0.2244323 0.2791824 0.933642 0.2377955 0.2994291 0.9240105 0.2543248 0.4204218 0.870956 0.3156797 0.3810928 0.8689733 0.2858006 0.2678375 0.9200984 0.3334261 0.6535957 0.6794407 0.3123001 0.6910165 0.6518932 0.324191 0.7705456 0.5487802 0.3607685 0.7237957 0.5881886 0.3142377 0.8333723 0.4546925 0.2839306 0.9491206 0.136211 0.3050873 0.9183889 0.2519595 0.2536925 0.9426623 0.2168591 0.247019 0.9638149 -0.100212 0.2745797 0.9615636 -0.00122813 0.2494693 0.9676383 0.03796402 0.2189705 0.9340232 -0.2822278 0.2142336 0.9341984 -0.285267 0.2242928 0.944411 -0.240376 0.2286053 0.9617416 -0.1509726 0.2123125 0.9465004 -0.2430236 0.204016 0.9648689 -0.1655459 0.2075471 0.9471469 -0.2446161 0.1994798 0.9475144 -0.2498484 0.181652 0.9663908 -0.1819102 0.1950935 0.947937 -0.2517023 0.1877538 0.9470894 -0.2603271 0.1901552 0.9338683 -0.3028712 0.1889019 0.9334122 -0.3050536 0.1401723 0.9664826 -0.2150886 0.1486777 0.963329 -0.2233654 0.1174372 0.9762405 -0.1821071 -0.04962757 0.9970253 -0.05897134 -0.07619482 0.996887 0.02026509 -0.1381562 0.9904005 0.00444213 -0.1681889 0.9800743 0.1056738 -0.1661706 0.9858165 0.02351909 -0.4557759 0.8891729 -0.04049598 -0.4134985 0.9062916 0.08749073 -0.4583499 0.8859766 0.0704341 -0.3693471 0.9259245 0.07903513 -0.4711493 0.8806405 0.04990522 -0.3438841 0.9389958 0.005528777 -0.3472568 0.9043396 0.2481583 -0.3564295 0.9104538 0.2098378 -0.3267489 0.922806 0.2041185 -0.3998006 0.8952668 0.1966133 -0.2417096 0.8446865 0.4775784 -0.2578748 0.8127362 0.5224561 -0.2699264 0.856446 0.4400454 -0.09962395 0.7626166 0.639133 -0.1240802 0.7250102 0.6774691 -0.1394754 0.7088831 0.6913982 -0.2198708 0.7304733 0.6465799 -0.1630248 0.7523745 0.638244 -0.2096668 0.7025741 0.6800217 -0.180461 0.6871482 0.7037479 -0.09812563 0.6906365 0.7165142 -0.03403129 0.721187 0.691904 -0.06703166 0.6551351 0.7525322 -0.0006669756 0.6695338 0.7427813 -0.06529267 0.5742268 0.8160885 0.006121021 0.5337632 0.8456118 0.07695586 0.6024567 0.7944329 0.0882129 0.4660881 0.8803297 0.1156408 0.4172597 0.9013998 0.1254876 0.5605064 0.8185875 0.1286703 0.3940436 0.9100404 0.1771858 0.5053314 0.8445385 0.1495957 0.3541332 0.9231526 0.1482559 0.3041063 0.9410311 -0.03182954 0.9984701 -0.0452154 0.002803188 0.9973209 -0.07309683 0.02987929 0.999552 0.001724401 0.05718848 0.9874376 -0.1472975 0.09497401 0.9893189 -0.1105805 -0.003238835 0.9941792 -0.1076902 0.1127592 0.9912493 -0.06863051 0.1542273 0.9877585 -0.02338851 0.1982391 0.9800778 0.01219672 0.007578087 0.8003299 0.5995119 0.04395174 0.8827204 0.4678386 0.05776605 0.7594602 0.647984 0.09358949 0.8552016 0.5097756 0.1104464 0.7151858 0.6901528 0.1348028 0.9240904 0.3576104 0.07602687 0.9500915 0.3025657 0.01131978 0.9041093 0.4271513 -0.05324906 0.8445834 0.5327696 0.1419174 0.8231606 0.5497873 0.1659802 0.6676004 0.7257825 0.1937734 0.7878764 0.5845534 0.2248199 0.6163116 0.7547291 0.2652173 0.7382803 0.6201629 0.2947261 0.692022 0.6589704 0.2672164 0.8473643 0.4588782 0.220715 0.866906 0.446944 0.1673063 0.8980532 0.406828 0.1967843 0.9372436 0.2878373 0.2486956 0.9066917 0.3406768 -0.2203545 0.8646004 0.451564 -0.1462668 0.7941684 0.5898327 -0.1213479 0.8330914 0.5396605 -0.2255428 0.9568846 0.1830361 0.1936287 0.9651625 0.1759809 0.1218051 0.9821636 0.1432417 0.06036178 0.9954792 0.07333276 -0.04175471 0.9903313 0.1322892 -0.1068254 0.9649371 0.2397598 -0.1643299 0.9320099 0.3230376 -0.2519128 0.9345915 0.2511547 -0.2851133 0.9134431 0.2903999 -0.1927248 0.8951185 0.40202 -0.09659036 0.8857368 0.4540272 -0.04327167 0.9333692 0.3562998 0.01133628 0.9745519 0.2238752 0.2036501 0.9212397 -0.3314274 0.2036501 0.9212397 -0.3314274 0.2036501 0.9212397 -0.3314274 0.2036501 0.9212397 -0.3314274 0.2036501 0.9212397 -0.3314274 0.2036501 0.9212397 -0.3314274 0.2036501 0.9212397 -0.3314274 0.2036501 0.9212397 -0.3314274 0.2036367 0.9212454 -0.3314197 0.2036494 0.9212414 -0.331423 0.2036501 0.9212397 -0.3314274 0.2036501 0.9212397 -0.3314274 0.203652 0.9212407 -0.3314235 0.2036501 0.9212397 -0.3314274 0.2036501 0.9212397 -0.3314274 0.2036501 0.9212397 -0.3314274 0.2036501 0.9212397 -0.3314274 0.2036501 0.9212397 -0.3314274 0.2036501 0.9212397 -0.3314274 0.2036501 0.9212397 -0.3314274 0.2036501 0.9212397 -0.3314274 0.2036501 0.9212397 -0.3314274 0.2036501 0.9212397 -0.3314274 0.2036501 0.9212397 -0.3314274 0.2036515 0.9212396 -0.3314267 0.2036501 0.9212397 -0.3314274 0.2036393 0.9212448 -0.3314199 0.2036385 0.9212449 -0.3314199 0.2036374 0.9212452 -0.3314198 0.2036501 0.9212397 -0.3314274 0.2036501 0.9212397 -0.3314274 0.2036501 0.9212397 -0.3314274 0.2036501 0.9212397 -0.3314274 0.2036501 0.9212397 -0.3314274 0.2036501 0.9212397 -0.3314274 0.2036501 0.9212397 -0.3314274 0.2036501 0.9212397 -0.3314274 0.2036501 0.9212397 -0.3314274 0.2036501 0.9212397 -0.3314274 0.2036501 0.9212397 -0.3314274 0.2036501 0.9212397 -0.3314274 0.2036501 0.9212397 -0.3314274 0.2036501 0.9212397 -0.3314274 0.2036522 0.9212397 -0.3314261 0.2036524 0.92124 -0.331425 0.2036528 0.9212409 -0.3314222 0.2036536 0.9212425 -0.3314173 0.2036501 0.9212397 -0.3314274 0.2036501 0.9212397 -0.3314274 0.2036501 0.9212397 -0.3314274 0.2036501 0.9212397 -0.3314274 0.2036501 0.9212397 -0.3314274 0.2036501 0.9212397 -0.3314274 0.2036501 0.9212397 -0.3314274 0.2036519 0.9212405 -0.3314241 0.2036501 0.9212397 -0.3314274 0.2036501 0.9212397 -0.3314274 0.203656 0.9212521 -0.3313893 0.2036522 0.9212394 -0.3314268 0.2036585 0.9212693 -0.3313398 0.203648 0.9212444 -0.3314156 0.2036403 0.9212445 -0.3314199 0.2036501 0.9212397 -0.3314274 0.2036501 0.9212397 -0.3314274 0.2036501 0.9212397 -0.3314274 0.2036501 0.9212397 -0.3314274 0.2036501 0.9212397 -0.3314274 0.2036501 0.9212397 -0.3314274 0.2036501 0.9212397 -0.3314274 0.2036501 0.9212397 -0.3314274 -0.8257228 -0.3993951 0.3983283 -0.8253414 -0.4001966 0.3983143 -0.8268162 -0.3971835 0.3982716 -0.8250162 -0.4009208 0.3982597 -0.8263368 -0.3983232 0.3981283 -0.8273176 -0.39636 0.3980507 -0.8245848 -0.4015923 0.3984765 -0.8244386 -0.4018703 0.3984986 -0.1503948 0.326942 -0.9330007 -0.2155339 0.1076874 -0.9705403 -0.1450035 0.3161343 -0.9375677 -0.1896691 0.184986 -0.9642644 -0.1423513 0.3205667 -0.9364684 -0.1676367 0.2711226 -0.9478346 -0.2075324 0.1330455 -0.9691384 -0.2228584 0.08342807 -0.9712744 -0.162972 0.2517055 -0.9539835 -0.07952202 0.4479116 -0.8905344 -0.1453801 0.3206721 -0.9359669 -0.03141974 0.5510046 -0.8339105 -0.08828097 0.4479372 -0.8896959 0.008609209 0.6589523 -0.7521354 0.01197859 0.6539384 -0.756453 0.009336331 0.647831 -0.7617269 0.01295654 0.6556871 -0.7549215 -0.0112221 0.611714 -0.7909994 -0.05713346 0.5179702 -0.8534885 -0.0557764 0.5141576 -0.8558802 0.09368091 0.7814391 -0.6169091 0.0946568 0.7937614 -0.6008185 0.09299531 0.7913847 -0.6042037 0.08007718 0.772462 -0.6299922 0.07501117 0.7653861 -0.639185 0.05324885 0.7337511 -0.6773285 0.03973675 0.7153668 -0.6976183 0.005474142 0.663611 -0.7480578 0.06313687 0.7410767 -0.6684452 0.03750354 0.7041387 -0.7090713 0.04201815 0.702086 -0.7108514 0.8374493 -0.5166627 -0.1781524 0.8602557 -0.4725896 -0.1913615 0.8602566 -0.472587 -0.1913639 0.8402785 -0.5114897 -0.1797509 0.7916824 -0.5913016 -0.1536274 0.7879907 -0.596696 -0.1517388 0.7351955 -0.6653129 -0.1297933 0.7275308 -0.6750962 -0.1222457 0.684665 -0.7212709 -0.1048915 0.6833216 -0.722689 -0.1038851 0.666069 -0.7400761 -0.09294849 0.6991539 -0.7054204 -0.1164726 0.679595 -0.7265212 -0.101576 0.674051 -0.7321321 -0.09817278 0.6700166 -0.7360868 -0.0961975 0.6633216 -0.7425405 -0.09294084 0.6600817 -0.7455699 -0.09174858 0.6540697 -0.751115 -0.0895493 0.6525249 -0.7525043 -0.08915505 0.6486455 -0.7559708 -0.08813088 0.6462517 -0.7580668 -0.0877131 0.6403737 -0.7631528 -0.08671367 0.6383911 -0.7648318 -0.08654005 0.6323094 -0.7699282 -0.08599701 0.6109765 -0.7886234 -0.06914383 0.6221137 -0.7799359 -0.06836992 0.633007 -0.7693756 -0.08580978 0.6330367 -0.7693289 -0.08600943 0.6147981 -0.7853529 -0.07241707 0.6156709 -0.7847595 -0.07142719 0.6177182 -0.7833615 -0.06905799 0.6291839 -0.777044 -0.01817257 0.6308483 -0.7758489 -0.009422119 0.4636509 -0.3778102 0.8014283 0.1956595 0.9144408 -0.3542816 0.2036476 0.9212377 -0.3314343 0.2036481 0.9212387 -0.3314315 0.2036501 0.9212397 -0.3314274 0.1966737 0.9047481 -0.377823 0.2036501 0.9212397 -0.3314274 0.2106724 0.9058188 -0.3675724 0.2036501 0.9212397 -0.3314274 0.2177198 0.9054636 -0.3643263 0.2260374 0.8989184 -0.3753036 0.1918223 0.9108662 -0.3654135 0.2036512 0.9212364 -0.3314359 0.2036529 0.9212369 -0.3314334 0.2036542 0.9212372 -0.3314318 0.2036524 0.9212379 -0.331431 0.2036479 0.9212287 -0.3314593 0.2036501 0.9212397 -0.3314274 0.2036501 0.9212397 -0.3314274 0.2036501 0.9212397 -0.3314274 0.2036475 0.9212392 -0.3314301 0.2036479 0.9212397 -0.3314288 0.2036487 0.9212396 -0.3314284 0.2036464 0.9212379 -0.3314345 0.2036429 0.9212335 -0.3314489 0.2036476 0.9212351 -0.3314416 0.2036454 0.9212397 -0.3314303 0.203645 0.9212388 -0.3314328 0.2036457 0.9212262 -0.3314676 0.2036439 0.9212368 -0.3314393 0.2036449 0.9212372 -0.3314375 0.2036364 0.9212232 -0.3314817 0.2036501 0.9212397 -0.3314274 0.2036501 0.9212397 -0.3314274 0.2036501 0.9212397 -0.3314274 0.2036501 0.9212397 -0.3314274 0.2036503 0.9212396 -0.3314275 0.2036479 0.9212396 -0.3314291 0.2036455 0.9212402 -0.3314287 0.2036427 0.9212345 -0.3314464 0.2036501 0.9212397 -0.3314274 0.1955947 0.9144972 -0.3541718 0.2036501 0.9212397 -0.3314274 0.2036501 0.9212397 -0.3314274 0.2036501 0.9212397 -0.3314274 0.2036501 0.9212397 -0.3314274 0.2036501 0.9212397 -0.3314274 0.2036501 0.9212397 -0.3314274 0.2036501 0.9212397 -0.3314274 0.2036501 0.9212397 -0.3314274 0.2036501 0.9212397 -0.3314274 0.2036501 0.9212397 -0.3314274 0.2036501 0.9212397 -0.3314274 0.2036499 0.9212396 -0.3314277 0.2036501 0.9212397 -0.3314274 0.2036501 0.9212397 -0.3314274 0.2036501 0.9212397 -0.3314274 0.2036501 0.9212397 -0.3314274 0.2036501 0.9212397 -0.3314274 0.2036501 0.9212397 -0.3314274 0.2036501 0.9212397 -0.3314274 0.2036501 0.9212397 -0.3314274 0.2036501 0.9212397 -0.3314274 0.2036501 0.9212397 -0.3314274 0.2036501 0.9212397 -0.3314274 0.489906 0.6275482 -0.6051242 0.4075242 0.6919601 -0.5959155 0.5001419 0.4951473 -0.7104134 0.1349777 -0.003671582 -0.9908418 0.1066818 -0.1057124 -0.9886576 0.2328677 0.03850778 -0.9717457 0.09280486 -0.1900991 -0.9773687 0.2037434 -0.1871843 -0.9609634 0.08899621 -0.2866955 -0.9538791 0.08734505 -0.3075792 -0.9475051 0.1831287 0.3501464 -0.9186193 0.173266 0.2254188 -0.9587311 0.2535653 0.2825913 -0.9251199 0.1607453 0.1433895 -0.9765246 0.1478435 0.05147141 -0.9876705 0.1931058 0.4381925 -0.8778938 0.259958 0.5072662 -0.8216464 0.1985156 0.4426913 -0.8744232 0.1796709 0.4643685 -0.8672256 0.2514173 0.7012029 -0.667161 0.1831977 0.5413761 -0.8205794 0.2133089 0.8726436 -0.4393091 0.211045 0.8238354 -0.5260754 0.2308209 0.8402036 -0.490693 0.2102596 0.7501845 -0.6269084 0.2113851 0.6899144 -0.6923398 0.2109806 0.8740524 -0.4376296 0.3757026 0.766626 -0.5207036 0.3826416 0.7654705 -0.5173396 0.3398421 0.784406 -0.518859 0.6176991 0.3428841 -0.7077275 0.5847266 0.4221158 -0.6927575 0.4988054 0.6031926 -0.622376 0.4702806 0.6774416 -0.565605 0.5953937 0.5422814 -0.5928214 0.53427 0.6026472 -0.5927663 0.6663435 -0.002430754 -0.745641 0.657482 0.1238496 -0.7432218 0.5621856 0.2618725 -0.7844553 0.6672342 0.1883888 -0.7206304 0.6545468 0.2513806 -0.7130051 0.5844222 0.02100154 -0.811178 0.5650687 -0.2168405 -0.7960387 0.5945346 -0.3059134 -0.7436031 0.5486804 -0.3512965 -0.7586439 0.5950146 -0.3122031 -0.740599 0.253268 -0.3448359 -0.9038493 0.378673 -0.3575878 -0.8536614 0.4019891 -0.2058671 -0.8922015 0.4693142 -0.3718065 -0.8009395 0.2119835 -0.2839957 -0.9350986 0.07775581 -0.3901472 -0.9174635 0.2346298 0.892679 -0.3848026 0.2661725 0.8370595 -0.4779996 0.3329793 0.6936869 -0.6386887 0.3870547 0.4957011 -0.7774761 0.4169072 0.2676583 -0.8686469 0.4211466 0.02239184 -0.9067161 0.786943 0.4662014 -0.4041993 0.7862136 0.4695199 -0.4017701 0.7859459 0.4687362 -0.4032063 0.7849768 0.476792 -0.3955767 0.7860989 0.4686436 -0.4030157 0.7409679 0.5521447 -0.3822339 0.7127198 0.5967452 -0.368681 0.7878411 0.4648791 -0.4039724 0.7909699 0.4594638 -0.404054 0.808773 0.4274737 -0.4039215 0.7944864 0.4524686 -0.4050476 0.8472719 0.4274378 -0.3153208 0.7942069 0.4516756 -0.4064783 0.7908486 0.4563607 -0.4077909 0.7924378 0.4541167 -0.4072104 0.794092 0.4517851 -0.406581 0.795333 0.4499925 -0.4061431 0.8023293 0.4348266 -0.4088931 0.7874641 0.4685651 -0.4004334 0.7937554 0.4823603 -0.3705145 0.7946141 0.4545164 -0.4024963 0.7969239 0.4506983 -0.4022229 0.7937901 0.455654 -0.4028357 0.7923989 0.4578334 -0.4031037 0.7911225 0.4598476 -0.4033179 0.7908344 0.4603005 -0.4033663 0.7902959 0.4611496 -0.4034519 0.7907009 0.4605046 -0.4033951 0.7876238 0.4653902 -0.4038077 0.7873773 0.4657775 -0.4038418 0.7839533 0.471184 -0.4042312 0.7872065 0.4660481 -0.4038627 0.7900191 0.4615515 -0.4035343 0.7898246 0.4618653 -0.4035561 0.7898091 0.4618903 -0.4035579 0.8615425 0.3249636 -0.3900554 0.8587288 0.3410823 -0.3824235 0.8386052 0.3385052 -0.4267968 0.8574891 0.376013 -0.351179 0.8324816 0.3581155 -0.422762 0.8094614 0.3743535 -0.4523623 0.8163588 0.3831463 -0.4321541 0.8035999 0.4064313 -0.4347882 0.818368 0.4122776 -0.400376 0.7922352 0.4271991 -0.4357342 0.789007 0.4246527 -0.4440023 0.7951295 0.4269298 -0.430697 0.9227346 0.2458053 -0.2968848 0.8949746 0.241209 -0.3752848 0.8970094 0.23061 -0.3770851 0.8979493 0.2252433 -0.3780907 0.8985311 0.2215365 -0.3788977 0.8990178 0.2179811 -0.3798041 0.899402 0.2145402 -0.3808525 0.9006946 0.2105621 -0.3800169 0.9232401 0.2458527 -0.2952696 0.9045023 0.2034483 -0.3748125 0.8840653 0.1948053 -0.4248286 0.9082066 0.1909283 -0.3724342 0.9225523 0.1707962 -0.3460144 0.9174739 0.1542675 -0.366665 0.9184869 0.1515319 -0.3652668 0.9389519 0.149025 -0.3100982 0.9195764 0.1483872 -0.3638137 0.9206469 0.1451365 -0.3624151 0.9096992 0.1846631 -0.3719502 0.9130661 0.1760099 -0.3678733 0.9371799 0.1473564 -0.3161961 0.9153775 0.1638076 -0.3677649 0.9160304 0.1578627 -0.368738 0.9230367 0.1374847 -0.3593067 0.9252191 0.1303831 -0.3563283 0.8987361 0.1539642 -0.4105709 0.9232486 0.141099 -0.3573558 0.9214153 0.1503588 -0.3583101 0.9208078 0.1533855 -0.3585887 0.9202226 0.1563253 -0.3588214 0.9196632 0.1591869 -0.3589974 0.9189202 0.1630834 -0.3591511 0.9177805 0.1693578 -0.3591613 0.9154337 0.1751984 -0.3623349 0.9145335 0.1749324 -0.3647288 0.9119393 0.186341 -0.3655732 0.8840888 0.1995317 -0.4225803 0.8985162 0.2146738 -0.3828627 0.9102996 0.1962465 -0.3644749 0.8693209 0.2450835 -0.429203 0.8745838 0.246133 -0.4177581 0.9086294 0.2035708 -0.3646251 0.9062918 0.209403 -0.3671316 0.9016373 0.2214504 -0.3714968 0.8965792 0.2347592 -0.3755448 0.902764 0.2185028 -0.3705047 0.9049515 0.2128197 -0.3684707 0.9039374 0.2154419 -0.3694346 0.8374874 0.3378503 -0.429502 0.8582335 0.3103626 -0.4087913 0.8435854 0.3004933 -0.4450477 0.8561607 0.2925247 -0.4259321 0.9042711 0.2911196 -0.312319 0.8809466 0.2620194 -0.3940545 0.8539583 0.2407263 -0.461309 0.9170402 0.06108693 -0.3940883 0.8431579 0.04010831 -0.5361679 0.9291434 0.07158499 -0.3627232 0.9473364 0.1287369 -0.2932244 0.8933047 0.1501526 -0.4236284 0.9202881 0.1215042 -0.3718958 0.9316381 0.100049 -0.3493431 0.9725009 -0.02812978 -0.231194 0.9724731 -0.02815287 -0.231308 0.9319046 -0.03329598 -0.361172 0.9509483 -0.01269809 -0.3090892 0.9389048 -0.02070154 -0.3435538 0.970543 0.02174711 -0.2399445 0.9235087 0.01245428 -0.3833751 0.9465331 0.03787249 -0.3203761 0.9375001 0.02381996 -0.3471689 0.9131703 0.05840872 -0.4033714 0.9649665 0.07258235 -0.2521338 0.9629866 0.07934054 -0.2576081 0.9699738 -0.1216736 -0.2105859 0.9699599 -0.1216743 -0.2106496 0.9341687 -0.1257779 -0.3339294 0.955696 -0.1085489 -0.2736098 0.9370777 -0.1085715 -0.3318095 0.9711985 -0.07497919 -0.2261672 0.9329418 -0.07998247 -0.3510306 0.9533695 -0.06156424 -0.2954597 0.9389461 -0.06481168 -0.3379047 0.9479408 -0.03961986 -0.3159724 0.9390827 -0.2235304 -0.2610707 0.9511467 -0.2034401 -0.2322327 0.9268577 -0.2172352 -0.306176 0.9646738 -0.1731719 -0.1985346 0.9284455 -0.1931096 -0.3173289 0.9541743 -0.1571279 -0.2546805 0.9331763 -0.1266212 -0.3363764 0.9334239 -0.1512943 -0.3253149 0.944797 -0.1760606 -0.2763355 0.9307242 -0.2723615 -0.2440729 0.9432329 -0.2793603 -0.1796375 0.9458406 -0.2491813 -0.2080727 0.9229076 -0.23521 -0.3048242 0.9157765 -0.262062 -0.3044287 0.9562667 -0.2225477 -0.1898063 0.9197738 -0.273947 -0.2810146 0.9307242 -0.2723615 -0.2440729 0.9274005 0.3102976 -0.2089109 0.9469785 0.2546577 -0.1959109 0.3152744 0.1496741 0.9371231 0.358 0.1621363 0.9195368 0.4328386 0.1801596 0.8832855 0.3134418 0.1511447 0.9375017 0.3557694 0.1654037 0.9198205 0.429328 0.1898821 0.8829622 0.7087696 0.3379773 0.6192068 0.8693397 0.4373288 -0.2301998 0.8766645 0.435916 -0.20356 0.8291746 0.4608774 -0.3163249 0.8778682 0.469523 -0.09431638 0.8811564 0.4694413 -0.0564649 0.8969469 0.4398942 -0.04448949 0.8777767 0.4611456 0.1298181 0.8460997 0.4665881 -0.2577031 0.8428943 0.4736694 -0.2552774 0.8742586 0.4511909 0.1791611 0.8835764 0.4300134 0.1854217 0.8234487 0.3976071 0.4047725 0.6270099 0.298154 0.7196963 0.6264121 0.3004949 0.7192432 0.3068235 0.1548211 0.9390899 0.4226831 0.1990051 0.8841583 0.5823558 0.2628717 0.7692595 0.3137555 0.1532363 0.9370572 0.3165931 0.1552042 0.935778 0.3173595 0.1568023 0.9352518 0.4322761 0.1690228 0.8857588 0.3528027 0.1534202 0.9230344 0.3186075 0.1492947 0.9360557 0.3242255 0.1465906 0.9345528 0.3614088 0.1508014 0.9201318 0.4518654 0.1603753 0.877552 0.5400476 0.1692627 0.8244384 0.6035614 0.197176 0.7725511 0.5403882 0.1703743 0.8239862 0.8025914 0.1850102 0.5671139 0.7629518 0.2181261 0.6085438 0.8644305 0.205151 0.4589912 0.8824296 0.2267024 0.4122184 0.8646919 0.2080364 0.4571966 0.9141178 0.203508 0.3506753 0.7259116 0.1837968 0.6627753 0.7258755 0.1832783 0.6629583 0.6372793 0.1779994 0.7497942 0.9497716 0.1997072 0.2409378 0.9552851 0.2232329 0.1939006 0.9539436 0.1784045 0.2411709 0.9784644 0.1708595 -0.1158205 0.982217 0.1876235 0.006862076 0.9775294 0.2079477 -0.03455423 0.9872021 0.1591158 0.01068224 0.9775154 0.168975 0.1261393 0.9604433 0.1567569 -0.2301649 0.9584042 0.1784105 -0.2227803 0.9590847 0.1594361 -0.2339587 0.8926528 0.3788972 -0.2441474 0.8451054 0.311612 -0.4343902 0.5977003 0.2183549 0.7714113 0.7545273 0.2510668 0.6063447 0.8715462 0.2705083 0.4089407 0.942311 0.2756125 0.1899679 0.9631484 0.2661121 -0.03910806 0.5906066 0.2414599 0.7699877 0.7432463 0.2872951 0.6041908 0.8566091 0.3179498 0.4063605 0.9246406 0.3317746 0.1869902 0.9437118 0.3280152 -0.04259212 0.7295673 0.3219635 0.603383 0.8387412 0.3643963 0.4046338 0.9034422 0.3867326 0.185014 0.9203249 0.388598 -0.04465103 0.3080243 0.08371435 0.9476882 0.3402871 0.08865092 0.9361334 0.4733514 0.07496975 0.8776776 0.9837509 -0.169989 -0.05777463 0.3005963 0.06524453 0.9515172 0.3373649 0.06951575 0.9388038 0.4684576 0.04789385 0.8821869 0.5997551 -0.05871225 0.7980267 0.5920426 -0.07953975 0.801972 0.4953707 -0.05173997 0.8671395 0.9919319 0.1139591 0.05553706 0.3237482 0.01970525 0.9459381 0.4075551 -0.03992096 0.9123076 0.199446 0.05015417 0.9786245 0.2871335 -9.823895e-05 0.9578906 0.9944182 -0.06469463 -0.08334934 0.9959649 -0.01218687 -0.0889121 0.9943728 0.04062102 -0.09783996 0.989275 0.1003834 -0.106104 0.9202935 0.1604504 0.3568132 0.9576165 0.1538784 0.2434998 0.9595471 0.1320657 0.2486526 0.9622048 0.08078843 0.2600675 0.9958294 0.06068225 0.06812816 0.9618316 0.02974471 0.2720205 0.9966936 0.007349621 0.08091893 0.9584028 -0.02237257 0.2845409 0.9944217 -0.0467785 0.09453747 0.9662984 0.1085104 -0.233437 0.9685859 0.1039731 -0.2259001 0.9865713 0.1230928 -0.1073552 0.9906852 0.1357446 0.01078142 0.303018 0.1040186 0.947291 0.3569923 0.09903611 0.9288425 0.4762145 0.09975638 0.8736523 0.4754739 0.146599 0.8674291 0.3366644 0.136728 0.9316451 0.3295333 0.1287902 0.9353186 0.4765662 0.1228827 0.8705082 0.6361906 0.1506077 0.7566894 0.3425994 0.1059143 0.9334923 0.3241189 0.1154597 0.9389441 0.342989 0.1203928 0.9315923 0.7499402 -0.1553276 0.6430109 0.6825877 -0.1089439 0.7226377 0.7400981 -0.1045952 0.6643152 0.675454 -0.1278959 0.7262263 0.7770856 0.150336 0.6111768 0.7775465 0.1118221 0.6188031 0.6347174 0.120709 0.7632582 0.7751809 0.0716538 0.6276626 0.6319591 0.08855603 0.7699257 0.7704995 0.03024178 0.6367228 0.627291 0.0549203 0.7768461 0.6204958 0.0191515 0.7839759 0.4623354 0.01843286 0.8865135 0.2966218 0.04327144 0.9540142 0.3328961 0.04643181 0.9418196 0.3330043 0.0479599 0.9417048 0.454858 -0.01822786 0.8903774 0.6114098 -0.01871289 0.7910928 0.7632676 -0.01308268 0.64595 0.8836934 0.003710207 0.4680514 0.8881197 0.05145437 0.456723 0.8895485 0.09813251 0.4461766 0.888036 0.144391 0.4365127 0.9539233 -0.2757439 -0.1183032 0.9732349 -0.2243875 -0.04963912 0.9681677 -0.21608 -0.1263358 0.9595241 -0.2550457 0.1194371 0.9678407 -0.2103454 0.1379824 0.9639847 -0.265951 0.001869294 0.9542594 -0.2751278 -0.1170197 0.9589381 -0.2566223 0.1207593 0.9408915 -0.240114 0.2388901 0.9282098 -0.182109 0.3244425 0.9140282 -0.2026799 0.3513877 0.907916 -0.2245174 0.3539499 0.8522506 -0.146316 0.5022555 0.871787 -0.1855943 0.4533676 0.8135852 -0.1798419 0.552934 0.9909732 -0.116199 -0.0668574 0.988954 -0.1007941 0.1086764 0.9801591 -0.1552477 0.1232328 0.9517703 -0.07477321 0.2975604 0.9418271 -0.1281177 0.3107212 0.8763902 -0.04518186 0.4794776 0.865975 -0.09534413 0.4909143 0.7530986 -0.05794063 0.6553513 0.2674224 0.1323785 0.9544429 0.8718442 0.1644441 0.4613521 0.8717072 0.1644401 0.4616125 0.4914813 -0.06924223 0.8681311 -0.886937 0.446882 0.1167872 -0.88199 0.4570601 0.1148464 -0.8810944 0.4703159 0.04975523 -0.8631474 0.4260499 -0.2710316 -0.8678508 0.4625495 -0.1813367 -0.8119148 0.4630147 -0.3555443 -0.9005344 0.4065019 0.1542531 -0.8970432 0.4132033 0.1567691 -0.9137454 0.398195 0.08068513 -0.9035748 0.4025836 0.1465575 -0.9032245 0.4046405 0.1430087 -0.9002948 0.4068448 0.1547469 -0.8968702 0.4422447 0.006593301 -0.8919033 0.4316057 0.1350003 -0.3340057 0.3071364 -0.8911271 -0.271655 0.2611665 -0.9262805 -0.3661525 0.2915617 -0.8836991 -0.4822875 0.3665313 -0.7956466 -0.456334 0.3239317 -0.8287506 -0.5489213 0.3551657 -0.7566656 -0.6155355 0.4139576 -0.6706379 -0.6328826 0.3808775 -0.674086 -0.6883075 0.3962718 -0.6076195 -0.7278301 0.4471641 -0.5199111 -0.7824601 0.4167601 -0.4626741 -0.8209207 0.4225236 -0.3841393 -0.9097742 0.4134891 -0.03657539 -0.8931961 0.4226965 -0.1533896 -0.2841184 0.2818007 -0.9164415 -0.2302462 0.2537053 -0.9394787 -0.2209218 0.2476199 -0.9433334 -0.2137975 0.2532367 -0.9434839 -0.2139516 0.2544798 -0.9431144 -0.3826476 0.3271558 -0.8640312 -0.4776394 0.3683914 -0.7975891 -0.5640114 0.4050289 -0.7196129 -0.6421683 0.4345271 -0.631511 -0.6821932 0.449007 -0.577066 -0.7481617 0.4690732 -0.4692808 -0.7750729 0.476059 -0.4154874 -0.820296 0.4859642 -0.3015845 -0.8525758 0.4881601 -0.1865859 -0.872852 0.4834077 -0.06668191 -0.6866907 0.547742 -0.4779484 -0.6338772 0.4329569 -0.6408963 -0.6606217 0.4381006 -0.6096285 -0.6220945 0.4550648 -0.6371142 -0.5829057 0.3642415 -0.7263257 -0.5379452 0.2823059 -0.7943037 -0.4754018 0.1879417 -0.8594597 -0.4921958 0.2121285 -0.8442421 -0.2372149 0.1922161 -0.9522511 -0.238357 0.1943565 -0.9515311 -0.3419329 0.2669685 -0.9010048 -0.2245248 0.2143668 -0.9505974 -0.7133835 0.7002679 -0.02662399 -0.6771631 0.7357844 0.00845575 -0.7020831 0.7001602 -0.129827 -0.6951848 0.7116763 -0.1011677 -0.6724048 0.7387767 -0.04561609 -0.6756409 0.7319604 -0.087997 -0.8375466 0.506379 -0.2051731 -0.8720472 0.4790887 0.1000382 -0.8641805 0.503169 -0.003603017 -0.8628199 0.4853749 0.1412554 -0.853551 0.5209617 0.007040817 -0.853808 0.5185253 0.04629766 -0.8425425 0.5271994 0.1103761 -0.8283044 0.5494029 0.1098558 -0.8406475 0.5408668 -0.02783593 -0.8252862 0.56208 0.05448542 -0.8063491 0.5815892 0.1074952 -0.8065791 0.5817701 0.1047559 -0.8156807 0.5773201 -0.03696476 -0.7994275 0.5996166 0.03709076 -0.7730145 0.6321767 0.05292643 -0.7565686 0.6519369 0.05081551 -0.780094 0.6193008 -0.0889935 -0.7614734 0.6412904 -0.0943655 -0.7714005 0.6127137 -0.1718231 -0.7349931 0.6710669 -0.09723296 -0.7569416 0.651916 -0.04522145 -0.7138357 0.6992417 0.0387243 -0.6768498 0.648358 -0.3485774 -0.6813877 0.6459248 -0.3442266 -0.6700903 0.5967713 -0.4414102 -0.644972 0.534733 -0.5459595 -0.6491 0.5331121 -0.5426423 -0.6747425 0.7335356 -0.08153589 -0.7088814 0.6282068 -0.3206918 -0.6818056 0.6973994 -0.2208509 -0.4821389 0.3420848 -0.8065482 -0.6057021 0.4053474 -0.6847032 -0.7090247 0.455472 -0.5383578 -0.7866016 0.4893846 -0.3765112 -0.3666601 0.2249454 -0.9027513 -0.2668872 0.1599999 -0.9503532 -0.1924329 0.1447355 -0.9705778 -0.2820763 0.08947548 -0.9552105 0.3574289 -0.05496292 -0.9323217 -0.377326 0.1711247 -0.9101327 -0.2127879 0.1154795 -0.9702504 -0.2156792 0.0990786 -0.9714247 -0.8214333 0.5236358 -0.2259487 -0.2629426 -0.005533909 -0.9647956 -0.2899818 0.05275492 -0.955577 -0.3833941 0.1298812 -0.9144068 -0.2437329 0.03380567 -0.969253 -0.7755727 0.4925018 -0.3948784 -0.7998255 0.5463491 -0.2485594 -0.2900815 -0.04729895 -0.9558324 -0.299651 -0.02440753 -0.9537366 -0.3819578 0.08264358 -0.9204772 -0.2921657 -0.01121102 -0.956302 -0.2731841 -0.00842295 -0.9619249 -0.7392676 0.6022427 -0.3013091 -0.7117668 0.5297837 -0.4612128 -0.7380593 0.5138547 -0.4372892 -0.6798393 0.4356602 -0.5899311 -0.6941818 0.437022 -0.571947 -0.5974648 0.3411486 -0.725709 -0.6038778 0.3577348 -0.7122903 -0.4955813 0.2358697 -0.8359214 -0.4940381 0.2671175 -0.8273902 -0.7716389 0.5741011 -0.2738273 -0.759818 0.5003584 -0.4151122 -0.7032678 0.4445312 -0.5548031 -0.6058565 0.3806541 -0.6985989 -0.488506 0.304239 -0.8178022 -0.4753935 0.1879295 -0.859467 -0.4141141 0.09968216 -0.9047502 -0.3449442 0.003015216 -0.9386183 -0.3485644 0.002342798 -0.9372819 -0.3118349 -0.04183905 -0.9492147 -0.58465 0.3299099 -0.7411774 -0.586265 0.3628628 -0.7243093 -0.2740902 -0.09140929 -0.9573499 -0.266888 -0.07440391 -0.9608511 -0.2618235 -0.06133304 -0.9631649 -0.260567 -0.0471084 -0.9643058 -0.2551656 -0.02579457 -0.9665532 -0.2499289 -0.01230969 -0.968186 -0.2435298 0.007112645 -0.9698673 -0.2357348 0.02530281 -0.971488 -0.2251807 0.06153554 -0.9723719 -0.2186522 0.08900215 -0.9717355 -0.2204798 0.09186258 -0.9710561 -0.2129187 0.1103046 -0.9708236 -0.196969 0.1536522 -0.9682945 -0.1882886 0.1789233 -0.9656779 -0.1907778 0.1802256 -0.9649469 -0.1834644 0.1998495 -0.9624973 -0.1734272 0.2257746 -0.9586182 -0.1733542 0.2302829 -0.9575584 -0.1247847 0.212291 -0.9692065 -0.1742977 0.2214821 -0.9594613 -0.1580781 0.2086249 -0.9651357 -0.1796416 0.2077546 -0.961544 -0.1144615 0.1624637 -0.9800531 -0.198255 0.1612272 -0.9667992 -0.1555804 0.1626445 -0.9743416 -0.2054339 0.1383527 -0.9688423 -0.1877967 0.06380442 -0.9801333 -0.2243891 0.08182106 -0.9710586 -0.1860466 0.07710651 -0.9795107 -0.2138189 0.1157328 -0.9699935 -0.1474037 0.08833705 -0.9851237 -0.1592966 0.1626778 -0.9737353 -0.1376881 0.1258306 -0.9824503 -0.1900027 0.1282386 -0.9733724 -0.2543917 -0.01725534 -0.9669473 -0.2650425 -0.03940225 -0.9634313 -0.2034812 -0.003265989 -0.9790734 -0.271889 -0.07725229 -0.9592228 -0.273883 -0.09286651 -0.957269 -0.2141973 -0.06287823 -0.9747645 -0.2043647 -0.004747609 -0.9788833 -0.2100253 -0.06123678 -0.9757763 -0.2354971 -0.04843637 -0.9706673 -0.2201502 -0.023409 -0.9751851 -0.2708247 -0.06302868 -0.960563 -0.2748937 -0.04898049 -0.9602262 -0.1730269 0.03716003 -0.9842158 -0.1969868 0.0511937 -0.9790686 -0.2330773 0.05751595 -0.9707558 -0.2244114 0.08097194 -0.9711246 -0.2355359 0.0118162 -0.9717938 -0.2450865 0.01860854 -0.9693226 -0.2498344 0.004438361 -0.9682784 -0.1794309 0.06446043 -0.9816565 -0.17917 0.06485287 -0.9816783 -0.2218467 0.08219981 -0.9716106 -0.1955986 0.08449768 -0.977037 -0.2182776 0.1006653 -0.9706809 -0.15165 0.09336431 -0.9840149 -0.2099465 0.145715 -0.9667935 -0.1757877 0.1151524 -0.97767 -0.2003238 0.1637943 -0.9659409 -0.136637 0.1351594 -0.9813574 -0.1341259 0.1812264 -0.9742522 -0.1221564 0.1781474 -0.976392 -0.1786023 0.2212403 -0.9587252 -0.142976 0.2050025 -0.9682623 -0.1123303 0.218649 -0.9693165 -0.1550257 0.1576589 -0.975249 -0.1352082 0.1798402 -0.9743594 -0.1929776 0.1682566 -0.9666692 -0.1915832 0.192008 -0.9625117 -0.4515229 0.3686413 -0.8125458 -0.4832924 0.4100628 -0.7734836 -0.5516115 0.3660545 -0.7494857 -0.6084777 0.7393697 -0.2882489 -0.5861526 0.7847849 -0.2013399 -0.6751607 0.6888445 -0.2639153 -0.7862327 0.2719826 -0.5548545 -0.7158092 0.2648565 -0.6461178 -0.7732005 0.3031878 -0.5569902 -0.5383889 0.1825393 -0.8226887 -0.4527316 0.1429507 -0.8801132 -0.4342126 0.1807218 -0.8824959 -0.3351838 0.1202599 -0.934446 -0.3380947 0.1290477 -0.9322224 -0.6958022 0.2328137 -0.6794535 -0.6767115 0.1700982 -0.7163297 -0.5734315 0.2075237 -0.7925341 -0.5351822 0.2095485 -0.8183334 -0.8450722 0.2818043 -0.454356 -0.837868 0.3132834 -0.4470243 -0.8505508 0.2905232 -0.43836 -0.8996185 0.3183625 -0.2988842 -0.8913815 0.2914168 -0.3471533 -0.9218336 0.3169121 -0.2231357 -0.9222332 0.316288 -0.2223688 -0.9221455 0.3167196 -0.2221181 -0.9481635 0.3170235 0.02195748 -0.9433213 0.3174021 -0.09695788 -0.9355593 0.3424491 -0.08635621 -0.9446507 0.3072809 0.1149497 -0.9471299 0.3199415 0.02413168 -0.9450236 0.3188655 0.0724928 -0.9355428 0.29501 0.1942387 -0.9365356 0.2928879 0.1926597 -0.9315671 0.2964207 0.2105171 -0.9406544 0.3032558 0.1523324 -0.9366621 0.3135162 0.1561145 -0.9379381 0.3349565 0.08986837 -0.935678 0.3159159 0.1571743 -0.933131 0.3192238 0.1654167 -0.9315823 0.3465931 0.1096705 -0.9318602 0.322557 0.1661133 -0.9263776 0.3534009 0.130124 -0.9277969 0.3098959 0.2077436 -0.9285796 0.3068409 0.2087788 -0.9262733 0.3071374 0.2183673 -0.9263473 0.3228951 0.1939575 -0.9077043 0.4106154 0.08641713 -0.9221554 0.328611 0.2040692 -0.8532781 0.5043973 0.1322875 -0.8991319 0.4003844 0.1767883 -0.897514 0.4226493 0.1258419 -0.8988422 0.3983215 0.1828187 -0.9121892 0.3483248 0.2158258 -0.9144289 0.3443044 0.2127776 -0.9199226 0.3318725 0.2088134 -0.9207699 0.3317259 0.2052822 -0.8701551 0.4914784 0.03576249 -0.8126048 0.5821502 0.02783052 -0.6157592 0.7879309 0.00236782 -0.6678811 0.7359939 -0.1106698 -0.6245147 0.7801046 -0.03765959 -0.7050107 0.7034268 -0.09028037 -0.6073864 0.7924814 -0.05527245 -0.6103821 0.7709752 -0.1817439 -0.6172931 0.7768388 -0.1243812 -0.7040454 0.68891 -0.1724038 -0.6398321 0.6854141 -0.3475952 -0.5861866 0.7167432 -0.3777095 -0.5882937 0.7159186 -0.3759935 -0.5772691 0.6630354 -0.4765967 -0.6304865 0.5983326 -0.4944542 -0.5209517 0.6587944 -0.5427701 -0.5229989 0.5638542 -0.6391718 -0.5028847 0.5306298 -0.6823042 -0.6003432 0.5192947 -0.6082114 -0.5120367 0.5353598 -0.6717204 -0.5634869 0.5943746 -0.5737607 -0.5431555 0.4929717 -0.6796771 -0.5901215 0.4466708 -0.6724893 -0.546179 0.4606575 -0.6996307 -0.5432765 0.4423724 -0.7135526 -0.5753964 0.4223248 -0.7004004 -0.5171763 0.4126073 -0.7498559 -0.4178382 0.3121075 -0.8532293 -0.4913953 0.262992 -0.8302806 -0.3992943 0.2553697 -0.8805398 -0.4231405 0.2737734 -0.863713 -0.3802211 0.2114883 -0.9003914 -0.4689404 0.2310196 -0.8524816 -0.3836481 0.236183 -0.8927663 -0.3324477 0.1279445 -0.9344029 -0.295365 0.121394 -0.9476408 -0.3199273 0.1651591 -0.9329357 -0.3270014 0.1924682 -0.9252168 -0.8992308 0.3605255 -0.2478008 -0.8376345 0.3585993 -0.4120375 -0.8956927 0.3964628 -0.2013746 -0.8385616 0.4136761 -0.3545229 -0.8875654 0.437076 -0.1455753 -0.8366468 0.4669899 -0.2862563 -0.8333699 0.5105546 -0.2117278 -0.9276866 0.369597 -0.05287465 -0.9185319 0.3950519 -0.01527211 -0.8817526 0.4634847 -0.08771736 -0.8238755 0.5551375 -0.1142437 -0.4297016 0.366478 -0.8252578 -0.517675 0.3312813 -0.7888379 -0.6337957 0.3303139 -0.6994253 -0.6655026 0.4224105 -0.6153663 -0.5915916 0.2713795 -0.7591921 -0.7053364 0.2785881 -0.6518353 -0.690472 0.251325 -0.678295 -0.7017209 0.2946655 -0.6486602 -0.7465351 0.3388465 -0.5725979 -0.669651 0.7425293 -0.01475702 -0.6999899 0.7114755 0.06178015 -0.8167809 0.5713106 0.08045525 -0.8115654 0.577183 0.09067171 -0.8158794 0.5772893 -0.03283056 -0.8701196 0.4924258 -0.02021688 -0.9111528 0.4113812 0.02379223 -0.778335 0.6193263 -0.1030993 -0.7023199 0.6546527 -0.2796007 -0.7668301 0.6107192 -0.1974682 -0.7022252 0.5762604 -0.4180953 -0.7736287 0.5485546 -0.3171537 -0.6877647 0.4976232 -0.5285365 -0.769537 0.48585 -0.4144426 -0.7585508 0.4201269 -0.4980905 -0.9269248 0.2904034 0.2376473 -0.9269248 0.2904034 0.2376473 -0.9269248 0.2904034 0.2376473 -0.9269248 0.2904034 0.2376473 -0.9269248 0.2904034 0.2376473 -0.9179559 0.3273276 0.2240838 -0.9269248 0.2904034 0.2376473 -0.9096127 0.3293341 0.2532661 -0.9269248 0.2904034 0.2376473 -0.9269248 0.2904034 0.2376473 -0.9269248 0.2904034 0.2376473 -0.9269248 0.2904034 0.2376473 -0.9083698 0.2966923 0.294683 -0.9269248 0.2904034 0.2376473 -0.915572 0.2897467 0.2788813 -0.9269248 0.2904034 0.2376473 -0.9269248 0.2904034 0.2376473 -0.9269248 0.2904034 0.2376473 -0.9269248 0.2904034 0.2376473 -0.9269248 0.2904034 0.2376473 -0.926931 0.2904153 0.2376086 -0.9271461 0.2908899 0.2361847 -0.9269164 0.2904099 0.2376721 -0.9247214 0.2861234 0.2510453 -0.9269248 0.2904034 0.2376473 -0.9269322 0.2904129 0.237607 -0.9356209 0.2931361 0.1966844 -0.9269248 0.2904034 0.2376473 -0.933256 0.3002257 0.1972252 -0.9269248 0.2904034 0.2376473 -0.9269248 0.2904034 0.2376473 -0.9269248 0.2904034 0.2376473 -0.9269248 0.2904034 0.2376473 -0.9309481 0.3121263 0.1895067 -0.9299944 0.2908569 0.2247501 -0.9349486 0.3115291 0.1697669 -0.926909 0.2903399 0.2377865 -0.9269372 0.2904119 0.2375886 -0.9269117 0.290411 0.2376892 -0.9269178 0.2904132 0.2376627 -0.9269248 0.2904034 0.2376473 0.2690165 0.1654601 0.9488167 0.2649911 0.1674833 0.9495942 0.1766145 0.2544709 0.9508164 0.2666932 0.1632016 0.9498631 0.2288479 0.1920452 0.9543308 0.1633986 0.24464 0.9557469 0.2658331 0.1604086 0.9505797 0.2261693 0.1868962 0.9559902 0.1548674 0.2316899 0.9603832 -0.8852444 0.4428208 0.1423098 -0.8224959 0.4928719 0.2838623 -0.7901077 0.4986162 0.3565273 -0.6993822 0.7010286 -0.1393682 -0.5998324 0.7859465 0.1499642 -0.5823013 0.7950563 0.1697372 0.2465681 0.1988788 0.9484995 0.1822321 0.265962 0.9466022 0.04522553 0.4095077 0.911185 -0.04903057 0.529836 0.8466816 -0.04943706 0.5302333 0.8464092 -0.107579 0.5576507 0.823075 -0.06532059 0.5663905 0.8215443 -0.2556804 0.6760437 0.6910806 -0.2411972 0.72411 0.6461335 -0.1703952 0.7188626 0.6739451 -0.2459774 0.7610305 0.6002731 -0.3338159 0.7985537 0.5008782 -0.4407122 0.8464517 0.2988182 -0.3723751 0.8493027 0.3741947 -0.4812275 0.8718601 0.09099504 -0.4470456 0.8760484 0.1808023 -0.4974366 0.8583892 0.1253985 -0.3750935 0.871337 0.3163491 -0.3714655 0.84893 0.3759405 -0.541958 0.8336788 -0.1061186 -0.5329196 0.8433137 -0.06941691 -0.5117488 0.8590946 0.008342371 -0.5091465 0.8605966 0.01197391 -0.6137103 0.7885672 -0.03900667 -0.5686066 0.8221457 -0.02762307 -0.5127525 0.8584495 0.01221926 -0.7567998 0.6517892 -0.04924346 -0.6414603 0.7401688 0.2016897 -0.6430786 0.7356029 0.2129281 -0.6404397 0.7400586 0.2053052 -0.8216264 0.569488 0.02476849 -0.7540538 0.625369 0.2007898 -0.7273485 0.6476327 0.2270155 -0.7541121 0.62534 0.2006612 -0.7452433 0.6609145 0.08834297 -0.7914755 0.560864 0.2428953 -0.7553518 0.5729947 0.3179948 -0.892727 0.418592 -0.1667909 -0.8852926 0.4648828 0.01187358 -0.865529 0.4360617 0.2463935 -0.8412605 0.4480407 0.3025564 -0.8384657 0.4508144 0.3061725 -0.743158 0.5014616 0.4430039 -0.7868881 0.4585689 0.4129427 -0.6054898 0.4891715 0.6277685 -0.7177083 0.4650314 0.5183054 -0.7206155 0.4617464 0.5172074 -0.3565828 0.3948783 0.8467112 -0.4594182 0.4208606 0.7821837 -0.4356045 0.4508736 0.7790775 -0.5572977 0.4416673 0.7030997 -0.64473 0.454163 0.6148651 -0.3607177 0.3964962 0.8441999 -0.2428181 0.3888825 0.8887124 -0.2537139 0.3644276 0.8960032 -0.1424807 0.3268062 0.9342895 -0.03719932 0.3065061 0.9511415 -0.1440385 0.3277327 0.933726 0.1664496 0.2317556 0.9584278 0.1022241 0.277098 0.9553884 0.147817 0.2174404 0.9648159 0.1001481 0.2436523 0.9646781 -0.02947932 0.2839218 0.9583942 0.2670984 0.1537224 0.9513295 0.225527 0.1741094 0.9585528 0.2605637 0.1595742 0.9521778 0.2623178 0.1594449 0.9517178 -0.3919991 0.7571536 0.5225467 -0.5078877 0.7969543 0.3269769 0.02393626 0.3910704 0.9200495 -0.1470125 0.5229869 0.8395665 -0.3101837 0.6271547 0.714467 -0.4569398 0.6980354 0.5513189 -0.5795695 0.7318213 0.3585202 0.0001179694 0.363976 0.9314083 -0.184567 0.4804313 0.8573919 -0.3595048 0.5713726 0.7377599 -0.5152975 0.6319307 0.578906 -0.643789 0.6588816 0.3891153 -0.02073601 0.3343462 0.9422222 -0.2172356 0.4337366 0.8744606 -0.4023974 0.510163 0.7601382 -0.5661519 0.5594287 0.605402 -0.6998233 0.5789617 0.4183906 -0.8563783 0.4653779 0.2236955 -0.8689587 0.4677831 0.1615235 -0.8753546 0.4492538 0.1786767 -0.6155022 0.7860688 -0.05703349 -0.6306632 0.7760425 -0.004687901 -0.615854 0.7874801 0.02447341 -0.5823644 0.8126996 -0.01926212 -0.621916 0.7830394 -0.008354288 -0.5948416 0.8035055 -0.02328871 -0.5719377 0.8195518 -0.03495977 -0.6068592 0.7946513 -0.01584938 -0.6995328 0.7131764 0.04509267 -0.6899342 0.714406 0.1166829 -0.6733598 0.7377311 0.04836638 -0.6876574 0.7254387 0.02942718 -0.669506 0.7413217 -0.04694569 -0.6661486 0.7455882 0.01855437 -0.6304888 0.7760146 0.01688903 -0.6433757 0.765548 0.001998965 -0.6218176 0.7831044 -0.009500985 -0.7183749 0.6929662 0.06111763 -0.7198412 0.6921964 0.05189195 -0.7027425 0.7013841 0.1192195 -0.7387883 0.6687238 0.08366836 -0.7491345 0.6608609 -0.04539087 -0.7336856 0.6578989 0.1699248 -0.7573342 0.6492358 0.07026871 -0.771071 0.628267 0.1035863 -0.7881748 0.6154304 0.005093034 -0.795124 0.6062527 0.0153461 -0.7741272 0.6263918 0.0914358 -0.8261757 0.5491706 0.1258782 -0.8009178 0.5678203 0.1900286 -0.8052508 0.5892594 0.06591268 -0.795875 0.5903647 0.1343599 -0.7686817 0.6123212 0.1849084 -0.8201815 0.5658293 0.08449525 -0.8252535 0.5620774 0.05500673 -0.8172555 0.5523652 0.1642746 -0.8320831 0.5527424 0.04597292 -0.8281001 0.5311867 0.1791393 -0.8403921 0.5259214 0.1309499 -0.8434386 0.5009322 0.1941089 -0.8575839 0.5099718 0.06692294 -0.8580137 0.4763067 0.1922091 -0.8583796 0.489707 0.1528771 -0.8604456 0.4832677 0.1615108 -0.8749849 0.4555523 0.1639313 -0.8724116 0.4589355 0.1681552 -0.8845514 0.4314071 0.1773604 -0.8825922 0.4378015 0.17135 -0.8754633 0.4527968 0.1689353 -0.8728614 0.4767364 0.1040934 -0.8785942 0.4478061 0.1659573 -0.8770163 0.4529721 0.1601832 -0.8705142 0.4613967 0.1712253 -0.8716095 0.4583606 0.1737887 -0.8724109 0.4538101 0.1815371 -0.8836752 0.4283748 0.1887147 -0.8838693 0.4278819 0.1889237 -0.8641552 0.4380281 0.2477241 -0.7117701 0.4683138 0.5235127 -0.8827091 0.4312329 0.1867158 -0.8822888 0.4318621 0.1872474 -0.8844964 0.4262008 0.1897866 -0.8857016 0.4229411 0.1914508 -0.8863513 0.4210013 0.1927155 -0.8902299 0.4140208 0.1899408 -0.8885661 0.4166085 0.1920614 -0.8872664 0.4182611 0.1944635 -0.894033 0.4075693 0.1859899 -0.895211 0.4233942 0.1390489 -0.8935009 0.4077355 0.18817 -0.8897764 0.4349881 0.1381422 -0.8904623 0.4134034 0.190196 -0.8889742 0.4190017 0.1848311 -0.8882985 0.4205716 0.1845138 -0.8869132 0.4239825 0.1833683 -0.8943323 0.4359819 0.1004472 -0.8866623 0.424582 0.1831939 -0.8903275 0.4048343 0.2083892 -0.8899401 0.4056362 0.2084849 -0.8900963 0.4052307 0.2086065 -0.8900004 0.4053436 0.2087962 -0.8901408 0.4049219 0.2090156 -0.8899557 0.4053571 0.2089604 -0.8900713 0.4049831 0.209193 -0.8442127 0.511556 0.160048 -0.7233503 0.6849576 0.08716264 -0.7883013 0.6028529 0.1230828 -0.7156681 0.6934433 0.08340049 -0.7907373 0.6006033 0.1183649 -0.7847643 0.6093765 0.11316 -0.7916675 0.5996622 0.1169092 -0.7861132 0.6078008 0.1122686 -0.7896927 0.6031255 0.1123614 -0.8546531 0.4906832 0.1696998 -0.6309464 0.7743727 0.04747171 -0.6223143 0.7809571 0.05320624 -0.6326167 0.7726223 0.053393 -0.6079553 0.7901404 0.0779007 -0.6167065 0.7835446 0.07570277 -0.5981021 0.796079 0.09236913 -0.6258876 0.7776135 0.05984961 -0.6249351 0.7757204 0.08782922 -0.8845237 0.3328579 0.3268386 -0.83865 0.3871441 0.3831261 0.1966651 0.2521885 0.9474829 0.1186759 0.1641373 0.9792727 0.02118751 0.2902877 0.9567048 0.1335335 0.2736068 0.9525272 -0.06894528 0.4860799 0.8711905 0.01505356 0.3964837 0.9179183 -0.09890721 0.4081992 0.907519 -0.0001803325 0.3829121 0.9237848 0.005992838 0.3386844 0.9408809 -0.3099234 0.6736628 0.6709143 -0.1778173 0.6662878 0.7241834 -0.3032722 0.678689 0.668885 -0.1214377 0.650499 0.7497359 -0.1743654 0.6052377 0.7767136 -0.3338363 0.7540261 0.5656836 -0.4146034 0.7596665 0.5010098 -0.3883768 0.7815608 0.4881867 -0.4182648 0.8111004 0.408865 -0.4922118 0.794482 0.3557048 -0.4560904 0.8257135 0.331932 -0.5437771 0.8267244 0.1443372 -0.5371257 0.8200819 0.197387 -0.5437253 0.7891665 0.2856205 -0.4888165 0.8285566 0.2730429 -0.4554504 0.8257159 0.3328036 -0.827897 0.3344925 0.4502236 -0.8598994 0.345709 0.3755773 -0.8131221 0.3703021 0.4491201 -0.8598924 0.3457722 0.3755352 -0.5153439 0.2283153 0.8260102 -0.5910708 0.2822336 0.7556319 -0.5746868 0.3211241 0.7527379 -0.6622486 0.2886377 0.6914587 -0.7369223 0.2995056 0.6060049 -0.4680385 0.3008856 0.8309078 -0.3828107 0.3351639 0.8608839 -0.3539748 0.2040234 0.9127301 -0.1989018 0.2896563 0.9362357 -0.04441956 0.1931017 0.9801728 -0.188411 0.20261 0.9609633 -0.1377264 0.2279913 0.9638731 -0.2391678 0.2307655 0.9431575 -0.2798694 0.1496426 0.9483038 -0.6425998 0.6925979 0.3276791 -0.5528026 0.7702518 0.3179959 -0.5542499 0.7417575 0.3776279 -0.5529592 0.7704664 0.3172029 -0.1584021 0.5704993 0.8058779 -0.2481729 0.5324602 0.8092566 -0.3630976 0.6270844 0.6891482 -0.4781918 0.6981603 0.5328272 -0.3177933 0.4390035 0.8404067 0.1345663 0.1426709 0.9805799 -0.01780701 0.236886 0.9713742 -0.1675033 0.3425913 0.9244316 -0.8264452 0.4082612 0.3876997 -0.7812854 0.4443343 0.4383608 -0.8301527 0.4048537 0.3833276 -0.7842276 0.4979957 0.370118 -0.7174812 0.5405971 0.4392899 -0.7023288 0.5994048 0.3839897 -0.6985569 0.5860808 0.4105211 -0.6625604 0.5987184 0.4500556 -0.6874701 0.6052532 0.4013146 -0.6305324 0.6610469 0.4067504 -0.7115724 0.6011535 0.3637019 -0.5346178 0.6373473 0.5549525 -0.4243118 0.5726876 0.7014189 -0.5875663 0.5717079 0.5726394 -0.4603398 0.5181377 0.7208472 -0.6366658 0.5014699 0.5858196 -0.5044125 0.4530098 0.7350851 -0.6806628 0.427969 0.5945929 -0.5466623 0.3842627 0.7439775 -0.7198369 0.35045 0.5991825 -0.7769797 0.3352357 0.532841 0.2367702 0.0590709 0.9697683 0.1442001 0.105986 0.9838563 0.1499026 0.1635195 0.9750849 -0.06836641 0.1552617 0.9855049 0.9558988 -0.2888958 -0.05288319 0.2610956 -0.0141491 0.9652092 0.4468567 -0.09014031 0.8900527 0.3218143 -0.05586578 0.9451532 0.3589374 -0.08914849 0.9290944 0.2603989 -0.05732023 0.9637981 0.7124613 -0.1876024 0.6761688 0.6298121 -0.159043 0.7602907 0.5934434 -0.1341862 0.7936113 0.6258215 -0.1730764 0.7605209 0.5330681 -0.1305283 0.835943 0.4338306 -0.09788287 0.8956618 0.4275966 -0.1120946 0.8969928 0.7810876 -0.2219083 0.5836599 0.761225 -0.1941743 0.6187349 0.7810223 -0.2242964 0.5828338 0.881641 -0.2416705 0.4053449 0.8415339 -0.2442364 0.4818394 0.891089 -0.2590973 0.3725977 0.8909943 -0.2613297 0.3712626 0.946915 -0.2742655 0.1677216 0.9273808 -0.2742176 0.2544986 0.9513126 -0.287775 -0.110408 0.9519127 -0.2853562 -0.1115082 0.9577568 -0.2873859 0.01055133 0.9500688 -0.283186 0.1310531 0.950514 -0.2810975 0.1323149 0.940853 -0.2889969 -0.1768513 0.9452227 -0.2909789 -0.1479369 0.9368038 -0.291429 -0.1935659 0.9040922 -0.2411634 0.3527854 0.6723942 -0.1463228 0.7255865 0.860834 -0.2207759 0.4585006 0.4888656 -0.08257213 0.8684424 0.5830194 -0.1148416 0.8043008 0.1415612 -0.1355871 0.9806001 0.1622856 -0.1422927 0.9764303 0.25239 -0.1962275 0.94752 0.2545425 0.1583955 0.9540016 0.2360348 0.1545739 0.9593719 0.2404105 0.147284 0.9594322 0.2351112 0.1461355 0.9609199 0.2422366 0.1554806 0.957678 0.2371594 0.1622733 0.9578219 0.2363507 0.1653876 0.957489 0.2382048 0.1388435 0.9612393 0.2786407 0.1086853 0.9542258 0.2379034 0.1348649 0.9618802 0.2350578 0.1333651 0.9627884 0.2317985 0.09347783 0.968262 0.2341117 0.09701284 0.9673573 0.2321483 0.1012393 0.9673974 0.2320645 0.106951 0.9668028 0.2328949 0.1098066 0.9662828 0.2361944 0.1119292 0.9652378 0.2322179 0.1199022 0.9652452 0.2366948 0.122827 0.9637889 0.2333226 0.1283933 0.9638857 0.2107029 -0.001732569 0.9775486 0.2002534 0.03018579 0.979279 0.2323809 0.08819885 0.9686176 0.2320225 0.09131309 0.9684149 0.2317783 0.09309445 0.9683038 0.1943085 -0.03101141 0.9804501 0.1938429 -0.05955242 0.9792234 0.2672087 -0.08046102 0.9602737 0.1548117 -0.0586502 0.9862016 0.271568 -0.0973325 0.9574848 0.2738034 -0.1202944 0.9542332 0.2530186 -0.1303582 0.9586388 0.1541296 -0.05836123 0.9863255 0.2730951 -0.1596525 0.9486465 0.181046 -0.09057311 0.9792951 0.1455064 -0.09383219 0.9848977 0.1667042 -0.1316133 0.9771835 0.2718987 -0.1600511 0.9489229 0.1969006 -0.1648711 0.9664614 0.2108597 -0.2311029 0.9498051 0.2151418 -0.2376562 0.9472241 0.1407883 -0.1774471 0.9740078 0.1533916 -0.1666403 0.9740134 0.2109409 -0.2036427 0.956051 0.184963 -0.1978877 0.9626158 0.1769701 -0.2197143 0.9593785 0.2369 -0.2281066 0.9443759 0.2132945 -0.2045539 0.9553341 0.2148884 -0.2038059 0.9551367 0.1475758 -0.1622698 0.9756485 0.1357524 -0.1823237 0.973822 0.1252067 -0.2021155 0.9713252 0.1260857 -0.2025607 0.9711187 0.2343717 -0.2270817 0.9452533 0.136491 -0.1900173 0.9722467 0.2416358 -0.1808817 0.9533593 0.230734 -0.1440066 0.9623014 0.1899775 -0.1851169 0.9641786 0.2138819 -0.108279 0.97084 0.1539698 -0.116071 0.9812343 0.2272819 -0.06036466 0.9719563 0.2123601 -0.1159783 0.9702846 0.3124635 0.03763015 0.9491842 0.1814188 0.04488241 0.9823812 0.2177609 -0.05985194 0.9741653 0.2238131 -0.1236057 0.9667623 0.270382 0.06511833 0.9605484 0.1853797 -0.06001047 0.9808329 0.3523072 -0.01937848 0.9356837 0.2632016 0.08590594 0.9609085 0.245509 0.1593245 0.9562118 0.3059239 0.2156255 0.9273167 0.3693717 0.2037822 0.9066627 0.3555816 0.252078 0.9000102 0.2750166 0.2506811 0.9281836 0.3226034 0.1747461 0.9302638 0.2561351 0.04530394 0.9655788 0.2050432 0.0408816 0.9778988 0.2234527 0.1422693 0.9642761 0.09903007 -0.1567645 0.9826586 0.00102238 -0.1191342 0.9928776 -0.888252 0.2910894 0.3553524 -0.8880048 0.29113 0.3559365 -0.8596341 0.308675 0.4071228 -0.4780792 0.2837969 0.8312037 -0.5023467 0.2283197 0.8339772 -0.3464017 0.1209005 0.9302628 -0.01104164 -0.1258432 0.9919887 -0.6819033 0.6610289 0.3131273 -0.7369756 0.6441369 0.2048283 -0.7319697 0.622032 0.2780223 -0.02697381 0.03408465 0.9990549 -0.03326818 0.06276952 0.9974734 0.04627761 0.02125768 0.9987024 -0.7345579 0.6467081 0.2054104 -0.7746923 0.6147659 0.1480363 -0.7506079 0.6238863 0.2176088 -0.5469067 0.6626796 0.5116139 -0.6284403 0.6544922 0.4203603 -0.6266534 0.6215813 0.4700448 -0.628339 0.6545062 0.42049 -0.8319912 0.4410503 0.3365491 -0.8586728 0.4818033 0.1747759 -0.860298 0.4519767 0.2358058 -0.8411841 0.4011377 0.3626264 -0.8440402 0.4888652 0.2204698 -0.8139066 0.4784783 0.3295671 -0.8403332 0.514876 0.1695372 -0.7954402 0.5130559 0.3225654 -0.8254542 0.5159966 0.2288513 -0.8397994 0.5162259 0.168071 -0.7856314 0.6045813 0.1313957 -0.7497466 0.5915573 0.2965466 -0.777508 0.6103689 0.1514299 -0.7805325 0.6065485 0.1512215 -0.7982987 0.5855536 0.1408766 -0.7994091 0.5769652 0.1675001 -0.773511 0.5503425 0.3143309 -0.8112238 0.5645984 0.1521334 -0.8159886 0.5512833 0.1739233 -0.8212254 0.5382543 0.1893967 -0.3859957 0.6267677 0.6768822 -0.4789491 0.633907 0.6072641 -0.5047856 0.5935098 0.6268474 -0.4786718 0.6338609 0.6075308 -0.1836428 -0.0219317 0.9827483 -0.1863046 -0.02234619 0.9822379 -0.3567718 0.07504365 0.9311726 -0.3571932 0.08371547 0.9302713 -0.5163466 0.170175 0.8393013 -0.5145975 0.1875836 0.8366611 -0.3617439 0.5435009 0.7574616 -0.4196719 0.4706086 0.7761463 -0.3246402 0.4209156 0.8470176 -0.4602116 0.3752714 0.8045972 -0.3649426 0.3155499 0.8759254 -0.322381 0.1767072 0.9299705 -0.2001066 0.4719741 0.8586022 -0.2434596 0.3750424 0.8944667 -0.1619957 0.3266777 0.9311493 -0.2841179 0.2642835 0.921646 -0.2015083 0.2107258 0.9565506 -0.3027031 0.5908988 0.7478031 -0.2368726 0.5313585 0.8133569 -0.1208186 0.5158135 0.8481387 -0.1544831 0.06449525 0.9858881 -0.3170395 0.5755581 0.7538029 -0.1771939 0.009218301 0.9841328 -0.0003762246 -0.1023208 0.9947514 0.03293521 -0.06644118 0.9972466 0.1006112 0.1663028 0.9809285 0.1089458 0.2772734 0.9545943 0.003487061 0.221217 0.9752184 -0.03578202 0.38123 0.9237875 -0.07847677 0.2744327 0.9583987 0.05812172 0.02417393 0.9980168 -0.03270042 0.09887761 0.9945622 -0.1179239 0.1558987 0.9807087 0.1092165 -0.08178738 0.9906476 0.2286168 0.1023764 0.9681185 0.230577 0.1388108 0.9631022 0.1447485 -0.1581297 0.9767512 0.1528894 -0.09905435 0.9832665 0.2243517 0.1938935 0.9550244 0.1592909 0.3413561 0.9263382 0.07747111 0.3956126 0.9151442 0.06429285 0.374766 0.9248875 -0.04195688 0.4339902 0.89994 -0.1216674 0.5103761 0.8513009 -0.5391262 0.1913923 0.8201902 -0.4536814 0.1656365 0.8756356 -0.4976712 0.1706738 0.8504081 -0.3680829 0.1268044 0.9211056 -0.3295311 0.1090743 0.937823 -0.2728021 0.09445848 0.9574219 -0.2679927 0.09448368 0.9587767 -0.150636 0.04326268 0.9876422 0.01760774 -0.01497484 0.9997328 -0.1579886 0.05863245 0.9856987 -0.8926174 0.2982557 0.33805 -0.9076284 0.3204376 0.271165 -0.9039673 0.3398514 0.2595076 -0.8552056 0.3388392 0.392188 -0.8954771 0.3712318 0.2455763 -0.8984568 0.3509549 0.2638295 -0.8398931 0.2770864 0.4666934 -0.7775389 0.2582632 0.5733528 -0.7671792 0.2706897 0.581518 -0.7772013 0.259906 0.573068 -0.7037922 0.239019 0.6689892 -0.6185319 0.2141959 0.7560016 -0.64518 0.2250212 0.7301426 -0.6197686 0.2086676 0.7565347 -0.5045829 0.1680597 0.8468483 -0.3393484 0.09532326 0.9358184 -0.1625458 0.0196263 0.9865058 0.00755184 -0.04735221 0.9988497 -0.8862553 0.4079006 0.2194735 -0.8862492 0.3786222 0.2668476 -0.8513964 0.3705512 0.3712357 -0.8760414 0.3641672 0.3161228 -0.8675224 0.4335092 0.2438741 -0.8728852 0.4401547 0.2105595 -0.8618937 0.396724 0.3158311 -0.5394761 0.5264153 0.6571549 -0.6556215 0.5702972 0.4948955 -0.5768738 0.4454109 0.6847085 -0.6877914 0.5076907 0.5188382 -0.6105173 0.3770366 0.6964998 -0.7167018 0.4524743 0.5306652 -0.6350369 0.3249847 0.7007946 -0.7390388 0.4071785 0.5366818 -0.6481317 0.2823397 0.7072549 -0.7535412 0.3647608 0.5469234 -0.6528136 0.2575068 0.7124076 -0.7616892 0.3337076 0.5553996 -0.765393 0.3098499 0.5640627 -0.6488214 0.2337257 0.7241568 -0.5114452 0.1662603 0.8430785 -0.3490479 0.08213276 0.9334987 -0.1740575 -0.004485107 0.9847253 0.003293902 -0.0839904 0.9964611 0.2388693 0.2858791 0.9280165 0.2380875 0.284561 0.9286223 -0.7668096 0.289923 0.5726671 -0.6519945 0.2431524 0.7181783 -0.01840214 0.9941443 -0.1064823 0.0946897 0.9775954 -0.187992 -0.003773726 0.9525921 -0.3042269 0.7107932 0.6389822 -0.294066 0.7684905 0.5601476 -0.3092847 0.6886245 0.5491 -0.4735879 0.9356456 0.2276816 -0.269682 0.9504635 0.1821637 -0.2518639 0.9094345 0.1712236 -0.3789608 0.9659676 0.1162291 -0.2310788 0.9629296 0.1327401 -0.2348333 0.9814629 0.1915936 0.004749223 0.9820356 0.188661 0.003610552 0.9753333 0.2178617 -0.0355131 0.9412217 0.234541 0.2430889 0.9728859 0.1912395 0.1300786 0.9582881 0.2489741 0.1403415 0.6690702 0.2444122 0.7018602 0.748102 0.242179 0.6178128 0.7158536 0.2942459 0.6332243 0.4885077 0.2425985 0.8381565 0.568517 0.2741391 0.7756521 0.5830781 0.2899502 0.7589129 0.3179523 0.2903906 0.9025407 0.3236997 0.393862 0.8602855 0.3011438 0.3921402 0.8692172 0.3986747 0.2453305 0.8836693 0.3969631 0.2386736 0.8862591 0.4356137 0.2748672 0.8571398 0.3363642 0.261233 0.9047743 0.3507873 0.2655052 0.8980285 0.435684 0.2866033 0.8532514 0.3444416 0.2764903 0.8971695 0.3389097 0.2688333 0.9015924 0.4280161 0.3138555 0.847524 0.3382625 0.2685843 0.9019096 0.433188 0.3007733 0.8496373 0.345944 0.2681697 0.899115 0.3374058 0.2646573 0.9033902 0.3350911 0.2710379 0.9023593 0.4168153 0.3274916 0.8479471 0.3435103 0.2813625 0.896011 0.4035867 0.3426772 0.8483455 0.3309685 0.2735879 0.903111 0.3393429 0.2859908 0.8961337 0.3877388 0.3585698 0.849168 0.3277437 0.2768999 0.9032777 0.3321182 0.2878571 0.8982404 0.3688727 0.3743294 0.8507705 0.3242376 0.2820693 0.9029435 0.3492421 0.385929 0.8538669 0.3252674 0.2843069 0.9018707 0.3225071 0.2899781 0.901056 0.2791296 0.3885599 0.8781275 0.3091515 0.2949736 0.9041106 0.3144823 0.2836523 0.9058931 0.2598818 0.3832338 0.886337 0.3022673 0.2966637 0.9058836 0.3098046 0.2819669 0.9080285 0.2436745 0.3763121 0.8938747 0.2964875 0.2959048 0.9080394 0.3058482 0.2811603 0.9096185 0.2202898 0.3608983 0.9062146 0.2958402 0.284317 0.9119443 0.2273801 0.3718792 0.9000023 0.2934636 0.2917356 0.9103678 0.302303 0.2803614 0.911049 0.289718 0.281392 0.9148126 0.2966508 0.2768725 0.9139693 0.2134411 0.3515471 0.9115139 0.2895485 0.2850378 0.9137369 0.2980525 0.2794148 0.9127388 0.2079709 0.345533 0.9150711 0.2937776 0.2761755 0.9151075 0.09294239 0.4166371 0.9043093 0.06903162 0.4458438 0.8924449 -0.00841014 0.4792967 0.8776127 -0.08118541 0.5363485 0.8400828 -0.2304633 0.6095879 0.7584783 -0.1956223 0.5808699 0.7901405 -0.3741377 0.6626103 0.6488209 -0.2882188 0.6178995 0.7315259 -0.5009964 0.69232 0.5193223 -0.4560651 0.6656069 0.5907386 -0.6102411 0.6796033 0.4071181 -0.6103269 0.6796024 0.406991 -0.608736 0.6992663 0.3747894 -0.456149 0.6653068 0.5910118 -0.7256125 0.6663366 0.1717034 -0.7252188 0.6612086 0.1919919 -0.771853 0.6329633 0.06000274 0.8077461 0.2718562 0.5231066 0.8616153 0.2634655 0.4338261 0.9082891 0.2733976 0.3166458 0.9063201 0.2501733 0.3405837 0.9409815 0.2343039 0.2442446 0.9798537 0.1620414 -0.1167446 0.9675031 0.107411 -0.2289119 0.9427237 0.1341654 -0.3054041 0.9043861 0.1693259 -0.3916816 0.9149432 0.2620521 -0.3069327 0.8774465 0.3096255 -0.36636 0.8313518 0.2627528 -0.4897093 0.8774663 0.39051 -0.2784867 0.8163469 0.4350391 -0.3798932 0.7676391 0.4084293 -0.4938783 0.8129125 0.5013805 -0.2962952 0.7065745 0.5646131 -0.426573 0.6566496 0.6553923 -0.373192 0.579438 0.7371703 -0.3476083 0.5535097 0.6789037 -0.4824073 0.5382868 0.8150413 -0.2143714 0.427252 0.8400331 -0.3343652 0.3837725 0.7951733 -0.4694871 0.3569965 0.8962122 -0.2633575 0.242349 0.9240551 -0.2956166 0.1361775 0.8631091 -0.4863109 0.2443561 0.9622949 -0.1194928 0.01371882 0.9662845 -0.2571111 -0.0866992 0.9772028 -0.1937989 -0.1991889 0.9719986 -0.1246699 -0.2157787 0.93908 -0.2675225 -0.2655078 0.9604826 -0.08353934 -0.3608448 0.9276356 -0.09634896 -0.5275203 0.8486814 0.03823926 -0.5699915 0.8196144 0.05780999 -0.4818993 0.8758579 -0.02541751 -0.3974069 0.8881973 -0.2305935 -0.3586412 0.9276587 0.1040473 -0.5341016 0.8319012 -0.1505852 0.5772017 0.3131396 0.7541762 0.5670799 0.3420214 0.7492942 0.5520779 0.3740236 0.7451955 0.5314053 0.4064068 0.7432643 0.5044204 0.4397515 0.7430872 0.4692707 0.4734555 0.7454025 0.4267499 0.5031828 0.7514597 0.3780188 0.5261541 0.7617504 0.3253424 0.5406171 0.7758128 0.2733145 0.5452298 0.7924795 0.225219 0.5406736 0.8105236 0.183156 0.5293211 0.828416 0.1481182 0.513683 0.8450981 0.1192829 0.4955872 0.8603284 0.09562136 0.4763372 0.8740478 0.07880704 0.4585956 0.8851438 0.7057601 0.3310613 0.6263395 0.6898468 0.3755957 0.6189017 0.666422 0.4248282 0.6127012 0.6345605 0.4747849 0.6098461 0.5927255 0.5261282 0.6098078 0.5382621 0.5778421 0.613492 0.4727207 0.6234887 0.6227335 0.3976634 0.6587347 0.6386959 0.3165431 0.6809234 0.6604119 0.2364023 0.688162 0.6859643 0.1623255 0.6813769 0.7137057 0.09730696 0.6642464 0.7411532 0.04315985 0.6403584 0.7668626 -0.001538103 0.612679 0.7903304 -0.03805828 0.5829903 0.8115873 -0.06457753 0.5560367 0.8286453 0.7492502 0.2478532 0.6141603 0.8258913 0.2885215 0.484416 0.8126101 0.3380296 0.4747639 0.7912633 0.3969625 0.4651055 0.7600617 0.4620332 0.4569809 0.718037 0.528242 0.4531923 0.6625184 0.5962288 0.45341 0.5901591 0.6644774 0.4584561 0.5033806 0.7247327 0.4705002 0.4041714 0.7712569 0.4917401 0.2967764 0.8007367 0.5203311 0.1908885 0.8101159 0.5543229 0.09272393 0.8014419 0.590841 0.006701806 0.778865 0.6271558 -0.06520826 0.7475217 0.6610289 -0.1242941 0.710869 0.6922545 -0.1730353 0.6718146 0.7202249 -0.2083627 0.6362473 0.7428152 0.8921135 0.3332336 0.3051046 0.8660588 0.4046834 0.2935531 0.8280659 0.4834502 0.2838711 0.7773141 0.5637584 0.2792118 0.7100085 0.6462928 0.2796312 0.6220851 0.7289952 0.2856153 0.5168175 0.8015594 0.3006695 0.3966541 0.8579734 0.3264157 0.2665614 0.893676 0.3609545 0.1382031 0.9051508 0.4019974 0.0193484 0.8946456 0.4463573 -0.08506295 0.8674541 0.4901915 -0.1722621 0.829581 0.5311508 -0.2441314 0.7853467 0.5688853 -0.3032927 0.7380108 0.6027882 -0.3463567 0.6950179 0.6300692 0.9398163 0.3170593 0.1273524 0.9100577 0.3983966 0.1143464 0.8666937 0.4879709 0.1035685 0.8091008 0.5794284 0.09807464 0.7325241 0.673627 0.09815872 0.6322077 0.7675877 0.1054639 0.5123899 0.8499037 0.1229646 0.3756839 0.9141911 0.1520402 0.2276262 0.954712 0.1916017 0.0815414 0.9678086 0.2381124 -0.05377056 0.955977 0.2884732 -0.1726588 0.9250599 0.3383092 -0.2718052 0.881949 0.3850815 -0.3538769 0.8317529 0.4277362 -0.4211458 0.7778668 0.4664328 -0.4704011 0.7289736 0.4973131 0.9554508 0.2908564 -0.05016277 0.9230877 0.3791763 -0.0643002 0.8759593 0.4763859 -0.07584081 0.8135292 0.5757055 -0.08205709 0.7303781 0.6780747 -0.08223526 0.6214093 0.7800117 -0.07370393 0.4912633 0.8692875 -0.05476938 0.342819 0.9391121 -0.02331485 0.1821539 0.9830719 0.01973757 0.02364819 0.9972377 0.07041068 -0.1233557 0.9844696 0.1249116 -0.2523879 0.9509171 0.1790448 -0.3601815 0.9041826 0.2296151 -0.4491321 0.8496956 0.2762203 -0.5222707 0.7911934 0.3181922 -0.5756908 0.738134 0.3517646 -0.6087787 0.7760012 0.1649562 -0.6785159 0.72135 0.1388176 -0.712314 0.6940011 0.1047436 -0.7258389 0.6758572 0.1279647 -0.6332645 0.7715423 -0.0608159 -0.6488594 0.7592329 0.05046629 -0.6919002 0.7189753 0.06594378 -0.7128775 0.7012021 0.01101382 -0.9582562 0.04330192 0.2826127 -0.9582562 0.0433019 0.2826127 -0.9578349 0.0701299 0.2786291 -0.9564751 0.08114261 0.2803056 -0.954144 0.124798 0.2720933 -0.95086 0.1542772 0.268447 -0.9496926 0.1717296 0.2619026 -0.9771165 0.1649602 0.1342812 -0.9349336 0.204016 0.2903043 -0.9434345 0.1967271 0.2668891 -0.9728056 0.2294743 0.03147612 -0.9729336 0.2302816 0.01925089 -0.9459284 0.1948719 0.2593152 -0.9492462 0.1829725 0.2558373 -0.9425731 0.2142197 0.2562536 -0.9436751 0.2196963 0.2474083 -0.9398271 0.2294994 0.2530909 -0.9445196 0.2103105 0.252294 -0.91766 0.2112333 0.3365718 -0.9438573 0.2195552 0.2468378 -0.9197838 0.2118846 0.3303069 -0.9439201 0.2195762 0.2465789 0.2991649 0.954201 0.0008421829 0.2991649 0.954201 0.0008421829 0.2991649 0.954201 0.0008421829 -0.1738729 0.225571 -0.9585854 -0.3019781 0.2448713 -0.9213291 -0.1866916 0.187955 -0.9642713 -0.217799 0.1889094 -0.9575368 -0.194367 0.1635457 -0.9671992 -0.2515568 0.1752255 -0.9518483 -0.1957627 0.1625441 -0.9670865 -0.2668543 0.1571362 -0.9508402 -0.2037395 0.1453668 -0.9681729 -0.2354743 0.1195119 -0.9645044 -0.2144738 0.1106431 -0.9704427 -0.2586728 0.1084642 -0.9598562 -0.2225677 0.08124956 -0.9715257 -0.2641503 0.08801565 -0.9604571 -0.174989 -0.8925579 0.415595 -0.1306537 -0.8407825 0.5253707 -0.1142438 -0.8231025 0.5562829 0.05481604 -0.5233972 0.8503238 0.05259213 -0.5205125 0.8522329 0.07959699 -0.4687178 0.8797545 0.2579407 0.03426348 0.965553 0.2876128 0.1440346 0.9468542 0.2517535 0.01148824 0.9677232 0.3131288 0.2531653 0.9153457 0.3151739 0.2587937 0.913067 0.171418 -0.2368118 0.9563138 0.09747911 -0.4186245 0.9029127 0.137227 -0.3172577 0.9383583 0.1799766 -0.2012522 0.9628634 -0.01785165 -0.6686765 0.7433391 -0.08615512 -0.778073 0.6222377 -0.04080262 -0.7035109 0.7095122 0.007313374 -0.6148163 0.7886364 -0.215145 -0.928462 0.3027722 -0.2035078 -0.9210627 0.3320062 -0.2498336 -0.9507537 0.1834412 -0.2791811 -0.9565619 0.08394747 -0.2816555 -0.9571816 0.06688421 -0.3095673 -0.9494799 -0.05153699 -0.3348179 -0.9269561 -0.1692612 -0.331333 -0.9297044 -0.1608358 -0.3678461 -0.8341764 -0.4109003 -0.3516909 -0.891038 -0.2869926 -0.3318119 -0.929106 -0.1632876 -0.3759683 -0.6843804 -0.6247169 -0.372627 -0.7776828 -0.5063187 -0.364182 -0.8446916 -0.3922594 -0.3582377 -0.4878674 -0.796022 -0.3705435 -0.6139329 -0.6969821 -0.3746193 -0.7087356 -0.5977911 -0.2519824 -0.01169678 -0.9676611 -0.3100306 -0.2352908 -0.9211511 -0.3155752 -0.2583935 -0.9130416 -0.3477029 -0.4273754 -0.8345376 -0.3615478 -0.5241789 -0.771051 -0.1390938 0.3219711 -0.9364761 -0.1770998 0.2209099 -0.95908 -0.1717759 0.2364283 -0.9563445 -0.2534208 -0.01510594 -0.9672382 -0.2886795 -0.1462438 -0.9461907 -0.09333753 0.4339222 -0.8961024 -0.07955643 0.4686483 -0.8797952 -0.05296319 0.5241165 -0.8499981 -0.003070393 0.6257003 -0.7800575 0.01818527 0.6687079 -0.7433028 0.04086784 0.7058615 -0.70717 0.08742057 0.7814257 -0.6178443 0.1143839 0.823094 -0.5562666 0.1289191 0.8398186 -0.5273373 0.1717681 0.890331 -0.4216711 0.2027424 0.9215232 -0.3311955 0.2108899 0.9261468 -0.3126942 0.246591 0.9481344 -0.2005842 0.2774153 0.9571011 -0.08365531 0.2798994 0.9565744 -0.08137398 0.3065853 0.9514051 0.02887449 0.3331155 0.9275077 0.1695982 0.3313788 0.9315721 0.1495377 0.3498304 0.8997962 0.2607403 0.3659312 0.834697 0.4115523 0.3651705 0.847894 0.3843518 0.372845 0.7924022 0.4827891 0.3736306 0.6851857 0.6252365 0.3757823 0.7139761 0.5907841 0.372863 0.6343316 0.6771977 0.3564551 0.4883138 0.7965485 0.3626146 0.5273593 0.7683767 0.350376 0.445491 0.8238777 -0.2004822 0.6896865 -0.6958013 -0.1673986 0.6206831 -0.7659832 -0.08388489 0.7078447 -0.7013695 -0.04720874 0.8462682 -0.5306613 0.05590385 0.8962483 -0.4400156 0.03041441 0.9073531 -0.4192675 0.1626104 0.9161979 -0.3662503 0.1589417 0.9173762 -0.3649088 -0.1409602 0.8815723 -0.4505114 -0.1948236 0.8648664 -0.4626552 -0.1337091 0.8691625 -0.4761077 -0.2715611 0.1797235 -0.9454914 -0.2398628 0.1477466 -0.9594982 -0.2234077 0.204669 -0.9529951 -0.3367291 0.3018695 -0.8919015 -0.3514742 0.2857775 -0.8915139 -0.2482421 0.3056803 -0.9192037 -0.2909555 0.2528607 -0.9227169 -0.3837919 0.6421658 -0.6635713 -0.4289584 0.5294887 -0.7318718 -0.3468578 0.5319455 -0.7724789 -0.3722457 0.4596461 -0.8063241 -0.2986489 0.4301603 -0.8519219 -0.3543643 0.4163637 -0.8372976 -0.3542213 0.4164861 -0.8372972 -0.4044227 0.7292721 -0.5519098 -0.4502038 0.6637974 -0.5972348 -0.4953089 0.5901565 -0.6374829 -0.4132974 0.625723 -0.6615557 -0.4133015 0.6258165 -0.6614647 -0.3887025 0.7773064 -0.4946768 -0.490545 0.7406612 -0.459115 -0.4926876 0.7066299 -0.5078712 -0.3872695 0.8560861 -0.3422557 -0.4377633 0.8709424 -0.2232096 -0.4370479 0.8540465 -0.2821236 -0.4804091 0.8253022 -0.2967885 -0.4450097 0.8168918 -0.3669526 -0.3208181 0.8478325 -0.4222035 -0.470193 0.7885671 -0.3963339 -0.4654484 0.783159 -0.4123346 -0.4884918 0.8557012 -0.1707375 -0.4794345 0.8710082 -0.1071783 -0.5000125 0.8628749 -0.07371762 -0.4422229 0.8609348 -0.2514563 -0.4870954 0.8310456 -0.2685168 -0.02677189 0.8973408 -0.4405256 0.1423765 0.9182836 -0.3694375 0.1104183 0.9187455 -0.379097 0.01694483 0.907908 -0.4188268 0.1447635 0.8815438 -0.4493596 0.1365357 0.8901131 -0.4348064 0.1404422 0.8826902 -0.4484797 0.1764436 0.9056059 -0.3856756 0.1639218 0.9057623 -0.3907996 0.1304452 0.8830962 -0.450694 0.07367602 0.8462187 -0.5277174 0.0900569 0.8373047 -0.5392685 -0.03917277 0.6161527 -0.786652 -0.03905133 0.616475 -0.7864055 -0.08701399 0.6342845 -0.7681873 0.03460435 0.7077664 -0.7055986 0.05551213 0.7574335 -0.6505481 -0.1042811 0.5199016 -0.8478371 -0.1358263 0.5490811 -0.8246582 -0.1402333 0.4214337 -0.895951 -0.20154 0.4452241 -0.8724432 -0.1462252 0.4205356 -0.895415 -0.1631293 0.4419751 -0.8820697 -0.2506147 0.20968 -0.9451067 -0.1801827 0.3125127 -0.9326682 -0.1270927 0.8127039 -0.5686473 0.1658594 0.9111986 -0.3771044 0.06373454 0.8779284 -0.474531 -0.03610906 0.8219948 -0.5683491 -0.1164421 0.7665467 -0.6315437 -0.221246 0.752259 -0.6206099 -0.2421005 0.8093325 -0.5351338 -0.227734 0.8638129 -0.4494046 -0.2322136 0.5134821 -0.8260829 -0.2796776 0.5989946 -0.7503239 -0.3075986 0.686748 -0.6586048 -0.004381242 0.7847989 -0.619735 0.02602547 0.7781728 -0.6275108 0.03207151 0.7730997 -0.6334732 -0.3229575 0.7764087 -0.5411912 0.1635703 0.9115144 -0.3773411 -0.2653687 0.8879167 -0.3757438 -0.1615971 -0.8779978 0.4505622 -0.1388834 -0.8453265 0.5158823 -0.1141943 -0.8228119 0.5567228 -0.01707845 -0.6669403 0.7449154 0.01850315 -0.5966641 0.8022777 -0.01758835 -0.6688843 0.7431584 0.3018298 0.9533204 0.008892342 0.2703009 0.9558489 -0.1152834 0.2772401 0.9571501 -0.08367533 0.2022063 0.9218354 -0.3306541 0.3244442 0.9390274 0.1138573 0.3325324 0.9277277 0.1695392 0.346574 0.9074412 0.2375646 0.360037 0.8704996 0.3355647 0.3648358 0.8351627 0.41158 0.3716135 0.8084802 0.4563585 0.3754177 0.7545722 0.5382214 0.3720742 0.6856703 0.6256333 0.3749607 0.6693251 0.6414113 0.370506 0.5976829 0.7109856 0.3543841 0.4890534 0.7970186 0.3577574 0.4836187 0.7988257 0.3449115 0.4012136 0.8485657 0.3142228 0.2578537 0.9136605 0.3200207 0.2715766 0.9076524 0.2527001 0.01151035 0.9674762 0.17213 -0.2369346 0.9561554 0.1869909 -0.184176 0.9649423 0.2326645 -0.04770291 0.9713865 0.2611052 0.05351279 0.9638259 0.2965761 0.1830882 0.9372947 0.08011178 -0.468764 0.8796831 0.06822383 -0.4929919 0.8673549 0.1048816 -0.4051306 0.908223 0.1540397 -0.2809744 0.9472725 -0.1044037 -0.7974633 0.5942661 -0.2147834 -0.9274489 0.3061154 -0.2038554 -0.9211168 0.3316426 -0.2723807 -0.956703 0.1026069 -0.2788727 -0.9566444 0.08403302 -0.2978874 -0.9545953 -0.003299913 -0.3239192 -0.9375892 -0.1265019 -0.3350133 -0.9269305 -0.1690145 -0.3414126 -0.9120689 -0.2270854 -0.3589073 -0.8639075 -0.3533402 -0.3687383 -0.8339607 -0.4105381 -0.3675623 -0.8168283 -0.4446228 -0.3735451 -0.7399245 -0.5594424 -0.3774919 -0.6841093 -0.6240948 -0.3732977 -0.6771986 -0.6340748 -0.3656115 -0.5686004 -0.7369002 -0.3598886 -0.4873971 -0.7955654 -0.3554887 -0.4872856 -0.7976092 -0.3345619 -0.3620704 -0.8700422 -0.3175368 -0.2580418 -0.9124608 -0.3163824 -0.2739298 -0.9082206 -0.2856639 -0.141168 -0.9478754 -0.2543076 -0.01085311 -0.9670625 -0.2616684 -0.05050106 -0.9638357 -0.2202999 0.08933973 -0.9713323 -0.173429 0.2374954 -0.9557815 -0.1892054 0.1837431 -0.9645931 -0.1423681 0.3121649 -0.9392999 -0.08040213 0.4690597 -0.879499 -0.1065661 0.4015152 -0.9096313 -0.05805891 0.513639 -0.8560398 0.01827243 0.6689458 -0.7430865 -0.02060021 0.5924122 -0.8053716 0.02382263 0.6786055 -0.7341165 0.1137573 0.8229399 -0.556623 0.1006063 0.8027664 -0.5877453 0.2152907 0.9302714 -0.2970607 0.1652706 0.8841401 -0.4370148 0.1358899 0.8490348 -0.5105622 -0.3151792 -0.258811 -0.9130602 -0.3151792 -0.258811 -0.9130602 -0.06459019 -0.3251419 -0.9434568 -0.06459019 -0.3251419 -0.9434568 0.1905168 -0.3693398 -0.9095557 0.1905168 -0.3693398 -0.9095557 0.432606 -0.3883544 -0.813654 0.432606 -0.3883544 -0.813654 0.6451535 -0.3809022 -0.6623371 0.6451535 -0.3809022 -0.6623371 0.8137695 -0.3474925 -0.4658627 0.8137695 -0.3474925 -0.4658627 0.9269248 -0.2904034 -0.2376473 0.9269248 -0.2904034 -0.2376473 0.9769143 -0.2135246 0.006762681 0.9769143 -0.2135246 0.006762681 0.9603298 -0.122092 0.2507192 0.9603298 -0.122092 0.2507192 0.878278 -0.02231997 0.477629 0.878278 -0.02231997 0.477629 0.736361 0.07896704 0.6719648 0.736361 0.07896704 0.6719648 0.5443871 0.1748123 0.8204166 0.5443871 0.1748123 0.8204166 0.3151764 0.2588118 0.9130609 0.3151764 0.2588118 0.9130609 0.06448384 0.3251652 0.9434561 0.06448384 0.3251652 0.9434561 -0.1904268 0.3693283 0.9095792 -0.1904268 0.3693283 0.9095792 -0.4325354 0.3883526 0.8136924 -0.4325354 0.3883526 0.8136924 -0.6451601 0.3809015 0.6623311 -0.6451601 0.3809015 0.6623311 -0.8137634 0.3474945 0.4658719 -0.8137634 0.3474945 0.4658719 -0.9269248 0.2904034 0.2376473 -0.9269248 0.2904034 0.2376473 -0.976915 0.213521 -0.00677322 -0.976915 0.213521 -0.00677322 -0.9603315 0.1220953 -0.2507111 -0.9603315 0.1220953 -0.2507111 -0.8783206 0.02235816 -0.477549 -0.8783206 0.02235816 -0.477549 -0.7364159 -0.07893464 -0.6719085 -0.7364159 -0.07893464 -0.6719085 -0.5442939 -0.1748521 -0.8204699 -0.5442939 -0.1748521 -0.8204699 0.5010124 -0.1501924 -0.8523079 0.4507017 -0.140324 -0.8815765 0.4760041 -0.1456023 -0.8673062 0.3671261 -0.1065194 -0.924052 0.3713252 -0.1120633 -0.9217155 0.2823789 -0.08130754 -0.9558511 0.2784599 -0.08243748 -0.9569034 0.1673561 -0.04700686 -0.9847752 0.1641087 -0.04629366 -0.9853554 0.05098141 -0.01116627 -0.9986372 0.04180836 -0.007697687 -0.999096 -0.0486768 0.01900913 -0.9986337 -0.05484629 0.02269169 -0.9982369 -0.2006788 0.06373649 -0.9775815 0.6136739 -0.19003 -0.7663504 0.4953444 -0.1563173 -0.8545167 0.6795052 -0.2124297 -0.7022438 0.5928404 -0.1862675 -0.7834824 0.7568709 -0.2367196 -0.6091883 0.6863588 -0.2136374 -0.6951767 0.8225913 -0.2574607 -0.5070084 0.7576774 -0.2365297 -0.6082587 0.8683221 -0.2718247 -0.4148832 0.8260255 -0.2606738 -0.4997309 0.869296 -0.2723343 -0.4125027 0.917082 -0.2871102 -0.2766375 -0.2819831 -0.1212189 -0.9517308 -0.2705494 -0.0774747 -0.9595836 -0.2608569 -0.04372756 -0.9643866 -0.262718 -0.05087624 -0.9635304 -0.2507004 -0.008490724 -0.9680275 -0.2171964 0.1020978 -0.9707738 -0.227001 0.06909648 -0.9714403 -0.1990196 0.1568599 -0.9673604 -0.09683222 0.4274538 -0.8988363 -0.1385459 0.3245684 -0.9356604 -0.09149378 0.4373879 -0.8946065 -0.1706244 0.2375375 -0.9562757 -0.1530709 0.2861268 -0.9458862 -0.1594143 0.2684649 -0.9500072 -0.1528812 0.2862714 -0.9458732 -0.1098501 0.3934102 -0.9127768 0.008062485 0.6484436 -0.76122 0.03303847 0.693708 -0.7194982 -0.03195954 0.568548 -0.8220291 -0.008561979 0.6170292 -0.7868937 -0.05143768 0.5282786 -0.8475116 -0.03240584 0.570033 -0.8209825 -0.0740221 0.4797362 -0.8742848 0.1409517 0.8561498 -0.4971318 0.09514656 0.7952726 -0.5987393 0.1206209 0.8295804 -0.5452036 0.0578154 0.736964 -0.6734548 0.08724007 0.781909 -0.6172581 0.06685283 0.7499607 -0.6580955 0.1670047 0.8864819 -0.4315777 0.1773879 0.8971009 -0.4046523 0.1529617 0.8710253 -0.4668165 -0.2456988 0.09964231 -0.9642113 -0.2288688 0.1177953 -0.966304 -0.2265216 0.07187808 -0.9713503 -0.2265263 0.07187594 -0.9713494 -0.2475183 0.09663814 -0.9640517 -0.2265384 0.07188309 -0.9713461 -0.2265241 0.07192827 -0.971346 -0.2265621 0.07191874 -0.9713379 -0.250601 0.09467803 -0.9634496 -0.2265487 0.07192802 -0.9713403 -0.2550456 0.09763108 -0.9619875 -0.2265264 0.07193482 -0.971345 -0.226547 0.07187346 -0.9713448 -0.2265421 0.07189787 -0.9713441 -0.226542 0.07188192 -0.9713453 -0.2265475 0.07189505 -0.971343 -0.2265561 0.071893 -0.9713412 -0.2549517 0.08929628 -0.9628218 -0.2265321 0.07191884 -0.9713449 -0.2265617 0.07185327 -0.9713428 -0.2265239 0.07190689 -0.9713477 -0.2344027 0.07634573 -0.9691371 -0.2265292 0.07191798 -0.9713456 -0.2420185 0.0795018 -0.9670091 -0.226526 0.07191302 -0.9713467 -0.2664704 0.09172265 -0.9594688 -0.2265284 0.07189394 -0.9713476 -0.2535987 0.1004792 -0.9620767 -0.2436339 0.1027415 -0.96441 -0.2674932 0.08501956 -0.9598016 -0.2493404 0.1040795 -0.9628067 -0.262449 0.08265152 -0.9613996 -0.2265475 0.0719015 -0.9713426 -0.2265406 0.07190571 -0.9713439 -0.2264971 0.07191409 -0.9713534 -0.2657882 0.09213819 -0.9596183 -0.2654736 0.09365413 -0.9595586 -0.226536 0.07188428 -0.9713465 -0.2632892 0.09405966 -0.9601206 -0.2265435 0.0718563 -0.9713469 -0.2651726 0.09597527 -0.9594124 -0.2265443 0.07189057 -0.9713441 -0.2607293 0.0951032 -0.9607162 -0.2265309 0.07191458 -0.9713455 -0.2664878 0.09980459 -0.958657 -0.2266199 0.071666 -0.9713431 -0.258803 0.09605852 -0.9611419 -0.2266247 0.07167896 -0.971341 -0.2265505 0.07189818 -0.9713421 -0.226541 0.07190427 -0.9713439 -0.1731916 0.2291553 -0.9578583 -0.1424913 0.3109686 -0.939678 -0.1936595 0.1718548 -0.9658996 -0.1714411 0.2357124 -0.9565812 -0.08086832 0.4641856 -0.8820386 -0.1115146 0.3930792 -0.9127175 -0.05901942 0.5103705 -0.857927 0.05463374 0.7306903 -0.6805196 0.08737533 0.7811562 -0.6181914 0.0286689 0.6860712 -0.7269693 0.1358427 0.854648 -0.5011222 0.1689125 0.8923861 -0.4184681 0.1311272 0.8433453 -0.5211279 0.1658936 0.8854308 -0.4341562 0.1655947 0.8853884 -0.4343568 0.07786946 0.7696488 -0.6337011 0.05595379 0.7336257 -0.6772463 0.05570271 0.7327773 -0.6781848 -0.01592583 0.6055199 -0.7956708 -0.05799588 0.5126567 -0.8566327 -0.05472749 0.5172819 -0.8540635 -0.01609026 0.599318 -0.8003493 -0.09876399 0.4191683 -0.9025207 -0.2179279 0.09904833 -0.9709258 -0.2149291 0.1072914 -0.9707183 -0.2028716 0.1430131 -0.9687055 -0.2036561 -0.9212446 0.3314098 -0.2036561 -0.9212446 0.3314098 -0.115116 -0.8228353 0.5564983 -0.115116 -0.8228353 0.5564983 -0.0187728 -0.6684031 0.7435623 -0.0187728 -0.6684031 0.7435623 0.07882911 -0.4684824 0.879949 0.07882911 -0.4684824 0.879949 0.1711573 -0.2363983 0.9564628 0.1711573 -0.2363983 0.9564628 0.2517618 0.01166812 0.9677189 0.2517618 0.01166812 0.9677189 0.3151739 0.2587937 0.913067 0.3151739 0.2587937 0.913067 0.357138 0.488363 0.7962123 0.357138 0.488363 0.7962123 0.3747747 0.684674 0.6251124 0.3747747 0.684674 0.6251124 0.3668667 0.8344221 0.4112768 0.3668667 0.8344221 0.4112768 0.3339338 0.927252 0.1693869 0.3339338 0.927252 0.1693869 0.2782653 0.9568336 -0.08389205 0.2782653 0.9568336 -0.08389205 0.203644 0.9212347 -0.331445 0.203644 0.9212347 -0.331445 0.1151779 0.82292 -0.5563603 0.1151779 0.82292 -0.5563603 0.01881133 0.6684735 -0.743498 0.01881133 0.6684735 -0.743498 -0.07889491 0.4683327 -0.8800228 -0.07889491 0.4683327 -0.8800228 -0.171123 0.2364936 -0.9564453 -0.171123 0.2364936 -0.9564453 -0.2517136 -0.01150235 -0.9677334 -0.2517136 -0.01150235 -0.9677334 -0.3151817 -0.2588291 -0.9130542 -0.3151817 -0.2588291 -0.9130542 -0.3571494 -0.4884445 -0.7961572 -0.3571494 -0.4884445 -0.7961572 -0.3747779 -0.6847872 -0.6249864 -0.3747779 -0.6847872 -0.6249864 -0.3668667 -0.8344221 -0.4112768 -0.3668667 -0.8344221 -0.4112768 -0.3339628 -0.927212 -0.1695489 -0.3339628 -0.927212 -0.1695489 -0.2782902 -0.9568347 0.08379626 -0.2782902 -0.9568347 0.08379626 -0.8999058 0.2895262 0.3261044 -0.8649131 0.2848017 0.4132956 -0.02033259 0.09577331 0.9951955 0.05646323 0.06858421 0.9960462 0.06164173 0.05468508 0.9965991 0.06271352 0.06705038 0.9957767 -0.2652018 0.1584101 0.9510911 -0.152075 0.1096419 0.9822687 -0.2430363 0.1661807 0.9556764 -0.5854361 0.2240548 0.7791431 -0.5188321 0.2235959 0.825117 -0.3804907 0.1718088 0.9086851 -0.5195201 0.2251759 0.8242541 -0.7977343 0.2898464 0.5287807 -0.5793978 0.2353038 0.7803399 -0.8390943 0.2894973 0.4605563 -0.7538861 0.2635928 0.6018094 -0.877502 0.2940355 0.378858 -0.8815099 0.287493 0.3745505 -0.7783562 0.2598047 0.5715445 -0.6154982 0.22223 0.7561586 -0.2639759 0.1235982 0.9565773 -0.3593615 0.1506332 0.9209609 -0.2599926 0.1227835 0.9577724 0.06196835 0.02687034 0.9977163 -0.03515965 0.05691918 0.9977595 -0.03450588 0.05659334 0.9978009 -0.1473031 0.08997035 0.9849909 -0.9309892 0.2771268 0.2376127 -0.9348186 0.2645272 0.236938 -0.9308569 0.2774611 0.237741 -0.9337766 0.2643391 0.2412179 -0.9325801 0.2630552 0.2471768 0.1723988 0.05595236 -0.9834368 0.1830117 0.09793828 -0.9782202 0.3610771 0.04037504 -0.9316615 0.1605915 0.01248792 -0.986942 0.1597171 -0.009823943 -0.9871139 0.0385932 0.0400535 -0.9984519 0.926344 -0.2218016 -0.3044516 0.930416 -0.2409063 -0.2762068 0.8820569 -0.2119282 -0.4207875 0.9328793 -0.2102097 -0.2924861 0.9337668 -0.2122452 -0.2881518 0.8835733 -0.1796618 -0.4324579 0.7877124 -0.1302182 -0.6021232 0.6710087 -0.07626325 -0.7375169 0.7330329 -0.06359269 -0.6772139 0.9310262 -0.1694239 -0.3232427 -0.04485979 0.04549199 -0.997957 0.04561686 0.02677525 -0.9986001 0.4655497 -0.1202869 -0.8768093 0.3743214 -0.0784625 -0.9239736 0.3419014 -0.04574946 -0.9386216 0.2697428 -0.04827557 -0.9617215 0.2666478 -0.05879753 -0.9619988 0.6407516 -0.1784109 -0.7467308 0.6579282 -0.1526318 -0.737451 0.7204993 -0.2066142 -0.6619602 0.777166 -0.1978809 -0.5973743 0.7920638 -0.2277218 -0.5663724 0.4647 -0.1263742 -0.8764037 0.5107007 -0.1018718 -0.8537019 0.5571722 -0.1439432 -0.8178261 0.6406086 -0.1783541 -0.7468671 0.9142502 -0.2753638 -0.297189 0.8973084 -0.2640036 -0.3537509 0.9215051 -0.2723446 -0.2768694 0.8741528 -0.2436413 -0.420114 0.9195724 -0.251812 -0.3016244 0.8957184 -0.2666425 -0.3557953 0.8495354 -0.2485804 -0.4652928 0.7914956 -0.2297653 -0.5663414 -0.07361265 0.202422 -0.9765278 -0.01999643 0.163453 -0.9863485 0.03547472 0.1772959 -0.983518 0.1404517 0.1490975 -0.9787969 0.2554378 0.115395 -0.9599143 0.365615 0.08047364 -0.9272808 0.4436956 0.05323358 -0.8945951 0.5281116 -0.01906029 -0.8489611 0.5861988 0.0008841312 -0.8101668 0.6512072 -0.0255817 -0.7584687 0.8039248 -0.09920432 -0.5863986 0.8625203 -0.1332741 -0.4881565 0.9081213 -0.1666776 -0.384102 -0.01617461 0.1159833 -0.9931195 -0.05048662 0.08282422 -0.9952845 0.3518985 -0.001638456 -0.9360367 0.7827692 -0.1638789 -0.6003467 0.6648219 -0.114487 -0.7381765 0.5201475 -0.05988995 -0.8519741 -0.9293135 0.2826784 0.2376328 -0.9302169 0.2805003 0.2366771 -0.9326264 0.2735165 0.235365 -0.9399564 0.2471939 0.2353234 -0.9359544 0.261419 0.2359015 -0.972589 0.04334606 0.2284551 -0.9712312 0.05229211 0.2323261 -0.971093 0.06370563 0.2300432 -0.9696838 0.07644498 0.2320982 -0.9659172 0.1137478 0.2325199 -0.9650137 0.1180732 0.2341095 -0.9624206 0.1366874 0.2346555 -0.9622367 0.1373296 0.2350344 -0.9589269 0.1586547 0.2351338 -0.9578708 0.1634025 0.2361847 -0.950294 0.2030195 0.2360603 -0.9501784 0.2036881 0.2359494 -0.9456026 0.2249456 0.2350218 -0.9476413 0.2186881 0.2327048 -0.9450988 0.2281337 0.2339728 -0.9668891 -0.1302431 0.219459 -0.9682722 -0.1185018 0.2200144 -0.9715418 -0.09375753 0.2175223 -0.9726133 -0.06048825 0.2244204 -0.9732326 -0.06081929 0.2216286 -0.9732036 -0.03679156 0.2269827 -0.9727058 -0.03844001 0.2288357 -0.9737611 -0.03802865 0.2243727 -0.973596 -0.01232412 0.227945 -0.9740388 0.01775221 0.225684 -0.9725362 0.03395067 0.2302624 -0.9714807 0.05356624 0.2309891 -0.8863813 -0.4283202 0.1756985 -0.876191 -0.4524215 0.1661449 -0.8912693 -0.4180531 0.1757007 -0.905944 -0.3836941 0.1790092 -0.9210808 -0.3380562 0.1932053 -0.9330352 -0.3035541 0.1931325 -0.9351659 -0.2934482 0.1983757 -0.9434129 -0.2674547 0.1960612 -0.9440827 -0.2610232 0.2014317 -0.9525919 -0.2272855 0.2022619 -0.9561849 -0.2100277 0.2039577 -0.9634335 -0.1532609 0.2197885 -0.9610705 -0.188808 0.20173 -0.965114 -0.1459491 0.2173796 -0.8465477 -0.509904 0.1528229 -0.8653762 -0.4701788 0.1733662 -0.8218467 -0.5495348 0.1502649 -0.8400971 -0.5179782 0.161045 -0.8085338 -0.5698744 0.146684 -0.777458 -0.6128621 0.1412767 -0.721616 -0.6822988 0.1172123 -0.7368446 -0.6641604 0.1262972 -0.6709587 -0.7346169 0.1007594 -0.679229 -0.7259768 0.1077294 -0.602674 -0.7941199 0.07847119 -0.6165551 -0.782579 0.0861965 -0.5294814 -0.8464481 0.05634844 -0.5391154 -0.8397674 0.06438434 -0.4401989 -0.8973154 0.03240383 -0.3454189 -0.9384302 0.005881651 -0.2528193 -0.9673502 -0.01777451 -0.34657 -0.9379984 0.006945731 -0.2417104 -0.9701357 -0.02031919 -0.1459226 -0.9885171 -0.03925011 -0.1251294 -0.9912594 -0.04180357 -0.04494539 -0.9966663 -0.0680902 0.04831245 -0.9944795 -0.09314769 -0.03627719 -0.9976502 -0.05812063 0.1402894 -0.9841196 -0.1087543 0.06416422 -0.9940791 -0.08769056 0.1417969 -0.9841058 -0.1069087 0.2176605 -0.9690379 -0.1165741 0.2887211 -0.9475272 -0.1372308 0.295589 -0.9459286 -0.13359 0.3484881 -0.925238 -0.1499688 0.344508 -0.9274273 -0.145578 0.3994567 -0.9020716 -0.1634051 0.4379813 -0.8837111 -0.1650059 0.4504812 -0.8764704 -0.1699013 0.6859432 -0.6958434 -0.2128 0.6679309 -0.7141048 -0.2095771 0.6347249 -0.7456817 -0.2026897 0.640315 -0.7397486 -0.2068059 0.6075164 -0.7692049 -0.1981103 0.6116034 -0.765175 -0.2011183 0.5704611 -0.7987336 -0.1913079 0.5749523 -0.7944465 -0.1956648 0.4910692 -0.8533235 -0.1751859 0.5080427 -0.8418892 -0.1819759 0.4758895 -0.8622921 -0.1731515 0.7549156 -0.6176354 -0.2205196 0.7686818 -0.5997881 -0.2222218 0.7323309 -0.6453671 -0.217239 0.7337677 -0.6431539 -0.2189475 0.7113669 -0.6685477 -0.2167975 0.7145137 -0.6640832 -0.2201448 0.6935117 -0.6877444 -0.2145908 0.8175172 -0.5266068 -0.2331329 0.8341284 -0.4988443 -0.2353384 0.8245236 -0.5157915 -0.232637 0.8031062 -0.5495425 -0.2302682 0.798288 -0.5583705 -0.2257404 0.7709919 -0.5967579 -0.222377 0.7845836 -0.5789284 -0.2219697 0.7848804 -0.5783158 -0.2225165 0.8334783 -0.5019234 -0.2310557 0.8298308 -0.507093 -0.2328894 0.8443379 -0.4824625 -0.2330742 0.8555053 -0.4604332 -0.2368797 0.8619993 -0.4495278 -0.234269 0.8674588 -0.4386403 -0.234755 0.8692328 -0.4346728 -0.2355715 0.8808087 -0.4093948 -0.2378484 0.876887 -0.4200291 -0.233762 0.88866 -0.3934028 -0.235622 0.9120154 -0.3333503 -0.2389675 0.9190505 -0.3122676 -0.2404895 0.9162552 -0.3215629 -0.2389008 0.9152674 -0.3229116 -0.2408604 0.8868088 -0.3982873 -0.2343873 0.8951477 -0.3777872 -0.2366166 0.8980993 -0.3704342 -0.2370573 0.9102968 -0.3389396 -0.2376546 0.9195727 -0.3114646 -0.2395325 0.9234985 -0.2998879 -0.2392024 0.9256184 -0.2945398 -0.2376488 -0.3151778 -0.2588114 -0.9130606 -0.3151778 -0.2588114 -0.9130606 -0.06459019 -0.3251419 -0.9434568 -0.06459019 -0.3251419 -0.9434568 0.1905036 -0.3693381 -0.9095591 0.1905036 -0.3693381 -0.9095591 0.432649 -0.3883555 -0.8136307 0.432649 -0.3883555 -0.8136307 0.6452226 -0.3808948 -0.6622741 0.6452226 -0.3808948 -0.6622741 0.8137379 -0.3475027 -0.4659104 0.8137379 -0.3475027 -0.4659104 0.9269248 -0.2904034 -0.2376473 0.9269248 -0.2904034 -0.2376473 0.976918 -0.2135057 0.006817525 0.976918 -0.2135057 0.006817525 0.9603477 -0.1221267 0.2506339 0.9603477 -0.1221267 0.2506339 0.8782992 -0.02233895 0.4775893 0.8782992 -0.02233895 0.4775893 0.7363521 0.07897227 0.6719739 0.7363521 0.07897227 0.6719739 0.5443871 0.1748123 0.8204166 0.5443871 0.1748123 0.8204166 0.3151778 0.2588114 0.9130606 0.3151778 0.2588114 0.9130606 0.06448107 0.3251658 0.9434561 0.06448107 0.3251658 0.9434561 -0.1904178 0.3693272 0.9095815 -0.1904178 0.3693272 0.9095815 -0.4324919 0.3883515 0.8137161 -0.4324919 0.3883515 0.8137161 -0.6451567 0.3809019 0.6623342 -0.6451567 0.3809019 0.6623342 -0.8137987 0.3474832 0.4658188 -0.8137987 0.3474832 0.4658188 -0.9269248 0.2904034 0.2376473 -0.9269248 0.2904034 0.2376473 -0.9769108 0.213542 -0.006712142 -0.9769108 0.213542 -0.006712142 -0.9603307 0.1220937 -0.2507152 -0.9603307 0.1220937 -0.2507152 -0.8782992 0.02233895 -0.4775893 -0.8782992 0.02233895 -0.4775893 -0.7364098 -0.07893822 -0.6719147 -0.7364098 -0.07893822 -0.6719147 -0.5442962 -0.1748511 -0.8204686 -0.5442962 -0.1748511 -0.8204686 0.2036501 0.9212397 -0.3314274 0.2036501 0.9212397 -0.3314274 0.2036501 0.9212397 -0.3314274 0.2036501 0.9212397 -0.3314274 0.2036501 0.9212397 -0.3314274 0.2036501 0.9212397 -0.3314274 0.2036501 0.9212397 -0.3314274 0.2036501 0.9212397 -0.3314274 0.2036501 0.9212397 -0.3314274 0.2036501 0.9212397 -0.3314274 0.2036501 0.9212397 -0.3314274 0.2036501 0.9212397 -0.3314274 0.2036501 0.9212397 -0.3314274 0.2036501 0.9212397 -0.3314274 0.2036501 0.9212397 -0.3314274 0.2036501 0.9212397 -0.3314274 0.2036501 0.9212397 -0.3314274 0.2036501 0.9212397 -0.3314274 0.2036501 0.9212397 -0.3314274 0.2036501 0.9212397 -0.3314274 0.2036501 0.9212397 -0.3314274 0.2036501 0.9212397 -0.3314274 0.2036501 0.9212397 -0.3314274 0.2036501 0.9212397 -0.3314274 0.2036501 0.9212397 -0.3314274 0.2036501 0.9212397 -0.3314274 0.2036501 0.9212397 -0.3314274 0.2036501 0.9212397 -0.3314274 0.2036501 0.9212397 -0.3314274 0.2036501 0.9212397 -0.3314274 0.2036501 0.9212397 -0.3314274 0.2036501 0.9212397 -0.3314274 0.2036501 0.9212397 -0.3314274 0.2036501 0.9212397 -0.3314274 0.2036501 0.9212397 -0.3314274 0.2036501 0.9212397 -0.3314274 0.2036501 0.9212397 -0.3314274 0.2036501 0.9212397 -0.3314274 0.2036501 0.9212397 -0.3314274 0.2036501 0.9212397 -0.3314274 0.2036501 0.9212397 -0.3314274 0.2036501 0.9212397 -0.3314274 0.2036501 0.9212397 -0.3314274 0.2036501 0.9212397 -0.3314274 0.2036501 0.9212397 -0.3314274 0.2036501 0.9212397 -0.3314274 0.2036501 0.9212397 -0.3314274 0.2036501 0.9212397 -0.3314274 -0.3151778 -0.2588114 -0.9130606 -0.3151778 -0.2588114 -0.9130606 -0.06459019 -0.3251419 -0.9434568 -0.06459019 -0.3251419 -0.9434568 0.1905036 -0.3693381 -0.9095591 0.1905036 -0.3693381 -0.9095591 0.432649 -0.3883555 -0.8136307 0.432649 -0.3883555 -0.8136307 0.6452226 -0.3808948 -0.6622741 0.6452226 -0.3808948 -0.6622741 0.8137379 -0.3475027 -0.4659104 0.8137379 -0.3475027 -0.4659104 0.9269248 -0.2904034 -0.2376473 0.9269248 -0.2904034 -0.2376473 0.976918 -0.2135057 0.006817525 0.976918 -0.2135057 0.006817525 0.9603477 -0.1221267 0.2506339 0.9603477 -0.1221267 0.2506339 0.8782992 -0.02233895 0.4775893 0.8782992 -0.02233895 0.4775893 0.7363521 0.07897227 0.6719739 0.7363521 0.07897227 0.6719739 0.5443871 0.1748123 0.8204166 0.5443871 0.1748123 0.8204166 0.3151778 0.2588114 0.9130606 0.3151778 0.2588114 0.9130606 0.06448107 0.3251658 0.9434561 0.06448107 0.3251658 0.9434561 -0.1904178 0.3693272 0.9095815 -0.1904178 0.3693272 0.9095815 -0.4324919 0.3883515 0.8137161 -0.4324919 0.3883515 0.8137161 -0.6451567 0.3809019 0.6623342 -0.6451567 0.3809019 0.6623342 -0.8137987 0.3474832 0.4658188 -0.8137987 0.3474832 0.4658188 -0.9269248 0.2904034 0.2376473 -0.9269248 0.2904034 0.2376473 -0.9769108 0.213542 -0.006712142 -0.9769108 0.213542 -0.006712142 -0.9603307 0.1220937 -0.2507152 -0.9603307 0.1220937 -0.2507152 -0.8782992 0.02233895 -0.4775893 -0.8782992 0.02233895 -0.4775893 -0.7364098 -0.07893822 -0.6719147 -0.7364098 -0.07893822 -0.6719147 -0.5442962 -0.1748511 -0.8204686 -0.5442962 -0.1748511 -0.8204686 -0.6709579 0.7411549 0.02247142 -0.6941871 0.7188968 0.03594088 -0.6906669 0.7231693 -0.002324645 -0.8903627 0.4149477 0.187277 -0.8875787 0.424831 0.1781088 -0.8810889 0.4439832 0.1629763 -0.8802931 0.4481691 0.1556554 -0.8768037 0.4545585 0.1568175 -0.8737221 0.4601112 0.1578207 -0.8705 0.4660392 0.1582316 -0.8684868 0.4697061 0.1584516 -0.8648718 0.4763816 0.1582948 -0.8641721 0.4776559 0.1582763 -0.8576481 0.4895997 0.1572636 -0.8562656 0.4920826 0.1570478 -0.8560223 0.4921143 0.1582701 -0.8439678 0.5069479 0.1752772 -0.8603304 0.4818305 0.1663462 -0.8611058 0.4798873 0.1679434 -0.8635883 0.4735398 0.1731337 -0.8646364 0.4706578 0.1757416 -0.866845 0.4644398 0.1813158 -0.8681571 0.4602991 0.185548 -0.8700699 0.4540473 0.1918837 -0.8746258 0.4468167 0.1881078 -0.8578942 0.493285 0.1438312 -0.8874846 0.4450535 0.119576 -0.884527 0.4264049 0.1891846 -0.8815463 0.4316046 0.1912943 -0.8298927 0.5260974 0.1857407 -0.8236215 0.5665219 0.02647033 -0.7862291 0.6093835 0.1024478 -0.7703122 0.5927196 0.2351649 -0.7848499 0.61967 -0.004427204 -0.6916032 0.722276 -0.001548186 -0.6952783 0.7175419 0.04149263 -0.7082451 0.7046369 0.04330875 -0.7253408 0.6621766 0.1881565 -0.7166761 0.6950927 0.05675938 -0.7839413 0.6207825 -0.008077942 -0.7650537 0.6384384 0.08419742 -0.7856298 0.610824 0.09838635 -0.6440131 0.7649927 0.005771064 -0.443462 0.6229584 0.64441 -0.6503959 0.7563477 -0.07016582 -0.469121 0.8788206 -0.08717684 -0.4789629 0.8739735 -0.08224872 -0.4727342 0.8770548 -0.08542379 -0.472987 0.8769305 -0.08530095 -0.469237 0.8787643 -0.0871198 -0.4690767 0.8788424 -0.08719524 -0.4747474 0.8760686 -0.08437227 -0.4737856 0.8765425 -0.0848555 -0.4754387 0.8757303 -0.0839914 -0.4818083 0.8725578 -0.08064553 -0.4831852 0.8718633 -0.07991505 -0.4821755 0.8723725 -0.08045489 -0.4840671 0.871421 -0.07940121 -0.5294791 0.8406456 -0.1138722 -0.549309 0.8342823 -0.04725096 -0.5889923 0.8053263 -0.06736173 -0.597494 0.8016933 -0.01699326 -0.6431828 0.7613247 -0.08185701 -0.4895705 0.8685503 -0.07707826 -0.481228 0.872796 -0.08152779 -0.4785462 0.8741355 -0.08295018 -0.4800562 0.8733865 -0.08210949 -0.4764512 0.875167 -0.08412502 -0.4630098 0.8816086 -0.09158747 -0.4109204 0.903697 -0.1203168 -0.4753704 0.8757173 -0.08451084 -0.4884662 0.869184 -0.07694079 -0.4782706 0.8742957 -0.08285118 -0.07881407 0.4682327 -0.8800832 -0.008330704 0.6172133 -0.7867518 0.01895652 0.6684913 -0.7434784 0.04132493 0.7084561 -0.7045439 0.1151779 0.82292 -0.5563603 0.1151779 0.82292 -0.5563603 0.203644 0.9212347 -0.331445 0.203644 0.9212347 -0.331445 0.2782653 0.9568336 -0.08389205 0.2782653 0.9568336 -0.08389205 0.3339338 0.927252 0.1693869 0.3278103 0.9382304 0.1107435 0.3668733 0.8344199 0.4112754 0.3497087 0.9080061 0.2307137 0.3669913 0.8336783 0.4126716 0.3747747 0.684674 0.6251124 0.3747747 0.684674 0.6251124 0.357138 0.488363 0.7962123 0.357138 0.488363 0.7962123 0.3151739 0.2587937 0.913067 0.3151739 0.2587937 0.913067 0.2517618 0.01166812 0.9677189 0.2517618 0.01166812 0.9677189 0.1711573 -0.2363983 0.9564628 0.1711573 -0.2363983 0.9564628 0.07882911 -0.4684824 0.879949 0.07882911 -0.4684824 0.879949 -0.0187728 -0.6684031 0.7435623 -0.0187728 -0.6684031 0.7435623 -0.115116 -0.8228353 0.5564983 -0.115116 -0.8228353 0.5564983 -0.2036561 -0.9212446 0.3314098 -0.2036561 -0.9212446 0.3314098 -0.2782902 -0.9568347 0.08379626 -0.2782902 -0.9568347 0.08379626 -0.3339628 -0.927212 -0.1695489 -0.3339628 -0.927212 -0.1695489 -0.3668667 -0.8344221 -0.4112768 -0.3668667 -0.8344221 -0.4112768 -0.3747779 -0.6847872 -0.6249864 -0.3747779 -0.6847872 -0.6249864 -0.3571494 -0.4884445 -0.7961572 -0.3571494 -0.4884445 -0.7961572 -0.3151817 -0.2588291 -0.9130542 -0.3151817 -0.2588291 -0.9130542 -0.2517136 -0.01150235 -0.9677334 -0.2517136 -0.01150235 -0.9677334 -0.171123 0.2364936 -0.9564453 -0.171123 0.2364936 -0.9564453 -0.07944364 0.4670838 -0.8806369 -0.525888 0.5003673 -0.687804 -0.5267785 0.4999311 -0.6874397 -0.4986475 0.4319495 -0.751512 -0.6513892 0.7544965 -0.08016885 -0.642831 0.7609016 -0.08830104 -0.6571186 0.7477352 -0.09532653 -0.3789035 0.1618897 -0.9111662 -0.3871275 0.1516951 -0.9094619 -0.5234166 0.2206089 -0.8230229 -0.3591693 0.2547947 -0.8978179 -0.2933177 0.1629866 -0.9420191 -0.3282822 0.2000067 -0.923162 -0.6368951 0.7188423 -0.2786224 -0.6315973 0.7231944 -0.2794186 -0.6499842 0.6908587 -0.3165989 -0.8960006 0.4364833 0.08164068 -0.8593946 0.491268 0.1417624 -0.8800016 0.4747333 0.01501241 -0.7494885 0.3691168 -0.5495633 -0.76427 0.3480021 -0.5429419 -0.8444623 0.3936988 -0.3631593 -0.7783989 0.326236 -0.5363443 -0.7917368 0.3036448 -0.5300497 -0.8748856 0.3399972 -0.3449305 -0.3181604 0.1091314 -0.9417347 -0.318471 0.1062394 -0.9419604 -0.3973933 0.1397284 -0.9069479 -0.3497576 0.1203966 -0.9290717 -0.3457148 0.1115049 -0.9316909 -0.347488 0.1119443 -0.9309783 -0.3475182 0.1119623 -0.9309648 -0.3226943 0.1150691 -0.9394826 -0.317586 0.1210349 -0.9404731 -0.3097585 0.1129485 -0.9440828 -0.3062729 0.1333562 -0.9425566 -0.3005129 0.1239424 -0.9456904 -0.3672724 0.1721706 -0.9140395 -0.3117826 0.1275719 -0.9415503 -0.308396 0.1205149 -0.9435932 -0.2923418 0.1403962 -0.945952 -0.2902092 0.132629 -0.9477279 -0.3464289 0.1896553 -0.9187045 -0.3010155 0.1391957 -0.9434056 -0.3570621 0.1818763 -0.9162028 -0.2948007 0.1307582 -0.94657 -0.3010003 0.1306173 -0.9446364 -0.3345543 0.1973796 -0.9214742 -0.2825775 0.1372405 -0.9493761 -0.2875081 0.139002 -0.9476379 -0.3393251 0.1914165 -0.9209876 -0.2831427 0.1405908 -0.9487173 -0.2792798 0.143519 -0.9494235 -0.2965864 0.1624355 -0.9410904 -0.8379678 0.2712569 -0.4735288 -0.8332756 0.2842116 -0.4742105 -0.8891098 0.31072 -0.3360608 -0.8767025 0.2927454 -0.3816974 -0.9121482 0.3021868 -0.2768913 -0.93271 0.3278427 -0.1502371 -0.9296211 0.3106356 -0.1982679 -0.9457166 0.3129629 -0.08760311 -0.7834499 0.2506474 -0.568667 -0.8047058 0.2809485 -0.5229881 -0.8601344 0.3672587 -0.3539632 -0.9497671 0.3071669 -0.05992461 -0.9479305 0.3130657 -0.05846099 -0.9373296 0.3344889 0.09762369 -0.9192542 0.3271058 0.2190286 -0.9347304 0.3248948 0.1439526 -0.9479869 0.3161328 0.03716049 -0.9236816 0.3376375 0.181144 -0.9224851 0.3362655 0.1895964 -0.9326737 0.3577531 0.0461792 -0.9144314 0.3720435 0.1593702 -0.9187451 0.36064 -0.1607673 -0.9039617 0.3915372 -0.1719065 -0.9102329 0.4097631 0.05975101 -0.89045 0.4139898 0.188974 -0.7339817 0.3895084 -0.5563758 -0.8279202 0.419359 -0.3724058 -0.7008678 0.4282582 -0.5704203 -0.7177811 0.4092659 -0.5632865 -0.7921126 0.4683128 -0.3914597 -0.9018283 0.4300275 0.04221504 -0.8941752 0.413566 0.1715045 -0.8892701 0.4328896 0.1476662 -0.8880828 0.4216638 -0.1830534 -0.8711097 0.4508895 -0.1945934 -0.8540677 0.4972869 0.1525586 -0.8476562 0.5292734 -0.03672474 -0.8635337 0.5031979 0.03318653 -0.8339022 0.506908 -0.2182919 -0.853044 0.4792998 -0.2063677 -0.8104559 0.4442002 -0.3818997 -0.8637614 0.4970646 0.0827223 -0.8475047 0.5225418 0.09319806 -0.8233722 0.5588675 0.09861692 -0.7728351 0.4915137 -0.4014227 -0.6834554 0.4465666 -0.5774659 -0.752838 0.513883 -0.4112898 -0.665429 0.4639145 -0.584797 -0.7321702 0.5352645 -0.4212111 -0.6469134 0.4804538 -0.5921716 -0.7108356 0.555644 -0.4312453 -0.627926 0.4961168 -0.5996474 -0.6888527 0.5749958 -0.4414314 -0.608498 0.5110558 -0.607085 -0.6662461 0.5934541 -0.4515843 -0.5885908 0.5251605 -0.6146278 -0.6430253 0.6109103 -0.4618518 -0.5666351 0.5400046 -0.6223502 -0.6186163 0.6267747 -0.4737799 -0.6026691 0.6284676 -0.4917504 -0.8235061 0.5672525 0.007895904 -0.8115577 0.5699572 0.1285415 -0.8128931 0.5799793 -0.05318645 -0.8206965 0.5660785 0.07753932 -0.790058 0.611565 0.04238618 -0.7790805 0.6245661 0.05431999 -0.779217 0.6260915 -0.02881412 -0.7668985 0.634625 0.09548736 -0.7676138 0.6382367 -0.05850612 -0.7308969 0.6784253 -0.07435561 -0.7151288 0.6972362 0.04952293 -0.7100126 0.7010538 -0.06637518 -0.7058707 0.7067578 0.04732811 -0.6806072 0.721619 -0.1266486 -0.6981694 0.7152166 -0.0320122 -0.6432211 0.7436027 -0.1825423 -0.6744222 0.6725145 -0.3047603 -0.699635 0.6520242 -0.2921906 -0.7240718 0.6305071 -0.2796085 -0.7476962 0.6078861 -0.2672544 -0.770518 0.5842417 -0.2548798 -0.7925222 0.5594839 -0.2426649 -0.8136946 0.5336678 -0.2304339 -0.7678314 0.6365997 0.0719429 -0.7428542 0.6690523 0.0231657 -0.7145845 0.6971022 0.05845976 -0.5812049 0.7035851 -0.408863 -0.5989473 0.634457 -0.4885964 -0.5543569 0.6718322 -0.4912535 -0.4732496 0.2662659 -0.8397245 -0.439184 0.466033 -0.7680694 -0.4192807 0.3166585 -0.8508414 -0.5139911 0.4212028 -0.7472626 -0.4284718 0.3111175 -0.8483029 -0.5294627 0.4105569 -0.7423694 -0.4391907 0.304058 -0.8453758 -0.5446334 0.3993927 -0.7374686 -0.449668 0.2965769 -0.8425205 -0.5594824 0.3876329 -0.7326119 -0.453777 0.2828168 -0.845045 -0.5739643 0.3751578 -0.7278885 -0.4700764 0.2802695 -0.8369451 -0.5881783 0.3621376 -0.7231201 -0.4185908 0.339707 -0.8422475 -0.3982323 0.3558723 -0.8454383 -0.4184231 0.3393885 -0.8424592 -0.5385098 0.1976792 -0.8191032 -0.4452631 0.1489816 -0.8829186 -0.5339676 0.1847099 -0.8250824 -0.5505035 0.1731853 -0.8166718 -0.5511465 0.1713399 -0.8166273 -0.6409557 0.2041498 -0.7399315 -0.7186962 0.2312614 -0.6557392 -0.6838068 0.2381985 -0.6896881 -0.7184818 0.2311804 -0.6560027 -0.6743708 0.2539312 -0.6933563 -0.6535606 0.2666616 -0.7083432 -0.6524166 0.2876325 -0.7011563 -0.6019301 0.3483814 -0.7185475 -0.4895729 0.2623076 -0.8315726 -0.6152489 0.3340165 -0.714074 -0.4917962 0.2479947 -0.8346467 -0.6280909 0.3191012 -0.7097015 -0.5079604 0.2408829 -0.8270137 -0.6307661 0.2981871 -0.7163927 -0.6059534 0.793379 -0.05805373 -0.6494059 0.7602362 0.0176912 -0.6603531 0.7509398 0.004805635 -0.6563833 0.7544162 -0.004150244 -0.5737615 0.5704247 -0.5877187 -0.5252798 0.5011936 -0.6876671 -0.5254146 0.5014728 -0.6873606 0.5119923 0.1630826 -0.8433671 0.5116813 0.1620579 -0.8437532 0.5362565 0.2212269 -0.8145475 0.6897653 0.2206728 -0.6895849 0.6896945 0.2205761 -0.6896867 0.6638203 0.269931 -0.6974811 0.06402974 0.01967924 -0.9977539 0.06302402 0.01682888 -0.9978701 0.0539777 0.03558813 -0.9979078 0.2962912 0.09565175 -0.9502959 0.2963627 0.09479091 -0.9503598 0.2258791 0.1006217 -0.9689447 -0.5346799 0.3393124 -0.7739409 -0.591809 0.470216 -0.6547206 0.7840685 0.4710041 -0.4042175 0.7875316 0.4557668 -0.414814 0.7195854 0.444228 -0.5337212 0.8283704 0.2704126 -0.490591 0.8296921 0.2662557 -0.4906312 0.7849901 0.3046239 -0.5394394 -0.2976208 -0.05390365 -0.9531612 -0.2984971 -0.06137994 -0.9524348 -0.3623232 0.05502759 -0.9304267 -0.2942622 -0.06660696 -0.9534009 -0.3671701 0.04347898 -0.9291371 -0.2915772 -0.0632542 -0.9544536 -0.3469536 0.05700628 -0.9361482 -0.2932192 -0.05187972 -0.9546366 -0.3302488 0.06701645 -0.9415118 -0.286498 -0.05880628 -0.9562744 -0.3129953 0.07376494 -0.9468858 -0.2987139 -0.01906187 -0.9541523 -0.2585314 0.07117181 -0.9633774 -0.2756699 -0.04506265 -0.9601955 -0.2884321 0.07248689 -0.9547526 -0.280206 -0.06005495 -0.9580595 -0.2895943 -0.003320271 -0.9571437 -0.2277768 0.06519488 -0.9715284 -0.265973 -0.04537767 -0.9629119 -0.2723923 -0.06218239 -0.9601749 -0.2462247 -0.06018271 -0.9673425 -0.2549607 -0.0617272 -0.9649792 -0.1737629 0.04171157 -0.9839038 -0.2562629 -0.06410972 -0.9644788 -0.1976069 0.05518415 -0.9787268 -0.2576125 -0.05312404 -0.9647868 -0.2650352 -0.06337064 -0.9621541 -0.2512422 -0.06869113 -0.9654838 -0.1570535 0.02253112 -0.987333 -0.2073795 -0.03613839 -0.9775928 -0.1420266 0.005349298 -0.9898484 -0.2474177 -0.07423829 -0.9660606 -0.2376821 -0.07058504 -0.968775 -0.1287273 -0.008584258 -0.9916429 -0.2418765 -0.07730722 -0.9672225 -0.1235427 -0.02039238 -0.9921297 -0.2427747 -0.07767323 -0.9669681 -0.2337025 -0.07665247 -0.969282 -0.1182347 -0.03438114 -0.9923903 -0.2392387 -0.08292208 -0.9674135 0.8527964 0.2868129 -0.4364363 0.8600212 0.3095678 -0.4056247 0.8163778 0.3516945 -0.4580812 0.7601179 0.3707758 -0.5336161 0.69124 0.4158809 -0.5909571 0.8268881 0.3791492 -0.4153335 0.7965386 0.3772788 -0.4724266 0.6608261 0.5246863 -0.5366685 0.7317469 0.5369086 -0.4198519 0.6140993 0.4820617 -0.6248989 0.5344735 0.6629891 -0.5241979 0.6498098 0.6320641 -0.4221874 0.5708838 0.6131573 -0.5460126 0.6435712 0.6008586 -0.474115 0.560949 0.5638567 -0.6061369 0.5135054 0.7212885 -0.4648174 0.4500022 0.7103082 -0.5412581 0.4648921 0.7768589 -0.4246946 0.371957 0.853402 -0.3651752 0.3733014 0.8535631 -0.3634227 0.312458 0.8036257 -0.5065133 0.3675372 0.7514962 -0.5478776 0.4644338 0.7771121 -0.4247328 0.14858 0.8512747 -0.5032449 0.2439053 0.8861839 -0.3939394 0.1523354 0.7727543 -0.6161532 0.01020114 0.9560901 -0.2928953 0.03700525 0.8409042 -0.5399174 -0.02374715 0.9023368 -0.4303769 0.09319651 0.9068102 -0.4111079 0.1730661 0.9072901 -0.3832399 -0.1754845 0.9047036 -0.3882224 -0.1152643 0.9536443 -0.2779869 -0.1074987 0.9151694 -0.38847 -0.1792066 0.8141309 -0.5523368 -0.3272767 0.9209163 -0.2116677 -0.3271211 0.920965 -0.211696 -0.3220323 0.8853791 -0.3352595 -0.2697931 0.9116407 -0.310037 -0.2156048 0.9205918 -0.3256152 -0.3789185 0.8750751 -0.3011053 -0.4253564 0.8615552 -0.2771181 -0.4110224 0.9005036 -0.1419642 -0.4638634 0.8431421 -0.2719231 -0.508532 0.8286259 -0.2340393 -0.4589093 0.8152427 -0.3532442 -0.557945 0.8282315 -0.05225008 -0.5573674 0.8284446 -0.05496437 -0.5771987 0.7919412 -0.1991754 -0.5321325 0.8364821 -0.1308916 -0.4898411 0.8663572 -0.09737022 -0.5962265 0.7978749 -0.08893619 -0.6350956 0.7527736 -0.1731633 -0.6172299 0.7864547 -0.02271943 -0.6446846 0.7614303 -0.06786495 -0.6407921 0.6767553 -0.3624744 -0.459179 0.1967762 -0.8662758 0.1844161 0.05857636 -0.9811012 -0.5025898 0.3570875 -0.7873322 -0.549985 0.4951511 -0.6725637 -0.4640421 0.3756457 -0.8022189 -0.5005558 0.519236 -0.6927033 -0.4162346 0.3936297 -0.8196368 -0.4391438 0.542385 -0.7162201 -0.3574641 0.407983 -0.8401008 -0.3636057 0.5610285 -0.7436652 -0.2852266 0.4156682 -0.8636352 -0.2705785 0.5708557 -0.7751845 -0.2001985 0.4118376 -0.888994 -0.160858 0.5659202 -0.8086155 -0.1115192 0.392708 -0.9128767 -0.04635029 0.5413108 -0.8395441 -0.02716463 0.3569721 -0.93372 0.06277263 0.4953807 -0.866405 0.04746047 0.3104709 -0.9493973 0.1594554 0.4352168 -0.8860927 0.1061543 0.2620696 -0.9591928 0.2351184 0.3723138 -0.8978317 0.149476 0.2156331 -0.9649659 0.2915968 0.312581 -0.9040268 0.181848 0.1727671 -0.9680304 0.3336543 0.2572588 -0.9069139 0.2063433 0.134638 -0.9691724 0.3651245 0.207907 -0.9074463 0.3887183 0.1631355 -0.9067993 0.4113271 0.1311469 -0.9020036 -0.1640595 -0.05247913 -0.9850535 -0.1624698 -0.05352116 -0.9852609 -0.04577179 -0.0186388 -0.998778 -0.4387167 0.2085966 -0.8740796 -0.4123688 0.2209795 -0.88381 -0.379885 0.2334585 -0.8950891 -0.3398623 0.2434962 -0.908407 -0.2907148 0.2485297 -0.9239686 -0.2328927 0.2462309 -0.9408142 -0.1725868 0.2333418 -0.9569563 -0.1151816 0.2091119 -0.9710847 -0.06489625 0.1771703 -0.9820383 -0.02533583 0.1441822 -0.9892268 0.003964288 0.1126349 -0.9936285 0.02576413 0.08349857 -0.9961748 0.04207921 0.05751813 -0.9974573 0.7662613 0.2454442 -0.593802 0.6095667 0.19464 -0.7684684 0.6332459 0.3276712 -0.7011642 0.50877 0.2728023 -0.8165366 0.5917805 0.3940021 -0.7032483 0.4714372 0.3315668 -0.8171967 0.5359959 0.4685058 -0.7022896 0.4214885 0.3974628 -0.8150894 0.460994 0.549378 -0.6968991 0.3544987 0.468869 -0.8090071 0.3594905 0.6346247 -0.6841185 0.2643636 0.544051 -0.7963168 0.229459 0.7159857 -0.6593277 0.1491267 0.6159148 -0.7735697 0.08243091 0.7769993 -0.6240811 0.01898869 0.6703439 -0.7418076 -0.07091682 0.8102697 -0.5817506 -0.1173245 0.6995397 -0.7048966 -0.2179893 0.816057 -0.5352865 -0.247855 0.7050793 -0.6644028 -0.3417613 0.8017195 -0.490352 -0.3580876 0.6931969 -0.6255009 -0.4416186 0.7755374 -0.4511261 -0.4474124 0.6706414 -0.5916606 -0.5224145 0.7436602 -0.4171962 -0.519899 0.6427292 -0.562676 -0.5870441 0.7104363 -0.3881489 -0.578049 0.6137748 -0.5377173 -0.626992 0.5839279 -0.515664 -0.3151792 -0.258811 -0.9130602 -0.3151792 -0.258811 -0.9130602 -0.06459019 -0.3251419 -0.9434568 -0.06459019 -0.3251419 -0.9434568 0.1905168 -0.3693398 -0.9095557 0.1905168 -0.3693398 -0.9095557 0.432606 -0.3883544 -0.813654 0.432606 -0.3883544 -0.813654 0.6451535 -0.3809022 -0.6623371 0.6451535 -0.3809022 -0.6623371 0.8137695 -0.3474925 -0.4658627 0.8137695 -0.3474925 -0.4658627 0.9269248 -0.2904034 -0.2376473 0.9269248 -0.2904034 -0.2376473 0.9769143 -0.2135246 0.006762681 0.9769143 -0.2135246 0.006762681 0.9603298 -0.122092 0.2507192 0.9603298 -0.122092 0.2507192 0.878278 -0.02231997 0.477629 0.878278 -0.02231997 0.477629 0.736361 0.07896704 0.6719648 0.736361 0.07896704 0.6719648 0.5443871 0.1748123 0.8204166 0.5443871 0.1748123 0.8204166 0.3151764 0.2588118 0.9130609 0.3151764 0.2588118 0.9130609 0.06448384 0.3251652 0.9434561 0.06448384 0.3251652 0.9434561 -0.1904268 0.3693283 0.9095792 -0.1904268 0.3693283 0.9095792 -0.4325354 0.3883526 0.8136924 -0.4325354 0.3883526 0.8136924 -0.6451601 0.3809015 0.6623311 -0.6451601 0.3809015 0.6623311 -0.8137634 0.3474945 0.4658719 -0.8137634 0.3474945 0.4658719 -0.9269248 0.2904034 0.2376473 -0.9269248 0.2904034 0.2376473 -0.976915 0.213521 -0.00677322 -0.976915 0.213521 -0.00677322 -0.9603315 0.1220953 -0.2507111 -0.9603315 0.1220953 -0.2507111 -0.8783206 0.02235816 -0.477549 -0.8783206 0.02235816 -0.477549 -0.7364159 -0.07893464 -0.6719085 -0.7364159 -0.07893464 -0.6719085 -0.5442939 -0.1748521 -0.8204699 -0.5442939 -0.1748521 -0.8204699 -0.3151778 -0.2588114 -0.9130606 -0.2758965 -0.2708015 -0.9222514 -0.3151778 -0.2588114 -0.9130606 -0.2758965 -0.2708015 -0.9222514 -0.3751753 -0.2392475 -0.8955468 -0.3151778 -0.2588114 -0.9130606 -0.3751754 -0.2392475 -0.8955468 -0.3151778 -0.2588114 -0.9130606 -0.3151778 -0.2588114 -0.9130606 -0.3151778 -0.2588114 -0.9130606 -0.9269248 0.2904034 0.2376473 -0.9269248 0.2904034 0.2376473 -0.9269248 0.2904034 0.2376473 -0.9269248 0.2904034 0.2376473 -0.9269248 0.2904034 0.2376473 -0.9269248 0.2904034 0.2376473 -0.9269248 0.2904034 0.2376473 -0.2762881 -0.09963479 -0.9558963 -0.281572 -0.1196443 -0.9520517 -0.2788189 -0.110184 -0.9540018 -0.2574186 -0.03241415 -0.9657562 -0.2345413 0.04599318 -0.9710175 -0.2326597 0.05599763 -0.9709448 -0.2469309 0.007685647 -0.9690026 -0.2587634 -0.02697733 -0.965564 -0.2691558 -0.06267058 -0.9610555 -0.3351669 -0.9263714 -0.1717534 -0.3491542 -0.8990574 -0.2641726 -0.3351828 -0.9268532 -0.1691024 -0.3745622 -0.7166219 -0.5883504 -0.3708565 -0.6475183 -0.6657217 -0.3751436 -0.6844866 -0.6250963 -0.01777013 -0.6689284 0.7431144 0.001533593 -0.6254828 0.7802364 -0.03766193 -0.6981254 0.7149842 -0.1145397 -0.8230679 0.5562733 0.05268051 -0.5213702 0.8517029 0.07989177 -0.4684134 0.8798899 0.09075498 -0.4356806 0.8955144 0.09566412 -0.4343914 0.8956296 0.1725593 -0.2378402 0.9558532 0.142566 -0.3170541 0.9376309 0.2546013 0.01100111 0.9669835 0.2214195 -0.0837285 0.9715776 0.1738288 -0.2251271 0.9586977 0.3175692 0.2580905 0.9124358 0.2884248 0.1532633 0.9451568 0.2508538 0.01385581 0.9679258 0.3596861 0.4874299 0.7956368 0.3369749 0.3731857 0.8643959 0.3099782 0.2448615 0.918671 0.3771817 0.6841029 0.6242894 0.3666767 0.5727737 0.7331292 0.3511436 0.4551628 0.8182451 0.3684458 0.8340468 0.4106258 0.374487 0.7378348 0.5615687 0.3726666 0.6461693 0.6660216 0.3345496 0.9271269 0.1688559 0.3614803 0.8593763 0.3616689 0.3711309 0.7959547 0.4782446 0.2628881 0.9548543 -0.1383586 0.2882808 0.956479 -0.04519073 0.2796145 0.9564736 -0.08351032 0.3318225 0.9305352 0.1549134 0.3499179 0.8971626 0.2695492 0.2391867 0.9454491 -0.221169 0.2050829 0.9206307 -0.3322351 0.1917236 0.9109189 -0.3653339 0.1261966 0.8382129 -0.5305408 0.1162048 0.8226229 -0.5565861 0.0795412 0.7723726 -0.6301696 0.03944948 0.7070818 -0.7060305 0.02025027 0.6681885 -0.7437164 -0.009416231 0.6177926 -0.7862847 -0.04885942 0.5372135 -0.84203 -0.07679659 0.4679032 -0.8804368 -0.0990345 0.4245687 -0.8999631 -0.1337989 0.3384193 -0.9314345 -0.1683378 0.2358584 -0.9570962 -0.1792314 0.2159699 -0.9598089 -0.211476 0.1217208 -0.9697742 -0.2490349 -0.01255064 -0.9684132 -0.2545005 -0.01639796 -0.9669336 -0.2802861 -0.1088075 -0.9537298 -0.3147539 -0.2602072 -0.91281 -0.3141305 -0.2448327 -0.9172671 -0.3580464 -0.488045 -0.7959993 -0.3624131 -0.5391411 -0.7602523 -0.3495145 -0.4535153 -0.8198558 -0.3297754 -0.3332245 -0.8832948 -0.3707053 -0.7979721 -0.4752032 -0.3673542 -0.8344381 -0.4108089 -0.3730658 -0.798142 -0.4730657 -0.3646312 -0.8478416 -0.3849788 -0.2791571 -0.9566096 0.0834823 -0.2594613 -0.9566362 0.1323898 -0.2837219 -0.9581805 0.03730932 -0.08456044 -0.7754602 0.6257084 -0.1230451 -0.8320397 0.5408972 -0.2034568 -0.9213725 0.3311769 -0.1923657 -0.9143 0.356442 -0.2420766 -0.9480563 0.2063689 -0.5948405 0.759353 -0.2637191 -0.5275447 0.771227 -0.3562379 0.1369427 0.924951 -0.3545593 0.09120621 0.8763117 -0.473032 0.08144317 0.9380455 -0.3368052 -0.07330186 0.9041487 -0.4208824 -0.0283837 0.9527565 -0.3024059 -0.1390401 0.9546306 -0.2633405 -0.2870049 0.8991999 -0.330254 -0.2459556 0.9435827 -0.2217148 -0.4780487 0.8495229 -0.2231148 -0.4499085 0.8836128 -0.1296562 -0.5448697 0.8346896 -0.08006456 -0.5529448 0.8266988 -0.1040248 -0.5595851 0.806139 -0.1923656 -0.552412 0.8271894 -0.1029498 -0.4977038 0.6238978 -0.60253 -0.5301126 0.6852174 -0.4994575 -0.4228483 0.6668382 -0.6136173 -0.3577385 0.8023605 -0.4777456 -0.4937826 0.7107209 -0.5010535 -0.4093936 0.5833541 -0.7014947 -0.4336915 0.5693314 -0.6984078 -0.4224961 0.5649547 -0.7087477 -0.443319 0.5562465 -0.7028926 -0.4578601 0.5524107 -0.6965677 -0.2712356 0.3891325 -0.8803449 -0.3058469 0.4887032 -0.8170844 -0.3772627 0.3715573 -0.848303 -0.2180208 0.2543579 -0.9422149 -0.2847814 0.1716166 -0.9431051 -0.2139167 0.4245923 -0.8797505 -0.1531491 0.4381745 -0.8857474 -0.07052982 0.6190358 -0.7821894 -0.2352342 0.6510429 -0.7216703 0.0130741 0.7703147 -0.6375298 -0.146452 0.8007447 -0.5808268 -0.01621836 -0.6691589 0.7429423 -0.01467285 -0.6608741 0.7503533 -0.06433992 -0.7470625 0.6616328 -0.1125593 -0.8236524 0.5558122 0.03530027 -0.5631793 0.8255804 0.08043845 -0.4680679 0.8800239 0.09892549 -0.421793 0.9012793 0.1711119 -0.2365245 0.9564397 0.1826184 -0.2041478 0.9617558 0.2517239 0.01153789 0.9677303 0.26242 0.04896764 0.9637105 0.3151739 0.2587937 0.913067 0.3233162 0.2966212 0.8986003 0.3571536 0.488475 0.7961366 0.3615829 0.5218792 0.772593 0.3747773 0.684765 0.6250111 0.3752211 0.7098376 0.5961037 0.3679137 0.8337492 0.4117059 0.3674733 0.8307271 0.4181578 0.351704 0.8932301 0.2800791 0.3358988 0.9266294 0.1689082 0.3319814 0.9298597 0.1585851 0.3068372 0.9511432 0.03431511 0.2801913 0.9562238 -0.08443326 0.2767581 0.9567471 -0.08966529 0.2423283 0.9467622 -0.2119396 0.2055807 0.9206395 -0.3319029 0.203741 0.9213143 -0.331164 0.1619193 0.8807934 -0.4449553 0.1171031 0.8222974 -0.5568786 0.117396 0.8259401 -0.5513993 0.07091511 0.7573838 -0.6491077 0.02079343 0.6678878 -0.7439714 0.02307772 0.6762269 -0.7363318 -0.02512975 0.5837471 -0.8115465 -0.07812323 0.4675211 -0.880523 -0.08185023 0.4615894 -0.8833095 -0.1711684 0.2363674 -0.9564684 -0.1582518 0.2717115 -0.9492783 -0.2517515 -0.0116326 -0.967722 -0.2401147 0.02766115 -0.9703503 -0.3151817 -0.2588291 -0.9130542 -0.3065021 -0.2205603 -0.9259642 -0.3571337 -0.4883325 -0.796233 -0.3523586 -0.4557923 -0.8173719 -0.3747753 -0.6846963 -0.6250876 -0.3738936 -0.6610173 -0.6505841 -0.36679 -0.8344845 -0.4112186 -0.3706495 -0.8073903 -0.459064 -0.3338851 -0.9272418 -0.1695389 -0.2782271 -0.9568582 0.0837382 -0.2775223 -0.9577258 0.07578096 -0.3078425 -0.9501029 -0.05037415 -0.3334252 -0.9248731 -0.1828589 -0.3528246 -0.8847503 -0.3045189 -0.113119 -0.8200937 0.560937 -0.1596913 -0.8784778 0.4503059 -0.2026405 -0.92187 0.3302915 -0.2017517 -0.922481 0.3291278 -0.2408368 -0.9481175 0.207535 -0.9118838 0.3758449 -0.1649504 -0.9089931 0.3018732 -0.2874094 -0.9362594 0.3083424 -0.1683545 -0.9283958 0.3348752 -0.1610588 -0.3571687 0.2317215 -0.9048401 -0.9305433 0.3087441 0.1968913 -0.9440793 0.3269269 0.04281469 -0.9305852 0.3088304 0.196558 -0.9494717 0.3083212 0.05866414 -0.9292772 0.3261804 0.1733502 -0.931792 0.3605697 0.04186954 -0.9221803 0.3667007 0.1229399 -0.920622 0.33772 0.1959603 -0.3884245 0.1478131 -0.9095481 -0.3684243 0.1715143 -0.9136993 -0.8124965 0.2734762 -0.5148399 -0.7975632 0.3098241 -0.5175924 -0.7451398 0.253953 -0.616664 -0.6825786 0.2759363 -0.6767168 -0.6597643 0.2448678 -0.7104581 -0.5439946 0.232878 -0.8061252 -0.5723718 0.2200679 -0.7899118 -0.4737731 0.1873082 -0.8604967 -0.864005 0.300271 -0.4041443 -0.8802907 0.3282622 -0.3425379 -0.8603746 0.3742023 -0.3460176 -0.9475577 0.3166061 -0.04353232 -0.5229222 0.285199 -0.8032521 -0.6619877 0.3271049 -0.6743699 -0.7772718 0.3580276 -0.5173633 0.9269248 -0.2904034 -0.2376473 0.9269248 -0.2904034 -0.2376473 0.9269248 -0.2904034 -0.2376473 0.9269248 -0.2904034 -0.2376473 0.9269248 -0.2904034 -0.2376473 0.9269248 -0.2904034 -0.2376473 0.9269248 -0.2904034 -0.2376473 0.9269248 -0.2904034 -0.2376473 0.9269248 -0.2904034 -0.2376473 0.9269248 -0.2904034 -0.2376473 0.9269248 -0.2904034 -0.2376473 0.9269248 -0.2904034 -0.2376473 0.9269248 -0.2904034 -0.2376473 0.9269248 -0.2904034 -0.2376473 0.9269248 -0.2904034 -0.2376473 0.9269248 -0.2904034 -0.2376473 0.9269248 -0.2904034 -0.2376473 0.9269248 -0.2904034 -0.2376473 0.9269248 -0.2904034 -0.2376473 0.9269248 -0.2904034 -0.2376473 0.9269248 -0.2904034 -0.2376473 0.9269248 -0.2904034 -0.2376473 0.9269248 -0.2904034 -0.2376473 0.9269248 -0.2904034 -0.2376473 0.9269248 -0.2904034 -0.2376473 -0.9529701 0.2996261 -0.04552042 -0.9401007 0.2961422 -0.1688505 -0.9463811 0.297021 -0.1270488 -0.2388175 0.07587231 -0.9680959 -0.3178465 0.1002012 -0.9428326 -0.4008791 0.1306213 -0.9067712 -0.9509438 0.3093255 -0.004854206 -0.947907 0.2965649 0.116282 -0.9527564 0.2993131 0.05164246 -0.944536 0.3078024 0.1144963 -0.9427011 0.2951525 0.1555623 -0.9429549 0.3073929 -0.1278501 -0.744771 0.2373037 -0.6237012 -0.7423709 0.2397764 -0.6256138 -0.8125777 0.2581012 -0.522591 -0.7897221 0.2479116 -0.5611406 -0.8694767 0.275468 -0.4100337 -0.8613378 0.2765785 -0.4261472 -0.888127 0.2862158 -0.3595983 -0.911342 0.287741 -0.2943821 -0.8878897 0.2888455 -0.3580784 -0.9235786 0.2969923 -0.2424832 -0.3820332 0.1219551 -0.9160664 -0.3835618 0.1205 -0.9156201 -0.4884581 0.1577169 -0.8582156 -0.4846432 0.1532027 -0.861191 -0.5781445 0.182351 -0.7952969 -0.56863 0.1824902 -0.8020955 -0.5787619 0.1814289 -0.7950586 -0.6585051 0.2106722 -0.7224876 -0.6632905 0.2129457 -0.7174258 -0.7439762 0.2331287 -0.6262191 0.3151768 0.2588117 0.9130608 0.3151768 0.2588117 0.9130608 0.5443828 0.1748142 0.820419 0.5443828 0.1748142 0.820419 0.7364077 0.07893944 0.6719168 0.7364077 0.07893944 0.6719168 0.8782824 -0.02232388 0.4776209 0.8782824 -0.02232388 0.4776209 0.96033 -0.1220923 0.2507185 0.96033 -0.1220923 0.2507185 0.9769143 -0.2135247 0.006762529 0.9769143 -0.2135247 0.006762529 0.9269282 -0.2904007 -0.2376376 0.9269282 -0.2904007 -0.2376376 0.8137584 -0.3474961 -0.4658795 0.8137584 -0.3474961 -0.4658795 0.6451311 -0.3809046 -0.6623576 0.6451311 -0.3809046 -0.6623576 0.4325932 -0.3883541 -0.813661 0.4325932 -0.3883541 -0.813661 0.1905626 -0.3693456 -0.9095437 0.1905626 -0.3693456 -0.9095437 -0.06456518 -0.3251474 -0.9434567 -0.06456518 -0.3251474 -0.9434567 -0.3151788 -0.2588111 -0.9130603 -0.3151788 -0.2588111 -0.9130603 -0.5443154 -0.174843 -0.8204576 -0.5443154 -0.174843 -0.8204576 -0.7364475 -0.078916 -0.671876 -0.7364475 -0.078916 -0.671876 -0.8783104 0.02234899 -0.4775682 -0.8783104 0.02234899 -0.4775682 -0.9603255 0.1220836 -0.2507401 -0.9603255 0.1220836 -0.2507401 -0.9769156 0.2135178 -0.006782441 -0.9769156 0.2135178 -0.006782441 -0.9269215 0.2904062 0.237657 -0.9269215 0.2904062 0.237657 -0.8137693 0.3474926 0.4658631 -0.8137693 0.3474926 0.4658631 -0.6451596 0.3809016 0.6623315 -0.6451596 0.3809016 0.6623315 -0.4325364 0.3883527 0.8136919 -0.4325364 0.3883527 0.8136919 -0.1904975 0.3693373 0.9095607 -0.1904975 0.3693373 0.9095607 0.06448825 0.3251642 0.9434561 0.06448825 0.3251642 0.9434561 0.2363044 0.1720423 0.9563272 0.132998 0.2240432 0.9654616 0.05183184 0.2668306 0.9623486 0.04682693 0.2538842 0.9661004 -0.06875603 0.2975765 0.9522189 -0.173784 0.3439696 0.9227589 -0.1755526 0.3437458 0.9225075 -0.2791322 0.3787953 0.8823827 -0.3770742 0.4096533 0.8306619 -0.3766023 0.4098697 0.8307693 -0.4723126 0.434718 0.7667732 -0.5596618 0.4532313 0.6938012 -0.5592123 0.4532721 0.6941369 -0.6452186 0.4667714 0.6048284 -0.7231433 0.4552081 0.5194702 -0.7197576 0.472827 0.5083145 -0.727417 0.4555442 0.5131705 -0.7856258 0.4720744 0.3999223 -0.8376149 0.4639193 0.2884098 -0.8373489 0.464999 0.2874416 0.3151877 0.2588083 0.913058 0.3151877 0.2588083 0.913058 0.5443778 0.1748163 0.8204219 0.5443778 0.1748163 0.8204219 0.7364017 0.078943 0.671923 0.7364017 0.078943 0.671923 0.8782992 -0.02233895 0.4775893 0.8782992 -0.02233895 0.4775893 0.9603331 -0.1220983 0.2507038 0.9603331 -0.1220983 0.2507038 0.9769173 -0.2135094 0.006806712 0.9769173 -0.2135094 0.006806712 0.9269282 -0.2904007 -0.2376376 0.9269282 -0.2904007 -0.2376376 0.8137329 -0.3475043 -0.4659179 0.8137329 -0.3475043 -0.4659179 0.645143 -0.3809033 -0.6623467 0.645143 -0.3809033 -0.6623467 0.4326272 -0.388355 -0.8136425 0.4326272 -0.388355 -0.8136425 0.1905536 -0.3693444 -0.909546 0.1905536 -0.3693444 -0.909546 -0.06457121 -0.3251461 -0.9434567 -0.06457121 -0.3251461 -0.9434567 -0.315168 -0.2588145 -0.9130631 -0.315168 -0.2588145 -0.9130631 -0.5443287 -0.1748373 -0.82045 -0.5443287 -0.1748373 -0.82045 -0.7364636 -0.07890649 -0.6718595 -0.7364636 -0.07890649 -0.6718595 -0.8782992 0.02233895 -0.4775893 -0.8782992 0.02233895 -0.4775893 -0.9603148 0.1220629 -0.250791 -0.9603148 0.1220629 -0.250791 -0.9769134 0.213529 -0.006749876 -0.9769134 0.213529 -0.006749876 -0.9269215 0.2904062 0.237657 -0.9269215 0.2904062 0.237657 -0.8137881 0.3474866 0.4658347 -0.8137881 0.3474866 0.4658347 -0.6451184 0.380906 0.6623692 -0.6451184 0.380906 0.6623692 -0.4325137 0.3883521 0.8137042 -0.4325137 0.3883521 0.8137042 -0.1905215 0.3693404 0.9095544 -0.1905215 0.3693404 0.9095544 0.06447218 0.3251677 0.943456 0.06447218 0.3251677 0.943456 0.3151877 0.2588083 0.913058 0.3151877 0.2588083 0.913058 0.5443778 0.1748163 0.8204219 0.5443778 0.1748163 0.8204219 0.7364017 0.078943 0.671923 0.7364017 0.078943 0.671923 0.8782992 -0.02233895 0.4775893 0.8782992 -0.02233895 0.4775893 0.9603331 -0.1220983 0.2507038 0.9603331 -0.1220983 0.2507038 0.9769173 -0.2135094 0.006806712 0.9769173 -0.2135094 0.006806712 0.9269282 -0.2904007 -0.2376376 0.9269282 -0.2904007 -0.2376376 0.8137329 -0.3475043 -0.4659179 0.8137329 -0.3475043 -0.4659179 0.645143 -0.3809033 -0.6623467 0.645143 -0.3809033 -0.6623467 0.4326272 -0.388355 -0.8136425 0.4326272 -0.388355 -0.8136425 0.1905536 -0.3693444 -0.909546 0.1905536 -0.3693444 -0.909546 -0.06457121 -0.3251461 -0.9434567 -0.06457121 -0.3251461 -0.9434567 -0.315168 -0.2588145 -0.9130631 -0.315168 -0.2588145 -0.9130631 -0.5443287 -0.1748373 -0.82045 -0.5443287 -0.1748373 -0.82045 -0.7364636 -0.07890649 -0.6718595 -0.7364636 -0.07890649 -0.6718595 -0.8782992 0.02233895 -0.4775893 -0.8782992 0.02233895 -0.4775893 -0.9603148 0.1220629 -0.250791 -0.9603148 0.1220629 -0.250791 -0.9769134 0.213529 -0.006749876 -0.9769134 0.213529 -0.006749876 -0.9269215 0.2904062 0.237657 -0.9269215 0.2904062 0.237657 -0.8137881 0.3474866 0.4658347 -0.8137881 0.3474866 0.4658347 -0.6451184 0.380906 0.6623692 -0.6451184 0.380906 0.6623692 -0.4325137 0.3883521 0.8137042 -0.4325137 0.3883521 0.8137042 -0.1905215 0.3693404 0.9095544 -0.1905215 0.3693404 0.9095544 0.06447218 0.3251677 0.943456 0.06447218 0.3251677 0.943456 0.9455493 -0.2728595 -0.177438 0.9455493 -0.2728595 -0.177438 0.9769141 -0.2135255 0.006760124 0.9769141 -0.2135255 0.006760124 0.9603217 -0.1220763 0.250758 0.9603217 -0.1220763 0.250758 0.8782992 -0.02233895 0.4775893 0.8782992 -0.02233895 0.4775893 0.7364402 0.07892029 0.6718835 0.7364402 0.07892029 0.6718835 0.5443376 0.1748335 0.8204449 0.5443376 0.1748335 0.8204449 0.3751106 0.2392694 0.8955681 0.3751106 0.2392694 0.8955681 0.3151768 0.2588117 0.9130608 0.3151768 0.2588117 0.9130608 0.5443828 0.1748142 0.820419 0.5443828 0.1748142 0.820419 0.7364077 0.07893944 0.6719168 0.7364077 0.07893944 0.6719168 0.8782824 -0.02232388 0.4776209 0.8782824 -0.02232388 0.4776209 0.96033 -0.1220923 0.2507185 0.96033 -0.1220923 0.2507185 0.9769143 -0.2135247 0.006762529 0.9769143 -0.2135247 0.006762529 0.9269282 -0.2904007 -0.2376376 0.9269282 -0.2904007 -0.2376376 0.8137584 -0.3474961 -0.4658795 0.8137584 -0.3474961 -0.4658795 0.6451311 -0.3809046 -0.6623576 0.6451311 -0.3809046 -0.6623576 0.4325932 -0.3883541 -0.813661 0.4325932 -0.3883541 -0.813661 0.1905626 -0.3693456 -0.9095437 0.1905626 -0.3693456 -0.9095437 -0.06456518 -0.3251474 -0.9434567 -0.06456518 -0.3251474 -0.9434567 -0.3151788 -0.2588111 -0.9130603 -0.3151788 -0.2588111 -0.9130603 -0.5443154 -0.174843 -0.8204576 -0.5443154 -0.174843 -0.8204576 -0.7364475 -0.078916 -0.671876 -0.7364475 -0.078916 -0.671876 -0.8783104 0.02234899 -0.4775682 -0.8783104 0.02234899 -0.4775682 -0.9603255 0.1220836 -0.2507401 -0.9603255 0.1220836 -0.2507401 -0.9769156 0.2135178 -0.006782441 -0.9769156 0.2135178 -0.006782441 -0.9269215 0.2904062 0.237657 -0.9269215 0.2904062 0.237657 -0.8137693 0.3474926 0.4658631 -0.8137693 0.3474926 0.4658631 -0.6451596 0.3809016 0.6623315 -0.6451596 0.3809016 0.6623315 -0.4325364 0.3883527 0.8136919 -0.4325364 0.3883527 0.8136919 -0.1904975 0.3693373 0.9095607 -0.1904975 0.3693373 0.9095607 0.06448825 0.3251642 0.9434561 0.06448825 0.3251642 0.9434561 0.2538882 0.277248 0.9266468 0.2538882 0.277248 0.9266468 0.06455623 0.3251494 0.9434566 0.06455623 0.3251494 0.9434566 -0.1905254 0.3693408 0.9095534 -0.1905254 0.3693408 0.9095534 -0.4326149 0.3883546 0.8136492 -0.4326149 0.3883546 0.8136492 -0.6451594 0.3809016 0.6623318 -0.6451594 0.3809016 0.6623318 -0.8137365 0.3475031 0.4659124 -0.8137365 0.3475031 0.4659124 -0.9043095 0.3067196 0.2968962 -0.9043095 0.3067196 0.2968963 -0.8257565 0.3798768 -0.4169171 -0.8269041 0.3786845 -0.4157254 -0.83178 0.4043285 -0.3803427 -0.7223797 0.3222837 -0.6118013 -0.7796902 0.3546822 -0.5160269 -0.7567602 0.3584364 -0.5466601 -0.5966399 0.36143 -0.7165118 -0.4855372 0.2709182 -0.8311781 -0.5007704 0.2558924 -0.8268906 -0.9011908 0.430824 -0.04738959 -0.8991519 0.4284829 0.08904115 -0.8914363 0.4528728 0.01573289 -0.8879418 0.4233174 -0.1798935 -0.8904071 0.4180622 -0.1799978 -0.8768635 0.4355135 -0.2035643 -0.5819882 0.7770505 -0.2397548 -0.5978496 0.7199072 -0.3525754 -0.3105934 0.1791843 -0.9335013 -0.3339235 0.1955663 -0.9220894 -0.416243 0.3172594 -0.8521081 -0.3762451 0.2355327 -0.8960826 -0.4752302 0.406019 -0.7805798 -0.429734 0.3656121 -0.8256249 -0.4926826 0.4388623 -0.7514411 -0.4306944 0.3671285 -0.8244507 -0.4303407 0.3664297 -0.8249461 -0.4045062 0.3455595 -0.8467369 -0.5117706 0.5475633 -0.662016 -0.5608131 0.5418032 -0.6260495 -0.5529783 0.5839722 -0.5942991 -0.5465134 0.5660631 -0.6171674 -0.5720869 0.7141215 -0.4034193 -0.5718757 0.650081 -0.5003528 -0.5693751 0.6977459 -0.4346984 -0.5773894 0.8151547 -0.04630749 -0.5769175 0.8162701 -0.02948391 -0.5792975 0.813766 -0.0468961 -0.584895 0.805557 -0.09473995 -0.5846379 0.8031196 -0.1148805 -0.601674 0.781427 -0.1654096 -0.5823473 0.785471 -0.2095397 -0.6436209 0.7558644 -0.1200882 -0.621198 0.7833849 0.02052195 -0.7170159 0.6934018 0.07128913 -0.7279256 0.6806334 -0.08284001 -0.7057456 0.7069452 -0.04638608 -0.6837128 0.7246798 -0.08588336 -0.7705416 0.6330243 -0.07446991 -0.8168074 0.5730037 -0.06702625 -0.8480513 0.5294858 -0.02130276 -0.8716846 0.4900546 0.003546646 -0.8958843 0.4347721 0.09145803 -0.3935043 0.1515862 -0.9067392 -0.3809891 0.1531681 -0.9118042 -0.3275975 0.1202289 -0.9371365 -0.3753673 0.159384 -0.9130696 -0.368221 0.1660925 -0.9147823 -0.2965092 0.1369058 -0.9451662 -0.2900085 0.1250401 -0.9488203 -0.3532443 0.1822237 -0.9176127 -0.3057158 0.1353991 -0.9424463 -0.3407719 0.188857 -0.9209818 -0.2951937 0.1369766 -0.9455676 -0.8655437 0.4016965 -0.2991221 -0.6888445 0.4403667 -0.5758215 -0.618262 0.3388406 -0.709182 -0.3604128 0.1731185 -0.9165875 -0.6516118 0.2983696 -0.6974078 -0.5788173 0.2480576 -0.7768127 -0.6543305 0.2865664 -0.699808 -0.7156281 0.4110366 -0.5647347 -0.636363 0.3181179 -0.7027397 -0.7380001 0.3838654 -0.5549804 -0.5134032 0.2419398 -0.8233361 -0.5243651 0.2289064 -0.8201482 -0.3930324 0.1513652 -0.9069808 -0.4922408 0.2017699 -0.8467514 -0.5792499 0.2510778 -0.7755188 -0.579525 0.2515587 -0.7751573 -0.430539 0.3122795 -0.846828 -0.5186905 0.4230968 -0.7429328 -0.5907489 0.5222306 -0.6150536 -0.6204589 0.4999566 -0.6042137 -0.5423291 0.4061975 -0.7354473 -0.4478294 0.3008307 -0.8419915 -0.8112618 0.434511 -0.3912217 -0.8556877 0.4694541 -0.2177417 -0.7862277 0.467484 -0.4041097 -0.8295166 0.5073722 -0.2334002 -0.7561266 0.5028701 -0.4188009 -0.7976452 0.5481328 -0.2516199 -0.7574505 0.5930266 -0.2731083 -0.6386514 0.6939198 -0.3325654 -0.6090674 0.6275582 -0.484982 -0.6763874 0.6658321 -0.3149091 -0.643509 0.6036373 -0.4706572 -0.7136287 0.6337143 -0.2985636 -0.6776926 0.5762741 -0.4567723 -0.7185827 0.541634 -0.4362012 -0.6560214 0.4718964 -0.5890243 -0.5707987 0.3853907 -0.7250261 -0.4677696 0.2871419 -0.8359073 -0.9269248 0.2904034 0.2376473 -0.9269248 0.2904034 0.2376473 -0.9269248 0.2904034 0.2376473 -0.9269248 0.2904034 0.2376473 -0.9269248 0.2904034 0.2376473 -0.9269248 0.2904034 0.2376473 -0.9269248 0.2904034 0.2376473 -0.9269248 0.2904034 0.2376473 -0.9269248 0.2904034 0.2376473 -0.9269248 0.2904034 0.2376473 -0.9269248 0.2904034 0.2376473 -0.9269248 0.2904034 0.2376473 -0.9269248 0.2904034 0.2376473 -0.9269248 0.2904034 0.2376473 -0.9269248 0.2904034 0.2376473 -0.9269248 0.2904034 0.2376473 -0.9269248 0.2904034 0.2376473 -0.9269248 0.2904034 0.2376473 -0.9269248 0.2904034 0.2376473 -0.9269248 0.2904034 0.2376473 -0.9269248 0.2904034 0.2376473 -0.9269248 0.2904034 0.2376473 -0.9269248 0.2904034 0.2376473 -0.9269248 0.2904034 0.2376473 -0.9269248 0.2904034 0.2376473 -0.2036501 -0.9212397 0.3314274 -0.2036501 -0.9212397 0.3314274 -0.2036501 -0.9212397 0.3314274 -0.2036501 -0.9212397 0.3314274 -0.2036501 -0.9212397 0.3314274 -0.2036501 -0.9212397 0.3314274 -0.2036501 -0.9212397 0.3314274 -0.2036501 -0.9212397 0.3314274 -0.2036501 -0.9212397 0.3314274 -0.2036501 -0.9212397 0.3314274 -0.2036501 -0.9212397 0.3314274 -0.2036501 -0.9212397 0.3314274 -0.2036501 -0.9212397 0.3314274 -0.2036501 -0.9212397 0.3314274 -0.2036501 -0.9212397 0.3314274 -0.2036501 -0.9212397 0.3314274 -0.2036501 -0.9212397 0.3314274 0.9269248 -0.2904034 -0.2376473 0.9269248 -0.2904034 -0.2376473 0.9269248 -0.2904034 -0.2376473 0.9269248 -0.2904034 -0.2376473 -0.544376 -0.1748171 -0.8204229 -0.544376 -0.1748171 -0.8204229 -0.7363917 -0.07894889 -0.6719332 -0.7363917 -0.07894889 -0.6719332 -0.8782992 0.02233895 -0.4775893 -0.8782992 0.02233895 -0.4775893 -0.960336 0.122104 -0.2506897 -0.960336 0.122104 -0.2506897 -0.9769171 0.2135101 -0.006804657 -0.9769171 0.2135101 -0.006804657 -0.9455675 0.2728397 0.1773716 -0.9455674 0.2728397 0.1773718 -0.2036501 -0.9212397 0.3314274 -0.2036501 -0.9212397 0.3314274 -0.2036501 -0.9212397 0.3314274 -0.2036501 -0.9212397 0.3314274 -0.2036501 -0.9212397 0.3314274 -0.2036501 -0.9212397 0.3314274 -0.2036501 -0.9212397 0.3314274 -0.2036501 -0.9212397 0.3314274 -0.2036501 -0.9212397 0.3314274 -0.2036501 -0.9212397 0.3314274 -0.2036501 -0.9212397 0.3314274 -0.2036501 -0.9212397 0.3314274 -0.2036501 -0.9212397 0.3314274 -0.2036501 -0.9212397 0.3314274 -0.2036501 -0.9212397 0.3314274 -0.2036501 -0.9212397 0.3314274 -0.2036501 -0.9212397 0.3314274 -0.2036501 -0.9212397 0.3314274 -0.2036501 -0.9212397 0.3314274 -0.2036501 -0.9212397 0.3314274 -0.2036501 -0.9212397 0.3314274 -0.2036501 -0.9212397 0.3314274 -0.2036501 -0.9212397 0.3314274 -0.2036501 -0.9212397 0.3314274 -0.2036501 -0.9212397 0.3314274 -0.2036501 -0.9212397 0.3314274 -0.2036501 -0.9212397 0.3314274 -0.2036501 -0.9212397 0.3314274 -0.2036501 -0.9212397 0.3314274 -0.2036501 -0.9212397 0.3314274 -0.2036501 -0.9212397 0.3314274 -0.2036501 -0.9212397 0.3314274 -0.2036501 -0.9212397 0.3314274 -0.2036501 -0.9212397 0.3314274 -0.2036501 -0.9212397 0.3314274 -0.2036501 -0.9212397 0.3314274 -0.2036501 -0.9212397 0.3314274 -0.2036501 -0.9212397 0.3314274 -0.2036501 -0.9212397 0.3314274 -0.2036501 -0.9212397 0.3314274 -0.2036501 -0.9212397 0.3314274 -0.2036501 -0.9212397 0.3314274 -0.2036501 -0.9212397 0.3314274 -0.2036501 -0.9212397 0.3314274 -0.2036501 -0.9212397 0.3314274 -0.2036501 -0.9212397 0.3314274 -0.2036501 -0.9212397 0.3314274 -0.2036501 -0.9212397 0.3314274 -0.2036501 -0.9212397 0.3314274 -0.2036501 -0.9212397 0.3314274 -0.2036501 -0.9212397 0.3314274 -0.2036501 -0.9212397 0.3314274 -0.2036501 -0.9212397 0.3314274 -0.2036501 -0.9212397 0.3314274 -0.2036501 -0.9212397 0.3314274 -0.2036501 -0.9212397 0.3314274 -0.2036501 -0.9212397 0.3314274 -0.2036501 -0.9212397 0.3314274 -0.2036501 -0.9212397 0.3314274 -0.2036501 -0.9212397 0.3314274 -0.2036501 -0.9212397 0.3314274 -0.2036501 -0.9212397 0.3314274 -0.2036501 -0.9212397 0.3314274 -0.2036501 -0.9212397 0.3314274 -0.2036501 -0.9212397 0.3314274 -0.2036501 -0.9212397 0.3314274 -0.2036501 -0.9212397 0.3314274 -0.2036501 -0.9212397 0.3314274 -0.2036501 -0.9212397 0.3314274 -0.2036501 -0.9212397 0.3314274 -0.2036501 -0.9212397 0.3314274 -0.2036501 -0.9212397 0.3314274 -0.2036501 -0.9212397 0.3314274 -0.2036501 -0.9212397 0.3314274 -0.2036501 -0.9212397 0.3314274 -0.2036501 -0.9212397 0.3314274 -0.2036501 -0.9212397 0.3314274 -0.2036501 -0.9212397 0.3314274 -0.2036501 -0.9212397 0.3314274 -0.2036501 -0.9212397 0.3314274 -0.2036501 -0.9212397 0.3314274 -0.2036501 -0.9212397 0.3314274 -0.2036501 -0.9212397 0.3314274 -0.2036501 -0.9212397 0.3314274 -0.2036501 -0.9212397 0.3314274 -0.2036501 -0.9212397 0.3314274 -0.2036501 -0.9212397 0.3314274 -0.2036501 -0.9212397 0.3314274 -0.2036501 -0.9212397 0.3314274 -0.2036501 -0.9212397 0.3314274 -0.2036501 -0.9212397 0.3314274 -0.2036501 -0.9212397 0.3314274 -0.2036501 -0.9212397 0.3314274 -0.2036501 -0.9212397 0.3314274 -0.2036501 -0.9212397 0.3314274 -0.2036501 -0.9212397 0.3314274 -0.2036501 -0.9212397 0.3314274 -0.2036501 -0.9212397 0.3314274 -0.2036501 -0.9212397 0.3314274 -0.2036501 -0.9212397 0.3314274 -0.2036501 -0.9212397 0.3314274 -0.2036501 -0.9212397 0.3314274 -0.2036501 -0.9212397 0.3314274 -0.2036501 -0.9212397 0.3314274 -0.2036501 -0.9212397 0.3314274 -0.2036501 -0.9212397 0.3314274 -0.2036501 -0.9212397 0.3314274 -0.2036501 -0.9212397 0.3314274 -0.2036501 -0.9212397 0.3314274 -0.2036501 -0.9212397 0.3314274 -0.2036501 -0.9212397 0.3314274 -0.2036501 -0.9212397 0.3314274 0.1494621 0.9248967 -0.34961 0.1550872 0.9226168 -0.3531658 0.2036427 0.9212368 -0.33144 0.1621735 0.9169138 -0.3646489 0.1704299 0.9205845 -0.3513942 0.1520537 0.9307989 -0.3324051 0.1480959 0.9295348 -0.3376873 0.1533219 0.9269051 -0.3425483 0.2036052 0.9212515 -0.3314221 0.2036265 0.921244 -0.3314297 0.2036337 0.9212414 -0.3314327 0.2036333 0.9212415 -0.3314326 0.2036444 0.921239 -0.3314329 0.2036334 0.9212414 -0.3314329 0.2036475 0.9212354 -0.3314408 0.1891958 0.9085867 -0.3723911 0.2036431 0.9212379 -0.3314366 0.2036432 0.9212392 -0.3314331 0.1476796 0.9336125 -0.3264329 0.2036475 0.9212521 -0.3313945 0.1637409 0.9328479 -0.3209108 0.9128417 -0.3010386 -0.2758547 0.9126241 -0.3011879 -0.2764112 0.9269248 -0.2904034 -0.2376473 -0.9269248 0.2904034 0.2376473 -0.9269248 0.2904034 0.2376473 0.7976407 0.2787443 -0.5348559 0.7609245 0.3602113 -0.5396681 0.8760624 -0.08168075 -0.4752294 0.6954356 0.4072854 -0.5920202 0.638491 0.3964806 -0.6596456 0.6342243 0.3739732 -0.6766857 -0.03155272 0.01993019 -0.9993034 -0.1467176 0.05049145 -0.9878889 -0.1682176 0.05562208 -0.9841794 -0.1852885 0.06235238 -0.980704 -0.04043121 0.03344219 -0.9986225 -0.175755 0.06258876 -0.9824423 -0.03515492 0.03938089 -0.9986057 -0.04245335 0.05772097 -0.9974297 -0.1715989 0.06679226 -0.9829001 -0.0365155 0.05070902 -0.9980457 -0.1864983 0.0663968 -0.9802091 -0.1706796 0.0618021 -0.9833865 -0.1860717 0.07374368 -0.9797649 -0.1832573 0.0713731 -0.9804706 -0.05186317 0.07549406 -0.9957966 -0.1694646 0.07167798 -0.9829263 -0.03611848 0.06830966 -0.9970102 -0.1865692 0.07010162 -0.9799376 -0.1763207 0.06712447 -0.9820414 -0.1687146 0.07557029 -0.9827637 -0.03844857 0.08451303 -0.9956803 -0.1872098 0.07614667 -0.9793642 -0.05178024 0.09400185 -0.9942246 -0.1789343 0.07935287 -0.9806557 -0.04620265 0.1013362 -0.9937788 -0.1713227 0.08065232 -0.9819082 -0.1885009 0.07956777 -0.9788444 -0.0497411 0.1113888 -0.9925313 -0.1729386 0.08511823 -0.9812477 -0.05816224 0.1156272 -0.9915884 -0.1784184 0.08362438 -0.9803947 -0.06087326 0.1431415 -0.9878284 -0.02682079 0.1623765 -0.9863643 -0.09673895 0.1299883 -0.986785 -0.1891309 0.083094 -0.9784298 -0.05323789 0.1280139 -0.9903425 -0.1716338 0.09077112 -0.9809702 -0.07390167 0.1287809 -0.9889156 -0.1896282 0.08553167 -0.9781235 -0.1735959 0.09572916 -0.9801532 -0.1992862 0.0836918 -0.9763609 0.3141543 0.2996653 -0.9008373 0.2518742 0.2826962 -0.9255497 0.07554513 0.1965665 -0.9775759 0.1358805 0.227973 -0.9641394 0.0623083 0.1995067 -0.9779135 0.7583144 0.4244236 -0.4947968 0.698092 0.4141981 -0.584044 0.7382855 0.3972761 -0.5450745 0.8469225 0.1010465 -0.5220268 0.8529391 0.057174 -0.51887 0.8720613 -0.03568929 -0.4880937 0.9079314 -0.03028234 -0.4180234 0.8641312 0.01200975 -0.5031233 0.8769823 -0.129784 -0.4626643 0.8673916 -0.226469 -0.4431067 0.8740728 -0.1775998 -0.4521671 0.915846 -0.1670439 -0.3651334 0.8288974 -0.2358103 -0.5072697 0.8750829 -0.2490729 -0.414961 0.321584 -0.07339321 -0.9440324 0.4946645 -0.1210641 -0.8606105 0.322499 -0.04765188 -0.9453696 0.4952766 -0.08698459 -0.8643696 0.3211636 -0.02193503 -0.9467697 0.4942062 -0.05404431 -0.8676632 0.3189369 0.003364242 -0.94777 0.4916266 -0.0214979 -0.8705407 0.3157264 0.02832129 -0.9484275 0.4876616 0.01068448 -0.8729673 0.3112702 0.05298733 -0.9488431 0.4821751 0.04253623 -0.8750417 0.3057951 0.0773495 -0.9489502 0.4753036 0.07405162 -0.8767 0.2993614 0.1014181 -0.9487345 0.4671605 0.1052228 -0.8778891 0.2919365 0.1250085 -0.9482331 0.4578161 0.1358321 -0.8786091 0.2835133 0.1479583 -0.9474854 0.4471789 0.1656708 -0.8789677 0.2739673 0.1702468 -0.9465505 0.435242 0.1947163 -0.8790051 0.2637392 0.1919519 -0.9453021 0.4222673 0.2230247 -0.878607 0.2528677 0.2131403 -0.9437315 0.4081392 0.2506369 -0.8778403 0.2410526 0.2337579 -0.94194 0.3928828 0.2775665 -0.8766983 0.2287729 0.2529392 -0.9400451 0.3766658 0.3029893 -0.8753973 0.1405139 -0.02415205 -0.9897841 0.1402313 -0.007110213 -0.9900932 0.1393994 0.01041204 -0.9901815 0.1378477 0.02767619 -0.9900667 0.1354977 0.04469624 -0.989769 0.1323941 0.06146607 -0.9892895 0.1285012 0.07802547 -0.9886352 0.1240326 0.09435187 -0.9877822 0.1187061 0.1103144 -0.9867825 0.1127435 0.1258171 -0.9856262 0.1065426 0.140905 -0.9842736 0.09952108 0.1555615 -0.9828002 0.09207165 0.169842 -0.9811608 0.08382226 0.1836642 -0.9794086 0.3179082 0.2945371 -0.9012116 0.4426717 0.3364018 -0.8311893 0.7809735 0.3199438 -0.5363919 0.8120538 0.2349944 -0.5341781 0.8221596 0.1927471 -0.5356324 0.8319848 0.1471378 -0.5349315 0.9168795 0.1521198 -0.3690414 0.8788578 0.1074417 -0.4648283 0.6857473 -0.192041 -0.7020477 0.7630442 -0.2160515 -0.6091677 0.6470931 -0.1626061 -0.744869 0.7722851 -0.1971008 -0.6039263 0.6487331 -0.1228996 -0.7510266 0.7747328 -0.1534091 -0.613396 0.6481648 -0.08400075 -0.7568529 0.7752639 -0.1102114 -0.621948 0.6457616 -0.04545752 -0.7621848 0.773647 -0.06722707 -0.6300404 0.6415945 -0.007231609 -0.7670099 0.7700328 -0.02446045 -0.6375353 0.6357541 0.03067199 -0.771282 0.7645544 0.01807353 -0.6443058 0.6281865 0.06828189 -0.7750608 0.7572002 0.06040478 -0.6503838 0.6190155 0.1055557 -0.778253 0.7477966 0.1025313 -0.6559631 0.6082076 0.1422406 -0.7809297 0.7366196 0.1440839 -0.6607809 0.5960161 0.1780794 -0.7829767 0.7237171 0.1847963 -0.6648939 0.5823967 0.2130546 -0.7844883 0.7090247 0.2246508 -0.668443 0.5671233 0.2471845 -0.785666 0.6926889 0.2636554 -0.671318 0.5506282 0.28055 -0.7861936 0.6747651 0.3018588 -0.6734785 0.5327747 0.3131639 -0.7861803 0.6550342 0.3392686 -0.6751496 0.514816 0.3437276 -0.7853762 0.511077 0.3611423 -0.7799849 0.4564001 -0.1310001 -0.8800784 0.6176615 -0.1741324 -0.7669238 -0.1711288 0.2364908 -0.956445 -0.1711367 0.2364783 -0.9564467 -0.1711178 0.2365121 -0.9564417 -0.2736368 -0.09505758 -0.9571243 -0.2739706 -0.0950151 -0.957033 -0.2754373 -0.0946971 -0.9566435 -0.2753099 -0.09477221 -0.9566727 -0.2752045 -0.09476851 -0.9567034 -0.2752003 -0.09476326 -0.9567051 -0.2750156 -0.09491125 -0.9567436 -0.2750197 -0.09490501 -0.956743 -0.2749922 -0.09496351 -0.9567451 -0.275007 -0.09497014 -0.9567402 -0.2744651 -0.0956811 -0.956825 -0.275116 -0.09490146 -0.9567157 -0.2750799 -0.09489766 -0.9567264 -0.2750577 -0.09490494 -0.9567321 -0.2751119 -0.09491577 -0.9567155 -0.2749996 -0.09489794 -0.9567495 -0.2750755 -0.09492806 -0.9567247 -0.2750052 -0.09491149 -0.9567465 -0.2750372 -0.09492119 -0.9567364 -0.2749906 -0.09489678 -0.9567522 -0.2749921 -0.09488835 -0.9567526 -0.2750097 -0.09489812 -0.9567466 -0.1257695 0.225818 -0.9660167 -0.1711343 0.2364886 -0.9564446 -0.1715979 0.2352262 -0.9566728 -0.1711393 0.2364657 -0.9564493 -0.2265204 0.07187358 -0.971351 -0.2265169 0.07187877 -0.9713514 -0.2264832 0.07185234 -0.9713612 -0.2265328 0.07188713 -0.9713471 -0.2262806 0.07173693 -0.971417 -0.2265466 0.07189674 -0.9713431 -0.2264399 0.07182858 -0.9713731 -0.2263819 0.07179272 -0.9713892 -0.2264908 0.07186227 -0.9713587 -0.2264589 0.07183294 -0.9713683 -0.2265127 0.0718738 -0.9713528 -0.2264236 0.07184107 -0.9713759 -0.2265412 0.07188964 -0.9713449 -0.2280747 0.07255781 -0.9709363 -0.226696 0.07195625 -0.9713039 -0.2264846 0.07186229 -0.9713602 -0.22642 0.07183156 -0.9713775 -0.2264812 0.07186132 -0.971361 -0.2265234 0.07188294 -0.9713496 -0.2265266 0.07188517 -0.9713487 -0.2266364 0.07195886 -0.9713176 -0.2265525 0.07190073 -0.9713415 -0.2264239 0.07181304 -0.971378 -0.2264224 0.07180866 -0.9713786 -0.2264907 0.07185719 -0.9713591 -0.2264814 0.07184866 -0.9713619 -0.2265137 0.07187633 -0.9713523 -0.226536 0.07189419 -0.9713458 -0.2265035 0.07186509 -0.9713555 -0.2265386 0.0718978 -0.9713449 -0.2265134 0.07187187 -0.9713527 -0.2264837 0.07184018 -0.971362 -0.2264988 0.07185728 -0.9713572 -0.2265313 0.0718964 -0.9713467 -0.2273173 0.07217854 -0.9711422 -0.2285734 0.07267712 -0.9708101 -0.2264215 0.07184104 -0.9713764 -0.2266525 0.07194208 -0.9713151 -0.2263122 0.07179145 -0.9714056 -0.2264898 0.07186768 -0.9713585 -0.2267954 0.07202058 -0.9712759 -0.2265407 0.07188866 -0.9713451 -0.2264946 0.07186487 -0.9713576 -0.2253641 0.07123692 -0.9716668 -0.2262547 0.07173196 -0.9714234 -0.2265468 0.07191591 -0.9713417 -0.2265237 0.07188662 -0.9713492 -0.2265204 0.07188006 -0.9713505 -0.2264978 0.07184423 -0.9713584 -0.2265211 0.0718852 -0.9713499 -0.2265282 0.0718977 -0.9713474 -0.2266271 0.07192438 -0.9713223 -0.2264621 0.07185652 -0.9713658 -0.2265452 0.07189292 -0.9713438 -0.2265106 0.07186132 -0.9713541 -0.2265248 0.07190048 -0.9713479 -0.2265318 0.0719216 -0.9713447 -0.2265213 0.07188357 -0.97135 -0.2265199 0.07187702 -0.9713508 -0.2265134 0.07188181 -0.971352 -0.2265123 0.07186701 -0.9713533 -0.2263739 0.07195259 -0.9713793 -0.2262172 0.0721028 -0.9714046 -0.2265155 0.07188409 -0.9713513 -0.2256421 0.07252443 -0.971507 -0.226558 0.07157729 -0.9713641 -0.2265517 0.07186679 -0.9713442 -0.2275214 0.07022945 -0.9712373 -0.2270377 0.07020435 -0.9713523 -0.2265118 0.07188125 -0.9713524 -0.2265195 0.07187947 -0.9713507 -0.2262221 0.07241263 -0.9713805 -0.2265311 0.07187923 -0.971348 -0.2265307 0.07186663 -0.9713491 -0.2265218 0.07187842 -0.9713503 -0.2265151 0.0718881 -0.9713511 -0.2265072 0.07188385 -0.9713533 -0.2263152 0.07224001 -0.9713716 0.2471622 0.9458411 -0.2104646 0.2471622 0.9458411 -0.2104646 0.2471622 0.9458411 -0.2104646 -0.4823159 0.160218 -0.8612209 -0.5806796 0.1905508 -0.7915185 -0.6697192 0.2181603 -0.7098466 -0.8711239 0.2787397 -0.4042863 -0.9524117 0.301518 -0.0447089 0.6541119 -0.7563167 -0.01108014 0.6533374 -0.7569928 -0.01059033 0.6536169 -0.7567505 -0.01066054 0.6532846 -0.7570393 -0.0105252 0.65234 -0.7578612 -0.009945622 0.6520723 -0.7580934 -0.009805768 0.2430378 0.9471358 -0.2094433 0.2430337 0.9471384 -0.2094361 0.2430356 0.9471394 -0.2094292 0.2430374 0.9471401 -0.2094241 0.2430449 0.9471391 -0.2094198 -0.3118871 0.4743331 -0.8232463 -0.3067832 0.4681899 -0.8286629 -0.2875697 0.5278666 -0.7991624 -0.378957 0.907827 -0.1795601 -0.4388042 0.8617282 -0.2547064 -0.3488674 0.8991214 -0.2643335 -0.06936747 0.2120552 -0.9747927 -0.2923404 0.3546868 -0.8881072 -0.3244911 0.2401901 -0.9148848 -0.2397636 0.09297508 -0.966369 -0.2314699 0.08218705 -0.9693642 -0.2466193 0.09736612 -0.9642089 -0.274608 0.133375 -0.9522613 -0.2507732 0.1223795 -0.9602792 -0.3111973 0.1707951 -0.9348718 -0.3178648 0.268087 -0.9094456 -0.3128415 0.4755298 -0.8221932 -0.3440768 0.4379867 -0.8305292 -0.4480834 0.400743 -0.799141 -0.4105269 0.3656413 -0.8353287 -0.3346958 0.281092 -0.8994254 -0.3399568 0.2694934 -0.9010009 -0.4953793 0.5476286 -0.6743161 -0.5096082 0.4902376 -0.7070832 -0.4063436 0.5376658 -0.7387831 -0.4498685 0.4538835 -0.7691607 -0.4396389 0.5010455 -0.7454335 -0.5608709 0.6117324 -0.5578595 -0.55589 0.5853802 -0.5901833 -0.4524903 0.6278345 -0.6333059 -0.5204499 0.5602774 -0.6443766 -0.6062024 0.7127379 -0.3528786 -0.6121618 0.6755939 -0.4108902 -0.4957237 0.7050271 -0.5071438 -0.5886593 0.665368 -0.4590922 -0.5732101 0.6506046 -0.4981404 -0.6065201 0.7925378 -0.06338182 -0.5863615 0.7920899 -0.1696286 -0.5488408 0.8076313 -0.2156512 -0.6151018 0.7561418 -0.2233814 -0.6140748 0.7568385 -0.2238472 -0.3802048 0.9071479 -0.1803525 -0.4720674 0.8708805 -0.1368194 -0.5780094 0.802207 -0.1495628 -0.1973198 0.9497841 -0.2428477 -0.1890126 0.9515126 -0.242689 -0.2038318 0.934926 -0.2904584 -0.2628707 0.9405068 -0.2152811 -0.3788207 0.9075403 -0.1812883 -0.03452394 0.9596542 -0.2790555 -0.004752679 0.9481837 -0.3176872 0.07765264 0.9473957 -0.3105019 0.08475223 0.9451142 -0.3155571 0.078106 0.9430897 -0.3232355 0.08052811 0.9498133 -0.3022747 -0.002518029 0.9317872 -0.3629962 0.007024792 0.9134311 -0.4069328 0.03708465 0.8954561 -0.4436024 0.09997368 0.8975957 -0.4293335 0.06575237 0.889126 -0.4529146 0.02258568 0.8682722 -0.4955737 0.02991566 0.8602848 -0.5089353 0.004019168 0.8519854 -0.5235501 -0.09194466 0.7905666 -0.6054342 -0.09201821 0.7915507 -0.6041359 -0.06329064 0.8265251 -0.5593304 -0.05546564 0.8133689 -0.5790981 -0.2516749 0.657333 -0.710333 -0.1144997 0.6678474 -0.7354385 -0.1544842 0.8190803 -0.5524872 -0.2042265 0.8979576 -0.3898251 -0.07419089 0.8327737 -0.5486197 -0.2166073 0.537512 -0.8149614 -0.2390479 0.6239067 -0.7440407 -0.2590208 0.7057016 -0.6594646 -0.3134826 0.8010558 -0.5099394 -0.2115531 0.9011854 -0.3782991 -0.3990865 0.7649104 -0.5056107 -0.4102207 0.8348321 -0.3671162 -0.5253626 0.7666881 -0.3690304 -0.5893399 0.7613914 -0.2701141 -0.3289594 0.6034958 -0.726346 -0.2414174 0.6935281 -0.6787756 -0.1494703 0.7711579 -0.618849 -0.3736369 0.6863033 -0.6240058 -0.2786722 0.7546581 -0.5939975 -0.1708302 0.8162378 -0.5518812 -0.08143798 0.8499948 -0.5204582 -0.1819104 0.8712212 -0.4559411 -0.8837816 -0.346817 0.3140829 -0.8751196 -0.369507 0.3124584 -0.8763055 -0.3633109 0.3163762 -0.873453 -0.3697325 0.3168244 -0.8876039 -0.338226 0.3126699 -0.8932303 -0.3227383 0.3130171 -0.9075743 -0.2821006 0.3110114 -0.858259 -0.4072364 0.3123299 -0.8568651 -0.4115978 0.3104342 -0.8564895 -0.4126676 0.3100502 -0.858439 -0.4073775 0.3116506 -0.8588782 -0.4061515 0.3120404 -0.8615979 -0.3990002 0.3137642 -0.8648519 -0.3905986 0.315379 -0.8658335 -0.3880767 0.3157986 -0.8683185 -0.3820104 0.3163717 -0.8696064 -0.378824 0.3166657 -0.8720465 -0.3730837 0.3167703 -0.8734483 -0.3697434 0.3168246 -0.8483083 -0.4245111 0.316486 -0.8413568 -0.4377126 0.3170591 -0.842138 -0.4359667 0.3173902 -0.8419056 -0.4378468 0.3154127 -0.8421283 -0.4366403 0.3164889 -0.8421979 -0.4364376 0.3165831 -0.8422266 -0.4363659 0.3166058 -0.842229 -0.4363605 0.3166067 -0.9109059 -0.2686387 0.3131832 -0.9337004 -0.1830183 0.3077465 -0.9323581 -0.1889981 0.3082014 -0.9497772 -0.09108914 0.299376 -0.9490389 -0.09669512 0.2999588 -0.9544594 -0.04754694 0.2945276 -0.9544591 -0.04754806 0.2945284 -0.9269248 0.2904034 0.2376473 0.9269248 -0.2904034 -0.2376473 0.9269248 -0.2904034 -0.2376473 0.9213916 -0.3110339 -0.233014 0.9269248 -0.2904034 -0.2376473 0.9220898 -0.3085264 -0.2335848 0.9269248 -0.2904034 -0.2376473 0.9269248 -0.2904034 -0.2376473 0.9269248 -0.2904034 -0.2376473 0.9269248 -0.2904034 -0.2376473 0.9269248 -0.2904034 -0.2376473 0.9269248 -0.2904034 -0.2376473 0.9269248 -0.2904034 -0.2376473 0.9269248 -0.2904034 -0.2376473 0.9269248 -0.2904034 -0.2376473 0.9269248 -0.2904034 -0.2376473 0.9269248 -0.2904034 -0.2376473 0.9269248 -0.2904034 -0.2376473 0.9269248 -0.2904034 -0.2376473 0.9269248 -0.2904034 -0.2376473 0.9269248 -0.2904034 -0.2376473 0.9269248 -0.2904034 -0.2376473 0.9269248 -0.2904034 -0.2376473 0.9269248 -0.2904034 -0.2376473 0.9269248 -0.2904034 -0.2376473 0.9269248 -0.2904034 -0.2376473 0.9269248 -0.2904034 -0.2376473 0.9269248 -0.2904034 -0.2376473 0.9269248 -0.2904034 -0.2376473 0.9269248 -0.2904034 -0.2376473 0.9269248 -0.2904034 -0.2376473 0.9269248 -0.2904034 -0.2376473 0.9269248 -0.2904034 -0.2376473 0.9269248 -0.2904034 -0.2376473 0.9269248 -0.2904034 -0.2376473 0.9269248 -0.2904034 -0.2376473 0.9269248 -0.2904034 -0.2376473 0.9269248 -0.2904034 -0.2376473 0.9269248 -0.2904034 -0.2376473 0.9269248 -0.2904034 -0.2376473 0.9269248 -0.2904034 -0.2376473 0.9269248 -0.2904034 -0.2376473 0.9269248 -0.2904034 -0.2376473 0.9269248 -0.2904034 -0.2376473 0.9269248 -0.2904034 -0.2376473 0.9269248 -0.2904034 -0.2376473 0.9269248 -0.2904034 -0.2376473 0.9269248 -0.2904034 -0.2376473 0.9269248 -0.2904034 -0.2376473 0.9269248 -0.2904034 -0.2376473 0.9269248 -0.2904034 -0.2376473 0.9269248 -0.2904034 -0.2376473 0.9269248 -0.2904034 -0.2376473 0.9269248 -0.2904034 -0.2376473 0.9269248 -0.2904034 -0.2376473 0.9269248 -0.2904034 -0.2376473 0.9269248 -0.2904034 -0.2376473 -0.9269248 0.2904034 0.2376473 -0.9269248 0.2904034 0.2376473 -0.9269248 0.2904034 0.2376473 -0.9269248 0.2904034 0.2376473 -0.9269248 0.2904034 0.2376473 -0.9269248 0.2904034 0.2376473 -0.9269248 0.2904034 0.2376473 -0.9269248 0.2904034 0.2376473 -0.9269248 0.2904034 0.2376473 -0.9269248 0.2904034 0.2376473 -0.9269248 0.2904034 0.2376473 -0.9269248 0.2904034 0.2376473 -0.9269248 0.2904034 0.2376473 -0.9269248 0.2904034 0.2376473 -0.9269248 0.2904034 0.2376473 -0.9269248 0.2904034 0.2376473 -0.9269248 0.2904034 0.2376473 -0.9269248 0.2904034 0.2376473 -0.9269248 0.2904034 0.2376473 -0.9269248 0.2904034 0.2376473 -0.9269248 0.2904034 0.2376473 -0.9269248 0.2904034 0.2376473 -0.9269248 0.2904034 0.2376473 -0.9269248 0.2904034 0.2376473 -0.9269248 0.2904034 0.2376473 -0.9269248 0.2904034 0.2376473 -0.9269248 0.2904034 0.2376473 -0.9269248 0.2904034 0.2376473 -0.9269248 0.2904034 0.2376473 -0.9269248 0.2904034 0.2376473 -0.9269248 0.2904034 0.2376473 -0.9269248 0.2904034 0.2376473 -0.9269248 0.2904034 0.2376473 -0.9269248 0.2904034 0.2376473 -0.9269248 0.2904034 0.2376473 -0.9269248 0.2904034 0.2376473 -0.9269248 0.2904034 0.2376473 -0.9269248 0.2904034 0.2376473 -0.9269248 0.2904034 0.2376473 -0.9269248 0.2904034 0.2376473 -0.9269248 0.2904034 0.2376473 -0.9269248 0.2904034 0.2376473 -0.9269248 0.2904034 0.2376473 -0.9269248 0.2904034 0.2376473 -0.9269248 0.2904034 0.2376473 -0.9269248 0.2904034 0.2376473 -0.9269248 0.2904034 0.2376473 -0.9269248 0.2904034 0.2376473 -0.9269248 0.2904034 0.2376473 -0.9269248 0.2904034 0.2376473 0.2877471 0.1435953 0.9468801 0.2877898 0.1437785 0.9468394 0.2877666 0.143651 0.9468657 0.2878114 0.1438292 0.9468251 0.2876119 0.1430187 0.9470085 0.2877565 0.1436094 0.9468751 0.2877554 0.1436106 0.9468753 -0.2253099 0.07568032 -0.9713434 -0.2267697 0.07117972 -0.9713439 -0.2562152 0.10806 -0.9605607 -0.2542301 0.1045199 -0.9614794 -0.2568487 0.1053665 -0.9606907 -0.2580339 0.1064399 -0.9602547 -0.2265139 0.07187722 -0.9713522 -0.2562648 0.1018028 -0.9612308 -0.2614401 0.1069495 -0.9592762 -0.22651 0.07186804 -0.9713538 -0.2582043 0.1017237 -0.9607199 -0.2641041 0.1055543 -0.9587009 -0.2603038 0.100902 -0.9602399 -0.2641575 0.1020588 -0.9590646 -0.2265132 0.07187367 -0.9713526 -0.2633856 0.1015025 -0.9593359 -0.2621525 0.09819949 -0.9600172 -0.2666753 0.1012463 -0.9584537 -0.2629592 0.0967192 -0.9599468 -0.2265124 0.07187445 -0.9713528 -0.2691628 0.09949892 -0.9579412 -0.2646469 0.09558518 -0.9595965 -0.269433 0.09660929 -0.958161 -0.2676398 0.0943141 -0.958892 -0.2724288 0.09540049 -0.9574348 -0.2265062 0.07188119 -0.9713537 -0.2663061 0.09004143 -0.9596737 -0.2740941 0.09376774 -0.9571207 -0.2265248 0.07187407 -0.9713499 -0.2694026 0.09008026 -0.9588054 -0.2752387 0.09084884 -0.9570738 -0.226533 0.07188064 -0.9713475 -0.2736391 0.08851311 -0.9577511 -0.2718449 0.08880186 -0.9582351 -0.2036501 -0.9212397 0.3314274 -0.2036501 -0.9212397 0.3314274 -0.2036501 -0.9212397 0.3314274 -0.2036501 -0.9212397 0.3314274 -0.2858985 -0.1363545 -0.9485091 -0.285898 -0.136352 -0.9485096 -0.2859115 -0.1363757 -0.9485021 -0.2858983 -0.1363476 -0.9485101 -0.2858999 -0.1363534 -0.9485088 -0.2858979 -0.1363454 -0.9485106 -0.2858992 -0.1363541 -0.9485089 -0.2858978 -0.1363487 -0.9485101 -0.2858975 -0.1363494 -0.9485101 -0.285898 -0.1363514 -0.9485097 -0.2858999 -0.1363509 -0.9485092 0.9038876 -0.3670497 -0.2196853 0.905565 -0.362157 -0.2208944 0.8928832 -0.3972454 -0.2120276 0.8928834 -0.397245 -0.2120274 0.2036501 0.9212397 -0.3314274 0.2036501 0.9212397 -0.3314274 0.2036501 0.9212397 -0.3314274 0.2036501 0.9212397 -0.3314274 0.2036501 0.9212397 -0.3314274 0.2036501 0.9212397 -0.3314274 0.2036501 0.9212397 -0.3314274 0.2036501 0.9212397 -0.3314274 0.2036501 0.9212397 -0.3314274 0.2036501 0.9212397 -0.3314274 0.2036501 0.9212397 -0.3314274 0.2036501 0.9212397 -0.3314274 0.2036501 0.9212397 -0.3314274 0.2036501 0.9212397 -0.3314274 0.2036501 0.9212397 -0.3314274 0.2036501 0.9212397 -0.3314274 0.2036501 0.9212397 -0.3314274 0.2036501 0.9212397 -0.3314274 0.2036501 0.9212397 -0.3314274 0.2036501 0.9212397 -0.3314274 0.2036501 0.9212397 -0.3314274 0.2036501 0.9212397 -0.3314274 0.2036501 0.9212397 -0.3314274 0.2036501 0.9212397 -0.3314274 0.2036501 0.9212397 -0.3314274 0.2036501 0.9212397 -0.3314274 0.2036501 0.9212397 -0.3314274 0.2036501 0.9212397 -0.3314274 0.2036501 0.9212397 -0.3314274 0.2036501 0.9212397 -0.3314274 0.2036501 0.9212397 -0.3314274 0.2036501 0.9212397 -0.3314274 0.2036501 0.9212397 -0.3314274 0.2036501 0.9212397 -0.3314274 0.2036501 0.9212397 -0.3314274 0.2036501 0.9212397 -0.3314274 0.2036501 0.9212397 -0.3314274 0.2036501 0.9212397 -0.3314274 0.2036501 0.9212397 -0.3314274 0.2036501 0.9212397 -0.3314274 0.2036501 0.9212397 -0.3314274 0.2036501 0.9212397 -0.3314274 0.2036501 0.9212397 -0.3314274 0.2036501 0.9212397 -0.3314274 0.2036501 0.9212397 -0.3314274 0.2036501 0.9212397 -0.3314274 0.2036501 0.9212397 -0.3314274 0.2036501 0.9212397 -0.3314274 0.3804354 -0.2406494 0.8929484 0.9818996 -0.1091235 -0.1548068 0.9556309 -0.04173142 -0.2915956 0.9874471 -0.08299096 -0.1343904 0.9629913 0.0236775 -0.2684904 0.9503517 0.04567487 -0.3078075 0.9870518 0.04938213 -0.1526114 0.3374618 0.153861 0.9286799 0.9157364 -0.248031 0.3160816 0.9110309 -0.2550069 0.324028 0.9592148 -0.250894 0.1302276 0.9525874 -0.2332445 -0.1953822 0.945655 -0.2261781 -0.2336238 0.9677903 -0.2391133 -0.07878305 0.9528031 -0.2123164 -0.2169976 0.9529825 -0.1972913 -0.2300012 0.9748319 -0.2077763 -0.08081931 0.4244336 -0.1276764 0.8964122 0.4088453 -0.1436154 0.9012326 0.9889273 0.1478439 0.01284611 0.9889268 0.1478452 0.0128697 0.991915 0.114528 0.05466307 0.9867152 0.1240317 -0.1049254 0.9831996 0.08857826 -0.1596007 0.9686756 0.09151343 -0.2308523 0.9481412 0.06919916 -0.3102252 0.9568097 -0.1776985 -0.2300836 0.9682863 -0.1747248 -0.1785861 0.980962 -0.1710611 -0.09193313 0.9489311 -0.2458765 -0.1976729 0.9530023 -0.268496 0.1403442 0.9608868 -0.2677846 -0.07062551 0.9385369 -0.2629053 -0.2236722 0.9464278 -0.2767621 -0.1663648 0.9062124 -0.2613669 0.332365 0.2958854 -0.2353785 0.9257693 0.3908367 -0.213103 0.8954517 0.7084293 -0.2175349 0.6714212 0.7065524 -0.2095798 0.6759142 0.407378 -0.1803344 0.895278 0.5267608 -0.1567961 0.8354268 0.5664925 -0.1826105 0.8035793 0.6220903 -0.1860936 0.7605082 0.2621711 -0.1712018 0.9497138 0.637623 0.1702298 0.7513047 0.7756968 0.1652557 0.6090854 0.6265 0.05207006 0.7776802 0.6007 -0.06790808 0.7965852 0.702539 0.05436351 0.7095658 0.6794 -0.06405568 0.7309669 0.77066 0.05581221 0.6347977 0.7527769 -0.05921634 0.6556069 0.8393548 -0.2366742 0.4893556 0.8513196 -0.195969 0.4866735 0.7238741 -0.2145447 0.6557262 0.7366917 -0.1534083 0.6585979 0.5801475 -0.1639818 0.7978338 0.5147844 -0.07119225 0.8543586 0.5749555 0.2186922 0.788416 0.4951232 0.1628701 0.8534204 0.4530766 0.04994665 0.8900713 0.3077278 0.05803804 0.9497027 0.2938047 -0.1265686 0.9474488 0.3731482 0.1030947 0.922026 0.2801115 0.05280988 0.9585138 0.2484477 -0.08361169 0.96503 0.3237991 -0.1171999 0.9388388 0.4142717 -0.08089069 0.9065515 0.5462964 0.04953589 0.8361259 0.3867417 -0.1631912 0.907634 0.5656994 -0.223722 0.793683 0.7116181 -0.251224 0.6561145 0.8322292 -0.2525562 0.4935686 0.3653336 -0.2481806 0.8971832 0.3707718 -0.2193582 0.9024468 0.5546417 -0.254592 0.792184 0.5529757 -0.2530244 0.7938492 0.7068346 -0.258458 0.6584712 0.5563426 -0.233399 0.797501 0.7062106 -0.2485328 0.6629465 0.5618585 -0.2074237 0.8008061 0.7074547 -0.2327135 0.6673472 0.8283669 -0.2535454 0.4995228 0.8260627 -0.2488898 0.5056425 0.8236561 -0.2442315 0.5118024 0.9538794 0.05336573 -0.2954085 0.959438 0.0203447 -0.2811847 0.9906581 -0.002223699 -0.1363512 0.9544145 0.01666964 -0.2980187 0.9899467 -0.04486681 -0.1341364 0.9610006 -0.0361622 -0.2741719 0.9652528 -0.01490111 -0.2608927 0.9585253 -0.001428236 -0.2850038 0.9483913 0.176064 0.2637335 0.951913 0.1616428 0.260256 0.8870492 0.1553262 0.4347614 0.9178787 0.1820093 0.3526632 0.8712649 0.2016459 0.4474778 0.816122 0.2111853 0.5379086 0.9569685 0.1403898 0.2539725 0.9960753 0.05262852 0.07116337 0.9605328 0.05606325 0.2724587 0.9960051 -0.02000631 0.08702693 0.9558553 -0.0351477 0.291728 0.9922601 -0.08269113 0.09263926 0.896263 0.05730919 0.4398049 0.9637198 -0.08017939 -0.2545886 0.9849174 -0.1293741 -0.1148917 0.9582824 -0.08430415 -0.2731074 0.9586633 -0.1482495 -0.2428718 0.9605834 -0.1266392 -0.2474715 0.9641756 -0.1152045 -0.2389421 0.9715436 -0.209372 0.1107536 0.9786773 -0.1779512 0.1025873 0.9865093 -0.1339302 0.09413876 0.9483881 -0.1111017 0.2970125 0.8864034 -0.0465757 0.4605645 0.9651868 -0.2323184 0.1201772 0.9215136 -0.2358355 0.3085357 0.9293155 -0.2118654 0.3024662 0.9398516 -0.1688035 0.2969586 0.862364 -0.1352386 0.4878923 0.8181405 -0.05397227 0.5724798 0.833041 0.05687996 0.5502794 0.2036501 0.9212397 -0.3314274 0.2036501 0.9212397 -0.3314274 0.2036501 0.9212397 -0.3314274 0.2036501 0.9212397 -0.3314274 0.2036501 0.9212397 -0.3314274 0.2036501 0.9212397 -0.3314274 0.2036501 0.9212397 -0.3314274 0.2036501 0.9212397 -0.3314274 0.2036501 0.9212397 -0.3314274 0.2036501 0.9212397 -0.3314274 0.2036501 0.9212397 -0.3314274 0.2036501 0.9212397 -0.3314274 0.2036501 0.9212397 -0.3314274 0.2036501 0.9212397 -0.3314274 0.2036501 0.9212397 -0.3314274 0.2036501 0.9212397 -0.3314274 0.2036501 0.9212397 -0.3314274 0.2036501 0.9212397 -0.3314274 0.2036501 0.9212397 -0.3314274 0.2036501 0.9212397 -0.3314274 0.2036501 0.9212397 -0.3314274 0.2036501 0.9212397 -0.3314274 0.2036501 0.9212397 -0.3314274 0.2036501 0.9212397 -0.3314274 0.2036501 0.9212397 -0.3314274 0.2036501 0.9212397 -0.3314274 0.2036501 0.9212397 -0.3314274 0.2036501 0.9212397 -0.3314274 0.2036501 0.9212397 -0.3314274 0.2036501 0.9212397 -0.3314274 0.2036501 0.9212397 -0.3314274 0.2036501 0.9212397 -0.3314274 0.2036501 0.9212397 -0.3314274 0.2036501 0.9212397 -0.3314274 0.2036501 0.9212397 -0.3314274 0.2036501 0.9212397 -0.3314274 0.2036501 0.9212397 -0.3314274 0.2036501 0.9212397 -0.3314274 0.2036501 0.9212397 -0.3314274 0.2036501 0.9212397 -0.3314274 0.2036501 0.9212397 -0.3314274 0.2036501 0.9212397 -0.3314274 0.2036501 0.9212397 -0.3314274 0.2036501 0.9212397 -0.3314274 0.2036501 0.9212397 -0.3314274 0.2036501 0.9212397 -0.3314274 0.2036501 0.9212397 -0.3314274 0.2036501 0.9212397 -0.3314274 -0.4112872 0.4487013 0.7934167 -0.7964009 0.5054915 0.3319998 -0.5532359 0.831859 0.04405336 -0.5569546 0.8297785 0.03562653 -0.5590579 0.8279319 0.0445318 -0.5240387 0.8369416 0.157836 -0.4420014 0.8173052 0.3696578 -0.2747918 0.7282482 0.6278088 -0.3427625 0.760397 0.5516432 -0.2292895 0.6680012 0.7079553 -0.1084423 0.542661 0.8329221 0.0198305 0.3918127 0.9198312 0.1442484 0.2263883 0.9632968 0.186193 0.1662729 0.9683416 -0.8485664 0.4784011 0.2259811 -0.7728719 0.5509782 0.3147888 -0.789348 0.5652986 0.2395146 -0.7495978 0.5951909 0.2895701 -0.7677953 0.629874 0.1172567 -0.7235253 0.6397688 0.2592433 -0.6843782 0.6884403 0.2401594 -0.6591939 0.7497989 0.05714068 -0.6719353 0.7246113 0.1531062 -0.6317116 0.7478192 0.2042228 -0.6314946 0.7712861 0.07957578 -0.5920418 0.7829519 0.1909786 -0.6069484 0.7925778 0.05860069 -0.5607574 0.8107851 0.1678653 -0.6131421 0.7892673 0.03337535 -0.5554997 0.8268536 0.08793869 -0.2853038 0.6225693 0.7287038 -0.3128425 0.5963437 0.7392589 -0.1715806 0.4906534 0.8542946 -0.3417693 0.5632893 0.7522625 -0.1935378 0.4680703 0.8622374 -0.3666118 0.5294105 0.7650623 -0.2119755 0.4448202 0.8701732 0.1158443 0.2264581 0.9671075 0.1126474 0.2272108 0.9673085 -0.2575035 0.6468577 0.717821 -0.1507211 0.5089814 0.8474793 -0.0246781 0.3648687 0.9307319 -0.03878978 0.3541306 0.9343912 -0.05005654 0.3427625 0.9380875 -0.01140318 0.3744973 0.9271579 0.1228004 0.2240049 0.9668205 0.1279439 0.2239733 0.9661606 -0.1294985 0.526388 0.8403249 0.002593417 0.3839007 0.9233707 0.1345434 0.2241375 0.9652256 -0.2441865 0.3898646 0.8879068 -0.06911431 0.3157945 0.9463071 -0.06233744 0.3087724 0.9490909 0.06011652 0.265292 0.9622921 0.1042165 0.2325444 0.9669861 -0.7117564 0.4901328 0.5031628 -0.6886483 0.5097954 0.5156279 -0.561214 0.4890648 0.6677233 -0.3999136 0.4729268 0.7851175 -0.2359136 0.406479 0.8826775 -0.06449813 0.3245554 0.9436651 0.1056884 0.2322289 0.9669021 -0.3731222 0.7372482 0.563245 -0.4714003 0.7940076 0.3838406 -0.4062245 0.707633 0.5781325 -0.5089724 0.7611026 0.402082 -0.4396156 0.6752051 0.5923142 -0.5467172 0.7243429 0.420033 -0.4744466 0.6338392 0.6108586 -0.5865993 0.6773234 0.4439981 -0.505065 0.5914934 0.628526 -0.6222619 0.6288273 0.4662257 -0.6498409 0.5852941 0.4849099 -0.671408 0.5457646 0.5013504 -0.5469369 0.5198876 0.6561836 -0.5285048 0.5538703 0.6433586 -0.3852478 0.4996805 0.7758244 -0.2253958 0.4246018 0.8768752 -0.05820071 0.3330915 0.9410966 0.1078749 0.2309678 0.9669627 -0.3542376 0.2682856 -0.8958452 -0.3576995 0.286099 -0.8889311 -0.3198527 0.2189258 -0.9218274 -0.4963517 0.6461281 -0.5797874 -0.5033389 0.7053564 -0.4991215 -0.547323 0.6858742 -0.4795978 -0.6421599 0.7249776 -0.2490744 -0.7025815 0.7083918 -0.06753038 -0.7032927 0.668876 -0.240799 -0.7833445 0.3511489 -0.5128995 -0.7192887 0.3288899 -0.6119275 -0.6883634 0.3371031 -0.6422752 -0.3007364 0.1226844 -0.9457834 -0.3659504 0.1685749 -0.9152392 -0.28201 0.1143133 -0.952577 -0.2905787 0.1231941 -0.9488873 -0.3525193 0.1807656 -0.9181797 -0.2845776 0.1354388 -0.9490374 -0.3410037 0.1958075 -0.9194432 -0.2779084 0.1374603 -0.9507216 -0.3273431 0.206082 -0.9221587 -0.3280387 0.1190377 -0.9371343 -0.2974993 0.1121475 -0.9481124 -0.3896747 0.1527967 -0.9081888 -0.3715365 0.1541964 -0.9155239 -0.3952369 0.1549971 -0.905408 -0.5338028 0.2452518 -0.8092627 -0.4853947 0.1998055 -0.8511579 -0.6497878 0.2849954 -0.7046654 -0.824025 0.3772449 -0.4226927 -0.7991012 0.4087694 -0.4408455 -0.8273646 0.3827055 -0.4111013 -0.8649756 0.4557075 -0.2101138 -0.862558 0.4029154 -0.3060276 -0.8853938 0.4647886 -0.007022852 -0.8915273 0.4437005 0.09115311 -0.8891437 0.4227207 -0.1753017 -0.8309138 0.5530001 -0.06142563 -0.7796674 0.6201982 -0.08644573 -0.5414419 0.567467 0.6203401 -0.561217 0.7848796 -0.2626777 -0.5687931 0.8103083 -0.1409782 -0.5328427 0.8077345 -0.2522768 -0.531827 0.8175077 -0.2210004 -0.5248036 0.8495946 -0.05263314 -0.5224043 0.8474733 -0.09424835 -0.514225 0.7433526 -0.4277844 -0.5194551 0.7540211 -0.4020181 -0.5273851 0.775082 -0.3480128 -0.4504737 0.4949951 -0.7430029 -0.4498729 0.4938419 -0.7441334 -0.4959549 0.549309 -0.6725238 -0.4443649 0.5486666 -0.70817 -0.483098 0.6251347 -0.613044 -0.413992 0.3804397 -0.8269681 -0.3538463 0.2885909 -0.8896674 -0.3655487 0.3923799 -0.8440451 -0.4293684 0.4738393 -0.7688427 -0.3351487 0.2420347 -0.9105463 -0.6037865 0.6448367 -0.4686443 -0.5360352 0.5192176 -0.6656421 -0.4367509 0.3631259 -0.823036 -0.6624748 0.5920264 -0.4589464 -0.5812998 0.4785582 -0.6580825 -0.4660018 0.33709 -0.8180542 -0.7667609 0.6019116 -0.2231146 -0.7156818 0.5334054 -0.4508639 -0.6223541 0.433454 -0.6517614 -0.4922621 0.3079217 -0.8141635 -0.8219088 0.5272302 -0.2156254 -0.7627681 0.4695933 -0.4445975 -0.6585512 0.3842223 -0.6470576 -0.5156436 0.2762919 -0.811033 0.415937 -0.4238965 -0.8045547 0.4304124 -0.4398798 -0.7881947 0.4477098 -0.4672907 -0.7623617 0.46432 -0.4676954 -0.752109 0.3920274 -0.3976182 -0.8295868 0.4158336 -0.4237847 -0.804667 0.2336882 -0.4137955 -0.8798654 0.2583507 -0.4185156 -0.8706892 0.2566156 -0.4180898 -0.8714066 0.2857411 -0.4047492 -0.8686369 0.3526419 -0.3778478 -0.856081 0.08056479 -0.3913963 -0.9166888 0.132915 -0.3815648 -0.914736 0.1515482 -0.419168 -0.8951711 0.1593867 -0.4142692 -0.8960898 0.1780113 -0.4104116 -0.8943569 0.1968559 -0.4062058 -0.8923254 0.9269248 -0.2904034 -0.2376473 0.9269248 -0.2904034 -0.2376473 0.9269248 -0.2904034 -0.2376473 0.9269248 -0.2904034 -0.2376473 0.9269248 -0.2904034 -0.2376473 0.9269248 -0.2904034 -0.2376473 0.9269248 -0.2904034 -0.2376473 0.9269248 -0.2904034 -0.2376473 0.9269248 -0.2904034 -0.2376473 0.9269248 -0.2904034 -0.2376473 0.9269248 -0.2904034 -0.2376473 0.9269248 -0.2904034 -0.2376473 0.9269248 -0.2904034 -0.2376473 0.9269248 -0.2904034 -0.2376473 0.9269248 -0.2904034 -0.2376473 0.9269248 -0.2904034 -0.2376473 0.9269248 -0.2904034 -0.2376473 0.9269248 -0.2904034 -0.2376473 0.9269248 -0.2904034 -0.2376473 0.9269248 -0.2904034 -0.2376473 -0.314262 0.9358892 -0.1592192 -0.3171963 0.9363138 -0.1506753 -0.6745558 0.7379041 0.02172799 -0.8052942 0.5825437 0.1102001 -0.876315 0.4505239 0.1705879 0.9413588 0.05459386 -0.332961 0.9259655 0.08229104 -0.3685323 0.9446136 0.06301131 -0.3220786 0.9429089 0.0657426 -0.3264977 0.9398687 0.07079267 -0.3341186 0.9388238 0.0725928 -0.3366604 0.9377404 0.09208278 -0.3349084 0.9339422 0.1023222 -0.3424648 0.9385679 0.1095523 -0.3272438 0.9300362 0.06580117 -0.3615286 0.9312216 0.07012835 -0.3576427 0.9346228 0.06477355 -0.3496921 0.9093146 0.101588 -0.403518 0.9414949 0.02935171 -0.3357466 0.9250811 0.04937093 -0.3765467 0.9388707 0.03906837 -0.3420461 0.9353221 0.06129316 -0.3484476 0.9363489 0.04374454 -0.3483348 0.9358818 0.04733996 -0.349119 0.9406383 -0.07564034 -0.3308748 0.9524347 -0.03311224 -0.3029385 0.9408455 0.02920458 -0.337575 0.9420323 0.01887074 -0.334991 0.9375651 0.01996657 -0.3472362 0.9413609 0.02413595 -0.3365368 0.9415403 0.02053576 -0.3362738 0.9417421 0.01603903 -0.3359532 0.9416559 0.01039123 -0.3364167 0.9427689 0.009325278 -0.3333163 0.9373284 0.01975961 -0.3478864 0.9444457 0.003996141 -0.3286432 0.9450418 0.0008049942 -0.3269484 0.9363832 -0.003479004 -0.3509622 0.9447465 -0.008633478 -0.3276882 0.9449801 -0.02260388 -0.3263459 0.9391016 -0.04531342 -0.3406389 0.9433947 -0.0119245 -0.3314576 0.9437738 -0.02097327 -0.3299258 0.9427617 -0.02542 -0.3324968 0.9503869 -0.06064734 -0.305101 0.9489349 -0.06237932 -0.3092433 0.9437083 -0.02842363 -0.3295552 0.9445713 -0.03129702 -0.3268113 0.9452762 -0.03393875 -0.3245012 0.9464601 -0.0388648 -0.3204727 0.9475241 -0.04671258 -0.3162532 0.9434754 -0.06453635 -0.3250988 0.950577 -0.03911147 -0.3080158 0.9499359 -0.03544515 -0.3104278 0.9416608 -0.05706749 -0.33169 0.9496736 -0.02773438 -0.3120109 0.9498243 -0.0216794 -0.3120318 0.9484299 -0.02011472 -0.3163481 0.9467016 -0.01050212 -0.3219405 0.946794 -0.007322941 -0.321757 0.9466627 -0.007476753 -0.3221395 0.9468714 -0.003922269 -0.3215885 0.9463257 -0.001642445 -0.3232105 0.9450642 0.003051317 -0.3268705 0.9446842 0.007736927 -0.3278902 0.9426624 0.03028814 -0.3323705 0.9423964 0.02833021 -0.3332962 0.9427326 0.02646273 -0.3324981 0.9432869 0.02219474 -0.3312358 0.9445008 0.01165542 -0.3283023 0.9442215 0.01593565 -0.3289251 0.9437695 0.01946603 -0.3300307 -0.9228209 0.3110716 0.2272357 -0.903109 0.379811 0.2003441 -0.8838081 0.4319836 0.1796482 -0.8446499 0.5127415 0.1538269 -0.8519455 0.4984406 0.1604549 -0.8033788 0.5847569 0.1124362 -0.8030888 0.5852067 0.1121667 -0.8042862 0.5832851 0.1135878 -0.80489 0.5822776 0.114477 -0.8064061 0.5797425 0.1166527 -0.8073925 0.5779935 0.118494 -0.8088473 0.5755855 0.1202804 -0.8106608 0.5725019 0.1227628 -0.8127493 0.5696511 0.1222136 -0.8163256 0.5643357 0.1230356 -0.8181699 0.5613964 0.1242261 -0.8206732 0.5574848 0.1253248 -0.8228357 0.5531552 0.1302334 -0.828126 0.54448 0.1332251 -0.8231869 0.5519735 0.1329987 -0.825378 0.5484229 0.1341024 -0.8351883 0.5330921 0.1351789 -0.8268313 0.5461031 0.1346157 -0.8305545 0.539291 0.1390842 -0.8307858 0.5380253 0.1425616 -0.8353267 0.5312598 0.141394 -0.8356507 0.5307679 0.1413273 -0.8358013 0.5304898 0.1414804 -0.8370482 0.5285033 0.1415433 -0.8364826 0.5309313 0.1356789 -0.8357531 0.5323541 0.1345951 -0.7846365 0.6054233 0.1334478 -0.8352211 0.5316583 0.1405175 -0.8183888 0.5638176 0.1111285 -0.8347925 0.5342401 0.1330747 -0.8336277 0.5365598 0.131028 -0.8323701 0.539062 0.1287333 -0.831601 0.5406746 0.1269281 -0.8296089 0.5437249 0.126934 -0.8263992 0.5488969 0.1256045 -0.8251546 0.5513085 0.1232027 -0.8232997 0.5550235 0.1188548 -0.8216623 0.5568129 0.1217806 -0.8173087 0.5630446 0.1224225 -0.8144685 0.56865 0.1152315 -0.8101474 0.5761024 0.1084766 -0.8120195 0.5732835 0.1094093 -0.8149938 0.5688068 0.1106525 -0.8083372 0.5785717 0.1088379 -0.8059669 0.5819195 0.1085681 -0.8065684 0.5809993 0.1090288 -0.8031739 0.5858782 0.1079742 -0.8022765 0.587143 0.1077753 -0.7998042 0.5907064 0.1066732 -0.8941683 0.418265 0.1597418 -0.7981847 0.5931042 0.1054919 -0.8324465 0.5348631 0.1447561 -0.7812145 0.6175104 0.0915687 -0.7517139 0.6553002 0.0742149 -0.7514352 0.6557919 0.07267764 -0.4856523 0.8714198 -0.06906009 -0.3585399 0.9248947 -0.1265658 -0.4017952 0.9085179 -0.1146994 -0.4404781 0.8923754 -0.09820969 -0.4090308 0.9064871 -0.1047615 -0.4407353 0.8935712 -0.08534013 -0.1046276 0.9647906 -0.2413136 -0.1102818 0.9683757 -0.2237998 -0.1492307 0.9675256 -0.2040204 -0.2646808 0.9479917 -0.1767932 -0.04120516 0.965793 -0.2560194 0.0164739 0.9628017 -0.2697063 0.07647247 0.9538464 -0.2903946 0.1104741 0.9465277 -0.3031185 0.2221772 0.9189694 -0.3257799 0.3138346 0.8795598 -0.3576066 0.3753611 0.8515616 -0.3659874 0.370383 0.8519253 -0.3701888 0.6166154 0.6764016 -0.4028229 0.5315156 0.753758 -0.3864454 0.4857409 0.7851054 -0.3842724 0.5022458 0.7709222 -0.391699 0.4765019 0.7907556 -0.3842545 0.4324475 0.8223697 -0.3697258 0.7572394 0.5115683 -0.4060619 0.7272161 0.55463 -0.4044036 0.7173152 0.5700722 -0.4005952 0.6961247 0.5925752 -0.4052963 0.6562461 0.6344055 -0.4084983 0.6549056 0.6348138 -0.4100123 0.8300477 0.3942156 -0.3944805 0.8128356 0.4316763 -0.3910932 0.7888285 0.4677005 -0.3987554 0.7833422 0.4707254 -0.4059466 0.8903381 0.2532206 -0.3783879 0.9085293 0.1384406 -0.3942191 0.9043545 0.1712946 -0.3908978 0.8749632 0.1884616 -0.4460062 0.8973013 0.2324607 -0.3752498 0.8958013 0.233725 -0.3780379 0.9314782 -0.06716286 -0.3575437 0.9406024 -0.0952837 -0.3258652 0.9446887 -0.1464286 -0.2934653 0.9309684 -0.1067661 -0.3491401 0.9334116 -0.1254888 -0.3361477 0.9403303 -0.1089179 -0.3223598 0.9360698 -0.1323708 -0.3259622 0.9386047 -0.2248776 -0.261632 0.9328913 -0.1556424 -0.3247912 0.9273266 -0.1716106 -0.3325886 0.08344596 0.9513633 -0.2965545 -0.5461074 0.8362131 -0.05014381 -0.9379261 0.3193496 0.1353159 -0.9170834 0.3487219 0.1932644 -0.9228468 0.3555569 0.1480982 -0.9224585 0.3626331 0.1325426 -0.9056777 0.3902201 0.1657593 -0.9059746 0.4099994 0.1054064 -0.8952484 0.4227267 0.1408278 -0.8863808 0.4491529 0.1122088 -0.8870989 0.4462999 0.1177792 -0.8726527 0.4740375 0.1173273 -0.8650262 0.4902776 0.106572 -0.8684662 0.4883908 0.08509338 -0.8513104 0.5119168 0.1149424 -0.8476462 0.5233436 0.08722027 -0.7716254 0.6360615 0.004469921 -0.7702436 0.6374852 0.01836688 -0.751041 0.6597803 0.0250478 -0.7419513 0.6703796 -0.009977839 -0.8466604 0.527114 0.07291811 -0.8288303 0.5518479 0.09221844 -0.8254813 0.5636263 0.03010019 -0.8112706 0.5793431 0.07874976 -0.7986628 0.6012311 0.02566867 -0.7963319 0.6046802 0.01474042 -0.7854296 0.6175464 0.04167529 -0.7409823 0.6711983 -0.02093112 -0.719351 0.6945555 0.01126346 -0.7106716 0.7019622 -0.04685108 -0.6884385 0.7252866 0.003438966 -0.6739973 0.7363255 -0.05960163 -0.644225 0.7626509 -0.05777377 -0.6595452 0.7510105 -0.03135809 -0.6717389 0.7392212 -0.04815497 -0.9413002 0.3169204 0.1162557 -0.9441709 0.3293394 0.008766629 -0.7376905 0.659951 -0.1423988 -0.761093 0.6396412 -0.1076875 -0.7791229 0.6173264 -0.108975 -0.7677945 0.5832179 -0.2652328 -0.6798495 0.7119827 -0.1757419 -0.7090733 0.685448 -0.1654574 -0.9300893 0.3290996 -0.1631788 -0.7853148 0.2601116 -0.561803 -0.8007944 0.2800793 -0.5294185 -0.746158 0.3681636 -0.5547106 -0.7307107 0.3884581 -0.561393 -0.8053 0.4416458 -0.3955261 -0.7145597 0.4080124 -0.5682696 -0.6978135 0.4269557 -0.5751219 -0.7679021 0.4883475 -0.4145396 -0.3181424 0.1006795 -0.9426818 -0.3346953 0.204264 -0.9199214 -0.3169301 0.1810155 -0.9310149 -0.3425469 0.1976413 -0.9184767 -0.3366489 0.1997209 -0.920206 -0.3502347 0.1957859 -0.9159714 -0.3566164 0.190994 -0.9145196 -0.3607663 0.1846147 -0.9142019 -0.3645749 0.1801785 -0.9135758 -0.3776337 0.1712375 -0.9099838 -0.3716537 0.1767957 -0.9113818 -0.3915679 0.1548392 -0.9070278 -0.384561 0.1590854 -0.909288 -0.3817635 0.164702 -0.9094668 -0.3972471 0.1494322 -0.9054639 -0.4008517 0.1417744 -0.9051066 -0.4023232 0.136101 -0.9053246 -0.652928 0.7380298 -0.170285 -0.6435081 0.7485857 -0.1597398 -0.6447498 0.6909632 -0.326906 -0.6378439 0.7253467 -0.2588962 -0.614361 0.6230548 -0.4841109 -0.5390134 0.5132158 -0.6678878 -0.566199 0.5356829 -0.6264683 -0.4581148 0.3830326 -0.8021327 -0.501542 0.4348553 -0.7479014 -0.4234386 0.3221063 -0.8467274 -0.7395159 0.2470856 -0.6261509 -0.6900169 0.2400399 -0.6828305 -0.5742245 0.1870219 -0.7970502 -0.4849876 0.1562219 -0.8604544 -0.3814523 0.1272347 -0.9155902 -0.7609618 0.3471885 -0.5480852 -0.8226887 0.417092 -0.386287 -0.7870837 0.4654604 -0.4047788 -0.811211 0.5325839 -0.2414354 -0.831404 0.5060419 -0.2295409 -0.8268314 0.5555251 -0.08798732 -0.848826 0.5249098 -0.06296109 -0.8506011 0.4786894 -0.2175645 -0.8686863 0.4504075 -0.2061968 -0.8685017 0.4942001 -0.03835478 -0.882536 0.4700238 -0.01441681 -0.8391633 0.3916671 -0.3773616 -0.7750057 0.3253991 -0.5417394 -0.8547073 0.3653478 -0.3687769 -0.7883988 0.3028797 -0.5354355 -0.8694786 0.3382765 -0.3599665 -0.8830776 0.3111289 -0.3512445 -0.8979616 0.4397755 -0.01620444 -0.9144619 0.4043742 -0.01552334 -0.9301234 0.3671737 -0.007344405 -0.9166107 0.3604241 -0.1729718 -0.9017094 0.3913219 -0.183813 -0.885692 0.4212503 -0.1951866 -0.9412548 0.3109959 -0.1316092 -0.5852377 0.5239829 -0.6188205 -0.6051889 0.5099608 -0.611299 -0.6381068 0.6073566 -0.4732204 -0.6802927 0.4451327 -0.5822875 -0.7480015 0.5106312 -0.4239689 -0.6246669 0.4950433 -0.6039234 -0.6612347 0.5898966 -0.4634553 -0.671011 0.6714046 -0.3145791 -0.6436681 0.4792374 -0.5966766 -0.6838465 0.5716223 -0.4534335 -0.6963101 0.6509132 -0.3024306 -0.720868 0.6294398 -0.2900948 -0.7058593 0.552301 -0.4435383 -0.6622763 0.4626538 -0.5893569 -0.7447033 0.6068861 -0.27768 -0.7272904 0.5319961 -0.4336229 -0.7900085 0.5583772 -0.2531828 -0.8033209 0.5860336 -0.106019 -0.5779061 0.1902899 -0.7936084 -0.5567085 0.1923355 -0.8081354 -0.6799455 0.2570634 -0.6867259 -0.5497854 0.2031382 -0.8102289 -0.668856 0.2744725 -0.6908664 -0.5418507 0.2151492 -0.8124707 -0.6572879 0.291282 -0.6950736 -0.5333519 0.2265909 -0.8149799 -0.6451796 0.3074439 -0.6994438 -0.5246805 0.2376989 -0.8174409 -0.6326674 0.3231156 -0.7037956 -0.5155421 0.2482791 -0.820106 -0.6194375 0.3380386 -0.7085387 -0.5061029 0.2584946 -0.8228247 -0.6059063 0.3525784 -0.7131381 -0.4962914 0.2682803 -0.8256637 -0.5918773 0.3665887 -0.7178398 -0.4863979 0.2778683 -0.8283757 -0.5772552 0.3798162 -0.7228527 -0.4758978 0.2866974 -0.8314601 -0.5623353 0.3924581 -0.7278432 -0.4653512 0.2952807 -0.8344205 -0.5470751 0.4043912 -0.7329233 -0.4545161 0.3032844 -0.8375164 -0.5316243 0.4158202 -0.7378816 -0.4435889 0.3109346 -0.8405644 -0.5157094 0.4263398 -0.7431543 -0.4324731 0.3181087 -0.8436669 0.2612485 0.06493885 -0.9630847 0.08338286 0.02260369 -0.9962612 0.7175925 0.003217643 -0.6964557 0.6298036 0.04199406 -0.7756184 0.6644163 0.03258498 -0.746652 0.4827343 0.08842981 -0.8712908 0.4164995 0.1031904 -0.9032607 0.3557586 0.1128243 -0.9277427 0.3065836 0.1320168 -0.9426442 0.1881304 0.1533234 -0.9701025 0.1794439 0.1487063 -0.972464 -0.07477774 0.009869679 -0.9971514 -0.04264707 0.04398437 -0.9981215 -0.04673226 0.07008839 -0.9964455 0.8573282 -0.06061887 -0.5111886 0.8881309 -0.05727757 -0.4560075 0.9088399 -0.09057813 -0.4071924 0.8281651 0.2411075 -0.505974 0.8872502 0.23125 -0.3991371 0.8289581 0.2083128 -0.5190706 0.7100188 0.1731258 -0.6825693 0.5796233 0.1429572 -0.8022469 0.843559 0.1389573 -0.5187477 0.8872073 0.2312446 -0.3992356 0.8831859 0.1061401 -0.4568556 0.8740372 0.07272269 -0.4803857 0.8785143 0.03889641 -0.4761298 0.9327383 0.0205757 -0.3599666 0.880941 0.01994706 -0.4728055 -0.006577589 0.1537204 -0.9880925 -0.006736727 0.1229727 -0.9923872 0.891958 -0.03674205 -0.4506228 0.8904495 -0.008276313 -0.4550068 0.07184908 0.1842426 -0.9802512 -0.05121428 0.1967752 -0.9791101 0.008170572 0.1718915 -0.985082 0.5845334 0.0566145 -0.8093921 0.7854132 -0.007463443 -0.6189268 0.7943341 -0.02197865 -0.6070835 0.6575326 0.03683905 -0.7525249 0.7795077 0.003880322 -0.6263807 0.649673 0.04325344 -0.7589823 0.7735653 0.01873031 -0.6334397 0.6412737 0.05162997 -0.7655732 0.7669208 0.03569026 -0.6407486 0.6327529 0.06173581 -0.7718889 0.7595805 0.05445578 -0.6481296 0.6233915 0.07781647 -0.7780281 0.7511334 0.08096469 -0.6551666 0.6039682 0.107124 -0.7897765 0.7329782 0.1243382 -0.6687921 0.9368688 -0.06437872 -0.3437038 -0.08812155 -0.02175743 -0.9958721 0.4302057 0.107437 -0.8963149 -0.01741392 0.09096707 -0.9957016 0.1052762 0.03524885 -0.9938181 0.1240834 0.053138 -0.990848 0.134488 0.07107787 -0.9883627 0.1454459 0.08853238 -0.9853971 0.1564704 0.1071358 -0.9818548 0.1677844 0.1268793 -0.9776247 0.2831101 0.06158343 -0.9571082 0.3026851 0.0635899 -0.9509669 0.3130384 0.07026504 -0.9471377 0.3235914 0.07872701 -0.942916 0.3341551 0.08857366 -0.938347 0.3446313 0.09991713 -0.9334055 0.4533646 0.08613766 -0.8871532 0.4732399 0.07205964 -0.8779814 0.4831252 0.06707677 -0.8729781 0.4927207 0.06614573 -0.8676699 0.5023034 0.06679194 -0.8621079 0.5118831 0.06913635 -0.8562686 0.5214331 0.0721324 -0.8502379 0.01264454 0.1991024 -0.9798971 0.7926283 -0.05768404 -0.6069703 0.6753346 -0.004279498 -0.737499 0.8837731 -0.1104864 -0.4546844 -0.04830138 0.2157628 -0.9752504 -0.07780913 0.2184798 -0.9727344 0.1904629 0.1654921 -0.9676447 0.1932008 0.1548937 -0.9688557 0.3695891 0.1053227 -0.9232069 0.5345723 0.05025342 -0.8436273 0.6293226 0.03244528 -0.7764666 0.7915726 -0.03603458 -0.6100117 0.03528624 0.0003800524 -0.9993772 0.1506289 -0.03623378 -0.9879261 0.2634715 -0.07581191 -0.9616836 0.5437389 -0.1660096 -0.8226717 0.3606449 -0.1063464 -0.9266206 0.7904462 -0.2322642 -0.5667875 0.8480929 -0.2547166 -0.4646051 0.8948513 -0.2687436 -0.3563958 0.8953618 -0.2678647 -0.355775 0.3151778 0.2588114 0.9130606 0.3151778 0.2588114 0.9130606 0.3151778 0.2588114 0.9130606 0.3151778 0.2588114 0.9130606 0.6831312 -0.3758864 -0.6261319 0.7420288 -0.3668476 -0.5610848 0.7208443 -0.3706699 -0.5856512 0.8517474 -0.3339877 -0.4037061 0.7907962 -0.3562539 -0.4977194 0.7905652 -0.3563571 -0.4980123 0.8222385 -0.3456955 -0.4521266 0.8565282 -0.3346954 -0.3928594 0.8750842 -0.3272599 -0.3565509 0.5131718 -0.3925874 -0.7632364 0.6323611 -0.3863861 -0.6714352 0.68228 -0.3760045 -0.6269885 0.5374317 -0.3881487 -0.7486707 0.3211787 -0.3826512 -0.8662692 0.3211787 -0.3826512 -0.8662692 0.08542912 -0.3539512 -0.9313541 0.08542912 -0.3539512 -0.9313541 -0.1364696 -0.3085058 -0.9413821 -0.1364696 -0.3085058 -0.9413821 0.2036501 0.9212397 -0.3314274 0.2036501 0.9212397 -0.3314274 0.2036501 0.9212397 -0.3314274 0.2036501 0.9212397 -0.3314274 0.2036501 0.9212397 -0.3314274 0.2036501 0.9212397 -0.3314274 0.2036501 0.9212397 -0.3314274 0.2036501 0.9212397 -0.3314274 0.2036501 0.9212397 -0.3314274 0.2036501 0.9212397 -0.3314274 0.2036501 0.9212397 -0.3314274 0.2036501 0.9212397 -0.3314274 0.2036501 0.9212397 -0.3314274 0.2036501 0.9212397 -0.3314274 0.2036501 0.9212397 -0.3314274 0.2036501 0.9212397 -0.3314274 0.2036501 0.9212397 -0.3314274 0.2036501 0.9212397 -0.3314274 0.2036501 0.9212397 -0.3314274 0.2036501 0.9212397 -0.3314274 0.2036501 0.9212397 -0.3314274 0.2036501 0.9212397 -0.3314274 0.2036501 0.9212397 -0.3314274 0.2036501 0.9212397 -0.3314274 0.2036501 0.9212397 -0.3314274 0.2036501 0.9212397 -0.3314274 0.2036501 0.9212397 -0.3314274 0.2036501 0.9212397 -0.3314274 0.2036501 0.9212397 -0.3314274 0.2036501 0.9212397 -0.3314274 0.2036501 0.9212397 -0.3314274 0.2036501 0.9212397 -0.3314274 0.2036501 0.9212397 -0.3314274 0.2036501 0.9212397 -0.3314274 0.2036501 0.9212397 -0.3314274 0.2036501 0.9212397 -0.3314274 0.2036501 0.9212397 -0.3314274 0.2036501 0.9212397 -0.3314274 0.2036501 0.9212397 -0.3314274 0.2036501 0.9212397 -0.3314274 0.2036501 0.9212397 -0.3314274 0.2036501 0.9212397 -0.3314274 0.2036501 0.9212397 -0.3314274 0.2036501 0.9212397 -0.3314274 0.2036501 0.9212397 -0.3314274 0.2036501 0.9212397 -0.3314274 0.2036501 0.9212397 -0.3314274 0.2036501 0.9212397 -0.3314274 -0.1823244 0.1886709 -0.9649669 -0.0667287 0.508471 -0.8584897 -0.1046402 0.4172373 -0.9027533 -0.09751175 0.4083041 -0.9076229 0.07847489 0.7591408 -0.6461787 0.03426006 0.6866393 -0.7261905 0.1648481 0.8748001 -0.4555763 0.1219037 0.8228795 -0.5549854 0.07854544 0.7592667 -0.6460222 -0.9489004 0.2961039 0.1091352 -0.9454452 0.2960546 0.1359601 -0.9547403 0.2964545 0.02420001 -0.9543186 0.2966153 0.03599099 -0.9546756 0.2966688 0.02412736 -0.9523696 0.2996805 -0.05642421 -0.9492928 0.2973764 -0.1020317 -0.9304974 0.2914972 -0.2218197 -0.9505333 0.2975896 -0.08903238 -0.9308181 0.2898613 -0.2226164 -0.9352789 0.2937052 -0.1974605 -0.9297923 0.2922576 -0.2237671 -0.9152339 0.2903383 -0.2793753 -0.8980682 0.2822468 -0.3373579 -0.8822204 0.2775149 -0.3803587 -0.8520378 0.2653559 -0.4512403 -0.8404871 0.2627432 -0.4738645 -0.7927999 0.2487705 -0.5564005 -0.7224828 0.2268879 -0.6531007 -0.720083 0.2262634 -0.6559614 -0.7226241 0.2270152 -0.6529001 -0.7224916 0.2270522 -0.6530338 -0.7202367 0.2265039 -0.6557096 -0.6389405 0.2021998 -0.7422064 -0.6401764 0.2025341 -0.7410493 -0.5467021 0.1743729 -0.8189694 -0.549914 0.1752264 -0.8166335 -0.4458514 0.14232 -0.8837203 -0.4522443 0.1439866 -0.8801948 -0.338898 0.1083171 -0.934567 -0.3480442 0.1109361 -0.9308912 -0.3396203 0.1078734 -0.9343561 -0.3478481 0.110813 -0.9309791 -0.8948982 0.4013824 0.1950623 -0.8947441 0.4016717 0.1951741 -0.8487199 0.5073328 0.1492917 -0.7893044 0.6056887 0.1006962 -0.7183848 0.6937214 0.05170947 -0.634922 0.7725755 0.001069682 -0.6351794 0.7723643 0.0006904711 -0.7892977 0.6057093 0.1006248 -0.6414193 0.7671768 0.004584086 -0.9269248 0.2904034 0.2376473 -0.9269248 0.2904034 0.2376473 -0.9269248 0.2904034 0.2376473 -0.9269248 0.2904034 0.2376473</float_array>
          <technique_common>
            <accessor count="5828" source="#normals-array-array" stride="3">
              <param type="float" name="X"/>
              <param type="float" name="Y"/>
              <param type="float" name="Z"/>
            </accessor>
          </technique_common>
        </source>
        <vertices id="verts-array-vertices">
          <input semantic="POSITION" source="#verts-array"/>
        </vertices>
        <triangles count="8346" material="material0">
          <input offset="0" semantic="VERTEX" source="#verts-array-vertices"/>
          <input offset="1" semantic="NORMAL" source="#normals-array"/>
          <p>0 0 1 1 2 2 3 3 4 4 5 5 6 6 7 7 8 8 9 9 10 10 11 11 12 12 13 13 14 14 15 15 16 16 17 17 18 18 19 19 20 20 21 21 22 22 23 23 24 24 25 25 26 26 27 27 28 28 29 29 30 30 29 29 28 28 29 29 30 30 31 31 32 32 33 33 27 27 34 34 27 27 33 33 27 27 34 34 28 28 27 27 35 35 32 32 36 36 32 32 35 35 32 32 36 36 37 37 38 38 39 39 40 40 37 37 36 36 41 41 38 38 41 41 36 36 41 41 38 38 26 26 40 40 26 26 38 38 26 26 40 40 24 24 42 42 43 43 44 44 45 45 44 44 43 43 46 46 47 47 48 48 49 49 50 50 51 51 52 52 53 53 54 54 49 49 54 54 53 53 54 54 49 49 55 55 51 51 55 55 49 49 56 56 57 57 23 23 58 58 23 23 57 57 23 23 58 58 21 21 59 59 60 60 61 61 62 62 61 61 60 60 61 61 62 62 56 56 63 63 56 56 62 62 56 56 63 63 57 57 64 64 65 65 66 66 67 67 66 66 65 65 66 66 67 67 20 20 68 68 20 20 67 67 20 20 68 68 18 18 15 15 17 17 69 69 70 70 71 71 72 72 73 73 72 72 71 71 72 72 73 73 74 74 75 75 76 76 77 77 78 78 77 77 76 76 77 77 78 78 79 79 80 80 81 81 82 82 79 79 82 82 81 81 82 82 79 79 83 83 78 78 83 83 79 79 80 80 82 82 84 84 85 85 84 84 82 82 84 84 85 85 86 86 87 87 86 86 85 85 86 86 87 87 88 88 89 89 88 88 87 87 88 88 89 89 90 90 91 91 92 92 93 93 9 9 11 11 93 93 94 94 95 95 96 96 97 97 96 96 95 95 93 93 92 92 98 98 94 94 98 98 92 92 98 98 94 94 99 99 94 94 96 96 99 99 97 97 99 99 96 96 99 99 97 97 100 100 101 101 100 100 97 97 100 100 101 101 102 102 103 103 104 104 105 105 8 8 105 105 104 104 105 105 8 8 106 106 107 107 108 108 109 109 110 110 109 109 108 108 109 109 110 110 111 111 27 27 112 112 35 35 113 113 35 35 112 112 35 35 113 113 36 36 43 43 36 36 113 113 36 36 43 43 38 38 42 42 38 38 43 43 38 38 42 42 39 39 114 114 109 109 6 6 111 111 6 6 109 109 6 6 111 111 7 7 115 115 7 7 111 111 7 7 115 115 8 8 116 116 8 8 115 115 8 8 116 116 106 106 31 31 107 107 29 29 109 109 29 29 107 107 29 29 109 109 27 27 114 114 27 27 109 109 27 27 114 114 112 112 4 4 117 117 5 5 2 2 5 5 117 117 5 5 2 2 118 118 119 119 120 120 121 121 47 47 45 45 48 48 122 122 48 48 45 45 48 48 122 122 123 123 124 124 123 123 122 122 123 123 124 124 125 125 126 126 125 125 124 124 125 125 126 126 0 0 127 127 0 0 126 126 0 0 127 127 1 1 128 128 1 1 127 127 1 1 128 128 2 2 121 121 2 2 128 128 2 2 121 121 118 118 120 120 118 118 121 121 91 91 93 93 129 129 11 11 129 129 93 93 129 129 11 11 119 119 78 78 3 3 83 83 5 5 83 83 3 3 83 83 5 5 82 82 118 118 82 82 5 5 82 82 118 118 85 85 120 120 85 85 118 118 85 85 120 120 87 87 119 119 87 87 120 120 87 87 119 119 89 89 11 11 89 89 119 119 89 89 11 11 90 90 10 10 90 90 11 11 45 45 43 43 122 122 113 113 122 122 43 43 122 122 113 113 124 124 112 112 124 124 113 113 124 124 112 112 126 126 114 114 126 126 112 112 126 126 114 114 127 127 6 6 127 127 114 114 127 127 6 6 128 128 8 8 128 128 6 6 128 128 8 8 121 121 104 104 121 121 8 8 121 121 104 104 119 119 103 103 119 119 104 104 119 119 103 103 129 129 130 130 129 129 103 103 129 129 130 130 91 91 16 16 64 64 17 17 66 66 17 17 64 64 17 17 66 66 131 131 20 20 59 59 66 66 61 61 66 66 59 59 66 66 61 61 131 131 56 56 131 131 61 61 131 131 56 56 132 132 23 23 132 132 56 56 132 132 23 23 133 133 22 22 133 133 23 23 133 133 22 22 134 134 135 135 134 134 22 22 134 134 135 135 136 136 137 137 136 136 135 135 136 136 137 137 138 138 136 136 139 139 134 134 140 140 134 134 139 139 134 134 140 140 133 133 141 141 133 133 140 140 133 133 141 141 132 132 142 142 132 132 141 141 132 132 142 142 131 131 143 143 131 131 142 142 131 131 143 143 17 17 14 14 17 17 143 143 17 17 14 14 69 69 13 13 69 69 14 14 74 74 12 12 72 72 14 14 72 72 12 12 72 72 14 14 144 144 143 143 144 144 14 14 144 144 143 143 145 145 142 142 145 145 143 143 145 145 142 142 146 146 141 141 146 146 142 142 146 146 141 141 147 147 140 140 147 147 141 141 147 147 140 140 148 148 139 139 148 148 140 140 148 148 139 139 149 149 136 136 149 149 139 139 149 149 136 136 49 49 138 138 49 49 136 136 49 49 138 138 50 50 75 75 70 70 76 76 72 72 76 76 70 70 76 76 72 72 78 78 144 144 78 78 72 72 78 78 144 144 3 3 145 145 3 3 144 144 3 3 145 145 4 4 146 146 4 4 145 145 4 4 146 146 117 117 147 147 117 117 146 146 117 117 147 147 2 2 148 148 2 2 147 147 2 2 148 148 0 0 149 149 0 0 148 148 0 0 149 149 125 125 49 49 125 125 149 149 125 125 49 49 123 123 53 53 123 123 49 49 123 123 53 53 48 48 52 52 48 48 53 53 48 48 52 52 46 46 137 137 135 135 150 150 19 19 151 151 20 20 152 152 20 20 151 151 20 20 152 152 59 59 153 153 59 59 152 152 59 59 153 153 60 60 154 154 60 60 153 153 60 60 154 154 62 62 155 155 62 62 154 154 150 150 135 135 156 156 22 22 21 21 157 157 22 22 157 157 135 135 158 158 135 135 157 157 135 135 158 158 156 156 21 21 58 58 157 157 57 57 157 157 58 58 157 157 57 57 155 155 63 63 155 155 57 57 155 155 63 63 62 62 159 159 51 51 150 150 50 50 150 150 51 51 150 150 50 50 137 137 138 138 137 137 50 50 159 159 160 160 51 51 161 161 51 51 160 160 51 51 161 161 55 55 162 162 55 55 161 161 55 55 162 162 54 54 52 52 54 54 162 162 52 52 162 162 46 46 163 163 46 46 162 162 46 46 163 163 164 164 165 165 25 25 166 166 24 24 166 166 25 25 166 166 24 24 167 167 40 40 167 167 24 24 167 167 40 40 168 168 39 39 168 168 40 40 168 168 39 39 169 169 170 170 169 169 39 39 169 169 170 170 171 171 44 44 171 171 170 170 171 171 44 44 172 172 45 45 172 172 44 44 172 172 45 45 173 173 47 47 173 173 45 45 173 173 47 47 174 174 46 46 174 174 47 47 174 174 46 46 175 175 164 164 175 175 46 46 176 176 177 177 178 178 179 179 180 180 181 181 182 182 183 183 184 184 185 185 186 186 187 187 156 156 158 158 188 188 189 189 190 190 191 191 151 151 189 189 192 192 191 191 192 192 189 189 192 192 191 191 193 193 194 194 193 193 191 191 157 157 195 195 194 194 196 196 194 194 195 195 194 194 196 196 193 193 156 156 188 188 197 197 198 198 199 199 200 200 201 201 200 200 199 199 200 200 201 201 161 161 162 162 161 161 201 201 202 202 203 203 204 204 203 203 174 174 204 204 175 175 204 204 174 174 204 204 175 175 164 164 205 205 206 206 207 207 171 171 207 207 206 206 208 208 166 166 209 209 210 210 209 209 166 166 166 166 167 167 210 210 211 211 210 210 167 167 210 210 211 211 212 212 213 213 212 212 211 211 212 212 213 213 214 214 214 214 213 213 215 215 216 216 215 215 213 213 215 215 216 216 217 217 187 187 186 186 216 216 218 218 216 216 186 186 216 216 218 218 217 217 219 219 220 220 221 221 222 222 221 221 220 220 221 221 222 222 223 223 224 224 225 225 226 226 227 227 226 226 225 225 226 226 227 227 228 228 179 179 181 181 229 229 230 230 231 231 232 232 233 233 232 232 231 231 184 184 183 183 234 234 232 232 234 234 183 183 234 234 232 232 181 181 233 233 181 181 232 232 181 181 233 233 229 229 235 235 236 236 237 237 238 238 237 237 236 236 176 176 239 239 240 240 241 241 240 240 239 239 242 242 243 243 244 244 245 245 246 246 247 247 242 242 247 247 246 246 247 247 242 242 248 248 244 244 248 248 242 242 243 243 242 242 249 249 250 250 249 249 242 242 249 249 250 250 251 251 252 252 251 251 250 250 251 251 252 252 253 253 253 253 252 252 254 254 255 255 254 254 252 252 254 254 255 255 256 256 256 256 255 255 257 257 258 258 257 257 255 255 257 257 258 258 259 259 260 260 259 259 258 258 259 259 260 260 261 261 260 260 194 194 261 261 191 191 261 261 194 194 261 261 191 191 262 262 190 190 262 262 191 191 224 224 263 263 225 225 264 264 225 225 263 263 225 225 264 264 265 265 266 266 223 223 267 267 222 222 267 267 223 223 267 267 222 222 187 187 220 220 187 187 222 222 187 187 220 220 185 185 263 263 268 268 264 264 266 266 264 264 268 268 264 264 266 266 265 265 267 267 265 265 266 266 265 265 267 267 269 269 187 187 269 269 267 267 269 269 187 187 270 270 216 216 270 270 187 187 270 270 216 216 271 271 213 213 271 271 216 216 271 271 213 213 207 207 211 211 207 207 213 213 207 207 211 211 205 205 167 167 205 205 211 211 272 272 273 273 274 274 275 275 274 274 273 273 274 274 275 275 276 276 277 277 275 275 278 278 273 273 278 278 275 275 278 278 273 273 279 279 272 272 279 279 273 273 279 279 272 272 280 280 276 276 281 281 282 282 283 283 282 282 281 281 282 282 283 283 284 284 285 285 284 284 283 283 284 284 285 285 188 188 286 286 188 188 285 285 188 188 286 286 197 197 287 287 285 285 288 288 283 283 288 288 285 285 288 288 283 283 289 289 281 281 289 289 283 283 276 276 275 275 281 281 277 277 281 281 275 275 281 281 277 277 289 289 290 290 289 289 277 277 289 289 290 290 288 288 291 291 288 288 290 290 288 288 291 291 287 287 201 201 287 287 291 291 287 287 201 201 285 285 199 199 285 285 201 201 285 285 199 199 286 286 198 198 286 286 199 199 286 286 198 198 197 197 176 176 178 178 239 239 292 292 239 239 178 178 239 239 292 292 293 293 294 294 293 293 292 292 293 293 294 294 280 280 158 158 157 157 188 188 194 194 188 188 157 157 188 188 194 194 284 284 260 260 284 284 194 194 284 284 260 260 282 282 258 258 282 282 260 260 282 282 258 258 276 276 255 255 276 276 258 258 276 276 255 255 274 274 252 252 274 274 255 255 274 274 252 252 272 272 250 250 272 272 252 252 272 272 250 250 280 280 242 242 280 280 250 250 280 280 242 242 293 293 246 246 293 293 242 242 293 293 246 246 239 239 245 245 239 239 246 246 239 239 245 245 241 241 228 228 227 227 182 182 295 295 182 182 227 227 182 182 295 295 183 183 237 237 183 183 295 295 183 183 237 237 232 232 238 238 232 232 237 237 232 232 238 238 230 230 171 171 202 202 207 207 204 204 207 207 202 202 207 207 204 204 271 271 296 296 271 271 204 204 271 271 296 296 270 270 297 297 270 270 296 296 270 270 297 297 269 269 298 298 269 269 297 297 269 269 298 298 265 265 299 299 265 265 298 298 265 265 299 299 225 225 300 300 225 225 299 299 225 225 300 300 227 227 301 301 227 227 300 300 227 227 301 301 295 295 302 302 295 295 301 301 295 295 302 302 237 237 177 177 235 235 178 178 303 303 178 178 235 235 178 178 303 303 292 292 304 304 292 292 303 303 292 292 304 304 294 294 305 305 294 294 304 304 294 294 305 305 280 280 306 306 280 280 305 305 280 280 306 306 279 279 307 307 279 279 306 306 279 279 307 307 278 278 235 235 237 237 303 303 302 302 303 303 237 237 303 303 302 302 304 304 301 301 304 304 302 302 304 304 301 301 305 305 300 300 305 305 301 301 305 305 300 300 306 306 299 299 306 306 300 300 306 306 299 299 307 307 298 298 307 307 299 299 307 307 298 298 278 278 297 297 278 278 298 298 278 278 297 297 277 277 296 296 277 277 297 297 277 277 296 296 290 290 204 204 290 290 296 296 290 290 204 204 291 291 164 164 291 291 204 204 291 291 164 164 201 201 163 163 201 201 164 164 201 201 163 163 162 162 308 308 309 309 310 310 311 311 310 310 309 309 310 310 311 311 312 312 311 311 313 313 312 312 314 314 312 312 313 313 312 312 314 314 315 315 316 316 185 185 317 317 220 220 317 317 185 185 317 317 220 220 219 219 318 318 319 319 320 320 321 321 320 320 319 319 322 322 323 323 324 324 325 325 326 326 327 327 315 315 328 328 312 312 329 329 312 312 328 328 312 312 329 329 330 330 322 322 330 330 329 329 330 330 322 322 331 331 324 324 331 331 322 322 332 332 317 317 322 322 333 333 322 322 317 317 322 322 333 333 323 323 334 334 335 335 317 317 336 336 317 317 335 335 317 317 336 336 316 316 308 308 310 310 337 337 338 338 337 337 310 310 337 337 338 338 339 339 340 340 339 339 338 338 339 339 340 340 341 341 342 342 341 341 340 340 341 341 342 342 343 343 343 343 344 344 341 341 345 345 341 341 344 344 341 341 345 345 346 346 347 347 346 346 345 345 346 346 347 347 327 327 348 348 327 327 347 347 327 327 348 348 325 325 321 321 349 349 320 320 327 327 320 320 349 349 320 320 327 327 350 350 326 326 350 350 327 327 351 351 352 352 165 165 353 353 165 165 352 352 165 165 353 353 354 354 355 355 356 356 41 41 357 357 41 41 356 356 358 358 359 359 310 310 360 360 310 310 359 359 355 355 41 41 361 361 26 26 361 361 41 41 361 361 26 26 362 362 360 360 363 363 310 310 364 364 310 310 363 363 310 310 364 364 338 338 365 365 332 332 165 165 366 366 165 165 332 332 165 165 366 366 351 351 365 365 367 367 332 332 368 368 332 332 367 367 332 332 368 368 317 317 369 369 317 317 368 368 317 317 369 369 334 334 26 26 25 25 362 362 165 165 362 362 25 25 362 362 165 165 320 320 354 354 320 320 165 165 320 320 354 354 318 318 358 358 310 310 370 370 371 371 370 370 310 310 370 370 371 371 372 372 372 372 373 373 370 370 374 374 370 370 373 373 370 370 374 374 375 375 376 376 31 31 30 30 30 30 28 28 376 376 34 34 376 376 28 28 376 376 34 34 33 33 375 375 376 376 370 370 41 41 370 370 376 376 370 370 41 41 377 377 357 357 377 377 41 41 33 33 32 32 376 376 37 37 376 376 32 32 376 376 37 37 41 41 378 378 379 379 380 380 381 381 380 380 379 379 380 380 381 381 382 382 378 378 383 383 379 379 384 384 379 379 383 383 379 379 384 384 385 385 386 386 387 387 388 388 389 389 388 388 387 387 388 388 389 389 390 390 386 386 391 391 387 387 392 392 387 387 391 391 387 387 392 392 393 393 389 389 394 394 390 390 395 395 390 390 394 394 390 390 395 395 396 396 397 397 396 396 395 395 396 396 397 397 398 398 399 399 400 400 401 401 402 402 401 401 400 400 402 402 403 403 401 401 404 404 401 401 403 403 401 401 404 404 397 397 405 405 397 397 404 404 397 397 405 405 398 398 406 406 407 407 408 408 408 408 409 409 406 406 410 410 406 406 409 409 406 406 410 410 411 411 411 411 412 412 406 406 413 413 406 406 412 412 406 406 413 413 414 414 399 399 414 414 413 413 414 414 399 399 415 415 401 401 415 415 399 399 415 415 401 401 416 416 417 417 418 418 419 419 419 419 420 420 417 417 421 421 417 417 420 420 417 417 421 421 422 422 423 423 422 422 421 421 422 422 423 423 424 424 425 425 426 426 427 427 424 424 423 423 427 427 428 428 427 427 423 423 427 427 428 428 425 425 426 426 429 429 427 427 430 430 427 427 429 429 427 427 430 430 431 431 431 431 432 432 427 427 433 433 427 427 432 432 427 427 433 433 434 434 434 434 435 435 427 427 436 436 427 427 435 435 427 427 436 436 437 437 437 437 438 438 427 427 439 439 427 427 438 438 427 427 439 439 440 440 441 441 442 442 443 443 427 427 443 443 442 442 443 443 427 427 444 444 440 440 444 444 427 427 445 445 446 446 442 442 447 447 442 442 446 446 442 442 447 447 448 448 448 448 449 449 442 442 450 450 442 442 449 449 442 442 450 450 427 427 451 451 452 452 453 453 454 454 455 455 456 456 457 457 456 456 455 455 456 456 457 457 458 458 459 459 458 458 457 457 458 458 459 459 460 460 461 461 462 462 463 463 463 463 464 464 461 461 465 465 461 461 464 464 461 461 465 465 466 466 467 467 468 468 469 469 470 470 451 451 471 471 472 472 471 471 451 451 470 470 473 473 451 451 474 474 451 451 473 473 451 451 474 474 461 461 475 475 461 461 474 474 461 461 475 475 462 462 476 476 477 477 478 478 479 479 478 478 477 477 453 453 480 480 451 451 481 481 451 451 480 480 451 451 481 481 472 472 482 482 472 472 481 481 472 472 482 482 483 483 484 484 483 483 482 482 483 483 484 484 485 485 465 465 486 486 466 466 487 487 466 466 486 486 466 466 487 487 478 478 488 488 478 478 487 487 478 478 488 488 476 476 489 489 490 490 491 491 492 492 491 491 490 490 491 491 492 492 493 493 494 494 495 495 491 491 496 496 497 497 453 453 485 485 498 498 483 483 499 499 483 483 498 498 483 483 499 499 500 500 501 501 500 500 499 499 500 500 501 501 467 467 502 502 467 467 501 501 467 467 502 502 468 468 479 479 489 489 478 478 491 491 478 478 489 489 478 478 491 491 503 503 455 455 503 503 491 491 503 503 455 455 504 504 454 454 504 504 455 455 469 469 505 505 467 467 506 506 467 467 505 505 467 467 506 506 507 507 508 508 507 507 506 506 507 507 508 508 493 493 493 493 508 508 491 491 509 509 491 491 508 508 491 491 509 509 494 494 495 495 510 510 491 491 511 511 491 491 510 510 491 491 511 511 453 453 512 512 453 453 511 511 453 453 512 512 496 496 497 497 513 513 453 453 514 514 453 453 513 513 453 453 514 514 480 480 515 515 516 516 517 517 518 518 519 519 520 520 521 521 520 520 519 519 520 520 521 521 522 522 523 523 522 522 521 521 522 522 523 523 524 524 525 525 526 526 527 527 528 528 527 527 526 526 527 527 528 528 520 520 529 529 520 520 528 528 520 520 529 529 518 518 525 525 527 527 530 530 531 531 530 530 527 527 530 530 531 531 532 532 532 532 531 531 533 533 534 534 533 533 531 531 533 533 534 534 535 535 536 536 537 537 538 538 539 539 538 538 537 537 538 538 539 539 534 534 540 540 534 534 539 539 534 534 540 540 535 535 536 536 538 538 541 541 457 457 541 541 538 538 541 541 457 457 455 455 515 515 542 542 516 516 543 543 516 516 542 542 516 516 543 543 544 544 517 517 545 545 546 546 546 546 547 547 517 517 548 548 517 517 547 547 517 517 548 548 515 515 549 549 515 515 548 548 515 515 549 549 550 550 551 551 552 552 553 553 554 554 553 553 552 552 553 553 554 554 517 517 555 555 517 517 554 554 517 517 555 555 545 545 553 553 556 556 551 551 557 557 551 551 556 556 551 551 557 557 558 558 559 559 558 558 557 557 558 558 559 559 560 560 561 561 562 562 563 563 564 564 563 563 562 562 561 561 522 522 565 565 524 524 565 565 522 522 565 565 524 524 566 566 460 460 459 459 567 567 568 568 567 567 459 459 567 567 568 568 544 544 569 569 544 544 568 568 544 544 569 569 516 516 570 570 516 516 569 569 516 516 570 570 517 517 571 571 517 517 570 570 517 517 571 571 553 553 572 572 553 553 571 571 553 553 572 572 556 556 563 563 556 556 572 572 556 556 563 563 557 557 564 564 557 557 563 563 557 557 564 564 559 559 561 561 563 563 522 522 572 572 522 522 563 563 522 522 572 572 520 520 571 571 520 520 572 572 520 520 571 571 527 527 570 570 527 527 571 571 527 527 570 570 531 531 569 569 531 531 570 570 531 531 569 569 534 534 568 568 534 534 569 569 534 534 568 568 538 538 459 459 538 538 568 568 538 538 459 459 457 457 573 573 574 574 575 575 576 576 575 575 574 574 575 575 576 576 577 577 575 575 578 578 573 573 579 579 573 573 578 578 573 573 579 579 580 580 102 102 581 581 582 582 583 583 582 582 581 581 582 582 583 583 584 584 583 583 585 585 584 584 586 586 584 584 585 585 584 584 586 586 587 587 587 587 588 588 584 584 589 589 584 584 588 588 584 584 589 589 590 590 591 591 592 592 593 593 591 591 573 573 102 102 580 580 102 102 573 573 102 102 580 580 581 581 591 591 593 593 573 573 594 594 573 573 593 593 573 573 594 594 595 595 595 595 596 596 573 573 597 597 573 573 596 596 573 573 597 597 598 598 598 598 599 599 573 573 600 600 573 573 599 599 573 573 600 600 601 601 601 601 602 602 573 573 603 603 573 573 602 602 573 573 603 603 604 604 604 604 605 605 573 573 606 606 573 573 605 605 573 573 606 606 607 607 608 608 609 609 610 610 611 611 610 610 609 609 610 610 611 611 612 612 613 613 612 612 611 611 612 612 613 613 614 614 614 614 613 613 615 615 616 616 615 615 613 613 615 615 616 616 617 617 584 584 617 617 616 616 617 617 584 584 618 618 590 590 618 618 584 584 618 618 590 590 619 619 620 620 621 621 622 622 622 622 623 623 620 620 624 624 620 620 623 623 620 620 624 624 625 625 625 625 626 626 620 620 627 627 620 620 626 626 620 620 627 627 628 628 629 629 628 628 627 627 628 628 629 629 630 630 631 631 630 630 629 629 630 630 631 631 632 632 633 633 634 634 635 635 636 636 635 635 634 634 635 635 636 636 637 637 631 631 638 638 632 632 639 639 632 632 638 638 632 632 639 639 640 640 641 641 640 640 639 639 640 640 641 641 635 635 642 642 635 635 641 641 635 635 642 642 633 633 637 637 643 643 635 635 644 644 635 635 643 643 635 635 644 644 645 645 644 644 646 646 645 645 647 647 645 645 646 646 645 645 647 647 648 648 648 648 649 649 645 645 650 650 645 645 649 649 645 645 650 650 651 651 651 651 652 652 645 645 653 653 645 645 652 652 645 645 653 653 654 654 655 655 654 654 653 653 654 654 655 655 656 656 656 656 655 655 657 657 658 658 657 657 655 655 657 657 658 658 659 659 659 659 658 658 660 660 661 661 660 660 658 658 660 660 661 661 662 662 663 663 664 664 660 660 663 663 660 660 665 665 662 662 666 666 660 660 667 667 660 660 666 666 660 660 667 667 665 665 610 610 668 668 608 608 669 669 608 608 668 668 608 608 669 669 670 670 671 671 670 670 669 669 670 670 671 671 672 672 673 673 672 672 671 671 672 672 673 673 674 674 660 660 674 674 673 673 674 674 660 660 620 620 664 664 620 620 660 660 620 620 664 664 621 621 675 675 676 676 677 677 678 678 677 677 676 676 645 645 679 679 635 635 680 680 635 635 679 679 635 635 680 680 678 678 681 681 678 678 680 680 678 678 681 681 677 677 682 682 683 683 684 684 685 685 684 684 683 683 684 684 685 685 686 686 687 687 686 686 685 685 686 686 687 687 688 688 689 689 688 688 687 687 688 688 689 689 690 690 690 690 689 689 691 691 692 692 691 691 689 689 691 691 692 692 675 675 693 693 675 675 692 692 675 675 693 693 676 676 694 694 695 695 696 696 697 697 696 696 695 695 696 696 697 697 698 698 699 699 698 698 697 697 698 698 699 699 700 700 701 701 700 700 699 699 700 700 701 701 702 702 682 682 702 702 701 701 702 702 682 682 703 703 684 684 703 703 682 682 704 704 705 705 706 706 707 707 706 706 705 705 706 706 707 707 708 708 709 709 708 708 707 707 696 696 710 710 694 694 711 711 694 694 710 710 694 694 711 711 709 709 712 712 709 709 711 711 709 709 712 712 708 708 713 713 714 714 715 715 706 706 716 716 704 704 717 717 704 704 716 716 704 704 717 717 718 718 719 719 718 718 717 717 718 718 719 719 715 715 720 720 715 715 719 719 715 715 720 720 713 713 670 670 672 672 721 721 620 620 628 628 722 722 723 723 724 724 725 725 726 726 727 727 728 728 74 74 73 73 729 729 584 584 730 730 731 731 100 100 102 102 582 582 584 584 731 731 582 582 100 100 582 582 732 732 733 733 731 731 734 734 735 735 734 734 731 731 734 734 735 735 736 736 733 733 9 9 731 731 737 737 731 731 9 9 731 731 737 737 582 582 738 738 582 582 737 737 582 582 738 738 732 732 81 81 739 739 740 740 84 84 740 740 739 739 740 740 84 84 735 735 86 86 735 735 84 84 735 735 86 86 736 736 70 70 75 75 741 741 77 77 741 741 75 75 741 741 77 77 740 740 79 79 740 740 77 77 740 740 79 79 81 81 729 729 73 73 741 741 71 71 741 741 73 73 741 741 71 71 70 70 742 742 13 13 729 729 743 743 729 729 13 13 729 729 743 743 74 74 19 19 744 744 745 745 68 68 745 745 744 744 745 745 68 68 67 67 16 16 746 746 64 64 745 745 64 64 746 746 64 64 745 745 65 65 67 67 65 65 745 745 747 747 748 748 745 745 749 749 745 745 748 748 745 745 749 749 19 19 750 750 751 751 752 752 753 753 751 751 754 754 750 750 754 754 751 751 754 754 750 750 755 755 755 755 750 750 756 756 757 757 756 756 750 750 756 756 757 757 758 758 759 759 760 760 761 761 762 762 761 761 760 760 761 761 762 762 763 763 764 764 763 763 762 762 759 759 765 765 760 760 766 766 760 760 765 765 760 760 766 766 757 757 767 767 757 757 766 766 757 757 767 767 758 758 764 764 762 762 768 768 769 769 768 768 762 762 768 768 769 769 770 770 771 771 772 772 773 773 774 774 773 773 772 772 773 773 774 774 769 769 775 775 769 769 774 774 769 769 775 775 770 770 771 771 773 773 776 776 777 777 776 776 773 773 776 776 777 777 778 778 635 635 778 778 777 777 778 778 635 635 678 678 630 630 632 632 777 777 640 640 777 777 632 632 777 777 640 640 635 635 620 620 722 722 674 674 613 613 611 611 779 779 609 609 779 779 611 611 670 670 721 721 780 780 752 752 723 723 750 750 725 725 750 750 723 723 750 750 725 725 757 757 781 781 757 757 725 725 757 757 781 781 760 760 782 782 760 760 781 781 760 760 782 782 762 762 783 783 762 762 782 782 762 762 783 783 769 769 784 784 769 769 783 783 769 769 784 784 773 773 785 785 773 773 784 784 773 773 785 785 777 777 722 722 777 777 785 785 777 777 722 722 630 630 628 628 630 630 722 722 724 724 726 726 725 725 728 728 725 725 726 726 725 725 728 728 781 781 786 786 781 781 728 728 781 781 786 786 782 782 787 787 782 782 786 786 782 782 787 787 783 783 788 788 783 783 787 787 783 783 788 788 784 784 789 789 784 784 788 788 784 784 789 789 785 785 790 790 785 785 789 789 785 785 790 790 722 722 721 721 722 722 790 790 722 722 721 721 674 674 672 672 674 674 721 721 727 727 747 747 728 728 745 745 728 728 747 747 728 728 745 745 786 786 746 746 786 786 745 745 786 786 746 746 787 787 791 791 787 787 746 746 787 787 791 791 788 788 792 792 788 788 791 791 788 788 792 792 789 789 793 793 789 789 792 792 789 789 793 793 790 790 794 794 790 790 793 793 790 790 794 794 721 721 779 779 721 721 794 794 721 721 779 779 780 780 609 609 780 780 779 779 16 16 15 15 746 746 742 742 746 746 15 15 746 746 742 742 791 791 729 729 791 791 742 742 791 791 729 729 792 792 741 741 792 792 729 729 792 792 741 741 793 793 740 740 793 793 741 741 793 793 740 740 794 794 735 735 794 794 740 740 794 794 735 735 779 779 731 731 779 779 735 735 779 779 731 731 613 613 730 730 613 613 731 731 795 795 796 796 797 797 709 709 707 707 798 798 799 799 800 800 801 801 802 802 803 803 804 804 775 775 774 774 805 805 806 806 807 807 808 808 809 809 808 808 807 807 699 699 810 810 701 701 811 811 701 701 810 810 701 701 811 811 682 682 812 812 685 685 811 811 683 683 811 811 685 685 811 811 683 683 682 682 693 693 692 692 813 813 689 689 813 813 692 692 813 813 689 689 812 812 687 687 812 812 689 689 812 812 687 687 685 685 814 814 815 815 816 816 770 770 816 816 815 815 770 770 775 775 816 816 805 805 816 816 775 775 816 816 805 805 817 817 818 818 817 817 805 805 817 817 818 818 819 819 820 820 819 819 818 818 819 819 820 820 821 821 822 822 821 821 820 820 678 678 676 676 823 823 693 693 823 823 676 676 823 823 693 693 824 824 813 813 824 824 693 693 824 824 813 813 825 825 826 826 825 825 813 813 774 774 826 826 805 805 813 813 805 805 826 826 805 805 813 813 818 818 812 812 818 818 813 813 818 818 812 812 820 820 811 811 820 820 812 812 820 820 811 811 822 822 810 810 822 822 811 811 796 796 827 827 797 797 828 828 797 797 827 827 797 797 828 828 829 829 830 830 756 756 758 758 831 831 830 830 832 832 833 833 832 832 830 830 834 834 767 767 766 766 828 828 835 835 829 829 836 836 829 829 835 835 829 829 836 836 833 833 837 837 833 833 836 836 833 833 837 837 832 832 838 838 839 839 840 840 841 841 840 840 839 839 766 766 842 842 834 834 843 843 834 834 842 842 834 834 843 843 844 844 845 845 844 844 843 843 844 844 845 845 846 846 847 847 846 846 845 845 846 846 847 847 848 848 849 849 848 848 847 847 848 848 849 849 801 801 850 850 801 801 849 849 801 801 850 850 799 799 851 851 852 852 850 850 853 853 850 850 852 852 850 850 853 853 799 799 806 806 851 851 854 854 850 850 854 854 851 851 854 854 850 850 855 855 849 849 855 855 850 850 855 855 849 849 856 856 847 847 856 856 849 849 856 856 847 847 857 857 845 845 857 857 847 847 857 857 845 845 858 858 843 843 858 858 845 845 858 858 843 843 859 859 842 842 859 859 843 843 859 859 842 842 860 860 714 714 861 861 715 715 862 862 715 715 861 861 705 705 863 863 862 862 718 718 862 862 863 863 862 862 718 718 715 715 864 864 865 865 866 866 862 862 866 866 865 865 866 866 862 862 867 867 861 861 867 867 862 862 864 864 868 868 865 865 869 869 865 865 868 868 865 865 869 869 870 870 869 869 871 871 870 870 872 872 870 870 871 871 870 870 872 872 873 873 874 874 873 873 872 872 873 873 874 874 875 875 697 697 695 695 876 876 694 694 876 876 695 695 694 694 709 709 876 876 798 798 876 876 709 709 876 876 798 798 877 877 878 878 877 877 798 798 877 877 878 878 879 879 880 880 879 879 878 878 879 879 880 880 881 881 882 882 881 881 880 880 881 881 882 882 883 883 840 840 883 883 882 882 883 883 840 840 802 802 841 841 802 802 840 840 802 802 841 841 803 803 707 707 705 705 798 798 862 862 798 798 705 705 798 798 862 862 878 878 865 865 878 878 862 862 878 878 865 865 880 880 870 870 880 880 865 865 880 880 870 870 882 882 873 873 882 882 870 870 882 882 873 873 840 840 875 875 840 840 873 873 840 840 875 875 838 838 756 756 830 830 755 755 831 831 755 755 830 830 755 755 831 831 754 754 884 884 754 754 831 831 754 754 884 884 753 753 766 766 765 765 842 842 759 759 842 842 765 765 842 842 759 759 860 860 885 885 860 860 759 759 860 860 885 885 886 886 886 886 814 814 860 860 816 816 860 860 814 814 860 860 816 816 859 859 817 817 859 859 816 816 859 859 817 817 858 858 819 819 858 858 817 817 858 858 819 819 857 857 821 821 857 857 819 819 800 800 795 795 801 801 797 797 801 801 795 795 801 801 797 797 848 848 829 829 848 848 797 797 848 848 829 829 846 846 833 833 846 846 829 829 846 846 833 833 844 844 830 830 844 844 833 833 844 844 830 830 834 834 758 758 834 834 830 830 834 834 758 758 767 767 699 699 697 697 810 810 876 876 810 810 697 697 810 810 876 876 822 822 877 877 822 822 876 876 822 822 877 877 821 821 879 879 821 821 877 877 821 821 879 879 857 857 881 881 857 857 879 879 857 857 881 881 856 856 883 883 856 856 881 881 856 856 883 883 855 855 802 802 855 855 883 883 855 855 802 802 854 854 804 804 854 854 802 802 854 854 804 804 806 806 887 887 806 806 804 804 806 806 887 887 807 807 888 888 889 889 890 890 891 891 892 892 893 893 894 894 895 895 896 896 897 897 896 896 895 895 898 898 899 899 900 900 901 901 900 900 899 899 902 902 903 903 904 904 902 902 904 904 905 905 904 904 906 906 905 905 907 907 905 905 906 906 905 905 907 907 908 908 907 907 909 909 908 908 910 910 908 908 909 909 908 908 910 910 911 911 912 912 911 911 910 910 911 911 912 912 893 893 913 913 893 893 912 912 893 893 913 913 891 891 897 897 898 898 896 896 900 900 896 896 898 898 896 896 900 900 914 914 892 892 914 914 900 900 914 914 892 892 915 915 891 891 915 915 892 892 902 902 916 916 917 917 918 918 903 903 919 919 902 902 919 919 903 903 919 919 902 902 920 920 917 917 920 920 902 902 916 916 902 902 921 921 905 905 921 921 902 902 921 921 905 905 922 922 922 922 905 905 923 923 908 908 923 923 905 905 923 923 908 908 924 924 924 924 908 908 925 925 911 911 925 925 908 908 925 925 911 911 926 926 926 926 911 911 927 927 893 893 927 927 911 911 927 927 893 893 928 928 892 892 928 928 893 893 928 928 892 892 929 929 929 929 892 892 930 930 900 900 930 930 892 892 930 930 900 900 890 890 901 901 890 890 900 900 890 890 901 901 888 888 931 931 932 932 933 933 932 932 934 934 935 935 936 936 937 937 938 938 939 939 940 940 941 941 942 942 917 917 916 916 943 943 944 944 945 945 946 946 947 947 948 948 928 928 929 929 949 949 889 889 950 950 890 890 951 951 890 890 950 950 890 890 951 951 930 930 950 950 952 952 951 951 953 953 951 951 952 952 951 951 953 953 954 954 955 955 956 956 957 957 958 958 957 957 956 956 959 959 960 960 961 961 962 962 961 961 960 960 963 963 964 964 965 965 966 966 965 965 964 964 966 966 967 967 968 968 969 969 968 968 967 967 968 968 969 969 970 970 971 971 972 972 931 931 972 972 973 973 931 931 974 974 931 931 973 973 931 931 974 974 932 932 975 975 932 932 974 974 932 932 975 975 934 934 946 946 948 948 944 944 943 943 945 945 970 970 948 948 976 976 977 977 978 978 977 977 976 976 940 940 942 942 941 941 916 916 941 941 942 942 941 941 916 916 979 979 916 916 921 921 979 979 922 922 979 979 921 921 979 979 922 922 980 980 922 922 923 923 980 980 924 924 980 980 923 923 980 980 924 924 981 981 925 925 981 981 924 924 926 926 927 927 982 982 983 983 984 984 985 985 929 929 930 930 949 949 951 951 949 949 930 930 949 949 951 951 957 957 954 954 957 957 951 951 957 957 954 954 955 955 986 986 987 987 988 988 989 989 988 988 987 987 988 988 989 989 990 990 927 927 928 928 982 982 949 949 982 982 928 928 982 982 949 949 991 991 957 957 991 991 949 949 991 991 957 957 961 961 958 958 961 961 957 957 961 961 958 958 959 959 992 992 993 993 994 994 995 995 994 994 993 993 925 925 926 926 981 981 982 982 981 981 926 926 981 981 982 982 996 996 991 991 996 996 982 982 996 996 991 991 997 997 961 961 997 997 991 991 997 997 961 961 965 965 962 962 965 965 961 961 965 965 962 962 963 963 998 998 999 999 1000 1000 1001 1001 1000 1000 999 999 1000 1000 1001 1001 1002 1002 944 944 948 948 945 945 977 977 945 945 948 948 945 945 977 977 1003 1003 1004 1004 1003 1003 977 977 1003 1003 1004 1004 1005 1005 1006 1006 1005 1005 1004 1004 1005 1005 1006 1006 1007 1007 1008 1008 1007 1007 1006 1006 1007 1007 1008 1008 1009 1009 1010 1010 1009 1009 1008 1008 1009 1009 1010 1010 1011 1011 994 994 1011 1011 1010 1010 1011 1011 994 994 988 988 995 995 988 988 994 994 988 988 995 995 986 986 966 966 968 968 965 965 1012 1012 965 965 968 968 965 965 1012 1012 997 997 1013 1013 997 997 1012 1012 997 997 1013 1013 996 996 1014 1014 996 996 1013 1013 996 996 1014 1014 981 981 1015 1015 981 981 1014 1014 981 981 1015 1015 980 980 1016 1016 980 980 1015 1015 980 980 1016 1016 979 979 983 983 979 979 1016 1016 979 979 983 983 941 941 985 985 941 941 983 983 941 941 985 985 939 939 937 937 1017 1017 938 938 1018 1018 938 938 1017 1017 938 938 1018 1018 1000 1000 1019 1019 1000 1000 1018 1018 1000 1000 1019 1019 998 998 1020 1020 998 998 1019 1019 998 998 1020 1020 1021 1021 933 933 932 932 1022 1022 935 935 1022 1022 932 932 1022 1022 935 935 938 938 1023 1023 938 938 935 935 938 938 1023 1023 936 936 978 978 971 971 977 977 931 931 977 977 971 971 977 977 931 931 1004 1004 933 933 1004 1004 931 931 1004 1004 933 933 1006 1006 1022 1022 1006 1006 933 933 1006 1006 1022 1022 1008 1008 938 938 1008 1008 1022 1022 1008 1008 938 938 1010 1010 1000 1000 1010 1010 938 938 1010 1010 1000 1000 994 994 1002 1002 994 994 1000 1000 994 994 1002 1002 992 992 970 970 945 945 968 968 1003 1003 968 968 945 945 968 968 1003 1003 1012 1012 1005 1005 1012 1012 1003 1003 1012 1012 1005 1005 1013 1013 1007 1007 1013 1013 1005 1005 1013 1013 1007 1007 1014 1014 1009 1009 1014 1014 1007 1007 1014 1014 1009 1009 1015 1015 1011 1011 1015 1015 1009 1009 1015 1015 1011 1011 1016 1016 988 988 1016 1016 1011 1011 1016 1016 988 988 983 983 990 990 983 983 988 988 983 983 990 990 984 984 1024 1024 1025 1025 1021 1021 1026 1026 1021 1021 1025 1025 1021 1021 1026 1026 998 998 1027 1027 998 998 1026 1026 998 998 1027 1027 999 999 1028 1028 999 999 1027 1027 999 999 1028 1028 1001 1001 1002 1002 1001 1001 1028 1028 1028 1028 1029 1029 1002 1002 1030 1030 1002 1002 1029 1029 1002 1002 1030 1030 992 992 1031 1031 992 992 1030 1030 992 992 1031 1031 993 993 1032 1032 993 993 1031 1031 993 993 1032 1032 995 995 995 995 1032 1032 986 986 1033 1033 986 986 1032 1032 986 986 1033 1033 987 987 1034 1034 987 987 1033 1033 987 987 1034 1034 989 989 1035 1035 989 989 1034 1034 989 989 1035 1035 990 990 1036 1036 990 990 1035 1035 990 990 1036 1036 984 984 984 984 1036 1036 985 985 1037 1037 985 985 1036 1036 985 985 1037 1037 939 939 1038 1038 939 939 1037 1037 939 939 1038 1038 940 940 1039 1039 940 940 1038 1038 940 940 1039 1039 942 942 1040 1040 942 942 1039 1039 942 942 1040 1040 917 917 1041 1041 1042 1042 1043 1043 1044 1044 1043 1043 1042 1042 1043 1043 1044 1044 1045 1045 1046 1046 1045 1045 1044 1044 1045 1045 1046 1046 1047 1047 1048 1048 1047 1047 1046 1046 1047 1047 1048 1048 1049 1049 1050 1050 1051 1051 1052 1052 1053 1053 1052 1052 1051 1051 1052 1052 1053 1053 1054 1054 1048 1048 1055 1055 1049 1049 1056 1056 1049 1049 1055 1055 1049 1049 1056 1056 1053 1053 1057 1057 1053 1053 1056 1056 1053 1053 1057 1057 1054 1054 1058 1058 1059 1059 1060 1060 1061 1061 1062 1062 1063 1063 1060 1060 1059 1059 1064 1064 1065 1065 1066 1066 1059 1059 1067 1067 1059 1059 1066 1066 1059 1059 1067 1067 1064 1064 1061 1061 1063 1063 1068 1068 1065 1065 1059 1059 1063 1063 1069 1069 1063 1063 1059 1059 1063 1063 1069 1069 1068 1068 1070 1070 1071 1071 1072 1072 1073 1073 1072 1072 1071 1071 1070 1070 1072 1072 1074 1074 1075 1075 1074 1074 1072 1072 1074 1074 1075 1075 1060 1060 1076 1076 1060 1060 1075 1075 1060 1060 1076 1076 1058 1058 1071 1071 1077 1077 1073 1073 1078 1078 1073 1073 1077 1077 1073 1073 1078 1078 1079 1079 1080 1080 1079 1079 1078 1078 1079 1079 1080 1080 1081 1081 1082 1082 1081 1081 1080 1080 1081 1081 1082 1082 1083 1083 1084 1084 1083 1083 1082 1082 1083 1083 1084 1084 1085 1085 1086 1086 1085 1085 1084 1084 1087 1087 1088 1088 1089 1089 1090 1090 1089 1089 1088 1088 1089 1089 1090 1090 1091 1091 1086 1086 1092 1092 1085 1085 1093 1093 1085 1085 1092 1092 1085 1085 1093 1093 1094 1094 1087 1087 1094 1094 1093 1093 1094 1094 1087 1087 1095 1095 1089 1089 1095 1095 1087 1087 1096 1096 1097 1097 1098 1098 1099 1099 1100 1100 1101 1101 1102 1102 1103 1103 1104 1104 1105 1105 1106 1106 1107 1107 1108 1108 1107 1107 1106 1106 1107 1107 1108 1108 1109 1109 1110 1110 1111 1111 1112 1112 1113 1113 1112 1112 1111 1111 1114 1114 1115 1115 1116 1116 1117 1117 1116 1116 1115 1115 1116 1116 1117 1117 1118 1118 1119 1119 1120 1120 1117 1117 1121 1121 1117 1117 1120 1120 1117 1117 1121 1121 1118 1118 1122 1122 1123 1123 1124 1124 1125 1125 1126 1126 1127 1127 1128 1128 1129 1129 1125 1125 1128 1128 1125 1125 1130 1130 1130 1130 1125 1125 1131 1131 1127 1127 1131 1131 1125 1125 1131 1131 1127 1127 1132 1132 1133 1133 1132 1132 1127 1127 1132 1132 1133 1133 1134 1134 1134 1134 1133 1133 1135 1135 1136 1136 1135 1135 1133 1133 1135 1135 1136 1136 1137 1137 1138 1138 1139 1139 1140 1140 1139 1139 1138 1138 1141 1141 1141 1141 1138 1138 1142 1142 1143 1143 1142 1142 1138 1138 1142 1142 1143 1143 1144 1144 1145 1145 1146 1146 1147 1147 1148 1148 1147 1147 1146 1146 1149 1149 1150 1150 1148 1148 1151 1151 1148 1148 1150 1150 1148 1148 1151 1151 1147 1147 1152 1152 1147 1147 1151 1151 1147 1147 1152 1152 1144 1144 1144 1144 1143 1143 1147 1147 1153 1153 1147 1147 1143 1143 1147 1147 1153 1153 1154 1154 1155 1155 1156 1156 1157 1157 1158 1158 1157 1157 1156 1156 1157 1157 1158 1158 1159 1159 1160 1160 1161 1161 1162 1162 1163 1163 1164 1164 1165 1165 1164 1164 1163 1163 1166 1166 1167 1167 1166 1166 1163 1163 1166 1166 1167 1167 1168 1168 1169 1169 1170 1170 1171 1171 1172 1172 1171 1171 1170 1170 1171 1171 1172 1172 1167 1167 1173 1173 1167 1167 1172 1172 1167 1167 1173 1173 1168 1168 1169 1169 1171 1171 1174 1174 1175 1175 1174 1174 1171 1171 1174 1174 1175 1175 1176 1176 1176 1176 1175 1175 1177 1177 1178 1178 1177 1177 1175 1175 1177 1177 1178 1178 1179 1179 1180 1180 1181 1181 1182 1182 1183 1183 1182 1182 1181 1181 1107 1107 1184 1184 1185 1185 1186 1186 1185 1185 1184 1184 1187 1187 1188 1188 1109 1109 1189 1189 1109 1109 1188 1188 1109 1109 1189 1189 1107 1107 1190 1190 1107 1107 1189 1189 1107 1107 1190 1190 1184 1184 1191 1191 1192 1192 1193 1193 1194 1194 1193 1193 1192 1192 1193 1193 1194 1194 1195 1195 1196 1196 1195 1195 1194 1194 1195 1195 1196 1196 1197 1197 1124 1124 1191 1191 1198 1198 1193 1193 1198 1198 1191 1191 1198 1198 1193 1193 1199 1199 1195 1195 1199 1199 1193 1193 1199 1199 1195 1195 1200 1200 1197 1197 1200 1200 1195 1195 1200 1200 1197 1197 1201 1201 1202 1202 1096 1096 1203 1203 1098 1098 1203 1203 1096 1096 1203 1203 1098 1098 1204 1204 1205 1205 1204 1204 1098 1098 1113 1113 1105 1105 1112 1112 1107 1107 1112 1112 1105 1105 1112 1112 1107 1107 1206 1206 1185 1185 1206 1206 1107 1107 1206 1206 1185 1185 1181 1181 1186 1186 1181 1181 1185 1185 1181 1181 1186 1186 1183 1183 1207 1207 1110 1110 1208 1208 1112 1112 1208 1208 1110 1110 1208 1208 1112 1112 1209 1209 1206 1206 1209 1209 1112 1112 1209 1209 1206 1206 1204 1204 1181 1181 1204 1204 1206 1206 1204 1204 1181 1181 1203 1203 1180 1180 1203 1203 1181 1181 1203 1203 1180 1180 1202 1202 1210 1210 1115 1115 1104 1104 1114 1114 1104 1104 1115 1115 1104 1104 1114 1114 1102 1102 1211 1211 1212 1212 1154 1154 1213 1213 1154 1154 1212 1212 1154 1154 1213 1213 1147 1147 1214 1214 1147 1147 1213 1213 1147 1147 1214 1214 1145 1145 1156 1156 1211 1211 1158 1158 1154 1154 1158 1158 1211 1211 1158 1158 1154 1154 1215 1215 1153 1153 1215 1215 1154 1154 1215 1215 1153 1153 1216 1216 1143 1143 1216 1216 1153 1153 1216 1216 1143 1143 1217 1217 1138 1138 1217 1217 1143 1143 1217 1217 1138 1138 1136 1136 1140 1140 1136 1136 1138 1138 1136 1136 1140 1140 1137 1137 1126 1126 1122 1122 1127 1127 1124 1124 1127 1127 1122 1122 1127 1127 1124 1124 1133 1133 1198 1198 1133 1133 1124 1124 1133 1133 1198 1198 1136 1136 1199 1199 1136 1136 1198 1198 1136 1136 1199 1199 1217 1217 1200 1200 1217 1217 1199 1199 1217 1217 1200 1200 1216 1216 1201 1201 1216 1216 1200 1200 1216 1216 1201 1201 1215 1215 1218 1218 1215 1215 1201 1201 1215 1215 1218 1218 1158 1158 1100 1100 1160 1160 1101 1101 1162 1162 1101 1101 1160 1160 1101 1101 1162 1162 1219 1219 1220 1220 1219 1219 1162 1162 1219 1219 1220 1220 1221 1221 1222 1222 1221 1221 1220 1220 1221 1221 1222 1222 1223 1223 1224 1224 1223 1223 1222 1222 1223 1223 1224 1224 1205 1205 1225 1225 1205 1205 1224 1224 1205 1205 1225 1225 1204 1204 1210 1210 1204 1204 1225 1225 1204 1204 1210 1210 1209 1209 1104 1104 1209 1209 1210 1210 1209 1209 1104 1104 1208 1208 1103 1103 1208 1208 1104 1104 1208 1208 1103 1103 1207 1207 1097 1097 1179 1179 1098 1098 1178 1178 1098 1098 1179 1179 1098 1098 1178 1178 1205 1205 1175 1175 1205 1205 1178 1178 1205 1205 1175 1175 1223 1223 1171 1171 1223 1223 1175 1175 1223 1223 1171 1171 1221 1221 1167 1167 1221 1221 1171 1171 1221 1221 1167 1167 1219 1219 1163 1163 1219 1219 1167 1167 1219 1219 1163 1163 1101 1101 1165 1165 1101 1101 1163 1163 1101 1101 1165 1165 1099 1099 1123 1123 1119 1119 1124 1124 1117 1117 1124 1124 1119 1119 1124 1124 1117 1117 1191 1191 1115 1115 1191 1191 1117 1117 1191 1191 1115 1115 1192 1192 1210 1210 1192 1192 1115 1115 1192 1192 1210 1210 1194 1194 1225 1225 1194 1194 1210 1210 1194 1194 1225 1225 1196 1196 1224 1224 1196 1196 1225 1225 1196 1196 1224 1224 1197 1197 1222 1222 1197 1197 1224 1224 1197 1197 1222 1222 1201 1201 1220 1220 1201 1201 1222 1222 1201 1201 1220 1220 1218 1218 1162 1162 1218 1218 1220 1220 1218 1218 1162 1162 1158 1158 1161 1161 1158 1158 1162 1162 1158 1158 1161 1161 1159 1159 1152 1152 1151 1151 1226 1226 1141 1141 1226 1226 1227 1227 1140 1140 1228 1228 1229 1229 1230 1230 1231 1231 1232 1232 1233 1233 1232 1232 1231 1231 1232 1232 1233 1233 1234 1234 1235 1235 1234 1234 1233 1233 1236 1236 1237 1237 1238 1238 1239 1239 1238 1238 1237 1237 1238 1238 1239 1239 1240 1240 1241 1241 1240 1240 1239 1239 1240 1240 1241 1241 1235 1235 1242 1242 1235 1235 1241 1241 1235 1235 1242 1242 1234 1234 1141 1141 1142 1142 1226 1226 1144 1144 1226 1226 1142 1142 1226 1226 1144 1144 1152 1152 1230 1230 1243 1243 1231 1231 1244 1244 1231 1231 1243 1243 1231 1231 1244 1244 1149 1149 1226 1226 1149 1149 1244 1244 1149 1149 1226 1226 1150 1150 1151 1151 1150 1150 1226 1226 1140 1140 1139 1139 1228 1228 1141 1141 1228 1228 1139 1139 1228 1228 1141 1141 1245 1245 1227 1227 1245 1245 1141 1141 1246 1246 1247 1247 1248 1248 1249 1249 1248 1248 1247 1247 1248 1248 1249 1249 1229 1229 1250 1250 1229 1229 1249 1249 1229 1229 1250 1250 1140 1140 1251 1251 1246 1246 1252 1252 1252 1252 1253 1253 1254 1254 1255 1255 1254 1254 1253 1253 1255 1255 1256 1256 1254 1254 1257 1257 1254 1254 1256 1256 1254 1254 1257 1257 1238 1238 1258 1258 1238 1238 1257 1257 1238 1238 1258 1258 1236 1236 1259 1259 1260 1260 1261 1261 1262 1262 1261 1261 1260 1260 1261 1261 1262 1262 1252 1252 1263 1263 1252 1252 1262 1262 1252 1252 1263 1263 1251 1251 1248 1248 1264 1264 1246 1246 1265 1265 1246 1246 1264 1264 1246 1246 1265 1265 1252 1252 1266 1266 1252 1252 1265 1265 1252 1252 1266 1266 1253 1253 1267 1267 1268 1268 1269 1269 1270 1270 1271 1271 1272 1272 1273 1273 1274 1274 1275 1275 1276 1276 1277 1277 1278 1278 1279 1279 1280 1280 1281 1281 151 151 1282 1282 189 189 1283 1283 189 189 1282 1282 189 189 1283 1283 190 190 262 262 190 190 1283 1283 262 262 1283 1283 261 261 1284 1284 261 261 1283 1283 261 261 1284 1284 259 259 1285 1285 1286 1286 1287 1287 253 253 1287 1287 1286 1286 253 253 254 254 1287 1287 256 256 1287 1287 254 254 1287 1287 256 256 1284 1284 257 257 1284 1284 256 256 1284 1284 257 257 259 259 1285 1285 1287 1287 1288 1288 1289 1289 1288 1288 1287 1287 1288 1288 1289 1289 244 244 245 245 247 247 1290 1290 1291 1291 1290 1290 247 247 245 245 1290 1290 1292 1292 1293 1293 1292 1292 1290 1290 1292 1292 1293 1293 240 240 240 240 1293 1293 176 176 1294 1294 176 176 1293 1293 176 176 1294 1294 1295 1295 1296 1296 1297 1297 1298 1298 1297 1297 238 238 1298 1298 1299 1299 1298 1298 238 238 1298 1298 1299 1299 1294 1294 1300 1300 1294 1294 1299 1299 1294 1294 1300 1300 1295 1295 1301 1301 1302 1302 1303 1303 1304 1304 1303 1303 1302 1302 1303 1303 1304 1304 1298 1298 233 233 1298 1298 1304 1304 1298 1298 233 233 1296 1296 1305 1305 1306 1306 1298 1298 1307 1307 1298 1298 1306 1306 1298 1298 1307 1307 1303 1303 1308 1308 1309 1309 1310 1310 1311 1311 1310 1310 1309 1309 1312 1312 1313 1313 1314 1314 1315 1315 1314 1314 1313 1313 1314 1314 1315 1315 1316 1316 1317 1317 1318 1318 1319 1319 1320 1320 1319 1319 1318 1318 1321 1321 1276 1276 1322 1322 1278 1278 1322 1322 1276 1276 1322 1322 1278 1278 1323 1323 1324 1324 1323 1323 1278 1278 1323 1323 1324 1324 1325 1325 1326 1326 1327 1327 1324 1324 1328 1328 1324 1324 1327 1327 1324 1324 1328 1328 1325 1325 1329 1329 1330 1330 1331 1331 1332 1332 1331 1331 1330 1330 1331 1331 1332 1332 1326 1326 1333 1333 1326 1326 1332 1332 1326 1326 1333 1333 1327 1327 1329 1329 1331 1331 1334 1334 1335 1335 1334 1334 1331 1331 1334 1334 1335 1335 1336 1336 1336 1336 1335 1335 1337 1337 1338 1338 1337 1337 1335 1335 1337 1337 1338 1338 1339 1339 1340 1340 1341 1341 1342 1342 1343 1343 1342 1342 1341 1341 1342 1342 1343 1343 1338 1338 1344 1344 1338 1338 1343 1343 1338 1338 1344 1344 1339 1339 1345 1345 1340 1340 1346 1346 1342 1342 1346 1346 1340 1340 1346 1346 1342 1342 1347 1347 1348 1348 1347 1347 1342 1342 1291 1291 244 244 1290 1290 1289 1289 1290 1290 244 244 1290 1290 1289 1289 1293 1293 1349 1349 1293 1293 1289 1289 1293 1293 1349 1349 1294 1294 1350 1350 1294 1294 1349 1349 1294 1294 1350 1350 1298 1298 1281 1281 1298 1298 1350 1350 1298 1298 1281 1281 1305 1305 1280 1280 1305 1305 1281 1281 1282 1282 1267 1267 1283 1283 1269 1269 1283 1283 1267 1267 1283 1283 1269 1269 1284 1284 1351 1351 1284 1284 1269 1269 1284 1284 1351 1351 1287 1287 1352 1352 1287 1287 1351 1351 1287 1287 1352 1352 1289 1289 1353 1353 1289 1289 1352 1352 1289 1289 1353 1353 1349 1349 1354 1354 1349 1349 1353 1353 1349 1349 1354 1354 1350 1350 1355 1355 1350 1350 1354 1354 1350 1350 1355 1355 1281 1281 1310 1310 1281 1281 1355 1355 1281 1281 1310 1310 1279 1279 1311 1311 1279 1279 1310 1310 1268 1268 1270 1270 1269 1269 1272 1272 1269 1269 1270 1270 1269 1269 1272 1272 1351 1351 1356 1356 1351 1351 1272 1272 1351 1351 1356 1356 1352 1352 1357 1357 1352 1352 1356 1356 1352 1352 1357 1357 1353 1353 1358 1358 1353 1353 1357 1357 1353 1353 1358 1358 1354 1354 1359 1359 1354 1354 1358 1358 1354 1354 1359 1359 1355 1355 1360 1360 1355 1355 1359 1359 1355 1355 1360 1360 1310 1310 1314 1314 1310 1310 1360 1360 1310 1310 1314 1314 1308 1308 1316 1316 1308 1308 1314 1314 1271 1271 1273 1273 1272 1272 1275 1275 1272 1272 1273 1273 1272 1272 1275 1275 1356 1356 1361 1361 1356 1356 1275 1275 1356 1356 1361 1361 1357 1357 1362 1362 1357 1357 1361 1361 1357 1357 1362 1362 1358 1358 1363 1363 1358 1358 1362 1362 1358 1358 1363 1363 1359 1359 1364 1364 1359 1359 1363 1363 1359 1359 1364 1364 1360 1360 1365 1365 1360 1360 1364 1364 1360 1360 1365 1365 1314 1314 1318 1318 1314 1314 1365 1365 1314 1314 1318 1318 1312 1312 1317 1317 1312 1312 1318 1318 1274 1274 1348 1348 1275 1275 1342 1342 1275 1275 1348 1348 1275 1275 1342 1342 1361 1361 1338 1338 1361 1361 1342 1342 1361 1361 1338 1338 1362 1362 1335 1335 1362 1362 1338 1338 1362 1362 1335 1335 1363 1363 1331 1331 1363 1363 1335 1335 1363 1363 1331 1331 1364 1364 1326 1326 1364 1364 1331 1331 1364 1364 1326 1326 1365 1365 1324 1324 1365 1365 1326 1326 1365 1365 1324 1324 1318 1318 1278 1278 1318 1318 1324 1324 1318 1318 1278 1278 1320 1320 1277 1277 1320 1320 1278 1278 1366 1366 1367 1367 1368 1368 1369 1369 1370 1370 1371 1371 1369 1369 1371 1371 1372 1372 1371 1371 1373 1373 1372 1372 1374 1374 1372 1372 1373 1373 1372 1372 1374 1374 1155 1155 1375 1375 1155 1155 1374 1374 1155 1155 1375 1375 1376 1376 1377 1377 1378 1378 1379 1379 1380 1380 1379 1379 1378 1378 1379 1379 1380 1380 1381 1381 1382 1382 1381 1381 1380 1380 1381 1381 1382 1382 1383 1383 1384 1384 1383 1383 1382 1382 1383 1383 1384 1384 1370 1370 1385 1385 1370 1370 1384 1384 1370 1370 1385 1385 1371 1371 1377 1377 1386 1386 1378 1378 1387 1387 1378 1378 1386 1386 1378 1378 1387 1387 1388 1388 1388 1388 1387 1387 1389 1389 1390 1390 1389 1389 1387 1387 1389 1389 1390 1390 1391 1391 1392 1392 1391 1391 1390 1390 1391 1391 1392 1392 1393 1393 1392 1392 1394 1394 1393 1393 1395 1395 1393 1393 1394 1394 1393 1393 1395 1395 1396 1396 1397 1397 1398 1398 1399 1399 1400 1400 1399 1399 1398 1398 1399 1399 1400 1400 1395 1395 1401 1401 1395 1395 1400 1400 1395 1395 1401 1401 1396 1396 1399 1399 1402 1402 1397 1397 1403 1403 1397 1397 1402 1402 1397 1397 1403 1403 1404 1404 1405 1405 1404 1404 1403 1403 1404 1404 1405 1405 1406 1406 1407 1407 1406 1406 1405 1405 1406 1406 1407 1407 1408 1408 1409 1409 1408 1408 1407 1407 1408 1408 1409 1409 1410 1410 1411 1411 1410 1410 1409 1409 1410 1410 1411 1411 1367 1367 1412 1412 1367 1367 1411 1411 1413 1413 1414 1414 1412 1412 1415 1415 1416 1416 1417 1417 1417 1417 1416 1416 1418 1418 1419 1419 1418 1418 1416 1416 1418 1418 1419 1419 1412 1412 1420 1420 1412 1412 1419 1419 1412 1412 1420 1420 1413 1413 1414 1414 1421 1421 1412 1412 1422 1422 1412 1412 1421 1421 1412 1412 1422 1422 1367 1367 1423 1423 1367 1367 1422 1422 1367 1367 1423 1423 1368 1368 1424 1424 1425 1425 1426 1426 1366 1366 1368 1368 1427 1427 1428 1428 1427 1427 1368 1368 1427 1427 1428 1428 1426 1426 1429 1429 1426 1426 1428 1428 1426 1426 1429 1429 1424 1424 1425 1425 1430 1430 1426 1426 1431 1431 1426 1426 1430 1430 1426 1426 1431 1431 1432 1432 1433 1433 1321 1321 1434 1434 1426 1426 1434 1434 1321 1321 1434 1434 1426 1426 1435 1435 1432 1432 1435 1435 1426 1426 1436 1436 1437 1437 1438 1438 1439 1439 1438 1438 1437 1437 1438 1438 1439 1439 1440 1440 1436 1436 1441 1441 1437 1437 1442 1442 1437 1437 1441 1441 1437 1437 1442 1442 1443 1443 1417 1417 1444 1444 1415 1415 1437 1437 1415 1415 1444 1444 1415 1415 1437 1437 1445 1445 1443 1443 1445 1445 1437 1437 1446 1446 1447 1447 1448 1448 1449 1449 1448 1448 1447 1447 1448 1448 1449 1449 1450 1450 1451 1451 1450 1450 1449 1449 1450 1450 1451 1451 1452 1452 1453 1453 1452 1452 1451 1451 1454 1454 1455 1455 1456 1456 1457 1457 1456 1456 1455 1455 1456 1456 1457 1457 1458 1458 1459 1459 1458 1458 1457 1457 1458 1458 1459 1459 1460 1460 1461 1461 1460 1460 1459 1459 1460 1460 1461 1461 1453 1453 1462 1462 1453 1453 1461 1461 1453 1453 1462 1462 1452 1452 1454 1454 1456 1456 1463 1463 1464 1464 1463 1463 1456 1456 1463 1463 1464 1464 1465 1465 1466 1466 1467 1467 1468 1468 1464 1464 1468 1468 1467 1467 1465 1465 1464 1464 1469 1469 1467 1467 1469 1469 1464 1464 1469 1469 1467 1467 1470 1470 1471 1471 1233 1233 1472 1472 1473 1473 1474 1474 1475 1475 1473 1473 1475 1475 1476 1476 1477 1477 1478 1478 1479 1479 1480 1480 1479 1479 1478 1478 1479 1479 1480 1480 1475 1475 1481 1481 1475 1475 1480 1480 1475 1475 1481 1481 1476 1476 1482 1482 1483 1483 1484 1484 1485 1485 1484 1484 1483 1483 1484 1484 1485 1485 1486 1486 1482 1482 1484 1484 1487 1487 1488 1488 1487 1487 1484 1484 1487 1487 1488 1488 1489 1489 1489 1489 1488 1488 1490 1490 1491 1491 1490 1490 1488 1488 1490 1490 1491 1491 1492 1492 1493 1493 1494 1494 1495 1495 1496 1496 1495 1495 1494 1494 1495 1495 1496 1496 1491 1491 1497 1497 1491 1491 1496 1496 1491 1491 1497 1497 1492 1492 1498 1498 1499 1499 1500 1500 1501 1501 1500 1500 1499 1499 1500 1500 1501 1501 1471 1471 1502 1502 1503 1503 1504 1504 1505 1505 1504 1504 1503 1503 1504 1504 1505 1505 1506 1506 1502 1502 1504 1504 1507 1507 1508 1508 1507 1507 1504 1504 1507 1507 1508 1508 1509 1509 1510 1510 1511 1511 1512 1512 1512 1512 1513 1513 1510 1510 1514 1514 1510 1510 1513 1513 1510 1510 1514 1514 1508 1508 1515 1515 1508 1508 1514 1514 1508 1508 1515 1515 1509 1509 1516 1516 1517 1517 1518 1518 1519 1519 1518 1518 1517 1517 1520 1520 1521 1521 1486 1486 1522 1522 1486 1486 1521 1521 1486 1486 1522 1522 1484 1484 1523 1523 1484 1484 1522 1522 1484 1484 1523 1523 1488 1488 1518 1518 1488 1488 1523 1523 1488 1488 1518 1518 1491 1491 1519 1519 1491 1491 1518 1518 1491 1491 1519 1519 1495 1495 1520 1520 1477 1477 1521 1521 1479 1479 1521 1521 1477 1477 1521 1521 1479 1479 1524 1524 1525 1525 1511 1511 1526 1526 1510 1510 1526 1526 1511 1511 1526 1526 1510 1510 1527 1527 1508 1508 1527 1527 1510 1510 1527 1527 1508 1508 1524 1524 1471 1471 1472 1472 1500 1500 1528 1528 1500 1500 1472 1472 1500 1500 1528 1528 1529 1529 1528 1528 1530 1530 1529 1529 1531 1531 1529 1529 1530 1530 1529 1529 1531 1531 1532 1532 1531 1531 1533 1533 1532 1532 1534 1534 1532 1532 1533 1533 1532 1532 1534 1534 1535 1535 1536 1536 1535 1535 1534 1534 1535 1535 1536 1536 1537 1537 1538 1538 1537 1537 1536 1536 1537 1537 1538 1538 1516 1516 1539 1539 1540 1540 1541 1541 1542 1542 1541 1541 1540 1540 1541 1541 1542 1542 1543 1543 1544 1544 1543 1543 1542 1542 1543 1543 1544 1544 1545 1545 1546 1546 1545 1545 1544 1544 1545 1545 1546 1546 1547 1547 1537 1537 1539 1539 1535 1535 1541 1541 1535 1535 1539 1539 1535 1535 1541 1541 1532 1532 1543 1543 1532 1532 1541 1541 1532 1532 1543 1543 1529 1529 1545 1545 1529 1529 1543 1543 1529 1529 1545 1545 1500 1500 1547 1547 1500 1500 1545 1545 1500 1500 1547 1547 1498 1498 1548 1548 1498 1498 1547 1547 1549 1549 1550 1550 1525 1525 1551 1551 1525 1525 1550 1550 1525 1525 1551 1551 1511 1511 1552 1552 1511 1511 1551 1551 1511 1511 1552 1552 1512 1512 1524 1524 1479 1479 1527 1527 1475 1475 1527 1527 1479 1479 1527 1527 1475 1475 1526 1526 1474 1474 1526 1526 1475 1475 1526 1526 1474 1474 1525 1525 1549 1549 1525 1525 1474 1474 1516 1516 1518 1518 1537 1537 1523 1523 1537 1537 1518 1518 1537 1537 1523 1523 1539 1539 1522 1522 1539 1539 1523 1523 1539 1539 1522 1522 1540 1540 1521 1521 1540 1540 1522 1522 1540 1540 1521 1521 1542 1542 1524 1524 1542 1542 1521 1521 1542 1542 1524 1524 1544 1544 1508 1508 1544 1544 1524 1524 1544 1544 1508 1508 1546 1546 1504 1504 1546 1546 1508 1508 1546 1546 1504 1504 1547 1547 1506 1506 1547 1547 1504 1504 1547 1547 1506 1506 1548 1548 867 867 861 861 1553 1553 809 809 807 807 1554 1554 1555 1555 1554 1554 807 807 1554 1554 1555 1555 1556 1556 1557 1557 1556 1556 1555 1555 1556 1556 1557 1557 1558 1558 1559 1559 1560 1560 1561 1561 1562 1562 1561 1561 1560 1560 1562 1562 1563 1563 1561 1561 1564 1564 1561 1561 1563 1563 1561 1561 1564 1564 1555 1555 1565 1565 1555 1555 1564 1564 1555 1555 1565 1565 1557 1557 1566 1566 1567 1567 1568 1568 1569 1569 1568 1568 1567 1567 1568 1568 1569 1569 1570 1570 1571 1571 1570 1570 1569 1569 1571 1571 1569 1569 1572 1572 1573 1573 1572 1572 1569 1569 1572 1572 1573 1573 1574 1574 1553 1553 1575 1575 1576 1576 1576 1576 1577 1577 1553 1553 1578 1578 1553 1553 1577 1577 1553 1553 1578 1578 1573 1573 1579 1579 1573 1573 1578 1578 1573 1573 1579 1579 1574 1574 1580 1580 1575 1575 1581 1581 1553 1553 1581 1581 1575 1575 1581 1581 1553 1553 1582 1582 861 861 1582 1582 1553 1553 1582 1582 861 861 714 714 869 869 868 868 1573 1573 864 864 1573 1573 868 868 1573 1573 864 864 1553 1553 866 866 1553 1553 864 864 1553 1553 866 866 867 867 869 869 1573 1573 1583 1583 1569 1569 1583 1583 1573 1573 1583 1583 1569 1569 872 872 1584 1584 838 838 1567 1567 875 875 1567 1567 838 838 1567 1567 875 875 1569 1569 1585 1585 1569 1569 875 875 1569 1569 1585 1585 872 872 841 841 1584 1584 1561 1561 1567 1567 1561 1561 1584 1584 1561 1561 1567 1567 1559 1559 1566 1566 1559 1559 1567 1567 807 807 887 887 1555 1555 1586 1586 1555 1555 887 887 1555 1555 1586 1586 1561 1561 1587 1587 1561 1561 1586 1586 1561 1561 1587 1587 841 841 1588 1588 1589 1589 1590 1590 753 753 884 884 1591 1591 831 831 1591 1591 884 884 831 831 832 832 1591 1591 837 837 1591 1591 832 832 1591 1591 837 837 836 836 1592 1592 835 835 1593 1593 1594 1594 1593 1593 835 835 1592 1592 1595 1595 835 835 1596 1596 835 835 1595 1595 835 835 1596 1596 836 836 1597 1597 836 836 1596 1596 836 836 1597 1597 1591 1591 1594 1594 835 835 1598 1598 1599 1599 1598 1598 835 835 1598 1598 1599 1599 1600 1600 827 827 1600 1600 1599 1599 1600 1600 827 827 796 796 799 799 1601 1601 800 800 1600 1600 800 800 1601 1601 800 800 1600 1600 795 795 796 796 795 795 1600 1600 852 852 1602 1602 853 853 1603 1603 853 853 1602 1602 853 853 1603 1603 1604 1604 1604 1604 1605 1605 853 853 1606 1606 853 853 1605 1605 853 853 1606 1606 799 799 1607 1607 799 799 1606 1606 799 799 1607 1607 1608 1608 1608 1608 1609 1609 799 799 1610 1610 799 799 1609 1609 799 799 1610 1610 1601 1601 806 806 808 808 1611 1611 809 809 1611 1611 808 808 806 806 1611 1611 851 851 1612 1612 851 851 1611 1611 851 851 1612 1612 852 852 1549 1549 852 852 1612 1612 852 852 1549 1549 1613 1613 1613 1613 1614 1614 852 852 1615 1615 852 852 1614 1614 852 852 1615 1615 1602 1602 809 809 1554 1554 1611 1611 1556 1556 1611 1611 1554 1554 1611 1611 1556 1556 1616 1616 1558 1558 1616 1616 1556 1556 1616 1616 1558 1558 1617 1617 1618 1618 1617 1617 1558 1558 1617 1617 1618 1618 1619 1619 1620 1620 1619 1619 1618 1618 1620 1620 1621 1621 1619 1619 1622 1622 1619 1619 1621 1621 1619 1619 1622 1622 1623 1623 1624 1624 1623 1623 1622 1622 1623 1623 1624 1624 1625 1625 1626 1626 1625 1625 1624 1624 1626 1626 1624 1624 1627 1627 1628 1628 1627 1627 1624 1624 1627 1627 1628 1628 1589 1589 1629 1629 1589 1589 1628 1628 1589 1589 1629 1629 1590 1590 1630 1630 1631 1631 1632 1632 1588 1588 1590 1590 1633 1633 1634 1634 1633 1633 1590 1590 1633 1633 1634 1634 1635 1635 1636 1636 1635 1635 1634 1634 1635 1635 1636 1636 1632 1632 1637 1637 1632 1632 1636 1636 1632 1632 1637 1637 1630 1630 1638 1638 1639 1639 1640 1640 1640 1640 1641 1641 1638 1638 1642 1642 1638 1638 1641 1641 1638 1638 1642 1642 1643 1643 1631 1631 1644 1644 1632 1632 1638 1638 1632 1632 1644 1644 1632 1632 1638 1638 1645 1645 1643 1643 1645 1645 1638 1638 1639 1639 1646 1646 1640 1640 1647 1647 1640 1640 1646 1646 1640 1640 1647 1647 1648 1648 1649 1649 1648 1648 1647 1647 1648 1648 1649 1649 1650 1650 1651 1651 1650 1650 1649 1649 1650 1650 1651 1651 1652 1652 1651 1651 1653 1653 1654 1654 1654 1654 1655 1655 1651 1651 1656 1656 1651 1651 1655 1655 1651 1651 1656 1656 1652 1652 1653 1653 1651 1651 1657 1657 1658 1658 1657 1657 1651 1651 1657 1657 1658 1658 1659 1659 1660 1660 1661 1661 1662 1662 1663 1663 1662 1662 1661 1661 1662 1662 1663 1663 1664 1664 1665 1665 1666 1666 1662 1662 1667 1667 1662 1662 1666 1666 1662 1662 1667 1667 1660 1660 1659 1659 1668 1668 1657 1657 1667 1667 1657 1657 1668 1668 1657 1657 1667 1667 1669 1669 1666 1666 1669 1669 1667 1667 1670 1670 1632 1632 1671 1671 1672 1672 1673 1673 1674 1674 1675 1675 1676 1676 1677 1677 1645 1645 1643 1643 1678 1678 1679 1679 1680 1680 1681 1681 1682 1682 1683 1683 1617 1617 1684 1684 1617 1617 1683 1683 1617 1617 1684 1684 1616 1616 1685 1685 1686 1686 1687 1687 1680 1680 1687 1687 1686 1686 1688 1688 1689 1689 1690 1690 1691 1691 1690 1690 1689 1689 1692 1692 1693 1693 1694 1694 1692 1692 1694 1694 1695 1695 1693 1693 1692 1692 1696 1696 1697 1697 1696 1696 1692 1692 1696 1696 1697 1697 1698 1698 1699 1699 1700 1700 1697 1697 1701 1701 1697 1697 1700 1700 1697 1697 1701 1701 1698 1698 1680 1680 1686 1686 1681 1681 1702 1702 1681 1681 1686 1686 1681 1681 1702 1702 1703 1703 1704 1704 1703 1703 1702 1702 1703 1703 1704 1704 1705 1705 1705 1705 1706 1706 1703 1703 1707 1707 1703 1703 1706 1706 1703 1703 1707 1707 1708 1708 1707 1707 1709 1709 1708 1708 1710 1710 1708 1708 1709 1709 1708 1708 1710 1710 1699 1699 1711 1711 1699 1699 1710 1710 1699 1699 1711 1711 1700 1700 1712 1712 1713 1713 1714 1714 1715 1715 1714 1714 1713 1713 1632 1632 1645 1645 1671 1671 1678 1678 1671 1671 1645 1645 1671 1671 1678 1678 1716 1716 1717 1717 1716 1716 1678 1678 1716 1716 1717 1717 1718 1718 1719 1719 1718 1718 1717 1717 1718 1718 1719 1719 1720 1720 1721 1721 1720 1720 1719 1719 1722 1722 1723 1723 1724 1724 1725 1725 1724 1724 1723 1723 1724 1724 1725 1725 1726 1726 1675 1675 1726 1726 1725 1725 1726 1726 1675 1675 1727 1727 1728 1728 1729 1729 1730 1730 1731 1731 1730 1730 1729 1729 1730 1730 1731 1731 1732 1732 1733 1733 1728 1728 1734 1734 1735 1735 1734 1734 1728 1728 1736 1736 1732 1732 1727 1727 1731 1731 1727 1727 1732 1732 1727 1727 1731 1731 1726 1726 1729 1729 1726 1726 1731 1731 1726 1726 1729 1729 1724 1724 1728 1728 1724 1724 1729 1729 1724 1724 1728 1728 1722 1722 1733 1733 1722 1722 1728 1728 1722 1722 1733 1733 1737 1737 1675 1675 1677 1677 1727 1727 1738 1738 1727 1727 1677 1677 1727 1727 1738 1738 1736 1736 1739 1739 1736 1736 1738 1738 1736 1736 1739 1739 1740 1740 1741 1741 1742 1742 1743 1743 1744 1744 1743 1743 1742 1742 1743 1743 1744 1744 1745 1745 1746 1746 1741 1741 1747 1747 1743 1743 1747 1747 1741 1741 1747 1747 1743 1743 1748 1748 1745 1745 1748 1748 1743 1743 1656 1656 1655 1655 1749 1749 1654 1654 1749 1749 1655 1655 1749 1749 1654 1654 1750 1750 1653 1653 1750 1750 1654 1654 1750 1750 1653 1653 1751 1751 1642 1642 1641 1641 1739 1739 1640 1640 1739 1739 1641 1641 1739 1739 1640 1640 1740 1740 1752 1752 1740 1740 1640 1640 1740 1740 1752 1752 1650 1650 1650 1650 1753 1753 1746 1746 1666 1666 1754 1754 1669 1669 1742 1742 1669 1669 1754 1754 1669 1669 1742 1742 1751 1751 1741 1741 1751 1751 1742 1742 1751 1751 1741 1741 1750 1750 1746 1746 1750 1750 1741 1741 1750 1750 1746 1746 1749 1749 1753 1753 1749 1749 1746 1746 1749 1749 1753 1753 1656 1656 1755 1755 1756 1756 1742 1742 1757 1757 1742 1742 1756 1756 1742 1742 1757 1757 1744 1744 1758 1758 1744 1744 1757 1757 1744 1744 1758 1758 1759 1759 1650 1650 1746 1746 1740 1740 1747 1747 1740 1740 1746 1746 1740 1740 1747 1747 1736 1736 1748 1748 1736 1736 1747 1747 1736 1736 1748 1748 1732 1732 1745 1745 1732 1732 1748 1748 1732 1732 1745 1745 1730 1730 1744 1744 1730 1730 1745 1745 1730 1730 1744 1744 1728 1728 1759 1759 1728 1728 1744 1744 1728 1728 1759 1759 1735 1735 1643 1643 1642 1642 1678 1678 1739 1739 1678 1678 1642 1642 1678 1678 1739 1739 1717 1717 1738 1738 1717 1717 1739 1739 1717 1717 1738 1738 1719 1719 1677 1677 1719 1719 1738 1738 1719 1719 1677 1677 1721 1721 1676 1676 1721 1721 1677 1677 1760 1760 1761 1761 1762 1762 1763 1763 1762 1762 1761 1761 1762 1762 1763 1763 1764 1764 1763 1763 1765 1765 1764 1764 1766 1766 1764 1764 1765 1765 1764 1764 1766 1766 1767 1767 1617 1617 1768 1768 1682 1682 1767 1767 1682 1682 1768 1768 1682 1682 1767 1767 1769 1769 1766 1766 1769 1769 1767 1767 1617 1617 1619 1619 1768 1768 1623 1623 1768 1768 1619 1619 1768 1768 1623 1623 1625 1625 1238 1238 1672 1672 1770 1770 1674 1674 1770 1770 1672 1672 1770 1770 1674 1674 1771 1771 1772 1772 1771 1771 1674 1674 1773 1773 1774 1774 1775 1775 1776 1776 1777 1777 1778 1778 1779 1779 1778 1778 1777 1777 1780 1780 1781 1781 1782 1782 1783 1783 1782 1782 1781 1781 1783 1783 1760 1760 1782 1782 1762 1762 1782 1782 1760 1760 1782 1782 1762 1762 1784 1784 1764 1764 1784 1784 1762 1762 1784 1784 1764 1764 1785 1785 1767 1767 1785 1785 1764 1764 1785 1785 1767 1767 1786 1786 1768 1768 1786 1786 1767 1767 1786 1786 1768 1768 1787 1787 1625 1625 1787 1787 1768 1768 1787 1787 1625 1625 1626 1626 1788 1788 1789 1789 1790 1790 1791 1791 1790 1790 1789 1789 1694 1694 1792 1792 1695 1695 1793 1793 1695 1695 1792 1792 1695 1695 1793 1793 1794 1794 1715 1715 1688 1688 1714 1714 1690 1690 1714 1714 1688 1688 1714 1714 1690 1690 1795 1795 1796 1796 1795 1795 1690 1690 1795 1795 1796 1796 1797 1797 1798 1798 1797 1797 1796 1796 1797 1797 1798 1798 1799 1799 1800 1800 1799 1799 1798 1798 1799 1799 1800 1800 1801 1801 1802 1802 1801 1801 1800 1800 1801 1801 1802 1802 1803 1803 1804 1804 1803 1803 1802 1802 1803 1803 1804 1804 1805 1805 1806 1806 1805 1805 1804 1804 1805 1805 1806 1806 1807 1807 1790 1790 1807 1807 1806 1806 1807 1807 1790 1790 1773 1773 1791 1791 1773 1773 1790 1790 1773 1773 1791 1791 1774 1774 1691 1691 1679 1679 1690 1690 1681 1681 1690 1690 1679 1679 1690 1690 1681 1681 1796 1796 1703 1703 1796 1796 1681 1681 1796 1796 1703 1703 1798 1798 1708 1708 1798 1798 1703 1703 1798 1798 1708 1708 1800 1800 1699 1699 1800 1800 1708 1708 1800 1800 1699 1699 1802 1802 1697 1697 1802 1802 1699 1699 1802 1802 1697 1697 1804 1804 1692 1692 1804 1804 1697 1697 1804 1804 1692 1692 1806 1806 1695 1695 1806 1806 1692 1692 1806 1806 1695 1695 1790 1790 1794 1794 1790 1790 1695 1695 1790 1790 1794 1794 1788 1788 1779 1779 1780 1780 1778 1778 1782 1782 1778 1778 1780 1780 1778 1778 1782 1782 1808 1808 1784 1784 1808 1808 1782 1782 1808 1808 1784 1784 1809 1809 1785 1785 1809 1809 1784 1784 1809 1809 1785 1785 1810 1810 1786 1786 1810 1810 1785 1785 1810 1810 1786 1786 1811 1811 1787 1787 1811 1811 1786 1786 1811 1811 1787 1787 1812 1812 1666 1666 1665 1665 1754 1754 1813 1813 1754 1754 1665 1665 1754 1754 1813 1813 1742 1742 1814 1814 1742 1742 1813 1813 1742 1742 1814 1814 1755 1755 1626 1626 1627 1627 1787 1787 1589 1589 1787 1787 1627 1627 1787 1787 1589 1589 1812 1812 1588 1588 1812 1812 1589 1589 1812 1812 1588 1588 1633 1633 1673 1673 1776 1776 1674 1674 1778 1778 1674 1674 1776 1776 1674 1674 1778 1778 1815 1815 1808 1808 1815 1815 1778 1778 1815 1815 1808 1808 1816 1816 1809 1809 1816 1816 1808 1808 1816 1816 1809 1809 1720 1720 1810 1810 1720 1720 1809 1809 1720 1720 1810 1810 1718 1718 1811 1811 1718 1718 1810 1810 1718 1718 1811 1811 1716 1716 1812 1812 1716 1716 1811 1811 1716 1716 1812 1812 1671 1671 1633 1633 1671 1671 1812 1812 1671 1671 1633 1633 1670 1670 1737 1737 1712 1712 1722 1722 1714 1714 1722 1722 1712 1712 1722 1722 1714 1714 1723 1723 1795 1795 1723 1723 1714 1714 1723 1723 1795 1795 1725 1725 1797 1797 1725 1725 1795 1795 1725 1725 1797 1797 1675 1675 1799 1799 1675 1675 1797 1797 1675 1675 1799 1799 1676 1676 1801 1801 1676 1676 1799 1799 1676 1676 1801 1801 1721 1721 1803 1803 1721 1721 1801 1801 1721 1721 1803 1803 1720 1720 1805 1805 1720 1720 1803 1803 1720 1720 1805 1805 1816 1816 1807 1807 1816 1816 1805 1805 1816 1816 1807 1807 1815 1815 1773 1773 1815 1815 1807 1807 1815 1815 1773 1773 1674 1674 1775 1775 1674 1674 1773 1773 1674 1674 1775 1775 1772 1772 1817 1817 1818 1818 1819 1819 1820 1820 1821 1821 1822 1822 1823 1823 1824 1824 1825 1825 1826 1826 1827 1827 1824 1824 1828 1828 1829 1829 1830 1830 1831 1831 1832 1832 1833 1833 1834 1834 1835 1835 1836 1836 1837 1837 1838 1838 1839 1839 1840 1840 1841 1841 1842 1842 1843 1843 1844 1844 1845 1845 1664 1664 1843 1843 1846 1846 1845 1845 1846 1846 1843 1843 1846 1846 1845 1845 1847 1847 1848 1848 1847 1847 1845 1845 1849 1849 1850 1850 1851 1851 1852 1852 1851 1851 1850 1850 1851 1851 1852 1852 1853 1853 1854 1854 1853 1853 1852 1852 1853 1853 1854 1854 1848 1848 1855 1855 1848 1848 1854 1854 1848 1848 1855 1855 1847 1847 1849 1849 1851 1851 1856 1856 1857 1857 1856 1856 1851 1851 1856 1856 1857 1857 1858 1858 1859 1859 1858 1858 1857 1857 1858 1858 1859 1859 1860 1860 1860 1860 1859 1859 1861 1861 1862 1862 1861 1861 1859 1859 1861 1861 1862 1862 1863 1863 1863 1863 1862 1862 1864 1864 1865 1865 1864 1864 1862 1862 1864 1864 1865 1865 1866 1866 1867 1867 1866 1866 1865 1865 1866 1866 1867 1867 1868 1868 1841 1841 1840 1840 1867 1867 1869 1869 1867 1867 1840 1840 1867 1867 1869 1869 1868 1868 1870 1870 1871 1871 1842 1842 1872 1872 1842 1842 1871 1871 1842 1842 1872 1872 1840 1840 1873 1873 1874 1874 1870 1870 1875 1875 1870 1870 1874 1874 1870 1870 1875 1875 1871 1871 1876 1876 1877 1877 1873 1873 1878 1878 1873 1873 1877 1877 1873 1873 1878 1878 1874 1874 1879 1879 1880 1880 1881 1881 1882 1882 1881 1881 1880 1880 1881 1881 1882 1882 1876 1876 1883 1883 1876 1876 1882 1882 1876 1876 1883 1883 1877 1877 1884 1884 1885 1885 1886 1886 1887 1887 1886 1886 1885 1885 1886 1886 1887 1887 1879 1879 1888 1888 1879 1879 1887 1887 1879 1879 1888 1888 1880 1880 1884 1884 1889 1889 1890 1890 1813 1813 1890 1890 1889 1889 1890 1890 1813 1813 1665 1665 1891 1891 1756 1756 1892 1892 1755 1755 1892 1892 1756 1756 1892 1892 1755 1755 1889 1889 1814 1814 1889 1889 1755 1755 1889 1889 1814 1814 1813 1813 1891 1891 1892 1892 1893 1893 1894 1894 1893 1893 1892 1892 1893 1893 1894 1894 1759 1759 1759 1759 1894 1894 1735 1735 1895 1895 1735 1735 1894 1894 1735 1735 1895 1895 1896 1896 1897 1897 1898 1898 1895 1895 1733 1733 1895 1895 1898 1898 1895 1895 1733 1733 1896 1896 1899 1899 1900 1900 1897 1897 1712 1712 1897 1897 1900 1900 1897 1897 1712 1712 1898 1898 1901 1901 1902 1902 1903 1903 1688 1688 1903 1903 1902 1902 1903 1903 1688 1688 1899 1899 1904 1904 1899 1899 1688 1688 1899 1899 1904 1904 1900 1900 1901 1901 1903 1903 1679 1679 1905 1905 1679 1679 1903 1903 1679 1679 1905 1905 1680 1680 1680 1680 1905 1905 1906 1906 1907 1907 1906 1906 1905 1905 1906 1906 1907 1907 1685 1685 1908 1908 1909 1909 1910 1910 1911 1911 1910 1910 1909 1909 1910 1910 1911 1911 1912 1912 1826 1826 1824 1824 1913 1913 1827 1827 1914 1914 1824 1824 1915 1915 1824 1824 1914 1914 1824 1824 1915 1915 1825 1825 1825 1825 1916 1916 1823 1823 1917 1917 1823 1823 1916 1916 1823 1823 1917 1917 1918 1918 1917 1917 1919 1919 1918 1918 1920 1920 1918 1918 1919 1919 1918 1918 1920 1920 1921 1921 1922 1922 1921 1921 1920 1920 1921 1921 1922 1922 1821 1821 1923 1923 1821 1821 1922 1922 1821 1821 1923 1923 1822 1822 1822 1822 1924 1924 1820 1820 1925 1925 1820 1820 1924 1924 1820 1820 1925 1925 1926 1926 1925 1925 1927 1927 1926 1926 1928 1928 1926 1926 1927 1927 1926 1926 1928 1928 1929 1929 1928 1928 1930 1930 1929 1929 1931 1931 1929 1929 1930 1930 1929 1929 1931 1931 1932 1932 1933 1933 1932 1932 1931 1931 1932 1932 1933 1933 1818 1818 1934 1934 1818 1818 1933 1933 1818 1818 1934 1934 1819 1819 1819 1819 1935 1935 1817 1817 1936 1936 1817 1817 1935 1935 1817 1817 1936 1936 1937 1937 1936 1936 1938 1938 1937 1937 1939 1939 1937 1937 1938 1938 1937 1937 1939 1939 1940 1940 1941 1941 1942 1942 1943 1943 1939 1939 1944 1944 1940 1940 1945 1945 1940 1940 1944 1944 1940 1940 1945 1945 1943 1943 1946 1946 1943 1943 1945 1945 1943 1943 1946 1946 1941 1941 1844 1844 1837 1837 1845 1845 1839 1839 1845 1845 1837 1837 1845 1845 1839 1839 1848 1848 1947 1947 1848 1848 1839 1839 1848 1848 1947 1947 1853 1853 1948 1948 1853 1853 1947 1947 1853 1853 1948 1948 1851 1851 1949 1949 1851 1851 1948 1948 1851 1851 1949 1949 1857 1857 1950 1950 1857 1857 1949 1949 1857 1857 1950 1950 1859 1859 1951 1951 1859 1859 1950 1950 1859 1859 1951 1951 1862 1862 1952 1952 1862 1862 1951 1951 1862 1862 1952 1952 1865 1865 1953 1953 1865 1865 1952 1952 1865 1865 1953 1953 1867 1867 1954 1954 1867 1867 1953 1953 1867 1867 1954 1954 1841 1841 1955 1955 1841 1841 1954 1954 1841 1841 1955 1955 1842 1842 1956 1956 1842 1842 1955 1955 1842 1842 1956 1956 1870 1870 1957 1957 1870 1870 1956 1956 1870 1870 1957 1957 1873 1873 1958 1958 1873 1873 1957 1957 1873 1873 1958 1958 1876 1876 1959 1959 1876 1876 1958 1958 1876 1876 1959 1959 1881 1881 1960 1960 1881 1881 1959 1959 1881 1881 1960 1960 1879 1879 1961 1961 1879 1879 1960 1960 1879 1879 1961 1961 1886 1886 1962 1962 1886 1886 1961 1961 1838 1838 1834 1834 1839 1839 1836 1836 1839 1839 1834 1834 1839 1839 1836 1836 1947 1947 1963 1963 1947 1947 1836 1836 1947 1947 1963 1963 1948 1948 1964 1964 1948 1948 1963 1963 1948 1948 1964 1964 1949 1949 1965 1965 1949 1949 1964 1964 1949 1949 1965 1965 1950 1950 1966 1966 1950 1950 1965 1965 1950 1950 1966 1966 1951 1951 1967 1967 1951 1951 1966 1966 1951 1951 1967 1967 1952 1952 1968 1968 1952 1952 1967 1967 1952 1952 1968 1968 1953 1953 1969 1969 1953 1953 1968 1968 1953 1953 1969 1969 1954 1954 1970 1970 1954 1954 1969 1969 1954 1954 1970 1970 1955 1955 1971 1971 1955 1955 1970 1970 1955 1955 1971 1971 1956 1956 1972 1972 1956 1956 1971 1971 1956 1956 1972 1972 1957 1957 1973 1973 1957 1957 1972 1972 1957 1957 1973 1973 1958 1958 1974 1974 1958 1958 1973 1973 1958 1958 1974 1974 1959 1959 1975 1975 1959 1959 1974 1974 1959 1959 1975 1975 1960 1960 1976 1976 1960 1960 1975 1975 1960 1960 1976 1976 1961 1961 1977 1977 1961 1961 1976 1976 1961 1961 1977 1977 1962 1962 1978 1978 1962 1962 1977 1977 1835 1835 1979 1979 1836 1836 1980 1980 1836 1836 1979 1979 1836 1836 1980 1980 1963 1963 1981 1981 1963 1963 1980 1980 1963 1963 1981 1981 1964 1964 1982 1982 1964 1964 1981 1981 1964 1964 1982 1982 1965 1965 1983 1983 1965 1965 1982 1982 1965 1965 1983 1983 1966 1966 1984 1984 1966 1966 1983 1983 1966 1966 1984 1984 1967 1967 1985 1985 1967 1967 1984 1984 1967 1967 1985 1985 1968 1968 1986 1986 1968 1968 1985 1985 1968 1968 1986 1986 1969 1969 1987 1987 1969 1969 1986 1986 1969 1969 1987 1987 1970 1970 1988 1988 1970 1970 1987 1987 1970 1970 1988 1988 1971 1971 1989 1989 1971 1971 1988 1988 1971 1971 1989 1989 1972 1972 1990 1990 1972 1972 1989 1989 1972 1972 1990 1990 1973 1973 1991 1991 1973 1973 1990 1990 1973 1973 1991 1991 1974 1974 1992 1992 1974 1974 1991 1991 1974 1974 1992 1992 1975 1975 1993 1993 1975 1975 1992 1992 1975 1975 1993 1993 1976 1976 1994 1994 1976 1976 1993 1993 1976 1976 1994 1994 1977 1977 1995 1995 1977 1977 1994 1994 1977 1977 1995 1995 1978 1978 1996 1996 1978 1978 1995 1995 1979 1979 1908 1908 1980 1980 1910 1910 1980 1980 1908 1908 1980 1980 1910 1910 1981 1981 1997 1997 1981 1981 1910 1910 1981 1981 1997 1997 1982 1982 1998 1998 1982 1982 1997 1997 1982 1982 1998 1998 1983 1983 1999 1999 1983 1983 1998 1998 1983 1983 1999 1999 1984 1984 2000 2000 1984 1984 1999 1999 1984 1984 2000 2000 1985 1985 2001 2001 1985 1985 2000 2000 1985 1985 2001 2001 1986 1986 2002 2002 1986 1986 2001 2001 1986 1986 2002 2002 1987 1987 2003 2003 1987 1987 2002 2002 1987 1987 2003 2003 1988 1988 2004 2004 1988 1988 2003 2003 1988 1988 2004 2004 1989 1989 2005 2005 1989 1989 2004 2004 1989 1989 2005 2005 1990 1990 2006 2006 1990 1990 2005 2005 1990 1990 2006 2006 1991 1991 2007 2007 1991 1991 2006 2006 1991 1991 2007 2007 1992 1992 2008 2008 1992 1992 2007 2007 1992 1992 2008 2008 1993 1993 2009 2009 1993 1993 2008 2008 1993 1993 2009 2009 1994 1994 2010 2010 1994 1994 2009 2009 1994 1994 2010 2010 1995 1995 2011 2011 1995 1995 2010 2010 1995 1995 2011 2011 1996 1996 2012 2012 1996 1996 2011 2011 1912 1912 1831 1831 1910 1910 1833 1833 1910 1910 1831 1831 1910 1910 1833 1833 1997 1997 2013 2013 1997 1997 1833 1833 1997 1997 2013 2013 1998 1998 2014 2014 1998 1998 2013 2013 1998 1998 2014 2014 1999 1999 2015 2015 1999 1999 2014 2014 1999 1999 2015 2015 2000 2000 2016 2016 2000 2000 2015 2015 2000 2000 2016 2016 2001 2001 2017 2017 2001 2001 2016 2016 2001 2001 2017 2017 2002 2002 2018 2018 2002 2002 2017 2017 2002 2002 2018 2018 2003 2003 2019 2019 2003 2003 2018 2018 2003 2003 2019 2019 2004 2004 2020 2020 2004 2004 2019 2019 2004 2004 2020 2020 2005 2005 2021 2021 2005 2005 2020 2020 2005 2005 2021 2021 2006 2006 2022 2022 2006 2006 2021 2021 2006 2006 2022 2022 2007 2007 2023 2023 2007 2007 2022 2022 2007 2007 2023 2023 2008 2008 2024 2024 2008 2008 2023 2023 2008 2008 2024 2024 2009 2009 2025 2025 2009 2009 2024 2024 2009 2009 2025 2025 2010 2010 2026 2026 2010 2010 2025 2025 2010 2010 2026 2026 2011 2011 2027 2027 2011 2011 2026 2026 2011 2011 2027 2027 2012 2012 2028 2028 2012 2012 2027 2027 1832 1832 1828 1828 1833 1833 1830 1830 1833 1833 1828 1828 1833 1833 1830 1830 2013 2013 2029 2029 2013 2013 1830 1830 2013 2013 2029 2029 2014 2014 2030 2030 2014 2014 2029 2029 2014 2014 2030 2030 2015 2015 2031 2031 2015 2015 2030 2030 2015 2015 2031 2031 2016 2016 2032 2032 2016 2016 2031 2031 2016 2016 2032 2032 2017 2017 2033 2033 2017 2017 2032 2032 2017 2017 2033 2033 2018 2018 2034 2034 2018 2018 2033 2033 2018 2018 2034 2034 2019 2019 2035 2035 2019 2019 2034 2034 2019 2019 2035 2035 2020 2020 2036 2036 2020 2020 2035 2035 2020 2020 2036 2036 2021 2021 2037 2037 2021 2021 2036 2036 2021 2021 2037 2037 2022 2022 2038 2038 2022 2022 2037 2037 2022 2022 2038 2038 2023 2023 2039 2039 2023 2023 2038 2038 2023 2023 2039 2039 2024 2024 2040 2040 2024 2024 2039 2039 2024 2024 2040 2040 2025 2025 2041 2041 2025 2025 2040 2040 2025 2025 2041 2041 2026 2026 2042 2042 2026 2026 2041 2041 2026 2026 2042 2042 2027 2027 2043 2043 2027 2027 2042 2042 2027 2027 2043 2043 2028 2028 2044 2044 2028 2028 2043 2043 1829 1829 1913 1913 1830 1830 1824 1824 1830 1830 1913 1913 1830 1830 1824 1824 2029 2029 1823 1823 2029 2029 1824 1824 2029 2029 1823 1823 2030 2030 1918 1918 2030 2030 1823 1823 2030 2030 1918 1918 2031 2031 1921 1921 2031 2031 1918 1918 2031 2031 1921 1921 2032 2032 1821 1821 2032 2032 1921 1921 2032 2032 1821 1821 2033 2033 1820 1820 2033 2033 1821 1821 2033 2033 1820 1820 2034 2034 1926 1926 2034 2034 1820 1820 2034 2034 1926 1926 2035 2035 1929 1929 2035 2035 1926 1926 2035 2035 1929 1929 2036 2036 1932 1932 2036 2036 1929 1929 2036 2036 1932 1932 2037 2037 1818 1818 2037 2037 1932 1932 2037 2037 1818 1818 2038 2038 1817 1817 2038 2038 1818 1818 2038 2038 1817 1817 2039 2039 1937 1937 2039 2039 1817 1817 2039 2039 1937 1937 2040 2040 1940 1940 2040 2040 1937 1937 2040 2040 1940 1940 2041 2041 1943 1943 2041 2041 1940 1940 2041 2041 1943 1943 2042 2042 1942 1942 2042 2042 1943 1943 2042 2042 1942 1942 2043 2043 2045 2045 2043 2043 1942 1942 2043 2043 2045 2045 2044 2044 2046 2046 2044 2044 2045 2045 2047 2047 2048 2048 2046 2046 1941 1941 2049 2049 1942 1942 2050 2050 1942 1942 2049 2049 1942 1942 2050 2050 2045 2045 2051 2051 2045 2045 2050 2050 2045 2045 2051 2051 2046 2046 2052 2052 2046 2046 2051 2051 2046 2046 2052 2052 2047 2047 1884 1884 1886 1886 1889 1889 1962 1962 1889 1889 1886 1886 1889 1889 1962 1962 1892 1892 1978 1978 1892 1892 1962 1962 1892 1892 1978 1978 1894 1894 1996 1996 1894 1894 1978 1978 1894 1894 1996 1996 1895 1895 2012 2012 1895 1895 1996 1996 1895 1895 2012 2012 1897 1897 2028 2028 1897 1897 2012 2012 1897 1897 2028 2028 1899 1899 2044 2044 1899 1899 2028 2028 1899 1899 2044 2044 1903 1903 2046 2046 1903 1903 2044 2044 1903 1903 2046 2046 1905 1905 2048 2048 1905 1905 2046 2046 1905 1905 2048 2048 1907 1907 2053 2053 2054 2054 2055 2055 2056 2056 2055 2055 2054 2054 2055 2055 2056 2056 2057 2057 2058 2058 2057 2057 2056 2056 2057 2057 2058 2058 2059 2059 2060 2060 2061 2061 2062 2062 2063 2063 2062 2062 2061 2061 2062 2062 2063 2063 2064 2064 2059 2059 2058 2058 2065 2065 2066 2066 2065 2065 2058 2058 2065 2065 2066 2066 2067 2067 2068 2068 2069 2069 2070 2070 2067 2067 2070 2070 2069 2069 2070 2070 2067 2067 2062 2062 2066 2066 2062 2062 2067 2067 2062 2062 2066 2066 2060 2060 2071 2071 2072 2072 2073 2073 2074 2074 2073 2073 2072 2072 2075 2075 2076 2076 2077 2077 918 918 2078 2078 2079 2079 2080 2080 2079 2079 2078 2078 2079 2079 2080 2080 2081 2081 2082 2082 2081 2081 2080 2080 2081 2081 2082 2082 2083 2083 2084 2084 2083 2083 2082 2082 2083 2083 2084 2084 2085 2085 2086 2086 2085 2085 2084 2084 2085 2085 2086 2086 2087 2087 2088 2088 2087 2087 2086 2086 2087 2087 2088 2088 2089 2089 2090 2090 2089 2089 2088 2088 2089 2089 2090 2090 2091 2091 2092 2092 2093 2093 2094 2094 2095 2095 2096 2096 2097 2097 2098 2098 2099 2099 2100 2100 2101 2101 2100 2100 2099 2099 2100 2100 2101 2101 2102 2102 2097 2097 2096 2096 2103 2103 2096 2096 2104 2104 2103 2103 2105 2105 2103 2103 2104 2104 2103 2103 2105 2105 2100 2100 2106 2106 2100 2100 2105 2105 2100 2100 2106 2106 2098 2098 2094 2094 2093 2093 2107 2107 2093 2093 2108 2108 2107 2107 2109 2109 2107 2107 2108 2108 2107 2107 2109 2109 2097 2097 2110 2110 2097 2097 2109 2109 2097 2097 2110 2110 2095 2095 2092 2092 2094 2094 2111 2111 2112 2112 2111 2111 2094 2094 2111 2111 2112 2112 2113 2113 2114 2114 2113 2113 2112 2112 2113 2113 2114 2114 2115 2115 2115 2115 2114 2114 2116 2116 2117 2117 2116 2116 2114 2114 2116 2116 2117 2117 2118 2118 2119 2119 2120 2120 2117 2117 2121 2121 2117 2117 2120 2120 2117 2117 2121 2121 2118 2118 2122 2122 2123 2123 2119 2119 2124 2124 2119 2119 2123 2123 2119 2119 2124 2124 2120 2120 2125 2125 2126 2126 2122 2122 2127 2127 2122 2122 2126 2126 2122 2122 2127 2127 2123 2123 2128 2128 2129 2129 2130 2130 2131 2131 2130 2130 2129 2129 2130 2130 2131 2131 2125 2125 2132 2132 2125 2125 2131 2131 2125 2125 2132 2132 2126 2126 2133 2133 2134 2134 2135 2135 2136 2136 2135 2135 2134 2134 2135 2135 2136 2136 2128 2128 2137 2137 2128 2128 2136 2136 2128 2128 2137 2137 2129 2129 2133 2133 2135 2135 2138 2138 2139 2139 2138 2138 2135 2135 2138 2138 2139 2139 2140 2140 2140 2140 2139 2139 2141 2141 2142 2142 2141 2141 2139 2139 2141 2141 2142 2142 2143 2143 2143 2143 2142 2142 2144 2144 2145 2145 2144 2144 2142 2142 2144 2144 2145 2145 2146 2146 2146 2146 2145 2145 2147 2147 2148 2148 2147 2147 2145 2145 2147 2147 2148 2148 2149 2149 2149 2149 2148 2148 2150 2150 2151 2151 2150 2150 2148 2148 2150 2150 2151 2151 2152 2152 2152 2152 2151 2151 2153 2153 2154 2154 2153 2153 2151 2151 2153 2153 2154 2154 2155 2155 2155 2155 2154 2154 2156 2156 2157 2157 2156 2156 2154 2154 2156 2156 2157 2157 2158 2158 2158 2158 2157 2157 2159 2159 2160 2160 2159 2159 2157 2157 2159 2159 2160 2160 2161 2161 2161 2161 2160 2160 2162 2162 2163 2163 2162 2162 2160 2160 2162 2162 2163 2163 2164 2164 2102 2102 2101 2101 2163 2163 2165 2165 2163 2163 2101 2101 2163 2163 2165 2165 2164 2164 2166 2166 2167 2167 2168 2168 2169 2169 2170 2170 2171 2171 2172 2172 2173 2173 2170 2170 2174 2174 2175 2175 2176 2176 2177 2177 2178 2178 2179 2179 2180 2180 2181 2181 2182 2182 2183 2183 2182 2182 2181 2181 2177 2177 2179 2179 2183 2183 2184 2184 2185 2185 2186 2186 2187 2187 2186 2186 2185 2185 2186 2186 2187 2187 2188 2188 2189 2189 2188 2188 2187 2187 2188 2188 2189 2189 2190 2190 2191 2191 2192 2192 2184 2184 2193 2193 2184 2184 2192 2192 2193 2193 2194 2194 2184 2184 2195 2195 2184 2184 2194 2194 2184 2184 2195 2195 2185 2185 2196 2196 2197 2197 2191 2191 2198 2198 2191 2191 2197 2197 2191 2191 2198 2198 2192 2192 2199 2199 2200 2200 2201 2201 2201 2201 2202 2202 2199 2199 2203 2203 2199 2199 2202 2202 2199 2199 2203 2203 2204 2204 2203 2203 2205 2205 2196 2196 2206 2206 2196 2196 2205 2205 2196 2196 2206 2206 2197 2197 2207 2207 2200 2200 2208 2208 2209 2209 2208 2208 2200 2200 2207 2207 2210 2210 2200 2200 2211 2211 2200 2200 2210 2210 2200 2200 2211 2211 2201 2201 2171 2171 2212 2212 2174 2174 2173 2173 2213 2213 2170 2170 2214 2214 2170 2170 2213 2213 2170 2170 2214 2214 2171 2171 2215 2215 2171 2171 2214 2214 2171 2171 2215 2215 2212 2212 2216 2216 2217 2217 2218 2218 2219 2219 2218 2218 2217 2217 2218 2218 2219 2219 2220 2220 2216 2216 2218 2218 2221 2221 2222 2222 2221 2221 2218 2218 2221 2221 2222 2222 2223 2223 2224 2224 2225 2225 2226 2226 2227 2227 2226 2226 2225 2225 2226 2226 2227 2227 2228 2228 2224 2224 2226 2226 2229 2229 2230 2230 2229 2229 2226 2226 2229 2229 2230 2230 2231 2231 2232 2232 2233 2233 2234 2234 2183 2183 2179 2179 2182 2182 2235 2235 2182 2182 2179 2179 2182 2182 2235 2235 2236 2236 2174 2174 2176 2176 2171 2171 2237 2237 2171 2171 2176 2176 2171 2171 2237 2237 2169 2169 2238 2238 2172 2172 2239 2239 2170 2170 2239 2239 2172 2172 2239 2239 2170 2170 2240 2240 2169 2169 2240 2240 2170 2170 2240 2240 2169 2169 2241 2241 2237 2237 2241 2241 2169 2169 2241 2241 2237 2237 2242 2242 2176 2176 2242 2242 2237 2237 2242 2242 2176 2176 2243 2243 2175 2175 2243 2243 2176 2176 2243 2243 2175 2175 2244 2244 2190 2190 2180 2180 2188 2188 2182 2182 2188 2188 2180 2180 2188 2188 2182 2182 2232 2232 2236 2236 2232 2232 2182 2182 2232 2232 2236 2236 2233 2233 2245 2245 2167 2167 2246 2246 2166 2166 2246 2246 2167 2167 2246 2246 2166 2166 2247 2247 2245 2245 2230 2230 2167 2167 2226 2226 2167 2167 2230 2230 2167 2167 2226 2226 2168 2168 2228 2228 2168 2168 2226 2226 2168 2168 2228 2228 2248 2248 2249 2249 2248 2248 2228 2228 2248 2248 2249 2249 2222 2222 2250 2250 2222 2222 2249 2249 2222 2222 2250 2250 2223 2223 2203 2203 2196 2196 2204 2204 2191 2191 2204 2204 2196 2196 2204 2204 2191 2191 2251 2251 2184 2184 2251 2251 2191 2191 2251 2251 2184 2184 2247 2247 2186 2186 2247 2247 2184 2184 2247 2247 2186 2186 2246 2246 2188 2188 2246 2246 2186 2186 2246 2246 2188 2188 2245 2245 2232 2232 2245 2245 2188 2188 2245 2245 2232 2232 2230 2230 2234 2234 2230 2230 2232 2232 2230 2230 2234 2234 2231 2231 2220 2220 2252 2252 2218 2218 2238 2238 2218 2218 2252 2252 2218 2218 2238 2238 2222 2222 2239 2239 2222 2222 2238 2238 2222 2222 2239 2239 2248 2248 2240 2240 2248 2248 2239 2239 2248 2248 2240 2240 2168 2168 2241 2241 2168 2168 2240 2240 2168 2168 2241 2241 2166 2166 2242 2242 2166 2166 2241 2241 2166 2166 2242 2242 2247 2247 2243 2243 2247 2247 2242 2242 2247 2247 2243 2243 2251 2251 2244 2244 2251 2251 2243 2243 2251 2251 2244 2244 2204 2204 2253 2253 2204 2204 2244 2244 2204 2204 2253 2253 2199 2199 2254 2254 2255 2255 2256 2256 2257 2257 2258 2258 2259 2259 2260 2260 2261 2261 2262 2262 2263 2263 2262 2262 2261 2261 2260 2260 2262 2262 2264 2264 2265 2265 2264 2264 2262 2262 2264 2264 2265 2265 2266 2266 2266 2266 2265 2265 2267 2267 2268 2268 2267 2267 2265 2265 2267 2267 2268 2268 2269 2269 2269 2269 2268 2268 2270 2270 2271 2271 2270 2270 2268 2268 2270 2270 2271 2271 2272 2272 2272 2272 2271 2271 2273 2273 2274 2274 2273 2273 2271 2271 2273 2273 2274 2274 2275 2275 2275 2275 2274 2274 2276 2276 2277 2277 2276 2276 2274 2274 2276 2276 2277 2277 2278 2278 2279 2279 2280 2280 2281 2281 2281 2281 2282 2282 2279 2279 2283 2283 2279 2279 2282 2282 2279 2279 2283 2283 2277 2277 2284 2284 2277 2277 2283 2283 2277 2277 2284 2284 2278 2278 2259 2259 2258 2258 2285 2285 2258 2258 2286 2286 2285 2285 2287 2287 2285 2285 2286 2286 2285 2285 2287 2287 2280 2280 2288 2288 2280 2280 2287 2287 2280 2280 2288 2288 2281 2281 2256 2256 2255 2255 2259 2259 2289 2289 2259 2259 2255 2255 2259 2259 2289 2289 2257 2257 2254 2254 2256 2256 2290 2290 2291 2291 2290 2290 2256 2256 2290 2290 2291 2291 2292 2292 2293 2293 2292 2292 2291 2291 2292 2292 2293 2293 2294 2294 2294 2294 2293 2293 2295 2295 2296 2296 2295 2295 2293 2293 2295 2295 2296 2296 2297 2297 2297 2297 2296 2296 2298 2298 2299 2299 2298 2298 2296 2296 2298 2298 2299 2299 2300 2300 2300 2300 2299 2299 2301 2301 2302 2302 2301 2301 2299 2299 2301 2301 2302 2302 2303 2303 2303 2303 2302 2302 2304 2304 2305 2305 2304 2304 2302 2302 2304 2304 2305 2305 2306 2306 2306 2306 2305 2305 2307 2307 2308 2308 2307 2307 2305 2305 2307 2307 2308 2308 2309 2309 2309 2309 2308 2308 2310 2310 2311 2311 2310 2310 2308 2308 2310 2310 2311 2311 2312 2312 2312 2312 2311 2311 2313 2313 2314 2314 2313 2313 2311 2311 2313 2313 2314 2314 2315 2315 2315 2315 2314 2314 2316 2316 2317 2317 2316 2316 2314 2314 2316 2316 2317 2317 2318 2318 2318 2318 2317 2317 2319 2319 2320 2320 2319 2319 2317 2317 2319 2319 2320 2320 2321 2321 2321 2321 2320 2320 2322 2322 2323 2323 2322 2322 2320 2320 2322 2322 2323 2323 2324 2324 2261 2261 2325 2325 2263 2263 2326 2326 2263 2263 2325 2325 2263 2263 2326 2326 2323 2323 2327 2327 2323 2323 2326 2326 2323 2323 2327 2327 2324 2324 2328 2328 2329 2329 2330 2330 2331 2331 2330 2330 2329 2329 2330 2330 2331 2331 2332 2332 2333 2333 2332 2332 2331 2331 2332 2332 2333 2333 2334 2334 2335 2335 2334 2334 2333 2333 2334 2334 2335 2335 2336 2336 2337 2337 2336 2336 2335 2335 2336 2336 2337 2337 2338 2338 2339 2339 2338 2338 2337 2337 2338 2338 2339 2339 2340 2340 2341 2341 2340 2340 2339 2339 2340 2340 2341 2341 2342 2342 2343 2343 2342 2342 2341 2341 2342 2342 2343 2343 2344 2344 2345 2345 2344 2344 2343 2343 2344 2344 2345 2345 2346 2346 2347 2347 2346 2346 2345 2345 2346 2346 2347 2347 2348 2348 2349 2349 2348 2348 2347 2347 2348 2348 2349 2349 2350 2350 2351 2351 2350 2350 2349 2349 2350 2350 2351 2351 2352 2352 2353 2353 2352 2352 2351 2351 2352 2352 2353 2353 2354 2354 2355 2355 2354 2354 2353 2353 2354 2354 2355 2355 2356 2356 2357 2357 2356 2356 2355 2355 2356 2356 2357 2357 2358 2358 2359 2359 2358 2358 2357 2357 2358 2358 2359 2359 2360 2360 2361 2361 2360 2360 2359 2359 2360 2360 2361 2361 2362 2362 2363 2363 2362 2362 2361 2361 2362 2362 2363 2363 2364 2364 2365 2365 2364 2364 2363 2363 2364 2364 2365 2365 2366 2366 2367 2367 2366 2366 2365 2365 2366 2366 2367 2367 2368 2368 2369 2369 2368 2368 2367 2367 2368 2368 2369 2369 2370 2370 2371 2371 2370 2370 2369 2369 2370 2370 2371 2371 2372 2372 2373 2373 2372 2372 2371 2371 2372 2372 2373 2373 2374 2374 2375 2375 2374 2374 2373 2373 2374 2374 2375 2375 2328 2328 2329 2329 2328 2328 2375 2375 2376 2376 2377 2377 2378 2378 2379 2379 2378 2378 2377 2377 2378 2378 2379 2379 2380 2380 2381 2381 2380 2380 2379 2379 2380 2380 2381 2381 2382 2382 2383 2383 2382 2382 2381 2381 2382 2382 2383 2383 2384 2384 2385 2385 2384 2384 2383 2383 2384 2384 2385 2385 2386 2386 2387 2387 2386 2386 2385 2385 2386 2386 2387 2387 2388 2388 2389 2389 2388 2388 2387 2387 2388 2388 2389 2389 1050 1050 2376 2376 2378 2378 2390 2390 2391 2391 2390 2390 2378 2378 2390 2390 2391 2391 2392 2392 2393 2393 2392 2392 2391 2391 2392 2392 2393 2393 2394 2394 2395 2395 2394 2394 2393 2393 2394 2394 2395 2395 2396 2396 2397 2397 2396 2396 2395 2395 2396 2396 2397 2397 2398 2398 2399 2399 2398 2398 2397 2397 2398 2398 2399 2399 719 719 2400 2400 719 719 2399 2399 719 719 2400 2400 2401 2401 2402 2402 2403 2403 2404 2404 2405 2405 2404 2404 2403 2403 2404 2404 2405 2405 2406 2406 2406 2406 2405 2405 2407 2407 2408 2408 2407 2407 2405 2405 2407 2407 2408 2408 2409 2409 2410 2410 2411 2411 2412 2412 2408 2408 2413 2413 2409 2409 2414 2414 2409 2409 2413 2413 2409 2409 2414 2414 2415 2415 2416 2416 2415 2415 2414 2414 2415 2415 2416 2416 2411 2411 2417 2417 2411 2411 2416 2416 2411 2411 2417 2417 2412 2412 2418 2418 2419 2419 2420 2420 2421 2421 2420 2420 2419 2419 2420 2420 2421 2421 2422 2422 2423 2423 2422 2422 2421 2421 2422 2422 2423 2423 2412 2412 2424 2424 2412 2412 2423 2423 2412 2412 2424 2424 2410 2410 2425 2425 2426 2426 2427 2427 2428 2428 2427 2427 2426 2426 2427 2427 2428 2428 2429 2429 2419 2419 2429 2429 2428 2428 2429 2429 2419 2419 2430 2430 2418 2418 2430 2430 2419 2419 451 451 461 461 2431 2431 2432 2432 2431 2431 461 461 2431 2431 2432 2432 2425 2425 2433 2433 2425 2425 2432 2432 2425 2425 2433 2433 2426 2426 2178 2178 2434 2434 2435 2435 2436 2436 2435 2435 2434 2434 2435 2435 2436 2436 2437 2437 2438 2438 2437 2437 2436 2436 2437 2437 2438 2438 2439 2439 2440 2440 2439 2439 2438 2438 2439 2439 2440 2440 2441 2441 2442 2442 2441 2441 2440 2440 2441 2441 2442 2442 2443 2443 2444 2444 2443 2443 2442 2442 2443 2443 2444 2444 2445 2445 2446 2446 2445 2445 2444 2444 2445 2445 2446 2446 2447 2447 2446 2446 2448 2448 2447 2447 2449 2449 2447 2447 2448 2448 2447 2447 2449 2449 2450 2450 2451 2451 2450 2450 2449 2449 2450 2450 2451 2451 2452 2452 2453 2453 2452 2452 2451 2451 2452 2452 2453 2453 2454 2454 2455 2455 2454 2454 2453 2453 2454 2454 2455 2455 2456 2456 2457 2457 2456 2456 2455 2455 2456 2456 2457 2457 2458 2458 2459 2459 2458 2458 2457 2457 2458 2458 2459 2459 2460 2460 2461 2461 2462 2462 2463 2463 2464 2464 2463 2463 2462 2462 2463 2463 2464 2464 2465 2465 2466 2466 2467 2467 2463 2463 2468 2468 2463 2463 2467 2467 2463 2463 2468 2468 2461 2461 2459 2459 2469 2469 2460 2460 2470 2470 2460 2460 2469 2469 2460 2460 2470 2470 2471 2471 2472 2472 2471 2471 2470 2470 2471 2471 2472 2472 2473 2473 2474 2474 2473 2473 2472 2472 2473 2473 2474 2474 2475 2475 2476 2476 2475 2475 2474 2474 2475 2475 2476 2476 2477 2477 2478 2478 2477 2477 2476 2476 2477 2477 2478 2478 2479 2479 2480 2480 2479 2479 2478 2478 2479 2479 2480 2480 2481 2481 2482 2482 2481 2481 2480 2480 2481 2481 2482 2482 2466 2466 2483 2483 2466 2466 2482 2482 2466 2466 2483 2483 2467 2467 2484 2484 2485 2485 2486 2486 2486 2486 2485 2485 2487 2487 2488 2488 2489 2489 2490 2490 2491 2491 2492 2492 2493 2493 2494 2494 2492 2492 2495 2495 2496 2496 2495 2495 2492 2492 455 455 491 491 2497 2497 2495 2495 2497 2497 491 491 2497 2497 2495 2495 2498 2498 2496 2496 2498 2498 2495 2495 2494 2494 2499 2499 2492 2492 2500 2500 2492 2492 2499 2499 2492 2492 2500 2500 2493 2493 2501 2501 2493 2493 2500 2500 2488 2488 2490 2490 2502 2502 2490 2490 2503 2503 2502 2502 2504 2504 2502 2502 2503 2503 2502 2502 2504 2504 2493 2493 2505 2505 2493 2493 2504 2504 2493 2493 2505 2505 2491 2491 2487 2487 2485 2485 2489 2489 2506 2506 2489 2489 2485 2485 2489 2489 2506 2506 2490 2490 2507 2507 2508 2508 2486 2486 2509 2509 2486 2486 2508 2508 2486 2486 2509 2509 2484 2484 2510 2510 2511 2511 2512 2512 2513 2513 2512 2512 2511 2511 2512 2512 2513 2513 2514 2514 2515 2515 2514 2514 2513 2513 2514 2514 2515 2515 2516 2516 2517 2517 2516 2516 2515 2515 2516 2516 2517 2517 2518 2518 2519 2519 2518 2518 2517 2517 2518 2518 2519 2519 2520 2520 2521 2521 2520 2520 2519 2519 2520 2520 2521 2521 2522 2522 2523 2523 2522 2522 2521 2521 2522 2522 2523 2523 2524 2524 2525 2525 2524 2524 2523 2523 2524 2524 2525 2525 2526 2526 2527 2527 2526 2526 2525 2525 2526 2526 2527 2527 2528 2528 2529 2529 2528 2528 2527 2527 2528 2528 2529 2529 2530 2530 2531 2531 2530 2530 2529 2529 2530 2530 2531 2531 2532 2532 2533 2533 2532 2532 2531 2531 2532 2532 2533 2533 2534 2534 2535 2535 2534 2534 2533 2533 2534 2534 2535 2535 2536 2536 2537 2537 2536 2536 2535 2535 2536 2536 2537 2537 2538 2538 2539 2539 2538 2538 2537 2537 2538 2538 2539 2539 2540 2540 2541 2541 2540 2540 2539 2539 2540 2540 2541 2541 2542 2542 2543 2543 2542 2542 2541 2541 2542 2542 2543 2543 2544 2544 2545 2545 2544 2544 2543 2543 2544 2544 2545 2545 2546 2546 2547 2547 2546 2546 2545 2545 2546 2546 2547 2547 2548 2548 2549 2549 2548 2548 2547 2547 2548 2548 2549 2549 2550 2550 2551 2551 2550 2550 2549 2549 2550 2550 2551 2551 2552 2552 2553 2553 2552 2552 2551 2551 2552 2552 2553 2553 2554 2554 2555 2555 2554 2554 2553 2553 2554 2554 2555 2555 2556 2556 2557 2557 2556 2556 2555 2555 2556 2556 2557 2557 2510 2510 2511 2511 2510 2510 2557 2557 1240 1240 2558 2558 2559 2559 2560 2560 2561 2561 2562 2562 1550 1550 2562 2562 2561 2561 2562 2562 1550 1550 2563 2563 1515 1515 2564 2564 2565 2565 2566 2566 2565 2565 2564 2564 2565 2565 2566 2566 2562 2562 1512 1512 2562 2562 2566 2566 2562 2562 1512 1512 2560 2560 2567 2567 2568 2568 2569 2569 2570 2570 2569 2569 2568 2568 2569 2569 2570 2570 1509 1509 2571 2571 1506 1506 2567 2567 1506 1506 1505 1505 2567 2567 2572 2572 2567 2567 1505 1505 2567 2567 2572 2572 2568 2568 2573 2573 2574 2574 2575 2575 2559 2559 2575 2575 2574 2574 2575 2575 2559 2559 2576 2576 2558 2558 1233 1233 2559 2559 1471 1471 2559 2559 1233 1233 2559 2559 1471 1471 2576 2576 1238 1238 1240 1240 1672 1672 2559 2559 1672 1672 1240 1240 1672 1672 2559 2559 1673 1673 1776 1776 1673 1673 2559 2559 1781 1781 1780 1780 2574 2574 2577 2577 2574 2574 1780 1780 2574 2574 2577 2577 2559 2559 1777 1777 2559 2559 2577 2577 2559 2559 1777 1777 1776 1776 2578 2578 1781 1781 2567 2567 2574 2574 2567 2567 1781 1781 2567 2567 2574 2574 2571 2571 2573 2573 2571 2571 2574 2574 2579 2579 2580 2580 2569 2569 1761 1761 2569 2569 2580 2580 2569 2569 1761 1761 2567 2567 1760 1760 2567 2567 1761 1761 2567 2567 1760 1760 2578 2578 2581 2581 2579 2579 2565 2565 2569 2569 2565 2565 2579 2579 2565 2565 2569 2569 1515 1515 1509 1509 1515 1515 2569 2569 2582 2582 2583 2583 2562 2562 2584 2584 2562 2562 2583 2583 2562 2562 2584 2584 2565 2565 2585 2585 2565 2565 2584 2584 2565 2565 2585 2585 2581 2581 1616 1616 2582 2582 1611 1611 2562 2562 1611 1611 2582 2582 1611 1611 2562 2562 1612 1612 2563 2563 1612 1612 2562 2562 2586 2586 2587 2587 2588 2588 2589 2589 2588 2588 2587 2587 2588 2588 2589 2589 2590 2590 2591 2591 2592 2592 2593 2593 2594 2594 2595 2595 2596 2596 2597 2597 2598 2598 2599 2599 2600 2600 2601 2601 2602 2602 2603 2603 2604 2604 2605 2605 2600 2600 2602 2602 2606 2606 1052 1052 1054 1054 2607 2607 2608 2608 2607 2607 1054 1054 2609 2609 2610 2610 2611 2611 2612 2612 2611 2611 2610 2610 2611 2611 2612 2612 2613 2613 2614 2614 2615 2615 2616 2616 2617 2617 2616 2616 2615 2615 2616 2616 2617 2617 2618 2618 2619 2619 2620 2620 2621 2621 2615 2615 2621 2621 2620 2620 2621 2621 2615 2615 2622 2622 2614 2614 2622 2622 2615 2615 2623 2623 2624 2624 2625 2625 2626 2626 2625 2625 2624 2624 2625 2625 2626 2626 2627 2627 2624 2624 2628 2628 2626 2626 2629 2629 2626 2626 2628 2628 2626 2626 2629 2629 2617 2617 2630 2630 2617 2617 2629 2629 2617 2617 2630 2630 2618 2618 1042 1042 2631 2631 1044 1044 2632 2632 1044 1044 2631 2631 2633 2633 2634 2634 2592 2592 2635 2635 2592 2592 2634 2634 2592 2592 2635 2635 2593 2593 2636 2636 2593 2593 2635 2635 2593 2593 2636 2636 2637 2637 2638 2638 2639 2639 2604 2604 2640 2640 2604 2604 2639 2639 2604 2604 2640 2640 2605 2605 2605 2605 2641 2641 2603 2603 2642 2642 2603 2603 2641 2641 2603 2603 2642 2642 2602 2602 2643 2643 2602 2602 2642 2642 2602 2602 2643 2643 2606 2606 2631 2631 2633 2633 2632 2632 2592 2592 2632 2632 2633 2633 2632 2632 2592 2592 2644 2644 2591 2591 2644 2644 2592 2592 2644 2644 2591 2591 2645 2645 1056 1056 2644 2644 1057 1057 2645 2645 1057 1057 2644 2644 1057 1057 2645 2645 1054 1054 1056 1056 1055 1055 2644 2644 1048 1048 2644 2644 1055 1055 2644 2644 1048 1048 2632 2632 1046 1046 2632 2632 1048 1048 2632 2632 1046 1046 1044 1044 2608 2608 1054 1054 2596 2596 2645 2645 2596 2596 1054 1054 2596 2596 2645 2645 2594 2594 2591 2591 2594 2594 2645 2645 2594 2594 2591 2591 2646 2646 2593 2593 2646 2646 2591 2591 2646 2646 2593 2593 2638 2638 2637 2637 2638 2638 2593 2593 2638 2638 2637 2637 2639 2639 2601 2601 2597 2597 2602 2602 2599 2599 2602 2602 2597 2597 2602 2602 2599 2599 2603 2603 2647 2647 2603 2603 2599 2599 2603 2603 2647 2647 2604 2604 2648 2648 2604 2604 2647 2647 2604 2604 2648 2648 2638 2638 2649 2649 2638 2638 2648 2648 2638 2638 2649 2649 2646 2646 2611 2611 2646 2646 2649 2649 2646 2646 2611 2611 2594 2594 2613 2613 2594 2594 2611 2611 2594 2594 2613 2613 2595 2595 2598 2598 2627 2627 2599 2599 2626 2626 2599 2599 2627 2627 2599 2599 2626 2626 2647 2647 2617 2617 2647 2647 2626 2626 2647 2647 2617 2617 2648 2648 2615 2615 2648 2648 2617 2617 2648 2648 2615 2615 2649 2649 2620 2620 2649 2649 2615 2615 2649 2649 2620 2620 2611 2611 2619 2619 2611 2611 2620 2620 2611 2611 2619 2619 2609 2609 2650 2650 2651 2651 2652 2652 2653 2653 2652 2652 2651 2651 2652 2652 2653 2653 2654 2654 2655 2655 2656 2656 2657 2657 2658 2658 2657 2657 2656 2656 2657 2657 2658 2658 2659 2659 2660 2660 2659 2659 2658 2658 2659 2659 2660 2660 2661 2661 2662 2662 2661 2661 2660 2660 2661 2661 2662 2662 2663 2663 2664 2664 2663 2663 2662 2662 2663 2663 2664 2664 2665 2665 2666 2666 2665 2665 2664 2664 2665 2665 2666 2666 2667 2667 2668 2668 2667 2667 2666 2666 2667 2667 2668 2668 2653 2653 2669 2669 2653 2653 2668 2668 2653 2653 2669 2669 2654 2654 2670 2670 2671 2671 2672 2672 2673 2673 2672 2672 2671 2671 2672 2672 2673 2673 2674 2674 2673 2673 2675 2675 2674 2674 2676 2676 2674 2674 2675 2675 2674 2674 2676 2676 2677 2677 2678 2678 2677 2677 2676 2676 2677 2677 2678 2678 2679 2679 2680 2680 2679 2679 2678 2678 2679 2679 2680 2680 2655 2655 2681 2681 2655 2655 2680 2680 2655 2655 2681 2681 2656 2656 2682 2682 2683 2683 2684 2684 2682 2682 2684 2684 2685 2685 2686 2686 2685 2685 2684 2684 2685 2685 2686 2686 2687 2687 2688 2688 2687 2687 2686 2686 2687 2687 2688 2688 2689 2689 2690 2690 2689 2689 2688 2688 2689 2689 2690 2690 2691 2691 2692 2692 2691 2691 2690 2690 2691 2691 2692 2692 2693 2693 2694 2694 2693 2693 2692 2692 2693 2693 2694 2694 2670 2670 2695 2695 2670 2670 2694 2694 2670 2670 2695 2695 2671 2671 2683 2683 2682 2682 2696 2696 2697 2697 2696 2696 2682 2682 2696 2696 2697 2697 2698 2698 2697 2697 2699 2699 2698 2698 2700 2700 2698 2698 2699 2699 2698 2698 2700 2700 2701 2701 2702 2702 2701 2701 2700 2700 2701 2701 2702 2702 2703 2703 2704 2704 2703 2703 2702 2702 2703 2703 2704 2704 2705 2705 2706 2706 2705 2705 2704 2704 2705 2705 2706 2706 2707 2707 2708 2708 2707 2707 2706 2706 2707 2707 2708 2708 2709 2709 2710 2710 2709 2709 2708 2708 2709 2709 2710 2710 2711 2711 2712 2712 2711 2711 2710 2710 2710 2710 2713 2713 2712 2712 2714 2714 2712 2712 2713 2713 2712 2712 2714 2714 2715 2715 2716 2716 2715 2715 2714 2714 2715 2715 2716 2716 2717 2717 2717 2717 2716 2716 2718 2718 2719 2719 2718 2718 2716 2716 2718 2718 2719 2719 2720 2720 2719 2719 2721 2721 2720 2720 2722 2722 2720 2720 2721 2721 2720 2720 2722 2722 2723 2723 2724 2724 2723 2723 2722 2722 2723 2723 2724 2724 2725 2725 2726 2726 2725 2725 2724 2724 2725 2725 2726 2726 2727 2727 2728 2728 2727 2727 2726 2726 2727 2727 2728 2728 2729 2729 2730 2730 2729 2729 2728 2728 2731 2731 2732 2732 2733 2733 2734 2734 2733 2733 2732 2732 2733 2733 2734 2734 2735 2735 2736 2736 2735 2735 2734 2734 2735 2735 2736 2736 2737 2737 2738 2738 2737 2737 2736 2736 2737 2737 2738 2738 2739 2739 2740 2740 2739 2739 2738 2738 2739 2739 2740 2740 2730 2730 2741 2741 2730 2730 2740 2740 2730 2730 2741 2741 2729 2729 2742 2742 2743 2743 2744 2744 2745 2745 2744 2744 2743 2743 2744 2744 2745 2745 2746 2746 2747 2747 2746 2746 2745 2745 2746 2746 2747 2747 2731 2731 2748 2748 2731 2731 2747 2747 2731 2731 2748 2748 2732 2732 2749 2749 2750 2750 2751 2751 2749 2749 2751 2751 2752 2752 2753 2753 2752 2752 2751 2751 2752 2752 2753 2753 2754 2754 2755 2755 2754 2754 2753 2753 2754 2754 2755 2755 2742 2742 2756 2756 2742 2742 2755 2755 2742 2742 2756 2756 2743 2743 2750 2750 2749 2749 2757 2757 2758 2758 2757 2757 2749 2749 2757 2757 2758 2758 2759 2759 2760 2760 2759 2759 2758 2758 2759 2759 2760 2760 2761 2761 2762 2762 2761 2761 2760 2760 2761 2761 2762 2762 2763 2763 2763 2763 2762 2762 2764 2764 2765 2765 2764 2764 2762 2762 2764 2764 2765 2765 2766 2766 2767 2767 2768 2768 2769 2769 2770 2770 2769 2769 2768 2768 2765 2765 2771 2771 2766 2766 2772 2772 2766 2766 2771 2771 2766 2766 2772 2772 2773 2773 2767 2767 2773 2773 2772 2772 2773 2773 2767 2767 2774 2774 2769 2769 2774 2774 2767 2767 2770 2770 2768 2768 2775 2775 2776 2776 2775 2775 2768 2768 2775 2775 2776 2776 2777 2777 2778 2778 2779 2779 2780 2780 2781 2781 2780 2780 2779 2779 2780 2780 2781 2781 2782 2782 2783 2783 2782 2782 2781 2781 2782 2782 2783 2783 2784 2784 2785 2785 2784 2784 2783 2783 2784 2784 2785 2785 2786 2786 2787 2787 2786 2786 2785 2785 2786 2786 2787 2787 2788 2788 2789 2789 2788 2788 2787 2787 2788 2788 2789 2789 2790 2790 2791 2791 2790 2790 2789 2789 2790 2790 2791 2791 2792 2792 2793 2793 2792 2792 2791 2791 2792 2792 2793 2793 2794 2794 2795 2795 2794 2794 2793 2793 2794 2794 2795 2795 2796 2796 2797 2797 2796 2796 2795 2795 2796 2796 2797 2797 2798 2798 2799 2799 2798 2798 2797 2797 2798 2798 2799 2799 2800 2800 2801 2801 2800 2800 2799 2799 2800 2800 2801 2801 2802 2802 2803 2803 2802 2802 2801 2801 2802 2802 2803 2803 2804 2804 2805 2805 2804 2804 2803 2803 2804 2804 2805 2805 2806 2806 2807 2807 2806 2806 2805 2805 2806 2806 2807 2807 2808 2808 2809 2809 2808 2808 2807 2807 2808 2808 2809 2809 2810 2810 2811 2811 2810 2810 2809 2809 2810 2810 2811 2811 2812 2812 2813 2813 2812 2812 2811 2811 2812 2812 2813 2813 2814 2814 2815 2815 2814 2814 2813 2813 2814 2814 2815 2815 2816 2816 2817 2817 2816 2816 2815 2815 2816 2816 2817 2817 2818 2818 2819 2819 2818 2818 2817 2817 2818 2818 2819 2819 2820 2820 2821 2821 2820 2820 2819 2819 2820 2820 2821 2821 2822 2822 2823 2823 2822 2822 2821 2821 2822 2822 2823 2823 2824 2824 2825 2825 2824 2824 2823 2823 2824 2824 2825 2825 2778 2778 2779 2779 2778 2778 2825 2825 2826 2826 2827 2827 2828 2828 2829 2829 2828 2828 2827 2827 2828 2828 2829 2829 2830 2830 2831 2831 2830 2830 2829 2829 2830 2830 2831 2831 2832 2832 2833 2833 2832 2832 2831 2831 2832 2832 2833 2833 2834 2834 2835 2835 2834 2834 2833 2833 2834 2834 2835 2835 2836 2836 2837 2837 2836 2836 2835 2835 2836 2836 2837 2837 2838 2838 2839 2839 2838 2838 2837 2837 2838 2838 2839 2839 2840 2840 2841 2841 2840 2840 2839 2839 2840 2840 2841 2841 2842 2842 2843 2843 2842 2842 2841 2841 2842 2842 2843 2843 2844 2844 2845 2845 2844 2844 2843 2843 2844 2844 2845 2845 2846 2846 2847 2847 2846 2846 2845 2845 2846 2846 2847 2847 2848 2848 2849 2849 2848 2848 2847 2847 2848 2848 2849 2849 2850 2850 2851 2851 2850 2850 2849 2849 2850 2850 2851 2851 2852 2852 2853 2853 2852 2852 2851 2851 2852 2852 2853 2853 2854 2854 2855 2855 2854 2854 2853 2853 2854 2854 2855 2855 2856 2856 2857 2857 2856 2856 2855 2855 2856 2856 2857 2857 2858 2858 2859 2859 2858 2858 2857 2857 2858 2858 2859 2859 2860 2860 2861 2861 2860 2860 2859 2859 2860 2860 2861 2861 2862 2862 2863 2863 2862 2862 2861 2861 2862 2862 2863 2863 2864 2864 2865 2865 2864 2864 2863 2863 2864 2864 2865 2865 2866 2866 2867 2867 2866 2866 2865 2865 2866 2866 2867 2867 2868 2868 2869 2869 2868 2868 2867 2867 2868 2868 2869 2869 2870 2870 2871 2871 2870 2870 2869 2869 2870 2870 2871 2871 2872 2872 2873 2873 2872 2872 2871 2871 2872 2872 2873 2873 2826 2826 2827 2827 2826 2826 2873 2873 2874 2874 2875 2875 2876 2876 2877 2877 2876 2876 2875 2875 2876 2876 2877 2877 2878 2878 2879 2879 2878 2878 2877 2877 2878 2878 2879 2879 2880 2880 2881 2881 2880 2880 2879 2879 2880 2880 2881 2881 2882 2882 2883 2883 2882 2882 2881 2881 2882 2882 2883 2883 2884 2884 2885 2885 2884 2884 2883 2883 2884 2884 2885 2885 2886 2886 2887 2887 2886 2886 2885 2885 2886 2886 2887 2887 2888 2888 2889 2889 2888 2888 2887 2887 2888 2888 2889 2889 2890 2890 2891 2891 2890 2890 2889 2889 2890 2890 2891 2891 2892 2892 2893 2893 2892 2892 2891 2891 2892 2892 2893 2893 2894 2894 2895 2895 2894 2894 2893 2893 2894 2894 2895 2895 2896 2896 2897 2897 2896 2896 2895 2895 2896 2896 2897 2897 2898 2898 2899 2899 2898 2898 2897 2897 2898 2898 2899 2899 2900 2900 2901 2901 2900 2900 2899 2899 2900 2900 2901 2901 2902 2902 2903 2903 2902 2902 2901 2901 2902 2902 2903 2903 2904 2904 2905 2905 2904 2904 2903 2903 2904 2904 2905 2905 2906 2906 2907 2907 2906 2906 2905 2905 2906 2906 2907 2907 2908 2908 2909 2909 2908 2908 2907 2907 2908 2908 2909 2909 2910 2910 2911 2911 2910 2910 2909 2909 2910 2910 2911 2911 2912 2912 2913 2913 2912 2912 2911 2911 2912 2912 2913 2913 2914 2914 2915 2915 2914 2914 2913 2913 2914 2914 2915 2915 2916 2916 2917 2917 2916 2916 2915 2915 2916 2916 2917 2917 2918 2918 2919 2919 2918 2918 2917 2917 2918 2918 2919 2919 2920 2920 2921 2921 2920 2920 2919 2919 2920 2920 2921 2921 2874 2874 2875 2875 2874 2874 2921 2921 2922 2922 2923 2923 2924 2924 1321 1321 1433 1433 2925 2925 1321 1321 2925 2925 1276 1276 2926 2926 1276 1276 2925 2925 1276 1276 2926 2926 1277 1277 2927 2927 1277 1277 2926 2926 1277 1277 2927 2927 1320 1320 2928 2928 1320 1320 2927 2927 1320 1320 2928 2928 2929 2929 2929 2929 2930 2930 1320 1320 2931 2931 1320 1320 2930 2930 1320 1320 2931 2931 2932 2932 2932 2932 2933 2933 1320 1320 2934 2934 1320 1320 2933 2933 1320 1320 2934 2934 2935 2935 2935 2935 2936 2936 1320 1320 2937 2937 1320 1320 2936 2936 1320 1320 2937 2937 2938 2938 2937 2937 2939 2939 2938 2938 2940 2940 2938 2938 2939 2939 2938 2938 2940 2940 2941 2941 2941 2941 2942 2942 2938 2938 2943 2943 2938 2938 2942 2942 2938 2938 2943 2943 2944 2944 2944 2944 2945 2945 2938 2938 2946 2946 2938 2938 2945 2945 2938 2938 2946 2946 2947 2947 2948 2948 2947 2947 2946 2946 1440 1440 1439 1439 2949 2949 2948 2948 2949 2949 1439 1439 2949 2949 2948 2948 2950 2950 2946 2946 2950 2950 2948 2948 2951 2951 2952 2952 2953 2953 2954 2954 2953 2953 2952 2952 2953 2953 2954 2954 2955 2955 2953 2953 1312 1312 2951 2951 1317 1317 2951 2951 1312 1312 2951 2951 1317 1317 2938 2938 1319 1319 2938 2938 1317 1317 2938 2938 1319 1319 1320 1320 2924 2924 2923 2923 2956 2956 2957 2957 2956 2956 2923 2923 2956 2956 2957 2957 2958 2958 2958 2958 2957 2957 2959 2959 2960 2960 2959 2959 2957 2957 2959 2959 2960 2960 2961 2961 2962 2962 2961 2961 2960 2960 2961 2961 2962 2962 2955 2955 2963 2963 2955 2955 2962 2962 2955 2955 2963 2963 2953 2953 2922 2922 2924 2924 2964 2964 2965 2965 2964 2964 2924 2924 2964 2964 2965 2965 1305 1305 2966 2966 1305 1305 2965 2965 1305 1305 2966 2966 1306 1306 2967 2967 2968 2968 2969 2969 2970 2970 2969 2969 2968 2968 2967 2967 2971 2971 2968 2968 2972 2972 2968 2968 2971 2971 2968 2968 2972 2972 2973 2973 2973 2973 2974 2974 2968 2968 2975 2975 2968 2968 2974 2974 2968 2968 2975 2975 2976 2976 2976 2976 2977 2977 2968 2968 2978 2978 2968 2968 2977 2977 2968 2968 2978 2978 2979 2979 2980 2980 180 180 2981 2981 1303 1303 2981 2981 180 180 2981 2981 1303 1303 2982 2982 1307 1307 2982 2982 1303 1303 2982 2982 1307 1307 2983 2983 1306 1306 2983 2983 1307 1307 2983 2983 1306 1306 2984 2984 2966 2966 2984 2984 1306 1306 2980 2980 2209 2209 180 180 2985 2985 180 180 2209 2209 180 180 2985 2985 2986 2986 2986 2986 2987 2987 180 180 2988 2988 180 180 2987 2987 180 180 2988 2988 2989 2989 2989 2989 2990 2990 180 180 2991 2991 180 180 2990 2990 180 180 2991 2991 2992 2992 2979 2979 2993 2993 2968 2968 180 180 2968 2968 2993 2993 2968 2968 180 180 2994 2994 2992 2992 2994 2994 180 180 2995 2995 2996 2996 2997 2997 2998 2998 2997 2997 2996 2996 2997 2997 2998 2998 2999 2999 3000 3000 2999 2999 2998 2998 2999 2999 3000 3000 3001 3001 3002 3002 3001 3001 3000 3000 3001 3001 3002 3002 3003 3003 3004 3004 3003 3003 3002 3002 3003 3003 3004 3004 3005 3005 3006 3006 3005 3005 3004 3004 3005 3005 3006 3006 3007 3007 3006 3006 3008 3008 3007 3007 3009 3009 3007 3007 3008 3008 3007 3007 3009 3009 3010 3010 3011 3011 3010 3010 3009 3009 3010 3010 3011 3011 3012 3012 3013 3013 3012 3012 3011 3011 3012 3012 3013 3013 3014 3014 3015 3015 3014 3014 3013 3013 3014 3014 3015 3015 3016 3016 3017 3017 3016 3016 3015 3015 3016 3016 3017 3017 3018 3018 3019 3019 3018 3018 3017 3017 3018 3018 3019 3019 3020 3020 3021 3021 3020 3020 3019 3019 3020 3020 3021 3021 3022 3022 3023 3023 3022 3022 3021 3021 3022 3022 3023 3023 3024 3024 3025 3025 3024 3024 3023 3023 3024 3024 3025 3025 3026 3026 3027 3027 3026 3026 3025 3025 3026 3026 3027 3027 3028 3028 3029 3029 3028 3028 3027 3027 3028 3028 3029 3029 3030 3030 3031 3031 3030 3030 3029 3029 3030 3030 3031 3031 3032 3032 3033 3033 3032 3032 3031 3031 3032 3032 3033 3033 3034 3034 3035 3035 3034 3034 3033 3033 3034 3034 3035 3035 3036 3036 3037 3037 3036 3036 3035 3035 3036 3036 3037 3037 3038 3038 3039 3039 3038 3038 3037 3037 3038 3038 3039 3039 3040 3040 3041 3041 3040 3040 3039 3039 3040 3040 3041 3041 3042 3042 3043 3043 3042 3042 3041 3041 3042 3042 3043 3043 2995 2995 3044 3044 2995 2995 3043 3043 2995 2995 3044 3044 2996 2996 3045 3045 3046 3046 3047 3047 3048 3048 3049 3049 3050 3050 3051 3051 3052 3052 3053 3053 3054 3054 3055 3055 3056 3056 3057 3057 3058 3058 3059 3059 3060 3060 3061 3061 3062 3062 3063 3063 3064 3064 3065 3065 3066 3066 3067 3067 3068 3068 3069 3069 3070 3070 3071 3071 3072 3072 3073 3073 3074 3074 3075 3075 3074 3074 3073 3073 3069 3069 3071 3071 3076 3076 3051 3051 3077 3077 3052 3052 3078 3078 3052 3052 3077 3077 3052 3052 3078 3078 3076 3076 3079 3079 3080 3080 3081 3081 3082 3082 3081 3081 3080 3080 3081 3081 3082 3082 3051 3051 3083 3083 3051 3051 3082 3082 3051 3051 3083 3083 3077 3077 3084 3084 3085 3085 3086 3086 3087 3087 3086 3086 3085 3085 3086 3086 3087 3087 3088 3088 3089 3089 3088 3088 3087 3087 3088 3088 3089 3089 3090 3090 3091 3091 3092 3092 3093 3093 3084 3084 3086 3086 3093 3093 3094 3094 3093 3093 3086 3086 3093 3093 3094 3094 3091 3091 3092 3092 3091 3091 3095 3095 3056 3056 3095 3095 3091 3091 3095 3095 3056 3056 3096 3096 3055 3055 3096 3096 3056 3056 3096 3096 3055 3055 3097 3097 3098 3098 3099 3099 3100 3100 3099 3099 3101 3101 3100 3100 3102 3102 3100 3100 3101 3101 3100 3100 3102 3102 3103 3103 3104 3104 3103 3103 3102 3102 3103 3103 3104 3104 3105 3105 3106 3106 3098 3098 3107 3107 3100 3100 3107 3107 3098 3098 3107 3107 3100 3100 3067 3067 3064 3064 3066 3066 3108 3108 3105 3105 3109 3109 3103 3103 3110 3110 3103 3103 3109 3109 3103 3103 3110 3110 3111 3111 1259 1259 3112 3112 3113 3113 3111 3111 3113 3113 3112 3112 3113 3113 3111 3111 3114 3114 3110 3110 3114 3114 3111 3111 3115 3115 3116 3116 3117 3117 3118 3118 3117 3117 3116 3116 3066 3066 3068 3068 3108 3108 3119 3119 3108 3108 3068 3068 3108 3108 3119 3119 3120 3120 3117 3117 3120 3120 3119 3119 3120 3120 3117 3117 3121 3121 3118 3118 3121 3121 3117 3117 3121 3121 3118 3118 3122 3122 3067 3067 3100 3100 3068 3068 3103 3103 3068 3068 3100 3100 3068 3068 3103 3103 3119 3119 3111 3111 3119 3119 3103 3103 3119 3119 3111 3111 3117 3117 3112 3112 3117 3117 3111 3111 3117 3117 3112 3112 3115 3115 3123 3123 3063 3063 3124 3124 3125 3125 3126 3126 3127 3127 3128 3128 3129 3129 3130 3130 3063 3063 3065 3065 3124 3124 3131 3131 3124 3124 3065 3065 3124 3124 3131 3131 3132 3132 3128 3128 3132 3132 3131 3131 3132 3132 3128 3128 3062 3062 3130 3130 3062 3062 3128 3128 3062 3062 3130 3130 3060 3060 3133 3133 3134 3134 3135 3135 3136 3136 3135 3135 3134 3134 3135 3135 3136 3136 3137 3137 3127 3127 3137 3137 3136 3136 3137 3137 3127 3127 3138 3138 3126 3126 3138 3138 3127 3127 3138 3138 3126 3126 3123 3123 3133 3133 3139 3139 3134 3134 3140 3140 3134 3134 3139 3139 3134 3134 3140 3140 3141 3141 3123 3123 3124 3124 3138 3138 3132 3132 3138 3138 3124 3124 3138 3138 3132 3132 3137 3137 3062 3062 3137 3137 3132 3132 3137 3137 3062 3062 3135 3135 3061 3061 3135 3135 3062 3062 3135 3135 3061 3061 3133 3133 3064 3064 3108 3108 3065 3065 3120 3120 3065 3065 3108 3108 3065 3065 3120 3120 3131 3131 3121 3121 3131 3131 3120 3120 3131 3131 3121 3121 3128 3128 3122 3122 3128 3128 3121 3121 3128 3128 3122 3122 3129 3129 3125 3125 3142 3142 3143 3143 3144 3144 3143 3143 3142 3142 3143 3143 3144 3144 3145 3145 3146 3146 3145 3145 3144 3144 3145 3145 3146 3146 3147 3147 3148 3148 3147 3147 3146 3146 3147 3147 3148 3148 3149 3149 3150 3150 3149 3149 3148 3148 3149 3149 3150 3150 3151 3151 3152 3152 3151 3151 3150 3150 3151 3151 3152 3152 3153 3153 3154 3154 3153 3153 3152 3152 3153 3153 3154 3154 3155 3155 3156 3156 3155 3155 3154 3154 3155 3155 3156 3156 3157 3157 3158 3158 3159 3159 3160 3160 3161 3161 3160 3160 3159 3159 3161 3161 3162 3162 3160 3160 3163 3163 3160 3160 3162 3162 3160 3160 3163 3163 3164 3164 3165 3165 3164 3164 3163 3163 3164 3164 3165 3165 3166 3166 3167 3167 3168 3168 3169 3169 3170 3170 3169 3169 3168 3168 3169 3169 3170 3170 3171 3171 3172 3172 3171 3171 3170 3170 3057 3057 3059 3059 3173 3173 3049 3049 3173 3173 3050 3050 3059 3059 3050 3050 3173 3173 3050 3050 3059 3059 3171 3171 3174 3174 3171 3171 3059 3059 3171 3171 3174 3174 3169 3169 3175 3175 3169 3169 3174 3174 3169 3169 3175 3175 3167 3167 3176 3176 3167 3167 3175 3175 3167 3167 3176 3176 3166 3166 3177 3177 3166 3166 3176 3176 3166 3166 3177 3177 3164 3164 3178 3178 3164 3164 3177 3177 3164 3164 3178 3178 3160 3160 3179 3179 3160 3160 3178 3178 3160 3160 3179 3179 3158 3158 3180 3180 3158 3158 3179 3179 3165 3165 3181 3181 3166 3166 3182 3182 3166 3166 3181 3181 3166 3166 3182 3182 3167 3167 3183 3183 3167 3167 3182 3182 3167 3167 3183 3183 3168 3168 3184 3184 3185 3185 3156 3156 3186 3186 3156 3156 3185 3185 3156 3156 3186 3186 3157 3157 3058 3058 3184 3184 3059 3059 3156 3156 3059 3059 3184 3184 3059 3059 3156 3156 3174 3174 3154 3154 3174 3174 3156 3156 3174 3174 3154 3154 3175 3175 3152 3152 3175 3175 3154 3154 3175 3175 3152 3152 3176 3176 3150 3150 3176 3176 3152 3152 3176 3176 3150 3150 3177 3177 3148 3148 3177 3177 3150 3150 3177 3177 3148 3148 3178 3178 3146 3146 3178 3178 3148 3148 3178 3178 3146 3146 3179 3179 3144 3144 3179 3179 3146 3146 3179 3179 3144 3144 3180 3180 3142 3142 3180 3180 3144 3144 3187 3187 3088 3088 3081 3081 3090 3090 3081 3081 3088 3088 3081 3081 3090 3090 3079 3079 3046 3046 3188 3188 3047 3047 3189 3189 3047 3047 3188 3188 3047 3047 3189 3189 3190 3190 3191 3191 3190 3190 3189 3189 3190 3190 3191 3191 3192 3192 3193 3193 3192 3192 3191 3191 3192 3192 3193 3193 3194 3194 3195 3195 3194 3194 3193 3193 3194 3194 3195 3195 3196 3196 3197 3197 3196 3196 3195 3195 3196 3196 3197 3197 3198 3198 3199 3199 3198 3198 3197 3197 3198 3198 3199 3199 3200 3200 3188 3188 3201 3201 3189 3189 3202 3202 3189 3189 3201 3201 3189 3189 3202 3202 3203 3203 3203 3203 3054 3054 3189 3189 3056 3056 3189 3189 3054 3054 3189 3189 3056 3056 3191 3191 3091 3091 3191 3191 3056 3056 3191 3191 3091 3091 3193 3193 3094 3094 3193 3193 3091 3091 3193 3193 3094 3094 3195 3195 3086 3086 3195 3195 3094 3094 3195 3195 3086 3086 3197 3197 3088 3088 3197 3197 3086 3086 3197 3197 3088 3088 3199 3199 3187 3187 3199 3199 3088 3088 3199 3199 3187 3187 3200 3200 3070 3070 3073 3073 3071 3071 3072 3072 3071 3071 3073 3073 3071 3071 3072 3072 3204 3204 3205 3205 3204 3204 3072 3072 3204 3204 3205 3205 3206 3206 3207 3207 3206 3206 3205 3205 3206 3206 3207 3207 3208 3208 3209 3209 3210 3210 3211 3211 3212 3212 3211 3211 3210 3210 3208 3208 3209 3209 3206 3206 3211 3211 3206 3206 3209 3209 3206 3206 3211 3211 3204 3204 3213 3213 3204 3204 3211 3211 3204 3204 3213 3213 3214 3214 3076 3076 3071 3071 3052 3052 3204 3204 3052 3052 3071 3071 3052 3052 3204 3204 3053 3053 3214 3214 3053 3053 3204 3204 3053 3053 3214 3214 3215 3215 3216 3216 3217 3217 3218 3218 3219 3219 3218 3218 3217 3217 3218 3218 3219 3219 3220 3220 3221 3221 3220 3220 3219 3219 3220 3220 3221 3221 3222 3222 3215 3215 3222 3222 3053 3053 3221 3221 3053 3053 3222 3222 3053 3053 3221 3221 3051 3051 3219 3219 3051 3051 3221 3221 3051 3051 3219 3219 3081 3081 3217 3217 3081 3081 3219 3219 3081 3081 3217 3217 3187 3187 3216 3216 3187 3187 3217 3217 3187 3187 3216 3216 3200 3200 3223 3223 3048 3048 3224 3224 3050 3050 3224 3224 3048 3048 3224 3224 3050 3050 3225 3225 3171 3171 3225 3225 3050 3050 3225 3225 3171 3171 3226 3226 3172 3172 3226 3226 3171 3171 3125 3125 3127 3127 3142 3142 3136 3136 3142 3142 3127 3127 3142 3142 3136 3136 3180 3180 3134 3134 3180 3180 3136 3136 3180 3180 3134 3134 3158 3158 3141 3141 3158 3158 3134 3134 3158 3158 3141 3141 3159 3159 3157 3157 3227 3227 3155 3155 3228 3228 3155 3155 3227 3227 3155 3155 3228 3228 3229 3229 3229 3229 3045 3045 3155 3155 3047 3047 3155 3155 3045 3045 3155 3155 3047 3047 3153 3153 3190 3190 3153 3153 3047 3047 3153 3153 3190 3190 3151 3151 3192 3192 3151 3151 3190 3190 3151 3151 3192 3192 3149 3149 3194 3194 3149 3149 3192 3192 3149 3149 3194 3194 3147 3147 3196 3196 3147 3147 3194 3194 3147 3147 3196 3196 3145 3145 3198 3198 3145 3145 3196 3196 3145 3145 3198 3198 3143 3143 3200 3200 3143 3143 3198 3198 3143 3143 3200 3200 3125 3125 3216 3216 3125 3125 3200 3200 3125 3125 3216 3216 3126 3126 3218 3218 3126 3126 3216 3216 3126 3126 3218 3218 3123 3123 3220 3220 3123 3123 3218 3218 3123 3123 3220 3220 3063 3063 3222 3222 3063 3063 3220 3220 3063 3063 3222 3222 3064 3064 3215 3215 3064 3064 3222 3222 3064 3064 3215 3215 3066 3066 3214 3214 3066 3066 3215 3215 3066 3066 3214 3214 3067 3067 3213 3213 3067 3067 3214 3214 3067 3067 3213 3213 3107 3107 3211 3211 3107 3107 3213 3213 3107 3107 3211 3211 3106 3106 3212 3212 3106 3106 3211 3211 3230 3230 3231 3231 3232 3232 3233 3233 3234 3234 3235 3235 3236 3236 3237 3237 3238 3238 3239 3239 3240 3240 3241 3241 936 936 1023 1023 3242 3242 935 935 934 934 3243 3243 3244 3244 3245 3245 3246 3246 3247 3247 3248 3248 3249 3249 3250 3250 3251 3251 3252 3252 3253 3253 3252 3252 3251 3251 3252 3252 3253 3253 3254 3254 3250 3250 3252 3252 3255 3255 3256 3256 3255 3255 3252 3252 3255 3255 3256 3256 3257 3257 3258 3258 3257 3257 3256 3256 3257 3257 3258 3258 3259 3259 3260 3260 3259 3259 3258 3258 3259 3259 3260 3260 3261 3261 3262 3262 3263 3263 3264 3264 3265 3265 3264 3264 3263 3263 3264 3264 3265 3265 3260 3260 3266 3266 3260 3260 3265 3265 3260 3260 3266 3266 3261 3261 3267 3267 3268 3268 3262 3262 3269 3269 3262 3262 3268 3268 3262 3262 3269 3269 3263 3263 3270 3270 3271 3271 3272 3272 3273 3273 3272 3272 3271 3271 3272 3272 3273 3273 3274 3274 3275 3275 3274 3274 3273 3273 3274 3274 3275 3275 3267 3267 3276 3276 3267 3267 3275 3275 3267 3267 3276 3276 3268 3268 3270 3270 3272 3272 3277 3277 3278 3278 3277 3277 3272 3272 3277 3277 3278 3278 3279 3279 3280 3280 3279 3279 3278 3278 3279 3279 3280 3280 3281 3281 3281 3281 3280 3280 3282 3282 3283 3283 3282 3282 3280 3280 3282 3282 3283 3283 3284 3284 3285 3285 3284 3284 3283 3283 3284 3284 3285 3285 3286 3286 3286 3286 3285 3285 3287 3287 3288 3288 3287 3287 3285 3285 3287 3287 3288 3288 3289 3289 3290 3290 3247 3247 3291 3291 3249 3249 3291 3291 3247 3247 3291 3291 3249 3249 3292 3292 3246 3246 3245 3245 3293 3293 3245 3245 3294 3294 3293 3293 3295 3295 3293 3293 3294 3294 3293 3293 3295 3295 3249 3249 3296 3296 3249 3249 3295 3295 3249 3249 3296 3296 3292 3292 3297 3297 3298 3298 3246 3246 3299 3299 3246 3246 3298 3298 3246 3246 3299 3299 3244 3244 3300 3300 3301 3301 3302 3302 3303 3303 3302 3302 3301 3301 3302 3302 3303 3303 3297 3297 3304 3304 3297 3297 3303 3303 3297 3297 3304 3304 3298 3298 3300 3300 3302 3302 3305 3305 3306 3306 3305 3305 3302 3302 3305 3305 3306 3306 3307 3307 3308 3308 3309 3309 3310 3310 3311 3311 3310 3310 3309 3309 3310 3310 3311 3311 3306 3306 3312 3312 3306 3306 3311 3311 3306 3306 3312 3312 3307 3307 3313 3313 3314 3314 3310 3310 3315 3315 3310 3310 3314 3314 3310 3310 3315 3315 3308 3308 3316 3316 3317 3317 3318 3318 3319 3319 3318 3318 3317 3317 3318 3318 3319 3319 3313 3313 3320 3320 3313 3313 3319 3319 3313 3313 3320 3320 3314 3314 3321 3321 3322 3322 3323 3323 3321 3321 3323 3323 3318 3318 3324 3324 3318 3318 3323 3323 3318 3318 3324 3324 3316 3316 3325 3325 3326 3326 3327 3327 3328 3328 3327 3327 3326 3326 3327 3327 3328 3328 3321 3321 3329 3329 3321 3321 3328 3328 3321 3321 3329 3329 3322 3322 3325 3325 3327 3327 3330 3330 3331 3331 3330 3330 3327 3327 3330 3330 3331 3331 3332 3332 3332 3332 3331 3331 3333 3333 3334 3334 3333 3333 3331 3331 3333 3333 3334 3334 3335 3335 3336 3336 3337 3337 3338 3338 3339 3339 3338 3338 3337 3337 3338 3338 3339 3339 3334 3334 3340 3340 3334 3334 3339 3339 3334 3334 3340 3340 3335 3335 3336 3336 3338 3338 3341 3341 3342 3342 3341 3341 3338 3338 3341 3341 3342 3342 3343 3343 3343 3343 3342 3342 3344 3344 948 948 3344 3344 3342 3342 3344 3344 948 948 947 947 972 972 971 971 3342 3342 971 971 978 978 3342 3342 976 976 3342 3342 978 978 3342 3342 976 976 948 948 975 975 974 974 3345 3345 973 973 3345 3345 974 974 3253 3253 1021 1021 3254 3254 1020 1020 3254 3254 1021 1021 3254 3254 1020 1020 1019 1019 1018 1018 1017 1017 3346 3346 937 937 3346 3346 1017 1017 3236 3236 3238 3238 3347 3347 1023 1023 935 935 3242 3242 3243 3243 3242 3242 935 935 3242 3242 3243 3243 3348 3348 3349 3349 3348 3348 3243 3243 3348 3348 3349 3349 3350 3350 3351 3351 3350 3350 3349 3349 3350 3350 3351 3351 3352 3352 3353 3353 3352 3352 3351 3351 3352 3352 3353 3353 3354 3354 3355 3355 3354 3354 3353 3353 3354 3354 3355 3355 3356 3356 3357 3357 3356 3356 3355 3355 3356 3356 3357 3357 3358 3358 3359 3359 3358 3358 3357 3357 3358 3358 3359 3359 3360 3360 3361 3361 3360 3360 3359 3359 3360 3360 3361 3361 3362 3362 3363 3363 3362 3362 3361 3361 3362 3362 3363 3363 3364 3364 3365 3365 3364 3364 3363 3363 3364 3364 3365 3365 3366 3366 3367 3367 3366 3366 3365 3365 3366 3366 3367 3367 3368 3368 3369 3369 3368 3368 3367 3367 3368 3368 3369 3369 3370 3370 3371 3371 3370 3370 3369 3369 3370 3370 3371 3371 3372 3372 3373 3373 3372 3372 3371 3371 3372 3372 3373 3373 3241 3241 3374 3374 3241 3241 3373 3373 3241 3241 3374 3374 3239 3239 3375 3375 3239 3239 3374 3374 1063 1063 3289 3289 3376 3376 3288 3288 3376 3376 3289 3289 3376 3376 3288 3288 3377 3377 3378 3378 3377 3377 3288 3288 1019 1019 1018 1018 3254 3254 3346 3346 3254 3254 1018 1018 3254 3254 3346 3346 3252 3252 3379 3379 3252 3252 3346 3346 3252 3252 3379 3379 3256 3256 3380 3380 3256 3256 3379 3379 3256 3256 3380 3380 3258 3258 3381 3381 3258 3258 3380 3380 3258 3258 3381 3381 3260 3260 3382 3382 3260 3260 3381 3381 3260 3260 3382 3382 3264 3264 3383 3383 3264 3264 3382 3382 3264 3264 3383 3383 3262 3262 3384 3384 3262 3262 3383 3383 3262 3262 3384 3384 3267 3267 3385 3385 3267 3267 3384 3384 3267 3267 3385 3385 3274 3274 3386 3386 3274 3274 3385 3385 3274 3274 3386 3386 3272 3272 3387 3387 3272 3272 3386 3386 3272 3272 3387 3387 3278 3278 3388 3388 3278 3278 3387 3387 3278 3278 3388 3388 3280 3280 3389 3389 3280 3280 3388 3388 3280 3280 3389 3389 3283 3283 3390 3390 3283 3283 3389 3389 3283 3283 3390 3390 3285 3285 3391 3391 3285 3285 3390 3390 3285 3285 3391 3391 3288 3288 3238 3238 3288 3288 3391 3391 3288 3288 3238 3238 3378 3378 3237 3237 3378 3378 3238 3238 937 937 936 936 3346 3346 3242 3242 3346 3346 936 936 3346 3346 3242 3242 3379 3379 3348 3348 3379 3379 3242 3242 3379 3379 3348 3348 3380 3380 3350 3350 3380 3380 3348 3348 3380 3380 3350 3350 3381 3381 3352 3352 3381 3381 3350 3350 3381 3381 3352 3352 3382 3382 3354 3354 3382 3382 3352 3352 3382 3382 3354 3354 3383 3383 3356 3356 3383 3383 3354 3354 3383 3383 3356 3356 3384 3384 3358 3358 3384 3384 3356 3356 3384 3384 3358 3358 3385 3385 3360 3360 3385 3385 3358 3358 3385 3385 3360 3360 3386 3386 3362 3362 3386 3386 3360 3360 3386 3386 3362 3362 3387 3387 3364 3364 3387 3387 3362 3362 3387 3387 3364 3364 3388 3388 3366 3366 3388 3388 3364 3364 3388 3388 3366 3366 3389 3389 3368 3368 3389 3389 3366 3366 3389 3389 3368 3368 3390 3390 3370 3370 3390 3390 3368 3368 3390 3390 3370 3370 3391 3391 3372 3372 3391 3391 3370 3370 3391 3391 3372 3372 3238 3238 3241 3241 3238 3238 3372 3372 3238 3238 3241 3241 3347 3347 3240 3240 3347 3347 3241 3241 3233 3233 3235 3235 3392 3392 3230 3230 3232 3232 3393 3393 3234 3234 3393 3393 3235 3235 3232 3232 3235 3235 3393 3393 3235 3235 3232 3232 3394 3394 3395 3395 3394 3394 3232 3232 3394 3394 3395 3395 3396 3396 3397 3397 3396 3396 3395 3395 3396 3396 3397 3397 3398 3398 3399 3399 3398 3398 3397 3397 3398 3398 3399 3399 3400 3400 3401 3401 3400 3400 3399 3399 3400 3400 3401 3401 3402 3402 3403 3403 3402 3402 3401 3401 3402 3402 3403 3403 3404 3404 3405 3405 3404 3404 3403 3403 3404 3404 3405 3405 3406 3406 3407 3407 3406 3406 3405 3405 3406 3406 3407 3407 3408 3408 3409 3409 3408 3408 3407 3407 3408 3408 3409 3409 3410 3410 3411 3411 3410 3410 3409 3409 3410 3410 3411 3411 3412 3412 3413 3413 3412 3412 3411 3411 3412 3412 3413 3413 3414 3414 3415 3415 3414 3414 3413 3413 3414 3414 3415 3415 3416 3416 3417 3417 3416 3416 3415 3415 3416 3416 3417 3417 3418 3418 3419 3419 3418 3418 3417 3417 3418 3418 3419 3419 3345 3345 3420 3420 3345 3345 3419 3419 3345 3345 3420 3420 975 975 973 973 972 972 3345 3345 3342 3342 3345 3345 972 972 3345 3345 3342 3342 3418 3418 3338 3338 3418 3418 3342 3342 3418 3418 3338 3338 3416 3416 3334 3334 3416 3416 3338 3338 3416 3416 3334 3334 3414 3414 3331 3331 3414 3414 3334 3334 3414 3414 3331 3331 3412 3412 3327 3327 3412 3412 3331 3331 3412 3412 3327 3327 3410 3410 3321 3321 3410 3410 3327 3327 3410 3410 3321 3321 3408 3408 3318 3318 3408 3408 3321 3321 3408 3408 3318 3318 3406 3406 3313 3313 3406 3406 3318 3318 3406 3406 3313 3313 3404 3404 3310 3310 3404 3404 3313 3313 3404 3404 3310 3310 3402 3402 3306 3306 3402 3402 3310 3310 3402 3402 3306 3306 3400 3400 3302 3302 3400 3400 3306 3306 3400 3400 3302 3302 3398 3398 3297 3297 3398 3398 3302 3302 3398 3398 3297 3297 3396 3396 3246 3246 3396 3396 3297 3297 3396 3396 3246 3246 3394 3394 3293 3293 3394 3394 3246 3246 3394 3394 3293 3293 3235 3235 3249 3249 3235 3235 3293 3293 3235 3235 3249 3249 3392 3392 3248 3248 3392 3392 3249 3249 934 934 975 975 3243 3243 3420 3420 3243 3243 975 975 3243 3243 3420 3420 3349 3349 3419 3419 3349 3349 3420 3420 3349 3349 3419 3419 3351 3351 3417 3417 3351 3351 3419 3419 3351 3351 3417 3417 3353 3353 3415 3415 3353 3353 3417 3417 3353 3353 3415 3415 3355 3355 3413 3413 3355 3355 3415 3415 3355 3355 3413 3413 3357 3357 3411 3411 3357 3357 3413 3413 3357 3357 3411 3411 3359 3359 3409 3409 3359 3359 3411 3411 3359 3359 3409 3409 3361 3361 3407 3407 3361 3361 3409 3409 3361 3361 3407 3407 3363 3363 3405 3405 3363 3363 3407 3407 3363 3363 3405 3405 3365 3365 3403 3403 3365 3365 3405 3405 3365 3365 3403 3403 3367 3367 3401 3401 3367 3367 3403 3403 3367 3367 3401 3401 3369 3369 3399 3399 3369 3369 3401 3401 3369 3369 3399 3399 3371 3371 3397 3397 3371 3371 3399 3399 3371 3371 3397 3397 3373 3373 3395 3395 3373 3373 3397 3397 3373 3373 3395 3395 3374 3374 3232 3232 3374 3374 3395 3395 3374 3374 3232 3232 3375 3375 3231 3231 3375 3375 3232 3232 3421 3421 3422 3422 3423 3423 3424 3424 3423 3423 3422 3422 3423 3423 3424 3424 3425 3425 3426 3426 3425 3425 3424 3424 3425 3425 3426 3426 3427 3427 3428 3428 3427 3427 3426 3426 3427 3427 3428 3428 3429 3429 3430 3430 3429 3429 3428 3428 3429 3429 3430 3430 3431 3431 3432 3432 3431 3431 3430 3430 3431 3431 3432 3432 3433 3433 3434 3434 3433 3433 3432 3432 3433 3433 3434 3434 3435 3435 3436 3436 3435 3435 3434 3434 3435 3435 3436 3436 3437 3437 3438 3438 3437 3437 3436 3436 3437 3437 3438 3438 3439 3439 3440 3440 3439 3439 3438 3438 3439 3439 3440 3440 3441 3441 3442 3442 3441 3441 3440 3440 3441 3441 3442 3442 3443 3443 3444 3444 3443 3443 3442 3442 3443 3443 3444 3444 3445 3445 3446 3446 3445 3445 3444 3444 3445 3445 3446 3446 3447 3447 3448 3448 3447 3447 3446 3446 3447 3447 3448 3448 3449 3449 3450 3450 3449 3449 3448 3448 3449 3449 3450 3450 3451 3451 3452 3452 3451 3451 3450 3450 3451 3451 3452 3452 3453 3453 3454 3454 3453 3453 3452 3452 3453 3453 3454 3454 3455 3455 3456 3456 3455 3455 3454 3454 3455 3455 3456 3456 3457 3457 3458 3458 3457 3457 3456 3456 3457 3457 3458 3458 3459 3459 3460 3460 3459 3459 3458 3458 3459 3459 3460 3460 3461 3461 3462 3462 3461 3461 3460 3460 3461 3461 3462 3462 3463 3463 3464 3464 3463 3463 3462 3462 3463 3463 3464 3464 3465 3465 3466 3466 3465 3465 3464 3464 3465 3465 3466 3466 3467 3467 3468 3468 3467 3467 3466 3466 3467 3467 3468 3468 3421 3421 3422 3422 3421 3421 3468 3468 1877 1877 1883 1883 1662 1662 1882 1882 1662 1662 1883 1883 1662 1662 1882 1882 1880 1880 1880 1880 1888 1888 1662 1662 1887 1887 1662 1662 1888 1888 1662 1662 1887 1887 1885 1885 1850 1850 1849 1849 1662 1662 1856 1856 1662 1662 1849 1849 1662 1662 1856 1856 1858 1858 1885 1885 1884 1884 1662 1662 1890 1890 1662 1662 1884 1884 1662 1662 1890 1890 1665 1665 1664 1664 1846 1846 1662 1662 1847 1847 1662 1662 1846 1846 1662 1662 1847 1847 1855 1855 1855 1855 1854 1854 1662 1662 1852 1852 1662 1662 1854 1854 1662 1662 1852 1852 1850 1850 1858 1858 1860 1860 1662 1662 1861 1861 1662 1662 1860 1860 1662 1662 1861 1861 1863 1863 1863 1863 1864 1864 1662 1662 1866 1866 1662 1662 1864 1864 1662 1662 1866 1866 1868 1868 1875 1875 1662 1662 1871 1871 1872 1872 1871 1871 1662 1662 1875 1875 1874 1874 1662 1662 1878 1878 1662 1662 1874 1874 1662 1662 1878 1878 1877 1877 1868 1868 1869 1869 1662 1662 1840 1840 1662 1662 1869 1869 1662 1662 1840 1840 1872 1872 3469 3469 3470 3470 3471 3471 3472 3472 3471 3471 3470 3470 3473 3473 3474 3474 3475 3475 3469 3469 3475 3475 3474 3474 3475 3475 3469 3469 3476 3476 3471 3471 3476 3476 3469 3469 3476 3476 3471 3471 3477 3477 3478 3478 3477 3477 3471 3471 3479 3479 3480 3480 3481 3481 3482 3482 3481 3481 3480 3480 3479 3479 3481 3481 3483 3483 3484 3484 3483 3483 3481 3481 3483 3483 3484 3484 3485 3485 3486 3486 3487 3487 3488 3488 3489 3489 3490 3490 3491 3491 3491 3491 3492 3492 3489 3489 3493 3493 3489 3489 3492 3492 3489 3489 3493 3493 3488 3488 3494 3494 3488 3488 3493 3493 3488 3488 3494 3494 3486 3486 3495 3495 3496 3496 3497 3497 3498 3498 3499 3499 3500 3500 3501 3501 3502 3502 3503 3503 3501 3501 3503 3503 3504 3504 3502 3502 3501 3501 3505 3505 3506 3506 3505 3505 3501 3501 3505 3505 3506 3506 3507 3507 3507 3507 3506 3506 3508 3508 3509 3509 3508 3508 3506 3506 3508 3508 3509 3509 3510 3510 3511 3511 3512 3512 3509 3509 3513 3513 3509 3509 3512 3512 3509 3509 3513 3513 3510 3510 3514 3514 3515 3515 3511 3511 3516 3516 3511 3511 3515 3515 3511 3511 3516 3516 3512 3512 3517 3517 3518 3518 3514 3514 3519 3519 3514 3514 3518 3518 3514 3514 3519 3519 3515 3515 3520 3520 3521 3521 3517 3517 3522 3522 3517 3517 3521 3521 3517 3517 3522 3522 3518 3518 3523 3523 3524 3524 3520 3520 3525 3525 3520 3520 3524 3524 3520 3520 3525 3525 3521 3521 3526 3526 3527 3527 3523 3523 3528 3528 3523 3523 3527 3527 3523 3523 3528 3528 3524 3524 3529 3529 3530 3530 3531 3531 3532 3532 3531 3531 3530 3530 3531 3531 3532 3532 3526 3526 3533 3533 3526 3526 3532 3532 3526 3526 3533 3533 3527 3527 3529 3529 3531 3531 3534 3534 3535 3535 3534 3534 3531 3531 3534 3534 3535 3535 3536 3536 3536 3536 3535 3535 3537 3537 3538 3538 3537 3537 3535 3535 3537 3537 3538 3538 3539 3539 3539 3539 3538 3538 3540 3540 3541 3541 3540 3540 3538 3538 3540 3540 3541 3541 3542 3542 3542 3542 3541 3541 3543 3543 3544 3544 3543 3543 3541 3541 3543 3543 3544 3544 3545 3545 3545 3545 3544 3544 3546 3546 3547 3547 3546 3546 3544 3544 3546 3546 3547 3547 3548 3548 3548 3548 3547 3547 3549 3549 3550 3550 3549 3549 3547 3547 3549 3549 3550 3550 3551 3551 3551 3551 3550 3550 3552 3552 3553 3553 3552 3552 3550 3550 3552 3552 3553 3553 3554 3554 3500 3500 3499 3499 3555 3555 3499 3499 3556 3556 3555 3555 3557 3557 3555 3555 3556 3556 3555 3555 3557 3557 3553 3553 3558 3558 3553 3553 3557 3557 3553 3553 3558 3558 3554 3554 3498 3498 3500 3500 3559 3559 3560 3560 3559 3559 3500 3500 3559 3559 3560 3560 3561 3561 3497 3497 3496 3496 3560 3560 3562 3562 3560 3560 3496 3496 3560 3560 3562 3562 3561 3561 3563 3563 3564 3564 3497 3497 3565 3565 3497 3497 3564 3564 3497 3497 3565 3565 3495 3495 3503 3503 3566 3566 3504 3504 3567 3567 3504 3504 3566 3566 3504 3504 3567 3567 3568 3568 3569 3569 3568 3568 3567 3567 3568 3568 3569 3569 3563 3563 3570 3570 3563 3563 3569 3569 3563 3563 3570 3570 3564 3564 3058 3058 3571 3571 3572 3572 3573 3573 3574 3574 3575 3575 3576 3576 3575 3575 3574 3574 3575 3575 3576 3576 3577 3577 3577 3577 3576 3576 3578 3578 3579 3579 3578 3578 3576 3576 3578 3578 3579 3579 3580 3580 3581 3581 3580 3580 3579 3579 3580 3580 3581 3581 3582 3582 3582 3582 3581 3581 3583 3583 3584 3584 3583 3583 3581 3581 3583 3583 3584 3584 3223 3223 3571 3571 3585 3585 3581 3581 3586 3586 3581 3581 3585 3585 3581 3581 3586 3586 3584 3584 3587 3587 3588 3588 3589 3589 3186 3186 3589 3589 3588 3588 3589 3589 3186 3186 3590 3590 3591 3591 3590 3590 3186 3186 3590 3590 3591 3591 3572 3572 3184 3184 3572 3572 3591 3591 3572 3572 3184 3184 3058 3058 3592 3592 3593 3593 3594 3594 3595 3595 3594 3594 3593 3593 3594 3594 3595 3595 3589 3589 3596 3596 3589 3589 3595 3595 3589 3589 3596 3596 3587 3587 3597 3597 3202 3202 3598 3598 3599 3599 3598 3598 3202 3202 3598 3598 3599 3599 3188 3188 3600 3600 2435 2435 3601 3601 3601 3601 3602 3602 3600 3600 3597 3597 3600 3600 3602 3602 3600 3600 3597 3597 3603 3603 3598 3598 3603 3603 3597 3597 3603 3603 3598 3598 3604 3604 3605 3605 3604 3604 3598 3598 3604 3604 3605 3605 3606 3606 3607 3607 3606 3606 3605 3605 3188 3188 3592 3592 3598 3598 3594 3594 3598 3598 3592 3592 3598 3598 3594 3594 3605 3605 3589 3589 3605 3605 3594 3594 3605 3605 3589 3589 3607 3607 3590 3590 3607 3607 3589 3589 3571 3571 3581 3581 3572 3572 3579 3579 3572 3572 3581 3581 3572 3572 3579 3579 3590 3590 3576 3576 3590 3590 3579 3579 3590 3590 3576 3576 3607 3607 3574 3574 3607 3607 3576 3576 3607 3607 3574 3574 3606 3606 3608 3608 3609 3609 3610 3610 3608 3608 3610 3610 3611 3611 3609 3609 3608 3608 3612 3612 3613 3613 3612 3612 3608 3608 3612 3612 3613 3613 3614 3614 3615 3615 3614 3614 3613 3613 3614 3614 3615 3615 3616 3616 3617 3617 3616 3616 3615 3615 3616 3616 3617 3617 3618 3618 3619 3619 3618 3618 3617 3617 3618 3618 3619 3619 3620 3620 3621 3621 3620 3620 3619 3619 3620 3620 3621 3621 3622 3622 3623 3623 3622 3622 3621 3621 3622 3622 3623 3623 3624 3624 3625 3625 3624 3624 3623 3623 3624 3624 3625 3625 3626 3626 3626 3626 3625 3625 3627 3627 3628 3628 3627 3627 3625 3625 3627 3627 3628 3628 3629 3629 3629 3629 3628 3628 3630 3630 3631 3631 3630 3630 3628 3628 3630 3630 3631 3631 3632 3632 3632 3632 3631 3631 3633 3633 3634 3634 3633 3633 3631 3631 3633 3633 3634 3634 3635 3635 3635 3635 3634 3634 3636 3636 3637 3637 3636 3636 3634 3634 3636 3636 3637 3637 3638 3638 3638 3638 3637 3637 3639 3639 3640 3640 3639 3639 3637 3637 3639 3639 3640 3640 3641 3641 3641 3641 3640 3640 3642 3642 3643 3643 3642 3642 3640 3640 3642 3642 3643 3643 3644 3644 3645 3645 3644 3644 3643 3643 3644 3644 3645 3645 3646 3646 3647 3647 3646 3646 3645 3645 3646 3646 3647 3647 3648 3648 3649 3649 3648 3648 3647 3647 3648 3648 3649 3649 3650 3650 3651 3651 3650 3650 3649 3649 3650 3650 3651 3651 3652 3652 3653 3653 3652 3652 3651 3651 3652 3652 3653 3653 3654 3654 3655 3655 3654 3654 3653 3653 3654 3654 3655 3655 3656 3656 3657 3657 3658 3658 3659 3659 3659 3659 3660 3660 3657 3657 3661 3661 3657 3657 3660 3660 3657 3657 3661 3661 3655 3655 3662 3662 3655 3655 3661 3661 3655 3655 3662 3662 3656 3656 3610 3610 3663 3663 3611 3611 3664 3664 3611 3611 3663 3663 3611 3611 3664 3664 3665 3665 3666 3666 3665 3665 3664 3664 3665 3665 3666 3666 3658 3658 3667 3667 3658 3658 3666 3666 3658 3658 3667 3667 3659 3659 914 914 915 915 3668 3668 3669 3669 3670 3670 3671 3671 2079 2079 2081 2081 3672 3672 2083 2083 3672 3672 2081 2081 3673 3673 3674 3674 3675 3675 3676 3676 3675 3675 3674 3674 3675 3675 3676 3676 1254 1254 3673 3673 3677 3677 3674 3674 3678 3678 3674 3674 3677 3677 3674 3674 3678 3678 3671 3671 894 894 896 896 3679 3679 3678 3678 3679 3679 896 896 3679 3679 3678 3678 3680 3680 3677 3677 3680 3680 3678 3678 2089 2089 3681 3681 2087 2087 3682 3682 2087 2087 3681 3681 2087 2087 3682 3682 2085 2085 3683 3683 3684 3684 3685 3685 3686 3686 3685 3685 3684 3684 3685 3685 3686 3686 3687 3687 3688 3688 3687 3687 3686 3686 3687 3687 3688 3688 3689 3689 3682 3682 3689 3689 3688 3688 3689 3689 3682 3682 3690 3690 3681 3681 3690 3690 3682 3682 3683 3683 3691 3691 3684 3684 3692 3692 3684 3684 3691 3691 3684 3684 3692 3692 3693 3693 3668 3668 3693 3693 3692 3692 3693 3693 3668 3668 891 891 915 915 891 891 3668 3668 3671 3671 3670 3670 3674 3674 3694 3694 3674 3674 3670 3670 3674 3674 3694 3694 3676 3676 918 918 2079 2079 903 903 3672 3672 903 903 2079 2079 903 903 3672 3672 904 904 3695 3695 904 904 3672 3672 3696 3696 907 907 3695 3695 906 906 3695 3695 907 907 3695 3695 906 906 904 904 913 913 912 912 3697 3697 910 910 3697 3697 912 912 3697 3697 910 910 3696 3696 909 909 3696 3696 910 910 3696 3696 909 909 907 907 891 891 913 913 3693 3693 3697 3697 3693 3693 913 913 3693 3693 3697 3697 3684 3684 3696 3696 3684 3684 3697 3697 3684 3684 3696 3696 3686 3686 3695 3695 3686 3686 3696 3696 3686 3686 3695 3695 3688 3688 3672 3672 3688 3688 3695 3695 3688 3688 3672 3672 3682 3682 2083 2083 3682 3682 3672 3672 3682 3682 2083 2083 2085 2085 896 896 914 914 3678 3678 3668 3668 3678 3678 914 914 3678 3678 3668 3668 3671 3671 3692 3692 3671 3671 3668 3668 3671 3671 3692 3692 3669 3669 3691 3691 3669 3669 3692 3692 3698 3698 3699 3699 3700 3700 3701 3701 3700 3700 3699 3699 3700 3700 3701 3701 3702 3702 3703 3703 3704 3704 3700 3700 3705 3705 3700 3700 3704 3704 3700 3700 3705 3705 3698 3698 3706 3706 3707 3707 3700 3700 3708 3708 3700 3700 3707 3707 3700 3700 3708 3708 3703 3703 3709 3709 3710 3710 3700 3700 3711 3711 3700 3700 3710 3710 3700 3700 3711 3711 3706 3706 3712 3712 3713 3713 3700 3700 3714 3714 3700 3700 3713 3713 3700 3700 3714 3714 3709 3709 3715 3715 3716 3716 3700 3700 3717 3717 3700 3700 3716 3716 3700 3700 3717 3717 3712 3712 3718 3718 3719 3719 3700 3700 3720 3720 3700 3700 3719 3719 3700 3700 3720 3720 3715 3715 3702 3702 3721 3721 3700 3700 3722 3722 3700 3700 3721 3721 3700 3700 3722 3722 3718 3718 3723 3723 3724 3724 3725 3725 2091 2091 3726 3726 3727 3727 2091 2091 3727 3727 3728 3728 3729 3729 3730 3730 3731 3731 3732 3732 3731 3731 3730 3730 3731 3731 3732 3732 3733 3733 1261 1261 3733 3733 3732 3732 3733 3733 1261 1261 1252 1252 3723 3723 3725 3725 3731 3731 3734 3734 3731 3731 3725 3725 3731 3731 3734 3734 3729 3729 3735 3735 3736 3736 3737 3737 3738 3738 3737 3737 3736 3736 3737 3737 3738 3738 3739 3739 3738 3738 3740 3740 3739 3739 3741 3741 3739 3739 3740 3740 3739 3739 3741 3741 3742 3742 3743 3743 3742 3742 3741 3741 3742 3742 3743 3743 3724 3724 3744 3744 3724 3724 3743 3743 3724 3724 3744 3744 3725 3725 3727 3727 3745 3745 3728 3728 3746 3746 3728 3728 3745 3745 3728 3728 3746 3746 3747 3747 3746 3746 3748 3748 3747 3747 3749 3749 3747 3747 3748 3748 3747 3747 3749 3749 3750 3750 3751 3751 3750 3750 3749 3749 3750 3750 3751 3751 3752 3752 3753 3753 3752 3752 3751 3751 3752 3752 3753 3753 3735 3735 3754 3754 3735 3735 3753 3753 3735 3735 3754 3754 3736 3736 3755 3755 3756 3756 3757 3757 3758 3758 3757 3757 3756 3756 3757 3757 3758 3758 3759 3759 3760 3760 3759 3759 3758 3758 3759 3759 3760 3760 3761 3761 3762 3762 3761 3761 3760 3760 3761 3761 3762 3762 3763 3763 3764 3764 3763 3763 3762 3762 3763 3763 3764 3764 3765 3765 3766 3766 3765 3765 3764 3764 3765 3765 3766 3766 3767 3767 3768 3768 3767 3767 3766 3766 3767 3767 3768 3768 3769 3769 3770 3770 3769 3769 3768 3768 3769 3769 3770 3770 3771 3771 3772 3772 3771 3771 3770 3770 3771 3771 3772 3772 3773 3773 3774 3774 3773 3773 3772 3772 3773 3773 3774 3774 3775 3775 3776 3776 3775 3775 3774 3774 3775 3775 3776 3776 3777 3777 3778 3778 3777 3777 3776 3776 3777 3777 3778 3778 3779 3779 3780 3780 3779 3779 3778 3778 3779 3779 3780 3780 3781 3781 3782 3782 3781 3781 3780 3780 3781 3781 3782 3782 3783 3783 3784 3784 3783 3783 3782 3782 3783 3783 3784 3784 3785 3785 3786 3786 3785 3785 3784 3784 3785 3785 3786 3786 3787 3787 3788 3788 3787 3787 3786 3786 3787 3787 3788 3788 3789 3789 3790 3790 3789 3789 3788 3788 3789 3789 3790 3790 3791 3791 3792 3792 3791 3791 3790 3790 3791 3791 3792 3792 3793 3793 3794 3794 3793 3793 3792 3792 3793 3793 3794 3794 3795 3795 3796 3796 3795 3795 3794 3794 3795 3795 3796 3796 3797 3797 3798 3798 3797 3797 3796 3796 3797 3797 3798 3798 3799 3799 3800 3800 3799 3799 3798 3798 3799 3799 3800 3800 3801 3801 3802 3802 3801 3801 3800 3800 3801 3801 3802 3802 3755 3755 3756 3756 3755 3755 3802 3802 1340 1340 1345 1345 3803 3803 1591 1591 1343 1343 3803 3803 1341 1341 3803 3803 1343 1343 3803 3803 1341 1341 1340 1340 1591 1591 3804 3804 1343 1343 3805 3805 1343 1343 3804 3804 1343 1343 3805 3805 1344 1344 3805 3805 3806 3806 1344 1344 3807 3807 1344 1344 3806 3806 1344 1344 3807 3807 1339 1339 3808 3808 1339 1339 3807 3807 1339 1339 3808 3808 1337 1337 1337 1337 3808 3808 1336 1336 3809 3809 1336 1336 3808 3808 1336 1336 3809 3809 1334 1334 3809 3809 3810 3810 1334 1334 3811 3811 1334 1334 3810 3810 1334 1334 3811 3811 1329 1329 1330 1330 1329 1329 3811 3811 3811 3811 3812 3812 1330 1330 3813 3813 1330 1330 3812 3812 1330 1330 3813 3813 1332 1332 3814 3814 1332 1332 3813 3813 1332 1332 3814 3814 1333 1333 3814 3814 3815 3815 1333 1333 3816 3816 1333 1333 3815 3815 1333 1333 3816 3816 3817 3817 1426 1426 1321 1321 1322 1322 1426 1426 1322 1322 1427 1427 3816 3816 3818 3818 3817 3817 3819 3819 3817 3817 3818 3818 3817 3817 3819 3819 1328 1328 3820 3820 1328 1328 3819 3819 1328 1328 3820 3820 1325 1325 3821 3821 1325 1325 3820 3820 1325 1325 3821 3821 1323 1323 3822 3822 1323 1323 3821 3821 1323 1323 3822 3822 1322 1322 1366 1366 1322 1322 3822 3822 1322 1322 1366 1366 1427 1427 3823 3823 3824 3824 3825 3825 3826 3826 3825 3825 3824 3824 3825 3825 3826 3826 3827 3827 3828 3828 3827 3827 3826 3826 3827 3827 3828 3828 3829 3829 3830 3830 3829 3829 3828 3828 3829 3829 3830 3830 3831 3831 3832 3832 3831 3831 3830 3830 3831 3831 3832 3832 3833 3833 3834 3834 3833 3833 3832 3832 3833 3833 3834 3834 3835 3835 3836 3836 3835 3835 3834 3834 3835 3835 3836 3836 3837 3837 3838 3838 3837 3837 3836 3836 3837 3837 3838 3838 3839 3839 3840 3840 3839 3839 3838 3838 3839 3839 3840 3840 3841 3841 3842 3842 3841 3841 3840 3840 3841 3841 3842 3842 3843 3843 3844 3844 3843 3843 3842 3842 3843 3843 3844 3844 3845 3845 3846 3846 3845 3845 3844 3844 3845 3845 3846 3846 3847 3847 3848 3848 3847 3847 3846 3846 3847 3847 3848 3848 3849 3849 3850 3850 3849 3849 3848 3848 3849 3849 3850 3850 3851 3851 3852 3852 3851 3851 3850 3850 3851 3851 3852 3852 3853 3853 3854 3854 3853 3853 3852 3852 3853 3853 3854 3854 3855 3855 3856 3856 3855 3855 3854 3854 3855 3855 3856 3856 3857 3857 3858 3858 3857 3857 3856 3856 3857 3857 3858 3858 3859 3859 3860 3860 3859 3859 3858 3858 3859 3859 3860 3860 3861 3861 3862 3862 3861 3861 3860 3860 3861 3861 3862 3862 3863 3863 3864 3864 3863 3863 3862 3862 3863 3863 3864 3864 3865 3865 3866 3866 3865 3865 3864 3864 3865 3865 3866 3866 3867 3867 3868 3868 3867 3867 3866 3866 3867 3867 3868 3868 3869 3869 3870 3870 3869 3869 3868 3868 3869 3869 3870 3870 3823 3823 3824 3824 3823 3823 3870 3870 3871 3871 3872 3872 3873 3873 3874 3874 3873 3873 3872 3872 3873 3873 3874 3874 3875 3875 3876 3876 3875 3875 3874 3874 3875 3875 3876 3876 3877 3877 3878 3878 3877 3877 3876 3876 3877 3877 3878 3878 3879 3879 3880 3880 3879 3879 3878 3878 3879 3879 3880 3880 3881 3881 3882 3882 3881 3881 3880 3880 3881 3881 3882 3882 3883 3883 3884 3884 3883 3883 3882 3882 3883 3883 3884 3884 3885 3885 3886 3886 3885 3885 3884 3884 3885 3885 3886 3886 3887 3887 3888 3888 3887 3887 3886 3886 3887 3887 3888 3888 3889 3889 3890 3890 3889 3889 3888 3888 3889 3889 3890 3890 3891 3891 3892 3892 3891 3891 3890 3890 3891 3891 3892 3892 3893 3893 3894 3894 3893 3893 3892 3892 3893 3893 3894 3894 3895 3895 3896 3896 3895 3895 3894 3894 3895 3895 3896 3896 3897 3897 3898 3898 3897 3897 3896 3896 3897 3897 3898 3898 3899 3899 3900 3900 3899 3899 3898 3898 3899 3899 3900 3900 3901 3901 3902 3902 3901 3901 3900 3900 3901 3901 3902 3902 3903 3903 3904 3904 3903 3903 3902 3902 3903 3903 3904 3904 3905 3905 3906 3906 3905 3905 3904 3904 3905 3905 3906 3906 3907 3907 3908 3908 3907 3907 3906 3906 3907 3907 3908 3908 3909 3909 3910 3910 3909 3909 3908 3908 3909 3909 3910 3910 3911 3911 3912 3912 3911 3911 3910 3910 3911 3911 3912 3912 3913 3913 3914 3914 3913 3913 3912 3912 3913 3913 3914 3914 3915 3915 3916 3916 3915 3915 3914 3914 3915 3915 3916 3916 3917 3917 3918 3918 3917 3917 3916 3916 3917 3917 3918 3918 3871 3871 3872 3872 3871 3871 3918 3918 3919 3919 3920 3920 3921 3921 3919 3919 3921 3921 3922 3922 3923 3923 3922 3922 3921 3921 3922 3922 3923 3923 3924 3924 3925 3925 3924 3924 3923 3923 3924 3924 3925 3925 3926 3926 3927 3927 3926 3926 3925 3925 3926 3926 3927 3927 3928 3928 3929 3929 3928 3928 3927 3927 3928 3928 3929 3929 3930 3930 3931 3931 3930 3930 3929 3929 3930 3930 3931 3931 3932 3932 3933 3933 3934 3934 3935 3935 3936 3936 3935 3935 3934 3934 3935 3935 3936 3936 3937 3937 3938 3938 3937 3937 3936 3936 3937 3937 3938 3938 3939 3939 3940 3940 3939 3939 3938 3938 3939 3939 3940 3940 3941 3941 3942 3942 3941 3941 3940 3940 3941 3941 3942 3942 3943 3943 3944 3944 3943 3943 3942 3942 3943 3943 3944 3944 3945 3945 3946 3946 3945 3945 3944 3944 3945 3945 3946 3946 3947 3947 3948 3948 3947 3947 3946 3946 3947 3947 3948 3948 3949 3949 3950 3950 3949 3949 3948 3948 3949 3949 3950 3950 3951 3951 3952 3952 3951 3951 3950 3950 3951 3951 3952 3952 3953 3953 3954 3954 3953 3953 3952 3952 3953 3953 3954 3954 3955 3955 3956 3956 3955 3955 3954 3954 3955 3955 3956 3956 3957 3957 3958 3958 3957 3957 3956 3956 3957 3957 3958 3958 3959 3959 3960 3960 3959 3959 3958 3958 3959 3959 3960 3960 3961 3961 3962 3962 3961 3961 3960 3960 3961 3961 3962 3962 3963 3963 3964 3964 3963 3963 3962 3962 3963 3963 3964 3964 3965 3965 3966 3966 3965 3965 3964 3964 3965 3965 3966 3966 3967 3967 3968 3968 3967 3967 3966 3966 3967 3967 3968 3968 3969 3969 3970 3970 3969 3969 3968 3968 3969 3969 3970 3970 3971 3971 3972 3972 3971 3971 3970 3970 3971 3971 3972 3972 3973 3973 3974 3974 3973 3973 3972 3972 3973 3973 3974 3974 3975 3975 3976 3976 3975 3975 3974 3974 3975 3975 3976 3976 3977 3977 3978 3978 3977 3977 3976 3976 3977 3977 3978 3978 3979 3979 3980 3980 3979 3979 3978 3978 3979 3979 3980 3980 3933 3933 3934 3934 3933 3933 3980 3980 3981 3981 3982 3982 3983 3983 3981 3981 3983 3983 3984 3984 3985 3985 3984 3984 3983 3983 3984 3984 3985 3985 3986 3986 3987 3987 3986 3986 3985 3985 3986 3986 3987 3987 3988 3988 3989 3989 3988 3988 3987 3987 3988 3988 3989 3989 3990 3990 3991 3991 3990 3990 3989 3989 3990 3990 3991 3991 3992 3992 3993 3993 3992 3992 3991 3991 3992 3992 3993 3993 3994 3994 3995 3995 3996 3996 3997 3997 3998 3998 3999 3999 4000 4000 4001 4001 4002 4002 4003 4003 4004 4004 4005 4005 4006 4006 4007 4007 4008 4008 4009 4009 4010 4010 1165 1165 4011 4011 4012 4012 1190 1190 4013 4013 1189 1189 4013 4013 1190 1190 4013 4013 1189 1189 1188 1188 1180 1180 1182 1182 4014 4014 4015 4015 4014 4014 1182 1182 4014 4014 4015 4015 1186 1186 4016 4016 4017 4017 4018 4018 4019 4019 4018 4018 4017 4017 4019 4019 4020 4020 4018 4018 1096 1096 4018 4018 4020 4020 4018 4018 1096 1096 4014 4014 4021 4021 4014 4014 1096 1096 4014 4014 4021 4021 1180 1180 1173 1173 1172 1172 4022 4022 1170 1170 4022 4022 1172 1172 4022 4022 1170 1170 4023 4023 4024 4024 4023 4023 1170 1170 4023 4023 4024 4024 4025 4025 1164 1164 4026 4026 4027 4027 4028 4028 4027 4027 4026 4026 4029 4029 4030 4030 4031 4031 4031 4031 4032 4032 4029 4029 4033 4033 4029 4029 4032 4032 4029 4029 4033 4033 4034 4034 4035 4035 4034 4034 4033 4033 4034 4034 4035 4035 1100 1100 4036 4036 1383 1383 4037 4037 4036 4036 4037 4037 4034 4034 1369 1369 4034 4034 4037 4037 4034 4034 1369 1369 4029 4029 4038 4038 1386 1386 4039 4039 4040 4040 4039 4039 1386 1386 4039 4039 4040 4040 4041 4041 1379 1379 4041 4041 4040 4040 4041 4041 1379 1379 4036 4036 1381 1381 4036 4036 1379 1379 4036 4036 1381 1381 1383 1383 1394 1394 1392 1392 4042 4042 1390 1390 4042 4042 1392 1392 4043 4043 1399 1399 1395 1395 1407 1407 1405 1405 4044 4044 1403 1403 4044 4044 1405 1405 4044 4044 1403 1403 4043 4043 1402 1402 4043 4043 1403 1403 4043 4043 1402 1402 1399 1399 1407 1407 4044 4044 1409 1409 4045 4045 1409 1409 4044 4044 1409 1409 4045 4045 1411 1411 4006 4006 1418 1418 4045 4045 1412 1412 4045 4045 1418 1418 4045 4045 1412 1412 1411 1411 4046 4046 1439 1439 1437 1437 4046 4046 1437 1437 4005 4005 1444 1444 4005 4005 1437 1437 4005 4005 1444 1444 4006 4006 1417 1417 4006 4006 1444 1444 4006 4006 1417 1417 1418 1418 4047 4047 4048 4048 4049 4049 2459 2459 4049 4049 4048 4048 4049 4049 2459 2459 2457 2457 4050 4050 2470 2470 4048 4048 2469 2469 4048 4048 2470 2470 4048 4048 2469 2469 2459 2459 2478 2478 2476 2476 4051 4051 2474 2474 4051 4051 2476 2476 4051 4051 2474 2474 4050 4050 2472 2472 4050 4050 2474 2474 4050 4050 2472 2472 2470 2470 4052 4052 4053 4053 4054 4054 4055 4055 4054 4054 4053 4053 4056 4056 2461 2461 4057 4057 2462 2462 4013 4013 2464 2464 1188 1188 2464 2464 4013 4013 2464 2464 1188 1188 2465 2465 4007 4007 4009 4009 4058 4058 4059 4059 4001 4001 4060 4060 2480 2480 2478 2478 4061 4061 4051 4051 4061 4061 2478 2478 4061 4061 4051 4051 4002 4002 4062 4062 4063 4063 4064 4064 4059 4059 4060 4060 4065 4065 4066 4066 4065 4065 4060 4060 4065 4065 4066 4066 4067 4067 4062 4062 4067 4067 4066 4066 4067 4067 4062 4062 4000 4000 4064 4064 4000 4000 4062 4062 4000 4000 4064 4064 3998 3998 4002 4002 4051 4051 4003 4003 4050 4050 4003 4003 4051 4051 4003 4003 4050 4050 4068 4068 4048 4048 4068 4068 4050 4050 4068 4068 4048 4048 4069 4069 4047 4047 4070 4070 4048 4048 4071 4071 4048 4048 4070 4070 4048 4048 4071 4071 4069 4069 4072 4072 4069 4069 4071 4071 4069 4069 4072 4072 4073 4073 4001 4001 4003 4003 4060 4060 4068 4068 4060 4060 4003 4003 4060 4060 4068 4068 4066 4066 4069 4069 4066 4066 4068 4068 4066 4066 4069 4069 4062 4062 4073 4073 4062 4062 4069 4069 4062 4062 4073 4073 4063 4063 4012 4012 4013 4013 1186 1186 4074 4074 1186 1186 4013 4013 1186 1186 4074 4074 4014 4014 4075 4075 4014 4014 4074 4074 4014 4014 4075 4075 4018 4018 4025 4025 4016 4016 4023 4023 4018 4018 4023 4023 4016 4016 4023 4023 4018 4018 4076 4076 4075 4075 4076 4076 4018 4018 4076 4076 4075 4075 4077 4077 4077 4077 4075 4075 4078 4078 4074 4074 4078 4078 4075 4075 4078 4078 4074 4074 4079 4079 4013 4013 4079 4079 4074 4074 4079 4079 4013 4013 4056 4056 2462 2462 4056 4056 4013 4013 4056 4056 2462 2462 2461 2461 3996 3996 4058 4058 3997 3997 4009 4009 3997 3997 4058 4058 3997 3997 4009 4009 4080 4080 4081 4081 4080 4080 4009 4009 4080 4080 4081 4081 4082 4082 4083 4083 4082 4082 4081 4081 4082 4082 4083 4083 4084 4084 4085 4085 4084 4084 4083 4083 4084 4084 4085 4085 4086 4086 4042 4042 4086 4086 4085 4085 4086 4086 4042 4042 4039 4039 1390 1390 4039 4039 4042 4042 4039 4039 1390 1390 4038 4038 1165 1165 1164 1164 4011 4011 4027 4027 4011 4011 1164 1164 4011 4011 4027 4027 4087 4087 4088 4088 4087 4087 4027 4027 4087 4087 4088 4088 4089 4089 4090 4090 4089 4089 4088 4088 4089 4089 4090 4090 4091 4091 4092 4092 4091 4091 4090 4090 4091 4091 4092 4092 4093 4093 4094 4094 4093 4093 4092 4092 4093 4093 4094 4094 4059 4059 4095 4095 4059 4059 4094 4094 4059 4059 4095 4095 4001 4001 4096 4096 4001 4001 4095 4095 4001 4001 4096 4096 4002 4002 4054 4054 4002 4002 4096 4096 4002 4002 4054 4054 4061 4061 4055 4055 4061 4061 4054 4054 4061 4061 4055 4055 2480 2480 4008 4008 4004 4004 4009 4009 4006 4006 4009 4009 4004 4004 4009 4009 4006 4006 4081 4081 4045 4045 4081 4081 4006 4006 4081 4081 4045 4045 4083 4083 4044 4044 4083 4083 4045 4045 4083 4083 4044 4044 4085 4085 4043 4043 4085 4085 4044 4044 4085 4085 4043 4043 4042 4042 1395 1395 4042 4042 4043 4043 4042 4042 1395 1395 1394 1394 4028 4028 1173 1173 4027 4027 4022 4022 4027 4027 1173 1173 4027 4027 4022 4022 4088 4088 4023 4023 4088 4088 4022 4022 4088 4088 4023 4023 4090 4090 4076 4076 4090 4090 4023 4023 4090 4090 4076 4076 4092 4092 4077 4077 4092 4092 4076 4076 4092 4092 4077 4077 4094 4094 4078 4078 4094 4094 4077 4077 4094 4094 4078 4078 4095 4095 4079 4079 4095 4095 4078 4078 4095 4095 4079 4079 4096 4096 4056 4056 4096 4096 4079 4079 4096 4096 4056 4056 4054 4054 4057 4057 4054 4054 4056 4056 4054 4054 4057 4057 4052 4052 1100 1100 4010 4010 4034 4034 4011 4011 4034 4034 4010 4010 4034 4034 4011 4011 4036 4036 4087 4087 4036 4036 4011 4011 4036 4036 4087 4087 4041 4041 4089 4089 4041 4041 4087 4087 4041 4041 4089 4089 4039 4039 4091 4091 4039 4039 4089 4089 4039 4039 4091 4091 4086 4086 4093 4093 4086 4086 4091 4091 4086 4086 4093 4093 4084 4084 4059 4059 4084 4084 4093 4093 4084 4084 4059 4059 4082 4082 4065 4065 4082 4082 4059 4059 4082 4082 4065 4065 4080 4080 4067 4067 4080 4080 4065 4065 4080 4080 4067 4067 3997 3997 4000 4000 3997 3997 4067 4067 3997 3997 4000 4000 3995 3995 3999 3999 3995 3995 4000 4000 4097 4097 4098 4098 4099 4099 4100 4100 4099 4099 4098 4098 4099 4099 4100 4100 4101 4101 4102 4102 4103 4103 4099 4099 4104 4104 4099 4099 4103 4103 4099 4099 4104 4104 4097 4097 4105 4105 4106 4106 4099 4099 4107 4107 4099 4099 4106 4106 4099 4099 4107 4107 4102 4102 4108 4108 4109 4109 4099 4099 4110 4110 4099 4099 4109 4109 4099 4099 4110 4110 4105 4105 4111 4111 4112 4112 4099 4099 4113 4113 4099 4099 4112 4112 4099 4099 4113 4113 4108 4108 4114 4114 4115 4115 4099 4099 4116 4116 4099 4099 4115 4115 4099 4099 4116 4116 4111 4111 4117 4117 4118 4118 4099 4099 4119 4119 4099 4099 4118 4118 4099 4099 4119 4119 4114 4114 4101 4101 4120 4120 4099 4099 4121 4121 4099 4099 4120 4120 4099 4099 4121 4121 4117 4117 4122 4122 4123 4123 4124 4124 4125 4125 4124 4124 4123 4123 4124 4124 4125 4125 4126 4126 4127 4127 4128 4128 4129 4129 4130 4130 4129 4129 4128 4128 4128 4128 4131 4131 4130 4130 4132 4132 4130 4130 4131 4131 4130 4130 4132 4132 4133 4133 4122 4122 4133 4133 4132 4132 4133 4133 4122 4122 4134 4134 4124 4124 4134 4134 4122 4122 4134 4134 4124 4124 4135 4135 4126 4126 4136 4136 4124 4124 4137 4137 4124 4124 4136 4136 4124 4124 4137 4137 4138 4138 4139 4139 4140 4140 4141 4141 4142 4142 4141 4141 4140 4140 3473 3473 3475 3475 4143 4143 3473 3473 4143 4143 4144 4144 4145 4145 4144 4144 4143 4143 4144 4144 4145 4145 4146 4146 4147 4147 4146 4146 4145 4145 4146 4146 4147 4147 4148 4148 4149 4149 4148 4148 4147 4147 4148 4148 4149 4149 4150 4150 4151 4151 4150 4150 4149 4149 4150 4150 4151 4151 4152 4152 4153 4153 4152 4152 4151 4151 4152 4152 4153 4153 4154 4154 4155 4155 4156 4156 4157 4157 4158 4158 4159 4159 4157 4157 4160 4160 4157 4157 4159 4159 4157 4157 4160 4160 4161 4161 4162 4162 4163 4163 4164 4164 4165 4165 4166 4166 4167 4167 4161 4161 4168 4168 4157 4157 4169 4169 4157 4157 4168 4168 4157 4157 4169 4169 4167 4167 4170 4170 4167 4167 4169 4169 4170 4170 4171 4171 4167 4167 4172 4172 4167 4167 4171 4171 4167 4167 4172 4172 4173 4173 4164 4164 4174 4174 4162 4162 4175 4175 4162 4162 4174 4174 4162 4162 4175 4175 4176 4176 4173 4173 4177 4177 4167 4167 4178 4178 4167 4167 4177 4177 4167 4167 4178 4178 4162 4162 4156 4156 4179 4179 4157 4157 4180 4180 4157 4157 4179 4179 4157 4157 4180 4180 4181 4181 4176 4176 4182 4182 4162 4162 4183 4183 4162 4162 4182 4182 4162 4162 4183 4183 4167 4167 4184 4184 4167 4167 4183 4183 4167 4167 4184 4184 4165 4165 4162 4162 4185 4185 4163 4163 4186 4186 4163 4163 4185 4185 4163 4163 4186 4186 4187 4187 4188 4188 4189 4189 4157 4157 4181 4181 4190 4190 4157 4157 4191 4191 4157 4157 4190 4190 4157 4157 4191 4191 4158 4158 4192 4192 4158 4158 4191 4191 4158 4158 4192 4192 4193 4193 4194 4194 4195 4195 4196 4196 4197 4197 4196 4196 4195 4195 4196 4196 4197 4197 4198 4198 4199 4199 4200 4200 4201 4201 4166 4166 4202 4202 4167 4167 4203 4203 4167 4167 4202 4202 4167 4167 4203 4203 4201 4201 4204 4204 4201 4201 4203 4203 4201 4201 4204 4204 4199 4199 4188 4188 4157 4157 4205 4205 4206 4206 4205 4205 4157 4157 4205 4205 4206 4206 4207 4207 4208 4208 4209 4209 4210 4210 4211 4211 4210 4210 4209 4209 4210 4210 4211 4211 4212 4212 4208 4208 4213 4213 4209 4209 4214 4214 4209 4209 4213 4213 4209 4209 4214 4214 4215 4215 4211 4211 4163 4163 4212 4212 4187 4187 4212 4212 4163 4163 4212 4212 4187 4187 4216 4216 4217 4217 4216 4216 4187 4187 4216 4216 4217 4217 4218 4218 4196 4196 4218 4218 4217 4217 4218 4218 4196 4196 4219 4219 4198 4198 4219 4219 4196 4196 4220 4220 4221 4221 4222 4222 4223 4223 4224 4224 4206 4206 4225 4225 4206 4206 4224 4224 4206 4206 4225 4225 4207 4207 4226 4226 4227 4227 4228 4228 4229 4229 4228 4228 4227 4227 4228 4228 4229 4229 4230 4230 4193 4193 4231 4231 4158 4158 4232 4232 4158 4158 4231 4231 4158 4158 4232 4232 4233 4233 4234 4234 4233 4233 4232 4232 4233 4233 4234 4234 4230 4230 4235 4235 4230 4230 4234 4234 4230 4230 4235 4235 4228 4228 4222 4222 4221 4221 4236 4236 4237 4237 4194 4194 4238 4238 4196 4196 4238 4238 4194 4194 4238 4238 4196 4196 4228 4228 4239 4239 4228 4228 4196 4196 4228 4228 4239 4239 4226 4226 4240 4240 4241 4241 4189 4189 4242 4242 4189 4189 4241 4241 4242 4242 4243 4243 4189 4189 4244 4244 4189 4189 4243 4243 4189 4189 4244 4244 4157 4157 4245 4245 4157 4157 4244 4244 4157 4157 4245 4245 4155 4155 4215 4215 4246 4246 4209 4209 4247 4247 4209 4209 4246 4246 4209 4209 4247 4247 4206 4206 4248 4248 4206 4206 4247 4247 4206 4206 4248 4248 4223 4223 4249 4249 4250 4250 4206 4206 4251 4251 4206 4206 4250 4250 4206 4206 4251 4251 4209 4209 4249 4249 4252 4252 4250 4250 4253 4253 4250 4250 4252 4252 4250 4250 4253 4253 4254 4254 4221 4221 4255 4255 4236 4236 4250 4250 4236 4236 4255 4255 4236 4236 4250 4250 4256 4256 4254 4254 4256 4256 4250 4250 4237 4237 4257 4257 4194 4194 4258 4258 4194 4194 4257 4257 4194 4194 4258 4258 4240 4240 4259 4259 4240 4240 4258 4258 4240 4240 4259 4259 4241 4241 4222 4222 4260 4260 4220 4220 4261 4261 4220 4220 4260 4260 4220 4220 4261 4261 4262 4262 4200 4200 4263 4263 4201 4201 4264 4264 4201 4201 4263 4263 4201 4201 4264 4264 4265 4265 4220 4220 4265 4265 4264 4264 4265 4265 4220 4220 4266 4266 4262 4262 4266 4266 4220 4220 4267 4267 4268 4268 4269 4269 4270 4270 4269 4269 4268 4268 4269 4269 4270 4270 4271 4271 4272 4272 4273 4273 4269 4269 4274 4274 4269 4269 4273 4273 4269 4269 4274 4274 4267 4267 2213 2213 2173 2173 4275 4275 2172 2172 4275 4275 2173 2173 4275 4275 2172 2172 4276 4276 2238 2238 4276 4276 2172 2172 4276 4276 2238 2238 4277 4277 4278 4278 4277 4277 2238 2238 4277 4277 4278 4278 4279 4279 4278 4278 4280 4280 4279 4279 4281 4281 4279 4279 4280 4280 4279 4279 4281 4281 4282 4282 4269 4269 4283 4283 4272 4272 4284 4284 4272 4272 4283 4283 4272 4272 4284 4284 4285 4285 4279 4279 4285 4285 4284 4284 4285 4285 4279 4279 4286 4286 4282 4282 3573 3573 4279 4279 4287 4287 4279 4279 3573 3573 4279 4279 4287 4287 4286 4286 4288 4288 4289 4289 3919 3919 4290 4290 3919 3919 4289 4289 3919 3919 4290 4290 3920 3920 3994 3994 3993 3993 4291 4291 3994 3994 4291 4291 4153 4153 4292 4292 4153 4153 4291 4291 4153 4153 4292 4292 4154 4154 673 673 671 671 4293 4293 612 612 614 614 4294 4294 698 698 700 700 4295 4295 4296 4296 4297 4297 4298 4298 2387 2387 2385 2385 4299 4299 4300 4300 2387 2387 4301 4301 4299 4299 4301 4301 2387 2387 4301 4301 4299 4299 4302 4302 4303 4303 4302 4302 4299 4299 4302 4302 4303 4303 4304 4304 4305 4305 4304 4304 4303 4303 4306 4306 4307 4307 4308 4308 4309 4309 4308 4308 4307 4307 4308 4308 4309 4309 4305 4305 4310 4310 4305 4305 4309 4309 4305 4305 4310 4310 4304 4304 4311 4311 4312 4312 4313 4313 4314 4314 4313 4313 4312 4312 4313 4313 4314 4314 4315 4315 4316 4316 4315 4315 4314 4314 4315 4315 4316 4316 4306 4306 4317 4317 4306 4306 4316 4316 4306 4306 4317 4317 4307 4307 4311 4311 4313 4313 4318 4318 4319 4319 4318 4318 4313 4313 4318 4318 4319 4319 4320 4320 4321 4321 4320 4320 4319 4319 4320 4320 4321 4321 4322 4322 4323 4323 4322 4322 4321 4321 4322 4322 4323 4323 4324 4324 4324 4324 4323 4323 4325 4325 4326 4326 4325 4325 4323 4323 4325 4325 4326 4326 4327 4327 4328 4328 4327 4327 4326 4326 4327 4327 4328 4328 4329 4329 4330 4330 4331 4331 4332 4332 4329 4329 4328 4328 4333 4333 4334 4334 4333 4333 4328 4328 4333 4333 4334 4334 4335 4335 4336 4336 4335 4335 4334 4334 4335 4335 4336 4336 4337 4337 4330 4330 4337 4337 4336 4336 4337 4337 4330 4330 4338 4338 4332 4332 4338 4338 4330 4330 4338 4338 4332 4332 4339 4339 4340 4340 4341 4341 4342 4342 4343 4343 4342 4342 4341 4341 4342 4342 4343 4343 4344 4344 618 618 619 619 4345 4345 4345 4345 4346 4346 618 618 4347 4347 618 618 4346 4346 618 618 4347 4347 617 617 677 677 4348 4348 675 675 4349 4349 675 675 4348 4348 675 675 4349 4349 691 691 4350 4350 4351 4351 684 684 4350 4350 684 684 4352 4352 684 684 686 686 4352 4352 688 688 4352 4352 686 686 4352 4352 688 688 4349 4349 690 690 4349 4349 688 688 4349 4349 690 690 691 691 4295 4295 700 700 4350 4350 702 702 4350 4350 700 700 4350 4350 702 702 4351 4351 698 698 4295 4295 696 696 4353 4353 696 696 4295 4295 696 696 4353 4353 710 710 4354 4354 716 716 706 706 4354 4354 706 706 4355 4355 706 706 708 708 4355 4355 4356 4356 4355 4355 708 708 4355 4355 4356 4356 4353 4353 711 711 4353 4353 4356 4356 4353 4353 711 711 710 710 4354 4354 4357 4357 4358 4358 716 716 4354 4354 717 717 4358 4358 717 717 4354 4354 717 717 4358 4358 719 719 2381 2381 2379 2379 4359 4359 4360 4360 4359 4359 2379 2379 4359 4359 4360 4360 4361 4361 4362 4362 4361 4361 4360 4360 4361 4361 4362 4362 4363 4363 4364 4364 4363 4363 4362 4362 4363 4363 4364 4364 4365 4365 4366 4366 4365 4365 4364 4364 4365 4365 4366 4366 4367 4367 4368 4368 4367 4367 4366 4366 4367 4367 4368 4368 4369 4369 4370 4370 4369 4369 4368 4368 4369 4369 4370 4370 4371 4371 4372 4372 4371 4371 4370 4370 4371 4371 4372 4372 4373 4373 4374 4374 4373 4373 4372 4372 4373 4373 4374 4374 4375 4375 4376 4376 4375 4375 4374 4374 4375 4375 4376 4376 4377 4377 4378 4378 4377 4377 4376 4376 4377 4377 4378 4378 4379 4379 4380 4380 4379 4379 4378 4378 4379 4379 4380 4380 4381 4381 4382 4382 4381 4381 4380 4380 4381 4381 4382 4382 4383 4383 4384 4384 4383 4383 4382 4382 4383 4383 4384 4384 4385 4385 4386 4386 4385 4385 4384 4384 4385 4385 4386 4386 4387 4387 4388 4388 4387 4387 4386 4386 2385 2385 2383 2383 4299 4299 4389 4389 4299 4299 2383 2383 4299 4299 4389 4389 4303 4303 4390 4390 4303 4303 4389 4389 4303 4303 4390 4390 4305 4305 4391 4391 4305 4305 4390 4390 4305 4305 4391 4391 4308 4308 4392 4392 4308 4308 4391 4391 4308 4308 4392 4392 4306 4306 4393 4393 4306 4306 4392 4392 4306 4306 4393 4393 4315 4315 4394 4394 4315 4315 4393 4393 4315 4315 4394 4394 4313 4313 4395 4395 4313 4313 4394 4394 4313 4313 4395 4395 4319 4319 4396 4396 4319 4319 4395 4395 4319 4319 4396 4396 4321 4321 4397 4397 4321 4321 4396 4396 4321 4321 4397 4397 4323 4323 4398 4398 4323 4323 4397 4397 4323 4323 4398 4398 4326 4326 4399 4399 4326 4326 4398 4398 4326 4326 4399 4399 4328 4328 4400 4400 4328 4328 4399 4399 4328 4328 4400 4400 4334 4334 4401 4401 4334 4334 4400 4400 4334 4334 4401 4401 4336 4336 4402 4402 4336 4336 4401 4401 4336 4336 4402 4402 4330 4330 4342 4342 4330 4330 4402 4402 4330 4330 4342 4342 4331 4331 4344 4344 4331 4331 4342 4342 2383 2383 2381 2381 4389 4389 4359 4359 4389 4389 2381 2381 4389 4389 4359 4359 4390 4390 4361 4361 4390 4390 4359 4359 4390 4390 4361 4361 4391 4391 4363 4363 4391 4391 4361 4361 4391 4391 4363 4363 4392 4392 4365 4365 4392 4392 4363 4363 4392 4392 4365 4365 4393 4393 4367 4367 4393 4393 4365 4365 4393 4393 4367 4367 4394 4394 4369 4369 4394 4394 4367 4367 4394 4394 4369 4369 4395 4395 4371 4371 4395 4395 4369 4369 4395 4395 4371 4371 4396 4396 4373 4373 4396 4396 4371 4371 4396 4396 4373 4373 4397 4397 4375 4375 4397 4397 4373 4373 4397 4397 4375 4375 4398 4398 4377 4377 4398 4398 4375 4375 4398 4398 4377 4377 4399 4399 4379 4379 4399 4399 4377 4377 4399 4399 4379 4379 4400 4400 4381 4381 4400 4400 4379 4379 4400 4400 4381 4381 4401 4401 4383 4383 4401 4401 4381 4381 4401 4401 4383 4383 4402 4402 4385 4385 4402 4402 4383 4383 4402 4402 4385 4385 4342 4342 4387 4387 4342 4342 4385 4385 4342 4342 4387 4387 4340 4340 4388 4388 4340 4340 4387 4387 4340 4340 4388 4388 4403 4403 4404 4404 4403 4403 4388 4388 4294 4294 614 614 4347 4347 615 615 4347 4347 614 614 4347 4347 615 615 617 617 612 612 4294 4294 610 610 4405 4405 610 610 4294 4294 610 610 4405 4405 668 668 4293 4293 671 671 4405 4405 669 669 4405 4405 671 671 4405 4405 669 669 668 668 673 673 4293 4293 660 660 4406 4406 660 660 4293 4293 660 660 4406 4406 659 659 4407 4407 656 656 4406 4406 657 657 4406 4406 656 656 4406 4406 657 657 659 659 4408 4408 645 645 4407 4407 4409 4409 4407 4407 645 645 4407 4407 4409 4409 656 656 677 677 4410 4410 4348 4348 680 680 4348 4348 4410 4410 4348 4348 680 680 4408 4408 679 679 4408 4408 680 680 4408 4408 679 679 645 645 4411 4411 4412 4412 4413 4413 4414 4414 4413 4413 4412 4412 4413 4413 4414 4414 4415 4415 4416 4416 4415 4415 4414 4414 4415 4415 4416 4416 4417 4417 4418 4418 4417 4417 4416 4416 4417 4417 4418 4418 4419 4419 4420 4420 4419 4419 4418 4418 4419 4419 4420 4420 4421 4421 4422 4422 4421 4421 4420 4420 4421 4421 4422 4422 4423 4423 4424 4424 4423 4423 4422 4422 4423 4423 4424 4424 4425 4425 4426 4426 4425 4425 4424 4424 4425 4425 4426 4426 4427 4427 4428 4428 4427 4427 4426 4426 4427 4427 4428 4428 4429 4429 4430 4430 4429 4429 4428 4428 4429 4429 4430 4430 4431 4431 4432 4432 4431 4431 4430 4430 4431 4431 4432 4432 4433 4433 4434 4434 4433 4433 4432 4432 4433 4433 4434 4434 4435 4435 4436 4436 4435 4435 4434 4434 4435 4435 4436 4436 4437 4437 4438 4438 4437 4437 4436 4436 4437 4437 4438 4438 4439 4439 4440 4440 4439 4439 4438 4438 4439 4439 4440 4440 4441 4441 4298 4298 4441 4441 4440 4440 4441 4441 4298 4298 4442 4442 4297 4297 4442 4442 4298 4298 4412 4412 4357 4357 4414 4414 4354 4354 4414 4414 4357 4357 4414 4414 4354 4354 4416 4416 4355 4355 4416 4416 4354 4354 4416 4416 4355 4355 4418 4418 4353 4353 4418 4418 4355 4355 4418 4418 4353 4353 4420 4420 4295 4295 4420 4420 4353 4353 4420 4420 4295 4295 4422 4422 4350 4350 4422 4422 4295 4295 4422 4422 4350 4350 4424 4424 4352 4352 4424 4424 4350 4350 4424 4424 4352 4352 4426 4426 4349 4349 4426 4426 4352 4352 4426 4426 4349 4349 4428 4428 4348 4348 4428 4428 4349 4349 4428 4428 4348 4348 4430 4430 4408 4408 4430 4430 4348 4348 4430 4430 4408 4408 4432 4432 4407 4407 4432 4432 4408 4408 4432 4432 4407 4407 4434 4434 4406 4406 4434 4434 4407 4407 4434 4434 4406 4406 4436 4436 4293 4293 4436 4436 4406 4406 4436 4436 4293 4293 4438 4438 4405 4405 4438 4438 4293 4293 4438 4438 4405 4405 4440 4440 4294 4294 4440 4440 4405 4405 4440 4440 4294 4294 4298 4298 4347 4347 4298 4298 4294 4294 4298 4298 4347 4347 4296 4296 4346 4346 4296 4296 4347 4347 4443 4443 2376 2376 4413 4413 4444 4444 4413 4413 2376 2376 4413 4413 4444 4444 4411 4411 2379 2379 4443 4443 4360 4360 4413 4413 4360 4360 4443 4443 4360 4360 4413 4413 4362 4362 4415 4415 4362 4362 4413 4413 4362 4362 4415 4415 4364 4364 4417 4417 4364 4364 4415 4415 4364 4364 4417 4417 4366 4366 4419 4419 4366 4366 4417 4417 4366 4366 4419 4419 4368 4368 4421 4421 4368 4368 4419 4419 4368 4368 4421 4421 4370 4370 4423 4423 4370 4370 4421 4421 4370 4370 4423 4423 4372 4372 4425 4425 4372 4372 4423 4423 4372 4372 4425 4425 4374 4374 4427 4427 4374 4374 4425 4425 4374 4374 4427 4427 4376 4376 4429 4429 4376 4376 4427 4427 4376 4376 4429 4429 4378 4378 4431 4431 4378 4378 4429 4429 4378 4378 4431 4431 4380 4380 4433 4433 4380 4380 4431 4431 4380 4380 4433 4433 4382 4382 4435 4435 4382 4382 4433 4433 4382 4382 4435 4435 4384 4384 4437 4437 4384 4384 4435 4435 4384 4384 4437 4437 4386 4386 4439 4439 4386 4386 4437 4437 4386 4386 4439 4439 4388 4388 4441 4441 4388 4388 4439 4439 4388 4388 4441 4441 4404 4404 4442 4442 4404 4404 4441 4441 2078 2078 918 918 4445 4445 919 919 4445 4445 918 918 4445 4445 919 919 4446 4446 920 920 4446 4446 919 919 4446 4446 920 920 4447 4447 917 917 4447 4447 920 920 4447 4447 917 917 1040 1040 4448 4448 3269 3269 3268 3268 4448 4448 3268 3268 4449 4449 3289 3289 1063 1063 1062 1062 3289 3289 1062 1062 3287 3287 1024 1024 1021 1021 3253 3253 3268 3268 3276 3276 4449 4449 3275 3275 4449 4449 3276 3276 4449 4449 3275 3275 4450 4450 3273 3273 4450 4450 3275 3275 4450 4450 3273 3273 4451 4451 3271 3271 4451 4451 3273 3273 4451 4451 3271 3271 4452 4452 3270 3270 4452 4452 3271 3271 4452 4452 3270 3270 4453 4453 3277 3277 4453 4453 3270 3270 4453 4453 3277 3277 4454 4454 4455 4455 4454 4454 3277 3277 4454 4454 4455 4455 4456 4456 3281 3281 4456 4456 4455 4455 4456 4456 3281 3281 4457 4457 3282 3282 4457 4457 3281 3281 4457 4457 3282 3282 4458 4458 3284 3284 4458 4458 3282 3282 4458 4458 3284 3284 1062 1062 3286 3286 1062 1062 3284 3284 1062 1062 3286 3286 3287 3287 4448 4448 4459 4459 3269 3269 4460 4460 3269 3269 4459 4459 3269 3269 4460 4460 3263 3263 4461 4461 3263 3263 4460 4460 3263 3263 4461 4461 3265 3265 4462 4462 3265 3265 4461 4461 3265 3265 4462 4462 4463 4463 4464 4464 4463 4463 4462 4462 4463 4463 4464 4464 4465 4465 4466 4466 4465 4465 4464 4464 4465 4465 4466 4466 3259 3259 4467 4467 3259 3259 4466 4466 3259 3259 4467 4467 3257 3257 4468 4468 3257 3257 4467 4467 3257 3257 4468 4468 3255 3255 4469 4469 3255 3255 4468 4468 3255 3255 4469 4469 3250 3250 1024 1024 3250 3250 4469 4469 3250 3250 1024 1024 3251 3251 3253 3253 3251 3251 1024 1024 1042 1042 1041 1041 4470 4470 4471 4471 4470 4470 1041 1041 4470 4470 4471 4471 4472 4472 4473 4473 4472 4472 4471 4471 4472 4472 4473 4473 1091 1091 1089 1089 1091 1091 4473 4473 4474 4474 3491 3491 3490 3490 4475 4475 4476 4476 3490 3490 4477 4477 4478 4478 3490 3490 4479 4479 3490 3490 4478 4478 4479 4479 4480 4480 3490 3490 4481 4481 3490 3490 4480 4480 3490 3490 4481 4481 4482 4482 3490 3490 4483 4483 4484 4484 4485 4485 4486 4486 3490 3490 4487 4487 3490 3490 4486 4486 3490 3490 4487 4487 4488 4488 4488 4488 4489 4489 3490 3490 4490 4490 3490 3490 4489 4489 3490 3490 4490 4490 4491 4491 4482 4482 4492 4492 3490 3490 4493 4493 3490 3490 4492 4492 3490 3490 4493 4493 4494 4494 4494 4494 4495 4495 3490 3490 4496 4496 3490 3490 4495 4495 3490 3490 4496 4496 4475 4475 4476 4476 4497 4497 3490 3490 4498 4498 3490 3490 4497 4497 3490 3490 4498 4498 4483 4483 4484 4484 4499 4499 3490 3490 4500 4500 3490 3490 4499 4499 3490 3490 4500 4500 4501 4501 4501 4501 4502 4502 3490 3490 4503 4503 3490 3490 4502 4502 3490 3490 4503 4503 4504 4504 4504 4504 4505 4505 3490 3490 4506 4506 3490 3490 4505 4505 3490 3490 4506 4506 4507 4507 4508 4508 4509 4509 4510 4510 4511 4511 4512 4512 4513 4513 4491 4491 4514 4514 3490 3490 4515 4515 3490 3490 4514 4514 3490 3490 4515 4515 4516 4516 4516 4516 4517 4517 3490 3490 4518 4518 3490 3490 4517 4517 3490 3490 4518 4518 4477 4477 4507 4507 4519 4519 3490 3490 4520 4520 3490 3490 4519 4519 3490 3490 4520 4520 4521 4521 4521 4521 4522 4522 3490 3490 4523 4523 3490 3490 4522 4522 3490 3490 4523 4523 4524 4524 4508 4508 4510 4510 4511 4511 4525 4525 4511 4511 4510 4510 4511 4511 4525 4525 4512 4512 3490 3490 4526 4526 4485 4485 4511 4511 4485 4485 4526 4526 4485 4485 4511 4511 4527 4527 4513 4513 4527 4527 4511 4511 4524 4524 4528 4528 3490 3490 4529 4529 3490 3490 4528 4528 3490 3490 4529 4529 4530 4530 4530 4530 4531 4531 3490 3490 4532 4532 3490 3490 4531 4531 3490 3490 4532 4532 4474 4474 4310 4310 4533 4533 4304 4304 4302 4302 4304 4304 4533 4533 1051 1051 1050 1050 4534 4534 2389 2389 4534 4534 1050 1050 4534 4534 2389 2389 4533 4533 4301 4301 4533 4533 2389 2389 4533 4533 4301 4301 4302 4302 4535 4535 4536 4536 4537 4537 4536 4536 4538 4538 4537 4537 4539 4539 4537 4537 4538 4538 4537 4537 4539 4539 4540 4540 4541 4541 4540 4540 4539 4539 4540 4540 4541 4541 2507 2507 4542 4542 2507 2507 4541 4541 2507 2507 4542 4542 2508 2508 4312 4312 4543 4543 4544 4544 4329 4329 4333 4333 4537 4537 4335 4335 4537 4537 4333 4333 4339 4339 4535 4535 4338 4338 4537 4537 4338 4338 4535 4535 4338 4338 4537 4537 4337 4337 4335 4335 4337 4337 4537 4537 4545 4545 4310 4310 4309 4309 4307 4307 4546 4546 4309 4309 4547 4547 4309 4309 4546 4546 4309 4309 4547 4547 4545 4545 4307 4307 4317 4317 4546 4546 4316 4316 4546 4546 4317 4317 4546 4546 4316 4316 4544 4544 4314 4314 4544 4544 4316 4316 4544 4544 4314 4314 4312 4312 4312 4312 4311 4311 4543 4543 4318 4318 4543 4543 4311 4311 4543 4543 4318 4318 4548 4548 4320 4320 4548 4548 4318 4318 4548 4548 4320 4320 4322 4322 4549 4549 4533 4533 4550 4550 4310 4310 4550 4550 4533 4533 4550 4550 4310 4310 4551 4551 4545 4545 4551 4551 4310 4310 4322 4322 4324 4324 4548 4548 4325 4325 4548 4548 4324 4324 4548 4548 4325 4325 4537 4537 4327 4327 4537 4537 4325 4325 4537 4537 4327 4327 4329 4329 4552 4552 4553 4553 4554 4554 2089 2089 2091 2091 3728 3728 2089 2089 3728 3728 3681 3681 3747 3747 3681 3681 3728 3728 3681 3681 3747 3747 4555 4555 3750 3750 4555 4555 3747 3747 4555 4555 3750 3750 4556 4556 3752 3752 4556 4556 3750 3750 4556 4556 3752 3752 4557 4557 3735 3735 4557 4557 3752 3752 4557 4557 3735 3735 3685 3685 3737 3737 3685 3685 3735 3735 3685 3685 3737 3737 3683 3683 3739 3739 3683 3683 3737 3737 3683 3683 3739 3739 4558 4558 3742 3742 4558 4558 3739 3739 4558 4558 3742 3742 3669 3669 3724 3724 3669 3669 3742 3742 3669 3669 3724 3724 3670 3670 3723 3723 3670 3670 3724 3724 3670 3670 3723 3723 4559 4559 3731 3731 4559 4559 3723 3723 4559 4559 3731 3731 3676 3676 3731 3731 3733 3733 3676 3676 1252 1252 3676 3676 3733 3733 3676 3676 1252 1252 1254 1254 4560 4560 4561 4561 4562 4562 4563 4563 4562 4562 4561 4561 4562 4562 4563 4563 4564 4564 4565 4565 4564 4564 4563 4563 4566 4566 4567 4567 4568 4568 4569 4569 4568 4568 4567 4567 4568 4568 4569 4569 4570 4570 4571 4571 4572 4572 4573 4573 4574 4574 4575 4575 4576 4576 4577 4577 4578 4578 4579 4579 4580 4580 4581 4581 4582 4582 4580 4580 4582 4582 4583 4583 4582 4582 4584 4584 4583 4583 4585 4585 4583 4583 4584 4584 4583 4583 4585 4585 4579 4579 4586 4586 4579 4579 4585 4585 4579 4579 4586 4586 4577 4577 4578 4578 4587 4587 4588 4588 4589 4589 4590 4590 4588 4588 4591 4591 4588 4588 4590 4590 4588 4588 4591 4591 4578 4578 4592 4592 4578 4578 4591 4591 4578 4578 4592 4592 4579 4579 4593 4593 4594 4594 4595 4595 4594 4594 4596 4596 4595 4595 4597 4597 4595 4595 4596 4596 4595 4595 4597 4597 4589 4589 4598 4598 4599 4599 4600 4600 4601 4601 4600 4600 4599 4599 4602 4602 4603 4603 4604 4604 4605 4605 4604 4604 4603 4603 4604 4604 4605 4605 4606 4606 4607 4607 4608 4608 4609 4609 4610 4610 4609 4609 4608 4608 4609 4609 4610 4610 4611 4611 4574 4574 4612 4612 4575 4575 4613 4613 4575 4575 4612 4612 4575 4575 4613 4613 4609 4609 4614 4614 4609 4609 4613 4613 4609 4609 4614 4614 4607 4607 4615 4615 4616 4616 4617 4617 4618 4618 4617 4617 4616 4616 4617 4617 4618 4618 4576 4576 4619 4619 4576 4576 4618 4618 4576 4576 4619 4619 4574 4574 4615 4615 4617 4617 4620 4620 4621 4621 4620 4620 4617 4617 4620 4620 4621 4621 4622 4622 4621 4621 4285 4285 4623 4623 4622 4622 4621 4621 4624 4624 4623 4623 4624 4624 4621 4621 4624 4624 4623 4623 4625 4625 4626 4626 4273 4273 4272 4272 4627 4627 4267 4267 4274 4274 4267 4267 4627 4627 4268 4268 4628 4628 4268 4268 4627 4627 4268 4268 4628 4628 4270 4270 4271 4271 4270 4270 4629 4629 4628 4628 4629 4629 4270 4270 4629 4629 4628 4628 4630 4630 4631 4631 4630 4630 4628 4628 4630 4630 4631 4631 4632 4632 4633 4633 4632 4632 4631 4631 4634 4634 4635 4635 4636 4636 4637 4637 4636 4636 4635 4635 4638 4638 4639 4639 4640 4640 4641 4641 4640 4640 4639 4639 4640 4640 4641 4641 4642 4642 4572 4572 4643 4643 4573 4573 4644 4644 4573 4573 4643 4643 4573 4573 4644 4644 4638 4638 4645 4645 4638 4638 4644 4644 4638 4638 4645 4645 4639 4639 4646 4646 4647 4647 4648 4648 4649 4649 4648 4648 4647 4647 4648 4648 4649 4649 4604 4604 4650 4650 4604 4604 4649 4649 4604 4604 4650 4650 4602 4602 4651 4651 4602 4602 4650 4650 4587 4587 4571 4571 4588 4588 4573 4573 4588 4588 4571 4571 4588 4588 4573 4573 4652 4652 4638 4638 4652 4652 4573 4573 4652 4652 4638 4638 4653 4653 4640 4640 4653 4653 4638 4638 4653 4653 4640 4640 4654 4654 4642 4642 4654 4654 4640 4640 4654 4654 4642 4642 4634 4634 4601 4601 4593 4593 4600 4600 4595 4595 4600 4600 4593 4593 4600 4600 4595 4595 4655 4655 4589 4589 4588 4588 4595 4595 4652 4652 4595 4595 4588 4588 4595 4595 4652 4652 4655 4655 4653 4653 4655 4655 4652 4652 4655 4655 4653 4653 4656 4656 4654 4654 4656 4656 4653 4653 4656 4656 4654 4654 4657 4657 4634 4634 4636 4636 4654 4654 4658 4658 4654 4654 4636 4636 4654 4654 4658 4658 4657 4657 4646 4646 4659 4659 4647 4647 4627 4627 4647 4647 4659 4659 4647 4647 4627 4627 4626 4626 4274 4274 4626 4626 4627 4627 4626 4626 4274 4274 4273 4273 4611 4611 4651 4651 4609 4609 4650 4650 4609 4609 4651 4651 4609 4609 4650 4650 4575 4575 4649 4649 4575 4575 4650 4650 4575 4575 4649 4649 4576 4576 4647 4647 4576 4576 4649 4649 4576 4576 4647 4647 4617 4617 4626 4626 4617 4617 4647 4647 4617 4617 4626 4626 4621 4621 4272 4272 4621 4621 4626 4626 4621 4621 4272 4272 4285 4285 4606 4606 4598 4598 4604 4604 4600 4600 4604 4604 4598 4598 4604 4604 4600 4600 4648 4648 4655 4655 4648 4648 4600 4600 4648 4648 4655 4655 4646 4646 4656 4656 4646 4646 4655 4655 4646 4646 4656 4656 4659 4659 4657 4657 4659 4659 4656 4656 4659 4659 4657 4657 4627 4627 4658 4658 4627 4627 4657 4657 4627 4627 4658 4658 4628 4628 4636 4636 4628 4628 4658 4658 4628 4628 4636 4636 4631 4631 4637 4637 4631 4631 4636 4636 4631 4631 4637 4637 4633 4633 4660 4660 4661 4661 4662 4662 4663 4663 4662 4662 4661 4661 4660 4660 4664 4664 4661 4661 4665 4665 4661 4661 4664 4664 4661 4661 4665 4665 4666 4666 4667 4667 4668 4668 4661 4661 4669 4669 4661 4661 4668 4668 4661 4661 4669 4669 4670 4670 4670 4670 4671 4671 4661 4661 4672 4672 4661 4661 4671 4671 4661 4661 4672 4672 4673 4673 4673 4673 4674 4674 4661 4661 4675 4675 4661 4661 4674 4674 4661 4661 4675 4675 4676 4676 4676 4676 4677 4677 4661 4661 4678 4678 4661 4661 4677 4677 4661 4661 4678 4678 4663 4663 4661 4661 4679 4679 4667 4667 4680 4680 4667 4667 4679 4679 4667 4667 4680 4680 4681 4681 4682 4682 4681 4681 4680 4680 4681 4681 4682 4682 4683 4683 4683 4683 4684 4684 4681 4681 4685 4685 4681 4681 4684 4684 4681 4681 4685 4685 4686 4686 4665 4665 4687 4687 4666 4666 4688 4688 4666 4666 4687 4687 4666 4666 4688 4688 4689 4689 4690 4690 4689 4689 4688 4688 4689 4689 4690 4690 4691 4691 4692 4692 4691 4691 4690 4690 4691 4691 4692 4692 4693 4693 2586 2586 2588 2588 4694 4694 2651 2651 4694 4694 2588 2588 4694 4694 2651 2651 2650 2650 4695 4695 4696 4696 4697 4697 4698 4698 4697 4697 4696 4696 4697 4697 4698 4698 4699 4699 4695 4695 4697 4697 2776 2776 4700 4700 2776 2776 4697 4697 2776 2776 4700 4700 2777 2777 4701 4701 4702 4702 4703 4703 4704 4704 4703 4703 4702 4702 4703 4703 4704 4704 4705 4705 4706 4706 4707 4707 4703 4703 4708 4708 4703 4703 4707 4707 4703 4703 4708 4708 4701 4701 4709 4709 4710 4710 4703 4703 4711 4711 4703 4703 4710 4710 4703 4703 4711 4711 4706 4706 4712 4712 4713 4713 4703 4703 4714 4714 4703 4703 4713 4713 4703 4703 4714 4714 4709 4709 4715 4715 4716 4716 4703 4703 4717 4717 4703 4703 4716 4716 4703 4703 4717 4717 4712 4712 4718 4718 4719 4719 4703 4703 4720 4720 4703 4703 4719 4719 4703 4703 4720 4720 4715 4715 4721 4721 4722 4722 4703 4703 4723 4723 4703 4703 4722 4722 4703 4703 4723 4723 4718 4718 4705 4705 4724 4724 4703 4703 4725 4725 4703 4703 4724 4724 4703 4703 4725 4725 4721 4721 4726 4726 4727 4727 4728 4728 4729 4729 4728 4728 4727 4727 4728 4728 4729 4729 4730 4730 4731 4731 4732 4732 4728 4728 4733 4733 4728 4728 4732 4732 4728 4728 4733 4733 4726 4726 4734 4734 4735 4735 4728 4728 4736 4736 4728 4728 4735 4735 4728 4728 4736 4736 4731 4731 4737 4737 4738 4738 4728 4728 4739 4739 4728 4728 4738 4738 4728 4728 4739 4739 4734 4734 4740 4740 4741 4741 4728 4728 4742 4742 4728 4728 4741 4741 4728 4728 4742 4742 4737 4737 4743 4743 4744 4744 4728 4728 4745 4745 4728 4728 4744 4744 4728 4728 4745 4745 4740 4740 4746 4746 4747 4747 4728 4728 4748 4748 4728 4728 4747 4747 4728 4728 4748 4748 4743 4743 4730 4730 4749 4749 4728 4728 4750 4750 4728 4728 4749 4749 4728 4728 4750 4750 4746 4746 4751 4751 4752 4752 4753 4753 4754 4754 4753 4753 4752 4752 4753 4753 4754 4754 4755 4755 4756 4756 4757 4757 4753 4753 4758 4758 4753 4753 4757 4757 4753 4753 4758 4758 4751 4751 4759 4759 4760 4760 4753 4753 4761 4761 4753 4753 4760 4760 4753 4753 4761 4761 4756 4756 4762 4762 4763 4763 4753 4753 4764 4764 4753 4753 4763 4763 4753 4753 4764 4764 4759 4759 4765 4765 4766 4766 4753 4753 4767 4767 4753 4753 4766 4766 4753 4753 4767 4767 4762 4762 4768 4768 4769 4769 4753 4753 4770 4770 4753 4753 4769 4769 4753 4753 4770 4770 4765 4765 4771 4771 4772 4772 4753 4753 4773 4773 4753 4753 4772 4772 4753 4753 4773 4773 4768 4768 4755 4755 4774 4774 4753 4753 4775 4775 4753 4753 4774 4774 4753 4753 4775 4775 4771 4771 4776 4776 4777 4777 4778 4778 4779 4779 4778 4778 4777 4777 4778 4778 4779 4779 4780 4780 4781 4781 4782 4782 4778 4778 4783 4783 4778 4778 4782 4782 4778 4778 4783 4783 4776 4776 4784 4784 4785 4785 4778 4778 4786 4786 4778 4778 4785 4785 4778 4778 4786 4786 4781 4781 4787 4787 4788 4788 4778 4778 4789 4789 4778 4778 4788 4788 4778 4778 4789 4789 4784 4784 4790 4790 4791 4791 4778 4778 4792 4792 4778 4778 4791 4791 4778 4778 4792 4792 4787 4787 4793 4793 4794 4794 4778 4778 4795 4795 4778 4778 4794 4794 4778 4778 4795 4795 4790 4790 4796 4796 4797 4797 4778 4778 4798 4798 4778 4778 4797 4797 4778 4778 4798 4798 4793 4793 4780 4780 4799 4799 4778 4778 4800 4800 4778 4778 4799 4799 4778 4778 4800 4800 4796 4796 4801 4801 1273 1273 19 19 4802 4802 1347 1347 752 752 749 749 748 748 1347 1347 1273 1273 4803 4803 19 19 1270 1270 19 19 4803 4803 19 19 1270 1270 1268 1268 749 749 1347 1347 19 19 1348 1348 19 19 1347 1347 19 19 1348 1348 4801 4801 1268 1268 1267 1267 19 19 4804 4804 19 19 1267 1267 19 19 4804 4804 151 151 753 753 1591 1591 4805 4805 3803 3803 4805 4805 1591 1591 4805 4805 3803 3803 752 752 1345 1345 752 752 3803 3803 752 752 1345 1345 4802 4802 748 748 747 747 1347 1347 4806 4806 1347 1347 747 747 1347 1347 4806 4806 726 726 726 726 4807 4807 1347 1347 723 723 1347 1347 4807 4807 1347 1347 723 723 752 752 393 393 4808 4808 387 387 4809 4809 387 387 4808 4808 4809 4809 4581 4581 387 387 4810 4810 387 387 4581 4581 387 387 4810 4810 4811 4811 4811 4811 4812 4812 387 387 4813 4813 387 387 4812 4812 387 387 4813 4813 4814 4814 4813 4813 4815 4815 4814 4814 4816 4816 4814 4814 4815 4815 4814 4814 4816 4816 4817 4817 4818 4818 4817 4817 4816 4816 4817 4817 4818 4818 4819 4819 4819 4819 4820 4820 4817 4817 4821 4821 4817 4817 4820 4820 4817 4817 4821 4821 4822 4822 4823 4823 4822 4822 4821 4821 4822 4822 4823 4823 4824 4824 4824 4824 4825 4825 4822 4822 4826 4826 4822 4822 4825 4825 4822 4822 4826 4826 4827 4827 4826 4826 4828 4828 4827 4827 4829 4829 4827 4827 4828 4828 4827 4827 4829 4829 4830 4830 4830 4830 4831 4831 4827 4827 4832 4832 4827 4827 4831 4831 4827 4827 4832 4832 4833 4833 4832 4832 4834 4834 4833 4833 4835 4835 4833 4833 4834 4834 4833 4833 4835 4835 4836 4836 4837 4837 4836 4836 4835 4835 4836 4836 4837 4837 4838 4838 2091 2091 2090 2090 3726 3726 4839 4839 3726 3726 2090 2090 3726 3726 4839 4839 4840 4840 4836 4836 4840 4840 4839 4839 4840 4840 4836 4836 4841 4841 4838 4838 4841 4841 4836 4836 4842 4842 4843 4843 4844 4844 4845 4845 4844 4844 4843 4843 2402 2402 4846 4846 2403 2403 4847 4847 2403 2403 4846 4846 2403 2403 4847 4847 4848 4848 4849 4849 4850 4850 4847 4847 4851 4851 4847 4847 4850 4850 4847 4847 4851 4851 4848 4848 4847 4847 4852 4852 4849 4849 4853 4853 4849 4849 4852 4852 4849 4849 4853 4853 4854 4854 4855 4855 4854 4854 4853 4853 4854 4854 4855 4855 3487 3487 4856 4856 3487 3487 4855 4855 3487 3487 4856 4856 3488 3488 4857 4857 4697 4697 4699 4699 4699 4699 4858 4858 4857 4857 4859 4859 4857 4857 4858 4858 4857 4857 4859 4859 4860 4860 4861 4861 4862 4862 4863 4863 4864 4864 4863 4863 4862 4862 4863 4863 4864 4864 4865 4865 4866 4866 4865 4865 4864 4864 4865 4865 4866 4866 4867 4867 4868 4868 4867 4867 4866 4866 4867 4867 4868 4868 4869 4869 4870 4870 4869 4869 4868 4868 4869 4869 4870 4870 4871 4871 4872 4872 4871 4871 4870 4870 4871 4871 4872 4872 4873 4873 4874 4874 4873 4873 4872 4872 4873 4873 4874 4874 4875 4875 4876 4876 4875 4875 4874 4874 4875 4875 4876 4876 4877 4877 4878 4878 4877 4877 4876 4876 4877 4877 4878 4878 4879 4879 4880 4880 4879 4879 4878 4878 4879 4879 4880 4880 4881 4881 4882 4882 4881 4881 4880 4880 4881 4881 4882 4882 4883 4883 4884 4884 4883 4883 4882 4882 4883 4883 4884 4884 4885 4885 4886 4886 4885 4885 4884 4884 4885 4885 4886 4886 4887 4887 4888 4888 4887 4887 4886 4886 4887 4887 4888 4888 4889 4889 4890 4890 4889 4889 4888 4888 4889 4889 4890 4890 4891 4891 4892 4892 4891 4891 4890 4890 4891 4891 4892 4892 4893 4893 4894 4894 4893 4893 4892 4892 4893 4893 4894 4894 4895 4895 4896 4896 4895 4895 4894 4894 4895 4895 4896 4896 4897 4897 4898 4898 4897 4897 4896 4896 4897 4897 4898 4898 4899 4899 4900 4900 4899 4899 4898 4898 4899 4899 4900 4900 4901 4901 4902 4902 4901 4901 4900 4900 4901 4901 4902 4902 4903 4903 4904 4904 4903 4903 4902 4902 4903 4903 4904 4904 4905 4905 4906 4906 4905 4905 4904 4904 4905 4905 4906 4906 4907 4907 4908 4908 4907 4907 4906 4906 4907 4907 4908 4908 4861 4861 4862 4862 4861 4861 4908 4908 1630 1630 1637 1637 4909 4909 4910 4910 4911 4911 4912 4912 4913 4913 4914 4914 4915 4915 1844 1844 1843 1843 4916 4916 4917 4917 4918 4918 4919 4919 4920 4920 4921 4921 4922 4922 4923 4923 4924 4924 4925 4925 1565 1565 4926 4926 4927 4927 4928 4928 4929 4929 4930 4930 4928 4928 4930 4930 4931 4931 1826 1826 4932 4932 4933 4933 4934 4934 4933 4933 4932 4932 4933 4933 4934 4934 1914 1914 1565 1565 4927 4927 1557 1557 1558 1558 1557 1557 1618 1618 4927 4927 1618 1618 1557 1557 1618 1618 4927 4927 1620 1620 1621 1621 1620 1620 4927 4927 4935 4935 4936 4936 4937 4937 4920 4920 4922 4922 4938 4938 4919 4919 4939 4939 4940 4940 4941 4941 4940 4940 4942 4942 1575 1575 4942 4942 4940 4940 4942 4942 1575 1575 1580 1580 1574 1574 1579 1579 4939 4939 4919 4919 4918 4918 4939 4939 4943 4943 4939 4939 4918 4918 4939 4939 4943 4943 1574 1574 1579 1579 1578 1578 4939 4939 1577 1577 4939 4939 1578 1578 4939 4939 1577 1577 4940 4940 1576 1576 4940 4940 1577 1577 4940 4940 1576 1576 1575 1575 1637 1637 4944 4944 4909 4909 1634 1634 4909 4909 4944 4944 4909 4909 1634 1634 4945 4945 4946 4946 4947 4947 1566 1566 1621 1621 4927 4927 1622 1622 4948 4948 1622 1622 4927 4927 1622 1622 4948 4948 1624 1624 4949 4949 1562 1562 4950 4950 4951 4951 4950 4950 1562 1562 1634 1634 1590 1590 4945 4945 4952 4952 4945 4945 1590 1590 4945 4945 4952 4952 4948 4948 1628 1628 4948 4948 4952 4952 4948 4948 1628 1628 1624 1624 1834 1834 4953 4953 1835 1835 4954 4954 1835 1835 4953 4953 1835 1835 4954 4954 1979 1979 4955 4955 4956 4956 4957 4957 4958 4958 4957 4957 4956 4956 4957 4957 4958 4958 4959 4959 4960 4960 4959 4959 4958 4958 4961 4961 4962 4962 4963 4963 4964 4964 4963 4963 4962 4962 4963 4963 4964 4964 4965 4965 4955 4955 4966 4966 4956 4956 4965 4965 4956 4956 4966 4966 4956 4956 4965 4965 4958 4958 4964 4964 4958 4958 4965 4965 4958 4958 4964 4964 4960 4960 4967 4967 1837 1837 4968 4968 1844 1844 4968 4968 1837 1837 1843 1843 1664 1664 1663 1663 4969 4969 4970 4970 4971 4971 1843 1843 1663 1663 4916 4916 1661 1661 4916 4916 1663 1663 4916 4916 1661 1661 4972 4972 1844 1844 4916 4916 4968 4968 4972 4972 4968 4968 4916 4916 4968 4968 4972 4972 4969 4969 4973 4973 4969 4969 4972 4972 4969 4969 4973 4973 4970 4970 4974 4974 4975 4975 4976 4976 1834 1834 4967 4967 4953 4953 4968 4968 4953 4953 4967 4967 4953 4953 4968 4968 4977 4977 4969 4969 4977 4977 4968 4968 4977 4977 4969 4969 4976 4976 4971 4971 4976 4976 4969 4969 4976 4976 4971 4971 4974 4974 4973 4973 1668 1668 4970 4970 1659 1659 4970 4970 1668 1668 4970 4970 1659 1659 4971 4971 1658 1658 4971 4971 1659 1659 4971 4971 1658 1658 4974 4974 4966 4966 4978 4978 4965 4965 4979 4979 4965 4965 4978 4978 4965 4965 4979 4979 4963 4963 4980 4980 4963 4963 4979 4979 4963 4963 4980 4980 4961 4961 4981 4981 4961 4961 4980 4980 1631 1631 4982 4982 1644 1644 4983 4983 1644 1644 4982 4982 4983 4983 4982 4982 4984 4984 4985 4985 4984 4984 4982 4982 4984 4984 4985 4985 4986 4986 4987 4987 4986 4986 4985 4985 4986 4986 4987 4987 4988 4988 4989 4989 4988 4988 4987 4987 4988 4988 4989 4989 4990 4990 4950 4950 4990 4990 4989 4989 4990 4990 4950 4950 4946 4946 4951 4951 4946 4946 4950 4950 4946 4946 4951 4951 4947 4947 1646 1646 1639 1639 4983 4983 1638 1638 4983 4983 1639 1639 4983 4983 1638 1638 1644 1644 1647 1647 1646 1646 4978 4978 4983 4983 4978 4978 1646 1646 4978 4978 4983 4983 4979 4979 4984 4984 4979 4979 4983 4983 4979 4979 4984 4984 4980 4980 4986 4986 4980 4980 4984 4984 4980 4980 4986 4986 4981 4981 4988 4988 4981 4981 4986 4986 4981 4981 4988 4988 4991 4991 4990 4990 4991 4991 4988 4988 4991 4991 4990 4990 4992 4992 4946 4946 4992 4992 4990 4990 4992 4992 4946 4946 4993 4993 1566 1566 4993 4993 4946 4946 4993 4993 1566 1566 1568 1568 4915 4915 4914 4914 4932 4932 4994 4994 4932 4932 4914 4914 4932 4932 4994 4994 4934 4934 4913 4913 4915 4915 4995 4995 4996 4996 4995 4995 4915 4915 4995 4995 4996 4996 4997 4997 4912 4912 4911 4911 4998 4998 4911 4911 4999 4999 4998 4998 5000 5000 4998 4998 4999 4999 4998 4998 5000 5000 4996 4996 5001 5001 4996 4996 5000 5000 4996 4996 5001 5001 4997 4997 5002 5002 5003 5003 5004 5004 5003 5003 5005 5005 5004 5004 5006 5006 5004 5004 5005 5005 5004 5004 5006 5006 5007 5007 4929 4929 1832 1832 4930 4930 5008 5008 4930 4930 1832 1832 4930 4930 5008 5008 5009 5009 5010 5010 5009 5009 5008 5008 5009 5009 5010 5010 5011 5011 5012 5012 5011 5011 5010 5010 5011 5011 5012 5012 5013 5013 1832 1832 5002 5002 5008 5008 5004 5004 5008 5008 5002 5002 5008 5008 5004 5004 5010 5010 5014 5014 5010 5010 5004 5004 5010 5010 5014 5014 5012 5012 1826 1826 4931 4931 4932 4932 4930 4930 4932 4932 4931 4931 4932 4932 4930 4930 4915 4915 5009 5009 4915 4915 4930 4930 4915 4915 5009 5009 4996 4996 5011 5011 4996 4996 5009 5009 4996 4996 5011 5011 4998 4998 5013 5013 4998 4998 5011 5011 4998 4998 5013 5013 4912 4912 4910 4910 4912 4912 5015 5015 5016 5016 5015 5015 4912 4912 5015 5015 5016 5016 5017 5017 4936 4936 5018 5018 4937 4937 5019 5019 4937 4937 5018 5018 4937 4937 5019 5019 5016 5016 5020 5020 5016 5016 5019 5019 5016 5016 5020 5020 5017 5017 4924 4924 4935 4935 4925 4925 4937 4937 4925 4925 4935 4935 4925 4925 4937 4937 5021 5021 5016 5016 5021 5021 4937 4937 5021 5021 5016 5016 5022 5022 4912 4912 5022 5022 5016 5016 5022 5022 4912 4912 5023 5023 5013 5013 5023 5023 4912 4912 5023 5023 5013 5013 5024 5024 5012 5012 5024 5024 5013 5013 5024 5024 5012 5012 5025 5025 5014 5014 5025 5025 5012 5012 4921 4921 4923 4923 4922 4922 4925 4925 4922 4922 4923 4923 4922 4922 4925 4925 5026 5026 5021 5021 5026 5026 4925 4925 5026 5026 5021 5021 5027 5027 5022 5022 5027 5027 5021 5021 5027 5027 5022 5022 5028 5028 5023 5023 5028 5028 5022 5022 5028 5028 5023 5023 5029 5029 5024 5024 5029 5029 5023 5023 5029 5029 5024 5024 5030 5030 5025 5025 5030 5030 5024 5024 5030 5030 5025 5025 5031 5031 5014 5014 5031 5031 5025 5025 5031 5031 5014 5014 5032 5032 5004 5004 5032 5032 5014 5014 5032 5032 5004 5004 4954 4954 5007 5007 4954 4954 5004 5004 4954 4954 5007 5007 1979 1979 1570 1570 1571 1571 4943 4943 1572 1572 4943 4943 1571 1571 4943 4943 1572 1572 1574 1574 1568 1568 1570 1570 4993 4993 4943 4943 4993 4993 1570 1570 4993 4993 4943 4943 4992 4992 4918 4918 4992 4992 4943 4943 4992 4992 4918 4918 4991 4991 4917 4917 4991 4991 4918 4918 4991 4991 4917 4917 4981 4981 1631 1631 1630 1630 4982 4982 4909 4909 4982 4982 1630 1630 4982 4982 4909 4909 4985 4985 4945 4945 4985 4985 4909 4909 4985 4985 4945 4945 4987 4987 4948 4948 4987 4987 4945 4945 4987 4987 4948 4948 4989 4989 4927 4927 4989 4989 4948 4948 4989 4989 4927 4927 4950 4950 4926 4926 4950 4950 4927 4927 4950 4950 4926 4926 4949 4949 4941 4941 4938 4938 4940 4940 4922 4922 4940 4940 4938 4938 4940 4940 4922 4922 4919 4919 5026 5026 4919 4919 4922 4922 4919 4919 5026 5026 4917 4917 5027 5027 4917 4917 5026 5026 4917 4917 5027 5027 4981 4981 5028 5028 4981 4981 5027 5027 4981 4981 5028 5028 4961 4961 5029 5029 4961 4961 5028 5028 4961 4961 5029 5029 4962 4962 5030 5030 4962 4962 5029 5029 4962 4962 5030 5030 4964 4964 5031 5031 4964 4964 5030 5030 4964 4964 5031 5031 4960 4960 5032 5032 4960 4960 5031 5031 4960 4960 5032 5032 4959 4959 4954 4954 4959 4959 5032 5032 4959 4959 4954 4954 4957 4957 4953 4953 4957 4957 4954 4954 4957 4957 4953 4953 4955 4955 4977 4977 4955 4955 4953 4953 4955 4955 4977 4977 4966 4966 4976 4976 4966 4966 4977 4977 4966 4966 4976 4976 4978 4978 4975 4975 4978 4978 4976 4976 4978 4978 4975 4975 1647 1647 5033 5033 5034 5034 5035 5035 5036 5036 5035 5035 5034 5034 5035 5035 5036 5036 5037 5037 5038 5038 5037 5037 5036 5036 5037 5037 5038 5038 5039 5039 5040 5040 5039 5039 5038 5038 5039 5039 5040 5040 5041 5041 5042 5042 5041 5041 5040 5040 5041 5041 5042 5042 5043 5043 5044 5044 5043 5043 5042 5042 5043 5043 5044 5044 5045 5045 5046 5046 5045 5045 5044 5044 5045 5045 5046 5046 5047 5047 5048 5048 5047 5047 5046 5046 5047 5047 5048 5048 5049 5049 5050 5050 5049 5049 5048 5048 5049 5049 5050 5050 5051 5051 5052 5052 5051 5051 5050 5050 5051 5051 5052 5052 5053 5053 5054 5054 5053 5053 5052 5052 5053 5053 5054 5054 5055 5055 5056 5056 5055 5055 5054 5054 5055 5055 5056 5056 5057 5057 5058 5058 5057 5057 5056 5056 5057 5057 5058 5058 5059 5059 5060 5060 5059 5059 5058 5058 5059 5059 5060 5060 5061 5061 5062 5062 5061 5061 5060 5060 5061 5061 5062 5062 5063 5063 5064 5064 5063 5063 5062 5062 5063 5063 5064 5064 5065 5065 5066 5066 5065 5065 5064 5064 5065 5065 5066 5066 5067 5067 5068 5068 5067 5067 5066 5066 5067 5067 5068 5068 5069 5069 5070 5070 5069 5069 5068 5068 5069 5069 5070 5070 5071 5071 5072 5072 5071 5071 5070 5070 5071 5071 5072 5072 5073 5073 5074 5074 5073 5073 5072 5072 5073 5073 5074 5074 5075 5075 5076 5076 5075 5075 5074 5074 5075 5075 5076 5076 5077 5077 5078 5078 5077 5077 5076 5076 5077 5077 5078 5078 5079 5079 5080 5080 5079 5079 5078 5078 5079 5079 5080 5080 5033 5033 5034 5034 5033 5033 5080 5080 3813 3813 3812 3812 5081 5081 3822 3822 3821 3821 5082 5082 5083 5083 5084 5084 5085 5085 1496 1496 1494 1494 5086 5086 1493 1493 5086 5086 1494 1494 1490 1490 1492 1492 5087 5087 1497 1497 5087 5087 1492 1492 5088 5088 1487 1487 5089 5089 1489 1489 5089 5089 1487 1487 5090 5090 1485 1485 1483 1483 1485 1485 5090 5090 1486 1486 5091 5091 1486 1486 5090 5090 1486 1486 5091 5091 1520 1520 1520 1520 5091 5091 1477 1477 5092 5092 1477 1477 5091 5091 1477 1477 5092 5092 1478 1478 1473 1473 1476 1476 5093 5093 1481 1481 5093 5093 1476 1476 5093 5093 1481 1481 5092 5092 1480 1480 5092 5092 1481 1481 5092 5092 1480 1480 1478 1478 1473 1473 5093 5093 5094 5094 1613 1613 5094 5094 5093 5093 5094 5094 1613 1613 1549 1549 1366 1366 3822 3822 5095 5095 5082 5082 5095 5095 3822 3822 5095 5095 5082 5082 1410 1410 1408 1408 1410 1410 5082 5082 5096 5096 1404 1404 1406 1406 5097 5097 5098 5098 1398 1398 1400 1400 1398 1398 5098 5098 1393 1393 5099 5099 5100 5100 1401 1401 5100 5100 5099 5099 1393 1393 5100 5100 1391 1391 5101 5101 1391 1391 5100 5100 1391 1391 5101 5101 1389 1389 5102 5102 5103 5103 5104 5104 1378 1378 5104 5104 5103 5103 5104 5104 1378 1378 5101 5101 1388 1388 5101 5101 1378 1378 5101 5101 1388 1388 1389 1389 5102 5102 5104 5104 5105 5105 5106 5106 5105 5105 5104 5104 5105 5105 5106 5106 5107 5107 5107 5107 5106 5106 1371 1371 5108 5108 1371 1371 5106 5106 1371 1371 5108 5108 5109 5109 1493 1493 5083 5083 5086 5086 5085 5085 5086 5086 5083 5083 5086 5086 5085 5085 5108 5108 5110 5110 5108 5108 5085 5085 5108 5108 5110 5110 5109 5109 5111 5111 5112 5112 5113 5113 5114 5114 5113 5113 5112 5112 5113 5113 5114 5114 5115 5115 5116 5116 5115 5115 5114 5114 5115 5115 5116 5116 5117 5117 1609 1609 5118 5118 5119 5119 5120 5120 5111 5111 5121 5121 5113 5113 5121 5121 5111 5111 5121 5121 5113 5113 5122 5122 5115 5115 5122 5122 5113 5113 5122 5122 5115 5115 5123 5123 5117 5117 5123 5123 5115 5115 5123 5123 5117 5117 5124 5124 5125 5125 5126 5126 5127 5127 1605 1605 5127 5127 5126 5126 5127 5127 1605 1605 1604 1604 5090 5090 5128 5128 5091 5091 5129 5129 5091 5091 5128 5128 5091 5091 5129 5129 5092 5092 5130 5130 5092 5092 5129 5129 5092 5092 5130 5130 5093 5093 5128 5128 5125 5125 5129 5129 5127 5127 5129 5129 5125 5125 5129 5129 5127 5127 5130 5130 1604 1604 5130 5130 5127 5127 5130 5130 1604 1604 1603 1603 1603 1603 1602 1602 5130 5130 1615 1615 5130 5130 1602 1602 5130 5130 1615 1615 5093 5093 1614 1614 5093 5093 1615 1615 5093 5093 1614 1614 1613 1613 1609 1609 1608 1608 5118 5118 1607 1607 5118 5118 1608 1608 5118 5118 1607 1607 5126 5126 1606 1606 5126 5126 1607 1607 5126 5126 1606 1606 1605 1605 3812 3812 3811 3811 5081 5081 3810 3810 5081 5081 3811 3811 5081 5081 3810 3810 5131 5131 3810 3810 3809 3809 5131 5131 3808 3808 5131 5131 3809 3809 5131 5131 3808 3808 5132 5132 3808 3808 5133 5133 5132 5132 5134 5134 5132 5132 5133 5133 5132 5132 5134 5134 5135 5135 5134 5134 3805 3805 1597 1597 3804 3804 1597 1597 3805 3805 1597 1597 3804 3804 1591 1591 5134 5134 1597 1597 5135 5135 1596 1596 5135 5135 1597 1597 5135 5135 1596 1596 1595 1595 3820 3820 5136 5136 5137 5137 3818 3818 5137 5137 5136 5136 3816 3816 3815 3815 5138 5138 3814 3814 5138 5138 3815 3815 3814 3814 3813 3813 5138 5138 5081 5081 5138 5138 3813 3813 5138 5138 5081 5081 5139 5139 5131 5131 5139 5139 5081 5081 5139 5139 5131 5131 5140 5140 5132 5132 5140 5140 5131 5131 5140 5140 5132 5132 5141 5141 5135 5135 5141 5141 5132 5132 5141 5141 5135 5135 5142 5142 1595 1595 5142 5142 5135 5135 1489 1489 1490 1490 5089 5089 5087 5087 5089 5089 1490 1490 5089 5089 5087 5087 5143 5143 5144 5144 5143 5143 5087 5087 5143 5143 5144 5144 5145 5145 5146 5146 5145 5145 5144 5144 5145 5145 5146 5146 5147 5147 5148 5148 5147 5147 5146 5146 5147 5147 5148 5148 5149 5149 5150 5150 5149 5149 5148 5148 5149 5149 5150 5150 5151 5151 5152 5152 5151 5151 5150 5150 5151 5151 5152 5152 5153 5153 5098 5098 5153 5153 5152 5152 5153 5153 5098 5098 5096 5096 5097 5097 5096 5096 5098 5098 5096 5096 5097 5097 1404 1404 3821 3821 3820 3820 5082 5082 5137 5137 5082 5082 3820 3820 5082 5082 5137 5137 5154 5154 5155 5155 5154 5154 5137 5137 5154 5154 5155 5155 5156 5156 5157 5157 5156 5156 5155 5155 5156 5156 5157 5157 5116 5116 5158 5158 5116 5116 5157 5157 5116 5116 5158 5158 5117 5117 5159 5159 5117 5117 5158 5158 5117 5117 5159 5159 5124 5124 5160 5160 5124 5124 5159 5159 1497 1497 1496 1496 5087 5087 5086 5086 5087 5087 1496 1496 5087 5087 5086 5086 5144 5144 5108 5108 5144 5144 5086 5086 5144 5144 5108 5108 5146 5146 5106 5106 5146 5146 5108 5108 5146 5146 5106 5106 5148 5148 5104 5104 5148 5148 5106 5106 5148 5148 5104 5104 5150 5150 5101 5101 5150 5150 5104 5104 5150 5150 5101 5101 5152 5152 5100 5100 5152 5152 5101 5101 5152 5152 5100 5100 5098 5098 1401 1401 5098 5098 5100 5100 5098 5098 1401 1401 1400 1400 3818 3818 3816 3816 5137 5137 5138 5138 5137 5137 3816 3816 5137 5137 5138 5138 5155 5155 5139 5139 5155 5155 5138 5138 5155 5155 5139 5139 5157 5157 5140 5140 5157 5157 5139 5139 5157 5157 5140 5140 5158 5158 5141 5141 5158 5158 5140 5140 5158 5158 5141 5141 5159 5159 5142 5142 5159 5159 5141 5141 5159 5159 5142 5142 5160 5160 1600 1600 1601 1601 5119 5119 1610 1610 5119 5119 1601 1601 5119 5119 1610 1610 1609 1609 1595 1595 1592 1592 5142 5142 1593 1593 5142 5142 1592 1592 5142 5142 1593 1593 5160 5160 1594 1594 5160 5160 1593 1593 5160 5160 1594 1594 1598 1598 5090 5090 5120 5120 5128 5128 5121 5121 5128 5128 5120 5120 5128 5128 5121 5121 5125 5125 5122 5122 5125 5125 5121 5121 5125 5125 5122 5122 5126 5126 5123 5123 5126 5126 5122 5122 5126 5126 5123 5123 5118 5118 5124 5124 5118 5118 5123 5123 5118 5118 5124 5124 5119 5119 5160 5160 5119 5119 5124 5124 5119 5119 5160 5160 1600 1600 1598 1598 1600 1600 5160 5160 1483 1483 5088 5088 5090 5090 5089 5089 5090 5090 5088 5088 5090 5090 5089 5089 5120 5120 5143 5143 5120 5120 5089 5089 5120 5120 5143 5143 5111 5111 5145 5145 5111 5111 5143 5143 5111 5111 5145 5145 5112 5112 5147 5147 5112 5112 5145 5145 5112 5112 5147 5147 5114 5114 5149 5149 5114 5114 5147 5147 5114 5114 5149 5149 5116 5116 5151 5151 5116 5116 5149 5149 5116 5116 5151 5151 5156 5156 5153 5153 5156 5156 5151 5151 5156 5156 5153 5153 5154 5154 5096 5096 5154 5154 5153 5153 5154 5154 5096 5096 5082 5082 1406 1406 5082 5082 5096 5096 5082 5082 1406 1406 1408 1408 5161 5161 5162 5162 5163 5163 5164 5164 5165 5165 5166 5166 2983 2983 2984 2984 5167 5167 2966 2966 5168 5168 5169 5169 5170 5170 5171 5171 5172 5172 2451 2451 5173 5173 5174 5174 5175 5175 5176 5176 5177 5177 2442 2442 5178 5178 5179 5179 2438 2438 5180 5180 5181 5181 2434 2434 2178 2178 2177 2177 2442 2442 5179 5179 2444 2444 2457 2457 2455 2455 5182 5182 5183 5183 5182 5182 2455 2455 5182 5182 5183 5183 5184 5184 5185 5185 5184 5184 5183 5183 5184 5184 5185 5185 5186 5186 5187 5187 5186 5186 5185 5185 5186 5186 5187 5187 5188 5188 4072 4072 5188 5188 5187 5187 5171 5171 5189 5189 5172 5172 4063 4063 5172 5172 5189 5189 5172 5172 4063 4063 5187 5187 4073 4073 5187 5187 4063 4063 5187 5187 4073 4073 4072 4072 5170 5170 5172 5172 5190 5190 5191 5191 5190 5190 5172 5172 5190 5190 5191 5191 5192 5192 5193 5193 5192 5192 5191 5191 5192 5192 5193 5193 5194 5194 5195 5195 4046 4046 5196 5196 5196 5196 4004 4004 5195 5195 5197 5197 5195 5195 4004 4004 5195 5195 5197 5197 5193 5193 4007 4007 5193 5193 5197 5197 5193 5193 4007 4007 5194 5194 1439 1439 4046 4046 2948 2948 5195 5195 2948 2948 4046 4046 2948 2948 5195 5195 2947 2947 2938 2938 2947 2947 5195 5195 2954 2954 2952 2952 5198 5198 2951 2951 5198 5198 2952 2952 2959 2959 2961 2961 5199 5199 2955 2955 5199 5199 2961 2961 5168 5168 2956 2956 5200 5200 2966 2966 2965 2965 5168 5168 2924 2924 5168 5168 2965 2965 5168 5168 2924 2924 2956 2956 2983 2983 5167 5167 2982 2982 5201 5201 2980 2980 5202 5202 5203 5203 2211 2211 5201 5201 5204 5204 5201 5201 2211 2211 5205 5205 2980 2980 5206 5206 5201 5201 5206 5206 2980 2980 5206 5206 5201 5201 2207 2207 5204 5204 2207 2207 5201 5201 5166 5166 5165 5165 5201 5201 5165 5165 2197 2197 5201 5201 5207 5207 5201 5201 2197 2197 5201 5201 5207 5207 5208 5208 5208 5208 5209 5209 5201 5201 2202 2202 5201 5201 5209 5209 5201 5201 2202 2202 5203 5203 5210 5210 5211 5211 5212 5212 5213 5213 5212 5212 5211 5211 5212 5212 5213 5213 5166 5166 5214 5214 5166 5166 5213 5213 5166 5166 5214 5214 5164 5164 5163 5163 5162 5162 5215 5215 5162 5162 5216 5216 5215 5215 5217 5217 5215 5215 5216 5216 5215 5215 5217 5217 5212 5212 5218 5218 5212 5212 5217 5217 5212 5212 5218 5218 5210 5210 2434 2434 2177 2177 5163 5163 5219 5219 5163 5163 2177 2177 5163 5163 5219 5219 5161 5161 5202 5202 2982 2982 5201 5201 5167 5167 5201 5201 2982 2982 5201 5201 5167 5167 5166 5166 5220 5220 5166 5166 5167 5167 5166 5166 5220 5220 5212 5212 5221 5221 5212 5212 5220 5220 5212 5212 5221 5221 5215 5215 5222 5222 5215 5215 5221 5221 5215 5215 5222 5222 5163 5163 5181 5181 5163 5163 5222 5222 5163 5163 5181 5181 2434 2434 5180 5180 2434 2434 5181 5181 2984 2984 2966 2966 5167 5167 5169 5169 5167 5167 2966 2966 5167 5167 5169 5169 5220 5220 5223 5223 5220 5220 5169 5169 5220 5220 5223 5223 5221 5221 5224 5224 5221 5221 5223 5223 5221 5221 5224 5224 5222 5222 5225 5225 5222 5222 5224 5224 5222 5222 5225 5225 5181 5181 5179 5179 5181 5181 5225 5225 5181 5181 5179 5179 2438 2438 5178 5178 2438 2438 5179 5179 5200 5200 2959 2959 5168 5168 5199 5199 5168 5168 2959 2959 5168 5168 5199 5199 5169 5169 5226 5226 5169 5169 5199 5199 5169 5169 5226 5226 5223 5223 5227 5227 5223 5223 5226 5226 5223 5223 5227 5227 5224 5224 5228 5228 5224 5224 5227 5227 5224 5224 5228 5228 5225 5225 5229 5229 5225 5225 5228 5228 5225 5225 5229 5229 5179 5179 5177 5177 5179 5179 5229 5229 5179 5179 5177 5177 2444 2444 5176 5176 2444 2444 5177 5177 2955 2955 2954 2954 5199 5199 5198 5198 5199 5199 2954 2954 5199 5199 5198 5198 5226 5226 5230 5230 5226 5226 5198 5198 5226 5226 5230 5230 5227 5227 5231 5231 5227 5227 5230 5230 5227 5227 5231 5231 5228 5228 5232 5232 5228 5228 5231 5231 5228 5228 5232 5232 5229 5229 5233 5233 5229 5229 5232 5232 5229 5229 5233 5233 5177 5177 5174 5174 5177 5177 5233 5233 5177 5177 5174 5174 5175 5175 5173 5173 5175 5175 5174 5174 2951 2951 2938 2938 5198 5198 5195 5195 5198 5198 2938 2938 5198 5198 5195 5195 5230 5230 5193 5193 5230 5230 5195 5195 5230 5230 5193 5193 5231 5231 5191 5191 5231 5231 5193 5193 5231 5231 5191 5191 5232 5232 5172 5172 5232 5232 5191 5191 5232 5232 5172 5172 5233 5233 5187 5187 5233 5233 5172 5172 5233 5233 5187 5187 5174 5174 5185 5185 5174 5174 5187 5187 5174 5174 5185 5185 2451 2451 5183 5183 2451 2451 5185 5185 564 564 5234 5234 5235 5235 5235 5235 5236 5236 564 564 5237 5237 564 564 5236 5236 564 564 5237 5237 559 559 560 560 559 559 5237 5237 562 562 5238 5238 564 564 5239 5239 564 564 5238 5238 564 564 5239 5239 5234 5234 5240 5240 5241 5241 561 561 5241 5241 5242 5242 561 561 5243 5243 561 561 5242 5242 561 561 5243 5243 562 562 5244 5244 562 562 5243 5243 562 562 5244 5244 5238 5238 566 566 5245 5245 565 565 5246 5246 565 565 5245 5245 565 565 5246 5246 561 561 5247 5247 561 561 5246 5246 561 561 5247 5247 5248 5248 5248 5248 5249 5249 561 561 5250 5250 561 561 5249 5249 561 561 5250 5250 5240 5240 714 714 713 713 5251 5251 719 719 5252 5252 5253 5253 5251 5251 5254 5254 714 714 5255 5255 714 714 5254 5254 714 714 5255 5255 1582 1582 5256 5256 1582 1582 5255 5255 1582 1582 5256 5256 5257 5257 5258 5258 5257 5257 5256 5256 5257 5257 5258 5258 1580 1580 5259 5259 1580 1580 5258 5258 1580 1580 5259 5259 5260 5260 5261 5261 2623 2623 5262 5262 1580 1580 5262 5262 2623 2623 5262 5262 1580 1580 5263 5263 5260 5260 5263 5263 1580 1580 5253 5253 5264 5264 719 719 5265 5265 719 719 5264 5264 719 719 5265 5265 720 720 5261 5261 5266 5266 2623 2623 5267 5267 2623 2623 5266 5266 2623 2623 5267 5267 2401 2401 5267 5267 5268 5268 2401 2401 5269 5269 2401 2401 5268 5268 2401 2401 5269 5269 719 719 5270 5270 719 719 5269 5269 719 719 5270 5270 5252 5252 5271 5271 5272 5272 1939 1939 947 947 5273 5273 2050 2050 962 962 5274 5274 1704 1704 889 889 888 888 5275 5275 5275 5275 888 888 1793 1793 4934 4934 5276 5276 5277 5277 1915 1915 5277 5277 5276 5276 5276 5276 5278 5278 1915 1915 5279 5279 1915 1915 5278 5278 1915 1915 5279 5279 5280 5280 5280 5280 5281 5281 1915 1915 5282 5282 1915 1915 5281 5281 1915 1915 5282 5282 5283 5283 5284 5284 5283 5283 5282 5282 5283 5283 5284 5284 5285 5285 5285 5285 5286 5286 5283 5283 5287 5287 5283 5283 5286 5286 5283 5283 5287 5287 5288 5288 5289 5289 5290 5290 5291 5291 5292 5292 5291 5291 5290 5290 5291 5291 5292 5292 5293 5293 5288 5288 5293 5293 5292 5292 5293 5293 5288 5288 5294 5294 5287 5287 5294 5294 5288 5288 5295 5295 5296 5296 5015 5015 5297 5297 5298 5298 5289 5289 5299 5299 5289 5289 5298 5298 5289 5289 5299 5299 5290 5290 5297 5297 5300 5300 5298 5298 5301 5301 5298 5298 5300 5300 5298 5298 5301 5301 5302 5302 5302 5302 5303 5303 5298 5298 5304 5304 5298 5298 5303 5303 5298 5298 5304 5304 5305 5305 5304 5304 5306 5306 5305 5305 5307 5307 5305 5305 5306 5306 5305 5305 5307 5307 5308 5308 5309 5309 5308 5308 5307 5307 5308 5308 5309 5309 5310 5310 5310 5310 5309 5309 5311 5311 5312 5312 5311 5311 5309 5309 5311 5311 5312 5312 5313 5313 5314 5314 5315 5315 5313 5313 5316 5316 5313 5313 5315 5315 5313 5313 5316 5316 5311 5311 5314 5314 5317 5317 5315 5315 5318 5318 5315 5315 5317 5317 5315 5315 5318 5318 5319 5319 5319 5319 5320 5320 5315 5315 5321 5321 5315 5315 5320 5320 5315 5315 5321 5321 5015 5015 5322 5322 5015 5015 5321 5321 5015 5015 5322 5322 5295 5295 5296 5296 5323 5323 5015 5015 5324 5324 5015 5015 5323 5323 5015 5015 5324 5324 5325 5325 5326 5326 5325 5325 5324 5324 5325 5325 5326 5326 4911 4911 5326 5326 5327 5327 4911 4911 5328 5328 4911 4911 5327 5327 4911 4911 5328 5328 4999 4999 5328 5328 5329 5329 4999 4999 5330 5330 4999 4999 5329 5329 4999 4999 5330 5330 5331 5331 5330 5330 5332 5332 5331 5331 5333 5333 5331 5331 5332 5332 5331 5331 5333 5333 5001 5001 5333 5333 5334 5334 5001 5001 5335 5335 5001 5001 5334 5334 5001 5001 5335 5335 4997 4997 4934 4934 4994 4994 5276 5276 4914 4914 5276 5276 4994 4994 5276 5276 4914 4914 5336 5336 4913 4913 5336 5336 4914 4914 5336 5336 4913 4913 5337 5337 4995 4995 5337 5337 4913 4913 5337 5337 4995 4995 5338 5338 5339 5339 5338 5338 4995 4995 5335 5335 5340 5340 4997 4997 5341 5341 4997 4997 5340 5340 4997 4997 5341 5341 4995 4995 5342 5342 4995 4995 5341 5341 4995 4995 5342 5342 5339 5339 1775 1775 898 898 1772 1772 897 897 1772 1772 898 898 897 897 895 895 1772 1772 894 894 1772 1772 895 895 1772 1772 894 894 1771 1771 3679 3679 1771 1771 894 894 1771 1771 3679 3679 5343 5343 3680 3680 5343 5343 3679 3679 5343 5343 3680 3680 3677 3677 1775 1775 1774 1774 898 898 5344 5344 898 898 1774 1774 898 898 5344 5344 899 899 1789 1789 899 899 5344 5344 899 899 1789 1789 901 901 1788 1788 901 901 1789 1789 901 901 1788 1788 888 888 5345 5345 888 888 1788 1788 888 888 5345 5345 1793 1793 1694 1694 1693 1693 5346 5346 1693 1693 1696 1696 5346 5346 1698 1698 5346 5346 1696 1696 5346 5346 1698 1698 1701 1701 5346 5346 5347 5347 1694 1694 952 952 1694 1694 5347 5347 1694 1694 952 952 5275 5275 950 950 5275 5275 952 952 5275 5275 950 950 889 889 5348 5348 5349 5349 1704 1704 5349 5349 5350 5350 1704 1704 5351 5351 1704 1704 5350 5350 1704 1704 5351 5351 5352 5352 5352 5352 5353 5353 1704 1704 5354 5354 1704 1704 5353 5353 1704 1704 5354 5354 1705 1705 1706 1706 1705 1705 5354 5354 5354 5354 5355 5355 1706 1706 5356 5356 1706 1706 5355 5355 1706 1706 5356 5356 1707 1707 5357 5357 1707 1707 5356 5356 1707 1707 5357 5357 1709 1709 5358 5358 1709 1709 5357 5357 1709 1709 5358 5358 1710 1710 5358 5358 5359 5359 1710 1710 5360 5360 1710 1710 5359 5359 1710 1710 5360 5360 5361 5361 5360 5360 5362 5362 5361 5361 5363 5363 5361 5361 5362 5362 5361 5361 5363 5363 5364 5364 5363 5363 5365 5365 5364 5364 5366 5366 5364 5364 5365 5365 5364 5364 5366 5366 1701 1701 5367 5367 1701 1701 5366 5366 1701 1701 5367 5367 5368 5368 5368 5368 5369 5369 1701 1701 5370 5370 1701 1701 5369 5369 1701 1701 5370 5370 5371 5371 5372 5372 5373 5373 5346 5346 5371 5371 5374 5374 1701 1701 5375 5375 1701 1701 5374 5374 1701 1701 5375 5375 5346 5346 5376 5376 5346 5346 5375 5375 5346 5346 5376 5376 5372 5372 5373 5373 5377 5377 5346 5346 5378 5378 5346 5346 5377 5377 5346 5346 5378 5378 5379 5379 5379 5379 5380 5380 5346 5346 5381 5381 5346 5346 5380 5380 5346 5346 5381 5381 955 955 5382 5382 955 955 5381 5381 955 955 5382 5382 956 956 5383 5383 956 956 5382 5382 5383 5383 5384 5384 956 956 5385 5385 956 956 5384 5384 956 956 5385 5385 958 958 5385 5385 5386 5386 958 958 5387 5387 958 958 5386 5386 958 958 5387 5387 959 959 5388 5388 5274 5274 5389 5389 959 959 5389 5389 5274 5274 5389 5389 959 959 5390 5390 5387 5387 5390 5390 959 959 5388 5388 5391 5391 5274 5274 5392 5392 5274 5274 5391 5391 5274 5274 5392 5392 5393 5393 5393 5393 5394 5394 5274 5274 5395 5395 5274 5274 5394 5394 5274 5274 5395 5395 5396 5396 5396 5396 5397 5397 5274 5274 5398 5398 5274 5274 5397 5397 5274 5274 5398 5398 1704 1704 5399 5399 1704 1704 5398 5398 1704 1704 5399 5399 5348 5348 5400 5400 1907 1907 964 964 964 964 1907 1907 5401 5401 962 962 1704 1704 963 963 1702 1702 963 963 1704 1704 963 963 1702 1702 964 964 1686 1686 964 964 1702 1702 964 964 1686 1686 5400 5400 1907 1907 2048 2048 5401 5401 2047 2047 5401 5401 2048 2048 5401 5401 2047 2047 5402 5402 2050 2050 5273 5273 2051 2051 944 944 2051 2051 5273 5273 2051 2051 944 944 2052 2052 944 944 943 943 2052 2052 970 970 2052 2052 943 943 2052 2052 970 970 2047 2047 969 969 2047 2047 970 970 2047 2047 969 969 5402 5402 2049 2049 3343 3343 2050 2050 3344 3344 2050 2050 3343 3343 2050 2050 3344 3344 947 947 3339 3339 1941 1941 5403 5403 1946 1946 5403 5403 1941 1941 3339 3339 3337 3337 1941 1941 3336 3336 1941 1941 3337 3337 1941 1941 3336 3336 2049 2049 3341 3341 2049 2049 3336 3336 2049 2049 3341 3341 3343 3343 1939 1939 5272 5272 1944 1944 5272 5272 5404 5404 1944 1944 5405 5405 1944 1944 5404 5404 1944 1944 5405 5405 5406 5406 5407 5407 5406 5406 5405 5405 5406 5406 5407 5407 1946 1946 5408 5408 1946 1946 5407 5407 1946 1946 5408 5408 5403 5403 1936 1936 5409 5409 5410 5410 1936 1936 5410 5410 1938 1938 5411 5411 1938 1938 5410 5410 1938 1938 5411 5411 1939 1939 5412 5412 1939 1939 5411 5411 1939 1939 5412 5412 5271 5271 5409 5409 1936 1936 5413 5413 1935 1935 5413 5413 1936 1936 5413 5413 1935 1935 5414 5414 1819 1819 5414 5414 1935 1935 5414 5414 1819 1819 5415 5415 5415 5415 1819 1819 3319 3319 5416 5416 3319 3319 1819 1819 3319 3319 5416 5416 3320 3320 5417 5417 3320 3320 5416 5416 3320 3320 5417 5417 3314 3314 1931 1931 3314 3314 5417 5417 3314 3314 1931 1931 5418 5418 1930 1930 5419 5419 1931 1931 5420 5420 1931 1931 5419 5419 1931 1931 5420 5420 5418 5418 1927 1927 1925 1925 5421 5421 5421 5421 5422 5422 1927 1927 5423 5423 1927 1927 5422 5422 1927 1927 5423 5423 5424 5424 5425 5425 5424 5424 5423 5423 5424 5424 5425 5425 1930 1930 5426 5426 1930 1930 5425 5425 1930 1930 5426 5426 5419 5419 1923 1923 5427 5427 5428 5428 1923 1923 5428 5428 5429 5429 5430 5430 5429 5429 5428 5428 5429 5429 5430 5430 1924 1924 5431 5431 1924 1924 5430 5430 1924 1924 5431 5431 1925 1925 5432 5432 1925 1925 5431 5431 1925 1925 5432 5432 5421 5421 1922 1922 1920 1920 5433 5433 5433 5433 5434 5434 1922 1922 5435 5435 1922 1922 5434 5434 1922 1922 5435 5435 1923 1923 5436 5436 1923 1923 5435 5435 1923 1923 5436 5436 5427 5427 5437 5437 3290 3290 1917 1917 3291 3291 1917 1917 3290 3290 1917 1917 3291 3291 1919 1919 3292 3292 1919 1919 3291 3291 1919 1919 3292 3292 1920 1920 3296 3296 1920 1920 3292 3292 1920 1920 3296 3296 5433 5433 5283 5283 5438 5438 1915 1915 5439 5439 1915 1915 5438 5438 1915 1915 5439 5439 1825 1825 5440 5440 1825 1825 5439 5439 1825 1825 5440 5440 1916 1916 5441 5441 1916 1916 5440 5440 1916 1916 5441 5441 1917 1917 5442 5442 1917 1917 5441 5441 1917 1917 5442 5442 5437 5437 5443 5443 5018 5018 5444 5444 5445 5445 5444 5444 5018 5018 5444 5444 5445 5445 5446 5446 5015 5015 5017 5017 5315 5315 5020 5020 5315 5315 5017 5017 5315 5315 5020 5020 5443 5443 5019 5019 5443 5443 5020 5020 5443 5443 5019 5019 5018 5018 5446 5446 5445 5445 5447 5447 4935 4935 5447 5447 5445 5445 5447 5447 4935 4935 5448 5448 4924 4924 5448 5448 4935 4935 5448 5448 4924 4924 5449 5449 5450 5450 2600 2600 2606 2606 2606 2606 5451 5451 5450 5450 5452 5452 5450 5450 5451 5451 5450 5450 5452 5452 4921 4921 5449 5449 4921 4921 5452 5452 4921 4921 5449 5449 4923 4923 4924 4924 4923 4923 5449 5449 5450 5450 4938 4938 2600 2600 4941 4941 2600 2600 4938 4938 2600 2600 4941 4941 2601 2601 4942 4942 2601 2601 4941 4941 2601 2601 4942 4942 2597 2597 2623 2623 2625 2625 1580 1580 2627 2627 1580 1580 2625 2625 1580 1580 2627 2627 4942 4942 2598 2598 4942 4942 2627 2627 4942 4942 2598 2598 2597 2597 1254 1254 1238 1238 3675 3675 5343 5343 3675 3675 1238 1238 3675 3675 5343 5343 3673 3673 3677 3677 3673 3673 5343 5343 4613 4613 4612 4612 3583 3583 4287 4287 3573 3573 5453 5453 3575 3575 5453 5453 3573 3573 5453 5453 3575 3575 4622 4622 3577 3577 4622 4622 3575 3575 4622 4622 3577 3577 4620 4620 3583 3583 4612 4612 3582 3582 4612 4612 4574 4574 3582 3582 4619 4619 3582 3582 4574 4574 3582 3582 4619 4619 3580 3580 4618 4618 3580 3580 4619 4619 3580 3580 4618 4618 3578 3578 4616 4616 3578 3578 4618 4618 3578 3578 4616 4616 3577 3577 4615 4615 3577 3577 4616 4616 3577 3577 4615 4615 4620 4620 4613 4613 3583 3583 5454 5454 3223 3223 5454 5454 3583 3583 5454 5454 3223 3223 4607 4607 3112 3112 1259 1259 1261 1261 1261 1261 5455 5455 3112 3112 5456 5456 3112 3112 5455 5455 3112 3112 5456 5456 3115 3115 5457 5457 3115 3115 5456 5456 3115 3115 5457 5457 3116 3116 5458 5458 3116 3116 5457 5457 3116 3116 5458 5458 3118 3118 5459 5459 3118 3118 5458 5458 3118 3118 5459 5459 3122 3122 5460 5460 3122 3122 5459 5459 3122 3122 5460 5460 3129 3129 5461 5461 3129 3129 5460 5460 3129 3129 5461 5461 3130 3130 5461 5461 5462 5462 3130 3130 5463 5463 3130 3130 5462 5462 3130 3130 5463 5463 3060 3060 5464 5464 3060 3060 5463 5463 3060 3060 5464 5464 3061 3061 5465 5465 3061 3061 5464 5464 3061 3061 5465 5465 3133 3133 5465 5465 5466 5466 3133 3133 5467 5467 3133 3133 5466 5466 3133 3133 5467 5467 3139 3139 5468 5468 3139 3139 5467 5467 3139 3139 5468 5468 3140 3140 3141 3141 3140 3140 5468 5468 3165 3165 5469 5469 3181 3181 5470 5470 3181 3181 5469 5469 3181 3181 5470 5470 3182 3182 5471 5471 3182 3182 5470 5470 3182 3182 5471 5471 3183 3183 5472 5472 3183 3183 5471 5471 3183 3183 5472 5472 3168 3168 5468 5468 5473 5473 3141 3141 5474 5474 3141 3141 5473 5473 3141 3141 5474 5474 3159 3159 5475 5475 3159 3159 5474 5474 3159 3159 5475 5475 3161 3161 5476 5476 3161 3161 5475 5475 3161 3161 5476 5476 3162 3162 5477 5477 3162 3162 5476 5476 3162 3162 5477 5477 3163 3163 5478 5478 3163 3163 5477 5477 3163 3163 5478 5478 3165 3165 5479 5479 3165 3165 5478 5478 3165 3165 5479 5479 5469 5469 5472 5472 5480 5480 3168 3168 5481 5481 3168 3168 5480 5480 3168 3168 5481 5481 3170 3170 5482 5482 3170 3170 5481 5481 3170 3170 5482 5482 3172 3172 5483 5483 3172 3172 5482 5482 3172 3172 5483 5483 3226 3226 5484 5484 3226 3226 5483 5483 3226 3226 5484 5484 3225 3225 4607 4607 3223 3223 5485 5485 3224 3224 5485 5485 3223 3223 5485 5485 3224 3224 5486 5486 3225 3225 5486 5486 3224 3224 5486 5486 3225 3225 5487 5487 5484 5484 5487 5487 3225 3225 3732 3732 5488 5488 5489 5489 5481 5481 5480 5480 5490 5490 5491 5491 5492 5492 5493 5493 5487 5487 5484 5484 5494 5494 5483 5483 5482 5482 5495 5495 3729 3729 3734 3734 5496 5496 3740 3740 5497 5497 5498 5498 5499 5499 5500 5500 5501 5501 5502 5502 5503 5503 5504 5504 5505 5505 3726 3726 4840 4840 4581 4581 4580 4580 5506 5506 5507 5507 5506 5506 4580 4580 5506 5506 5507 5507 4579 4579 4815 4815 4813 4813 5508 5508 4812 4812 5508 5508 4813 4813 5508 5508 4812 4812 5509 5509 4811 4811 5509 5509 4812 4812 5509 5509 4811 4811 5506 5506 4810 4810 5506 5506 4811 4811 5506 5506 4810 4810 4581 4581 4815 4815 5508 5508 4816 4816 5510 5510 4816 4816 5508 5508 4816 4816 5510 5510 4818 4818 5511 5511 4818 4818 5510 5510 4818 4818 5511 5511 4819 4819 4819 4819 5511 5511 4820 4820 5512 5512 4820 4820 5511 5511 4820 4820 5512 5512 4821 4821 5513 5513 4821 4821 5512 5512 4821 4821 5513 5513 4823 4823 5514 5514 4826 4826 5515 5515 4825 4825 5515 5515 4826 4826 5515 5515 4825 4825 5513 5513 4824 4824 5513 5513 4825 4825 5513 5513 4824 4824 4823 4823 4834 4834 4832 4832 5516 5516 4831 4831 5516 5516 4832 4832 5516 5516 4831 4831 5517 5517 4830 4830 5517 5517 4831 4831 5517 5517 4830 4830 5518 5518 4829 4829 5518 5518 4830 4830 5518 5518 4829 4829 5514 5514 4828 4828 5514 5514 4829 4829 5514 5514 4828 4828 4826 4826 4834 4834 5516 5516 4835 4835 5519 5519 4835 4835 5516 5516 4835 4835 5519 5519 4837 4837 5520 5520 4837 4837 5519 5519 4837 4837 5520 5520 4838 4838 4838 4838 5520 5520 4841 4841 5521 5521 4841 4841 5520 5520 4841 4841 5521 5521 4840 4840 3745 3745 4840 4840 5521 5521 4840 4840 3745 3745 5505 5505 5522 5522 4610 4610 5523 5523 4611 4611 5524 5524 5525 5525 4602 4602 5525 5525 5524 5524 4599 4599 4598 4598 5526 5526 4599 4599 5526 5526 4601 4601 4598 4598 4606 4606 5526 5526 4605 4605 5526 5526 4606 4606 5526 5526 4605 4605 4603 4603 4594 4594 5527 5527 5528 5528 4594 4594 5528 5528 4596 4596 4589 4589 5529 5529 5530 5530 4592 4592 4591 4591 5531 5531 4590 4590 5531 5531 4591 4591 3736 3736 5532 5532 5533 5533 3753 3753 5533 5533 5532 5532 5534 5534 5535 5535 5521 5521 5536 5536 5521 5521 5535 5535 5521 5521 5536 5536 3745 3745 5537 5537 5499 5499 5538 5538 5502 5502 5504 5504 5539 5539 5540 5540 5539 5539 5504 5504 5539 5539 5540 5540 5541 5541 5542 5542 5541 5541 5540 5540 5541 5541 5542 5542 5543 5543 5542 5542 5475 5475 5474 5474 5499 5499 5501 5501 5538 5538 5544 5544 5538 5538 5501 5501 5538 5538 5544 5544 5545 5545 5546 5546 5545 5545 5544 5544 5545 5545 5546 5546 5547 5547 5542 5542 5474 5474 5543 5543 5473 5473 5543 5543 5474 5474 5543 5543 5473 5473 5468 5468 5468 5468 5546 5546 5543 5543 5544 5544 5543 5543 5546 5546 5543 5543 5544 5544 5541 5541 5501 5501 5541 5541 5544 5544 5541 5541 5501 5501 5539 5539 5500 5500 5539 5539 5501 5501 5539 5539 5500 5500 5502 5502 3740 3740 5498 5498 3741 3741 5537 5537 5548 5548 5549 5549 5550 5550 5549 5549 5548 5548 5549 5549 5550 5550 5551 5551 5552 5552 5551 5551 5550 5550 5551 5551 5552 5552 5498 5498 5553 5553 5498 5498 5552 5552 5498 5498 5553 5553 3741 3741 5463 5463 5462 5462 5554 5554 5461 5461 5554 5554 5462 5462 5554 5554 5461 5461 5555 5555 5489 5489 5556 5556 5457 5457 5488 5488 3729 3729 5489 5489 5496 5496 5489 5489 3729 3729 5489 5489 5496 5496 5556 5556 5557 5557 5556 5556 5496 5496 5556 5556 5557 5557 5555 5555 5558 5558 5555 5555 5557 5557 5555 5555 5558 5558 5554 5554 5559 5559 5554 5554 5558 5558 5461 5461 5460 5460 5555 5555 5459 5459 5555 5555 5460 5460 5555 5555 5459 5459 5556 5556 5458 5458 5556 5556 5459 5459 5556 5556 5458 5458 5457 5457 5560 5560 3744 3744 5553 5553 3743 3743 5553 5553 3744 3744 5553 5553 3743 3743 3741 3741 3734 3734 5560 5560 5496 5496 5553 5553 5496 5496 5560 5560 5496 5496 5553 5553 5557 5557 5552 5552 5557 5557 5553 5553 5557 5557 5552 5552 5558 5558 5550 5550 5558 5558 5552 5552 5558 5558 5550 5550 5559 5559 5548 5548 5559 5559 5550 5550 5468 5468 5467 5467 5546 5546 5466 5466 5546 5546 5467 5467 5546 5546 5466 5466 5547 5547 5465 5465 5547 5547 5466 5466 5547 5547 5465 5465 5464 5464 5537 5537 5538 5538 5548 5548 5545 5545 5548 5548 5538 5538 5548 5548 5545 5545 5559 5559 5547 5547 5559 5559 5545 5545 5559 5559 5547 5547 5554 5554 5464 5464 5554 5554 5547 5547 5554 5554 5464 5464 5463 5463 5527 5527 4601 4601 5528 5528 5526 5526 5528 5528 4601 4601 5528 5528 5526 5526 5561 5561 5562 5562 5561 5561 5563 5563 5526 5526 5563 5563 5561 5561 5563 5563 5526 5526 5524 5524 4603 4603 5524 5524 5526 5526 5524 5524 4603 4603 4602 4602 5503 5503 5564 5564 5565 5565 5566 5566 5562 5562 5567 5567 5563 5563 5567 5567 5562 5562 5567 5567 5563 5563 5568 5568 5524 5524 5568 5568 5563 5563 5568 5568 5524 5524 5522 5522 4611 4611 5522 5522 5524 5524 5522 5522 4611 4611 4610 4610 5486 5486 5522 5522 5485 5485 5523 5523 5485 5485 5522 5522 5485 5485 5523 5523 4607 4607 5569 5569 5566 5566 5570 5570 5567 5567 5570 5570 5566 5566 5570 5570 5567 5567 5571 5571 5568 5568 5571 5571 5567 5567 5571 5571 5568 5568 5494 5494 5522 5522 5494 5494 5568 5568 5494 5494 5522 5522 5487 5487 5486 5486 5487 5487 5522 5522 5484 5484 5483 5483 5494 5494 5495 5495 5494 5494 5483 5483 5494 5494 5495 5495 5571 5571 5572 5572 5571 5571 5495 5495 5571 5571 5572 5572 5570 5570 5573 5573 5570 5570 5572 5572 5570 5570 5573 5573 5569 5569 5574 5574 5569 5569 5573 5573 5480 5480 5472 5472 5490 5490 5491 5491 5490 5490 5472 5472 5490 5490 5491 5491 5575 5575 5493 5493 5575 5575 5491 5491 5575 5575 5493 5493 5576 5576 5564 5564 5576 5576 5565 5565 5493 5493 5565 5565 5576 5576 5565 5565 5493 5493 5577 5577 5492 5492 5577 5577 5493 5493 5577 5577 5492 5492 5578 5578 5479 5479 5578 5578 5492 5492 5472 5472 5471 5471 5491 5491 5470 5470 5491 5491 5471 5471 5491 5491 5470 5470 5492 5492 5469 5469 5492 5492 5470 5470 5492 5492 5469 5469 5479 5479 5564 5564 5574 5574 5576 5576 5573 5573 5576 5576 5574 5574 5576 5576 5573 5573 5575 5575 5572 5572 5575 5575 5573 5573 5575 5575 5572 5572 5490 5490 5495 5495 5490 5490 5572 5572 5490 5490 5495 5495 5481 5481 5482 5482 5481 5481 5495 5495 3753 3753 5579 5579 5533 5533 5580 5580 5533 5533 5579 5579 5533 5533 5580 5580 5581 5581 5582 5582 5581 5581 5580 5580 5581 5581 5582 5582 5583 5583 5584 5584 5583 5583 5582 5582 5583 5583 5584 5584 5585 5585 5586 5586 5585 5585 5584 5584 5585 5585 5586 5586 5587 5587 5588 5588 5587 5587 5586 5586 5587 5587 5588 5588 5589 5589 5590 5590 5589 5589 5588 5588 5589 5589 5590 5590 5591 5591 5592 5592 5591 5591 5590 5590 5591 5591 5592 5592 5593 5593 5594 5594 5593 5593 5592 5592 5593 5593 5594 5594 5595 5595 5596 5596 5595 5595 5594 5594 5595 5595 5596 5596 5597 5597 5598 5598 5597 5597 5596 5596 5597 5597 5598 5598 5599 5599 5600 5600 5599 5599 5598 5598 5599 5599 5600 5600 5601 5601 5602 5602 5601 5601 5600 5600 5601 5601 5602 5602 5603 5603 5604 5604 5603 5603 5602 5602 5603 5603 5604 5604 5605 5605 5606 5606 5605 5605 5604 5604 5605 5605 5606 5606 5530 5530 5531 5531 5530 5530 5606 5606 5530 5530 5531 5531 4589 4589 4590 4590 4589 4589 5531 5531 5579 5579 5534 5534 5580 5580 5521 5521 5580 5580 5534 5534 5580 5580 5521 5521 5582 5582 5520 5520 5582 5582 5521 5521 5582 5582 5520 5520 5584 5584 5519 5519 5584 5584 5520 5520 5584 5584 5519 5519 5586 5586 5516 5516 5586 5586 5519 5519 5586 5586 5516 5516 5588 5588 5517 5517 5588 5588 5516 5516 5588 5588 5517 5517 5590 5590 5518 5518 5590 5590 5517 5517 5590 5590 5518 5518 5592 5592 5514 5514 5592 5592 5518 5518 5592 5592 5514 5514 5594 5594 5515 5515 5594 5594 5514 5514 5594 5594 5515 5515 5596 5596 5513 5513 5596 5596 5515 5515 5596 5596 5513 5513 5598 5598 5512 5512 5598 5598 5513 5513 5598 5598 5512 5512 5600 5600 5511 5511 5600 5600 5512 5512 5600 5600 5511 5511 5602 5602 5510 5510 5602 5602 5511 5511 5602 5602 5510 5510 5604 5604 5508 5508 5604 5604 5510 5510 5604 5604 5508 5508 5606 5606 5509 5509 5606 5606 5508 5508 5606 5606 5509 5509 5531 5531 5506 5506 5531 5531 5509 5509 5531 5531 5506 5506 4592 4592 4579 4579 4592 4592 5506 5506 1261 1261 3732 3732 5455 5455 5489 5489 5455 5455 3732 3732 5455 5455 5489 5489 5456 5456 5457 5457 5456 5456 5489 5489 5479 5479 5478 5478 5578 5578 5477 5477 5578 5578 5478 5478 5578 5578 5477 5477 5476 5476 5503 5503 5565 5565 5504 5504 5577 5577 5504 5504 5565 5565 5504 5504 5577 5577 5540 5540 5578 5578 5540 5540 5577 5577 5540 5540 5578 5578 5542 5542 5476 5476 5542 5542 5578 5578 5542 5542 5476 5476 5475 5475 5497 5497 3736 3736 5498 5498 5533 5533 5498 5498 3736 3736 5498 5498 5533 5533 5551 5551 5581 5581 5551 5551 5533 5533 5551 5551 5581 5581 5549 5549 5583 5583 5549 5549 5581 5581 5549 5549 5583 5583 5537 5537 5585 5585 5537 5537 5583 5583 5537 5537 5585 5585 5499 5499 5587 5587 5499 5499 5585 5585 5499 5499 5587 5587 5500 5500 5589 5589 5500 5500 5587 5587 5500 5500 5589 5589 5502 5502 5591 5591 5502 5502 5589 5589 5502 5502 5591 5591 5503 5503 5593 5593 5503 5503 5591 5591 5503 5503 5593 5593 5564 5564 5595 5595 5564 5564 5593 5593 5564 5564 5595 5595 5574 5574 5597 5597 5574 5574 5595 5595 5574 5574 5597 5597 5569 5569 5599 5599 5569 5569 5597 5597 5569 5569 5599 5599 5566 5566 5601 5601 5566 5566 5599 5599 5566 5566 5601 5601 5562 5562 5603 5603 5562 5562 5601 5601 5562 5562 5603 5603 5561 5561 5605 5605 5561 5561 5603 5603 5561 5561 5605 5605 5528 5528 5530 5530 5528 5528 5605 5605 5528 5528 5530 5530 4596 4596 5529 5529 4596 4596 5530 5530 3240 3240 3239 3239 5607 5607 3237 3237 3236 3236 5608 5608 5609 5609 5610 5610 5611 5611 5612 5612 5613 5613 5614 5614 5615 5615 5616 5616 5617 5617 1060 1060 5618 5618 1074 1074 5619 5619 1074 1074 5618 5618 1078 1078 1077 1077 5620 5620 1071 1071 5620 5620 1077 1077 5620 5620 1071 1071 5619 5619 1070 1070 5619 5619 1071 1071 5619 5619 1070 1070 1074 1074 5621 5621 5622 5622 5623 5623 5444 5444 5623 5623 5622 5622 5623 5623 5444 5444 5446 5446 5624 5624 5625 5625 5626 5626 3290 3290 5624 5624 3247 3247 5626 5626 3247 3247 5624 5624 3247 3247 5626 5626 3248 3248 3392 3392 3248 3248 5626 5626 3234 3234 3233 3233 5627 5627 3392 3392 5627 5627 3233 3233 3231 3231 3230 3230 5628 5628 3393 3393 5628 5628 3230 3230 5439 5439 5629 5629 5440 5440 5626 5626 5440 5440 5629 5629 5440 5440 5626 5626 5630 5630 5625 5625 5630 5630 5626 5626 5439 5439 5438 5438 5629 5629 5631 5631 5629 5629 5438 5438 5629 5629 5631 5631 5632 5632 5633 5633 5299 5299 5634 5634 5633 5633 5634 5634 5635 5635 5631 5631 5288 5288 5632 5632 5292 5292 5632 5632 5288 5288 5632 5632 5292 5292 5633 5633 5290 5290 5633 5633 5292 5292 5633 5633 5290 5290 5299 5299 1093 1093 1092 1092 5636 5636 5636 5636 1092 1092 5637 5637 5638 5638 5639 5639 5311 5311 5634 5634 5305 5305 5635 5635 5308 5308 5635 5635 5305 5305 5635 5635 5308 5308 5639 5639 5310 5310 5639 5639 5308 5308 5639 5639 5310 5310 5311 5311 5640 5640 5641 5641 5642 5642 1091 1091 5642 5642 5641 5641 5612 5612 5614 5614 5643 5643 5644 5644 5645 5645 5609 5609 5609 5609 5611 5611 5644 5644 5646 5646 5644 5644 5611 5611 5644 5644 5646 5646 5647 5647 5648 5648 5647 5647 5646 5646 5647 5647 5648 5648 5649 5649 5650 5650 5649 5649 5648 5648 5649 5649 5650 5650 5651 5651 5652 5652 5651 5651 5650 5650 5651 5651 5652 5652 5653 5653 5654 5654 5653 5653 5652 5652 5653 5653 5654 5654 5655 5655 5656 5656 5655 5655 5654 5654 5655 5655 5656 5656 5657 5657 5628 5628 5657 5657 5656 5656 5657 5657 5628 5628 5627 5627 3393 3393 5627 5627 5628 5628 5627 5627 3393 3393 3234 3234 5311 5311 5316 5316 5638 5638 5658 5658 5638 5638 5316 5316 5638 5638 5658 5658 5622 5622 5443 5443 5622 5622 5658 5658 5622 5622 5443 5443 5444 5444 1065 1065 1063 1063 3376 3376 1065 1065 3376 3376 5659 5659 3377 3377 5659 5659 3376 3376 5659 5659 3377 3377 3378 3378 3240 3240 5607 5607 3347 3347 5660 5660 3375 3375 3231 3231 1060 1060 1064 1064 5618 5618 1067 1067 5618 5618 1064 1064 5618 5618 1067 1067 5659 5659 1066 1066 5659 5659 1067 1067 5659 5659 1066 1066 1065 1065 1092 1092 1086 1086 5637 5637 1084 1084 5637 5637 1086 1086 5637 5637 1084 1084 5661 5661 1082 1082 5661 5661 1084 1084 5661 5661 1082 1082 5620 5620 1080 1080 5620 5620 1082 1082 5620 5620 1080 1080 1078 1078 1091 1091 1090 1090 5642 5642 1088 1088 5642 5642 1090 1090 5642 5642 1088 1088 5636 5636 1087 1087 5636 5636 1088 1088 5636 5636 1087 1087 1093 1093 3378 3378 3237 3237 5659 5659 5608 5608 5659 5659 3237 3237 5659 5659 5608 5608 5618 5618 5662 5662 5618 5618 5608 5608 5618 5618 5662 5662 5619 5619 5663 5663 5619 5619 5662 5662 5619 5619 5663 5663 5620 5620 5664 5664 5620 5620 5663 5663 5620 5620 5664 5664 5661 5661 5665 5665 5661 5661 5664 5664 5661 5661 5665 5665 5637 5637 5666 5666 5637 5637 5665 5665 5637 5637 5666 5666 5636 5636 5667 5667 5636 5636 5666 5666 5636 5636 5667 5667 5642 5642 5617 5617 5642 5642 5667 5667 5642 5642 5617 5617 5640 5640 5616 5616 5640 5640 5617 5617 3236 3236 3347 3347 5608 5608 5607 5607 5608 5608 3347 3347 5608 5608 5607 5607 5662 5662 5668 5668 5662 5662 5607 5607 5662 5662 5668 5668 5663 5663 5669 5669 5663 5663 5668 5668 5663 5663 5669 5669 5664 5664 5670 5670 5664 5664 5669 5669 5664 5664 5670 5670 5665 5665 5671 5671 5665 5665 5670 5670 5665 5665 5671 5671 5666 5666 5672 5672 5666 5666 5671 5671 5666 5666 5672 5672 5667 5667 5673 5673 5667 5667 5672 5672 5667 5667 5673 5673 5617 5617 5614 5614 5617 5617 5673 5673 5617 5617 5614 5614 5615 5615 5613 5613 5615 5615 5614 5614 3239 3239 3375 3375 5607 5607 5660 5660 5607 5607 3375 3375 5607 5607 5660 5660 5668 5668 5674 5674 5668 5668 5660 5660 5668 5668 5674 5674 5669 5669 5675 5675 5669 5669 5674 5674 5669 5669 5675 5675 5670 5670 5676 5676 5670 5670 5675 5675 5670 5670 5676 5676 5671 5671 5677 5677 5671 5671 5676 5676 5671 5671 5677 5677 5672 5672 5678 5678 5672 5672 5677 5677 5672 5672 5678 5678 5673 5673 5679 5679 5673 5673 5678 5678 5673 5673 5679 5679 5614 5614 5680 5680 5614 5614 5679 5679 5614 5614 5680 5680 5643 5643 3231 3231 5628 5628 5660 5660 5656 5656 5660 5660 5628 5628 5660 5660 5656 5656 5674 5674 5654 5654 5674 5674 5656 5656 5674 5674 5654 5654 5675 5675 5652 5652 5675 5675 5654 5654 5675 5675 5652 5652 5676 5676 5650 5650 5676 5676 5652 5652 5676 5676 5650 5650 5677 5677 5648 5648 5677 5677 5650 5650 5677 5677 5648 5648 5678 5678 5646 5646 5678 5678 5648 5648 5678 5678 5646 5646 5679 5679 5611 5611 5679 5679 5646 5646 5679 5679 5611 5611 5680 5680 5610 5610 5680 5680 5611 5611 5680 5680 5610 5610 5643 5643 3392 3392 5626 5626 5627 5627 5629 5629 5627 5627 5626 5626 5627 5627 5629 5629 5657 5657 5632 5632 5657 5657 5629 5629 5657 5657 5632 5632 5655 5655 5633 5633 5655 5655 5632 5632 5655 5655 5633 5633 5653 5653 5635 5635 5653 5653 5633 5633 5653 5653 5635 5635 5651 5651 5639 5639 5651 5651 5635 5635 5651 5651 5639 5639 5649 5649 5638 5638 5649 5649 5639 5639 5649 5649 5638 5638 5647 5647 5622 5622 5647 5647 5638 5638 5647 5647 5622 5622 5644 5644 5621 5621 5644 5644 5622 5622 5644 5644 5621 5621 5645 5645 2633 2633 2631 2631 5681 5681 5451 5451 2606 2606 2643 2643 5682 5682 5683 5683 5609 5609 5449 5449 5684 5684 5448 5448 5447 5447 5448 5448 5684 5684 5451 5451 2643 2643 5452 5452 1091 1091 5685 5685 5686 5686 5681 5681 5686 5686 5685 5685 5640 5640 5687 5687 5688 5688 5615 5615 5688 5688 5687 5687 5688 5688 5615 5615 5689 5689 5615 5615 5613 5613 5689 5689 5612 5612 5689 5689 5613 5613 5689 5689 5612 5612 5690 5690 5643 5643 5690 5690 5612 5612 5690 5690 5643 5643 5683 5683 5691 5691 5683 5683 5643 5643 5683 5683 5691 5691 5609 5609 5446 5446 5447 5447 5623 5623 5684 5684 5623 5623 5447 5447 5623 5623 5684 5684 5621 5621 5682 5682 5621 5621 5684 5684 5621 5621 5682 5682 5692 5692 5609 5609 5692 5692 5682 5682 2631 2631 1042 1042 5681 5681 4470 4470 5681 5681 1042 1042 5681 5681 4470 4470 5686 5686 2634 2634 2633 2633 5688 5688 5681 5681 5688 5688 2633 2633 5688 5688 5681 5681 5640 5640 5685 5685 5640 5640 5681 5681 2634 2634 5688 5688 2635 2635 5689 5689 2635 2635 5688 5688 2635 2635 5689 5689 2636 2636 2636 2636 5689 5689 2637 2637 5690 5690 2637 2637 5689 5689 2637 2637 5690 5690 2639 2639 2639 2639 5690 5690 2640 2640 5683 5683 2640 2640 5690 5690 2640 2640 5683 5683 2605 2605 5682 5682 2605 2605 5683 5683 2605 2605 5682 5682 2641 2641 2641 2641 5682 5682 2642 2642 5684 5684 2642 2642 5682 5682 2642 2642 5684 5684 2643 2643 5449 5449 2643 2643 5684 5684 2643 2643 5449 5449 5452 5452 1050 1050 1052 1052 2607 2607 1050 1050 2607 2607 2388 2388 2608 2608 2388 2388 2607 2607 2388 2388 2608 2608 2386 2386 2608 2608 5693 5693 2386 2386 5694 5694 2386 2386 5693 5693 2386 2386 5694 5694 2384 2384 2613 2613 2384 2384 5694 5694 2384 2384 2613 2613 2382 2382 5695 5695 2382 2382 2613 2613 2382 2382 5695 5695 2380 2380 2622 2622 2393 2393 5696 5696 2391 2391 5696 5696 2393 2393 5696 5696 2391 2391 2619 2619 2378 2378 2619 2619 2391 2391 2619 2619 2378 2378 2609 2609 2380 2380 2609 2609 2378 2378 2609 2609 2380 2380 5697 5697 5695 5695 5697 5697 2380 2380 2622 2622 2614 2614 2393 2393 2616 2616 2393 2393 2614 2614 2393 2393 2616 2616 2395 2395 5698 5698 2395 2395 2616 2616 2395 2395 5698 5698 2397 2397 5698 5698 2630 2630 2397 2397 5699 5699 2397 2397 2630 2630 2397 2397 5699 5699 2399 2399 5700 5700 2399 2399 5699 5699 2399 2399 5700 5700 2400 2400 5700 5700 5701 5701 2400 2400 2623 2623 2400 2400 5701 5701 2400 2400 2623 2623 2401 2401 3931 3931 3982 3982 5702 5702 3981 3981 5702 5702 3982 3982 3932 3932 3931 3931 5703 5703 5702 5702 5703 5703 3931 3931 5703 5703 5702 5702 5704 5704 5705 5705 5704 5704 5702 5702 5706 5706 5707 5707 5708 5708 5708 5708 5707 5707 5709 5709 5710 5710 5709 5709 5707 5707 5709 5709 5710 5710 5711 5711 5711 5711 5712 5712 5709 5709 5713 5713 5709 5709 5712 5712 5709 5709 5713 5713 4288 4288 5714 5714 4288 4288 5713 5713 4288 4288 5714 5714 4289 4289 5715 5715 5716 5716 5708 5708 5717 5717 5708 5708 5716 5716 5708 5708 5717 5717 5706 5706 5708 5708 5718 5718 5715 5715 5719 5719 5715 5715 5718 5718 5715 5715 5719 5719 5720 5720 5721 5721 5720 5720 5719 5719 5720 5720 5721 5721 5722 5722 5723 5723 5722 5722 5721 5721 5722 5722 5723 5723 5724 5724 3472 3472 5724 5724 5723 5723 5724 5724 3472 3472 3470 3470 5725 5725 5726 5726 5727 5727 5728 5728 5727 5727 5726 5726 5727 5727 5728 5728 5729 5729 5730 5730 5729 5729 5728 5728 5729 5729 5730 5730 5731 5731 5732 5732 5731 5731 5730 5730 5731 5731 5732 5732 5733 5733 5734 5734 5733 5733 5732 5732 5733 5733 5734 5734 5735 5735 5736 5736 5735 5735 5734 5734 5735 5735 5736 5736 5737 5737 5738 5738 5737 5737 5736 5736 5737 5737 5738 5738 5739 5739 5740 5740 5739 5739 5738 5738 5739 5739 5740 5740 5741 5741 5742 5742 5741 5741 5740 5740 5741 5741 5742 5742 5743 5743 5744 5744 5743 5743 5742 5742 5743 5743 5744 5744 5745 5745 5746 5746 5745 5745 5744 5744 5745 5745 5746 5746 5747 5747 5748 5748 5747 5747 5746 5746 5747 5747 5748 5748 5749 5749 5750 5750 5749 5749 5748 5748 5749 5749 5750 5750 5751 5751 5752 5752 5751 5751 5750 5750 5751 5751 5752 5752 5753 5753 5754 5754 5753 5753 5752 5752 5753 5753 5754 5754 5755 5755 5756 5756 5755 5755 5754 5754 5755 5755 5756 5756 5757 5757 5758 5758 5757 5757 5756 5756 5757 5757 5758 5758 5759 5759 5760 5760 5759 5759 5758 5758 5759 5759 5760 5760 5761 5761 5762 5762 5761 5761 5760 5760 5761 5761 5762 5762 5763 5763 5764 5764 5763 5763 5762 5762 5763 5763 5764 5764 5765 5765 5766 5766 5765 5765 5764 5764 5765 5765 5766 5766 5767 5767 5768 5768 5767 5767 5766 5766 5767 5767 5768 5768 5769 5769 5770 5770 5769 5769 5768 5768 5769 5769 5770 5770 5771 5771 5772 5772 5771 5771 5770 5770 5771 5771 5772 5772 5725 5725 5726 5726 5725 5725 5772 5772 4282 4282 2216 2216 3573 3573 3574 3574 3573 3573 2216 2216 2178 2178 2435 2435 2179 2179 3600 3600 2179 2179 2435 2435 2179 2179 3600 3600 5773 5773 3603 3603 2233 2233 3600 3600 2236 2236 3600 3600 2233 2233 3600 3600 2236 2236 5773 5773 2224 2224 5774 5774 3604 3604 5775 5775 3604 3604 5774 5774 3604 3604 5775 5775 3603 3603 5776 5776 3603 3603 5775 5775 3603 3603 5776 5776 2233 2233 5777 5777 2228 2228 3606 3606 5778 5778 3606 3606 2228 2228 3606 3606 5778 5778 3604 3604 2225 2225 3604 3604 5778 5778 3604 3604 2225 2225 2224 2224 2216 2216 5779 5779 3574 3574 5780 5780 3574 3574 5779 5779 3574 3574 5780 5780 3606 3606 5781 5781 3606 3606 5780 5780 3606 3606 5781 5781 5777 5777 1260 1260 1259 1259 5782 5782 5783 5783 5782 5782 1259 1259 5782 5782 5783 5783 5784 5784 5785 5785 5784 5784 5783 5783 5784 5784 5785 5785 5786 5786 5787 5787 5786 5786 5785 5785 5786 5786 5787 5787 5788 5788 3109 3109 5788 5788 5787 5787 5788 5788 3109 3109 5789 5789 5790 5790 5789 5789 3109 3109 5789 5789 5790 5790 5791 5791 5792 5792 5791 5791 5790 5790 5791 5791 5792 5792 5793 5793 5794 5794 5793 5793 5792 5792 5793 5793 5794 5794 5795 5795 5796 5796 5795 5795 5794 5794 5795 5795 5796 5796 5797 5797 5798 5798 5797 5797 5796 5796 5797 5797 5798 5798 1114 1114 3098 3098 1114 1114 5798 5798 1114 1114 3098 3098 5799 5799 3106 3106 5799 5799 3098 3098 5799 5799 3106 3106 5800 5800 5801 5801 5800 5800 3106 3106 5800 5800 5801 5801 5802 5802 5802 5802 5801 5801 5803 5803 5804 5804 5803 5803 5801 5801 5803 5803 5804 5804 5805 5805 5806 5806 5805 5805 5804 5804 5805 5805 5806 5806 5807 5807 5808 5808 5807 5807 5806 5806 5807 5807 5808 5808 1105 1105 3207 3207 1105 1105 5808 5808 1105 1105 3207 3207 5809 5809 5810 5810 5809 5809 3207 3207 5809 5809 5810 5810 5811 5811 5812 5812 5811 5811 5810 5810 5811 5811 5812 5812 5813 5813 5812 5812 5814 5814 5813 5813 2463 2463 5813 5813 5814 5814 5813 5813 2463 2463 2465 2465 5815 5815 1231 1231 1149 1149 5815 5815 1149 1149 5816 5816 1149 1149 1148 1148 5816 5816 1146 1146 5816 5816 1148 1148 5816 5816 1146 1146 5817 5817 1145 1145 5817 5817 1146 1146 5817 5817 1145 1145 5818 5818 5819 5819 1212 1212 5820 5820 1211 1211 5820 5820 1212 1212 5820 5820 1211 1211 5821 5821 5818 5818 1145 1145 5822 5822 1214 1214 5822 5822 1145 1145 5822 5822 1214 1214 5819 5819 1213 1213 5819 5819 1214 1214 5819 5819 1213 1213 1212 1212 1211 1211 5823 5823 5821 5821 1155 1155 5821 5821 5823 5823 5821 5821 1155 1155 1376 1376 5824 5824 5825 5825 5826 5826 5827 5827 5826 5826 5825 5825</p>
        </triangles>
      </mesh>
    </geometry>
    <geometry id="8c5a17726914424eaba1864c83c2c7b4" name="fa3c80b125cc47a68982bf97b0a571da">
      <mesh>
        <source id="verts-array">
          <float_array count="5919" id="verts-array-array">0.0079427 0.01118263 0.003671704 0.007420817 0.008436563 0.004769769 0.008229343 0.01123943 0.004005699 0.007618392 0.008475709 0.004999981 0.008421718 0.01133648 0.004393679 0.007810767 0.008572762 0.005387961 0.008506699 0.01146718 0.004809192 0.005185192 0.01219315 0.004786166 0.004593665 0.009322268 0.005494502 0.005213389 0.01203772 0.004371452 0.004602438 0.009274002 0.005365734 0.005352832 0.01186814 0.00398576 0.004741882 0.009104419 0.004980042 0.005594023 0.01169596 0.00365538 0.004983073 0.008932243 0.004649663 0.005920554 0.01153295 0.003402905 0.005309604 0.008769229 0.004397187 0.006310143 0.01139019 0.003245476 0.005699193 0.008626469 0.004239758 0.00673623 0.0112774 0.00319378 0.006125279 0.00851368 0.004188062 0.007169795 0.01120228 0.00325138 0.006558845 0.008438557 0.004245662 0.007581308 0.01116996 0.003414418 0.006970358 0.008406243 0.0044087 0.00733175 0.008418915 0.004665986 0.005749191 0.0124777 0.005923655 0.005049192 0.009696328 0.006814149 0.005462548 0.01242091 0.005589659 0.004851598 0.009657188 0.006583942 0.005270173 0.01232385 0.00520168 0.004659223 0.009560134 0.006195962 0.004574242 0.009429434 0.005780448 0.007895749 0.008703463 0.005803475 0.007876312 0.008810597 0.006089324 0.008478502 0.01162261 0.005223907 0.007867552 0.008858894 0.006218189 0.008339059 0.0117922 0.005609598 0.007728108 0.009028477 0.00660388 0.008097836 0.01196435 0.005939887 0.007486886 0.009200627 0.006934169 0.007771305 0.01212736 0.006192362 0.007160355 0.009363642 0.007186644 0.007381748 0.01227015 0.006349882 0.006770798 0.009506428 0.007344164 0.00695563 0.01238291 0.006401487 0.00634468 0.009619191 0.007395769 0.006522064 0.01245803 0.006343887 0.005911114 0.009694313 0.007338169 0.006110583 0.01249037 0.00618094 0.005499633 0.009726654 0.007175223 0.005138241 0.009713981 0.006917937 0.007998041 0.01021777 0.001023769 0.01034517 0.0120747 0.007627538 0.00800633 0.01017205 0.0009017832 0.007981341 0.01013362 0.0007795837 0.007957008 0.01026764 0.001137154 0.007886082 0.01031828 0.001234351 0.0102886 0.01204616 0.007513437 0.01020429 0.01202945 0.007415193 0.007790031 0.01036622 0.00130857 0.007675467 0.01040822 0.001354938 0.007169795 0.01120228 0.00325138 0.008421718 0.01133648 0.004393679 0.008506699 0.01146718 0.004809192 0.009976971 0.01203524 0.007291595 0.007581308 0.01116996 0.003414418 0.0079427 0.01118263 0.003671704 0.008229343 0.01123943 0.004005699 0.009724123 0.0120905 0.007289831 0.009849434 0.01205732 0.007274599 0.008339059 0.0117922 0.005609598 0.008478502 0.01162261 0.005223907 0.008097836 0.01196435 0.005939887 0.007771305 0.01212736 0.006192362 0.007870273 0.0126713 0.007765126 0.007381748 0.01227015 0.006349882 0.00705566 0.0128869 0.007863858 0.00695563 0.01238291 0.006401487 0.006226792 0.01303052 0.007753756 0.006522064 0.01245803 0.006343887 0.00544009 0.01309232 0.007442121 0.006110583 0.01249037 0.00618094 0.004749205 0.0130681 0.00695028 0.005749191 0.0124777 0.005923655 0.004201184 0.01295951 0.006311691 0.005462548 0.01242091 0.005589659 0.00383344 0.01277398 0.005570033 0.005270173 0.01232385 0.00520168 0.00367096 0.01252411 0.004775649 0.005185192 0.01219315 0.004786166 0.003724878 0.01222696 0.003982833 0.005213389 0.01203772 0.004371452 0.003991469 0.01190277 0.003245512 0.005352832 0.01186814 0.00398576 0.004452593 0.01157362 0.002613956 0.005594023 0.01169596 0.00365538 0.005076816 0.01126196 0.002131208 0.005920554 0.01153295 0.003402905 0.005821618 0.01098903 0.001830232 0.006310143 0.01139019 0.003245476 0.00673623 0.0112774 0.00319378 0.01009798 0.01202572 0.007339483 0.008082767 0.0122507 0.0006920828 0.006228918 0.01283151 0.001167378 0.007675467 0.01040822 0.001354938 0.005821618 0.01098903 0.001830232 0.0128759 0.01467861 0.01642044 0.01102205 0.01525942 0.01689573 0.0132832 0.01652109 0.01575758 0.01142935 0.0171019 0.01623288 -0.005896707 0.01715532 0.0268559 -0.005489407 0.0189978 0.02619304 -0.00629349 0.01693066 0.02598761 -0.00588619 0.01877314 0.02532476 -0.006853273 0.01677047 0.02519839 -0.006445973 0.01861295 0.02453553 -0.007554634 0.01668099 0.02451871 -0.007147334 0.01852347 0.02385585 -0.008370394 0.01666561 0.0239747 -0.007963094 0.01850809 0.02331185 -0.009269444 0.01672495 0.02358722 -0.008862144 0.01856743 0.02292436 -0.01021697 0.01685669 0.02337118 -0.009809668 0.01869917 0.02270832 -0.01117658 0.01705579 0.02333495 -0.01076928 0.01889827 0.02267209 -0.01211139 0.01731459 0.0234799 -0.01170409 0.01915707 0.02281705 -0.0129854 0.0176231 0.02380039 -0.0125781 0.01946557 0.02313753 -0.01996685 0.02435503 0.03218822 -0.0189486 0.02896123 0.03053108 -0.01970051 0.02916022 0.03062218 -0.02071876 0.02455403 0.03227932 -0.02046569 0.02929279 0.0305205 -0.02148394 0.0246866 0.03217764 -0.02119183 0.02934985 0.0302329 -0.02221008 0.02474365 0.03189003 -0.02164997 0.0293338 0.02990679 -0.02284777 0.02472128 0.03143603 -0.02182952 0.02932748 0.0297789 -0.02233538 0.02922724 0.02918943 -0.02335363 0.02462104 0.03084657 -0.02267491 0.02905601 0.02850484 -0.02369316 0.02444981 0.03016198 -0.01815775 0.0134657 0.01510073 -0.0183614 0.01254446 0.01543216 -0.01739328 0.01326335 0.015008 -0.01759693 0.01234211 0.01533943 -0.0166154 0.01312859 0.0151114 -0.01681905 0.01220735 0.01544283 -0.0158771 0.01307058 0.01540384 -0.01608075 0.01214934 0.01573527 -0.01522872 0.01309332 0.01586543 -0.01543237 0.01217208 0.01619686 -0.01471444 0.01319521 0.01646467 -0.01491809 0.01227397 0.01679609 -0.01436933 0.01336935 0.01716075 -0.01457298 0.01244811 0.01749217 -0.01421684 0.01360382 0.01790621 -0.01442049 0.01268258 0.01823763 -0.01426743 0.01388269 0.01865027 -0.01447108 0.01296145 0.01898169 -0.01451764 0.01418692 0.01934214 -0.01472129 0.01326568 0.01967357 -0.01495041 0.01449581 0.01993482 -0.01515406 0.01357457 0.02026625 -0.01553623 0.01478829 0.02038785 -0.01573988 0.01386705 0.02071927 -0.01623516 0.01504445 0.0206704 -0.01643881 0.01412321 0.02100183 -0.01699965 0.01524678 0.02076304 -0.0172033 0.01432554 0.02109447 -0.01777753 0.01538154 0.02065965 -0.01798118 0.0144603 0.02099108 -0.01851584 0.01543954 0.02036721 -0.01871949 0.0145183 0.02069864 -0.01916419 0.01541683 0.01990571 -0.01936784 0.0144956 0.02023714 -0.01967847 0.01531494 0.01930647 -0.01988212 0.0143937 0.0196379 -0.02002357 0.01514081 0.01861039 -0.02022722 0.01421957 0.01894182 -0.02017607 0.01490633 0.01786493 -0.02037972 0.01398509 0.01819636 -0.02012548 0.01462746 0.01712087 -0.02032913 0.01370622 0.0174523 -0.0198753 0.01432321 0.01642891 -0.02007895 0.01340197 0.01676033 -0.01944252 0.01401432 0.01583622 -0.01964617 0.01309308 0.01616765 -0.01885671 0.01372184 0.0153832 -0.01906036 0.0128006 0.01571463 -0.01798118 0.0144603 0.02099108 -0.01889192 0.01505917 0.02209609 -0.01871949 0.0145183 0.02069864 -0.01977692 0.01508168 0.02161486 -0.01936784 0.0144956 0.02023714 -0.02054287 0.01501655 0.02096317 -0.01988212 0.0143937 0.0196379 -0.02115112 0.01486704 0.02017385 -0.02022722 0.01421957 0.01894182 -0.02157127 0.01464065 0.01928641 -0.02037972 0.01398509 0.01819636 -0.02178233 0.01434872 0.01834526 -0.02032913 0.01370622 0.0174523 -0.02177361 0.01400592 0.01739776 -0.02007895 0.01340197 0.01676033 -0.0215455 0.01362939 0.01649131 -0.02110967 0.01323805 0.01567134 -0.01964617 0.01309308 0.01616765 -0.02048778 0.01285152 0.01497909 -0.01906036 0.0128006 0.01571463 -0.01971098 0.01248916 0.01444917 -0.0183614 0.01254446 0.01543216 -0.0188184 0.01216919 0.01410822 -0.01759693 0.01234211 0.01533943 -0.01785472 0.0119076 0.01397326 -0.01681905 0.01220735 0.01544283 -0.01686814 0.0117175 0.01405108 -0.01608075 0.01214934 0.01573527 -0.01472129 0.01326568 0.01967357 -0.01369057 0.0134296 0.02076256 -0.01515406 0.01357457 0.02026625 -0.01431246 0.01381612 0.02145481 -0.01573988 0.01386705 0.02071927 -0.01508926 0.01417849 0.02198473 -0.01643881 0.01412321 0.02100183 -0.0159818 0.01449849 0.02232577 -0.0172033 0.01432554 0.02109447 -0.01694552 0.01476005 0.02246064 -0.0179321 0.01495015 0.02238282 -0.01590832 0.01160848 0.01433781 -0.01502329 0.01158599 0.01481913 -0.01543237 0.01217208 0.01619686 -0.01425736 0.0116511 0.01547073 -0.01491809 0.01227397 0.01679609 -0.01364912 0.0118006 0.01626005 -0.01457298 0.01244811 0.01749217 -0.01322894 0.01202702 0.01714758 -0.01442049 0.01268258 0.01823763 -0.01301791 0.01231893 0.01808864 -0.01447108 0.01296145 0.01898169 -0.01302663 0.01266173 0.01903614 -0.0132547 0.01303829 0.01994268 0.01115811 0.01276017 0.01003239 0.01114982 0.01280589 0.01015437 0.01300121 0.01464543 0.01640521 0.01324976 0.01461383 0.01647009 0.01335606 0.01461757 0.0165458 0.01113312 0.01272173 0.009910189 0.01344037 0.01463427 0.01664404 0.01349695 0.01466282 0.01675814 0.01312875 0.01462335 0.0164222 0.01110879 0.01285575 0.01026776 0.01103786 0.0129064 0.01036496 0.01094181 0.01295433 0.01043918 0.01082725 0.01299634 0.01048554 0.008973396 0.01357714 0.01096084 0.009461921 0.0139783 0.01237608 0.009072332 0.01412106 0.01253351 0.008228594 0.01385007 0.01126181 0.008745801 0.01428408 0.01278599 0.007604371 0.01416174 0.01174456 0.008504611 0.01445625 0.01311637 0.007143248 0.01449088 0.01237612 0.008365167 0.01462583 0.01350206 0.006876656 0.01481508 0.01311344 0.00833697 0.01478127 0.01391677 0.006822738 0.01511222 0.01390626 0.008421951 0.01491197 0.01433229 0.006985218 0.01536209 0.01470064 0.008614326 0.01500902 0.01472027 0.007352962 0.01554762 0.0154423 0.008900969 0.01506581 0.01505426 0.007900983 0.01565621 0.01608089 0.009262361 0.01507849 0.01531155 0.008591868 0.01568043 0.01657273 0.009673842 0.01504615 0.01547449 0.00937857 0.01561864 0.01688436 0.01010741 0.01497102 0.01553209 0.01020744 0.01547502 0.01699446 0.01053353 0.01485826 0.01548049 0.01102205 0.01525942 0.01689573 0.01092308 0.01471547 0.01532297 0.0128759 0.01467861 0.01642044 0.01124961 0.01455246 0.01507049 0.01149084 0.01438031 0.0147402 0.01163028 0.01421073 0.01435451 0.009888008 0.01386551 0.01232439 0.01032157 0.01379039 0.01238199 0.01073309 0.01375808 0.01254502 0.01109448 0.01377075 0.01280231 0.01138112 0.01382754 0.0131363 0.0115735 0.0139246 0.01352428 0.01165848 0.0140553 0.0139398 -0.02134185 0.01455063 0.01615989 -0.02393057 0.01436426 0.0140512 -0.02090602 0.01415928 0.01533992 -0.02324288 0.01385354 0.01305415 -0.02028413 0.01377276 0.01464766 -0.02238117 0.01335438 0.01219615 -0.01950733 0.0134104 0.01411775 -0.02137039 0.01288109 0.01150169 -0.01861475 0.01309042 0.0137768 -0.02136762 0.01556189 0.01895498 -0.02463217 0.01623269 0.0188136 -0.02157868 0.01526996 0.01801384 -0.02478051 0.01581971 0.01757451 -0.02156996 0.01492716 0.01706634 -0.02471065 0.01536171 0.01634438 -0.02442459 0.01487187 0.0151586 -0.01957327 0.01600292 0.02128343 -0.02203291 0.01722322 0.02316403 -0.02033922 0.01593779 0.02063175 -0.02295132 0.01709126 0.0222329 -0.02094747 0.01578828 0.01984242 -0.02370434 0.01687776 0.02117676 -0.02426997 0.01658879 0.02002598 -0.02023946 0.01244736 0.01099101 -0.01902111 0.01206566 0.01067864 -0.01765107 0.01282884 0.01364183 -0.01775019 0.01174689 0.01057354 -0.01666449 0.01263874 0.01371965 -0.01646331 0.01150032 0.01067892 -0.01570467 0.01252972 0.01400638 -0.01674187 0.01568129 0.02212921 -0.01728649 0.01689605 0.02517113 -0.01772845 0.01587139 0.0220514 -0.01856743 0.01710375 0.02496137 -0.01868827 0.01598041 0.02176467 -0.01980891 0.01722954 0.02454818 -0.02097525 0.01726972 0.02394318 -0.01282298 0.01358297 0.01870471 -0.009798612 0.01339024 0.02002737 -0.01305105 0.01395953 0.01961125 -0.01019011 0.01389076 0.02117806 -0.01348692 0.01435084 0.02043113 -0.01078308 0.01440177 0.02223411 -0.01410881 0.01473736 0.02112338 -0.01156062 0.01490853 0.02316494 -0.01250022 0.01539652 0.02394402 -0.01488561 0.01509973 0.0216533 -0.01357488 0.01585164 0.02454871 -0.01577815 0.01541973 0.02199434 -0.01475383 0.01626086 0.02496179 -0.01600305 0.01661238 0.02517125 -0.01344547 0.01272184 0.01592862 -0.01038126 0.01176791 0.01515991 -0.01302529 0.01294826 0.01681616 -0.009915613 0.01209161 0.01634577 -0.01281426 0.01324017 0.01775721 -0.009659388 0.01247751 0.01757588 -0.009620107 0.01291462 0.018815 -0.01519754 0.01133296 0.01099147 -0.0139893 0.01124969 0.01150243 -0.01481964 0.01250723 0.0144877 -0.01287325 0.01125287 0.01219704 -0.01405371 0.01257234 0.0151393 -0.01188164 0.01134241 0.01305524 -0.01104293 0.01151575 0.01405243 -0.007593729 0.01574624 0.006810186 -0.008082254 0.01534508 0.005394942 -0.007983327 0.015889 0.006967617 -0.008827093 0.01561802 0.005695927 -0.008309849 0.01605201 0.00722009 -0.009451279 0.01592967 0.006178666 -0.008551058 0.0162242 0.007550475 -0.009912403 0.01625882 0.006810222 -0.008690446 0.01639376 0.007936152 -0.01017901 0.01658302 0.007547548 -0.008718708 0.01654921 0.008350883 -0.01023295 0.01688017 0.008340369 -0.008633699 0.0166799 0.00876639 -0.01007043 0.01713003 0.009134743 -0.008441352 0.01677697 0.009154377 -0.009702726 0.01731557 0.009876411 -0.008154644 0.01683374 0.009488355 -0.009154685 0.01742416 0.01051499 -0.007793308 0.01684643 0.009745655 -0.008463782 0.01744837 0.01100683 -0.007381808 0.01681408 0.009908597 -0.00767708 0.01738657 0.01131847 -0.006948252 0.01673896 0.0099662 -0.00684825 0.01724297 0.01142858 -0.006522124 0.0166262 0.009914592 -0.006033599 0.01702736 0.01132984 -0.006132558 0.01648341 0.00975707 -0.005288791 0.01675439 0.01102876 -0.005806036 0.0163204 0.009504597 -0.004664574 0.01644276 0.01054611 -0.005564795 0.01614824 0.009174303 -0.004203451 0.01611362 0.009914556 -0.005425407 0.01597868 0.008788626 -0.00393684 0.01578942 0.00917723 -0.005397145 0.01582322 0.008373895 -0.003882935 0.01549224 0.008384318 -0.005482154 0.01569253 0.007958389 -0.004045421 0.01524241 0.007590035 -0.005674502 0.01559547 0.007570402 -0.004413159 0.01505684 0.006848276 -0.005961209 0.0155387 0.007236423 -0.004961168 0.01494828 0.006209784 -0.006322545 0.01552601 0.006979123 -0.005652071 0.01492407 0.005717947 -0.006734077 0.01555833 0.00681609 -0.006438773 0.01498586 0.005406312 -0.007167633 0.01563345 0.006758488 -0.007267635 0.01512944 0.005296109 -0.002522724 0.01818358 0.01670101 -0.001261381 0.01764496 0.01597888 -0.002809431 0.01812681 0.01636703 -0.00180939 0.01753639 0.01534039 -0.003170767 0.01811412 0.01610973 -0.002500293 0.01751218 0.01484855 -0.003582299 0.01814644 0.0159467 -0.003286995 0.01757398 0.01453692 -0.004015855 0.01822156 0.01588909 -0.004115857 0.01771756 0.01442672 -0.004441951 0.01833435 0.01594079 -0.004930476 0.0179332 0.01452555 -0.004831549 0.01847712 0.01609822 -0.005675315 0.01820613 0.01482653 -0.005158071 0.01864013 0.0163507 -0.006299501 0.01851779 0.01530927 -0.00539928 0.01881231 0.01668108 -0.006760625 0.01884693 0.01594083 -0.005538668 0.01898187 0.01706676 -0.007027235 0.01917113 0.01667815 -0.00556693 0.01913733 0.01748149 -0.007081171 0.01946828 0.01747097 -0.005481921 0.01926802 0.017897 -0.006918654 0.01971814 0.01826535 -0.005289573 0.01936508 0.01828498 -0.006550947 0.01990368 0.01900702 -0.005002866 0.01942185 0.01861896 -0.006002907 0.02001227 0.0196456 -0.00464153 0.01943454 0.01887626 -0.005312004 0.02003648 0.02013744 -0.00423003 0.0194022 0.0190392 -0.004525302 0.01997469 0.02044907 -0.003796473 0.01932708 0.01909681 -0.003696471 0.01983108 0.02055918 -0.003370346 0.01921431 0.0190452 -0.002881821 0.01961547 0.02046044 -0.00298078 0.01907152 0.01888768 -0.002137013 0.01934251 0.02015937 -0.002654258 0.01890851 0.0186352 -0.001512796 0.01903088 0.01967672 -0.002413017 0.01873636 0.01830491 -0.001051672 0.01870173 0.01904516 -0.002273629 0.01856679 0.01791923 -0.000785062 0.01837753 0.01830784 -0.002245367 0.01841134 0.0175045 -0.0007311574 0.01808036 0.01751492 -0.002330376 0.01828065 0.01708899 -0.0008936429 0.01783052 0.01672064 -0.01737603 0.01783345 0.01565272 -0.01711671 0.01770401 0.01545226 -0.01638185 0.01794003 0.01655986 -0.01680734 0.01759064 0.01532723 -0.01646898 0.01750108 0.01528619 -0.01770069 0.01822829 0.01655073 -0.01767827 0.01810485 0.01622138 -0.01756756 0.01797019 0.01591511 -0.01725278 0.01845424 0.01745401 -0.01748044 0.01840915 0.01718878 -0.0176332 0.01833208 0.01688068 -0.01629473 0.01837899 0.01783352 -0.01663905 0.01843863 0.01778773 -0.01696583 0.01846432 0.01765833 -0.0153877 0.01804659 0.01746691 -0.01564699 0.01817606 0.01766746 -0.01595636 0.01828943 0.01779249 -0.01506302 0.01765178 0.01656899 -0.01508544 0.01777522 0.01689834 -0.01519614 0.01790988 0.01720461 -0.01551093 0.01742583 0.01566571 -0.01528327 0.01747092 0.01593094 -0.0151305 0.01754799 0.01623904 -0.01612468 0.01744141 0.0153319 -0.01579788 0.01741575 0.01546139 -0.01677096 0.01460447 0.0191182 -0.01623516 0.01504445 0.0206704 -0.01710933 0.01469403 0.01915923 -0.01699965 0.01524678 0.02076304 -0.01745365 0.01475367 0.01911344 -0.01777753 0.01538154 0.02065965 -0.01778043 0.01477936 0.01898404 -0.01851584 0.01543954 0.02036721 -0.01806738 0.01476928 0.01877972 -0.01916419 0.01541683 0.01990571 -0.01829504 0.01472419 0.01851448 -0.01967847 0.01531494 0.01930647 -0.0184478 0.01464712 0.01820639 -0.02002357 0.01514081 0.01861039 -0.01851529 0.01454333 0.01787644 -0.02017607 0.01490633 0.01786493 -0.01849287 0.01441989 0.01754709 -0.02012548 0.01462746 0.01712087 -0.01838216 0.01428523 0.01724082 -0.0198753 0.01432321 0.01642891 -0.01819063 0.0141485 0.01697843 -0.01944252 0.01401432 0.01583622 -0.01793131 0.01401905 0.01677797 -0.01885671 0.01372184 0.0153832 -0.01762194 0.01390568 0.01665294 -0.01815775 0.0134657 0.01510073 -0.01728358 0.01381612 0.0166119 -0.01739328 0.01326335 0.015008 -0.01693929 0.01375645 0.01665761 -0.0166154 0.01312859 0.0151114 -0.01661248 0.0137308 0.0167871 -0.0158771 0.01307058 0.01540384 -0.01632553 0.01374087 0.01699142 -0.01522872 0.01309332 0.01586543 -0.01609787 0.01378596 0.01725665 -0.01471444 0.01319521 0.01646467 -0.0159451 0.01386303 0.01756475 -0.01436933 0.01336935 0.01716075 -0.01587762 0.01396682 0.0178947 -0.01421684 0.01360382 0.01790621 -0.01590004 0.01409026 0.01822405 -0.01426743 0.01388269 0.01865027 -0.01601074 0.01422492 0.01853032 -0.01451764 0.01418692 0.01934214 -0.0162023 0.01436163 0.01879262 -0.01495041 0.01449581 0.01993482 -0.01646159 0.0144911 0.01899317 -0.01553623 0.01478829 0.02038785 0.01075247 0.01391718 0.006964683 0.01034517 0.0120747 0.007627538 0.0102886 0.01204616 0.007513437 0.0106959 0.01388864 0.006850583 0.01020429 0.01202945 0.007415193 0.01061159 0.01387193 0.006752338 0.01009798 0.01202572 0.007339483 0.01050528 0.01386819 0.006676628 0.009976971 0.01203524 0.007291595 0.01038427 0.01387772 0.00662874 0.009849434 0.01205732 0.007274599 0.01025673 0.0138998 0.006611745 0.009724123 0.0120905 0.007289831 0.01013142 0.01393298 0.006626977 0.007790031 0.01036622 0.00130857 0.008197331 0.0122087 0.0006457156 0.007886082 0.01031828 0.001234351 0.008293382 0.01216076 0.0005714959 0.007957008 0.01026764 0.001137154 0.008364308 0.01211011 0.0004742992 0.007998041 0.01021777 0.001023769 0.008405341 0.01206025 0.000360914 0.00800633 0.01017205 0.0009017832 0.00841363 0.01201453 0.0002389284 0.007981341 0.01013362 0.0007795837 0.008388641 0.0119761 0.0001167289 0.00268279 0.006675298 -0.003037209 0.003701041 0.0112815 -0.004694346 0.004452972 0.01108246 -0.004785554 0.003434722 0.006476262 -0.003128417 0.005218098 0.01094991 -0.004683858 0.004199848 0.00634371 -0.003026721 0.004813477 0.00629552 -0.002783616 0.00594426 0.01089285 -0.004396257 0.00492601 0.006286652 -0.00273912 0.006582032 0.01091522 -0.003942182 0.005563782 0.006309024 -0.002285044 0.007087863 0.01101544 -0.003352805 0.006069612 0.00640924 -0.001695668 0.007427349 0.01118672 -0.002668106 0.006409098 0.006580522 -0.001010969 -0.03113136 0.01834186 0.008613748 -0.03011311 0.02294806 0.006956611 -0.03026302 0.02271738 0.006223308 -0.03128127 0.01811119 0.007880445 -0.03021325 0.0224431 0.005491486 -0.0312315 0.0178369 0.007148623 -0.02996724 0.02214384 0.004810824 -0.03098549 0.01753764 0.006467961 -0.02954158 0.02184004 0.004227918 -0.03055983 0.01723384 0.005885055 -0.02896532 0.02155233 0.003782312 -0.02998357 0.01694614 0.005439449 -0.02827786 0.02130041 0.003504488 -0.02929612 0.01669422 0.005161625 0.01384729 0.01268847 0.02053726 0.01486554 0.01729467 0.01888012 0.0150155 0.0175253 0.01961332 0.01399725 0.0129191 0.02127045 0.01496576 0.01779961 0.02034523 0.01394751 0.01319341 0.02200237 0.01387819 0.0132777 0.02219407 0.01489644 0.0178839 0.02053693 0.01370141 0.01349266 0.02268295 0.01471966 0.01809886 0.02102582 0.01363543 0.01353975 0.02277332 0.01429399 0.01840267 0.02160873 0.01327574 0.01379647 0.02326586 0.01371778 0.01869035 0.02205432 0.01269953 0.01408415 0.02371145 0.0130303 0.01894231 0.02233225 0.01201205 0.01433612 0.02398938 0.01390425 0.01650529 0.01609529 0.01349695 0.01466282 0.01675814 0.01344037 0.01463427 0.01664404 0.01384767 0.01647675 0.01598119 0.01335606 0.01461757 0.0165458 0.01376336 0.01646005 0.01588294 0.01324976 0.01461383 0.01647009 0.01365706 0.01645631 0.01580723 0.01312875 0.01462335 0.0164222 0.01353605 0.01646583 0.01575935 0.01300121 0.01464543 0.01640521 0.01340851 0.01648791 0.01574235 0.01123455 0.01483882 0.009822689 0.01082725 0.01299634 0.01048554 0.01094181 0.01295433 0.01043918 0.01134911 0.01479681 0.009776321 0.01103786 0.0129064 0.01036496 0.01144516 0.01474888 0.009702102 0.01110879 0.01285575 0.01026776 0.01151609 0.01469823 0.009604905 0.01114982 0.01280589 0.01015437 0.01155712 0.01464837 0.00949152 0.01115811 0.01276017 0.01003239 0.01156541 0.01460265 0.009369534 0.01113312 0.01272173 0.009910189 0.01154042 0.01456421 0.009247335 0.01109448 0.01377075 0.01280231 0.0105726 0.01102468 0.01390038 0.01138112 0.01382754 0.0131363 0.01077017 0.01106382 0.01413059 0.0115735 0.0139246 0.01352428 0.01096255 0.01116088 0.01451857 0.01165848 0.0140553 0.0139398 0.00833697 0.01478127 0.01391677 0.007745443 0.01191038 0.01462511 0.008365167 0.01462583 0.01350206 0.007754216 0.01186212 0.01449634 0.008504611 0.01445625 0.01311637 0.00789366 0.01169253 0.01411065 0.008745801 0.01428408 0.01278599 0.008134851 0.01152036 0.01378027 0.009072332 0.01412106 0.01253351 0.008461382 0.01135734 0.01352779 0.009461921 0.0139783 0.01237608 0.008850971 0.01121458 0.01337036 0.009888008 0.01386551 0.01232439 0.009277057 0.01110179 0.01331867 0.01032157 0.01379039 0.01238199 0.009710623 0.01102667 0.01337627 0.01073309 0.01375808 0.01254502 0.01012214 0.01099436 0.01353931 0.01048353 0.01100703 0.01379659 0.008900969 0.01506581 0.01505426 0.00820097 0.01228444 0.01594475 0.008614326 0.01500902 0.01472027 0.008003376 0.0122453 0.01571455 0.008421951 0.01491197 0.01433229 0.007811001 0.01214825 0.01532657 0.00772602 0.01201755 0.01491105 0.01104753 0.01129158 0.01493408 0.01102809 0.01139871 0.01521993 0.01163028 0.01421073 0.01435451 0.01101933 0.01144701 0.01534879 0.01149084 0.01438031 0.0147402 0.01087989 0.01161659 0.01573449 0.01124961 0.01455246 0.01507049 0.01063866 0.01178874 0.01606477 0.01092308 0.01471547 0.01532297 0.01031213 0.01195176 0.01631725 0.01053353 0.01485826 0.01548049 0.009922576 0.01209454 0.01647477 0.01010741 0.01497102 0.01553209 0.009496458 0.01220731 0.01652638 0.009673842 0.01504615 0.01547449 0.009062892 0.01228243 0.01646878 0.009262361 0.01507849 0.01531155 0.008651411 0.01231477 0.01630583 0.008290019 0.0123021 0.01604854 -0.008154644 0.01683374 0.009488355 -0.00885469 0.01405238 0.01037886 -0.008441352 0.01677697 0.009154377 -0.009052302 0.01401325 0.01014866 -0.008633699 0.0166799 0.00876639 -0.009244649 0.01391619 0.009760672 -0.008718708 0.01654921 0.008350883 -0.009329658 0.01378549 0.009345166 -0.009310216 0.01367832 0.009059215 -0.008690446 0.01639376 0.007936152 -0.009301397 0.01363004 0.008930434 -0.008551058 0.0162242 0.007550475 -0.009162008 0.01346048 0.008544757 -0.008309849 0.01605201 0.00722009 -0.008920799 0.01328829 0.008214373 -0.007983327 0.015889 0.006967617 -0.008594277 0.01312528 0.0079619 -0.007593729 0.01574624 0.006810186 -0.008204679 0.01298252 0.007804468 -0.007167633 0.01563345 0.006758488 -0.007778583 0.01286973 0.00775277 -0.006734077 0.01555833 0.00681609 -0.007345027 0.01279461 0.007810372 -0.006322545 0.01552601 0.006979123 -0.006933496 0.01276229 0.007973405 -0.005961209 0.0155387 0.007236423 -0.006572159 0.01277498 0.008230706 -0.005674502 0.01559547 0.007570402 -0.006285452 0.01283175 0.008564684 -0.005482154 0.01569253 0.007958389 -0.006093105 0.01292881 0.008952671 -0.005397145 0.01582322 0.008373895 -0.006008095 0.01305951 0.009368177 -0.005425407 0.01597868 0.008788626 -0.006036357 0.01321496 0.009782909 -0.005564795 0.01614824 0.009174303 -0.006175745 0.01338452 0.01016859 -0.005806036 0.0163204 0.009504597 -0.006416986 0.01355668 0.01049888 -0.006132558 0.01648341 0.00975707 -0.006743508 0.01371969 0.01075135 -0.006522124 0.0166262 0.009914592 -0.007133075 0.01386248 0.01090887 -0.006948252 0.01673896 0.0099662 -0.007559202 0.01397525 0.01096048 -0.007381808 0.01681408 0.009908597 -0.007992758 0.01405036 0.01090288 -0.007793308 0.01684643 0.009745655 -0.008404258 0.01408271 0.01073994 -0.008765594 0.01407002 0.01048264 -0.00393684 0.01578942 0.00917723 -0.00352954 0.0176319 0.008514376 -0.003882935 0.01549224 0.008384318 -0.003475635 0.01733472 0.007721463 -0.004045421 0.01524241 0.007590035 -0.003638121 0.01708489 0.006927181 -0.004413159 0.01505684 0.006848276 -0.004005859 0.01689932 0.006185422 -0.004961168 0.01494828 0.006209784 -0.004553868 0.01679076 0.005546929 -0.005242222 0.01676664 0.005056924 -0.005652071 0.01492407 0.005717947 -0.005244771 0.01676655 0.005055093 -0.006438773 0.01498586 0.005406312 -0.006031473 0.01682834 0.004743457 -0.007267635 0.01512944 0.005296109 -0.006860335 0.01697192 0.004633254 -0.008082254 0.01534508 0.005394942 -0.007674954 0.01718756 0.004732088 -0.008827093 0.01561802 0.005695927 -0.008419793 0.0174605 0.005033072 -0.009451279 0.01592967 0.006178666 -0.009043979 0.01777215 0.005515811 -0.009912403 0.01625882 0.006810222 -0.009505102 0.0181013 0.006147367 -0.01017901 0.01658302 0.007547548 -0.009506107 0.01810247 0.00615001 -0.009771713 0.0184255 0.006884693 -0.01023295 0.01688017 0.008340369 -0.009825649 0.01872265 0.007677514 -0.01007043 0.01713003 0.009134743 -0.009663132 0.01897251 0.008471888 -0.009702726 0.01731557 0.009876411 -0.009295425 0.01915805 0.009213556 -0.009154685 0.01742416 0.01051499 -0.008747385 0.01926664 0.00985214 -0.008059031 0.01929075 0.01034215 -0.008463782 0.01744837 0.01100683 -0.008056482 0.01929085 0.01034398 -0.00767708 0.01738657 0.01131847 -0.00726978 0.01922905 0.01065561 -0.00684825 0.01724297 0.01142858 -0.006440949 0.01908545 0.01076572 -0.006033599 0.01702736 0.01132984 -0.005626299 0.01886983 0.01066698 -0.005288791 0.01675439 0.01102876 -0.004881491 0.01859687 0.01036591 -0.004664574 0.01644276 0.01054611 -0.004257274 0.01828524 0.009883258 -0.004203451 0.01611362 0.009914556 -0.00379615 0.0179561 0.009251702 -0.003795177 0.0179549 0.009248967 -0.005002866 0.01942185 0.01861896 -0.005702912 0.0166405 0.01950947 -0.005289573 0.01936508 0.01828498 -0.005900524 0.01660136 0.01927926 -0.005481921 0.01926802 0.017897 -0.006092871 0.0165043 0.01889128 -0.00556693 0.01913733 0.01748149 -0.00617788 0.01637361 0.01847577 -0.006158438 0.01626644 0.01818982 -0.005538668 0.01898187 0.01706676 -0.006149619 0.01621816 0.01806104 -0.00539928 0.01881231 0.01668108 -0.00601023 0.01604859 0.01767536 -0.005158071 0.01864013 0.0163507 -0.005769021 0.01587641 0.01734498 -0.004831549 0.01847712 0.01609822 -0.005442499 0.0157134 0.01709251 -0.004441951 0.01833435 0.01594079 -0.005052901 0.01557063 0.01693507 -0.004015855 0.01822156 0.01588909 -0.004626805 0.01545784 0.01688338 -0.003582299 0.01814644 0.0159467 -0.004193249 0.01538272 0.01694098 -0.003170767 0.01811412 0.01610973 -0.003781718 0.0153504 0.01710401 -0.002809431 0.01812681 0.01636703 -0.003420381 0.01536309 0.01736131 -0.002522724 0.01818358 0.01670101 -0.003133674 0.01541987 0.01769529 -0.002330376 0.01828065 0.01708899 -0.002941327 0.01551693 0.01808328 -0.002245367 0.01841134 0.0175045 -0.002856317 0.01564762 0.01849878 -0.002273629 0.01856679 0.01791923 -0.002884579 0.01580307 0.01891351 -0.002413017 0.01873636 0.01830491 -0.003023967 0.01597264 0.01929919 -0.002654258 0.01890851 0.0186352 -0.003265208 0.01614479 0.01962948 -0.00298078 0.01907152 0.01888768 -0.00359173 0.0163078 0.01988196 -0.003370346 0.01921431 0.0190452 -0.003981296 0.01645059 0.02003948 -0.003796473 0.01932708 0.01909681 -0.004407424 0.01656336 0.02009109 -0.00423003 0.0194022 0.0190392 -0.00484098 0.01663848 0.02003349 -0.00464153 0.01943454 0.01887626 -0.00525248 0.01667082 0.01987054 -0.005613816 0.01665814 0.01961324 -0.000785062 0.01837753 0.01830784 -0.0003777618 0.02022001 0.01764498 -0.0007311574 0.01808036 0.01751492 -0.0003238572 0.01992283 0.01685207 -0.0008936429 0.01783052 0.01672064 -0.0004863427 0.019673 0.01605779 -0.001261381 0.01764496 0.01597888 -0.0008540809 0.01948744 0.01531603 -0.00180939 0.01753639 0.01534039 -0.00140209 0.01937887 0.01467753 -0.002090443 0.01935476 0.01418753 -0.002500293 0.01751218 0.01484855 -0.002092993 0.01935466 0.0141857 -0.003286995 0.01757398 0.01453692 -0.002879695 0.01941646 0.01387406 -0.004115857 0.01771756 0.01442672 -0.003708557 0.01956004 0.01376386 -0.004930476 0.0179332 0.01452555 -0.004523176 0.01977567 0.01386269 -0.005675315 0.01820613 0.01482653 -0.005268015 0.02004861 0.01416368 -0.006299501 0.01851779 0.01530927 -0.005892201 0.02036027 0.01464642 -0.006760625 0.01884693 0.01594083 -0.006353324 0.02068941 0.01527797 -0.007027235 0.01917113 0.01667815 -0.006354329 0.02069059 0.01528062 -0.006619935 0.02101361 0.0160153 -0.007081171 0.01946828 0.01747097 -0.006673871 0.02131076 0.01680812 -0.006918654 0.01971814 0.01826535 -0.006511354 0.02156062 0.01760249 -0.006550947 0.01990368 0.01900702 -0.006143647 0.02174616 0.01834416 -0.006002907 0.02001227 0.0196456 -0.005595607 0.02185475 0.01898275 -0.004907253 0.02187887 0.01947275 -0.005312004 0.02003648 0.02013744 -0.004904704 0.02187896 0.01947458 -0.004525302 0.01997469 0.02044907 -0.004118002 0.02181717 0.01978622 -0.003696471 0.01983108 0.02055918 -0.003289171 0.02167356 0.01989633 -0.002881821 0.01961547 0.02046044 -0.00247452 0.02145795 0.01979759 -0.002137013 0.01934251 0.02015937 -0.001729713 0.02118499 0.01949651 -0.001512796 0.01903088 0.01967672 -0.001105496 0.02087336 0.01901386 -0.001051672 0.01870173 0.01904516 -0.0006443723 0.02054421 0.01838231 -0.0006433991 0.02054301 0.01837957 -0.01680734 0.01759064 0.01532723 -0.01762194 0.01390568 0.01665294 -0.01646898 0.01750108 0.01528619 -0.01728358 0.01381612 0.0166119 -0.01612468 0.01744141 0.0153319 -0.01693929 0.01375645 0.01665761 -0.01579788 0.01741575 0.01546139 -0.01661248 0.0137308 0.0167871 -0.01551093 0.01742583 0.01566571 -0.01632553 0.01374087 0.01699142 -0.01528327 0.01747092 0.01593094 -0.01609787 0.01378596 0.01725665 -0.0151305 0.01754799 0.01623904 -0.0159451 0.01386303 0.01756475 -0.01506302 0.01765178 0.01656899 -0.01587762 0.01396682 0.0178947 -0.01508544 0.01777522 0.01689834 -0.01590004 0.01409026 0.01822405 -0.01519614 0.01790988 0.01720461 -0.01601074 0.01422492 0.01853032 -0.0153877 0.01804659 0.01746691 -0.0162023 0.01436163 0.01879262 -0.01564699 0.01817606 0.01766746 -0.01646159 0.0144911 0.01899317 -0.01595636 0.01828943 0.01779249 -0.01677096 0.01460447 0.0191182 -0.01629473 0.01837899 0.01783352 -0.01710933 0.01469403 0.01915923 -0.01663905 0.01843863 0.01778773 -0.01745365 0.01475367 0.01911344 -0.01696583 0.01846432 0.01765833 -0.01778043 0.01477936 0.01898404 -0.01725278 0.01845424 0.01745401 -0.01806738 0.01476928 0.01877972 -0.01748044 0.01840915 0.01718878 -0.01829504 0.01472419 0.01851448 -0.0176332 0.01833208 0.01688068 -0.0184478 0.01464712 0.01820639 -0.01770069 0.01822829 0.01655073 -0.01851529 0.01454333 0.01787644 -0.01767827 0.01810485 0.01622138 -0.01849287 0.01441989 0.01754709 -0.01756756 0.01797019 0.01591511 -0.01838216 0.01428523 0.01724082 -0.01737603 0.01783345 0.01565272 -0.01819063 0.0141485 0.01697843 -0.01711671 0.01770401 0.01545226 -0.01793131 0.01401905 0.01677797 -0.01777582 0.0136894 0.009922691 -0.01736852 0.01553187 0.009259836 -0.01684063 0.01343112 0.009779429 -0.01643333 0.0152736 0.009116574 -0.0159659 0.01312299 0.009460446 -0.0155586 0.01496547 0.008797592 -0.01518531 0.01277689 0.008978058 -0.01477801 0.01461937 0.008315203 -0.01452888 0.01240611 0.008350794 -0.01412158 0.01424859 0.007687939 -0.01402178 0.01202491 0.007602797 -0.01361448 0.01386739 0.006939942 -0.01368374 0.01164801 0.006762877 -0.01327644 0.01349049 0.006100022 -0.01352751 0.01128985 0.005863327 -0.01312021 0.01313233 0.005200472 -0.01355928 0.01096428 0.004938829 -0.01315198 0.01280676 0.004275974 -0.01377773 0.01068374 0.00402482 -0.01337043 0.01252622 0.003361965 -0.005172586 0.01774994 0.02895366 -0.004765286 0.01959242 0.0282908 0.01180759 0.01741246 0.01732854 0.01078934 0.01280626 0.01898568 0.01214596 0.0173229 0.01728751 0.01112771 0.0127167 0.01894465 0.01249025 0.01726323 0.01733321 0.011472 0.01265703 0.01899035 0.01281705 0.01723758 0.01746271 0.0117988 0.01263138 0.01911985 0.01310403 0.01724764 0.01766702 0.01208578 0.01264144 0.01932415 0.01333167 0.01729274 0.01793226 0.01231342 0.01268654 0.0195894 0.01348443 0.01736981 0.01824035 0.01246618 0.01276361 0.01989749 0.01355192 0.0174736 0.01857031 0.01253367 0.0128674 0.02022744 0.01352952 0.01759704 0.01889965 0.01251127 0.01299084 0.02055679 0.01341878 0.0177317 0.01920593 0.01240053 0.0131255 0.02086306 0.01322723 0.01786841 0.01946822 0.01220898 0.01326221 0.02112536 0.01296794 0.01799788 0.01966877 0.01194969 0.01339168 0.02132591 0.01265857 0.01811125 0.01979381 0.01164032 0.01350505 0.02145094 0.0123202 0.01820082 0.01983484 0.01130195 0.01359462 0.02149198 0.01197588 0.01826046 0.01978905 0.01095763 0.01365426 0.02144618 0.01164911 0.01828614 0.01965964 0.01063086 0.01367994 0.02131678 0.01136212 0.01827608 0.01945533 0.01034387 0.01366988 0.02111247 0.0111345 0.01823097 0.01919009 0.01011625 0.01362477 0.02084723 0.01098173 0.0181539 0.018882 0.009963484 0.0135477 0.02053914 0.01091425 0.01805012 0.01855204 0.009895999 0.01344392 0.02020918 0.01093663 0.01792668 0.0182227 0.009918383 0.01332048 0.01987984 0.01104737 0.01779202 0.01791642 0.01002912 0.01318582 0.01957356 0.0112389 0.01765528 0.01765404 0.01022065 0.01304908 0.01931117 0.01149821 0.01752584 0.01745358 0.01047996 0.01291964 0.01911072 0.004999752 0.01182214 -0.002393566 0.003981502 0.007215938 -0.0007364288 0.005338118 0.01173257 -0.002434599 0.004319867 0.007126377 -0.000777462 0.005682411 0.01167291 -0.002388896 0.00466416 0.007066709 -0.0007317594 0.006009207 0.01164725 -0.002259397 0.004990956 0.007041056 -0.0006022605 0.006296193 0.01165731 -0.002055091 0.005277942 0.007051116 -0.0003979536 0.006523829 0.01170242 -0.00178985 0.005505579 0.007096219 -0.0001327126 0.006676591 0.01177949 -0.001481758 0.00565834 0.007173289 0.000175379 0.006744075 0.01188327 -0.001151803 0.005725825 0.007277076 0.0005053342 0.006721683 0.01200671 -0.0008224588 0.005703432 0.007400512 0.0008346782 0.006610944 0.01214138 -0.0005161822 0.005592694 0.007535179 0.001140955 0.006419391 0.01227809 -0.0002538869 0.00540114 0.007671888 0.00140325 0.006160102 0.01240755 -5.333708e-05 0.005141851 0.007801357 0.0016038 0.005850732 0.01252093 7.169769e-05 0.004832482 0.007914729 0.001728835 0.005512357 0.01261049 0.0001127333 0.004494107 0.008004293 0.00176987 0.005168042 0.01267013 6.693698e-05 0.004149792 0.008063932 0.001724074 0.004841269 0.01269581 -6.246832e-05 0.003823018 0.008089614 0.001594669 0.004554282 0.01268575 -0.0002667752 0.003536032 0.008079553 0.001390362 0.004326655 0.01264065 -0.0005320186 0.003308405 0.008034448 0.001125118 0.004173894 0.01256358 -0.0008401102 0.003155643 0.007957378 0.0008170268 0.004106409 0.01245979 -0.001170065 0.003088159 0.007853591 0.0004870717 0.004128792 0.01233636 -0.001499407 0.003110542 0.007730158 0.0001577301 0.004239531 0.01220169 -0.001805684 0.003221281 0.007595491 -0.0001485465 0.004431062 0.01206495 -0.002068073 0.003412812 0.007458754 -0.0004109355 0.004690374 0.01193551 -0.002268529 0.003672123 0.007329313 -0.0006113917 -0.01409455 0.0119316 0.001264208 -0.01450185 0.01008912 0.001927063 -0.008904148 0.0161782 0.001171151 -0.009922398 0.011572 0.002828288 -0.008565782 0.01608863 0.001130118 -0.009584032 0.01148244 0.002787255 -0.008221489 0.01602897 0.001175821 -0.00923974 0.01142277 0.002832958 -0.007894684 0.01600331 0.001305317 -0.008912934 0.01139711 0.002962454 -0.007607642 0.01601335 0.00150961 -0.008625893 0.01140716 0.003166747 -0.007380071 0.01605848 0.001774868 -0.008398321 0.01145228 0.003432005 -0.007227309 0.01613555 0.002082959 -0.00824556 0.01152935 0.003740096 -0.007159825 0.01623933 0.002412914 -0.008178075 0.01163314 0.004070051 -0.007182152 0.01636275 0.002742242 -0.008200403 0.01175655 0.004399379 -0.007292947 0.01649743 0.003048533 -0.008311197 0.01189124 0.00470567 -0.007484509 0.01663415 0.00331083 -0.008502759 0.01202795 0.004967967 -0.007743798 0.01676362 0.00351138 -0.008762049 0.01215742 0.005168517 -0.008053168 0.01687699 0.003636415 -0.009071418 0.01227079 0.005293552 -0.008391533 0.01696655 0.003677448 -0.009409784 0.01236035 0.005334585 -0.008735858 0.01702619 0.003631654 -0.009754108 0.01241999 0.005288791 -0.009062631 0.01705187 0.003502249 -0.01008088 0.01244567 0.005159386 -0.00934958 0.0170418 0.003297932 -0.01036783 0.0124356 0.00495507 -0.009577244 0.01699671 0.003032699 -0.01059549 0.01239051 0.004689836 -0.009730006 0.01691964 0.002724607 -0.01074826 0.01231344 0.004381744 -0.009797491 0.01681585 0.002394652 -0.01081574 0.01220965 0.004051789 -0.00977507 0.0166924 0.002065301 -0.01079332 0.01208621 0.003722438 -0.009664369 0.01655775 0.001759034 -0.01068262 0.01195155 0.003416171 -0.009472838 0.01642101 0.001496645 -0.01049109 0.01181481 0.003153782 -0.009213517 0.01629157 0.001296186 -0.01023177 0.01168537 0.002953323 -0.01209292 0.017239 0.02328116 -0.01357488 0.01585164 0.02454871 -0.01250022 0.01539652 0.02394402 -0.01156062 0.01490853 0.02316494 -0.01115332 0.01675101 0.02250209 -0.01078308 0.01440177 0.02223411 -0.01037578 0.01624425 0.02157125 -0.01019011 0.01389076 0.02117806 -0.009782809 0.01573324 0.02051521 -0.009798612 0.01339024 0.02002737 -0.009391312 0.01523272 0.01936452 -0.009620107 0.01291462 0.018815 -0.009212807 0.0147571 0.01815215 -0.009659388 0.01247751 0.01757588 -0.009252087 0.01431999 0.01691303 -0.009915613 0.01209161 0.01634577 -0.009508313 0.01393408 0.01568292 -0.01038126 0.01176791 0.01515991 -0.009973958 0.01361039 0.01449706 -0.01104293 0.01151575 0.01405243 -0.01063563 0.01335823 0.01338958 -0.01188164 0.01134241 0.01305524 -0.01147434 0.01318489 0.01239239 -0.01287325 0.01125287 0.01219704 -0.01246595 0.01309535 0.01153419 -0.0139893 0.01124969 0.01150243 -0.013582 0.01309217 0.01083957 -0.01519754 0.01133296 0.01099147 -0.01479024 0.01317543 0.01032861 -0.01646331 0.01150032 0.01067892 -0.01605601 0.0133428 0.01001606 -0.01775019 0.01174689 0.01057354 -0.01734289 0.01358937 0.009910683 -0.01902111 0.01206566 0.01067864 -0.01820651 0.01575061 0.009352933 -0.02023946 0.01244736 0.01099101 -0.01942486 0.01613232 0.009665297 -0.02137039 0.01288109 0.01150169 -0.02055579 0.01656605 0.01017598 -0.02238117 0.01335438 0.01219615 -0.02156657 0.01703933 0.01087044 -0.02324288 0.01385354 0.01305415 -0.02242828 0.0175385 0.01172844 -0.02393057 0.01436426 0.0140512 -0.02311597 0.01804922 0.01272549 -0.02442459 0.01487187 0.0151586 -0.02360999 0.01855683 0.01383289 -0.02471065 0.01536171 0.01634438 -0.02389605 0.01904667 0.01501867 -0.02478051 0.01581971 0.01757451 -0.02396591 0.01950466 0.0162488 -0.02463217 0.01623269 0.0188136 -0.02381757 0.01991765 0.01748789 -0.02426997 0.01658879 0.02002598 -0.02345537 0.02027375 0.01870027 -0.02370434 0.01687776 0.02117676 -0.02288974 0.02056272 0.01985105 -0.02295132 0.01709126 0.0222329 -0.02213672 0.02077622 0.02090719 -0.02203291 0.01722322 0.02316403 -0.02121831 0.02090818 0.02183832 -0.02097525 0.01726972 0.02394318 -0.02016065 0.02095468 0.02261747 -0.01980891 0.01722954 0.02454818 -0.01899431 0.0209145 0.02322247 -0.01856743 0.01710375 0.02496137 -0.01775283 0.02078871 0.02363566 -0.01728649 0.01689605 0.02517113 -0.01647189 0.02058101 0.02384543 -0.01600305 0.01661238 0.02517125 -0.01518845 0.02029734 0.02384554 -0.01475383 0.01626086 0.02496179 -0.01393923 0.01994582 0.02363608 -0.01276028 0.01953659 0.023223 -0.01577815 0.01541973 0.02199434 -0.01508926 0.01417849 0.02198473 -0.01488561 0.01509973 0.0216533 -0.01431246 0.01381612 0.02145481 -0.01410881 0.01473736 0.02112338 -0.01369057 0.0134296 0.02076256 -0.01348692 0.01435084 0.02043113 -0.0132547 0.01303829 0.01994268 -0.01305105 0.01395953 0.01961125 -0.01302663 0.01266173 0.01903614 -0.01282298 0.01358297 0.01870471 -0.01301791 0.01231893 0.01808864 -0.01281426 0.01324017 0.01775721 -0.01322894 0.01202702 0.01714758 -0.01302529 0.01294826 0.01681616 -0.01364912 0.0118006 0.01626005 -0.01344547 0.01272184 0.01592862 -0.01425736 0.0116511 0.01547073 -0.01405371 0.01257234 0.0151393 -0.01502329 0.01158599 0.01481913 -0.01481964 0.01250723 0.0144877 -0.01590832 0.01160848 0.01433781 -0.01570467 0.01252972 0.01400638 -0.01686814 0.0117175 0.01405108 -0.01666449 0.01263874 0.01371965 -0.01785472 0.0119076 0.01397326 -0.01765107 0.01282884 0.01364183 -0.0188184 0.01216919 0.01410822 -0.01861475 0.01309042 0.0137768 -0.01971098 0.01248916 0.01444917 -0.01950733 0.0134104 0.01411775 -0.02048778 0.01285152 0.01497909 -0.02028413 0.01377276 0.01464766 -0.02110967 0.01323805 0.01567134 -0.02090602 0.01415928 0.01533992 -0.0215455 0.01362939 0.01649131 -0.02134185 0.01455063 0.01615989 -0.02177361 0.01400592 0.01739776 -0.02156996 0.01492716 0.01706634 -0.02178233 0.01434872 0.01834526 -0.02157868 0.01526996 0.01801384 -0.02157127 0.01464065 0.01928641 -0.02136762 0.01556189 0.01895498 -0.02115112 0.01486704 0.02017385 -0.02094747 0.01578828 0.01984242 -0.02054287 0.01501655 0.02096317 -0.02033922 0.01593779 0.02063175 -0.01977692 0.01508168 0.02161486 -0.01957327 0.01600292 0.02128343 -0.01889192 0.01505917 0.02209609 -0.01868827 0.01598041 0.02176467 -0.0179321 0.01495015 0.02238282 -0.01772845 0.01587139 0.0220514 -0.01694552 0.01476005 0.02246064 -0.01674187 0.01568129 0.02212921 -0.0159818 0.01449849 0.02232577 -0.01409455 0.0119316 0.001264208 -0.01357492 0.009798718 0.001689416 -0.01450185 0.01008912 0.001927063 -0.01316762 0.0116412 0.001026561 -0.0118713 0.01616027 -0.0007018704 -0.01217118 0.01132901 0.00077109 -0.007607442 0.01482442 -0.001795048 -0.003805683 0.008708122 -0.001373677 -0.001906854 0.01303844 -0.003256579 0.001732702 0.006972959 -0.002793622 -0.002542033 0.02382109 0.02632472 -0.004765286 0.01959242 0.0282908 0.001721821 0.02248524 0.02523154 -0.005172586 0.01774994 0.02895366 -0.004245661 0.01745953 0.02871601 -0.003838361 0.01930201 0.02805315 -0.002841917 0.01898983 0.02779768 0.007422409 0.02069925 0.02377001 0.01106196 0.01463378 0.02423297 0.00552358 0.01636894 0.02565292 -0.02918333 0.02371155 0.00965014 -0.02360468 0.02829251 0.02581131 -0.02639401 0.02600203 0.01773073 0.008357123 0.01195021 2.542282e-05 0.01114645 0.01424069 0.008106009 0.0101282 0.009634497 0.009763146 0.007583136 0.007544595 0.002390182 0.01393577 0.01653118 0.0161866 0.01267326 0.0117244 0.01713611 -0.01021697 0.01685669 0.02337118 -0.01117658 0.01705579 0.02333495 -0.01115332 0.01675101 0.02250209 -0.01209292 0.017239 0.02328116 -0.01211139 0.01731459 0.0234799 -0.0129854 0.0176231 0.02380039 -0.01518531 0.01277689 0.008978058 -0.01479024 0.01317543 0.01032861 -0.0159659 0.01312299 0.009460446 -0.01605601 0.0133428 0.01001606 -0.01684063 0.01343112 0.009779429 -0.01734289 0.01358937 0.009910683 -0.01777582 0.0136894 0.009922691 -0.004245661 0.01745953 0.02871601 -0.01355928 0.01096428 0.004938829 -0.01357492 0.009798718 0.001689416 -0.01377773 0.01068374 0.00402482 -0.01450185 0.01008912 0.001927063 -0.01452888 0.01240611 0.008350794 -0.01246595 0.01309535 0.01153419 -0.013582 0.01309217 0.01083957 -0.01368374 0.01164801 0.006762877 -0.009973958 0.01361039 0.01449706 -0.01402178 0.01202491 0.007602797 -0.01063563 0.01335823 0.01338958 -0.01147434 0.01318489 0.01239239 -0.00629349 0.01693066 0.02598761 -0.006853273 0.01677047 0.02519839 -0.009508313 0.01393408 0.01568292 -0.007554634 0.01668099 0.02451871 -0.009252087 0.01431999 0.01691303 -0.008370394 0.01666561 0.0239747 -0.009212807 0.0147571 0.01815215 -0.009269444 0.01672495 0.02358722 -0.009391312 0.01523272 0.01936452 -0.009782809 0.01573324 0.02051521 -0.005172586 0.01774994 0.02895366 -0.005896707 0.01715532 0.0268559 -0.01037578 0.01624425 0.02157125 -0.01352751 0.01128985 0.005863327 -0.0009359577 0.02235394 0.02323349 -0.001245327 0.02246731 0.02335852 0.001304211 0.02214231 0.02402174 0.006160102 0.01240755 -5.333708e-05 0.005850732 0.01252093 7.169769e-05 0.008357123 0.01195021 2.542282e-05 0.01154042 0.01456421 0.009247335 0.01114645 0.01424069 0.008106009 0.01123455 0.01483882 0.009822689 -0.002092993 0.01935466 0.0141857 -0.002090443 0.01935476 0.01418753 -0.00294281 0.01865483 0.01171825 -0.004904704 0.02187896 0.01947458 -0.004907253 0.02187887 0.01947275 -0.004417341 0.02228116 0.02089201 -0.004118002 0.02181717 0.01978622 -0.001105496 0.02087336 0.01901386 -0.0001534867 0.02094531 0.01979883 -0.0006443723 0.02054421 0.01838231 -0.0006433991 0.02054301 0.01837957 -0.001729713 0.02118499 0.01949651 -0.00247452 0.02145795 0.01979759 -0.003289171 0.02167356 0.01989633 -0.0003777618 0.02022001 0.01764498 0.005547101 0.01915933 0.0183373 -0.0003238572 0.01992283 0.01685207 -0.00140209 0.01937887 0.01467753 0.002757777 0.01686885 0.01025672 -0.0008540809 0.01948744 0.01531603 -0.0004863427 0.019673 0.01605779 -0.002879695 0.01941646 0.01387406 -0.006619935 0.02101361 0.0160153 -0.006354329 0.02069059 0.01528062 -0.007206664 0.01999068 0.01281143 -0.006353324 0.02068941 0.01527797 -0.005892201 0.02036027 0.01464642 -0.005268015 0.02004861 0.01416368 -0.004523176 0.01977567 0.01386269 -0.003708557 0.01956004 0.01376386 -0.006673871 0.02131076 0.01680812 -0.02639401 0.02600203 0.01773073 -0.006511354 0.02156062 0.01760249 -0.02360468 0.02829251 0.02581131 -0.006143647 0.02174616 0.01834416 -0.005595607 0.02185475 0.01898275 -0.003795177 0.0179549 0.009248967 -0.00379615 0.0179561 0.009251702 -0.008056482 0.01929085 0.01034398 -0.00726978 0.01922905 0.01065561 -0.006440949 0.01908545 0.01076572 -0.004257274 0.01828524 0.009883258 -0.004881491 0.01859687 0.01036591 -0.005626299 0.01886983 0.01066698 -0.004553868 0.01679076 0.005546929 -3.154635e-05 0.01457837 0.002176131 -0.005242222 0.01676664 0.005056924 -0.005732134 0.01636435 0.003637662 -0.005244771 0.01676655 0.005055093 -0.00352954 0.0176319 0.008514376 -0.004005859 0.01689932 0.006185422 -0.003638121 0.01708489 0.006927181 -0.003475635 0.01733472 0.007721463 -0.009771713 0.0184255 0.006884693 -0.009506107 0.01810247 0.00615001 -0.009995988 0.0177002 0.00473084 -0.009505102 0.0181013 0.006147367 -0.009043979 0.01777215 0.005515811 -0.008419793 0.0174605 0.005033072 -0.007674954 0.01718756 0.004732088 -0.006860335 0.01697192 0.004633254 -0.006031473 0.01682834 0.004743457 -0.008059031 0.01929075 0.01034215 -0.008747385 0.01926664 0.00985214 -0.009295425 0.01915805 0.009213556 -0.02918333 0.02371155 0.00965014 -0.009663132 0.01897251 0.008471888 -0.009825649 0.01872265 0.007677514 0.00746296 0.01472938 0.007201004 0.006634092 0.014873 0.007090902 0.00584739 0.0149348 0.006779266 0.0106959 0.01388864 0.006850583 0.01061159 0.01387193 0.006752338 0.01013142 0.01393298 0.006626977 0.01050528 0.01386819 0.006676628 0.01025673 0.0138998 0.006611745 0.01038427 0.01387772 0.00662874 0.00407826 0.01436659 0.004112795 0.004132178 0.01406944 0.003319978 0.00439877 0.01374525 0.002582657 0.004859893 0.0134161 0.001951101 0.005484116 0.01310444 0.001468353 0.006228918 0.01283151 0.001167378 0.008082767 0.0122507 0.0006920828 0.008388641 0.0119761 0.0001167289 0.00841363 0.01201453 0.0002389284 0.008277574 0.01451378 0.007102271 0.01075247 0.01391718 0.006964683 0.008197331 0.0122087 0.0006457156 0.008293382 0.01216076 0.0005714959 0.008364308 0.01211011 0.0004742992 0.005156506 0.01491058 0.006287425 0.004608484 0.01480198 0.005648836 0.00424074 0.01461646 0.004907178 0.008405341 0.01206025 0.000360914 0.01142935 0.0171019 0.01623288 0.01061474 0.0173175 0.01633161 0.0132832 0.01652109 0.01575758 0.01393577 0.01653118 0.0161866 0.01390425 0.01650529 0.01609529 0.007283956 0.01665756 0.01245058 0.007550548 0.01633336 0.01171326 0.01156541 0.01460265 0.009369534 0.01340851 0.01648791 0.01574235 0.01353605 0.01646583 0.01575935 0.01365706 0.01645631 0.01580723 0.00978587 0.01746112 0.01622151 0.008999168 0.01752291 0.01590987 0.008308284 0.01749869 0.01541803 0.007760262 0.0173901 0.01477944 0.007392518 0.01720457 0.01403778 0.007230038 0.0169547 0.0132434 0.008011671 0.01600422 0.01108171 0.008635894 0.01569255 0.01059896 0.009380696 0.01541962 0.01029798 0.01134911 0.01479681 0.009776321 0.01144516 0.01474888 0.009702102 0.01151609 0.01469823 0.009604905 0.01384767 0.01647675 0.01598119 0.01376336 0.01646005 0.01588294 0.01155712 0.01464837 0.00949152 0.0123202 0.01820082 0.01983484 0.01197588 0.01826046 0.01978905 0.007004798 0.02035633 0.02256021 0.01265857 0.01811125 0.01979381 0.01164911 0.01828614 0.01965964 0.01136212 0.01827608 0.01945533 0.0111345 0.01823097 0.01919009 0.01180759 0.01741246 0.01732854 0.01214596 0.0173229 0.01728751 0.01249025 0.01726323 0.01733321 0.01281705 0.01723758 0.01746271 0.01310403 0.01724764 0.01766702 0.01333167 0.01729274 0.01793226 0.01486554 0.01729467 0.01888012 0.01149821 0.01752584 0.01745358 0.01098173 0.0181539 0.018882 0.01091425 0.01805012 0.01855204 0.01093663 0.01792668 0.0182227 0.01104737 0.01779202 0.01791642 0.0112389 0.01765528 0.01765404 0.01348443 0.01736981 0.01824035 0.01355192 0.0174736 0.01857031 0.0150155 0.0175253 0.01961332 0.01352952 0.01759704 0.01889965 0.01496576 0.01779961 0.02034523 0.01341878 0.0177317 0.01920593 0.01489644 0.0178839 0.02053693 0.01322723 0.01786841 0.01946822 0.01296794 0.01799788 0.01966877 0.007422409 0.02069925 0.02377001 0.0130303 0.01894231 0.02233225 0.01471966 0.01809886 0.02102582 0.01371778 0.01869035 0.02205432 0.01429399 0.01840267 0.02160873 -0.02046569 0.02929279 0.0305205 -0.01970051 0.02916022 0.03062218 -0.0189486 0.02896123 0.03053108 -0.02267491 0.02905601 0.02850484 -0.02233538 0.02922724 0.02918943 -0.02182952 0.02932748 0.0297789 -0.002959643 0.02347817 0.02511492 -0.02164997 0.0293338 0.02990679 -0.02119183 0.02934985 0.0302329 -0.03011311 0.02294806 0.006956611 -0.0118713 0.01616027 -0.0007018704 -0.03021325 0.0224431 0.005491486 -0.02896532 0.02155233 0.003782312 -0.02996724 0.02214384 0.004810824 -0.02954158 0.02184004 0.004227918 -0.02827786 0.02130041 0.003504488 -0.03026302 0.02271738 0.006223308 0.005512357 0.01261049 0.0001127333 0.005168042 0.01267013 6.693698e-05 0.004173894 0.01256358 -0.0008401102 0.004106409 0.01245979 -0.001170065 -0.001906854 0.01303844 -0.003256579 0.004326655 0.01264065 -0.0005320186 0.004841269 0.01269581 -6.246832e-05 0.004554282 0.01268575 -0.0002667752 0.004128792 0.01233636 -0.001499407 0.004239531 0.01220169 -0.001805684 0.003701041 0.0112815 -0.004694346 0.004431062 0.01206495 -0.002068073 0.004690374 0.01193551 -0.002268529 0.004452972 0.01108246 -0.004785554 0.004999752 0.01182214 -0.002393566 0.005218098 0.01094991 -0.004683858 0.005338118 0.01173257 -0.002434599 0.00594426 0.01089285 -0.004396257 0.005682411 0.01167291 -0.002388896 0.006582032 0.01091522 -0.003942182 0.006009207 0.01164725 -0.002259397 0.007087863 0.01101544 -0.003352805 0.006296193 0.01165731 -0.002055091 0.007427349 0.01118672 -0.002668106 0.006523829 0.01170242 -0.00178985 0.006676591 0.01177949 -0.001481758 0.006744075 0.01188327 -0.001151803 0.006721683 0.01200671 -0.0008224588 0.006610944 0.01214138 -0.0005161822 0.006419391 0.01227809 -0.0002538869 -0.008053168 0.01687699 0.003636415 -0.008391533 0.01696655 0.003677448 -0.007607442 0.01482442 -0.001795048 -0.009213517 0.01629157 0.001296186 -0.007292947 0.01649743 0.003048533 -0.007484509 0.01663415 0.00331083 -0.007743798 0.01676362 0.00351138 -0.008735858 0.01702619 0.003631654 -0.009062631 0.01705187 0.003502249 -0.00934958 0.0170418 0.003297932 -0.00977507 0.0166924 0.002065301 -0.009664369 0.01655775 0.001759034 -0.009472838 0.01642101 0.001496645 -0.008904148 0.0161782 0.001171151 -0.008565782 0.01608863 0.001130118 -0.008221489 0.01602897 0.001175821 -0.009577244 0.01699671 0.003032699 -0.009730006 0.01691964 0.002724607 -0.009797491 0.01681585 0.002394652 -0.007894684 0.01600331 0.001305317 -0.007607642 0.01601335 0.00150961 -0.007380071 0.01605848 0.001774868 -0.007227309 0.01613555 0.002082959 -0.007159825 0.01623933 0.002412914 -0.007182152 0.01636275 0.002742242 -0.000351984 0.02182966 0.02213502 -0.0003743115 0.02195308 0.02246435 -0.001583693 0.02255687 0.02339956 -0.001928017 0.02261652 0.02335376 -0.002254791 0.0226422 0.02322436 -0.00298965 0.02240618 0.02211676 -0.00296723 0.02228273 0.02178741 -0.002856528 0.02214808 0.02148114 -0.002664997 0.02201134 0.02121875 -0.001413649 0.02161929 0.02089793 -0.001086843 0.02159364 0.02102743 -0.0007998016 0.02160368 0.02123172 -0.0005722302 0.0216488 0.02149698 -0.0004194686 0.02172587 0.02180507 -0.0004851059 0.02208776 0.02277064 -0.0006766684 0.02222447 0.02303294 -0.00254174 0.02263213 0.02302004 -0.002769404 0.02258703 0.02275481 -0.002922166 0.02250996 0.02244672 -0.002405676 0.02188189 0.02101829 -0.002096307 0.02176852 0.02089326 -0.001757941 0.02167896 0.02085223 -0.002542033 0.02382109 0.02632472 0.001721821 0.02248524 0.02523154 -0.02148394 0.0246866 0.03217764 -0.02221008 0.02474365 0.03189003 -0.01899431 0.0209145 0.02322247 -0.01942486 0.01613232 0.009665297 -0.02929612 0.01669422 0.005161625 -0.01820651 0.01575061 0.009352933 -0.01409455 0.0119316 0.001264208 -0.01736852 0.01553187 0.009259836 -0.01337043 0.01252622 0.003361965 -0.01643333 0.0152736 0.009116574 -0.0155586 0.01496547 0.008797592 -0.02396591 0.01950466 0.0162488 -0.03113136 0.01834186 0.008613748 -0.02389605 0.01904667 0.01501867 -0.02360999 0.01855683 0.01383289 -0.02071876 0.02455403 0.03227932 -0.01775283 0.02078871 0.02363566 -0.01996685 0.02435503 0.03218822 -0.01393923 0.01994582 0.02363608 -0.004765286 0.01959242 0.0282908 -0.01518845 0.02029734 0.02384554 -0.01647189 0.02058101 0.02384543 -0.01477801 0.01461937 0.008315203 -0.01315198 0.01280676 0.004275974 -0.01312021 0.01313233 0.005200472 -0.02311597 0.01804922 0.01272549 -0.03128127 0.01811119 0.007880445 -0.02242828 0.0175385 0.01172844 -0.0312315 0.0178369 0.007148623 -0.03098549 0.01753764 0.006467961 -0.02381757 0.01991765 0.01748789 -0.02345537 0.02027375 0.01870027 -0.02369316 0.02444981 0.03016198 -0.02288974 0.02056272 0.01985105 -0.02213672 0.02077622 0.02090719 -0.009809668 0.01869917 0.02270832 -0.008862144 0.01856743 0.02292436 -0.005489407 0.0189978 0.02619304 -0.01327644 0.01349049 0.006100022 -0.01361448 0.01386739 0.006939942 -0.01412158 0.01424859 0.007687939 -0.02055579 0.01656605 0.01017598 -0.02156657 0.01703933 0.01087044 -0.02998357 0.01694614 0.005439449 -0.03055983 0.01723384 0.005885055 -0.02121831 0.02090818 0.02183832 -0.02016065 0.02095468 0.02261747 -0.02335363 0.02462104 0.03084657 -0.02284777 0.02472128 0.03143603 -0.01076928 0.01889827 0.02267209 -0.01276028 0.01953659 0.023223 -0.0125781 0.01946557 0.02313753 -0.01170409 0.01915707 0.02281705 -0.007963094 0.01850809 0.02331185 -0.007147334 0.01852347 0.02385585 -0.006445973 0.01861295 0.02453553 -0.00588619 0.01877314 0.02532476 0.007870273 0.0126713 0.007765126 0.008277574 0.01451378 0.007102271 0.01370141 0.01349266 0.02268295 0.01363543 0.01353975 0.02277332 0.01347147 0.01340512 0.02229834 0.01201205 0.01433612 0.02398938 0.01106196 0.01463378 0.02423297 0.01064435 0.01429085 0.02302317 0.008003376 0.0122453 0.01571455 0.00820097 0.01228444 0.01594475 0.008942394 0.01289327 0.01809264 -0.005900524 0.01660136 0.01927926 -0.005702912 0.0166405 0.01950947 -0.004961487 0.01724932 0.02165735 -0.005613816 0.01665814 0.01961324 -0.00525248 0.01667082 0.01987054 -0.00484098 0.01663848 0.02003349 -0.005052901 0.01557063 0.01693507 -0.005442499 0.0157134 0.01709251 -0.007506548 0.01515942 0.01428439 -0.005769021 0.01587641 0.01734498 -0.00601023 0.01604859 0.01767536 -0.004407424 0.01656336 0.02009109 -0.003981296 0.01645059 0.02003948 0.003404009 0.01462843 0.01951258 -0.00359173 0.0163078 0.01988196 -0.003265208 0.01614479 0.01962948 -0.003023967 0.01597264 0.01929919 -0.002884579 0.01580307 0.01891351 -0.003420381 0.01536309 0.01736131 -0.003781718 0.0153504 0.01710401 0.0008589483 0.01253853 0.01213962 -0.004193249 0.01538272 0.01694098 -0.004626805 0.01545784 0.01688338 -0.002856317 0.01564762 0.01849878 -0.002941327 0.01551693 0.01808328 -0.003133674 0.01541987 0.01769529 -0.006149619 0.01621816 0.01806104 -0.006158438 0.01626644 0.01818982 -0.008502992 0.01547161 0.01453986 -0.00617788 0.01637361 0.01847577 -0.006092871 0.0165043 0.01889128 -0.005957931 0.01756151 0.02191282 -0.008920799 0.01328829 0.008214373 -0.009162008 0.01346048 0.008544757 -0.01005161 0.01306952 0.006911422 -0.008594277 0.01312528 0.0079619 -0.008765594 0.01407002 0.01048264 -0.008404258 0.01408271 0.01073994 -0.007992758 0.01405036 0.01090288 -0.007559202 0.01397525 0.01096048 -0.006175745 0.01338452 0.01016859 -0.006036357 0.01321496 0.009782909 -0.006008095 0.01305951 0.009368177 -0.001686113 0.01044863 0.004766655 -0.006093105 0.01292881 0.008952671 -0.006285452 0.01283175 0.008564684 -0.006572159 0.01277498 0.008230706 -0.006933496 0.01276229 0.007973405 -0.007345027 0.01279461 0.007810372 -0.007778583 0.01286973 0.00775277 -0.008204679 0.01298252 0.007804468 -0.007133075 0.01386248 0.01090887 -0.006743508 0.01371969 0.01075135 -0.006416986 0.01355668 0.01049888 -0.009301397 0.01363004 0.008930434 -0.009310216 0.01367832 0.009059215 -0.01104805 0.0133817 0.007166893 -0.009329658 0.01378549 0.009345166 -0.009244649 0.01391619 0.009760672 -0.009052302 0.01401325 0.01014866 -0.00885469 0.01405238 0.01037886 0.008290019 0.0123021 0.01604854 0.008651411 0.01231477 0.01630583 0.009062892 0.01228243 0.01646878 0.009496458 0.01220731 0.01652638 0.009922576 0.01209454 0.01647477 0.01176951 0.01200754 0.01736781 0.01031213 0.01195176 0.01631725 0.01063866 0.01178874 0.01606477 0.01087989 0.01161659 0.01573449 0.01101933 0.01144701 0.01534879 0.007811001 0.01214825 0.01532657 0.00772602 0.01201755 0.01491105 0.007745443 0.01191038 0.01462511 0.006397333 0.01080337 0.01071967 0.007754216 0.01186212 0.01449634 0.01048353 0.01100703 0.01379659 0.01012214 0.01099436 0.01353931 0.009224454 0.009917637 0.00999485 0.008461382 0.01135734 0.01352779 0.008134851 0.01152036 0.01378027 0.00789366 0.01169253 0.01411065 0.009710623 0.01102667 0.01337627 0.009277057 0.01110179 0.01331867 0.008850971 0.01121458 0.01337036 0.01102809 0.01139871 0.01521993 0.01104753 0.01129158 0.01493408 0.01267326 0.0117244 0.01713611 0.01096255 0.01116088 0.01451857 0.0101282 0.009634497 0.009763146 0.01077017 0.01106382 0.01413059 0.0105726 0.01102468 0.01390038 0.007486886 0.009200627 0.006934169 0.007728108 0.009028477 0.00660388 0.005911114 0.009694313 0.007338169 0.005499633 0.009726654 0.007175223 0.005138241 0.009713981 0.006917937 0.00634468 0.009619191 0.007395769 0.006770798 0.009506428 0.007344164 0.007160355 0.009363642 0.007186644 0.003852272 0.008713466 0.00334671 0.004593665 0.009322268 0.005494502 0.004574242 0.009429434 0.005780448 0.004659223 0.009560134 0.006195962 0.004851598 0.009657188 0.006583942 0.005049192 0.009696328 0.006814149 0.007618392 0.008475709 0.004999981 0.007420817 0.008436563 0.004769769 0.006679393 0.007827735 0.002621886 0.00733175 0.008418915 0.004665986 0.006970358 0.008406243 0.0044087 0.005309604 0.008769229 0.004397187 0.004983073 0.008932243 0.004649663 0.004741882 0.009104419 0.004980042 0.004602438 0.009274002 0.005365734 0.006558845 0.008438557 0.004245662 0.006125279 0.00851368 0.004188062 0.005699193 0.008626469 0.004239758 0.007810767 0.008572762 0.005387961 0.007583136 0.007544595 0.002390182 0.007867552 0.008858894 0.006218189 0.007876312 0.008810597 0.006089324 0.007895749 0.008703463 0.005803475 0.01269953 0.01408415 0.02371145 0.01327574 0.01379647 0.02326586 0.01384729 0.01268847 0.02053726 0.01399725 0.0129191 0.02127045 0.01394751 0.01319341 0.02200237 0.01387819 0.0132777 0.02219407 0.005563782 0.006309024 -0.002285044 0.006069612 0.00640924 -0.001695668 0.006409098 0.006580522 -0.001010969 0.00492601 0.006286652 -0.00273912 0.004813477 0.00629552 -0.002783616 0.003221281 0.007595491 -0.0001485465 0.003110542 0.007730158 0.0001577301 0.001732702 0.006972959 -0.002793622 0.003088159 0.007853591 0.0004870717 0.003155643 0.007957378 0.0008170268 0.003308405 0.008034448 0.001125118 0.003536032 0.008079553 0.001390362 0.003823018 0.008089614 0.001594669 0.004149792 0.008063932 0.001724074 0.004494107 0.008004293 0.00176987 0.004832482 0.007914729 0.001728835 0.005141851 0.007801357 0.0016038 0.00540114 0.007671888 0.00140325 0.005592694 0.007535179 0.001140955 0.005703432 0.007400512 0.0008346782 0.005277942 0.007051116 -0.0003979536 0.004990956 0.007041056 -0.0006022605 0.00466416 0.007066709 -0.0007317594 0.004199848 0.00634371 -0.003026721 0.004319867 0.007126377 -0.000777462 0.003434722 0.006476262 -0.003128417 0.003981502 0.007215938 -0.0007364288 0.00268279 0.006675298 -0.003037209 0.003672123 0.007329313 -0.0006113917 0.003412812 0.007458754 -0.0004109355 0.005725825 0.007277076 0.0005053342 0.00565834 0.007173289 0.000175379 0.005505579 0.007096219 -0.0001327126 -0.002841917 0.01898983 0.02779768 -0.003259527 0.01864691 0.02658788 0.00552358 0.01636894 0.02565292 0.005105969 0.01602601 0.02444311 0.01022065 0.01304908 0.01931117 0.01002912 0.01318582 0.01957356 0.009918383 0.01332048 0.01987984 0.01034387 0.01366988 0.02111247 0.01063086 0.01367994 0.02131678 0.01194969 0.01339168 0.02132591 0.01220898 0.01326221 0.02112536 0.01240053 0.0131255 0.02086306 0.01251127 0.01299084 0.02055679 0.009895999 0.01344392 0.02020918 0.009963484 0.0135477 0.02053914 0.01011625 0.01362477 0.02084723 0.011472 0.01265703 0.01899035 0.0117988 0.01263138 0.01911985 0.01208578 0.01264144 0.01932415 0.01095763 0.01365426 0.02144618 0.01130195 0.01359462 0.02149198 0.01164032 0.01350505 0.02145094 0.01112771 0.0127167 0.01894465 0.01078934 0.01280626 0.01898568 0.01047996 0.01291964 0.01911072 0.01253367 0.0128674 0.02022744 0.01246618 0.01276361 0.01989749 0.01231342 0.01268654 0.0195894 -0.003423927 0.0172757 0.02267543 -0.003683248 0.01740514 0.02287589 -0.003874779 0.01754188 0.02313828 -0.00398548 0.01767653 0.02344455 -0.004007901 0.01779998 0.0237739 -0.003940416 0.01790376 0.02410385 -0.003787654 0.01798083 0.02441194 -0.00355999 0.01802593 0.02467718 -0.003273041 0.018036 0.02488149 -0.002946267 0.01801032 0.0250109 -0.001392562 0.01734688 0.02412149 -0.001503356 0.01748156 0.02442778 -0.001694919 0.01761827 0.02469008 -0.001818052 0.01699748 0.02288886 -0.002105094 0.01698744 0.02268456 -0.002601943 0.01795068 0.02505669 -0.002263577 0.01786111 0.02501566 -0.001954208 0.01774774 0.02489063 -0.001370234 0.01722346 0.02379216 -0.001437719 0.01711967 0.0234622 -0.001590481 0.0170426 0.02315411 -0.002431899 0.01701309 0.02255507 -0.002776192 0.01707276 0.02250936 -0.003114558 0.01716232 0.0225504 -0.004255971 0.01895909 0.02684335 -0.003838361 0.01930201 0.02805315 -0.003805683 0.008708122 -0.001373677 -0.009922398 0.011572 0.002828288 -0.01023177 0.01168537 0.002953323 -0.01217118 0.01132901 0.00077109 -0.01049109 0.01181481 0.003153782 -0.01074826 0.01231344 0.004381744 -0.01059549 0.01239051 0.004689836 -0.01068262 0.01195155 0.003416171 -0.01079332 0.01208621 0.003722438 -0.01081574 0.01220965 0.004051789 -0.01036783 0.0124356 0.00495507 -0.01008088 0.01244567 0.005159386 -0.009754108 0.01241999 0.005288791 -0.008762049 0.01215742 0.005168517 -0.009071418 0.01227079 0.005293552 -0.009409784 0.01236035 0.005334585 -0.008502759 0.01202795 0.004967967 -0.008311197 0.01189124 0.00470567 -0.008200403 0.01175655 0.004399379 -0.008625893 0.01140716 0.003166747 -0.008912934 0.01139711 0.002962454 -0.00923974 0.01142277 0.002832958 -0.009584032 0.01148244 0.002787255 -0.008178075 0.01163314 0.004070051 -0.00824556 0.01152935 0.003740096 -0.008398321 0.01145228 0.003432005 -0.01316762 0.0116412 0.001026561 -0.004255971 0.01895909 0.02684335 -0.003838361 0.01930201 0.02805315 -0.004245661 0.01745953 0.02871601 -0.01316762 0.0116412 0.001026561 -0.01104805 0.0133817 0.007166893 -0.01357492 0.009798718 0.001689416 -0.008502992 0.01547161 0.01453986 -0.005957931 0.01756151 0.02191282 0.005076816 0.01126196 0.002131208 0.005484116 0.01310444 0.001468353 0.004452593 0.01157362 0.002613956 0.004859893 0.0134161 0.001951101 0.003991469 0.01190277 0.003245512 0.00439877 0.01374525 0.002582657 0.003724878 0.01222696 0.003982833 0.004132178 0.01406944 0.003319978 0.00367096 0.01252411 0.004775649 0.00407826 0.01436659 0.004112795 0.00383344 0.01277398 0.005570033 0.00424074 0.01461646 0.004907178 0.004201184 0.01295951 0.006311691 0.004608484 0.01480198 0.005648836 0.004749205 0.0130681 0.00695028 0.005156506 0.01491058 0.006287425 0.00544009 0.01309232 0.007442121 0.00584739 0.0149348 0.006779266 0.006226792 0.01303052 0.007753756 0.006634092 0.014873 0.007090902 0.00705566 0.0128869 0.007863858 0.00746296 0.01472938 0.007201004 0.008973396 0.01357714 0.01096084 0.009380696 0.01541962 0.01029798 0.008228594 0.01385007 0.01126181 0.008635894 0.01569255 0.01059896 0.007604371 0.01416174 0.01174456 0.008011671 0.01600422 0.01108171 0.007143248 0.01449088 0.01237612 0.007550548 0.01633336 0.01171326 0.006876656 0.01481508 0.01311344 0.007283956 0.01665756 0.01245058 0.006822738 0.01511222 0.01390626 0.007230038 0.0169547 0.0132434 0.006985218 0.01536209 0.01470064 0.007392518 0.01720457 0.01403778 0.007352962 0.01554762 0.0154423 0.007760262 0.0173901 0.01477944 0.007900983 0.01565621 0.01608089 0.008308284 0.01749869 0.01541803 0.008591868 0.01568043 0.01657273 0.008999168 0.01752291 0.01590987 0.00937857 0.01561864 0.01688436 0.00978587 0.01746112 0.01622151 0.01020744 0.01547502 0.01699446 0.01061474 0.0173175 0.01633161 -0.002096307 0.02176852 0.02089326 -0.003114558 0.01716232 0.0225504 -0.001757941 0.02167896 0.02085223 -0.002776192 0.01707276 0.02250936 -0.001413649 0.02161929 0.02089793 -0.002431899 0.01701309 0.02255507 -0.001086843 0.02159364 0.02102743 -0.002105094 0.01698744 0.02268456 -0.0007998016 0.02160368 0.02123172 -0.001818052 0.01699748 0.02288886 -0.0005722302 0.0216488 0.02149698 -0.001590481 0.0170426 0.02315411 -0.0004194686 0.02172587 0.02180507 -0.001437719 0.01711967 0.0234622 -0.000351984 0.02182966 0.02213502 -0.001370234 0.01722346 0.02379216 -0.0003743115 0.02195308 0.02246435 -0.001392562 0.01734688 0.02412149 -0.0004851059 0.02208776 0.02277064 -0.001503356 0.01748156 0.02442778 -0.0006766684 0.02222447 0.02303294 -0.001694919 0.01761827 0.02469008 -0.0009359577 0.02235394 0.02323349 -0.001954208 0.01774774 0.02489063 -0.001245327 0.02246731 0.02335852 -0.002263577 0.01786111 0.02501566 -0.001583693 0.02255687 0.02339956 -0.002601943 0.01795068 0.02505669 -0.001928017 0.02261652 0.02335376 -0.002946267 0.01801032 0.0250109 -0.002254791 0.0226422 0.02322436 -0.003273041 0.018036 0.02488149 -0.00254174 0.02263213 0.02302004 -0.00355999 0.01802593 0.02467718 -0.002769404 0.02258703 0.02275481 -0.003787654 0.01798083 0.02441194 -0.002922166 0.02250996 0.02244672 -0.003940416 0.01790376 0.02410385 -0.00298965 0.02240618 0.02211676 -0.004007901 0.01779998 0.0237739 -0.00296723 0.02228273 0.02178741 -0.00398548 0.01767653 0.02344455 -0.002856528 0.02214808 0.02148114 -0.003874779 0.01754188 0.02313828 -0.002664997 0.02201134 0.02121875 -0.003683248 0.01740514 0.02287589 -0.002405676 0.02188189 0.02101829 -0.003423927 0.0172757 0.02267543</float_array>
          <technique_common>
            <accessor count="1973" source="#verts-array-array" stride="3">
              <param type="float" name="X"/>
              <param type="float" name="Y"/>
              <param type="float" name="Z"/>
            </accessor>
          </technique_common>
        </source>
        <source id="normals-array">
          <float_array count="5919" id="normals-array-array">-0.6451601 0.3809017 0.6623309 -0.7357521 0.3673409 0.5689723 -0.8137633 0.3474947 0.465872 -0.8137622 0.3474949 0.4658738 -0.9269248 0.2904034 0.2376473 -0.9269248 0.2904034 0.2376473 -0.976915 0.2135211 -0.00677344 0.9769143 -0.2135243 0.006772346 0.9769775 -0.1692406 0.1298947 0.9603306 -0.1220974 0.2507139 0.9603189 -0.1220708 0.2507716 0.8783206 -0.02235816 0.477549 0.8783206 -0.02235816 0.477549 0.7364159 0.07893464 0.6719085 0.7364159 0.07893464 0.6719085 0.5442939 0.1748521 0.8204699 0.5442939 0.1748521 0.8204699 0.3151778 0.2588114 0.9130606 0.3151778 0.2588114 0.9130606 0.06459296 0.3251413 0.9434569 0.06459296 0.3251413 0.9434569 -0.1905126 0.3693392 0.9095567 -0.1905126 0.3693392 0.9095567 -0.4326139 0.3883546 0.8136497 -0.4326139 0.3883546 0.8136497 -0.6451639 0.3809011 0.6623276 0.6451623 -0.3808984 -0.6623308 0.7357759 -0.3673359 -0.5689447 0.8137629 -0.347492 -0.4658747 0.8137457 -0.3475002 -0.4658986 0.9269248 -0.2904034 -0.2376473 0.9269248 -0.2904034 -0.2376473 0.9769131 -0.2135307 0.006744938 -0.9769152 0.2135202 -0.006775451 -0.97698 0.1692542 -0.1298577 -0.9603315 0.1220956 -0.250711 -0.9603325 0.1220973 -0.2507063 -0.8782819 0.02232345 -0.4776218 -0.8782819 0.02232345 -0.4776218 -0.7363582 -0.07896868 -0.6719677 -0.7363582 -0.07896868 -0.6719677 -0.5443848 -0.1748133 -0.8204179 -0.5443848 -0.1748133 -0.8204179 -0.3151778 -0.2588114 -0.9130606 -0.3151778 -0.2588114 -0.9130606 -0.06448384 -0.3251652 -0.9434561 -0.06448384 -0.3251652 -0.9434561 0.1904268 -0.3693283 -0.9095792 0.1904268 -0.3693283 -0.9095792 0.4325354 -0.3883526 -0.8136924 0.4325354 -0.3883526 -0.8136924 0.6452133 -0.3808958 -0.6622826 0.2036501 0.9212397 -0.3314274 0.2036501 0.9212397 -0.3314274 0.2036501 0.9212397 -0.3314274 0.2036501 0.9212397 -0.3314274 0.2036501 0.9212397 -0.3314274 0.2036501 0.9212397 -0.3314274 0.2036501 0.9212397 -0.3314274 0.2036501 0.9212397 -0.3314274 0.2036501 0.9212397 -0.3314274 0.2036501 0.9212397 -0.3314274 0.2036501 0.9212397 -0.3314274 0.2036501 0.9212397 -0.3314274 0.2036501 0.9212397 -0.3314274 0.2036501 0.9212397 -0.3314274 0.2036501 0.9212397 -0.3314274 0.2036501 0.9212397 -0.3314274 0.2036501 0.9212397 -0.3314274 0.2036501 0.9212397 -0.3314274 0.2036501 0.9212397 -0.3314274 0.2036501 0.9212397 -0.3314274 0.2036501 0.9212397 -0.3314274 0.2036501 0.9212397 -0.3314274 0.2036501 0.9212397 -0.3314274 0.2036501 0.9212397 -0.3314274 0.2036501 0.9212397 -0.3314274 0.2036501 0.9212397 -0.3314274 0.2036501 0.9212397 -0.3314274 0.2036501 0.9212397 -0.3314274 0.2036501 0.9212397 -0.3314274 0.2036501 0.9212397 -0.3314274 0.2036501 0.9212397 -0.3314274 0.2036501 0.9212397 -0.3314274 0.2036501 0.9212397 -0.3314274 0.2036501 0.9212397 -0.3314274 0.2036501 0.9212397 -0.3314274 0.2036501 0.9212397 -0.3314274 0.2036501 0.9212397 -0.3314274 0.2036501 0.9212397 -0.3314274 0.2036501 0.9212397 -0.3314274 0.2036501 0.9212397 -0.3314274 0.2036501 0.9212397 -0.3314274 0.2036501 0.9212397 -0.3314274 0.2036501 0.9212397 -0.3314274 0.2036501 0.9212397 -0.3314274 0.2036501 0.9212397 -0.3314274 0.2036501 0.9212397 -0.3314274 0.2036501 0.9212397 -0.3314274 0.2036501 0.9212397 -0.3314274 0.2036501 0.9212397 -0.3314274 0.2036501 0.9212397 -0.3314274 0.2036501 0.9212397 -0.3314274 0.3753426 0.2391907 0.8954919 0.3751052 0.2392713 0.8955698 0.3753426 0.2391907 0.8954919 0.3751052 0.2392713 0.8955698 -0.2540126 -0.277212 -0.9266235 -0.2538465 -0.27726 -0.9266547 -0.2540126 -0.277212 -0.9266235 -0.2538465 -0.27726 -0.9266547 -0.91033 0.3027619 0.2821959 -0.91033 0.3027619 0.2821959 -0.847582 0.3353327 0.4112867 -0.847582 0.3353327 0.4112867 -0.7356161 0.3673678 0.5691308 -0.7356161 0.3673678 0.5691308 -0.5953325 0.3852685 0.7050868 -0.5953325 0.3852685 0.7050868 -0.4321639 0.3883431 0.8138943 -0.4321639 0.3883431 0.8138943 -0.2523755 0.3764779 0.8913871 -0.2523755 0.3764779 0.8913871 -0.06288472 0.3501308 0.9345876 -0.06288472 0.3501308 0.9345876 0.1290559 0.3103077 0.9418353 0.1290559 0.3103077 0.9418353 0.3159865 0.2585579 0.9128529 0.3159865 0.2585579 0.9128529 0.4799855 0.1986859 0.854481 0.4426908 0.2152917 0.8704449 0.2538283 0.2772652 0.9266581 0.2538283 0.2772652 0.9266581 0.06449439 0.3251629 0.9434562 0.06449439 0.3251629 0.9434562 -0.1904767 0.3693347 0.9095661 -0.1904767 0.3693347 0.9095661 -0.4325266 0.3883524 0.8136972 -0.4325684 0.3883486 0.8136768 -0.5436072 0.387943 0.744306 -0.6451811 0.3808943 0.6623148 -0.6452713 0.3808896 0.6622297 -0.8137453 0.3475003 0.4658992 -0.8137453 0.3475003 0.4658992 -0.9043064 0.3067216 0.2969037 -0.9043064 0.3067216 0.2969037 0.3151778 0.2588114 0.9130606 0.3151778 0.2588114 0.9130606 0.06454615 0.3251516 0.9434565 0.06454615 0.3251516 0.9434565 -0.1905031 0.369338 0.9095592 -0.1905031 0.369338 0.9095592 -0.4325705 0.3883535 0.8136734 -0.4325705 0.3883535 0.8136734 -0.6451571 0.3809018 0.6623338 -0.6451571 0.3809018 0.6623338 -0.8137741 0.3474911 0.4658558 -0.8137741 0.3474911 0.4658558 -0.9269248 0.2904034 0.2376473 -0.9269248 0.2904034 0.2376473 -0.9769137 0.2135274 -0.006754677 -0.9769137 0.2135274 -0.006754677 -0.9603235 0.1220797 -0.2507495 -0.9603235 0.1220797 -0.2507495 -0.8782826 0.0223241 -0.4776204 -0.8782826 0.0223241 -0.4776204 -0.7364095 -0.07893841 -0.671915 -0.7364095 -0.07893841 -0.671915 -0.5443835 -0.1748138 -0.8204186 -0.5443835 -0.1748138 -0.8204186 -0.3151778 -0.2588114 -0.9130606 -0.3151778 -0.2588114 -0.9130606 -0.06448532 -0.3251649 -0.9434561 -0.06448532 -0.3251649 -0.9434561 0.1905031 -0.369338 -0.9095592 0.1905031 -0.369338 -0.9095592 0.4325369 -0.3883527 -0.8136916 0.4325369 -0.3883527 -0.8136916 0.645129 -0.3809049 -0.6623595 0.645129 -0.3809049 -0.6623595 0.8137741 -0.3474911 -0.4658558 0.8137741 -0.3474911 -0.4658558 0.9269248 -0.2904034 -0.2376473 0.9269248 -0.2904034 -0.2376473 0.9769137 -0.2135274 0.006754677 0.9769137 -0.2135274 0.006754677 0.9603308 -0.1220939 0.2507148 0.9603308 -0.1220939 0.2507148 0.8782992 -0.02233895 0.4775893 0.8782992 -0.02233895 0.4775893 0.7364095 0.07893841 0.671915 0.7364095 0.07893841 0.671915 0.5443329 0.1748355 0.8204476 0.5443329 0.1748355 0.8204476 -0.2036501 -0.9212397 0.3314274 -0.2036501 -0.9212397 0.3314274 -0.2036501 -0.9212397 0.3314274 -0.2036501 -0.9212397 0.3314274 -0.2036501 -0.9212397 0.3314274 -0.2036501 -0.9212397 0.3314274 -0.2036501 -0.9212397 0.3314274 -0.2036501 -0.9212397 0.3314274 -0.2036501 -0.9212397 0.3314274 -0.2036501 -0.9212397 0.3314274 -0.2036501 -0.9212397 0.3314274 -0.2036501 -0.9212397 0.3314274 -0.2036501 -0.9212397 0.3314274 -0.2036501 -0.9212397 0.3314274 -0.2036501 -0.9212397 0.3314274 -0.2036501 -0.9212397 0.3314274 -0.2036501 -0.9212397 0.3314274 -0.2036501 -0.9212397 0.3314274 -0.2036501 -0.9212397 0.3314274 -0.2036501 -0.9212397 0.3314274 -0.2036501 -0.9212397 0.3314274 -0.2036501 -0.9212397 0.3314274 -0.2036501 -0.9212397 0.3314274 -0.2036501 -0.9212397 0.3314274 -0.2036501 -0.9212397 0.3314274 -0.2036501 -0.9212397 0.3314274 -0.2036501 -0.9212397 0.3314274 -0.2036501 -0.9212397 0.3314274 -0.2036501 -0.9212397 0.3314274 -0.2036501 -0.9212397 0.3314274 -0.2036501 -0.9212397 0.3314274 -0.2036501 -0.9212397 0.3314274 -0.2036501 -0.9212397 0.3314274 -0.2036501 -0.9212397 0.3314274 -0.2036501 -0.9212397 0.3314274 -0.2036501 -0.9212397 0.3314274 -0.2036501 -0.9212397 0.3314274 -0.2036501 -0.9212397 0.3314274 -0.2036501 -0.9212397 0.3314274 -0.2036501 -0.9212397 0.3314274 -0.2036501 -0.9212397 0.3314274 -0.2036501 -0.9212397 0.3314274 -0.2036501 -0.9212397 0.3314274 -0.2036501 -0.9212397 0.3314274 -0.2036501 -0.9212397 0.3314274 -0.2036501 -0.9212397 0.3314274 -0.2036501 -0.9212397 0.3314274 -0.2036501 -0.9212397 0.3314274 -0.2036501 -0.9212397 0.3314274 -0.2036501 -0.9212397 0.3314274 -0.2036501 -0.9212397 0.3314274 -0.2036501 -0.9212397 0.3314274 0.2036501 0.9212397 -0.3314274 0.2036501 0.9212397 -0.3314274 0.2036501 0.9212397 -0.3314274 0.2036501 0.9212397 -0.3314274 0.2036501 0.9212397 -0.3314274 0.2036501 0.9212397 -0.3314274 0.2036501 0.9212397 -0.3314274 0.2036501 0.9212397 -0.3314274 0.2036501 0.9212397 -0.3314274 0.2036501 0.9212397 -0.3314274 0.2036501 0.9212397 -0.3314274 0.2036501 0.9212397 -0.3314274 0.2036501 0.9212397 -0.3314274 0.2036501 0.9212397 -0.3314274 0.2036501 0.9212397 -0.3314274 0.2036501 0.9212397 -0.3314274 0.2036501 0.9212397 -0.3314274 0.2036501 0.9212397 -0.3314274 0.2036501 0.9212397 -0.3314274 0.2036501 0.9212397 -0.3314274 0.2036501 0.9212397 -0.3314274 0.2036501 0.9212397 -0.3314274 0.2036501 0.9212397 -0.3314274 0.2036501 0.9212397 -0.3314274 0.2036501 0.9212397 -0.3314274 0.2036501 0.9212397 -0.3314274 0.2036501 0.9212397 -0.3314274 0.2036501 0.9212397 -0.3314274 0.2036501 0.9212397 -0.3314274 0.2036501 0.9212397 -0.3314274 0.2036501 0.9212397 -0.3314274 0.2036501 0.9212397 -0.3314274 0.2036501 0.9212397 -0.3314274 0.2036501 0.9212397 -0.3314274 0.2036501 0.9212397 -0.3314274 0.2036501 0.9212397 -0.3314274 0.2036501 0.9212397 -0.3314274 0.2036501 0.9212397 -0.3314274 0.2036501 0.9212397 -0.3314274 0.2036501 0.9212397 -0.3314274 0.2036501 0.9212397 -0.3314274 0.2036501 0.9212397 -0.3314274 0.2036501 0.9212397 -0.3314274 0.2036501 0.9212397 -0.3314274 0.2036501 0.9212397 -0.3314274 0.2036501 0.9212397 -0.3314274 0.2036501 0.9212397 -0.3314274 0.2036501 0.9212397 -0.3314274 0.2036501 0.9212397 -0.3314274 0.2036501 0.9212397 -0.3314274 0.2036501 0.9212397 -0.3314274 -0.2036501 -0.9212397 0.3314274 -0.2036501 -0.9212397 0.3314274 -0.2036501 -0.9212397 0.3314274 -0.2036501 -0.9212397 0.3314274 -0.2036501 -0.9212397 0.3314274 -0.2036501 -0.9212397 0.3314274 -0.2036501 -0.9212397 0.3314274 -0.2036501 -0.9212397 0.3314274 -0.2036501 -0.9212397 0.3314274 -0.2036501 -0.9212397 0.3314274 -0.2036501 -0.9212397 0.3314274 -0.2036501 -0.9212397 0.3314274 -0.2036501 -0.9212397 0.3314274 -0.2036501 -0.9212397 0.3314274 -0.2036501 -0.9212397 0.3314274 -0.2036501 -0.9212397 0.3314274 -0.2036501 -0.9212397 0.3314274 -0.2036501 -0.9212397 0.3314274 -0.2036501 -0.9212397 0.3314274 -0.2036501 -0.9212397 0.3314274 -0.2036501 -0.9212397 0.3314274 -0.2036501 -0.9212397 0.3314274 -0.2036501 -0.9212397 0.3314274 -0.2036501 -0.9212397 0.3314274 -0.2036501 -0.9212397 0.3314274 -0.2036501 -0.9212397 0.3314274 -0.2036501 -0.9212397 0.3314274 -0.2036501 -0.9212397 0.3314274 -0.2036501 -0.9212397 0.3314274 -0.2036501 -0.9212397 0.3314274 -0.2036501 -0.9212397 0.3314274 -0.2036501 -0.9212397 0.3314274 -0.2036501 -0.9212397 0.3314274 -0.2036501 -0.9212397 0.3314274 -0.2036501 -0.9212397 0.3314274 -0.2036501 -0.9212397 0.3314274 -0.2036501 -0.9212397 0.3314274 -0.2036501 -0.9212397 0.3314274 -0.2036501 -0.9212397 0.3314274 -0.2036501 -0.9212397 0.3314274 -0.2036501 -0.9212397 0.3314274 -0.2036501 -0.9212397 0.3314274 -0.2036501 -0.9212397 0.3314274 -0.2036501 -0.9212397 0.3314274 -0.2036501 -0.9212397 0.3314274 -0.2036501 -0.9212397 0.3314274 -0.2036501 -0.9212397 0.3314274 -0.2036501 -0.9212397 0.3314274 -0.2036501 -0.9212397 0.3314274 -0.2036501 -0.9212397 0.3314274 -0.2036501 -0.9212397 0.3314274 -0.2036501 -0.9212397 0.3314274 -0.2036501 -0.9212397 0.3314274 -0.2036501 -0.9212397 0.3314274 -0.2036501 -0.9212397 0.3314274 -0.2036501 -0.9212397 0.3314274 -0.2036501 -0.9212397 0.3314274 -0.2036501 -0.9212397 0.3314274 -0.2036501 -0.9212397 0.3314274 -0.2036501 -0.9212397 0.3314274 -0.2036501 -0.9212397 0.3314274 -0.2036501 -0.9212397 0.3314274 -0.2036501 -0.9212397 0.3314274 -0.2036501 -0.9212397 0.3314274 -0.2036501 -0.9212397 0.3314274 0.2036501 0.9212397 -0.3314274 0.2036501 0.9212397 -0.3314274 0.2036501 0.9212397 -0.3314274 0.2036501 0.9212397 -0.3314274 0.2036501 0.9212397 -0.3314274 0.2036501 0.9212397 -0.3314274 0.2036501 0.9212397 -0.3314274 0.2036501 0.9212397 -0.3314274 0.2036501 0.9212397 -0.3314274 0.2036501 0.9212397 -0.3314274 0.2036501 0.9212397 -0.3314274 0.2036501 0.9212397 -0.3314274 0.2036501 0.9212397 -0.3314274 0.2036501 0.9212397 -0.3314274 0.2036501 0.9212397 -0.3314274 0.2036501 0.9212397 -0.3314274 0.2036501 0.9212397 -0.3314274 0.2036501 0.9212397 -0.3314274 0.2036501 0.9212397 -0.3314274 0.2036501 0.9212397 -0.3314274 0.2036501 0.9212397 -0.3314274 0.2036501 0.9212397 -0.3314274 0.2036501 0.9212397 -0.3314274 0.2036501 0.9212397 -0.3314274 0.2036501 0.9212397 -0.3314274 0.2036501 0.9212397 -0.3314274 0.2036501 0.9212397 -0.3314274 0.2036501 0.9212397 -0.3314274 0.2036501 0.9212397 -0.3314274 0.2036501 0.9212397 -0.3314274 0.2036501 0.9212397 -0.3314274 0.2036501 0.9212397 -0.3314274 0.2036501 0.9212397 -0.3314274 0.2036501 0.9212397 -0.3314274 0.2036501 0.9212397 -0.3314274 0.2036501 0.9212397 -0.3314274 0.2036501 0.9212397 -0.3314274 0.2036501 0.9212397 -0.3314274 0.2036501 0.9212397 -0.3314274 0.2036501 0.9212397 -0.3314274 0.2036501 0.9212397 -0.3314274 0.2036501 0.9212397 -0.3314274 0.2036501 0.9212397 -0.3314274 0.2036501 0.9212397 -0.3314274 0.2036501 0.9212397 -0.3314274 0.2036501 0.9212397 -0.3314274 0.2036501 0.9212397 -0.3314274 0.2036501 0.9212397 -0.3314274 0.2036501 0.9212397 -0.3314274 0.2036501 0.9212397 -0.3314274 0.2036501 0.9212397 -0.3314274 0.2036501 0.9212397 -0.3314274 0.2036501 0.9212397 -0.3314274 0.2036501 0.9212397 -0.3314274 0.2036501 0.9212397 -0.3314274 0.2036501 0.9212397 -0.3314274 0.2036501 0.9212397 -0.3314274 0.2036501 0.9212397 -0.3314274 0.2036501 0.9212397 -0.3314274 0.2036501 0.9212397 -0.3314274 0.2036501 0.9212397 -0.3314274 0.2036501 0.9212397 -0.3314274 0.2036501 0.9212397 -0.3314274 0.2036501 0.9212397 -0.3314274 0.2036501 0.9212397 -0.3314274 0.2036501 0.9212397 -0.3314274 0.2036501 0.9212397 -0.3314274 0.2036501 0.9212397 -0.3314274 0.2036501 0.9212397 -0.3314274 0.2036501 0.9212397 -0.3314274 0.2036501 0.9212397 -0.3314274 0.2036501 0.9212397 -0.3314274 0.2036501 0.9212397 -0.3314274 0.2036501 0.9212397 -0.3314274 0.2036501 0.9212397 -0.3314274 0.2036501 0.9212397 -0.3314274 0.2036501 0.9212397 -0.3314274 0.2036501 0.9212397 -0.3314274 0.2036501 0.9212397 -0.3314274 0.2036501 0.9212397 -0.3314274 0.2036501 0.9212397 -0.3314274 0.2036501 0.9212397 -0.3314274 0.2036501 0.9212397 -0.3314274 0.2036501 0.9212397 -0.3314274 0.2036501 0.9212397 -0.3314274 0.2036501 0.9212397 -0.3314274 0.2036501 0.9212397 -0.3314274 0.2036501 0.9212397 -0.3314274 0.2036501 0.9212397 -0.3314274 0.2036501 0.9212397 -0.3314274 0.2036501 0.9212397 -0.3314274 0.2036501 0.9212397 -0.3314274 0.2036501 0.9212397 -0.3314274 0.2036501 0.9212397 -0.3314274 0.2036501 0.9212397 -0.3314274 0.2036501 0.9212397 -0.3314274 -0.2036501 -0.9212397 0.3314274 -0.2036501 -0.9212397 0.3314274 -0.2036501 -0.9212397 0.3314274 -0.2036501 -0.9212397 0.3314274 -0.2036501 -0.9212397 0.3314274 -0.2036501 -0.9212397 0.3314274 -0.2036501 -0.9212397 0.3314274 -0.2036501 -0.9212397 0.3314274 -0.2036501 -0.9212397 0.3314274 -0.2036501 -0.9212397 0.3314274 -0.2036501 -0.9212397 0.3314274 -0.2036501 -0.9212397 0.3314274 -0.2036501 -0.9212397 0.3314274 -0.2036501 -0.9212397 0.3314274 -0.2036501 -0.9212397 0.3314274 -0.2036501 -0.9212397 0.3314274 -0.2036501 -0.9212397 0.3314274 -0.2036501 -0.9212397 0.3314274 -0.2036501 -0.9212397 0.3314274 -0.2036501 -0.9212397 0.3314274 -0.2036501 -0.9212397 0.3314274 -0.2036501 -0.9212397 0.3314274 -0.2036501 -0.9212397 0.3314274 -0.2036501 -0.9212397 0.3314274 -0.2036501 -0.9212397 0.3314274 -0.2036501 -0.9212397 0.3314274 -0.2036501 -0.9212397 0.3314274 -0.2036501 -0.9212397 0.3314274 -0.2036501 -0.9212397 0.3314274 -0.2036501 -0.9212397 0.3314274 -0.2036501 -0.9212397 0.3314274 -0.2036501 -0.9212397 0.3314274 -0.2036501 -0.9212397 0.3314274 -0.2036501 -0.9212397 0.3314274 -0.2036501 -0.9212397 0.3314274 -0.2036501 -0.9212397 0.3314274 -0.2036501 -0.9212397 0.3314274 -0.2036501 -0.9212397 0.3314274 -0.2036501 -0.9212397 0.3314274 -0.2036501 -0.9212397 0.3314274 -0.2036501 -0.9212397 0.3314274 -0.2036501 -0.9212397 0.3314274 -0.2036501 -0.9212397 0.3314274 -0.2036501 -0.9212397 0.3314274 -0.2036501 -0.9212397 0.3314274 -0.2036501 -0.9212397 0.3314274 -0.2036501 -0.9212397 0.3314274 -0.2036501 -0.9212397 0.3314274 -0.2036501 -0.9212397 0.3314274 -0.2036501 -0.9212397 0.3314274 -0.2036501 -0.9212397 0.3314274 -0.2036501 -0.9212397 0.3314274 -0.2036501 -0.9212397 0.3314274 -0.2036501 -0.9212397 0.3314274 -0.2036501 -0.9212397 0.3314274 -0.2036501 -0.9212397 0.3314274 -0.2036501 -0.9212397 0.3314274 -0.2036501 -0.9212397 0.3314274 -0.2036501 -0.9212397 0.3314274 -0.2036501 -0.9212397 0.3314274 -0.2036501 -0.9212397 0.3314274 -0.2036501 -0.9212397 0.3314274 -0.2036501 -0.9212397 0.3314274 -0.2036501 -0.9212397 0.3314274 -0.2036501 -0.9212397 0.3314274 -0.2036501 -0.9212397 0.3314274 -0.2036501 -0.9212397 0.3314274 -0.2036501 -0.9212397 0.3314274 -0.2036501 -0.9212397 0.3314274 -0.2036501 -0.9212397 0.3314274 -0.2036501 -0.9212397 0.3314274 -0.2036501 -0.9212397 0.3314274 -0.2036501 -0.9212397 0.3314274 0.9043206 -0.3067125 -0.2968697 0.9161256 -0.2987092 -0.26737 0.813766 -0.3474937 -0.4658681 0.813766 -0.3474937 -0.4658681 0.6452408 -0.3808929 -0.6622574 0.6452408 -0.3808929 -0.6622574 0.4325126 -0.388352 -0.8137048 0.4325126 -0.388352 -0.8137048 0.1905147 -0.3693395 -0.9095562 0.1905147 -0.3693395 -0.9095562 -0.06449763 -0.3251622 -0.9434562 -0.06449763 -0.3251622 -0.9434562 -0.2540126 -0.277212 -0.9266235 -0.2540126 -0.277212 -0.9266235 0.5443943 0.1748092 0.8204124 0.5443943 0.1748092 0.8204124 0.736385 0.07895285 0.6719401 0.736385 0.07895285 0.6719401 0.8783013 -0.02234085 0.4775853 0.8783013 -0.02234085 0.4775853 0.960308 -0.1220497 0.2508235 0.960308 -0.1220497 0.2508235 0.9769147 -0.2135225 0.006768824 0.9769147 -0.2135225 0.006768824 0.9367331 -0.2817872 -0.2076706 0.9455578 -0.2728502 -0.1774068 -0.2538929 -0.2772466 -0.926646 -0.2538929 -0.2772466 -0.926646 -0.0645468 -0.3251514 -0.9434565 -0.0645468 -0.3251514 -0.9434565 0.1904864 -0.3693423 -0.909561 0.1905367 -0.3693423 -0.9095505 0.313947 -0.3820938 -0.8691614 0.4325655 -0.3883602 -0.8136729 0.432305 -0.3883467 -0.8138177 0.6451656 -0.3809009 -0.6623261 0.6451656 -0.3809009 -0.6623261 0.8137641 -0.3474943 -0.4658709 0.8137641 -0.3474943 -0.4658709 0.9043285 -0.3067075 -0.2968509 0.9043285 -0.3067075 -0.2968509 -0.9455653 0.272842 0.1773794 -0.9455653 0.272842 0.1773794 -0.9769182 0.2135049 -0.006819839 -0.9769182 0.2135049 -0.006819839 -0.9603388 0.1221093 -0.2506766 -0.9603388 0.1221093 -0.2506766 -0.878316 0.02235404 -0.4775577 -0.878316 0.02235404 -0.4775577 -0.7363917 -0.07894889 -0.6719332 -0.7363917 -0.07894889 -0.6719332 -0.5443245 -0.1748391 -0.8204524 -0.5443245 -0.1748391 -0.8204524 -0.3751182 -0.2392669 -0.8955656 -0.3751182 -0.2392669 -0.8955656 0.9455546 -0.2728537 -0.1774186 0.9455546 -0.2728537 -0.1774186 0.9769139 -0.2135266 0.006756879 0.9769139 -0.2135266 0.006756879 0.9603295 -0.1220913 0.250721 0.9603295 -0.1220913 0.250721 0.9272399 -0.07282957 0.3673172 0.9272399 -0.07282957 0.3673172 0.8782937 -0.02233407 0.4775995 0.8782836 -0.02232434 0.4776186 0.8143035 0.02855676 0.5797364 0.7363961 0.0789469 0.6719287 0.7363933 0.07894795 0.6719316 0.5443839 0.1748137 0.8204184 0.5443839 0.1748137 0.8204184 0.3751709 0.239249 0.8955483 0.3751709 0.239249 0.8955483 0.9043206 -0.3067125 -0.2968697 0.9161256 -0.2987092 -0.26737 0.813766 -0.3474937 -0.4658681 0.813766 -0.3474937 -0.4658681 0.6452408 -0.3808929 -0.6622574 0.6452408 -0.3808929 -0.6622574 0.4325126 -0.388352 -0.8137048 0.4325126 -0.388352 -0.8137048 0.1905147 -0.3693395 -0.9095562 0.1905147 -0.3693395 -0.9095562 -0.06449763 -0.3251622 -0.9434562 -0.06449763 -0.3251622 -0.9434562 0.3753426 0.2391907 0.8954919 0.3753426 0.2391907 0.8954919 0.5443943 0.1748092 0.8204124 0.5443943 0.1748092 0.8204124 0.736385 0.07895285 0.6719401 0.736385 0.07895285 0.6719401 0.8783013 -0.02234085 0.4775853 0.8783013 -0.02234085 0.4775853 0.960308 -0.1220497 0.2508235 0.960308 -0.1220497 0.2508235 0.9769147 -0.2135225 0.006768824 0.9769147 -0.2135225 0.006768824 0.9367331 -0.2817872 -0.2076706 0.9455578 -0.2728502 -0.1774068 -0.6451601 0.3809017 0.6623309 -0.7357521 0.3673409 0.5689723 -0.8137633 0.3474947 0.465872 -0.8137622 0.3474949 0.4658738 -0.9269248 0.2904034 0.2376473 -0.9269248 0.2904034 0.2376473 -0.976915 0.2135211 -0.00677344 0.9769143 -0.2135243 0.006772346 0.9769775 -0.1692406 0.1298947 0.9603306 -0.1220974 0.2507139 0.9603189 -0.1220708 0.2507716 0.8783206 -0.02235816 0.477549 0.8783206 -0.02235816 0.477549 0.7364159 0.07893464 0.6719085 0.7364159 0.07893464 0.6719085 0.5442939 0.1748521 0.8204699 0.5442939 0.1748521 0.8204699 0.3151778 0.2588114 0.9130606 0.3151778 0.2588114 0.9130606 0.06459296 0.3251413 0.9434569 0.06459296 0.3251413 0.9434569 -0.1905126 0.3693392 0.9095567 -0.1905126 0.3693392 0.9095567 -0.4326139 0.3883546 0.8136497 -0.4326139 0.3883546 0.8136497 -0.6451639 0.3809011 0.6623276 0.6451623 -0.3808984 -0.6623308 0.7357759 -0.3673359 -0.5689447 0.8137629 -0.347492 -0.4658747 0.8137457 -0.3475002 -0.4658986 0.9269248 -0.2904034 -0.2376473 0.9269248 -0.2904034 -0.2376473 0.9769131 -0.2135307 0.006744938 -0.9769152 0.2135202 -0.006775451 -0.97698 0.1692542 -0.1298577 -0.9603315 0.1220956 -0.250711 -0.9603325 0.1220973 -0.2507063 -0.8782819 0.02232345 -0.4776218 -0.8782819 0.02232345 -0.4776218 -0.7363582 -0.07896868 -0.6719677 -0.7363582 -0.07896868 -0.6719677 -0.5443848 -0.1748133 -0.8204179 -0.5443848 -0.1748133 -0.8204179 -0.3151778 -0.2588114 -0.9130606 -0.3151778 -0.2588114 -0.9130606 -0.06448384 -0.3251652 -0.9434561 -0.06448384 -0.3251652 -0.9434561 0.1904268 -0.3693283 -0.9095792 0.1904268 -0.3693283 -0.9095792 0.4325354 -0.3883526 -0.8136924 0.4325354 -0.3883526 -0.8136924 0.6452133 -0.3808958 -0.6622826 0.6451452 -0.380904 -0.6623441 0.7356482 -0.3673616 -0.5690934 0.8137422 -0.3475022 -0.4659033 0.8137475 -0.3474996 -0.4658959 0.9269248 -0.2904034 -0.2376473 0.9269248 -0.2904034 -0.2376473 0.9769158 -0.2135161 0.006808226 0.9769129 -0.2135318 0.006741809 0.9769648 -0.1691717 0.1300796 0.9603255 -0.1220932 0.2507353 0.9602971 -0.1220287 0.2508753 0.8783378 -0.02237366 0.4775165 0.8783378 -0.02237366 0.4775165 0.7364098 0.07893822 0.6719147 0.7364098 0.07893822 0.6719147 0.5442962 0.1748511 0.8204686 0.5442962 0.1748511 0.8204686 0.3151778 0.2588114 0.9130606 0.3151778 0.2588114 0.9130606 0.06459019 0.3251419 0.9434568 0.06459019 0.3251419 0.9434568 -0.1905036 0.3693381 0.9095591 -0.1905036 0.3693381 0.9095591 -0.432649 0.3883555 0.8136307 -0.432649 0.3883555 0.8136307 -0.6451459 0.380903 0.662344 -0.6451459 0.380903 0.662344 -0.813742 0.3475014 0.4659042 -0.813742 0.3475014 0.4659042 -0.9269248 0.2904034 0.2376473 -0.9269248 0.2904034 0.2376473 -0.9769175 0.2135082 -0.006810344 -0.9769175 0.2135082 -0.006810344 -0.9603279 0.1220882 -0.2507286 -0.9603279 0.1220882 -0.2507286 -0.8782992 0.02233895 -0.4775893 -0.8782992 0.02233895 -0.4775893 -0.7363521 -0.07897227 -0.6719739 -0.7363521 -0.07897227 -0.6719739 -0.5443871 -0.1748123 -0.8204166 -0.5443871 -0.1748123 -0.8204166 -0.3151778 -0.2588114 -0.9130606 -0.3151778 -0.2588114 -0.9130606 -0.06448107 -0.3251658 -0.9434561 -0.06448107 -0.3251658 -0.9434561 0.1904178 -0.3693272 -0.9095815 0.1904178 -0.3693272 -0.9095815 0.4325705 -0.3883535 -0.8136734 0.4325705 -0.3883535 -0.8136734 0.6451294 -0.3809048 -0.6623591 -0.9603286 0.1220885 -0.2507258 -0.9603268 0.1220862 -0.2507337 -0.9769133 0.2135295 -0.006748587 -0.9769133 0.2135295 -0.006748587 -0.9269272 0.2904014 0.2376403 -0.9269272 0.2904014 0.2376403 -0.8137696 0.3474925 0.4658627 -0.8137696 0.3474925 0.4658627 -0.6451305 0.3809022 0.6623596 -0.6451252 0.3809053 0.662363 -0.5453821 0.3878794 0.7430396 -0.4325732 0.3883502 0.8136735 -0.4346067 0.3884043 0.8125633 -0.1905365 0.3693423 0.9095505 -0.1905365 0.3693423 0.9095505 0.06453793 0.3251534 0.9434565 0.06453793 0.3251534 0.9434565 0.3151778 0.2588114 0.9130606 0.3151778 0.2588114 0.9130606 0.5443397 0.1748326 0.8204437 0.5443397 0.1748326 0.8204437 0.7364319 0.07892517 0.671892 0.7364319 0.07892517 0.671892 0.8782992 -0.02233895 0.4775893 0.8763365 -0.01793248 0.4813655 0.9603248 -0.1220788 0.2507448 0.9250384 -0.06550268 0.3741835 0.9603294 -0.1220911 0.2507215 0.9769143 -0.2135246 0.00676261 0.9769143 -0.2135246 0.00676261 0.9269224 -0.2904054 -0.2376544 0.9269224 -0.2904054 -0.2376544 0.8137777 -0.3474899 -0.4658505 0.8137777 -0.3474899 -0.4658505 0.645146 -0.3809055 -0.6623426 0.6451418 -0.3809035 -0.6623478 0.5453818 -0.3878811 -0.743039 0.4325717 -0.3883569 -0.813671 0.4346067 -0.3884043 -0.8125633 0.1904842 -0.3693356 -0.9095642 0.1904842 -0.3693356 -0.9095642 -0.06453405 -0.3251542 -0.9434565 -0.06453405 -0.3251542 -0.9434565 -0.3151778 -0.2588114 -0.9130606 -0.3151778 -0.2588114 -0.9130606 -0.544343 -0.1748312 -0.8204418 -0.544343 -0.1748312 -0.8204418 -0.7363968 -0.07894591 -0.6719281 -0.7363968 -0.07894591 -0.6719281 -0.8782992 0.02233895 -0.4775893 -0.8791953 0.02232868 -0.4759381 -0.9284027 0.07280568 -0.3643731 0.6451452 -0.380904 -0.6623441 0.7356482 -0.3673616 -0.5690934 0.8137422 -0.3475022 -0.4659033 0.8137475 -0.3474996 -0.4658959 0.9269248 -0.2904034 -0.2376473 0.9269248 -0.2904034 -0.2376473 0.9769158 -0.2135161 0.006808226 0.9769129 -0.2135318 0.006741809 0.9769648 -0.1691717 0.1300796 0.9603255 -0.1220932 0.2507353 0.9602971 -0.1220287 0.2508753 0.8783378 -0.02237366 0.4775165 0.8783378 -0.02237366 0.4775165 0.7364098 0.07893822 0.6719147 0.7364098 0.07893822 0.6719147 0.5442962 0.1748511 0.8204686 0.5442962 0.1748511 0.8204686 0.3151778 0.2588114 0.9130606 0.3151778 0.2588114 0.9130606 0.06459019 0.3251419 0.9434568 0.06459019 0.3251419 0.9434568 -0.1905036 0.3693381 0.9095591 -0.1905036 0.3693381 0.9095591 -0.432649 0.3883555 0.8136307 -0.432649 0.3883555 0.8136307 -0.6451459 0.380903 0.662344 -0.6451459 0.380903 0.662344 -0.813742 0.3475014 0.4659042 -0.813742 0.3475014 0.4659042 -0.9269248 0.2904034 0.2376473 -0.9269248 0.2904034 0.2376473 -0.9769175 0.2135082 -0.006810344 -0.9769175 0.2135082 -0.006810344 -0.9603279 0.1220882 -0.2507286 -0.9603279 0.1220882 -0.2507286 -0.8782992 0.02233895 -0.4775893 -0.8782992 0.02233895 -0.4775893 -0.7363521 -0.07897227 -0.6719739 -0.7363521 -0.07897227 -0.6719739 -0.5443871 -0.1748123 -0.8204166 -0.5443871 -0.1748123 -0.8204166 -0.3151778 -0.2588114 -0.9130606 -0.3151778 -0.2588114 -0.9130606 -0.06448107 -0.3251658 -0.9434561 -0.06448107 -0.3251658 -0.9434561 0.1904178 -0.3693272 -0.9095815 0.1904178 -0.3693272 -0.9095815 0.4325705 -0.3883535 -0.8136734 0.4325705 -0.3883535 -0.8136734 0.6451294 -0.3809048 -0.6623591 -0.9603286 0.1220885 -0.2507258 -0.9603268 0.1220862 -0.2507337 -0.9769133 0.2135295 -0.006748587 -0.9769133 0.2135295 -0.006748587 -0.9269272 0.2904014 0.2376403 -0.9269272 0.2904014 0.2376403 -0.8137696 0.3474925 0.4658627 -0.8137696 0.3474925 0.4658627 -0.6451305 0.3809022 0.6623596 -0.6451252 0.3809053 0.662363 -0.5453821 0.3878794 0.7430396 -0.4325732 0.3883502 0.8136735 -0.4346067 0.3884043 0.8125633 -0.1905365 0.3693423 0.9095505 -0.1905365 0.3693423 0.9095505 0.06453793 0.3251534 0.9434565 0.06453793 0.3251534 0.9434565 0.3151778 0.2588114 0.9130606 0.3151778 0.2588114 0.9130606 0.5443397 0.1748326 0.8204437 0.5443397 0.1748326 0.8204437 0.7364319 0.07892517 0.671892 0.7364319 0.07892517 0.671892 0.8782992 -0.02233895 0.4775893 0.8763365 -0.01793248 0.4813655 0.9603248 -0.1220788 0.2507448 0.9250384 -0.06550268 0.3741835 0.9603294 -0.1220911 0.2507215 0.9769143 -0.2135246 0.00676261 0.9769143 -0.2135246 0.00676261 0.9269224 -0.2904054 -0.2376544 0.9269224 -0.2904054 -0.2376544 0.8137777 -0.3474899 -0.4658505 0.8137777 -0.3474899 -0.4658505 0.645146 -0.3809055 -0.6623426 0.6451418 -0.3809035 -0.6623478 0.5453818 -0.3878811 -0.743039 0.4325717 -0.3883569 -0.813671 0.4346067 -0.3884043 -0.8125633 0.1904842 -0.3693356 -0.9095642 0.1904842 -0.3693356 -0.9095642 -0.06453405 -0.3251542 -0.9434565 -0.06453405 -0.3251542 -0.9434565 -0.3151778 -0.2588114 -0.9130606 -0.3151778 -0.2588114 -0.9130606 -0.544343 -0.1748312 -0.8204418 -0.544343 -0.1748312 -0.8204418 -0.7363968 -0.07894591 -0.6719281 -0.7363968 -0.07894591 -0.6719281 -0.8782992 0.02233895 -0.4775893 -0.8791953 0.02232868 -0.4759381 -0.9284027 0.07280568 -0.3643731 0.3151778 0.2588114 0.9130606 0.3151778 0.2588114 0.9130606 0.06461874 0.3251357 0.943457 0.06461874 0.3251357 0.943457 -0.1904847 0.3693357 0.909564 -0.1904847 0.3693357 0.909564 -0.4326693 0.388356 0.8136196 -0.4326693 0.388356 0.8136196 -0.6451576 0.3809018 0.6623334 -0.6451576 0.3809018 0.6623334 -0.8137432 0.347501 0.4659024 -0.8137432 0.347501 0.4659024 -0.9269248 0.2904034 0.2376473 -0.9269248 0.2904034 0.2376473 -0.9769174 0.2135089 -0.006808236 -0.9769174 0.2135089 -0.006808236 -0.9603309 0.1220941 -0.2507142 -0.9603309 0.1220941 -0.2507142 -0.8782992 0.02233895 -0.4775893 -0.8782992 0.02233895 -0.4775893 -0.7364091 -0.07893865 -0.6719154 -0.7364091 -0.07893865 -0.6719154 -0.5443791 -0.1748158 -0.8204212 -0.5443791 -0.1748158 -0.8204212 -0.3151778 -0.2588114 -0.9130606 -0.3151778 -0.2588114 -0.9130606 -0.06449069 -0.3251637 -0.9434562 -0.06449069 -0.3251637 -0.9434562 0.1905025 -0.3693379 -0.9095594 0.1905025 -0.3693379 -0.9095594 0.4325705 -0.3883535 -0.8136734 0.4325705 -0.3883535 -0.8136734 0.6451576 -0.3809018 -0.6623334 0.6451576 -0.3809018 -0.6623334 0.8137432 -0.347501 -0.4659024 0.8137432 -0.347501 -0.4659024 0.9269248 -0.2904034 -0.2376473 0.9269248 -0.2904034 -0.2376473 0.9769174 -0.2135089 0.006808236 0.9769174 -0.2135089 0.006808236 0.9603309 -0.1220941 0.2507142 0.9603309 -0.1220941 0.2507142 0.8783479 -0.02238266 0.4774977 0.8783479 -0.02238266 0.4774977 0.7363971 0.0789457 0.6719277 0.7363971 0.0789457 0.6719277 0.5442724 0.1748613 0.8204822 0.5442724 0.1748613 0.8204822 -0.1716901 -0.3008889 -0.9380769 -0.2018163 -0.2917501 -0.934961 -0.3143219 -0.2590794 -0.9132796 -0.3143219 -0.2590794 -0.9132796 -0.4892847 -0.1974489 -0.8494789 -0.4892847 -0.1974489 -0.8494789 -0.6454172 -0.1282215 -0.7529913 -0.6454172 -0.1282215 -0.7529913 -0.7766952 -0.05407242 -0.6275513 -0.7766952 -0.05407242 -0.6275513 -0.8781129 0.02217176 -0.4779395 -0.8781129 0.02217176 -0.4779395 -0.9457322 0.09755318 -0.309958 -0.9457322 0.09755318 -0.309958 -0.9769657 0.1691752 -0.1300683 -0.9769657 0.1691752 -0.1300683 -0.9706158 0.2342993 0.05485304 -0.9706158 0.2342993 0.05485304 -0.9412832 0.2773443 0.1925254 -0.9412832 0.2773443 0.1925254 -0.9269248 0.2904034 0.2376473 -0.9269248 0.2904034 0.2376473 0.3151761 0.2588119 0.913061 0.3151761 0.2588119 0.913061 0.06461874 0.3251357 0.943457 0.06461874 0.3251357 0.943457 -0.190493 0.3693367 0.9095619 -0.190493 0.3693367 0.9095619 -0.4326373 0.3883552 0.813637 -0.4326373 0.3883552 0.813637 -0.6451534 0.3809022 0.6623372 -0.6451534 0.3809022 0.6623372 -0.8137646 0.3474941 0.4658701 -0.8137646 0.3474941 0.4658701 -0.9269248 0.2904034 0.2376473 -0.9269248 0.2904034 0.2376473 -0.9769149 0.2135217 -0.006771139 -0.9769149 0.2135217 -0.006771139 -0.9603298 0.122092 -0.2507194 -0.9603298 0.122092 -0.2507194 -0.8782834 0.02232482 -0.4776189 -0.8782834 0.02232482 -0.4776189 -0.7364147 -0.07893536 -0.6719097 -0.7364147 -0.07893536 -0.6719097 -0.5443791 -0.1748158 -0.8204212 -0.5443791 -0.1748158 -0.8204212 -0.3151795 -0.2588108 -0.9130601 -0.3151795 -0.2588108 -0.9130601 -0.06448719 -0.3251645 -0.9434561 -0.06448719 -0.3251645 -0.9434561 0.1905077 -0.3693386 -0.909558 0.1905077 -0.3693386 -0.909558 0.4325309 -0.3883525 -0.8136949 0.4325309 -0.3883525 -0.8136949 0.645163 -0.3809012 -0.6623284 0.645163 -0.3809012 -0.6623284 0.8137718 -0.3474918 -0.4658593 0.8137718 -0.3474918 -0.4658593 0.9269248 -0.2904034 -0.2376473 0.9269248 -0.2904034 -0.2376473 0.976914 -0.213526 0.006758772 0.976914 -0.213526 0.006758772 0.9603323 -0.1220968 0.2507075 0.9603323 -0.1220968 0.2507075 0.8783284 -0.02236517 0.4775343 0.8783284 -0.02236517 0.4775343 0.7364006 0.07894363 0.6719241 0.7364006 0.07894363 0.6719241 0.5442753 0.1748601 0.8204805 0.5442753 0.1748601 0.8204805 0.3151761 0.2588119 0.913061 0.3151761 0.2588119 0.913061 0.06461874 0.3251357 0.943457 0.06461874 0.3251357 0.943457 -0.190493 0.3693367 0.9095619 -0.190493 0.3693367 0.9095619 -0.4326373 0.3883552 0.813637 -0.4326373 0.3883552 0.813637 -0.6451534 0.3809022 0.6623372 -0.6451534 0.3809022 0.6623372 -0.8137646 0.3474941 0.4658701 -0.8137646 0.3474941 0.4658701 -0.9269248 0.2904034 0.2376473 -0.9269248 0.2904034 0.2376473 -0.9769149 0.2135217 -0.006771139 -0.9769149 0.2135217 -0.006771139 -0.9603298 0.122092 -0.2507194 -0.9603298 0.122092 -0.2507194 -0.8782834 0.02232482 -0.4776189 -0.8782834 0.02232482 -0.4776189 -0.7364147 -0.07893536 -0.6719097 -0.7364147 -0.07893536 -0.6719097 -0.5443791 -0.1748158 -0.8204212 -0.5443791 -0.1748158 -0.8204212 -0.3151795 -0.2588108 -0.9130601 -0.3151795 -0.2588108 -0.9130601 -0.06448719 -0.3251645 -0.9434561 -0.06448719 -0.3251645 -0.9434561 0.1905077 -0.3693386 -0.909558 0.1905077 -0.3693386 -0.909558 0.4325309 -0.3883525 -0.8136949 0.4325309 -0.3883525 -0.8136949 0.645163 -0.3809012 -0.6623284 0.645163 -0.3809012 -0.6623284 0.8137718 -0.3474918 -0.4658593 0.8137718 -0.3474918 -0.4658593 0.9269248 -0.2904034 -0.2376473 0.9269248 -0.2904034 -0.2376473 0.976914 -0.213526 0.006758772 0.976914 -0.213526 0.006758772 0.9603323 -0.1220968 0.2507075 0.9603323 -0.1220968 0.2507075 0.8783284 -0.02236517 0.4775343 0.8783284 -0.02236517 0.4775343 0.7364006 0.07894363 0.6719241 0.7364006 0.07894363 0.6719241 0.5442753 0.1748601 0.8204805 0.5442753 0.1748601 0.8204805 -0.9269248 0.2904034 0.2376473 -0.9269248 0.2904034 0.2376473 0.3151778 0.2588114 0.9130606 0.3151778 0.2588114 0.9130606 0.06461874 0.3251357 0.943457 0.06461874 0.3251357 0.943457 -0.1904847 0.3693357 0.909564 -0.1904847 0.3693357 0.909564 -0.4325705 0.3883535 0.8136734 -0.4325705 0.3883535 0.8136734 -0.6451712 0.3809003 0.662321 -0.6451712 0.3809003 0.662321 -0.8138146 0.3474781 0.4657948 -0.8138146 0.3474781 0.4657948 -0.9269248 0.2904034 0.2376473 -0.9269248 0.2904034 0.2376473 -0.9769089 0.2135515 -0.006684569 -0.9769089 0.2135515 -0.006684569 -0.9603344 0.1221009 -0.2506973 -0.9603344 0.1221009 -0.2506973 -0.8782505 0.02229524 -0.4776809 -0.8782505 0.02229524 -0.4776809 -0.7364091 -0.07893865 -0.6719154 -0.7364091 -0.07893865 -0.6719154 -0.5443791 -0.1748158 -0.8204212 -0.5443791 -0.1748158 -0.8204212 -0.3151778 -0.2588114 -0.9130606 -0.3151778 -0.2588114 -0.9130606 -0.06449069 -0.3251637 -0.9434562 -0.06449069 -0.3251637 -0.9434562 0.1905025 -0.3693379 -0.9095594 0.1905025 -0.3693379 -0.9095594 0.4325705 -0.3883535 -0.8136734 0.4325705 -0.3883535 -0.8136734 0.6451576 -0.3809018 -0.6623334 0.6451576 -0.3809018 -0.6623334 0.8137432 -0.347501 -0.4659024 0.8137432 -0.347501 -0.4659024 0.9269248 -0.2904034 -0.2376473 0.9269248 -0.2904034 -0.2376473 0.9769174 -0.2135089 0.006808236 0.9769174 -0.2135089 0.006808236 0.9603309 -0.1220941 0.2507142 0.9603309 -0.1220941 0.2507142 0.8783479 -0.02238266 0.4774977 0.8783479 -0.02238266 0.4774977 0.7363971 0.0789457 0.6719277 0.7363971 0.0789457 0.6719277 0.5442724 0.1748613 0.8204822 0.5442724 0.1748613 0.8204822 0.6087209 0.1430907 0.7803742 0.4667453 0.2048514 0.8603399 0.6059848 0.1472754 0.781724 0.7272036 0.08432212 0.6812229 0.7272036 0.08432212 0.6812229 0.8275235 0.0189338 0.5611117 0.8275235 0.0189338 0.5611117 0.9040418 -0.04700254 0.424852 0.9040418 -0.04700254 0.424852 0.9545559 -0.1115944 0.2763508 0.9545559 -0.1115944 0.2763508 0.9776 -0.1729666 0.1199196 0.9776 -0.1729666 0.1199196 0.9725224 -0.2293571 -0.03994415 0.9725224 -0.2293571 -0.03994415 0.9394589 -0.2791646 -0.1987061 0.9394589 -0.2791646 -0.1987061 0.8793882 -0.3209228 -0.3516888 0.8793882 -0.3209228 -0.3516888 0.7940149 -0.3534567 -0.4945794 0.7940149 -0.3534567 -0.4945794 0.6857803 -0.3758267 -0.6232653 0.6857803 -0.3758267 -0.6232653 0.557823 -0.3873817 -0.7340088 0.557823 -0.3873817 -0.7340088 0.4138362 -0.3877921 -0.8236242 0.4138362 -0.3877921 -0.8236242 0.2579068 -0.3770443 -0.8895626 0.2579068 -0.3770443 -0.8895626 0.09460626 -0.3554545 -0.9298934 0.09460626 -0.3554545 -0.9298934 -0.06870665 -0.3294438 -0.941672 -0.04396143 -0.3295756 -0.9431051 -0.2399538 -0.285756 -0.9277746 -0.2490527 -0.2786387 -0.9275415 -0.3926333 -0.2332573 -0.8896236 -0.3926333 -0.2332573 -0.8896236 -0.5385835 -0.1772804 -0.8237108 -0.5385835 -0.1772804 -0.8237108 -0.6690033 -0.1162173 -0.7341173 -0.6690033 -0.1162173 -0.7341173 -0.7801699 -0.05181725 -0.6234179 -0.7801699 -0.05181725 -0.6234179 -0.8689226 0.01409337 -0.4947473 -0.8689226 0.01409337 -0.4947473 -0.9326576 0.07958253 -0.3518756 -0.9326576 0.07958253 -0.3518756 -0.9695692 0.1427906 -0.1988626 -0.9695692 0.1427906 -0.1988626 -0.9785853 0.2018949 -0.04011564 -0.9785853 0.2018949 -0.04011564 -0.9594484 0.2551805 0.1197568 -0.9594484 0.2551805 0.1197568 -0.9127224 0.3011195 0.2761608 -0.9127224 0.3011195 0.2761608 -0.8397154 0.3384129 0.424682 -0.8397154 0.3384129 0.424682 -0.7425745 0.3659602 0.5609423 -0.7425745 0.3659602 0.5609423 -0.6240617 0.3829829 0.6810808 -0.6240617 0.3829829 0.6810808 -0.4875755 0.388988 0.7816383 -0.4875755 0.388988 0.7816383 -0.3370777 0.3838007 0.8596951 -0.3370777 0.3838007 0.8596951 -0.1768907 0.3675728 0.9130169 -0.1768907 0.3675728 0.9130169 -0.01164085 0.3407761 0.9400724 -0.01164085 0.3407761 0.9400724 0.1539871 0.3041686 0.9400901 0.1539871 0.3041686 0.9400901 0.3151778 0.2588114 0.9130606 0.3151778 0.2588114 0.9130606 0.4365028 0.2175781 0.8729978 0.3151778 0.2588114 0.9130606 0.5135536 0.1876943 0.8372775 0.5135536 0.1876943 0.8372775 0.6861298 0.1071867 0.7195393 0.6861298 0.1071867 0.7195393 0.8243439 0.02128349 0.5656892 0.8243439 0.02128349 0.5656892 0.9212041 -0.06567447 0.3834969 0.9212041 -0.06567447 0.3834969 0.9718794 -0.1493457 0.1820615 0.9718794 -0.1493457 0.1820615 0.9738174 -0.2255351 -0.02852485 0.9738174 -0.2255351 -0.02852485 0.9269266 -0.290402 -0.2376423 0.9269266 -0.290402 -0.2376423 0.83356 -0.3407101 -0.4348498 0.83356 -0.3407101 -0.4348498 0.6983527 -0.3739427 -0.6103034 0.6983527 -0.3739427 -0.6103034 0.5281835 -0.3884129 -0.7550878 0.5281835 -0.3884129 -0.7550878 0.3315441 -0.3834127 -0.8620169 0.3315441 -0.3834127 -0.8620169 0.1181939 -0.3591795 -0.9257539 0.1181939 -0.3591795 -0.9257539 -0.1010427 -0.316937 -0.943049 -0.1010427 -0.316937 -0.943049 -0.3151778 -0.2588114 -0.9130606 -0.3151778 -0.2588114 -0.9130606 -0.5135125 -0.1877111 -0.8372989 -0.5135125 -0.1877111 -0.8372989 -0.6861298 -0.1071867 -0.7195393 -0.6861298 -0.1071867 -0.7195393 -0.8243624 -0.02126986 -0.5656627 -0.8243624 -0.02126986 -0.5656627 -0.921207 0.0656778 -0.3834894 -0.921207 0.0656778 -0.3834894 -0.9718762 0.1493362 -0.1820859 -0.9718762 0.1493362 -0.1820859 -0.9738168 0.2255369 0.02853009 -0.9738168 0.2255369 0.02853009 -0.9269231 0.2904049 0.2376524 -0.9269231 0.2904049 0.2376524 -0.8335572 0.3407112 0.4348544 -0.8335572 0.3407112 0.4348544 -0.6983708 0.3739399 0.6102844 -0.6983708 0.3739399 0.6102844 -0.5281764 0.3884131 0.7550927 -0.5281764 0.3884131 0.7550927 -0.3315118 0.3834104 0.8620304 -0.3315118 0.3834104 0.8620304 -0.1181939 0.3591795 0.9257539 -0.1181939 0.3591795 0.9257539 0.1009947 0.3169481 0.9430504 0.1009947 0.3169481 0.9430504 0.3151778 0.2588114 0.9130606 -0.3151778 -0.2588114 -0.9130606 -0.3151778 -0.2588114 -0.9130606 -0.3151778 -0.2588114 -0.9130606 -0.3151778 -0.2588114 -0.9130606 -0.3151778 -0.2588114 -0.9130606 -0.3151778 -0.2588114 -0.9130606 -0.3151778 -0.2588114 -0.9130606 -0.3151778 -0.2588114 -0.9130606 -0.3151778 -0.2588114 -0.9130606 -0.3151778 -0.2588114 -0.9130606 0.3151778 0.2588114 0.9130606 0.3151778 0.2588114 0.9130606 0.3151778 0.2588114 0.9130606 0.3151778 0.2588114 0.9130606 0.3151778 0.2588114 0.9130606 0.3151778 0.2588114 0.9130606 0.3151778 0.2588114 0.9130606 0.3151778 0.2588114 0.9130606 0.3151778 0.2588114 0.9130606 0.3151778 0.2588114 0.9130606 -0.9269248 0.2904034 0.2376473 -0.9269248 0.2904034 0.2376473 -0.9269248 0.2904034 0.2376473 0.9269248 -0.2904034 -0.2376473 0.9269248 -0.2904034 -0.2376473 0.9269248 -0.2904034 -0.2376473 0.9269248 -0.2904034 -0.2376473 0.9269248 -0.2904034 -0.2376473 0.9269248 -0.2904034 -0.2376473 -0.2036501 -0.9212397 0.3314274 -0.2036501 -0.9212397 0.3314274 -0.2036501 -0.9212397 0.3314274 -0.2036501 -0.9212397 0.3314274 -0.2036501 -0.9212397 0.3314274 -0.2036501 -0.9212397 0.3314274 -0.2036501 -0.9212397 0.3314274 -0.2036501 -0.9212397 0.3314274 -0.2036501 -0.9212397 0.3314274 -0.2036501 -0.9212397 0.3314274 -0.2036501 -0.9212397 0.3314274 -0.2036501 -0.9212397 0.3314274 -0.2036501 -0.9212397 0.3314274 -0.2036501 -0.9212397 0.3314274 -0.2036501 -0.9212397 0.3314274 -0.2036501 -0.9212397 0.3314274 -0.2036501 -0.9212397 0.3314274 -0.2036501 -0.9212397 0.3314274 -0.2036501 -0.9212397 0.3314274 -0.2036501 -0.9212397 0.3314274 -0.2036501 -0.9212397 0.3314274 -0.2036501 -0.9212397 0.3314274 -0.2036501 -0.9212397 0.3314274 -0.2036501 -0.9212397 0.3314274 -0.2036501 -0.9212397 0.3314274 -0.2036501 -0.9212397 0.3314274 -0.2036501 -0.9212397 0.3314274 -0.2036501 -0.9212397 0.3314274 -0.2036501 -0.9212397 0.3314274 -0.2036501 -0.9212397 0.3314274 -0.2036501 -0.9212397 0.3314274 -0.2036501 -0.9212397 0.3314274 -0.2036501 -0.9212397 0.3314274 -0.2036501 -0.9212397 0.3314274 -0.2036501 -0.9212397 0.3314274 -0.2036501 -0.9212397 0.3314274 -0.2036501 -0.9212397 0.3314274 -0.2036501 -0.9212397 0.3314274 -0.2036501 -0.9212397 0.3314274 -0.2036501 -0.9212397 0.3314274 0.2036501 0.9212397 -0.3314274 0.2036501 0.9212397 -0.3314274 0.2036501 0.9212397 -0.3314274 0.2036501 0.9212397 -0.3314274 0.2036501 0.9212397 -0.3314274 0.2036501 0.9212397 -0.3314274 0.2036501 0.9212397 -0.3314274 0.2036501 0.9212397 -0.3314274 0.2036501 0.9212397 -0.3314274 0.2036501 0.9212397 -0.3314274 0.2036501 0.9212397 -0.3314274 0.2036501 0.9212397 -0.3314274 0.2036501 0.9212397 -0.3314274 0.2036501 0.9212397 -0.3314274 0.2036501 0.9212397 -0.3314274 0.2036501 0.9212397 -0.3314274 0.2036501 0.9212397 -0.3314274 0.2036501 0.9212397 -0.3314274 0.2036501 0.9212397 -0.3314274 0.2036501 0.9212397 -0.3314274 0.2036501 0.9212397 -0.3314274 0.2036501 0.9212397 -0.3314274 0.2036501 0.9212397 -0.3314274 0.2036501 0.9212397 -0.3314274 0.2036501 0.9212397 -0.3314274 0.2036501 0.9212397 -0.3314274 0.2036501 0.9212397 -0.3314274 0.2036501 0.9212397 -0.3314274 0.2036501 0.9212397 -0.3314274 0.2036501 0.9212397 -0.3314274 0.2036501 0.9212397 -0.3314274 0.2036501 0.9212397 -0.3314274 0.2036501 0.9212397 -0.3314274 0.2036501 0.9212397 -0.3314274 0.2036501 0.9212397 -0.3314274 0.2036501 0.9212397 -0.3314274 0.2036501 0.9212397 -0.3314274 0.2036501 0.9212397 -0.3314274 0.2036501 0.9212397 -0.3314274 0.2036501 0.9212397 -0.3314274 0.2036501 0.9212397 -0.3314274 0.2036501 0.9212397 -0.3314274 0.2036501 0.9212397 -0.3314274 0.2036501 0.9212397 -0.3314274 0.2036501 0.9212397 -0.3314274 0.2036501 0.9212397 -0.3314274 0.2036501 0.9212397 -0.3314274 0.2036501 0.9212397 -0.3314274 0.2036501 0.9212397 -0.3314274 0.2036501 0.9212397 -0.3314274 0.2036501 0.9212397 -0.3314274 0.2036501 0.9212397 -0.3314274 0.2036501 0.9212397 -0.3314274 0.2036501 0.9212397 -0.3314274 0.2036501 0.9212397 -0.3314274 0.2036501 0.9212397 -0.3314274 0.2036501 0.9212397 -0.3314274 0.2036501 0.9212397 -0.3314274 0.2036501 0.9212397 -0.3314274 0.2036501 0.9212397 -0.3314274 0.2036501 0.9212397 -0.3314274 0.2036501 0.9212397 -0.3314274 0.2036501 0.9212397 -0.3314274 0.2036501 0.9212397 -0.3314274 0.2036501 0.9212397 -0.3314274 0.2036501 0.9212397 -0.3314274 0.2036501 0.9212397 -0.3314274 0.2036501 0.9212397 -0.3314274 0.2036501 0.9212397 -0.3314274 0.2036501 0.9212397 -0.3314274 0.2036501 0.9212397 -0.3314274 0.2036501 0.9212397 -0.3314274 0.2036501 0.9212397 -0.3314274 0.2036501 0.9212397 -0.3314274 0.2036501 0.9212397 -0.3314274 0.2036501 0.9212397 -0.3314274 0.2036501 0.9212397 -0.3314274 0.2036501 0.9212397 -0.3314274 0.2036501 0.9212397 -0.3314274 0.2036501 0.9212397 -0.3314274 0.2036501 0.9212397 -0.3314274 0.2036501 0.9212397 -0.3314274 0.2036501 0.9212397 -0.3314274 0.2036501 0.9212397 -0.3314274 0.2036501 0.9212397 -0.3314274 0.2036501 0.9212397 -0.3314274 0.2036501 0.9212397 -0.3314274 0.2036501 0.9212397 -0.3314274 0.2036501 0.9212397 -0.3314274 0.2036501 0.9212397 -0.3314274 0.2036501 0.9212397 -0.3314274 0.2036501 0.9212397 -0.3314274 0.2036501 0.9212397 -0.3314274 0.2036501 0.9212397 -0.3314274 0.2036501 0.9212397 -0.3314274 0.2036501 0.9212397 -0.3314274 0.2036501 0.9212397 -0.3314274 0.2036501 0.9212397 -0.3314274 0.2036501 0.9212397 -0.3314274 0.2036501 0.9212397 -0.3314274 0.2036501 0.9212397 -0.3314274 0.2036501 0.9212397 -0.3314274 0.2036501 0.9212397 -0.3314274 0.2036501 0.9212397 -0.3314274 0.2036501 0.9212397 -0.3314274 0.2036501 0.9212397 -0.3314274 0.2036501 0.9212397 -0.3314274 0.2036501 0.9212397 -0.3314274 0.2036501 0.9212397 -0.3314274 0.2036501 0.9212397 -0.3314274 0.2036501 0.9212397 -0.3314274 0.2036501 0.9212397 -0.3314274 0.2036501 0.9212397 -0.3314274 0.2036501 0.9212397 -0.3314274 0.2036501 0.9212397 -0.3314274 0.2036501 0.9212397 -0.3314274 0.2036501 0.9212397 -0.3314274 0.2036501 0.9212397 -0.3314274 0.2036501 0.9212397 -0.3314274 0.2036501 0.9212397 -0.3314274 0.2036501 0.9212397 -0.3314274 0.2036501 0.9212397 -0.3314274 0.2036501 0.9212397 -0.3314274 0.2036501 0.9212397 -0.3314274 0.2036501 0.9212397 -0.3314274 0.2036501 0.9212397 -0.3314274 0.2036501 0.9212397 -0.3314274 0.2036501 0.9212397 -0.3314274 0.2036501 0.9212397 -0.3314274 0.2036501 0.9212397 -0.3314274 0.2036501 0.9212397 -0.3314274 0.2036501 0.9212397 -0.3314274 0.2036501 0.9212397 -0.3314274 0.2036501 0.9212397 -0.3314274 0.2036501 0.9212397 -0.3314274 0.2036501 0.9212397 -0.3314274 0.2036501 0.9212397 -0.3314274 0.2036501 0.9212397 -0.3314274 0.2036501 0.9212397 -0.3314274 0.2036501 0.9212397 -0.3314274 0.2036501 0.9212397 -0.3314274 0.2036501 0.9212397 -0.3314274 0.2036501 0.9212397 -0.3314274 0.2036501 0.9212397 -0.3314274 0.2036501 0.9212397 -0.3314274 0.2036501 0.9212397 -0.3314274 0.2036501 0.9212397 -0.3314274 0.2036501 0.9212397 -0.3314274 0.2036501 0.9212397 -0.3314274 0.2036501 0.9212397 -0.3314274 0.2036501 0.9212397 -0.3314274 0.2036501 0.9212397 -0.3314274 0.2036501 0.9212397 -0.3314274 0.2036501 0.9212397 -0.3314274 0.2036501 0.9212397 -0.3314274 0.2036501 0.9212397 -0.3314274 0.2036501 0.9212397 -0.3314274 0.2036501 0.9212397 -0.3314274 0.2036501 0.9212397 -0.3314274 0.2036501 0.9212397 -0.3314274 0.2036501 0.9212397 -0.3314274 0.2036501 0.9212397 -0.3314274 0.2036501 0.9212397 -0.3314274 0.2036501 0.9212397 -0.3314274 0.2036501 0.9212397 -0.3314274 0.2036501 0.9212397 -0.3314274 0.2036501 0.9212397 -0.3314274 0.2036501 0.9212397 -0.3314274 0.2036501 0.9212397 -0.3314274 0.2036501 0.9212397 -0.3314274 0.2036501 0.9212397 -0.3314274 0.2036501 0.9212397 -0.3314274 0.2036501 0.9212397 -0.3314274 0.2036501 0.9212397 -0.3314274 0.2036501 0.9212397 -0.3314274 0.2036501 0.9212397 -0.3314274 0.2036501 0.9212397 -0.3314274 0.2036501 0.9212397 -0.3314274 0.2036501 0.9212397 -0.3314274 0.2036501 0.9212397 -0.3314274 0.2036501 0.9212397 -0.3314274 0.2036501 0.9212397 -0.3314274 0.2036501 0.9212397 -0.3314274 0.2036501 0.9212397 -0.3314274 0.2036501 0.9212397 -0.3314274 0.2036501 0.9212397 -0.3314274 0.2036501 0.9212397 -0.3314274 0.2036501 0.9212397 -0.3314274 0.2036501 0.9212397 -0.3314274 0.2036501 0.9212397 -0.3314274 0.2036501 0.9212397 -0.3314274 0.2036501 0.9212397 -0.3314274 0.2036501 0.9212397 -0.3314274 0.2036501 0.9212397 -0.3314274 0.2036501 0.9212397 -0.3314274 0.2036501 0.9212397 -0.3314274 0.2036501 0.9212397 -0.3314274 0.2036501 0.9212397 -0.3314274 0.2036501 0.9212397 -0.3314274 0.2036501 0.9212397 -0.3314274 0.2036501 0.9212397 -0.3314274 0.2036501 0.9212397 -0.3314274 0.2036501 0.9212397 -0.3314274 0.2036501 0.9212397 -0.3314274 0.2036501 0.9212397 -0.3314274 0.2036501 0.9212397 -0.3314274 0.2036501 0.9212397 -0.3314274 0.2036501 0.9212397 -0.3314274 0.2036501 0.9212397 -0.3314274 0.2036501 0.9212397 -0.3314274 0.2036501 0.9212397 -0.3314274 0.2036501 0.9212397 -0.3314274 0.2036501 0.9212397 -0.3314274 0.2036501 0.9212397 -0.3314274 0.2036501 0.9212397 -0.3314274 0.2036501 0.9212397 -0.3314274 0.2036501 0.9212397 -0.3314274 0.2036501 0.9212397 -0.3314274 0.2036501 0.9212397 -0.3314274 0.2036501 0.9212397 -0.3314274 0.2036501 0.9212397 -0.3314274 0.2036501 0.9212397 -0.3314274 0.2036501 0.9212397 -0.3314274 0.2036501 0.9212397 -0.3314274 0.2036501 0.9212397 -0.3314274 0.2036501 0.9212397 -0.3314274 0.2036501 0.9212397 -0.3314274 0.2036501 0.9212397 -0.3314274 0.2036501 0.9212397 -0.3314274 0.2036501 0.9212397 -0.3314274 0.2036501 0.9212397 -0.3314274 0.2036501 0.9212397 -0.3314274 0.2036501 0.9212397 -0.3314274 0.2036501 0.9212397 -0.3314274 0.2036501 0.9212397 -0.3314274 0.2036501 0.9212397 -0.3314274 0.2036501 0.9212397 -0.3314274 0.2036501 0.9212397 -0.3314274 0.2036501 0.9212397 -0.3314274 0.2036501 0.9212397 -0.3314274 0.2036501 0.9212397 -0.3314274 0.2036501 0.9212397 -0.3314274 0.2036501 0.9212397 -0.3314274 0.2036501 0.9212397 -0.3314274 0.2036501 0.9212397 -0.3314274 0.2036501 0.9212397 -0.3314274 0.2036501 0.9212397 -0.3314274 0.2036501 0.9212397 -0.3314274 0.2036501 0.9212397 -0.3314274 0.2036501 0.9212397 -0.3314274 0.2036501 0.9212397 -0.3314274 0.2036501 0.9212397 -0.3314274 0.2036501 0.9212397 -0.3314274 0.2036501 0.9212397 -0.3314274 0.2036501 0.9212397 -0.3314274 0.2036501 0.9212397 -0.3314274 0.2036501 0.9212397 -0.3314274 0.2036501 0.9212397 -0.3314274 0.2036501 0.9212397 -0.3314274 0.2036501 0.9212397 -0.3314274 -0.2036501 -0.9212397 0.3314274 -0.2036501 -0.9212397 0.3314274 -0.2036501 -0.9212397 0.3314274 -0.2036501 -0.9212397 0.3314274 -0.2036501 -0.9212397 0.3314274 -0.2036501 -0.9212397 0.3314274 -0.2036501 -0.9212397 0.3314274 -0.2036501 -0.9212397 0.3314274 -0.2036501 -0.9212397 0.3314274 -0.2036501 -0.9212397 0.3314274 -0.2036501 -0.9212397 0.3314274 -0.2036501 -0.9212397 0.3314274 -0.2036501 -0.9212397 0.3314274 -0.2036501 -0.9212397 0.3314274 -0.2036501 -0.9212397 0.3314274 -0.2036501 -0.9212397 0.3314274 -0.2036501 -0.9212397 0.3314274 -0.2036501 -0.9212397 0.3314274 -0.2036501 -0.9212397 0.3314274 -0.2036501 -0.9212397 0.3314274 -0.2036501 -0.9212397 0.3314274 -0.2036501 -0.9212397 0.3314274 -0.2036501 -0.9212397 0.3314274 -0.2036501 -0.9212397 0.3314274 -0.2036501 -0.9212397 0.3314274 -0.2036501 -0.9212397 0.3314274 -0.2036501 -0.9212397 0.3314274 -0.2036501 -0.9212397 0.3314274 -0.2036501 -0.9212397 0.3314274 -0.2036501 -0.9212397 0.3314274 -0.2036501 -0.9212397 0.3314274 -0.2036501 -0.9212397 0.3314274 -0.2036501 -0.9212397 0.3314274 -0.2036501 -0.9212397 0.3314274 -0.2036501 -0.9212397 0.3314274 -0.2036501 -0.9212397 0.3314274 -0.2036501 -0.9212397 0.3314274 -0.2036501 -0.9212397 0.3314274 -0.2036501 -0.9212397 0.3314274 -0.2036501 -0.9212397 0.3314274 -0.2036501 -0.9212397 0.3314274 -0.2036501 -0.9212397 0.3314274 -0.2036501 -0.9212397 0.3314274 -0.2036501 -0.9212397 0.3314274 -0.2036501 -0.9212397 0.3314274 -0.2036501 -0.9212397 0.3314274 -0.2036501 -0.9212397 0.3314274 -0.2036501 -0.9212397 0.3314274 -0.2036501 -0.9212397 0.3314274 -0.2036501 -0.9212397 0.3314274 -0.2036501 -0.9212397 0.3314274 -0.2036501 -0.9212397 0.3314274 -0.2036501 -0.9212397 0.3314274 -0.2036501 -0.9212397 0.3314274 -0.2036501 -0.9212397 0.3314274 -0.2036501 -0.9212397 0.3314274 -0.2036501 -0.9212397 0.3314274 -0.2538465 -0.27726 -0.9266547 -0.2538465 -0.27726 -0.9266547 -0.2036501 -0.9212397 0.3314274 -0.2036501 -0.9212397 0.3314274 -0.2036501 -0.9212397 0.3314274 -0.2036501 -0.9212397 0.3314274 -0.2036501 -0.9212397 0.3314274 -0.2036501 -0.9212397 0.3314274 -0.2036501 -0.9212397 0.3314274 -0.2036501 -0.9212397 0.3314274 -0.2036501 -0.9212397 0.3314274 -0.2036501 -0.9212397 0.3314274 -0.2036501 -0.9212397 0.3314274 -0.2036501 -0.9212397 0.3314274 -0.2036501 -0.9212397 0.3314274 -0.2036501 -0.9212397 0.3314274 -0.2036501 -0.9212397 0.3314274 -0.2036501 -0.9212397 0.3314274 -0.2036501 -0.9212397 0.3314274 -0.2036501 -0.9212397 0.3314274 -0.2036501 -0.9212397 0.3314274 -0.2036501 -0.9212397 0.3314274 -0.2036501 -0.9212397 0.3314274 -0.2036501 -0.9212397 0.3314274 -0.2036501 -0.9212397 0.3314274 -0.2036501 -0.9212397 0.3314274 -0.2036501 -0.9212397 0.3314274 -0.2036501 -0.9212397 0.3314274 -0.2036501 -0.9212397 0.3314274 -0.2036501 -0.9212397 0.3314274 -0.2036501 -0.9212397 0.3314274 -0.2036501 -0.9212397 0.3314274 -0.2036501 -0.9212397 0.3314274 -0.2036501 -0.9212397 0.3314274 -0.2036501 -0.9212397 0.3314274 -0.2036501 -0.9212397 0.3314274 -0.2036501 -0.9212397 0.3314274 -0.2036501 -0.9212397 0.3314274 -0.2036501 -0.9212397 0.3314274 -0.2036501 -0.9212397 0.3314274 -0.2036501 -0.9212397 0.3314274 -0.2036501 -0.9212397 0.3314274 -0.2036501 -0.9212397 0.3314274 -0.2036501 -0.9212397 0.3314274 -0.2036501 -0.9212397 0.3314274 -0.2036501 -0.9212397 0.3314274 -0.2036501 -0.9212397 0.3314274 -0.2036501 -0.9212397 0.3314274 -0.2036501 -0.9212397 0.3314274 -0.2036501 -0.9212397 0.3314274 -0.2036501 -0.9212397 0.3314274 -0.2036501 -0.9212397 0.3314274 -0.2036501 -0.9212397 0.3314274 -0.2036501 -0.9212397 0.3314274 -0.2036501 -0.9212397 0.3314274 -0.2036501 -0.9212397 0.3314274 -0.2036501 -0.9212397 0.3314274 -0.2036501 -0.9212397 0.3314274 -0.2036501 -0.9212397 0.3314274 -0.2036501 -0.9212397 0.3314274 -0.2036501 -0.9212397 0.3314274 -0.2036501 -0.9212397 0.3314274 -0.2036501 -0.9212397 0.3314274 -0.2036501 -0.9212397 0.3314274 -0.2036501 -0.9212397 0.3314274 -0.2036501 -0.9212397 0.3314274 -0.2036501 -0.9212397 0.3314274 -0.2036501 -0.9212397 0.3314274 -0.2036501 -0.9212397 0.3314274 -0.2036501 -0.9212397 0.3314274 -0.2036501 -0.9212397 0.3314274 -0.2036501 -0.9212397 0.3314274 -0.2036501 -0.9212397 0.3314274 -0.2036501 -0.9212397 0.3314274 -0.2036501 -0.9212397 0.3314274 -0.2036501 -0.9212397 0.3314274 -0.2036501 -0.9212397 0.3314274 -0.2036501 -0.9212397 0.3314274 -0.2036501 -0.9212397 0.3314274 -0.2036501 -0.9212397 0.3314274 -0.2036501 -0.9212397 0.3314274 -0.2036501 -0.9212397 0.3314274 -0.2036501 -0.9212397 0.3314274 -0.2036501 -0.9212397 0.3314274 -0.2036501 -0.9212397 0.3314274 -0.2036501 -0.9212397 0.3314274 -0.2036501 -0.9212397 0.3314274 -0.2036501 -0.9212397 0.3314274 -0.2036501 -0.9212397 0.3314274 -0.2036501 -0.9212397 0.3314274 -0.2036501 -0.9212397 0.3314274 -0.2036501 -0.9212397 0.3314274 -0.2036501 -0.9212397 0.3314274 -0.2036501 -0.9212397 0.3314274 -0.2036501 -0.9212397 0.3314274 -0.2036501 -0.9212397 0.3314274 -0.2036501 -0.9212397 0.3314274 -0.2036501 -0.9212397 0.3314274 -0.2036501 -0.9212397 0.3314274 -0.2036501 -0.9212397 0.3314274 -0.2036501 -0.9212397 0.3314274 -0.2036501 -0.9212397 0.3314274 -0.2036501 -0.9212397 0.3314274 -0.2036501 -0.9212397 0.3314274 -0.2036501 -0.9212397 0.3314274 -0.2036501 -0.9212397 0.3314274 -0.2036501 -0.9212397 0.3314274 -0.2036501 -0.9212397 0.3314274 -0.2036501 -0.9212397 0.3314274 -0.2036501 -0.9212397 0.3314274 -0.2036501 -0.9212397 0.3314274 -0.2036501 -0.9212397 0.3314274 -0.2036501 -0.9212397 0.3314274 -0.2036501 -0.9212397 0.3314274 -0.2036501 -0.9212397 0.3314274 -0.2036501 -0.9212397 0.3314274 -0.2036501 -0.9212397 0.3314274 -0.2036501 -0.9212397 0.3314274 -0.2036501 -0.9212397 0.3314274 -0.2036501 -0.9212397 0.3314274 -0.2036501 -0.9212397 0.3314274 -0.2036501 -0.9212397 0.3314274 -0.2036501 -0.9212397 0.3314274 -0.2036501 -0.9212397 0.3314274 -0.2036501 -0.9212397 0.3314274 -0.2036501 -0.9212397 0.3314274 -0.2036501 -0.9212397 0.3314274 -0.2036501 -0.9212397 0.3314274 -0.2036501 -0.9212397 0.3314274 -0.2036501 -0.9212397 0.3314274 -0.2036501 -0.9212397 0.3314274 -0.2036501 -0.9212397 0.3314274 -0.2036501 -0.9212397 0.3314274 -0.2036501 -0.9212397 0.3314274 -0.2036501 -0.9212397 0.3314274 -0.2036501 -0.9212397 0.3314274 -0.2036501 -0.9212397 0.3314274 -0.2036501 -0.9212397 0.3314274 -0.2036501 -0.9212397 0.3314274 -0.2036501 -0.9212397 0.3314274 -0.2036501 -0.9212397 0.3314274 -0.2036501 -0.9212397 0.3314274 -0.2036501 -0.9212397 0.3314274 -0.2036501 -0.9212397 0.3314274 -0.2036501 -0.9212397 0.3314274 -0.2036501 -0.9212397 0.3314274 -0.2036501 -0.9212397 0.3314274 -0.2036501 -0.9212397 0.3314274 -0.2036501 -0.9212397 0.3314274 -0.2036501 -0.9212397 0.3314274 -0.2036501 -0.9212397 0.3314274 -0.2036501 -0.9212397 0.3314274 -0.2036501 -0.9212397 0.3314274 -0.2036501 -0.9212397 0.3314274 -0.2036501 -0.9212397 0.3314274 -0.2036501 -0.9212397 0.3314274 -0.2036501 -0.9212397 0.3314274 -0.2036501 -0.9212397 0.3314274 -0.2036501 -0.9212397 0.3314274 -0.2036501 -0.9212397 0.3314274 -0.2036501 -0.9212397 0.3314274 -0.2036501 -0.9212397 0.3314274 -0.2036501 -0.9212397 0.3314274 -0.2036501 -0.9212397 0.3314274 -0.2036501 -0.9212397 0.3314274 -0.2036501 -0.9212397 0.3314274 -0.2036501 -0.9212397 0.3314274 -0.2036501 -0.9212397 0.3314274 -0.2036501 -0.9212397 0.3314274 -0.2036501 -0.9212397 0.3314274 -0.2036501 -0.9212397 0.3314274 -0.2036501 -0.9212397 0.3314274 -0.2036501 -0.9212397 0.3314274 -0.2036501 -0.9212397 0.3314274 -0.2036501 -0.9212397 0.3314274 -0.2036501 -0.9212397 0.3314274 -0.2036501 -0.9212397 0.3314274 -0.2036501 -0.9212397 0.3314274 -0.2036501 -0.9212397 0.3314274 -0.2036501 -0.9212397 0.3314274 -0.2036501 -0.9212397 0.3314274 -0.2036501 -0.9212397 0.3314274 -0.2036501 -0.9212397 0.3314274 -0.2036501 -0.9212397 0.3314274 -0.2036501 -0.9212397 0.3314274 -0.2036501 -0.9212397 0.3314274 -0.2036501 -0.9212397 0.3314274 -0.2036501 -0.9212397 0.3314274 -0.2036501 -0.9212397 0.3314274 -0.2036501 -0.9212397 0.3314274 -0.2036501 -0.9212397 0.3314274 -0.2036501 -0.9212397 0.3314274 -0.2036501 -0.9212397 0.3314274 -0.2036501 -0.9212397 0.3314274 -0.2036501 -0.9212397 0.3314274 -0.2036501 -0.9212397 0.3314274 -0.2036501 -0.9212397 0.3314274 -0.2036501 -0.9212397 0.3314274 -0.2036501 -0.9212397 0.3314274 -0.2036501 -0.9212397 0.3314274 -0.2036501 -0.9212397 0.3314274 -0.2036501 -0.9212397 0.3314274 -0.2036501 -0.9212397 0.3314274 -0.2036501 -0.9212397 0.3314274 -0.2036501 -0.9212397 0.3314274 -0.2036501 -0.9212397 0.3314274 -0.2036501 -0.9212397 0.3314274 -0.2036501 -0.9212397 0.3314274 -0.2036501 -0.9212397 0.3314274 -0.2036501 -0.9212397 0.3314274 -0.2036501 -0.9212397 0.3314274 -0.2036501 -0.9212397 0.3314274 -0.2036501 -0.9212397 0.3314274 -0.2036501 -0.9212397 0.3314274 -0.2036501 -0.9212397 0.3314274 -0.2036501 -0.9212397 0.3314274 -0.2036501 -0.9212397 0.3314274 -0.2036501 -0.9212397 0.3314274 -0.2036501 -0.9212397 0.3314274 -0.2036501 -0.9212397 0.3314274 -0.2036501 -0.9212397 0.3314274 -0.2036501 -0.9212397 0.3314274 -0.2036501 -0.9212397 0.3314274 -0.2036501 -0.9212397 0.3314274 -0.2036501 -0.9212397 0.3314274 -0.2036501 -0.9212397 0.3314274 -0.2036501 -0.9212397 0.3314274 -0.2036501 -0.9212397 0.3314274 -0.2036501 -0.9212397 0.3314274 -0.2036501 -0.9212397 0.3314274 -0.2036501 -0.9212397 0.3314274 -0.2036501 -0.9212397 0.3314274 -0.2036501 -0.9212397 0.3314274 -0.2036501 -0.9212397 0.3314274 -0.2036501 -0.9212397 0.3314274 -0.2036501 -0.9212397 0.3314274 -0.2036501 -0.9212397 0.3314274 -0.2036501 -0.9212397 0.3314274 -0.2036501 -0.9212397 0.3314274 -0.2036501 -0.9212397 0.3314274 -0.2036501 -0.9212397 0.3314274 -0.2036501 -0.9212397 0.3314274 -0.2036501 -0.9212397 0.3314274 -0.2036501 -0.9212397 0.3314274 -0.2036501 -0.9212397 0.3314274 -0.2036501 -0.9212397 0.3314274 -0.2036501 -0.9212397 0.3314274 -0.2036501 -0.9212397 0.3314274 -0.2036501 -0.9212397 0.3314274 -0.2036501 -0.9212397 0.3314274 -0.2036501 -0.9212397 0.3314274 -0.2036501 -0.9212397 0.3314274 -0.2036501 -0.9212397 0.3314274 -0.2036501 -0.9212397 0.3314274 0.9269248 -0.2904034 -0.2376473 0.9269248 -0.2904034 -0.2376473 0.9269248 -0.2904034 -0.2376473 0.9269248 -0.2904034 -0.2376473 0.9269248 -0.2904034 -0.2376473 0.9269248 -0.2904034 -0.2376473 0.9269248 -0.2904034 -0.2376473 0.9269248 -0.2904034 -0.2376473 0.5443349 0.1748346 0.8204465 0.5443349 0.1748346 0.8204465 0.7364261 0.07892861 0.671898 0.7364261 0.07892861 0.671898 0.8783032 -0.02234258 0.4775817 0.8783032 -0.02234258 0.4775817 0.960328 -0.1220885 0.250728 0.960328 -0.1220885 0.250728 0.9769151 -0.2135206 0.006774386 0.9769151 -0.2135206 0.006774386 0.9269224 -0.2904054 -0.2376544 0.9269224 -0.2904054 -0.2376544 0.8137709 -0.3474921 -0.4658607 0.8137709 -0.3474921 -0.4658607 0.645163 -0.3809012 -0.6623284 0.645163 -0.3809012 -0.6623284 0.4325787 -0.3883537 -0.8136689 0.4325787 -0.3883537 -0.8136689 0.1904755 -0.3693345 -0.9095664 0.1904755 -0.3693345 -0.9095664 -0.06453985 -0.325153 -0.9434565 -0.06453985 -0.325153 -0.9434565 0.3751052 0.2392713 0.8955698 0.3751052 0.2392713 0.8955698 0.5443349 0.1748346 0.8204465 0.5443349 0.1748346 0.8204465 0.7364261 0.07892861 0.671898 0.7364261 0.07892861 0.671898 0.8783032 -0.02234258 0.4775817 0.8783032 -0.02234258 0.4775817 0.960328 -0.1220885 0.250728 0.960328 -0.1220885 0.250728 0.9769151 -0.2135206 0.006774386 0.9769151 -0.2135206 0.006774386 0.9269224 -0.2904054 -0.2376544 0.9269224 -0.2904054 -0.2376544 0.8137709 -0.3474921 -0.4658607 0.8137709 -0.3474921 -0.4658607 0.645163 -0.3809012 -0.6623284 0.645163 -0.3809012 -0.6623284 0.4325787 -0.3883537 -0.8136689 0.4325787 -0.3883537 -0.8136689 0.1904755 -0.3693345 -0.9095664 0.1904755 -0.3693345 -0.9095664 -0.06453985 -0.325153 -0.9434565 -0.06453985 -0.325153 -0.9434565 0.3151778 0.2588114 0.9130606 0.3151778 0.2588114 0.9130606 0.06461874 0.3251357 0.943457 0.06461874 0.3251357 0.943457 -0.1904847 0.3693357 0.909564 -0.1904847 0.3693357 0.909564 -0.4325705 0.3883535 0.8136734 -0.4325705 0.3883535 0.8136734 -0.6451712 0.3809003 0.662321 -0.6451712 0.3809003 0.662321 -0.8138146 0.3474781 0.4657948 -0.8138146 0.3474781 0.4657948 -0.9269248 0.2904034 0.2376473 -0.9269248 0.2904034 0.2376473 -0.9769089 0.2135515 -0.006684569 -0.9769089 0.2135515 -0.006684569 -0.9603344 0.1221009 -0.2506973 -0.9603344 0.1221009 -0.2506973 -0.8782505 0.02229524 -0.4776809 -0.8782505 0.02229524 -0.4776809 -0.7364091 -0.07893865 -0.6719154 -0.7364091 -0.07893865 -0.6719154 -0.5443791 -0.1748158 -0.8204212 -0.5443791 -0.1748158 -0.8204212 -0.3151778 -0.2588114 -0.9130606 -0.3151778 -0.2588114 -0.9130606 -0.06449069 -0.3251637 -0.9434562 -0.06449069 -0.3251637 -0.9434562 0.1905025 -0.3693379 -0.9095594 0.1905025 -0.3693379 -0.9095594 0.4325705 -0.3883535 -0.8136734 0.4325705 -0.3883535 -0.8136734 0.6451576 -0.3809018 -0.6623334 0.6451576 -0.3809018 -0.6623334 0.8137432 -0.347501 -0.4659024 0.8137432 -0.347501 -0.4659024 0.9269248 -0.2904034 -0.2376473 0.9269248 -0.2904034 -0.2376473 0.9769174 -0.2135089 0.006808236 0.9769174 -0.2135089 0.006808236 0.9603309 -0.1220941 0.2507142 0.9603309 -0.1220941 0.2507142 0.8783479 -0.02238266 0.4774977 0.8783479 -0.02238266 0.4774977 0.7363971 0.0789457 0.6719277 0.7363971 0.0789457 0.6719277 0.5442724 0.1748613 0.8204822 0.5442724 0.1748613 0.8204822</float_array>
          <technique_common>
            <accessor count="1973" source="#normals-array-array" stride="3">
              <param type="float" name="X"/>
              <param type="float" name="Y"/>
              <param type="float" name="Z"/>
            </accessor>
          </technique_common>
        </source>
        <vertices id="verts-array-vertices">
          <input semantic="POSITION" source="#verts-array"/>
        </vertices>
        <triangles count="2022" material="material1">
          <input offset="0" semantic="VERTEX" source="#verts-array-vertices"/>
          <input offset="1" semantic="NORMAL" source="#normals-array"/>
          <p>0 0 1 1 2 2 3 3 2 2 1 1 2 2 3 3 4 4 5 5 4 4 3 3 4 4 5 5 6 6 7 7 8 8 9 9 10 10 9 9 8 8 9 9 10 10 11 11 12 12 11 11 10 10 11 11 12 12 13 13 14 14 13 13 12 12 13 13 14 14 15 15 16 16 15 15 14 14 15 15 16 16 17 17 18 18 17 17 16 16 17 17 18 18 19 19 20 20 19 19 18 18 19 19 20 20 21 21 22 22 21 21 20 20 21 21 22 22 23 23 24 24 23 23 22 22 23 23 24 24 0 0 25 25 0 0 24 24 0 0 25 25 1 1 26 26 27 27 28 28 29 29 28 28 27 27 28 28 29 29 30 30 31 31 30 30 29 29 30 30 31 31 7 7 32 32 7 7 31 31 7 7 32 32 8 8 5 5 33 33 6 6 34 34 6 6 33 33 6 6 34 34 35 35 36 36 35 35 34 34 35 35 36 36 37 37 38 38 37 37 36 36 37 37 38 38 39 39 40 40 39 39 38 38 39 39 40 40 41 41 42 42 41 41 40 40 41 41 42 42 43 43 44 44 43 43 42 42 43 43 44 44 45 45 46 46 45 45 44 44 45 45 46 46 47 47 48 48 47 47 46 46 47 47 48 48 49 49 50 50 49 49 48 48 49 49 50 50 26 26 51 51 26 26 50 50 26 26 51 51 27 27 52 52 53 53 54 54 55 55 54 54 53 53 52 52 56 56 53 53 57 57 53 53 56 56 53 53 57 57 58 58 59 59 58 58 57 57 60 60 61 61 62 62 63 63 64 64 65 65 62 62 66 66 60 60 67 67 60 60 66 66 60 60 67 67 68 68 69 69 70 70 71 71 65 65 71 71 70 70 71 71 65 65 72 72 64 64 72 72 65 65 71 71 73 73 69 69 74 74 69 69 73 73 69 69 74 74 75 75 76 76 75 75 74 74 75 75 76 76 77 77 78 78 77 77 76 76 77 77 78 78 79 79 80 80 79 79 78 78 79 79 80 80 81 81 82 82 81 81 80 80 81 81 82 82 83 83 84 84 83 83 82 82 83 83 84 84 85 85 86 86 85 85 84 84 85 85 86 86 87 87 88 88 87 87 86 86 87 87 88 88 89 89 90 90 89 89 88 88 89 89 90 90 91 91 92 92 91 91 90 90 91 91 92 92 93 93 94 94 93 93 92 92 93 93 94 94 95 95 96 96 95 95 94 94 95 95 96 96 97 97 98 98 97 97 96 96 97 97 98 98 99 99 100 100 99 99 98 98 99 99 100 100 61 61 101 101 61 61 100 100 61 61 101 101 62 62 68 68 63 63 60 60 65 65 60 60 63 63 60 60 65 65 57 57 102 102 57 57 65 65 57 57 102 102 59 59 103 103 104 104 105 105 106 106 105 105 104 104 107 107 108 108 109 109 110 110 109 109 108 108 111 111 112 112 113 113 114 114 113 113 112 112 113 113 114 114 115 115 116 116 115 115 114 114 115 115 116 116 117 117 118 118 117 117 116 116 117 117 118 118 119 119 120 120 119 119 118 118 119 119 120 120 121 121 122 122 121 121 120 120 121 121 122 122 123 123 124 124 123 123 122 122 123 123 124 124 125 125 126 126 125 125 124 124 125 125 126 126 127 127 128 128 127 127 126 126 127 127 128 128 129 129 130 130 129 129 128 128 131 131 132 132 133 133 131 131 133 133 134 134 135 135 134 134 133 133 134 134 135 135 136 136 137 137 136 136 135 135 136 136 137 137 138 138 139 139 138 138 137 137 138 138 139 139 140 140 139 139 141 141 140 140 142 142 140 140 141 141 140 140 142 142 143 143 144 144 143 143 142 142 143 143 144 144 145 145 146 146 147 147 148 148 149 149 148 148 147 147 148 148 149 149 150 150 151 151 150 150 149 149 150 150 151 151 152 152 153 153 152 152 151 151 152 152 153 153 154 154 155 155 154 154 153 153 154 154 155 155 156 156 157 157 156 156 155 155 156 156 157 157 158 158 159 159 158 158 157 157 158 158 159 159 160 160 161 161 160 160 159 159 160 160 161 161 162 162 163 163 162 162 161 161 162 162 163 163 164 164 165 165 164 164 163 163 164 164 165 165 166 166 167 167 166 166 165 165 166 166 167 167 168 168 169 169 168 168 167 167 168 168 169 169 170 170 171 171 170 170 169 169 170 170 171 171 172 172 173 173 172 172 171 171 172 172 173 173 174 174 175 175 174 174 173 173 174 174 175 175 176 176 177 177 176 176 175 175 176 176 177 177 178 178 179 179 178 178 177 177 178 178 179 179 180 180 181 181 180 180 179 179 180 180 181 181 182 182 183 183 182 182 181 181 182 182 183 183 184 184 185 185 184 184 183 183 184 184 185 185 186 186 187 187 186 186 185 185 186 186 187 187 188 188 189 189 188 188 187 187 188 188 189 189 190 190 191 191 190 190 189 189 190 190 191 191 192 192 193 193 192 192 191 191 192 192 193 193 146 146 147 147 146 146 193 193 194 194 195 195 196 196 197 197 196 196 195 195 196 196 197 197 198 198 199 199 198 198 197 197 198 198 199 199 200 200 201 201 200 200 199 199 200 200 201 201 202 202 203 203 202 202 201 201 202 202 203 203 204 204 205 205 204 204 203 203 204 204 205 205 206 206 207 207 206 206 205 205 206 206 207 207 208 208 207 207 209 209 208 208 210 210 208 208 209 209 208 208 210 210 211 211 212 212 211 211 210 210 211 211 212 212 213 213 214 214 213 213 212 212 213 213 214 214 215 215 216 216 215 215 214 214 215 215 216 216 217 217 218 218 217 217 216 216 217 217 218 218 219 219 220 220 219 219 218 218 219 219 220 220 221 221 222 222 223 223 224 224 225 225 224 224 223 223 224 224 225 225 226 226 227 227 226 226 225 225 226 226 227 227 228 228 229 229 228 228 227 227 228 228 229 229 230 230 231 231 230 230 229 229 230 230 231 231 194 194 232 232 194 194 231 231 194 194 232 232 195 195 220 220 233 233 221 221 234 234 221 221 233 233 221 221 234 234 235 235 236 236 235 235 234 234 235 235 236 236 237 237 238 238 237 237 236 236 237 237 238 238 239 239 240 240 239 239 238 238 239 239 240 240 241 241 242 242 241 241 240 240 241 241 242 242 243 243 244 244 243 243 242 242 243 243 244 244 222 222 245 245 222 222 244 244 222 222 245 245 223 223 246 246 247 247 248 248 249 249 250 250 251 251 252 252 251 251 250 250 251 251 252 252 253 253 246 246 248 248 251 251 254 254 251 251 248 248 251 251 254 254 249 249 247 247 255 255 248 248 256 256 248 248 255 255 248 248 256 256 257 257 258 258 259 259 260 260 260 260 259 259 261 261 262 262 261 261 259 259 261 261 262 262 263 263 264 264 263 263 262 262 263 263 264 264 265 265 266 266 265 265 264 264 265 265 266 266 267 267 268 268 267 267 266 266 267 267 268 268 269 269 270 270 269 269 268 268 269 269 270 270 271 271 272 272 271 271 270 270 271 271 272 272 273 273 274 274 273 273 272 272 273 273 274 274 275 275 276 276 275 275 274 274 275 275 276 276 277 277 278 278 277 277 276 276 277 277 278 278 279 279 280 280 279 279 278 278 279 279 280 280 281 281 282 282 281 281 280 280 281 281 282 282 283 283 284 284 283 283 282 282 283 283 284 284 285 285 286 286 285 285 284 284 285 285 286 286 287 287 287 287 286 286 288 288 248 248 288 288 286 286 288 288 248 248 289 289 260 260 290 290 258 258 291 291 258 258 290 290 258 258 291 291 257 257 292 292 257 257 291 291 257 257 292 292 293 293 293 293 294 294 257 257 295 295 257 257 294 294 257 257 295 295 248 248 296 296 248 248 295 295 248 248 296 296 289 289 297 297 298 298 299 299 300 300 299 299 298 298 299 299 300 300 301 301 302 302 301 301 300 300 301 301 302 302 303 303 304 304 303 303 302 302 303 303 304 304 305 305 306 306 307 307 308 308 309 309 308 308 307 307 308 308 309 309 310 310 311 311 310 310 309 309 310 310 311 311 297 297 312 312 297 297 311 311 297 297 312 312 298 298 313 313 314 314 315 315 316 316 315 315 314 314 315 315 316 316 317 317 318 318 317 317 316 316 317 317 318 318 306 306 319 319 306 306 318 318 306 306 319 319 307 307 304 304 320 320 305 305 321 321 305 305 320 320 305 305 321 321 322 322 323 323 322 322 321 321 322 322 323 323 324 324 325 325 324 324 323 323 324 324 325 325 326 326 327 327 328 328 329 329 330 330 329 329 328 328 329 329 330 330 331 331 332 332 331 331 330 330 331 331 332 332 313 313 333 333 313 313 332 332 313 313 333 333 314 314 334 334 335 335 336 336 337 337 336 336 335 335 336 336 337 337 338 338 339 339 338 338 337 337 338 338 339 339 340 340 339 339 341 341 340 340 342 342 340 340 341 341 340 340 342 342 343 343 344 344 343 343 342 342 343 343 344 344 345 345 346 346 345 345 344 344 345 345 346 346 327 327 347 347 327 327 346 346 327 327 347 347 328 328 348 348 349 349 350 350 351 351 350 350 349 349 350 350 351 351 352 352 353 353 352 352 351 351 352 352 353 353 334 334 354 354 334 334 353 353 334 334 354 354 335 335 325 325 355 355 326 326 356 356 326 326 355 355 326 326 356 356 357 357 358 358 357 357 356 356 357 357 358 358 359 359 360 360 359 359 358 358 359 359 360 360 348 348 361 361 348 348 360 360 348 348 361 361 349 349 362 362 363 363 364 364 365 365 364 364 363 363 364 364 365 365 366 366 367 367 366 366 365 365 366 366 367 367 368 368 369 369 368 368 367 367 368 368 369 369 370 370 371 371 370 370 369 369 370 370 371 371 372 372 373 373 372 372 371 371 372 372 373 373 374 374 375 375 374 374 373 373 374 374 375 375 376 376 377 377 376 376 375 375 376 376 377 377 378 378 379 379 378 378 377 377 378 378 379 379 380 380 381 381 380 380 379 379 380 380 381 381 382 382 383 383 382 382 381 381 382 382 383 383 384 384 385 385 384 384 383 383 384 384 385 385 386 386 387 387 386 386 385 385 386 386 387 387 388 388 389 389 388 388 387 387 388 388 389 389 390 390 391 391 390 390 389 389 390 390 391 391 392 392 393 393 392 392 391 391 392 392 393 393 394 394 395 395 394 394 393 393 394 394 395 395 396 396 397 397 396 396 395 395 396 396 397 397 398 398 399 399 398 398 397 397 398 398 399 399 400 400 401 401 400 400 399 399 400 400 401 401 402 402 403 403 402 402 401 401 402 402 403 403 404 404 405 405 404 404 403 403 404 404 405 405 406 406 407 407 406 406 405 405 406 406 407 407 408 408 409 409 408 408 407 407 408 408 409 409 362 362 363 363 362 362 409 409 410 410 411 411 412 412 413 413 412 412 411 411 412 412 413 413 414 414 415 415 414 414 413 413 414 414 415 415 416 416 417 417 416 416 415 415 416 416 417 417 418 418 419 419 418 418 417 417 418 418 419 419 420 420 421 421 420 420 419 419 420 420 421 421 422 422 423 423 422 422 421 421 422 422 423 423 424 424 425 425 424 424 423 423 424 424 425 425 426 426 427 427 426 426 425 425 426 426 427 427 428 428 429 429 428 428 427 427 428 428 429 429 430 430 431 431 430 430 429 429 430 430 431 431 432 432 433 433 432 432 431 431 432 432 433 433 434 434 435 435 434 434 433 433 434 434 435 435 436 436 437 437 436 436 435 435 436 436 437 437 438 438 439 439 438 438 437 437 438 438 439 439 440 440 441 441 440 440 439 439 440 440 441 441 442 442 443 443 442 442 441 441 442 442 443 443 444 444 445 445 444 444 443 443 444 444 445 445 446 446 447 447 446 446 445 445 446 446 447 447 448 448 449 449 448 448 447 447 448 448 449 449 450 450 451 451 450 450 449 449 450 450 451 451 452 452 453 453 452 452 451 451 452 452 453 453 454 454 455 455 454 454 453 453 454 454 455 455 456 456 457 457 456 456 455 455 456 456 457 457 410 410 411 411 410 410 457 457 458 458 459 459 460 460 461 461 460 460 459 459 460 460 461 461 462 462 463 463 464 464 460 460 465 465 460 460 464 464 460 460 465 465 458 458 466 466 467 467 460 460 468 468 460 460 467 467 460 460 468 468 463 463 469 469 470 470 460 460 471 471 460 460 470 470 460 460 471 471 466 466 472 472 473 473 460 460 474 474 460 460 473 473 460 460 474 474 469 469 475 475 476 476 460 460 477 477 460 460 476 476 460 460 477 477 472 472 478 478 479 479 460 460 480 480 460 460 479 479 460 460 480 480 475 475 462 462 481 481 460 460 482 482 460 460 481 481 460 460 482 482 478 478 483 483 484 484 485 485 486 486 485 485 484 484 485 485 486 486 487 487 488 488 487 487 486 486 487 487 488 488 489 489 490 490 489 489 488 488 489 489 490 490 491 491 492 492 491 491 490 490 491 491 492 492 493 493 494 494 493 493 492 492 493 493 494 494 495 495 496 496 495 495 494 494 495 495 496 496 497 497 498 498 497 497 496 496 497 497 498 498 499 499 500 500 499 499 498 498 499 499 500 500 501 501 502 502 501 501 500 500 501 501 502 502 503 503 504 504 503 503 502 502 503 503 504 504 505 505 506 506 505 505 504 504 505 505 506 506 507 507 508 508 507 507 506 506 507 507 508 508 509 509 510 510 509 509 508 508 509 509 510 510 511 511 512 512 511 511 510 510 511 511 512 512 513 513 514 514 513 513 512 512 513 513 514 514 515 515 516 516 515 515 514 514 515 515 516 516 517 517 518 518 517 517 516 516 517 517 518 518 519 519 520 520 519 519 518 518 519 519 520 520 521 521 522 522 521 521 520 520 521 521 522 522 523 523 524 524 523 523 522 522 523 523 524 524 525 525 526 526 525 525 524 524 525 525 526 526 527 527 528 528 527 527 526 526 527 527 528 528 529 529 530 530 529 529 528 528 529 529 530 530 483 483 484 484 483 483 530 530 531 531 532 532 533 533 531 531 533 533 534 534 535 535 534 534 533 533 534 534 535 535 536 536 537 537 536 536 535 535 536 536 537 537 538 538 539 539 538 538 537 537 538 538 539 539 540 540 541 541 540 540 539 539 540 540 541 541 542 542 543 543 542 542 541 541 542 542 543 543 544 544 103 103 105 105 545 545 103 103 545 545 546 546 547 547 546 546 545 545 546 546 547 547 548 548 549 549 548 548 547 547 548 548 549 549 550 550 551 551 550 550 549 549 550 550 551 551 552 552 553 553 552 552 551 551 552 552 553 553 554 554 555 555 554 554 553 553 554 554 555 555 556 556 557 557 558 558 559 559 557 557 559 559 560 560 561 561 560 560 559 559 560 560 561 561 562 562 562 562 561 561 563 563 564 564 563 563 561 561 563 563 564 564 565 565 566 566 565 565 564 564 565 565 566 566 567 567 568 568 567 567 566 566 567 567 568 568 569 569 570 570 569 569 568 568 569 569 570 570 571 571 572 572 573 573 574 574 572 572 574 574 575 575 576 576 575 575 574 574 575 575 576 576 577 577 578 578 577 577 576 576 577 577 578 578 579 579 580 580 579 579 578 578 579 579 580 580 581 581 582 582 581 581 580 580 581 581 582 582 583 583 584 584 583 583 582 582 583 583 584 584 585 585 586 586 587 587 588 588 586 586 588 588 589 589 590 590 589 589 588 588 589 589 590 590 591 591 591 591 590 590 592 592 593 593 592 592 590 590 592 592 593 593 594 594 595 595 594 594 593 593 594 594 595 595 596 596 597 597 596 596 595 595 596 596 597 597 598 598 599 599 598 598 597 597 598 598 599 599 600 600 601 601 600 600 599 599 600 600 601 601 602 602 603 603 604 604 605 605 603 603 605 605 606 606 607 607 606 606 605 605 606 606 607 607 608 608 609 609 608 608 607 607 608 608 609 609 610 610 611 611 610 610 609 609 610 610 611 611 612 612 613 613 612 612 611 611 612 612 613 613 614 614 107 107 614 614 613 613 614 614 107 107 109 109 615 615 616 616 617 617 615 615 617 617 618 618 619 619 618 618 617 617 618 618 619 619 620 620 621 621 620 620 619 619 620 620 621 621 622 622 623 623 622 622 621 621 622 622 623 623 624 624 625 625 624 624 623 623 624 624 625 625 626 626 627 627 626 626 625 625 626 626 627 627 628 628 629 629 630 630 631 631 632 632 631 631 630 630 631 631 632 632 633 633 634 634 633 633 632 632 633 633 634 634 635 635 636 636 637 637 638 638 639 639 638 638 637 637 638 638 639 639 640 640 641 641 640 640 639 639 640 640 641 641 642 642 643 643 642 642 641 641 642 642 643 643 644 644 645 645 644 644 643 643 644 644 645 645 646 646 647 647 646 646 645 645 646 646 647 647 648 648 649 649 648 648 647 647 648 648 649 649 650 650 651 651 650 650 649 649 650 650 651 651 652 652 653 653 652 652 651 651 652 652 653 653 629 629 654 654 629 629 653 653 629 629 654 654 630 630 655 655 656 656 657 657 658 658 657 657 656 656 657 657 658 658 659 659 660 660 659 659 658 658 659 659 660 660 636 636 661 661 636 636 660 660 636 636 661 661 637 637 634 634 662 662 635 635 663 663 635 635 662 662 635 635 663 663 664 664 665 665 664 664 663 663 664 664 665 665 666 666 667 667 666 666 665 665 666 666 667 667 668 668 669 669 668 668 667 667 668 668 669 669 670 670 671 671 670 670 669 669 670 670 671 671 672 672 673 673 672 672 671 671 672 672 673 673 674 674 675 675 674 674 673 673 674 674 675 675 676 676 677 677 676 676 675 675 676 676 677 677 678 678 679 679 678 678 677 677 678 678 679 679 655 655 680 680 655 655 679 679 655 655 680 680 656 656 681 681 682 682 683 683 684 684 683 683 682 682 683 683 684 684 685 685 686 686 685 685 684 684 685 685 686 686 687 687 686 686 688 688 687 687 689 689 687 687 688 688 687 687 689 689 690 690 691 691 690 690 689 689 690 690 691 691 692 692 693 693 692 692 691 691 692 692 693 693 694 694 695 695 694 694 693 693 694 694 695 695 696 696 697 697 696 696 695 695 696 696 697 697 698 698 699 699 698 698 697 697 698 698 699 699 700 700 701 701 700 700 699 699 700 700 701 701 702 702 703 703 702 702 701 701 702 702 703 703 704 704 705 705 704 704 703 703 704 704 705 705 706 706 707 707 706 706 705 705 706 706 707 707 708 708 709 709 708 708 707 707 708 708 709 709 710 710 711 711 710 710 709 709 710 710 711 711 712 712 713 713 712 712 711 711 712 712 713 713 714 714 715 715 714 714 713 713 714 714 715 715 716 716 717 717 716 716 715 715 716 716 717 717 718 718 719 719 718 718 717 717 718 718 719 719 720 720 721 721 720 720 719 719 720 720 721 721 722 722 723 723 722 722 721 721 722 722 723 723 724 724 725 725 724 724 723 723 724 724 725 725 726 726 727 727 726 726 725 725 726 726 727 727 728 728 729 729 728 728 727 727 728 728 729 729 681 681 730 730 681 681 729 729 681 681 730 730 682 682 731 731 732 732 733 733 734 734 733 733 732 732 733 733 734 734 735 735 736 736 735 735 734 734 735 735 736 736 737 737 738 738 737 737 736 736 737 737 738 738 739 739 738 738 740 740 739 739 741 741 739 739 740 740 739 739 741 741 742 742 743 743 742 742 741 741 742 742 743 743 744 744 745 745 744 744 743 743 744 744 745 745 746 746 747 747 746 746 745 745 746 746 747 747 748 748 749 749 748 748 747 747 748 748 749 749 750 750 751 751 750 750 749 749 750 750 751 751 752 752 753 753 752 752 751 751 752 752 753 753 754 754 755 755 754 754 753 753 754 754 755 755 756 756 755 755 757 757 756 756 758 758 756 756 757 757 756 756 758 758 759 759 760 760 759 759 758 758 759 759 760 760 761 761 762 762 761 761 760 760 761 761 762 762 763 763 764 764 763 763 762 762 763 763 764 764 765 765 764 764 766 766 765 765 767 767 765 765 766 766 765 765 767 767 768 768 769 769 768 768 767 767 768 768 769 769 770 770 771 771 770 770 769 769 770 770 771 771 772 772 773 773 772 772 771 771 772 772 773 773 774 774 775 775 774 774 773 773 774 774 775 775 776 776 777 777 776 776 775 775 776 776 777 777 778 778 779 779 778 778 777 777 778 778 779 779 780 780 781 781 780 780 779 779 780 780 781 781 731 731 782 782 731 731 781 781 731 731 782 782 732 732 783 783 784 784 785 785 786 786 785 785 784 784 785 785 786 786 787 787 788 788 787 787 786 786 787 787 788 788 789 789 788 788 790 790 789 789 791 791 789 789 790 790 789 789 791 791 792 792 793 793 792 792 791 791 792 792 793 793 794 794 795 795 794 794 793 793 794 794 795 795 796 796 797 797 796 796 795 795 796 796 797 797 798 798 799 799 798 798 797 797 798 798 799 799 800 800 801 801 800 800 799 799 800 800 801 801 802 802 803 803 802 802 801 801 802 802 803 803 804 804 805 805 804 804 803 803 804 804 805 805 806 806 807 807 806 806 805 805 806 806 807 807 808 808 809 809 808 808 807 807 808 808 809 809 810 810 811 811 810 810 809 809 810 810 811 811 812 812 813 813 812 812 811 811 812 812 813 813 814 814 815 815 814 814 813 813 814 814 815 815 816 816 817 817 816 816 815 815 816 816 817 817 818 818 819 819 818 818 817 817 818 818 819 819 820 820 821 821 820 820 819 819 820 820 821 821 822 822 823 823 822 822 821 821 822 822 823 823 824 824 825 825 824 824 823 823 824 824 825 825 826 826 827 827 826 826 825 825 826 826 827 827 828 828 829 829 828 828 827 827 828 828 829 829 830 830 831 831 830 830 829 829 830 830 831 831 783 783 832 832 783 783 831 831 783 783 832 832 784 784 833 833 834 834 835 835 836 836 835 835 834 834 835 835 836 836 837 837 838 838 837 837 836 836 837 837 838 838 839 839 840 840 839 839 838 838 839 839 840 840 841 841 840 840 842 842 841 841 843 843 841 841 842 842 841 841 843 843 844 844 845 845 844 844 843 843 844 844 845 845 846 846 847 847 846 846 845 845 846 846 847 847 848 848 849 849 848 848 847 847 848 848 849 849 850 850 851 851 850 850 849 849 850 850 851 851 852 852 853 853 852 852 851 851 852 852 853 853 854 854 855 855 854 854 853 853 854 854 855 855 856 856 857 857 856 856 855 855 856 856 857 857 858 858 857 857 859 859 858 858 860 860 858 858 859 859 858 858 860 860 861 861 862 862 861 861 860 860 861 861 862 862 863 863 864 864 863 863 862 862 863 863 864 864 865 865 866 866 865 865 864 864 865 865 866 866 867 867 866 866 868 868 867 867 869 869 867 867 868 868 867 867 869 869 870 870 871 871 870 870 869 869 870 870 871 871 872 872 873 873 872 872 871 871 872 872 873 873 874 874 875 875 874 874 873 873 874 874 875 875 876 876 877 877 876 876 875 875 876 876 877 877 878 878 879 879 878 878 877 877 878 878 879 879 880 880 881 881 880 880 879 879 880 880 881 881 882 882 883 883 882 882 881 881 882 882 883 883 833 833 884 884 833 833 883 883 833 833 884 884 834 834 885 885 886 886 887 887 888 888 887 887 886 886 887 887 888 888 889 889 890 890 889 889 888 888 889 889 890 890 891 891 892 892 891 891 890 890 891 891 892 892 893 893 894 894 893 893 892 892 893 893 894 894 895 895 896 896 895 895 894 894 895 895 896 896 897 897 898 898 897 897 896 896 897 897 898 898 899 899 900 900 899 899 898 898 899 899 900 900 901 901 902 902 901 901 900 900 901 901 902 902 903 903 904 904 903 903 902 902 903 903 904 904 905 905 906 906 905 905 904 904 905 905 906 906 907 907 908 908 907 907 906 906 907 907 908 908 909 909 910 910 909 909 908 908 909 909 910 910 911 911 912 912 911 911 910 910 911 911 912 912 913 913 914 914 913 913 912 912 913 913 914 914 915 915 916 916 915 915 914 914 915 915 916 916 917 917 918 918 917 917 916 916 917 917 918 918 919 919 920 920 919 919 918 918 919 919 920 920 921 921 922 922 921 921 920 920 921 921 922 922 923 923 924 924 923 923 922 922 923 923 924 924 925 925 926 926 925 925 924 924 925 925 926 926 927 927 928 928 927 927 926 926 927 927 928 928 929 929 930 930 929 929 928 928 929 929 930 930 931 931 932 932 931 931 930 930 931 931 932 932 885 885 886 886 885 885 932 932 933 933 934 934 935 935 936 936 935 935 934 934 935 935 936 936 937 937 938 938 937 937 936 936 937 937 938 938 939 939 940 940 939 939 938 938 939 939 940 940 941 941 942 942 941 941 940 940 941 941 942 942 943 943 944 944 943 943 942 942 943 943 944 944 945 945 946 946 945 945 944 944 945 945 946 946 947 947 948 948 947 947 946 946 947 947 948 948 949 949 950 950 949 949 948 948 949 949 950 950 951 951 952 952 951 951 950 950 111 111 953 953 112 112 954 954 112 112 953 953 955 955 956 956 957 957 958 958 957 957 956 956 957 957 958 958 959 959 960 960 959 959 958 958 959 959 960 960 961 961 962 962 961 961 960 960 961 961 962 962 963 963 964 964 963 963 962 962 963 963 964 964 965 965 966 966 965 965 964 964 965 965 966 966 967 967 968 968 967 967 966 966 967 967 968 968 969 969 970 970 969 969 968 968 969 969 970 970 971 971 972 972 971 971 970 970 971 971 972 972 973 973 974 974 973 973 972 972 973 973 974 974 975 975 976 976 975 975 974 974 975 975 976 976 977 977 978 978 977 977 976 976 977 977 978 978 979 979 980 980 979 979 978 978 979 979 980 980 981 981 982 982 981 981 980 980 981 981 982 982 983 983 984 984 983 983 982 982 983 983 984 984 985 985 986 986 985 985 984 984 985 985 986 986 987 987 988 988 987 987 986 986 987 987 988 988 989 989 990 990 989 989 988 988 989 989 990 990 991 991 992 992 991 991 990 990 991 991 992 992 993 993 994 994 993 993 992 992 993 993 994 994 995 995 996 996 995 995 994 994 995 995 996 996 997 997 998 998 997 997 996 996 997 997 998 998 999 999 1000 1000 999 999 998 998 999 999 1000 1000 1001 1001 1002 1002 1001 1001 1000 1000 1001 1001 1002 1002 955 955 956 956 955 955 1002 1002 1003 1003 1004 1004 1005 1005 1006 1006 1005 1005 1004 1004 1005 1005 1006 1006 1007 1007 1008 1008 1007 1007 1006 1006 1007 1007 1008 1008 1009 1009 1010 1010 1009 1009 1008 1008 1009 1009 1010 1010 1011 1011 1012 1012 1011 1011 1010 1010 1011 1011 1012 1012 1013 1013 1014 1014 1013 1013 1012 1012 1013 1013 1014 1014 1015 1015 1016 1016 1015 1015 1014 1014 1015 1015 1016 1016 1017 1017 1018 1018 1017 1017 1016 1016 1017 1017 1018 1018 1019 1019 1020 1020 1019 1019 1018 1018 1019 1019 1020 1020 1021 1021 1022 1022 1021 1021 1020 1020 1021 1021 1022 1022 1023 1023 1024 1024 1023 1023 1022 1022 1023 1023 1024 1024 1025 1025 1026 1026 1025 1025 1024 1024 1025 1025 1026 1026 1027 1027 1028 1028 1027 1027 1026 1026 1027 1027 1028 1028 1029 1029 1030 1030 1029 1029 1028 1028 1029 1029 1030 1030 1031 1031 1032 1032 1031 1031 1030 1030 1031 1031 1032 1032 1033 1033 1034 1034 1033 1033 1032 1032 1033 1033 1034 1034 1035 1035 1036 1036 1035 1035 1034 1034 1035 1035 1036 1036 1037 1037 1038 1038 1037 1037 1036 1036 1037 1037 1038 1038 1039 1039 1040 1040 1039 1039 1038 1038 1039 1039 1040 1040 1041 1041 1042 1042 1041 1041 1040 1040 1041 1041 1042 1042 1043 1043 1044 1044 1043 1043 1042 1042 1043 1043 1044 1044 1045 1045 1046 1046 1045 1045 1044 1044 1045 1045 1046 1046 1047 1047 1048 1048 1047 1047 1046 1046 1047 1047 1048 1048 1049 1049 1050 1050 1049 1049 1048 1048 1049 1049 1050 1050 1003 1003 1004 1004 1003 1003 1050 1050 952 952 1051 1051 951 951 1052 1052 951 951 1051 1051 1053 1053 1054 1054 1055 1055 1056 1056 1055 1055 1054 1054 1055 1055 1056 1056 1057 1057 1058 1058 1057 1057 1056 1056 1057 1057 1058 1058 1059 1059 1060 1060 1059 1059 1058 1058 1059 1059 1060 1060 1061 1061 1062 1062 1061 1061 1060 1060 1061 1061 1062 1062 1063 1063 1064 1064 1063 1063 1062 1062 1063 1063 1064 1064 1065 1065 1066 1066 1065 1065 1064 1064 1065 1065 1066 1066 1067 1067 1068 1068 1067 1067 1066 1066 1067 1067 1068 1068 1069 1069 1070 1070 1069 1069 1068 1068 1069 1069 1070 1070 1071 1071 1072 1072 1071 1071 1070 1070 1071 1071 1072 1072 1073 1073 1074 1074 1073 1073 1072 1072 1073 1073 1074 1074 1075 1075 1076 1076 1075 1075 1074 1074 1075 1075 1076 1076 1077 1077 1078 1078 1077 1077 1076 1076 1077 1077 1078 1078 1079 1079 1080 1080 1079 1079 1078 1078 1079 1079 1080 1080 1081 1081 1082 1082 1081 1081 1080 1080 1081 1081 1082 1082 1083 1083 1084 1084 1083 1083 1082 1082 1083 1083 1084 1084 1085 1085 1086 1086 1085 1085 1084 1084 1085 1085 1086 1086 1087 1087 1088 1088 1087 1087 1086 1086 1087 1087 1088 1088 1089 1089 1090 1090 1089 1089 1088 1088 1089 1089 1090 1090 1091 1091 1092 1092 1091 1091 1090 1090 1091 1091 1092 1092 1093 1093 1094 1094 1093 1093 1092 1092 1093 1093 1094 1094 1095 1095 1096 1096 1095 1095 1094 1094 1095 1095 1096 1096 1097 1097 1098 1098 1097 1097 1096 1096 1097 1097 1098 1098 1099 1099 1100 1100 1099 1099 1098 1098 1099 1099 1100 1100 1053 1053 1054 1054 1053 1053 1100 1100 1101 1101 129 129 1102 1102 1102 1102 1103 1103 1101 1101 1104 1104 1101 1101 1103 1103 1101 1101 1104 1104 1105 1105 1106 1106 1105 1105 1104 1104 1105 1105 1106 1106 1107 1107 1108 1108 1107 1107 1106 1106 1107 1107 1108 1108 1109 1109 1110 1110 1109 1109 1108 1108 1109 1109 1110 1110 1111 1111 1112 1112 1111 1111 1110 1110 1111 1111 1112 1112 1113 1113 1114 1114 1113 1113 1112 1112 1113 1113 1114 1114 1115 1115 1116 1116 1115 1115 1114 1114 1115 1115 1116 1116 1117 1117 1118 1118 1117 1117 1116 1116 1117 1117 1118 1118 1119 1119 1120 1120 1119 1119 1118 1118 1119 1119 1120 1120 1121 1121 1122 1122 1121 1121 1120 1120 1121 1121 1122 1122 1123 1123 1124 1124 1123 1123 1122 1122 1123 1123 1124 1124 1125 1125 1126 1126 1125 1125 1124 1124 1125 1125 1126 1126 1127 1127 1128 1128 1127 1127 1126 1126 1127 1127 1128 1128 1129 1129 1130 1130 1129 1129 1128 1128 1129 1129 1130 1130 1131 1131 1132 1132 1131 1131 1130 1130 1131 1131 1132 1132 1133 1133 1133 1133 1132 1132 933 933 1134 1134 933 933 1132 1132 933 933 1134 1134 934 934 934 934 1134 1134 1135 1135 1136 1136 1135 1135 1134 1134 1135 1135 1136 1136 1137 1137 1138 1138 1137 1137 1136 1136 1137 1137 1138 1138 1139 1139 1140 1140 1139 1139 1138 1138 1139 1139 1140 1140 1141 1141 1142 1142 1141 1141 1140 1140 1141 1141 1142 1142 1143 1143 1144 1144 1143 1143 1142 1142 1143 1143 1144 1144 1145 1145 1146 1146 1145 1145 1144 1144 1145 1145 1146 1146 1147 1147 1148 1148 1147 1147 1146 1146 1147 1147 1148 1148 1149 1149 1150 1150 1149 1149 1148 1148 1149 1149 1150 1150 1151 1151 1152 1152 1151 1151 1150 1150 1151 1151 1152 1152 1153 1153 1154 1154 1153 1153 1152 1152 1153 1153 1154 1154 1155 1155 1156 1156 1155 1155 1154 1154 1155 1155 1156 1156 1157 1157 1158 1158 1157 1157 1156 1156 1157 1157 1158 1158 1159 1159 1160 1160 1159 1159 1158 1158 1159 1159 1160 1160 1161 1161 1162 1162 1161 1161 1160 1160 1161 1161 1162 1162 1163 1163 1164 1164 1163 1163 1162 1162 1163 1163 1164 1164 1165 1165 1166 1166 1165 1165 1164 1164 1165 1165 1166 1166 1167 1167 1168 1168 1167 1167 1166 1166 1167 1167 1168 1168 1169 1169 1170 1170 1169 1169 1168 1168 1169 1169 1170 1170 1171 1171 1172 1172 1171 1171 1170 1170 1171 1171 1172 1172 1173 1173 1102 1102 1173 1173 1172 1172 1173 1173 1102 1102 1174 1174 129 129 1174 1174 1102 1102 1174 1174 129 129 130 130 1175 1175 1176 1176 1177 1177 1178 1178 1177 1177 1176 1176 1177 1177 1178 1178 1179 1179 1180 1180 1179 1179 1178 1178 1179 1179 1180 1180 1181 1181 1182 1182 1181 1181 1180 1180 1181 1181 1182 1182 1183 1183 1184 1184 1183 1183 1182 1182 1183 1183 1184 1184 1185 1185 1186 1186 1185 1185 1184 1184 1185 1185 1186 1186 1187 1187 1188 1188 1187 1187 1186 1186 1187 1187 1188 1188 1189 1189 1190 1190 1189 1189 1188 1188 1189 1189 1190 1190 1191 1191 1192 1192 1191 1191 1190 1190 1191 1191 1192 1192 1193 1193 1194 1194 1193 1193 1192 1192 1193 1193 1194 1194 1195 1195 1196 1196 1195 1195 1194 1194 1195 1195 1196 1196 1197 1197 1198 1198 1197 1197 1196 1196 1197 1197 1198 1198 1199 1199 1200 1200 1199 1199 1198 1198 1199 1199 1200 1200 1201 1201 1202 1202 1201 1201 1200 1200 1201 1201 1202 1202 1203 1203 1204 1204 1203 1203 1202 1202 1203 1203 1204 1204 1205 1205 1206 1206 1205 1205 1204 1204 1205 1205 1206 1206 1207 1207 1208 1208 1207 1207 1206 1206 1207 1207 1208 1208 1209 1209 1210 1210 1209 1209 1208 1208 1209 1209 1210 1210 1211 1211 1212 1212 1211 1211 1210 1210 1211 1211 1212 1212 1213 1213 1214 1214 1213 1213 1212 1212 1213 1213 1214 1214 1215 1215 1216 1216 1215 1215 1214 1214 1215 1215 1216 1216 1217 1217 1218 1218 1217 1217 1216 1216 1217 1217 1218 1218 1219 1219 1220 1220 1219 1219 1218 1218 1219 1219 1220 1220 1221 1221 1222 1222 1221 1221 1220 1220 1221 1221 1222 1222 1223 1223 1224 1224 1223 1223 1222 1222 1223 1223 1224 1224 1225 1225 1226 1226 1225 1225 1224 1224 1225 1225 1226 1226 1227 1227 1228 1228 1227 1227 1226 1226 1227 1227 1228 1228 1229 1229 1230 1230 1229 1229 1228 1228 1229 1229 1230 1230 1175 1175 1176 1176 1175 1175 1230 1230 1231 1231 585 585 584 584 1232 1232 1233 1233 1234 1234 1231 1231 1234 1234 1233 1233 1231 1231 584 584 1234 1234 1235 1235 1234 1234 584 584 1234 1234 1235 1235 1236 1236 1237 1237 1236 1236 1235 1235 1236 1236 1237 1237 1238 1238 1239 1239 1238 1238 1237 1237 1238 1238 1239 1239 1240 1240 558 558 1240 1240 1239 1239 1240 1240 558 558 557 557 132 132 131 131 1241 1241 1242 1242 1241 1241 131 131 1241 1241 1242 1242 1243 1243 1244 1244 1245 1245 1242 1242 1246 1246 1242 1242 1245 1245 1242 1242 1246 1246 1243 1243 1247 1247 1243 1243 1246 1246 1243 1243 1247 1247 1248 1248 602 602 601 601 1249 1249 1248 1248 1249 1249 601 601 1249 1249 1248 1248 1250 1250 1247 1247 1250 1250 1248 1248 1251 1251 573 573 572 572 145 145 144 144 1252 1252 145 145 1252 1252 572 572 1253 1253 572 572 1252 1252 572 572 1253 1253 1251 1251 1254 1254 556 556 555 555 1254 1254 555 555 570 570 1255 1255 628 628 627 627 531 531 1256 1256 532 532 1257 1257 532 532 1256 1256 532 532 1257 1257 555 555 571 571 555 555 1257 1257 555 555 571 571 570 570 604 604 603 603 1258 1258 531 531 1255 1255 1256 1256 627 627 1256 1256 1255 1255 1256 1256 627 627 1259 1259 604 604 1259 1259 627 627 1259 1259 604 604 586 586 1258 1258 586 586 604 604 586 586 1258 1258 587 587 1260 1260 1261 1261 1262 1262 1262 1262 1261 1261 1263 1263 1264 1264 1263 1263 1261 1261 1263 1263 1264 1264 1265 1265 1266 1266 1267 1267 1268 1268 1269 1269 1268 1268 1267 1267 1268 1268 1269 1269 1270 1270 1271 1271 1270 1270 1269 1269 1270 1270 1271 1271 1272 1272 1273 1273 1274 1274 1275 1275 1276 1276 1275 1275 1274 1274 1275 1275 1276 1276 1277 1277 1278 1278 1279 1279 1266 1266 1280 1280 1266 1266 1279 1279 1266 1266 1280 1280 1267 1267 1281 1281 1282 1282 1283 1283 1284 1284 1283 1283 1282 1282 1283 1283 1284 1284 1278 1278 1285 1285 1278 1278 1284 1284 1278 1278 1285 1285 1279 1279 1286 1286 1287 1287 1288 1288 1289 1289 1288 1288 1287 1287 1288 1288 1289 1289 1290 1290 1291 1291 1290 1290 1289 1289 1290 1290 1291 1291 1292 1292 1293 1293 1292 1292 1291 1291 1292 1292 1293 1293 1294 1294 1295 1295 1294 1294 1293 1293 1273 1273 1296 1296 1297 1297 1260 1260 1262 1262 1293 1293 1298 1298 1293 1293 1262 1262 1293 1293 1298 1298 1295 1295 1281 1281 1299 1299 1282 1282 1274 1274 1282 1282 1299 1299 1282 1282 1274 1274 1288 1288 1273 1273 1288 1288 1274 1274 1288 1288 1273 1273 1286 1286 1297 1297 1286 1286 1273 1273 1300 1300 1301 1301 1302 1302 1303 1303 1304 1304 1305 1305 1306 1306 1307 1307 1308 1308 1309 1309 1310 1310 1311 1311 1312 1312 1313 1313 1314 1314 1312 1312 1314 1314 1315 1315 1316 1316 1317 1317 1318 1318 1319 1319 1318 1318 1317 1317 1316 1316 1320 1320 1317 1317 1321 1321 1317 1317 1320 1320 1317 1317 1321 1321 1314 1314 1322 1322 1314 1314 1321 1321 1314 1314 1322 1322 1315 1315 1319 1319 1317 1317 1323 1323 1324 1324 1323 1323 1317 1317 1323 1323 1324 1324 1325 1325 1310 1310 1326 1326 1327 1327 1328 1328 1327 1327 1326 1326 1327 1327 1328 1328 1324 1324 1329 1329 1324 1324 1328 1328 1324 1324 1329 1329 1325 1325 1309 1309 1311 1311 1330 1330 1331 1331 1332 1332 1333 1333 1334 1334 1333 1333 1332 1332 1333 1333 1334 1334 1335 1335 1335 1335 1336 1336 1333 1333 1337 1337 1333 1333 1336 1336 1333 1333 1337 1337 1311 1311 1338 1338 1311 1311 1337 1337 1311 1311 1338 1338 1330 1330 1339 1339 1340 1340 1341 1341 1342 1342 1341 1341 1340 1340 1341 1341 1342 1342 1343 1343 1344 1344 1343 1343 1342 1342 1311 1311 1345 1345 1346 1346 1347 1347 1333 1333 1348 1348 1349 1349 1348 1348 1333 1333 1346 1346 1350 1350 1311 1311 1351 1351 1311 1311 1350 1350 1311 1311 1351 1351 1333 1333 1352 1352 1333 1333 1351 1351 1333 1333 1352 1352 1349 1349 1353 1353 1354 1354 1355 1355 1356 1356 1355 1355 1354 1354 1355 1355 1356 1356 1357 1357 1310 1310 1327 1327 1311 1311 1358 1358 1311 1311 1327 1327 1311 1311 1358 1358 1345 1345 1353 1353 1359 1359 1354 1354 1360 1360 1354 1354 1359 1359 1354 1354 1360 1360 1327 1327 1361 1361 1327 1327 1360 1360 1327 1327 1361 1361 1358 1358 1362 1362 1363 1363 1364 1364 1365 1365 1364 1364 1363 1363 1365 1365 1366 1366 1364 1364 1367 1367 1364 1364 1366 1366 1364 1364 1367 1367 1368 1368 1368 1368 1369 1369 1356 1356 1370 1370 1356 1356 1369 1369 1356 1356 1370 1370 1357 1357 1347 1347 1371 1371 1333 1333 1340 1340 1333 1333 1371 1371 1333 1333 1340 1340 1331 1331 1339 1339 1331 1331 1340 1340 1371 1371 1372 1372 1340 1340 1373 1373 1340 1340 1372 1372 1340 1340 1373 1373 1374 1374 1375 1375 1374 1374 1373 1373 1374 1374 1375 1375 1376 1376 1377 1377 1378 1378 1327 1327 1379 1379 1327 1327 1378 1378 1380 1380 1381 1381 1382 1382 1383 1383 1382 1382 1381 1381 1382 1382 1383 1383 1384 1384 1385 1385 1384 1384 1383 1383 1386 1386 1387 1387 1354 1354 1388 1388 1354 1354 1387 1387 1354 1354 1388 1388 1389 1389 1389 1389 1390 1390 1354 1354 1391 1391 1354 1354 1390 1390 1354 1354 1391 1391 1305 1305 1392 1392 1305 1305 1391 1391 1305 1305 1392 1392 1393 1393 1394 1394 1393 1393 1392 1392 1377 1377 1327 1327 1395 1395 1307 1307 1395 1395 1327 1327 1395 1395 1307 1307 1382 1382 1396 1396 1382 1382 1307 1307 1382 1382 1396 1396 1380 1380 1397 1397 1398 1398 1399 1399 1379 1379 1400 1400 1327 1327 1401 1401 1327 1327 1400 1400 1327 1327 1401 1401 1354 1354 1402 1402 1354 1354 1401 1401 1354 1354 1402 1402 1386 1386 1397 1397 1399 1399 1392 1392 1403 1403 1392 1392 1399 1399 1392 1392 1403 1403 1394 1394 1404 1404 1405 1405 1324 1324 1406 1406 1407 1407 1408 1408 1327 1327 1409 1409 1410 1410 1306 1306 1308 1308 1411 1411 1412 1412 1406 1406 1413 1413 1414 1414 1413 1413 1406 1406 1405 1405 1415 1415 1324 1324 1416 1416 1324 1324 1415 1415 1324 1324 1416 1416 1417 1417 1417 1417 1418 1418 1324 1324 1419 1419 1324 1324 1418 1418 1324 1324 1419 1419 1327 1327 1420 1420 1327 1327 1419 1419 1327 1327 1420 1420 1409 1409 1410 1410 1421 1421 1327 1327 1422 1422 1327 1327 1421 1421 1327 1327 1422 1422 1307 1307 1423 1423 1307 1307 1422 1422 1307 1307 1423 1423 1308 1308 1424 1424 1425 1425 1426 1426 1408 1408 1427 1427 1406 1406 1428 1428 1406 1406 1427 1427 1406 1406 1428 1428 1414 1414 1424 1424 1426 1426 1308 1308 1429 1429 1308 1308 1426 1426 1308 1308 1429 1429 1411 1411 1430 1430 1431 1431 1432 1432 1430 1430 1432 1432 1433 1433 1431 1431 1434 1434 1432 1432 1435 1435 1432 1432 1434 1434 1432 1432 1435 1435 1436 1436 1437 1437 1438 1438 1407 1407 1439 1439 1407 1407 1438 1438 1407 1407 1439 1439 1440 1440 1440 1440 1441 1441 1407 1407 1442 1442 1407 1407 1441 1441 1407 1407 1442 1442 1443 1443 1406 1406 1404 1404 1407 1407 1324 1324 1407 1407 1404 1404 1407 1407 1324 1324 1437 1437 1444 1444 1437 1437 1324 1324 1436 1436 1445 1445 1324 1324 1446 1446 1324 1324 1445 1445 1324 1324 1446 1446 1447 1447 1447 1447 1448 1448 1324 1324 1449 1449 1324 1324 1448 1448 1324 1324 1449 1449 1444 1444 1442 1442 1450 1450 1443 1443 1451 1451 1443 1443 1450 1450 1443 1443 1451 1451 1452 1452 1453 1453 1452 1452 1451 1451 1452 1452 1453 1453 1454 1454 1455 1455 1454 1454 1453 1453 1454 1454 1455 1455 1456 1456 1457 1457 1456 1456 1455 1455 1456 1456 1457 1457 1458 1458 1459 1459 1460 1460 1456 1456 1456 1456 1460 1460 1461 1461 1462 1462 1461 1461 1460 1460 1461 1461 1462 1462 1463 1463 1464 1464 1465 1465 1466 1466 1467 1467 1314 1314 1342 1342 1313 1313 1342 1342 1314 1314 1342 1342 1313 1313 1344 1344 1467 1467 1468 1468 1314 1314 1469 1469 1314 1314 1468 1468 1314 1314 1469 1469 1470 1470 1471 1471 1470 1470 1469 1469 1470 1470 1471 1471 1466 1466 1472 1472 1466 1466 1471 1471 1466 1466 1472 1472 1464 1464 1376 1376 1362 1362 1374 1374 1364 1364 1374 1374 1362 1362 1374 1374 1364 1364 1473 1473 1474 1474 1473 1473 1364 1364 1475 1475 1476 1476 1477 1477 1478 1478 1477 1477 1476 1476 1474 1474 1479 1479 1473 1473 1476 1476 1473 1473 1479 1479 1473 1473 1476 1476 1480 1480 1475 1475 1480 1480 1476 1476 1305 1305 1304 1304 1354 1354 1481 1481 1354 1354 1304 1304 1354 1354 1481 1481 1482 1482 1483 1483 1484 1484 1485 1485 1354 1354 1486 1486 1483 1483 1482 1482 1487 1487 1354 1354 1488 1488 1354 1354 1487 1487 1354 1354 1488 1488 1486 1486 1484 1484 1489 1489 1485 1485 1490 1490 1485 1485 1489 1489 1485 1485 1490 1490 1491 1491 1490 1490 1492 1492 1491 1491 1493 1493 1491 1491 1492 1492 1491 1491 1493 1493 1494 1494 1495 1495 1494 1494 1493 1493 1494 1494 1495 1495 1496 1496 1497 1497 1496 1496 1495 1495 1496 1496 1497 1497 1498 1498 1499 1499 1498 1498 1497 1497 1498 1498 1499 1499 1500 1500 1501 1501 1500 1500 1499 1499 1500 1500 1501 1501 1502 1502 1503 1503 1502 1502 1501 1501 1502 1502 1503 1503 1504 1504 1503 1503 1505 1505 1504 1504 1506 1506 1504 1504 1505 1505 1504 1504 1506 1506 1305 1305 1507 1507 1305 1305 1506 1506 1305 1305 1507 1507 1508 1508 1508 1508 1509 1509 1305 1305 1510 1510 1305 1305 1509 1509 1305 1305 1510 1510 1303 1303 1368 1368 1356 1356 1364 1364 1511 1511 1364 1364 1356 1356 1364 1364 1511 1511 1512 1512 1513 1513 1474 1474 1514 1514 1515 1515 1516 1516 1356 1356 1517 1517 1356 1356 1516 1516 1356 1356 1517 1517 1511 1511 1512 1512 1518 1518 1364 1364 1519 1519 1364 1364 1518 1518 1364 1364 1519 1519 1520 1520 1521 1521 1522 1522 1474 1474 1523 1523 1474 1474 1522 1522 1474 1474 1523 1523 1514 1514 1514 1514 1524 1524 1513 1513 1525 1525 1513 1513 1524 1524 1513 1513 1525 1525 1526 1526 1520 1520 1527 1527 1364 1364 1528 1528 1364 1364 1527 1527 1364 1364 1528 1528 1474 1474 1529 1529 1474 1474 1528 1528 1474 1474 1529 1529 1521 1521 1526 1526 1530 1530 1513 1513 1531 1531 1513 1513 1530 1530 1513 1513 1531 1531 1532 1532 1533 1533 1534 1534 1356 1356 1535 1535 1356 1356 1534 1534 1356 1356 1535 1535 1515 1515 1483 1483 1485 1485 1354 1354 1513 1513 1354 1354 1485 1485 1354 1354 1513 1513 1356 1356 1532 1532 1356 1356 1513 1513 1356 1356 1532 1532 1533 1533 1302 1302 1301 1301 1470 1470 1536 1536 1537 1537 1302 1302 1301 1301 1538 1538 1470 1470 1539 1539 1470 1470 1538 1538 1470 1470 1539 1539 1540 1540 1541 1541 1542 1542 1314 1314 1543 1543 1314 1314 1542 1542 1314 1314 1543 1543 1544 1544 1317 1317 1545 1545 1546 1546 1546 1546 1547 1547 1317 1317 1548 1548 1317 1317 1547 1547 1317 1317 1548 1548 1549 1549 1537 1537 1550 1550 1302 1302 1551 1551 1302 1302 1550 1550 1302 1302 1551 1551 1300 1300 1540 1540 1552 1552 1470 1470 1553 1553 1470 1470 1552 1552 1470 1470 1553 1553 1314 1314 1554 1554 1314 1314 1553 1553 1314 1314 1554 1554 1541 1541 1544 1544 1555 1555 1314 1314 1556 1556 1314 1314 1555 1555 1314 1314 1556 1556 1317 1317 1557 1557 1317 1317 1556 1556 1317 1317 1557 1557 1545 1545 1436 1436 1324 1324 1432 1432 1317 1317 1432 1432 1324 1324 1432 1432 1317 1317 1302 1302 1549 1549 1302 1302 1317 1317 1302 1302 1549 1549 1536 1536 1466 1466 1558 1558 1470 1470 1559 1559 1470 1470 1558 1558 1470 1470 1559 1559 1302 1302 1459 1459 1302 1302 1559 1559 1302 1302 1459 1459 1432 1432 1456 1456 1432 1432 1459 1459 1432 1432 1456 1456 1433 1433 1458 1458 1433 1433 1456 1456 1560 1560 1561 1561 1562 1562 1563 1563 1564 1564 1565 1565 1566 1566 1565 1565 1564 1564 1565 1565 1566 1566 1567 1567 1568 1568 1567 1567 1566 1566 1567 1567 1568 1568 1569 1569 1570 1570 1569 1569 1568 1568 1571 1571 1572 1572 1573 1573 1574 1574 1573 1573 1572 1572 1560 1560 1562 1562 1575 1575 1576 1576 1575 1575 1562 1562 1575 1575 1576 1576 1577 1577 1578 1578 1579 1579 1580 1580 1577 1577 1580 1580 1579 1579 1580 1580 1577 1577 1581 1581 1576 1576 1581 1581 1577 1577 1570 1570 1568 1568 1582 1582 1583 1583 1582 1582 1568 1568 1582 1582 1583 1583 1584 1584 1574 1574 1572 1572 1585 1585 1586 1586 1585 1585 1572 1572 1585 1585 1586 1586 1587 1587 1588 1588 1587 1587 1586 1586 1587 1587 1588 1588 1589 1589 1571 1571 1590 1590 1572 1572 1591 1591 1572 1572 1590 1590 1572 1572 1591 1591 1592 1592 1593 1593 1592 1592 1591 1591 1592 1592 1593 1593 1594 1594 1595 1595 1596 1596 1597 1597 1584 1584 1598 1598 1582 1582 1599 1599 1582 1582 1598 1598 1582 1582 1599 1599 1600 1600 1563 1563 1601 1601 1564 1564 1602 1602 1564 1564 1601 1601 1564 1564 1602 1602 1603 1603 1587 1587 1603 1603 1602 1602 1603 1603 1587 1587 1604 1604 1589 1589 1604 1604 1587 1587 1594 1594 1605 1605 1592 1592 1606 1606 1592 1592 1605 1605 1592 1592 1606 1606 1607 1607 1562 1562 1607 1607 1606 1606 1607 1607 1562 1562 1608 1608 1561 1561 1608 1608 1562 1562 1595 1595 1597 1597 1609 1609 1578 1578 1610 1610 1579 1579 1611 1611 1579 1579 1610 1610 1579 1579 1611 1611 1597 1597 1612 1612 1597 1597 1611 1611 1597 1597 1612 1612 1609 1609 1596 1596 1613 1613 1614 1614 1614 1614 1615 1615 1596 1596 1616 1616 1596 1596 1615 1615 1596 1596 1616 1616 1597 1597 543 543 1617 1617 544 544 1618 1618 544 544 1617 1617 1619 1619 1620 1620 1621 1621 1622 1622 1623 1623 1624 1624 1625 1625 1626 1626 1627 1627 1628 1628 1629 1629 1630 1630 1629 1629 1631 1631 1630 1630 1632 1632 1630 1630 1631 1631 1630 1630 1632 1632 1633 1633 1634 1634 1635 1635 1636 1636 1637 1637 1636 1636 1635 1635 1636 1636 1637 1637 1638 1638 1633 1633 1639 1639 1630 1630 1640 1640 1630 1630 1639 1639 1630 1630 1640 1640 1641 1641 1642 1642 1641 1641 1640 1640 1642 1642 1643 1643 1641 1641 1644 1644 1641 1641 1643 1643 1641 1641 1644 1644 1645 1645 1646 1646 1647 1647 1648 1648 1649 1649 1648 1648 1647 1647 1648 1648 1649 1649 1636 1636 1650 1650 1636 1636 1649 1649 1636 1636 1650 1650 1634 1634 1645 1645 1651 1651 1641 1641 1652 1652 1641 1641 1651 1651 1641 1641 1652 1652 1648 1648 1653 1653 1648 1648 1652 1652 1648 1648 1653 1653 1646 1646 1638 1638 1654 1654 1636 1636 1655 1655 1636 1636 1654 1654 1636 1636 1655 1655 1656 1656 1655 1655 1657 1657 1656 1656 1658 1658 1656 1656 1657 1657 1656 1656 1658 1658 1659 1659 1628 1628 1659 1659 1658 1658 1660 1660 1661 1661 1662 1662 1660 1660 1662 1662 1663 1663 1664 1664 1665 1665 1636 1636 1666 1666 1636 1636 1665 1665 1636 1636 1666 1666 1667 1667 1668 1668 1669 1669 1648 1648 1670 1670 1648 1648 1669 1669 1648 1648 1670 1670 1671 1671 1672 1672 1671 1671 1670 1670 1672 1672 1673 1673 1671 1671 1674 1674 1671 1671 1673 1673 1671 1671 1674 1674 1675 1675 1675 1675 1676 1676 1671 1671 1677 1677 1671 1671 1676 1676 1671 1671 1677 1677 1662 1662 1678 1678 1662 1662 1677 1677 1662 1662 1678 1678 1663 1663 1667 1667 1679 1679 1636 1636 1680 1680 1636 1636 1679 1679 1636 1636 1680 1680 1648 1648 1681 1681 1648 1648 1680 1680 1648 1648 1681 1681 1668 1668 1661 1661 1682 1682 1662 1662 1683 1683 1662 1662 1682 1682 1662 1662 1683 1683 1684 1684 1683 1683 1685 1685 1684 1684 1686 1686 1684 1684 1685 1685 1684 1684 1686 1686 1656 1656 1687 1687 1656 1656 1686 1686 1656 1656 1687 1687 1636 1636 1688 1688 1636 1636 1687 1687 1636 1636 1688 1688 1664 1664 1626 1626 1689 1689 1627 1627 1690 1690 1627 1627 1689 1689 1627 1627 1690 1690 1691 1691 1691 1691 1692 1692 1627 1627 1693 1693 1627 1627 1692 1692 1627 1627 1693 1693 1694 1694 1695 1695 1694 1694 1693 1693 1695 1695 1696 1696 1694 1694 1697 1697 1694 1694 1696 1696 1694 1694 1697 1697 1698 1698 1641 1641 1699 1699 1625 1625 1699 1699 1641 1641 1700 1700 1648 1648 1700 1700 1641 1641 1700 1700 1648 1648 1701 1701 1702 1702 1701 1701 1648 1648 1701 1701 1702 1702 1703 1703 1704 1704 1705 1705 1706 1706 1707 1707 1708 1708 1702 1702 1709 1709 1702 1702 1708 1708 1702 1702 1709 1709 1703 1703 1705 1705 1710 1710 1706 1706 1711 1711 1706 1706 1710 1710 1706 1706 1711 1711 1702 1702 1712 1712 1702 1702 1711 1711 1702 1702 1712 1712 1707 1707 1713 1713 1714 1714 1715 1715 1716 1716 1715 1715 1714 1714 1715 1715 1716 1716 1717 1717 1718 1718 1717 1717 1716 1716 1717 1717 1718 1718 1706 1706 1719 1719 1706 1706 1718 1718 1706 1706 1719 1719 1704 1704 1720 1720 1721 1721 1706 1706 1722 1722 1702 1702 1723 1723 1724 1724 1723 1723 1702 1702 1722 1722 1725 1725 1702 1702 1726 1726 1702 1702 1725 1725 1702 1702 1726 1726 1706 1706 1727 1727 1706 1706 1726 1726 1706 1706 1727 1727 1720 1720 1671 1671 1728 1728 1729 1729 1729 1729 1730 1730 1671 1671 1731 1731 1671 1671 1730 1730 1671 1671 1731 1731 1648 1648 1732 1732 1648 1648 1731 1731 1648 1648 1732 1732 1702 1702 1733 1733 1702 1702 1732 1732 1702 1702 1733 1733 1724 1724 1734 1734 1735 1735 1736 1736 1737 1737 1736 1736 1735 1735 1736 1736 1737 1737 1738 1738 1739 1739 1740 1740 1728 1728 1740 1740 1741 1741 1728 1728 1742 1742 1728 1728 1741 1741 1728 1728 1742 1742 1729 1729 1738 1738 1743 1743 1736 1736 1744 1744 1736 1736 1743 1743 1736 1736 1744 1744 1728 1728 1745 1745 1728 1728 1744 1744 1728 1728 1745 1745 1739 1739 1746 1746 1747 1747 1717 1717 1721 1721 1748 1748 1706 1706 1749 1749 1706 1706 1748 1748 1706 1706 1749 1749 1717 1717 1750 1750 1717 1717 1749 1749 1717 1717 1750 1750 1746 1746 1622 1622 1624 1624 1751 1751 1621 1621 1620 1620 1624 1624 1752 1752 1624 1624 1620 1620 1624 1624 1752 1752 1751 1751 1698 1698 1713 1713 1694 1694 1715 1715 1694 1694 1713 1713 1694 1694 1715 1715 1621 1621 1753 1753 1621 1621 1715 1715 1621 1621 1753 1753 1754 1754 1754 1754 1755 1755 1621 1621 1756 1756 1621 1621 1755 1755 1621 1621 1756 1756 1619 1619 1757 1757 1758 1758 1759 1759 1757 1757 1759 1759 1760 1760 1746 1746 1734 1734 1747 1747 1736 1736 1747 1747 1734 1734 1747 1747 1736 1736 1759 1759 1761 1761 1759 1759 1736 1736 1759 1759 1761 1761 1760 1760 1762 1762 1763 1763 1764 1764 1765 1765 1764 1764 1763 1763 1766 1766 1767 1767 1728 1728 1768 1768 1728 1728 1767 1767 1728 1728 1768 1768 1769 1769 1769 1769 1770 1770 1728 1728 1771 1771 1728 1728 1770 1770 1728 1728 1771 1771 1736 1736 1772 1772 1736 1736 1771 1771 1736 1736 1772 1772 1773 1773 1773 1773 1774 1774 1736 1736 1775 1775 1736 1736 1774 1774 1736 1736 1775 1775 1776 1776 1777 1777 1778 1778 1761 1761 1779 1779 1761 1761 1778 1778 1761 1761 1779 1779 1780 1780 1781 1781 1780 1780 1779 1779 1780 1780 1781 1781 1782 1782 1783 1783 1782 1782 1781 1781 1782 1782 1783 1783 1784 1784 1785 1785 1784 1784 1783 1783 1784 1784 1785 1785 1764 1764 1786 1786 1764 1764 1785 1785 1764 1764 1786 1786 1762 1762 1776 1776 1787 1787 1736 1736 1788 1788 1736 1736 1787 1787 1736 1736 1788 1788 1761 1761 1789 1789 1761 1761 1788 1788 1761 1761 1789 1789 1777 1777 1790 1790 1791 1791 1792 1792 1793 1793 1792 1792 1791 1791 1794 1794 1795 1795 1627 1627 1796 1796 1627 1627 1795 1795 1624 1624 1797 1797 1798 1798 1799 1799 1800 1800 1621 1621 1801 1801 1621 1621 1800 1800 1621 1621 1801 1801 1802 1802 1796 1796 1803 1803 1627 1627 1804 1804 1627 1627 1803 1803 1627 1627 1804 1804 1624 1624 1805 1805 1624 1624 1804 1804 1624 1624 1805 1805 1797 1797 1806 1806 1694 1694 1807 1807 1808 1808 1807 1807 1694 1694 1798 1798 1809 1809 1624 1624 1810 1810 1624 1624 1809 1809 1624 1624 1810 1810 1621 1621 1811 1811 1621 1621 1810 1810 1621 1621 1811 1811 1799 1799 1806 1806 1812 1812 1694 1694 1813 1813 1694 1694 1812 1812 1694 1694 1813 1813 1627 1627 1814 1814 1627 1627 1813 1813 1627 1627 1814 1814 1794 1794 1802 1802 1815 1815 1621 1621 1816 1816 1621 1621 1815 1815 1621 1621 1816 1816 1694 1694 1817 1817 1694 1694 1816 1816 1694 1694 1817 1817 1808 1808 1625 1625 1627 1627 1641 1641 1624 1624 1641 1641 1627 1627 1641 1641 1624 1624 1793 1793 1623 1623 1793 1793 1624 1624 1793 1793 1623 1623 1792 1792 1818 1818 1819 1819 1630 1630 1820 1820 1630 1630 1819 1819 1630 1630 1820 1820 1821 1821 1821 1821 1822 1822 1630 1630 1823 1823 1630 1630 1822 1822 1630 1630 1823 1823 1791 1791 1824 1824 1791 1791 1823 1823 1824 1824 1825 1825 1791 1791 1826 1826 1791 1791 1825 1825 1791 1791 1826 1826 1827 1827 1828 1828 1793 1793 1829 1829 1830 1830 1829 1829 1793 1793 1641 1641 1831 1831 1832 1832 1827 1827 1833 1833 1791 1791 1834 1834 1791 1791 1833 1833 1791 1791 1834 1834 1793 1793 1835 1835 1793 1793 1834 1834 1793 1793 1835 1835 1830 1830 1828 1828 1836 1836 1793 1793 1837 1837 1793 1793 1836 1836 1793 1793 1837 1837 1641 1641 1838 1838 1641 1641 1837 1837 1641 1641 1838 1838 1831 1831 1832 1832 1839 1839 1641 1641 1840 1840 1641 1641 1839 1839 1641 1641 1840 1840 1630 1630 1841 1841 1630 1630 1840 1840 1630 1630 1841 1841 1818 1818 1628 1628 1630 1630 1659 1659 1791 1791 1659 1659 1630 1630 1659 1659 1791 1791 1842 1842 1790 1790 1842 1842 1791 1791 1842 1842 1790 1790 1843 1843 1671 1671 1844 1844 1728 1728 1764 1764 1728 1728 1844 1844 1728 1728 1764 1764 1766 1766 1765 1765 1766 1766 1764 1764 1845 1845 1846 1846 1847 1847 1848 1848 1847 1847 1846 1846 1662 1662 1849 1849 1850 1850 1848 1848 1851 1851 1847 1847 1852 1852 1847 1847 1851 1851 1847 1847 1852 1852 1853 1853 1850 1850 1854 1854 1662 1662 1855 1855 1662 1662 1854 1854 1662 1662 1855 1855 1856 1856 1857 1857 1671 1671 1858 1858 1662 1662 1858 1858 1671 1671 1858 1858 1662 1662 1859 1859 1856 1856 1859 1859 1662 1662 1857 1857 1860 1860 1671 1671 1861 1861 1671 1671 1860 1860 1671 1671 1861 1861 1862 1862 1863 1863 1864 1864 1844 1844 1865 1865 1844 1844 1864 1864 1844 1844 1865 1865 1847 1847 1866 1866 1847 1847 1865 1865 1847 1847 1866 1866 1845 1845 1862 1862 1867 1867 1671 1671 1868 1868 1671 1671 1867 1867 1671 1671 1868 1868 1844 1844 1869 1869 1844 1844 1868 1868 1844 1844 1869 1869 1863 1863 1684 1684 1870 1870 1662 1662 1847 1847 1662 1662 1870 1870 1662 1662 1847 1847 1849 1849 1853 1853 1849 1849 1847 1847 1871 1871 1872 1872 1873 1873 1874 1874 1875 1875 1876 1876 1877 1877 1876 1876 1875 1875 1876 1876 1877 1877 1873 1873 1878 1878 1873 1873 1877 1877 1873 1873 1878 1878 1871 1871 106 106 104 104 1879 1879 1880 1880 1879 1879 104 104 1879 1879 1880 1880 1881 1881 1882 1882 1881 1881 1880 1880 1881 1881 1882 1882 1883 1883 1884 1884 1883 1883 1882 1882 1883 1883 1884 1884 1885 1885 1886 1886 1885 1885 1884 1884 1885 1885 1886 1886 1887 1887 1888 1888 1887 1887 1886 1886 1887 1887 1888 1888 1889 1889 1890 1890 1889 1889 1888 1888 1889 1889 1890 1890 1891 1891 1892 1892 1891 1891 1890 1890 1891 1891 1892 1892 1893 1893 1894 1894 1893 1893 1892 1892 1893 1893 1894 1894 1895 1895 1896 1896 1895 1895 1894 1894 1895 1895 1896 1896 1897 1897 1898 1898 1897 1897 1896 1896 1897 1897 1898 1898 1899 1899 1900 1900 1899 1899 1898 1898 1899 1899 1900 1900 1617 1617 1618 1618 1617 1617 1900 1900 1901 1901 1902 1902 1903 1903 1904 1904 1903 1903 1902 1902 1903 1903 1904 1904 1905 1905 1906 1906 1905 1905 1904 1904 1905 1905 1906 1906 1907 1907 1908 1908 1907 1907 1906 1906 1907 1907 1908 1908 1909 1909 1910 1910 1909 1909 1908 1908 1909 1909 1910 1910 1911 1911 1912 1912 1911 1911 1910 1910 1911 1911 1912 1912 1913 1913 1914 1914 1913 1913 1912 1912 1913 1913 1914 1914 1915 1915 1916 1916 1915 1915 1914 1914 1915 1915 1916 1916 1917 1917 1918 1918 1917 1917 1916 1916 1917 1917 1918 1918 1919 1919 1920 1920 1919 1919 1918 1918 1919 1919 1920 1920 1921 1921 1922 1922 1921 1921 1920 1920 1921 1921 1922 1922 1923 1923 1924 1924 1923 1923 1922 1922 1923 1923 1924 1924 108 108 110 110 108 108 1924 1924 615 615 1902 1902 616 616 1901 1901 616 616 1902 1902 1925 1925 1926 1926 1927 1927 1928 1928 1927 1927 1926 1926 1927 1927 1928 1928 1929 1929 1930 1930 1929 1929 1928 1928 1929 1929 1930 1930 1931 1931 1932 1932 1931 1931 1930 1930 1931 1931 1932 1932 1933 1933 1934 1934 1933 1933 1932 1932 1933 1933 1934 1934 1935 1935 1936 1936 1935 1935 1934 1934 1935 1935 1936 1936 1937 1937 1938 1938 1937 1937 1936 1936 1937 1937 1938 1938 1939 1939 1940 1940 1939 1939 1938 1938 1939 1939 1940 1940 1941 1941 1942 1942 1941 1941 1940 1940 1941 1941 1942 1942 1943 1943 1944 1944 1943 1943 1942 1942 1943 1943 1944 1944 1945 1945 1946 1946 1945 1945 1944 1944 1945 1945 1946 1946 1947 1947 1948 1948 1947 1947 1946 1946 1947 1947 1948 1948 1949 1949 1950 1950 1949 1949 1948 1948 1949 1949 1950 1950 1951 1951 1952 1952 1951 1951 1950 1950 1951 1951 1952 1952 1953 1953 1954 1954 1953 1953 1952 1952 1953 1953 1954 1954 1955 1955 1956 1956 1955 1955 1954 1954 1955 1955 1956 1956 1957 1957 1958 1958 1957 1957 1956 1956 1957 1957 1958 1958 1959 1959 1960 1960 1959 1959 1958 1958 1959 1959 1960 1960 1961 1961 1962 1962 1961 1961 1960 1960 1961 1961 1962 1962 1963 1963 1964 1964 1963 1963 1962 1962 1963 1963 1964 1964 1965 1965 1966 1966 1965 1965 1964 1964 1965 1965 1966 1966 1967 1967 1968 1968 1967 1967 1966 1966 1967 1967 1968 1968 1969 1969 1970 1970 1969 1969 1968 1968 1969 1969 1970 1970 1971 1971 1972 1972 1971 1971 1970 1970 1971 1971 1972 1972 1925 1925 1926 1926 1925 1925 1972 1972</p>
        </triangles>
      </mesh>
    </geometry>
    <geometry id="687e7e3f5c4b4540b6a194756c5b69e2" name="7056c22537ba46d3bebd98609abe9d8d">
      <mesh>
        <source id="verts-array">
          <float_array count="5928" id="verts-array-array">-0.0001551981 0.01070549 0.02346852 -0.0007621855 0.01089566 0.02362414 -0.0001709569 0.01069255 0.02342287 -0.0007779444 0.01088272 0.02357849 -0.007090464 0.006591487 0.006164731 -0.007315819 0.006820486 0.00617761 -0.007106223 0.006578547 0.006119078 -0.007331578 0.006807545 0.006131957 -0.006159335 0.005775133 0.006074716 -0.006766323 0.005965301 0.006230337 -0.006175094 0.005762193 0.006029063 -0.006782082 0.00595236 0.006184684 -0.002074188 0.003211737 -0.0006325192 -0.002499185 0.001289202 5.913662e-05 0.007381146 0.01097608 0.0267593 0.006956149 0.009053544 0.02745095 0.005449181 0.008260121 0.02222711 0.005433422 0.00824718 0.02218145 0.005591736 0.008904989 0.02199511 0.005575977 0.008892048 0.02194945 -0.0005707154 0.003316824 0.004787648 -0.0004281604 0.003961691 0.004555649 -0.0005549565 0.003329764 0.004833301 -0.0004124015 0.003974632 0.004601302 -0.005013748 0.01747976 0.02317067 -0.005138058 0.01781412 0.02311881 -0.005352941 0.01729042 0.02334143 -0.005477229 0.01762497 0.0232895 -0.006737741 0.01102608 0.0255951 -0.00694353 0.01099195 0.02567581 -0.006520779 0.0106625 0.02562327 -0.006726529 0.01062845 0.02570394 -0.003052041 0.00957575 0.02473395 -0.003271185 0.009545903 0.02481805 0.007622055 0.006231581 0.02199729 0.007800469 0.00607718 0.02197947 0.01109079 0.005144833 0.02110797 0.01125581 0.004994628 0.02109358 0.01142999 0.005334176 0.02093721 0.01159498 0.005183879 0.02092286 0.01281479 0.01159851 0.01868354 0.01306129 0.0118169 0.01853655 0.01259782 0.0119621 0.01865537 0.01284428 0.0121803 0.01850845 -0.001059589 0.01653635 0.02207316 -0.0007397315 0.01618988 0.02206096 0.008344132 0.01334392 0.01973201 0.008765814 0.01345807 0.0195541 -0.01015141 0.005926122 0.001386239 -0.01018119 0.005791437 0.001434694 -0.01002534 0.006029647 0.001751463 -0.01005512 0.005894962 0.001799918 -0.005130334 0.01234602 0.03025171 -0.003745534 0.01861036 0.02799804 -0.006737741 0.01102608 0.0255951 -0.005352941 0.01729042 0.02334143 -0.005477229 0.01762497 0.0232895 -0.005138058 0.01781412 0.02311881 -0.01146561 0.01270755 0.00594135 -0.01112644 0.01289671 0.005770656 -0.01433353 0.004788729 0.003590342 -0.01411656 0.004425144 0.003618509 -0.01272612 0.006108667 0.008246951 -0.01250916 0.005745082 0.008275118 0.005441607 0.0004167595 0.003589063 0.005102414 0.0002274165 0.003759819 0.0038342 -0.0009031785 -0.001067546 0.003495007 -0.001092522 -0.0008967904 -0.005013748 0.01747976 0.02317067 -0.005352941 0.01729042 0.02334143 -0.003406341 0.0187997 0.02782728 -0.003745534 0.01861036 0.02799804 0.01420523 0.01328204 0.02331198 0.01442219 0.01291845 0.02334015 0.01259782 0.0119621 0.01865537 0.01281479 0.01159851 0.01868354 -0.009975413 0.004583039 0.001706189 -0.009849342 0.004686563 0.002071413 -0.009955595 0.004594856 0.001695998 -0.009829524 0.00469838 0.002061223 -0.009939758 0.004611664 0.001685767 -0.009813687 0.004715188 0.002050992 -0.009928931 0.004632306 0.001676179 -0.009802859 0.004735831 0.002041403 -0.009923778 0.004655614 0.001667794 -0.009797707 0.004759138 0.002033018 -0.009924667 0.004679927 0.001661209 -0.009798596 0.004783452 0.002026433 -0.009931503 0.004703838 0.001656791 -0.009805432 0.004807363 0.002022015 -0.009943868 0.004725739 0.001654851 -0.009817796 0.004829263 0.002020075 -0.009918093 0.006335196 0.001627832 -0.01004416 0.006231672 0.001262608 -0.00974228 0.006601238 0.001491733 -0.009868351 0.006497714 0.001126509 -0.009507344 0.006813395 0.001350499 -0.009633416 0.00670987 0.0009852751 -0.009225793 0.006960512 0.00121161 -0.009351864 0.006856987 0.0008463858 -0.008912683 0.007034601 0.001082527 -0.009038754 0.006931076 0.0007173031 -0.008584739 0.00703174 0.0009701357 -0.00871081 0.006928215 0.0006049115 0.000597216 0.002701624 -0.0009719754 0.0004711449 0.002598099 -0.0013372 0.000504129 0.002926916 -0.00144179 0.0006302001 0.00303044 -0.001076566 0.0004610955 0.003261522 -0.001521781 0.0005871666 0.003365046 -0.001156557 0.0003443182 0.003583869 -0.001572842 0.0004703893 0.003687393 -0.001207617 0.000160071 0.00387692 -0.001592308 0.0002861422 0.003980444 -0.001227084 -8.184293e-05 0.004124896 -0.001579093 4.422819e-05 0.004228421 -0.001213868 -0.0003684869 0.004314585 -0.001533915 -0.0002424158 0.004418109 -0.00116869 -0.0008221503 0.01358694 0.02841283 -0.0006960792 0.01369046 0.02877806 -0.0005888298 0.01399601 0.02865443 -0.000714901 0.01389249 0.0282892 -0.0004130164 0.01426206 0.02851833 -0.0005390876 0.01415853 0.0281531 -0.0001780814 0.01447421 0.02837709 -0.0003041525 0.01437069 0.02801187 0.0001034698 0.01462133 0.0282382 -2.260136e-05 0.0145178 0.02787298 0.0004165798 0.01469542 0.02810912 0.0002905087 0.01459189 0.0277439 0.000744524 0.01469256 0.02799673 0.0006184529 0.01458903 0.0276315 0.009926479 0.01036244 0.02605462 0.009800408 0.01025892 0.02568939 0.009833392 0.01058773 0.0255848 0.009959463 0.01069126 0.02595003 0.009790359 0.01092234 0.02550481 0.00991643 0.01102586 0.02587004 0.009673581 0.01124469 0.02545375 0.009799652 0.01134821 0.02581898 0.009489334 0.01153774 0.02543428 0.009615405 0.01164126 0.02579951 0.00924742 0.01178571 0.0254475 0.009373491 0.01188924 0.02581272 0.008960776 0.0119754 0.02549268 0.009086847 0.01207893 0.0258579 0.0006872663 0.01490032 0.02751952 -0.008515926 0.007343027 0.0008581464 0.00902959 0.01228669 0.02538069 -0.0001736024 0.004729396 -0.00128068 -0.006175094 0.005762193 0.006029063 -0.006317649 0.005117325 0.006261062 -0.006159335 0.005775133 0.006074716 -0.00630189 0.005130265 0.006306715 -0.0002977531 0.01006062 0.02370052 -0.0001551981 0.01070549 0.02346852 -0.000313512 0.01004768 0.02365487 -0.0001709569 0.01069255 0.02342287 0.001773251 0.01273302 0.02819706 0.001348254 0.01081048 0.02888872 -0.007682083 0.004968678 0.0008052472 -0.00810708 0.003046143 0.001496903 -0.0004885334 0.01249008 0.02904667 -0.0006146045 0.01238656 0.02868144 -0.0004761687 0.01246818 0.02904861 -0.0006022399 0.01236466 0.02868338 -0.0004693331 0.01244427 0.02905303 -0.0005954042 0.01234074 0.0286878 -0.000468444 0.01241996 0.02905961 -0.0005945151 0.01231643 0.02869439 -0.0004735964 0.01239665 0.029068 -0.0005996675 0.01229312 0.02870277 -0.0004844236 0.01237601 0.02907758 -0.0006104947 0.01227248 0.02871236 -0.0005002605 0.0123592 0.02908782 -0.0006263317 0.01225567 0.02872259 -0.0005200788 0.01234738 0.02909801 -0.0006461499 0.01224386 0.02873278 -0.001752438 0.009815367 0.02421742 -0.001886155 0.009210481 0.02443503 -0.007740816 0.00489795 0.006869266 -0.007874533 0.004293065 0.007086881 -0.0003339372 0.01012111 0.02369586 -0.0009261031 0.01030664 0.02384768 -0.0003496961 0.01010817 0.02365021 -0.000941862 0.0102937 0.02380203 -0.0002058551 0.001674841 -0.0008418054 -7.978398e-05 0.001778366 -0.0004765811 -0.0002256826 0.001663027 -0.0008316123 -9.961146e-05 0.001766552 -0.0004663881 -0.0002415103 0.001646216 -0.0008213837 -0.0001154392 0.001749741 -0.0004561595 -0.0002523375 0.001625573 -0.0008117949 -0.0001262664 0.001729098 -0.0004465707 -0.0002574898 0.001602266 -0.0008034098 -0.0001314187 0.001705791 -0.0004381856 -0.0002566007 0.001577953 -0.0007968249 -0.0001305296 0.001681477 -0.0004316007 -0.0002497744 0.001554044 -0.0007924044 -0.0001237033 0.001657569 -0.0004271802 -0.0002374005 0.001532141 -0.0007904672 -0.0001113294 0.001635666 -0.000425243 -0.001086327 0.01152184 0.02355853 -0.001311682 0.01175084 0.02357141 -0.001102085 0.0115089 0.02351288 -0.001327441 0.0117379 0.02352576 -0.005313514 0.01083263 0.02170837 -0.004152708 0.0160837 0.01981924 -0.005004144 0.01071926 0.02158334 -0.003843339 0.01597033 0.0196942 -0.004744824 0.01058982 0.02138288 -0.003584018 0.01584089 0.01949374 -0.004553302 0.01045308 0.02112049 -0.003392496 0.01570415 0.01923136 -0.004442563 0.01031842 0.02081422 -0.003281758 0.01556948 0.01892508 -0.004420139 0.01019501 0.02048496 -0.003259334 0.01544607 0.01859583 -0.004487655 0.01009119 0.02015492 -0.00332685 0.01534226 0.01826578 -0.004640417 0.01001412 0.01984683 -0.003479611 0.01526519 0.01795769 -0.004868053 0.009969022 0.01958159 -0.003707248 0.01522009 0.01769245 -0.005155008 0.009958988 0.01937737 -0.003994202 0.01521005 0.01748823 -0.005481804 0.009984641 0.01924787 -0.004320998 0.01523571 0.01735873 -0.005826128 0.01004428 0.01920208 -0.004665323 0.01529535 0.01731294 -0.006164494 0.01013384 0.01924311 -0.005003688 0.01538491 0.01735397 -0.006473872 0.01024722 0.01936815 -0.005313067 0.01549829 0.01747901 -0.006733152 0.01037669 0.01956869 -0.005572347 0.01562775 0.01767956 -0.006924674 0.01051342 0.01983108 -0.005763869 0.01576449 0.01794195 -0.007035454 0.01064806 0.02013727 -0.005874648 0.01589913 0.01824813 -0.007057837 0.0107715 0.02046661 -0.005897031 0.01602256 0.01857747 -0.006990352 0.01087528 0.02079657 -0.005829547 0.01612635 0.01890743 -0.006837559 0.01095238 0.02110475 -0.005676754 0.01620345 0.01921561 -0.006609964 0.01099746 0.0213699 -0.005449158 0.01624853 0.01948076 -0.006322968 0.01100752 0.02157421 -0.005162163 0.01625858 0.01968507 -0.005996172 0.01098186 0.0217037 -0.004835367 0.01623293 0.01981457 -0.005651889 0.0109222 0.02174941 -0.004491083 0.01617327 0.01986027 0.01006053 0.01161428 0.01612949 0.01028492 0.01194301 0.01627625 0.01031985 0.01148483 0.01592903 0.01060185 0.01178479 0.01603121 0.01051138 0.0113481 0.01566665 0.01083596 0.0116177 0.01571059 0.01062211 0.01121343 0.01536037 0.01097129 0.01145308 0.01533619 0.01064454 0.01109002 0.01503112 0.01099868 0.01130223 0.01493371 0.01057702 0.01098621 0.01470107 0.01091617 0.01117537 0.01453038 0.01042426 0.01090914 0.01439298 0.01072948 0.01108118 0.01415387 0.01019662 0.01086404 0.01412774 0.01045125 0.01102605 0.01382964 0.00990967 0.010854 0.01392352 0.01010049 0.01101376 0.01357996 0.009582874 0.01087966 0.01379402 0.009701104 0.01104514 0.01342177 0.009238549 0.0109393 0.01374823 0.009280293 0.01111805 0.01336587 0.008900184 0.01102886 0.01378926 0.008866705 0.0112275 0.01341595 0.008590805 0.01114223 0.0139143 0.008488606 0.01136608 0.01356884 0.008331525 0.0112717 0.01411485 0.008171678 0.0115243 0.01381389 0.008140003 0.01140843 0.01437724 0.00793756 0.0116914 0.0141345 0.008029224 0.01154308 0.01468342 0.007802207 0.01185598 0.01450881 0.008006841 0.01166651 0.01501276 0.007774853 0.01200686 0.01491138 0.008074325 0.0117703 0.01534272 0.007857323 0.0121337 0.01531462 0.008227119 0.01184739 0.0156509 0.008044047 0.01222791 0.01569123 0.008454714 0.01189247 0.01591605 0.00832225 0.01228302 0.01601536 0.008741709 0.01190253 0.01612036 0.008673027 0.01229534 0.01626513 0.009068505 0.01187688 0.01624986 0.009072425 0.01226396 0.01642332 0.009412789 0.01181721 0.01629556 0.009493236 0.01219104 0.01647922 0.009751164 0.01172765 0.01625453 0.009906792 0.01208157 0.01642905 -0.006908878 0.005320433 0.006462336 -0.00630189 0.005130265 0.006306715 -0.006924637 0.005307493 0.006416683 -0.006317649 0.005117325 0.006261062 0.006908755 0.009026163 0.006998887 0.007133144 0.009354897 0.007145643 0.007168076 0.00889672 0.006798428 0.007450072 0.009196679 0.006900599 0.007359598 0.008759985 0.006536042 0.007684182 0.009029582 0.006579986 0.007470336 0.008625319 0.006229765 0.007819512 0.00886497 0.006205586 0.007492729 0.008501883 0.005900421 0.007846897 0.008714119 0.005803105 0.007425244 0.008398096 0.005570466 0.007764396 0.008587254 0.005399777 0.007272483 0.008321025 0.005262374 0.007577704 0.008493068 0.00502326 0.007044846 0.008275923 0.004997133 0.007299469 0.008437932 0.004699036 0.00675786 0.008265863 0.004792826 0.006948714 0.008425645 0.004449359 0.006431096 0.008291542 0.004663419 0.006549326 0.008457022 0.004291163 0.006086771 0.008351183 0.004617625 0.006128515 0.008529936 0.004235263 0.005748406 0.008440745 0.004658658 0.005714927 0.008639381 0.004285345 0.005439027 0.00855412 0.004783695 0.005336828 0.008777969 0.004438237 0.005179747 0.008683586 0.004984243 0.0050199 0.008936187 0.004683282 0.004988194 0.008820295 0.005246538 0.004785781 0.009103287 0.005003897 0.004877446 0.008954965 0.005552817 0.004650429 0.00926787 0.005378204 0.004855063 0.009078398 0.005882159 0.004623075 0.009418747 0.005780775 0.004922547 0.009182185 0.006212114 0.004705544 0.009545586 0.006184013 0.005075309 0.009259255 0.006520205 0.004892269 0.009639798 0.006560621 0.005302936 0.00930436 0.006785449 0.005170472 0.009694908 0.006884754 0.005589931 0.009314418 0.006989753 0.005521249 0.009707224 0.007134524 0.005916727 0.009288765 0.007119252 0.005920647 0.009675844 0.007292717 0.006261011 0.0092291 0.007164957 0.006341458 0.00960293 0.007348618 0.006599386 0.009139536 0.007123922 0.006755014 0.009493459 0.007298445 0.008590358 0.006476583 0.01814366 0.009751164 0.01172765 0.01625453 0.008899728 0.006363211 0.01801863 0.01006053 0.01161428 0.01612949 0.009159048 0.006233768 0.01781817 0.01031985 0.01148483 0.01592903 0.00935057 0.006097033 0.01755578 0.01051138 0.0113481 0.01566665 0.009461309 0.005962366 0.01724951 0.01062211 0.01121343 0.01536037 0.009483733 0.005838957 0.01692025 0.01064454 0.01109002 0.01503112 0.009416217 0.005735143 0.01659021 0.01057702 0.01098621 0.01470107 0.009263455 0.005658073 0.01628212 0.01042426 0.01090914 0.01439298 0.009035819 0.005612971 0.01601688 0.01019662 0.01086404 0.01412774 0.008748864 0.005602936 0.01581266 0.00990967 0.010854 0.01392352 0.008422068 0.005628589 0.01568316 0.009582874 0.01087966 0.01379402 0.008077744 0.005688231 0.01563737 0.009238549 0.0109393 0.01374823 0.007739378 0.005777793 0.0156784 0.008900184 0.01102886 0.01378926 0.00743 0.005891168 0.01580344 0.008590805 0.01114223 0.0139143 0.00717072 0.006020634 0.01600398 0.008331525 0.0112717 0.01411485 0.006979198 0.006157369 0.01626637 0.008140003 0.01140843 0.01437724 0.006868418 0.006292013 0.01657256 0.008029224 0.01154308 0.01468342 0.006846035 0.006415445 0.0169019 0.008006841 0.01166651 0.01501276 0.00691352 0.006519233 0.01723186 0.008074325 0.0117703 0.01534272 0.007066313 0.006596329 0.01754004 0.008227119 0.01184739 0.0156509 0.007293908 0.006641408 0.01780519 0.008454714 0.01189247 0.01591605 0.007580904 0.006651466 0.0180095 0.008741709 0.01190253 0.01612036 0.0079077 0.006625813 0.01813899 0.009068505 0.01187688 0.01624986 0.008251983 0.006566148 0.0181847 0.009412789 0.01181721 0.01629556 0.0004371068 0.002489936 0.004674145 0.0006422971 0.002303013 0.0046563 0.0004528657 0.002502877 0.004719798 0.000658056 0.002315954 0.004701953 -0.006995117 0.01338221 0.0105636 -0.006770728 0.01371095 0.01071035 -0.006735796 0.01325277 0.01036314 -0.0064538 0.01355273 0.01046531 -0.006544274 0.01311604 0.01010075 -0.006219681 0.01338563 0.01014469 -0.006433536 0.01298137 0.009794475 -0.00608436 0.01322102 0.009770296 -0.006411143 0.01285793 0.009465131 -0.006056975 0.01307017 0.009367815 -0.006478628 0.01275415 0.009135176 -0.006139476 0.01294331 0.008964487 -0.00663139 0.01267708 0.008827084 -0.006326168 0.01284912 0.00858797 -0.006859026 0.01263197 0.008561843 -0.006604403 0.01279398 0.008263746 -0.007146012 0.01262191 0.008357536 -0.006955149 0.01278169 0.008014067 -0.007472776 0.01264759 0.008228129 -0.007354546 0.01281307 0.007855874 -0.007817101 0.01270723 0.008182335 -0.007775357 0.01288599 0.007799973 -0.008155466 0.0127968 0.008223368 -0.008188945 0.01299543 0.007850055 -0.008464845 0.01291017 0.008348405 -0.008567044 0.01313402 0.008002947 -0.008724125 0.01303964 0.008548953 -0.008883972 0.01329224 0.008247992 -0.008915678 0.01317635 0.008811248 -0.009118091 0.01345934 0.008568607 -0.009026426 0.01331102 0.009117527 -0.009253443 0.01362392 0.008942914 -0.009048809 0.01343445 0.009446869 -0.009280797 0.0137748 0.009345486 -0.008981325 0.01353824 0.009776824 -0.009198328 0.01390164 0.009748723 -0.008828563 0.01361531 0.01008492 -0.009011603 0.01399585 0.01012533 -0.008600936 0.01366041 0.01035016 -0.0087334 0.01405096 0.01044946 -0.008313941 0.01367047 0.01055446 -0.008382623 0.01406327 0.01069923 -0.007987145 0.01364482 0.01068396 -0.007983226 0.0140319 0.01085743 -0.007642861 0.01358515 0.01072967 -0.007562415 0.01395898 0.01091333 -0.007304486 0.01349559 0.01068863 -0.007148858 0.01384951 0.01086315 0.007606489 0.006285808 0.0219873 0.007622248 0.006298748 0.02203295 0.006512718 0.006628484 0.02226772 0.006528477 0.006641424 0.02231337 0.002355753 0.008426508 0.002383862 0.002777436 0.008540656 0.002205946 0.006855905 0.007262881 0.001160298 -0.009040419 0.004658334 0.007385794 -0.009259563 0.004628487 0.0074699 -0.01250916 0.005745082 0.008275118 -0.01271491 0.005711038 0.00835579 -0.01272612 0.006108667 0.008246951 -0.01293191 0.006074537 0.008327661 -0.01134132 0.012373 0.005993278 -0.01146561 0.01270755 0.00594135 -0.01100213 0.01256235 0.005822522 -0.01112644 0.01289671 0.005770656 -0.007047967 0.01161893 0.004725008 -0.00672811 0.01127246 0.004712806 0.006609445 0.007044682 0.001307223 0.006826407 0.006681097 0.00133539 0.007072908 0.00689948 0.001188399 0.005441607 0.0004167595 0.003589063 0.005606607 0.0002664628 0.003574709 0.005102414 0.0002274165 0.003759819 0.005267434 7.721189e-05 0.003745432 0.001633676 0.001314164 0.004649142 0.00181209 0.001159763 0.004631322 -0.009049527 0.007177019 0.01160348 -0.008155922 0.008131149 0.01245273 -0.007896602 0.008001706 0.01225227 -0.008465292 0.008244521 0.01257777 -0.009049527 0.007177019 0.01160348 -0.009049527 0.007177019 0.01160348 -0.007594341 0.007730304 0.01168361 -0.007571949 0.007606868 0.01135427 -0.00770508 0.007864971 0.01198989 -0.009049527 0.007177019 0.01160348 -0.009049527 0.007177019 0.01160348 -0.009049527 0.007177019 0.01160348 -0.007792195 0.007426011 0.01071622 -0.008019831 0.007380909 0.01045098 -0.007639433 0.007503081 0.01102431 -0.009049527 0.007177019 0.01160348 -0.009049527 0.007177019 0.01160348 -0.009049527 0.007177019 0.01160348 -0.008633582 0.007396527 0.01011727 -0.008977906 0.007456169 0.01007147 -0.008306817 0.007370848 0.01024667 -0.009049527 0.007177019 0.01160348 -0.009049527 0.007177019 0.01160348 -0.009049527 0.007177019 0.01160348 -0.00962565 0.007659105 0.01023754 -0.00988493 0.007788572 0.01043809 -0.009316272 0.00754573 0.0101125 -0.009049527 0.007177019 0.01160348 -0.009049527 0.007177019 0.01160348 -0.009049527 0.007177019 0.01160348 -0.01018723 0.00805995 0.01100666 -0.01020961 0.008183383 0.011336 -0.01007648 0.00792528 0.01070038 -0.009049527 0.007177019 0.01160348 -0.009049527 0.007177019 0.01160348 -0.009049527 0.007177019 0.01160348 -0.009989369 0.00836424 0.01197405 -0.009761742 0.008409346 0.0122393 -0.01014213 0.00828717 0.01166596 -0.009049527 0.007177019 0.01160348 -0.009049527 0.007177019 0.01160348 -0.009049527 0.007177019 0.01160348 -0.00914795 0.00839375 0.0125731 -0.008803667 0.008334085 0.0126188 -0.009474746 0.008419403 0.0124436 -0.009049527 0.007177019 0.01160348 -0.009049527 0.007177019 0.01160348 -0.009049527 0.007177019 0.01160348 0.0003761516 0.002513318 0.004743319 0.0003603927 0.002500377 0.004697666 0.0002257637 0.002700212 0.004742256 0.0002100048 0.002687271 0.004696603 0.0001159739 0.00291231 0.004720033 0.000100215 0.00289937 0.00467438 5.203089e-05 0.003139596 0.00467768 3.6272e-05 0.003126656 0.004632027 -0.008465292 0.008244521 0.01257777 -0.007304486 0.01349559 0.01068863 -0.008155922 0.008131149 0.01245273 -0.006995117 0.01338221 0.0105636 -0.007896602 0.008001706 0.01225227 -0.006735796 0.01325277 0.01036314 -0.00770508 0.007864971 0.01198989 -0.006544274 0.01311604 0.01010075 -0.007594341 0.007730304 0.01168361 -0.006433536 0.01298137 0.009794475 -0.007571949 0.007606868 0.01135427 -0.006411143 0.01285793 0.009465131 -0.007639433 0.007503081 0.01102431 -0.006478628 0.01275415 0.009135176 -0.007792195 0.007426011 0.01071622 -0.00663139 0.01267708 0.008827084 -0.008019831 0.007380909 0.01045098 -0.006859026 0.01263197 0.008561843 -0.008306817 0.007370848 0.01024667 -0.007146012 0.01262191 0.008357536 -0.008633582 0.007396527 0.01011727 -0.007472776 0.01264759 0.008228129 -0.008977906 0.007456169 0.01007147 -0.007817101 0.01270723 0.008182335 -0.009316272 0.00754573 0.0101125 -0.008155466 0.0127968 0.008223368 -0.00962565 0.007659105 0.01023754 -0.008464845 0.01291017 0.008348405 -0.00988493 0.007788572 0.01043809 -0.008724125 0.01303964 0.008548953 -0.01007648 0.00792528 0.01070038 -0.008915678 0.01317635 0.008811248 -0.01018723 0.00805995 0.01100666 -0.009026426 0.01331102 0.009117527 -0.01020961 0.008183383 0.011336 -0.009048809 0.01343445 0.009446869 -0.01014213 0.00828717 0.01166596 -0.008981325 0.01353824 0.009776824 -0.009989369 0.00836424 0.01197405 -0.008828563 0.01361531 0.01008492 -0.009761742 0.008409346 0.0122393 -0.008600936 0.01366041 0.01035016 -0.009474746 0.008419403 0.0124436 -0.008313941 0.01367047 0.01055446 -0.00914795 0.00839375 0.0125731 -0.007987145 0.01364482 0.01068396 -0.008803667 0.008334085 0.0126188 -0.007642861 0.01358515 0.01072967 0.005606607 0.0002664628 0.003574709 0.007072908 0.00689948 0.001188399 0.01159498 0.005183879 0.02092286 0.01306129 0.0118169 0.01853655 -0.003843339 0.01597033 0.0196942 -0.00361895 0.01629906 0.01984096 -0.003584018 0.01584089 0.01949374 -0.003302022 0.01614084 0.01959592 -0.003392496 0.01570415 0.01923136 -0.003067903 0.01597374 0.0192753 -0.003281758 0.01556948 0.01892508 -0.002932582 0.01580914 0.0189009 -0.003259334 0.01544607 0.01859583 -0.002905197 0.01565828 0.01849842 -0.00332685 0.01534226 0.01826578 -0.002987698 0.01553142 0.01809509 -0.003479611 0.01526519 0.01795769 -0.00317439 0.01543723 0.01771858 -0.003707248 0.01522009 0.01769245 -0.003452625 0.0153821 0.01739435 -0.003994202 0.01521005 0.01748823 -0.003803371 0.01536981 0.01714467 -0.004320998 0.01523571 0.01735873 -0.004202768 0.01540119 0.01698648 -0.004665323 0.01529535 0.01731294 -0.004623579 0.0154741 0.01693058 -0.005003688 0.01538491 0.01735397 -0.005037167 0.01558355 0.01698066 -0.005313067 0.01549829 0.01747901 -0.005415266 0.01572213 0.01713355 -0.005572347 0.01562775 0.01767956 -0.005732194 0.01588035 0.0173786 -0.005763869 0.01576449 0.01794195 -0.005966313 0.01604745 0.01769921 -0.005874648 0.01589913 0.01824813 -0.006101665 0.01621203 0.01807352 -0.005897031 0.01602256 0.01857747 -0.006129019 0.01636291 0.01847609 -0.005829547 0.01612635 0.01890743 -0.00604655 0.01648975 0.01887933 -0.005676754 0.01620345 0.01921561 -0.005859825 0.01658396 0.01925594 -0.005449158 0.01624853 0.01948076 -0.005581622 0.01663907 0.01958007 -0.005162163 0.01625858 0.01968507 -0.005230845 0.01665139 0.01982984 -0.004835367 0.01623293 0.01981457 -0.004831447 0.01662001 0.01998803 -0.004491083 0.01617327 0.01986027 -0.004410636 0.0165471 0.02004393 -0.004152708 0.0160837 0.01981924 -0.00399708 0.01643762 0.01999376 0.004854345 0.002820968 0.008038774 0.00574795 0.003775097 0.008888023 0.00600727 0.003645654 0.008687565 0.00543858 0.00388847 0.009013058 0.004854345 0.002820968 0.008038774 0.004854345 0.002820968 0.008038774 0.006309531 0.003374252 0.008118901 0.006331923 0.003250817 0.007789557 0.006198792 0.003508919 0.008425178 0.004854345 0.002820968 0.008038774 0.004854345 0.002820968 0.008038774 0.004854345 0.002820968 0.008038774 0.006111677 0.003069959 0.007151511 0.005884041 0.003024857 0.00688627 0.006264439 0.00314703 0.007459602 0.004854345 0.002820968 0.008038774 0.004854345 0.002820968 0.008038774 0.004854345 0.002820968 0.008038774 0.00527029 0.003040475 0.006552555 0.004925966 0.003100117 0.006506761 0.005597055 0.003014797 0.006681963 0.004854345 0.002820968 0.008038774 0.004854345 0.002820968 0.008038774 0.004854345 0.002820968 0.008038774 0.004278222 0.003303054 0.006672831 0.004018942 0.00343252 0.006873379 0.0045876 0.003189679 0.006547794 0.004854345 0.002820968 0.008038774 0.004854345 0.002820968 0.008038774 0.004854345 0.002820968 0.008038774 0.00371664 0.003703899 0.007441953 0.003694257 0.003827332 0.007771295 0.003827388 0.003569229 0.007135674 0.004854345 0.002820968 0.008038774 0.004854345 0.002820968 0.008038774 0.004854345 0.002820968 0.008038774 0.003914503 0.004008189 0.008409342 0.00414213 0.004053294 0.008674585 0.003761742 0.003931119 0.00810125 0.004854345 0.002820968 0.008038774 0.004854345 0.002820968 0.008038774 0.004854345 0.002820968 0.008038774 0.004755922 0.004037699 0.009008388 0.005100205 0.003978034 0.009054093 0.004429126 0.004063352 0.008878889 0.004854345 0.002820968 0.008038774 0.004854345 0.002820968 0.008038774 0.004854345 0.002820968 0.008038774 -0.005897749 0.009765133 0.02073409 -0.005004144 0.01071926 0.02158334 -0.004744824 0.01058982 0.02138288 -0.005313514 0.01083263 0.02170837 -0.005897749 0.009765133 0.02073409 -0.005897749 0.009765133 0.02073409 -0.004442563 0.01031842 0.02081422 -0.004420139 0.01019501 0.02048496 -0.004553302 0.01045308 0.02112049 -0.005897749 0.009765133 0.02073409 -0.005897749 0.009765133 0.02073409 -0.005897749 0.009765133 0.02073409 -0.004640417 0.01001412 0.01984683 -0.004868053 0.009969022 0.01958159 -0.004487655 0.01009119 0.02015492 -0.005897749 0.009765133 0.02073409 -0.005897749 0.009765133 0.02073409 -0.005897749 0.009765133 0.02073409 -0.005481804 0.009984641 0.01924787 -0.005826128 0.01004428 0.01920208 -0.005155008 0.009958988 0.01937737 -0.005897749 0.009765133 0.02073409 -0.005897749 0.009765133 0.02073409 -0.005897749 0.009765133 0.02073409 -0.006473872 0.01024722 0.01936815 -0.006733152 0.01037669 0.01956869 -0.006164494 0.01013384 0.01924311 -0.005897749 0.009765133 0.02073409 -0.005897749 0.009765133 0.02073409 -0.005897749 0.009765133 0.02073409 -0.007035454 0.01064806 0.02013727 -0.007057837 0.0107715 0.02046661 -0.006924674 0.01051342 0.01983108 -0.005897749 0.009765133 0.02073409 -0.005897749 0.009765133 0.02073409 -0.005897749 0.009765133 0.02073409 -0.006837559 0.01095238 0.02110475 -0.006609964 0.01099746 0.0213699 -0.006990352 0.01087528 0.02079657 -0.005897749 0.009765133 0.02073409 -0.005897749 0.009765133 0.02073409 -0.005897749 0.009765133 0.02073409 -0.005996172 0.01098186 0.0217037 -0.005651889 0.0109222 0.02174941 -0.006322968 0.01100752 0.02157421 -0.005897749 0.009765133 0.02073409 -0.005897749 0.009765133 0.02073409 -0.005897749 0.009765133 0.02073409 0.00543858 0.00388847 0.009013058 0.006599386 0.009139536 0.007123922 0.00574795 0.003775097 0.008888023 0.006908755 0.009026163 0.006998887 0.00600727 0.003645654 0.008687565 0.007168076 0.00889672 0.006798428 0.006198792 0.003508919 0.008425178 0.007359598 0.008759985 0.006536042 0.006309531 0.003374252 0.008118901 0.007470336 0.008625319 0.006229765 0.006331923 0.003250817 0.007789557 0.007492729 0.008501883 0.005900421 0.006264439 0.00314703 0.007459602 0.007425244 0.008398096 0.005570466 0.006111677 0.003069959 0.007151511 0.007272483 0.008321025 0.005262374 0.005884041 0.003024857 0.00688627 0.007044846 0.008275923 0.004997133 0.005597055 0.003014797 0.006681963 0.00675786 0.008265863 0.004792826 0.00527029 0.003040475 0.006552555 0.006431096 0.008291542 0.004663419 0.004925966 0.003100117 0.006506761 0.006086771 0.008351183 0.004617625 0.0045876 0.003189679 0.006547794 0.005748406 0.008440745 0.004658658 0.004278222 0.003303054 0.006672831 0.005439027 0.00855412 0.004783695 0.004018942 0.00343252 0.006873379 0.005179747 0.008683586 0.004984243 0.003827388 0.003569229 0.007135674 0.004988194 0.008820295 0.005246538 0.00371664 0.003703899 0.007441953 0.004877446 0.008954965 0.005552817 0.003694257 0.003827332 0.007771295 0.004855063 0.009078398 0.005882159 0.003761742 0.003931119 0.00810125 0.004922547 0.009182185 0.006212114 0.003914503 0.004008189 0.008409342 0.005075309 0.009259255 0.006520205 0.00414213 0.004053294 0.008674585 0.005302936 0.00930436 0.006785449 0.004429126 0.004063352 0.008878889 0.005589931 0.009314418 0.006989753 0.004755922 0.004037699 0.009008388 0.005916727 0.009288765 0.007119252 0.005100205 0.003978034 0.009054093 0.006261011 0.0092291 0.007164957 0.0001259901 0.0005699673 -0.0002050855 5.008924e-07 2.299404e-06 -8.599572e-07 -8.104814e-08 0.0004664427 -0.0005703098 -0.0001255702 -0.0001012251 -0.0003660842 0.007030641 0.009137212 0.02143259 0.006739792 0.009069939 0.02155205 0.007014883 0.009124271 0.02138694 0.006724033 0.009056998 0.0215064 -0.01074813 0.003226798 0.002357354 -0.01062206 0.003330323 0.002722579 -0.01062264 0.003794466 0.002153129 -0.01049657 0.003897991 0.002518353 0.008006123 0.005409082 0.01716938 0.008899728 0.006363211 0.01801863 0.009159048 0.006233768 0.01781817 0.008590358 0.006476583 0.01814366 0.008006123 0.005409082 0.01716938 0.008006123 0.005409082 0.01716938 0.009461309 0.005962366 0.01724951 0.009483733 0.005838957 0.01692025 0.00935057 0.006097033 0.01755578 0.008006123 0.005409082 0.01716938 0.008006123 0.005409082 0.01716938 0.008006123 0.005409082 0.01716938 0.009263455 0.005658073 0.01628212 0.009035819 0.005612971 0.01601688 0.009416217 0.005735143 0.01659021 0.008006123 0.005409082 0.01716938 0.008006123 0.005409082 0.01716938 0.008006123 0.005409082 0.01716938 0.008422068 0.005628589 0.01568316 0.008077744 0.005688231 0.01563737 0.008748864 0.005602936 0.01581266 0.008006123 0.005409082 0.01716938 0.008006123 0.005409082 0.01716938 0.008006123 0.005409082 0.01716938 0.00743 0.005891168 0.01580344 0.00717072 0.006020634 0.01600398 0.007739378 0.005777793 0.0156784 0.008006123 0.005409082 0.01716938 0.008006123 0.005409082 0.01716938 0.008006123 0.005409082 0.01716938 0.006868418 0.006292013 0.01657256 0.006846035 0.006415445 0.0169019 0.006979198 0.006157369 0.01626637 0.008006123 0.005409082 0.01716938 0.008006123 0.005409082 0.01716938 0.008006123 0.005409082 0.01716938 0.007066313 0.006596329 0.01754004 0.007293908 0.006641408 0.01780519 0.00691352 0.006519233 0.01723186 0.008006123 0.005409082 0.01716938 0.008006123 0.005409082 0.01716938 0.008006123 0.005409082 0.01716938 0.0079077 0.006625813 0.01813899 0.008251983 0.006566148 0.0181847 0.007580904 0.006651466 0.0180095 0.008006123 0.005409082 0.01716938 0.008006123 0.005409082 0.01716938 0.008006123 0.005409082 0.01716938 -1.896013e-05 0.01123883 0.02923925 -0.0007480684 0.01221668 0.02921375 -0.0009377209 0.01203545 0.02933059 -0.0007230941 0.01300634 0.0289813 0.0004060372 0.01316136 0.02854759 -0.0007545725 0.01328365 0.02891356 -0.0007258528 0.01355578 0.02882651 -0.001292794 0.01099114 0.02974917 -0.0001526768 0.01063394 0.02945687 -0.001167305 0.01155881 0.02954495 -0.001079781 0.01181252 0.02944282 -0.0004735964 0.01239665 0.029068 -0.0004844236 0.01237601 0.02907758 0.001348254 0.01081048 0.02888872 -0.0005002605 0.0123592 0.02908782 -0.0005200788 0.01234738 0.02909801 0.000744524 0.01469256 0.02799673 0.0004165798 0.01469542 0.02810912 -0.000468444 0.01241996 0.02905961 0.001773251 0.01273302 0.02819706 -0.0004693331 0.01244427 0.02905303 0.0001034698 0.01462133 0.0282382 -0.0001780814 0.01447421 0.02837709 -0.0004130164 0.01426206 0.02851833 -0.0005888298 0.01399601 0.02865443 -0.0006960792 0.01369046 0.02877806 -0.000632945 0.01273745 0.0290264 -0.0004885334 0.01249008 0.02904667 -0.0004761687 0.01246818 0.02904861 -0.003016069 0.009613831 0.02471073 -0.003026272 0.009567677 0.02472734 -0.001922298 0.009271155 0.02443031 -0.001886155 0.009210481 0.02443503 -0.001788581 0.009876041 0.02421269 -0.001752438 0.009815367 0.02421742 -0.001532682 0.009918506 0.02411232 -0.001461589 0.009882639 0.02409795 -0.001302368 0.009988885 0.02401287 -0.001253405 0.009957193 0.02400496 -0.001101295 0.01011659 0.02390727 -0.001070138 0.01007748 0.0239076 -0.000941862 0.0102937 0.02380203 -0.0009204994 0.01023785 0.02381049 -0.0003496961 0.01010817 0.02365021 -0.000313512 0.01004768 0.02365487 -0.0002275061 0.01066092 0.02345135 -0.0001709569 0.01069255 0.02342287 -0.000819672 0.01084644 0.02360317 -0.0007779444 0.01088272 0.02357849 -0.0008852019 0.01109412 0.02355559 -0.0008419078 0.01110991 0.02353617 -0.001007422 0.01132312 0.02353287 -0.0009516976 0.01132201 0.02351395 -0.0011788 0.01151934 0.0235364 -0.001102085 0.0115089 0.02351288 -0.001383969 0.01170636 0.02355421 -0.001327441 0.0117379 0.02352576 -0.001270618 0.01221912 0.02336974 -0.001224272 0.0122046 0.02335786 -0.009020207 0.004683474 0.00731693 -0.009030409 0.00463732 0.007333534 -0.007926435 0.004340798 0.007036506 -0.007890292 0.004280124 0.007041228 -0.007792719 0.004945684 0.006818891 -0.007756575 0.00488501 0.006823613 -0.007536819 0.004988149 0.00671852 -0.007465726 0.004952282 0.006704147 -0.007306505 0.005058528 0.00661907 -0.007257542 0.005026836 0.006611151 -0.007105432 0.005186237 0.006513462 -0.007074276 0.005147121 0.006513794 -0.006945999 0.005363339 0.006408227 -0.006924637 0.005307493 0.006416683 -0.006353833 0.005177815 0.006256406 -0.006317649 0.005117325 0.006261062 -0.006231643 0.005730559 0.006057549 -0.006175094 0.005762193 0.006029063 -0.006823809 0.005916083 0.00620937 -0.006782082 0.00595236 0.006184684 -0.006889339 0.006163764 0.006161784 -0.006846045 0.006179554 0.006142364 -0.007011559 0.00639276 0.006139063 -0.006955835 0.006391653 0.006120142 -0.007182937 0.006588988 0.006142599 -0.007106223 0.006578547 0.006119078 -0.007388107 0.006776003 0.006160411 -0.007331578 0.006807545 0.006131957 -0.007274755 0.007288765 0.005975938 -0.007228409 0.007274245 0.005964056 0.006826407 0.006681097 0.00133539 0.005441607 0.0004167595 0.003589063 0.005219 0.005361159 -0.003321219 0.0038342 -0.0009031785 -0.001067546 -0.009038754 0.006931076 0.0007173031 -0.00871081 0.006928215 0.0006049115 -0.009049297 0.005397023 0.001155777 -0.009474294 0.003474488 0.001847433 -0.009608011 0.002869602 0.002065048 -0.01074813 0.003226798 0.002357354 -0.01062264 0.003794466 0.002153129 -0.01053512 0.004048176 0.002051001 -0.01039306 0.004271108 0.001938772 -0.01008828 0.004973113 0.001634581 -0.01017843 0.005242003 0.001589481 -0.01020991 0.005519304 0.001521745 -0.01018119 0.005791437 0.001434694 -0.009955595 0.004594856 0.001695998 -0.00810708 0.003046143 0.001496903 -0.009975413 0.004583039 0.001706189 -0.0102034 0.004452336 0.001821937 -0.007682083 0.004968678 0.0008052472 -0.009924667 0.004679927 0.001661209 -0.009931503 0.004703838 0.001656791 -0.01015141 0.005926122 0.001386239 -0.01004416 0.006231672 0.001262608 -0.009868351 0.006497714 0.001126509 -0.009943868 0.004725739 0.001654851 -0.009633416 0.00670987 0.0009852751 -0.009351864 0.006856987 0.0008463858 -0.009939758 0.004611664 0.001685767 -0.009928931 0.004632306 0.001676179 -0.009923778 0.004655614 0.001667794 0.0006015068 0.00228432 0.00473044 0.000585748 0.002271379 0.004684787 0.006198723 0.008714821 0.02183949 0.005591736 0.008904989 0.02199511 0.006182964 0.00870188 0.02179383 0.005575977 0.008892048 0.02194945 -0.007258996 0.007301706 0.006021591 -0.007274755 0.007288765 0.005975938 -0.00721265 0.007287186 0.006009709 -0.007228409 0.007274245 0.005964056 -0.0005549565 0.003329764 0.004833301 5.203089e-05 0.003139596 0.00467768 -0.0005707154 0.003316824 0.004787648 3.6272e-05 0.003126656 0.004632027 -0.007258996 0.007301706 0.006021591 -0.00721265 0.007287186 0.006009709 -0.007372348 0.006788944 0.006206064 -0.007315819 0.006820486 0.00617761 -0.007167178 0.006601928 0.006188252 -0.007090464 0.006591487 0.006164731 -0.0069958 0.0064057 0.006184716 -0.006940076 0.006404594 0.006165795 -0.00687358 0.006176705 0.006207437 -0.006830286 0.006192495 0.006188017 -0.00680805 0.005929023 0.006255024 -0.006766323 0.005965301 0.006230337 -0.006215884 0.005743499 0.006103203 -0.006159335 0.005775133 0.006074716 -0.006338074 0.005190755 0.006302059 -0.00630189 0.005130265 0.006306715 -0.00693024 0.00537628 0.00645388 -0.006908878 0.005320433 0.006462336 -0.007089673 0.005199177 0.006559115 -0.007058517 0.005160062 0.006559447 -0.007290746 0.005071469 0.006664723 -0.007241784 0.005039777 0.006656804 -0.007521061 0.00500109 0.006764173 -0.007449967 0.004965223 0.0067498 -0.00777696 0.004958625 0.006864544 -0.007740816 0.00489795 0.006869266 -0.007910676 0.004353739 0.007082159 -0.007874533 0.004293065 0.007086881 -0.009004448 0.004696415 0.007362583 -0.009014651 0.004650261 0.007379187 -0.001208513 0.01221754 0.02340351 -0.001254859 0.01223206 0.0234154 -0.001224272 0.0122046 0.02335786 -0.001270618 0.01221912 0.02336974 0.01125581 0.004994628 0.02109358 0.007800469 0.00607718 0.02197947 0.005267434 7.721189e-05 0.003745432 0.00181209 0.001159763 0.004631322 0.01303739 0.006654114 0.02559382 0.0126982 0.006464771 0.02576458 0.01142999 0.005334176 0.02093721 0.01109079 0.005144833 0.02110797 -0.007740816 0.00489795 0.006869266 -0.007449967 0.004965223 0.0067498 -0.007756575 0.00488501 0.006823613 -0.007465726 0.004952282 0.006704147 -0.0002117472 0.01067386 0.02349701 -0.0003339372 0.01012111 0.02369586 -0.0002275061 0.01066092 0.02345135 -0.0003496961 0.01010817 0.02365021 -0.001254859 0.01223206 0.0234154 -0.001208513 0.01221754 0.02340351 -0.001368211 0.0117193 0.02359987 -0.001311682 0.01175084 0.02357141 -0.001163041 0.01153228 0.02358206 -0.001086327 0.01152184 0.02355853 -0.0009916627 0.01133606 0.02357852 -0.0009359387 0.01133495 0.0235596 -0.000869443 0.01110706 0.02360124 -0.0008261489 0.01112285 0.02358182 -0.0008039131 0.01085938 0.02364883 -0.0007621855 0.01089566 0.02362414 -0.0002117472 0.01067386 0.02349701 -0.0001551981 0.01070549 0.02346852 -0.0003339372 0.01012111 0.02369586 -0.0002977531 0.01006062 0.02370052 -0.0009261031 0.01030664 0.02384768 -0.0009047406 0.01025079 0.02385614 -0.001085536 0.01012953 0.02395292 -0.00105438 0.01009042 0.02395325 -0.001286609 0.01000183 0.02405853 -0.001237646 0.009970134 0.02405061 -0.001516923 0.009931447 0.02415798 -0.00144583 0.00989558 0.0241436 -0.001772823 0.009888982 0.02425835 -0.001736679 0.009828307 0.02426307 -0.001906539 0.009284096 0.02447596 -0.001870396 0.009223421 0.02448069 -0.00300031 0.009626772 0.02475639 -0.003010513 0.009580618 0.02477299 -0.006129019 0.01636291 0.01847609 -0.006101665 0.01621203 0.01807352 -0.007148858 0.01384951 0.01086315 -0.005966313 0.01604745 0.01769921 -0.005732194 0.01588035 0.0173786 -0.009253443 0.01362392 0.008942914 -0.009118091 0.01345934 0.008568607 -0.01112644 0.01289671 0.005770656 -0.001059589 0.01653635 0.02207316 -0.002932582 0.01580914 0.0189009 -0.003067903 0.01597374 0.0192753 -0.004410636 0.0165471 0.02004393 -0.004831447 0.01662001 0.01998803 -0.005138058 0.01781412 0.02311881 -0.005230845 0.01665139 0.01982984 -0.005581622 0.01663907 0.01958007 -0.008382623 0.01406327 0.01069923 -0.0087334 0.01405096 0.01044946 -0.003302022 0.01614084 0.01959592 -0.00361895 0.01629906 0.01984096 -0.00399708 0.01643762 0.01999376 -0.007983226 0.0140319 0.01085743 -0.004202768 0.01540119 0.01698648 -0.003803371 0.01536981 0.01714467 -0.007047967 0.01161893 0.004725008 -0.003452625 0.0153821 0.01739435 -0.006219681 0.01338563 0.01014469 -0.0064538 0.01355273 0.01046531 -0.004623579 0.0154741 0.01693058 -0.006770728 0.01371095 0.01071035 -0.005037167 0.01558355 0.01698066 -0.005415266 0.01572213 0.01713355 -0.00317439 0.01543723 0.01771858 -0.002987698 0.01553142 0.01809509 -0.002905197 0.01565828 0.01849842 -0.007775357 0.01288599 0.007799973 -0.007354546 0.01281307 0.007855874 -0.006955149 0.01278169 0.008014067 -0.006604403 0.01279398 0.008263746 -0.009011603 0.01399585 0.01012533 -0.009198328 0.01390164 0.009748723 -0.009280797 0.0137748 0.009345486 -0.008883972 0.01329224 0.008247992 -0.008567044 0.01313402 0.008002947 -0.008188945 0.01299543 0.007850055 -0.006326168 0.01284912 0.00858797 -0.006139476 0.01294331 0.008964487 -0.006056975 0.01307017 0.009367815 -0.00608436 0.01322102 0.009770296 -0.007562415 0.01395898 0.01091333 -0.00604655 0.01648975 0.01887933 -0.005859825 0.01658396 0.01925594 -0.006353833 0.005177815 0.006256406 -0.006338074 0.005190755 0.006302059 -0.006945999 0.005363339 0.006408227 -0.00693024 0.00537628 0.00645388 0.009373491 0.01188924 0.02581272 0.009086847 0.01207893 0.0258579 0.00874836 0.01054773 0.02640877 0.008323363 0.008625199 0.02710042 0.008189646 0.008020313 0.02731804 0.009329764 0.007663116 0.02702573 0.009477469 0.009569885 0.02643426 0.009667121 0.009751113 0.02631743 0.009809182 0.009974045 0.0262052 0.009615405 0.01164126 0.02579951 0.009455253 0.008230784 0.02682151 0.009483973 0.008502918 0.02673446 0.009452494 0.008780219 0.02666672 0.009896705 0.01022776 0.02610307 0.009926479 0.01036244 0.02605462 0.009959463 0.01069126 0.02595003 0.00991643 0.01102586 0.02587004 0.009799652 0.01134821 0.02581898 0.00920556 0.009318386 0.02659941 0.006956149 0.009053544 0.02745095 0.009217934 0.009296483 0.02660135 0.009362345 0.009049108 0.02662162 0.009198733 0.009342294 0.02659499 0.009197844 0.009366608 0.02658841 0.007381146 0.01097608 0.0267593 0.009202997 0.009389915 0.02658002 0.009213824 0.009410558 0.02657043 0.009229652 0.009427369 0.02656021 0.009249479 0.009439183 0.02655001 0.009329764 0.007663116 0.02702573 0.009203693 0.007559592 0.02666051 0.009455253 0.008230784 0.02682151 0.009329182 0.00812726 0.02645628 -0.006908878 0.005320433 0.006462336 -0.006924637 0.005307493 0.006416683 -0.007058517 0.005160062 0.006559447 -0.007074276 0.005147121 0.006513794 -0.007241784 0.005039777 0.006656804 -0.007257542 0.005026836 0.006611151 -0.0008519239 0.01345225 0.02846129 -0.0007258528 0.01355578 0.02882651 0.0005674424 0.002566939 -0.0009235207 0.0004413712 0.002463414 -0.001288745 0.001129673 0.004673555 0.003870883 0.00902959 0.01228669 0.02538069 -0.0001736024 0.004729396 -0.00128068 -0.0003684869 0.004314585 -0.001533915 -0.0007069737 0.002783392 -0.0009830491 -0.0002424158 0.004418109 -0.00116869 0.001010745 0.004193914 0.003993131 0.001113914 0.004660614 0.00382523 0.001026504 0.004206855 0.004038784 0.007014883 0.009124271 0.02138694 0.007118052 0.009590971 0.02121903 0.007133811 0.009603912 0.02126469 0.008960776 0.0119754 0.02549268 0.007030641 0.009137212 0.02143259 0.009086847 0.01207893 0.0258579 0.00874836 0.01054773 0.02640877 0.006528477 0.006641424 0.02231337 0.006662193 0.00724631 0.02209576 0.006512718 0.006628484 0.02226772 0.006646434 0.00723337 0.0220501 0.007164398 0.009576451 0.02120715 0.007118052 0.009590971 0.02121903 0.007051046 0.009063689 0.02139162 0.007014883 0.009124271 0.02138694 0.006795127 0.009021132 0.02149203 0.006724033 0.009056998 0.0215064 0.006564803 0.008950756 0.02159148 0.00651585 0.008982444 0.0215994 0.00636373 0.008823047 0.02169709 0.006332583 0.00886216 0.02169675 0.006204286 0.00864585 0.02180235 0.006182964 0.00870188 0.02179383 0.00561212 0.008831374 0.02195418 0.005575977 0.008892048 0.02194945 0.00548993 0.00827863 0.02215303 0.005433422 0.00824718 0.02218145 0.006082096 0.008093106 0.02200121 0.006040409 0.008057013 0.02202583 0.006147637 0.00784552 0.02204877 0.006104352 0.007829726 0.02206818 0.006269857 0.007616524 0.02207149 0.006214142 0.007617628 0.02209041 0.006441244 0.007420293 0.02206795 0.00636453 0.007430734 0.02209147 0.006646434 0.00723337 0.0220501 0.006589885 0.007201736 0.02207859 0.006512718 0.006628484 0.02226772 0.006456169 0.00659685 0.02229621 0.007606489 0.006285808 0.0219873 0.007596286 0.006239654 0.0220039 0.007066805 0.009076629 0.02143728 0.007180157 0.009589391 0.0212528 0.007051046 0.009063689 0.02139162 0.007164398 0.009576451 0.02120715 -0.003271185 0.009545903 0.02481805 -0.009259563 0.004628487 0.0074699 -0.003052041 0.00957575 0.02473395 -0.009040419 0.004658334 0.007385794 -0.007274755 0.007288765 0.005975938 -0.007258996 0.007301706 0.006021591 -0.007388107 0.006776003 0.006160411 -0.007372348 0.006788944 0.006206064 -0.009020207 0.004683474 0.00731693 -0.007926435 0.004340798 0.007036506 -0.009004448 0.004696415 0.007362583 -0.007910676 0.004353739 0.007082159 -0.001516923 0.009931447 0.02415798 -0.001772823 0.009888982 0.02425835 -0.001532682 0.009918506 0.02411232 -0.001788581 0.009876041 0.02421269 -0.001265688 0.0002559711 -7.377796e-05 -0.0001255702 -0.0001012251 -0.0003660842 5.008924e-07 2.299404e-06 -8.599572e-07 0.003495007 -0.001092522 -0.0008967904 0.001592149 0.001309297 0.004610096 0.0004520313 0.001666493 0.004902402 0.007622055 0.006231581 0.02199729 0.01109079 0.005144833 0.02110797 0.007612045 0.006252594 0.02204955 0.0126982 0.006464771 0.02576458 0.006471927 0.006609791 0.02234186 0.009203693 0.007559592 0.02666051 0.008189646 0.008020313 0.02731804 0.009329764 0.007663116 0.02702573 0.006456169 0.00659685 0.02229621 0.0004677902 0.001679434 0.004948055 0.007596286 0.006239654 0.0220039 0.001607908 0.001322237 0.004655749 0.005102414 0.0002274165 0.003759819 0.001633676 0.001314164 0.004649142 -0.009040419 0.004658334 0.007385794 -0.01250916 0.005745082 0.008275118 -0.01411656 0.004425144 0.003618509 -0.0001526768 0.01063394 0.02945687 -0.001292794 0.01099114 0.02974917 -0.001418865 0.01088762 0.02938395 -0.004913372 0.01198244 0.03027988 -0.003010513 0.009580618 0.02477299 -0.001870396 0.009223421 0.02448069 -0.009014651 0.004650261 0.007379187 -0.009030409 0.00463732 0.007333534 -0.007890292 0.004280124 0.007041228 -0.01062206 0.003330323 0.002722579 -0.009608011 0.002869602 0.002065048 -0.01074813 0.003226798 0.002357354 -0.006520779 0.0106625 0.02562327 -0.003052041 0.00957575 0.02473395 -0.003026272 0.009567677 0.02472734 -0.001886155 0.009210481 0.02443503 -0.007874533 0.004293065 0.007086881 0.00117602 0.004659035 0.003859001 0.001160261 0.004646094 0.003813348 0.001062668 0.004146273 0.004043473 0.001046909 0.004133332 0.00399782 0.005002038 0.005724744 -0.003349386 -0.01260953 0.01124241 0.001165913 0.006609445 0.007044682 0.001307223 -0.01100213 0.01256235 0.005822522 -0.003406341 0.0187997 0.02782728 0.01420523 0.01328204 0.02331198 -0.005013748 0.01747976 0.02317067 0.01259782 0.0119621 0.01865537 -0.001293376 0.01145528 0.02917972 -0.001418865 0.01088762 0.02938395 -0.001167305 0.01155881 0.02954495 -0.001292794 0.01099114 0.02974917 -0.00694353 0.01099195 0.02567581 -0.005477229 0.01762497 0.0232895 -0.01293191 0.006074537 0.008327661 -0.01146561 0.01270755 0.00594135 -0.0009047406 0.01025079 0.02385614 -0.0002977531 0.01006062 0.02370052 -0.0009204994 0.01023785 0.02381049 -0.000313512 0.01004768 0.02365487 -0.001383969 0.01170636 0.02355421 -0.001270618 0.01221912 0.02336974 -0.001368211 0.0117193 0.02359987 -0.001254859 0.01223206 0.0234154 -0.000392017 0.003901017 0.004560371 -0.0003762581 0.003913958 0.004606024 0.0002001489 0.003715493 0.00440855 0.0002159078 0.003728433 0.004454203 0.006605644 0.007214676 0.02212424 0.008323363 0.008625199 0.02710042 0.006956149 0.009053544 0.02745095 -0.001131971 0.000860857 -0.0002913932 0.000585748 0.002271379 0.004684787 -0.002499185 0.001289202 5.913662e-05 0.0006015068 0.00228432 0.00473044 0.006589885 0.007201736 0.02207859 -0.007890292 0.004280124 0.007041228 -0.009608011 0.002869602 0.002065048 -0.007756575 0.00488501 0.006823613 -0.009474294 0.003474488 0.001847433 -0.001302368 0.009988885 0.02401287 -0.001286609 0.01000183 0.02405853 -0.001101295 0.01011659 0.02390727 -0.001085536 0.01012953 0.02395292 -0.000941862 0.0102937 0.02380203 -0.0009261031 0.01030664 0.02384768 -0.001311682 0.01175084 0.02357141 0.0004060372 0.01316136 0.02854759 0.001773251 0.01273302 0.02819706 -0.009049297 0.005397023 0.001155777 -0.007331578 0.006807545 0.006131957 -0.007682083 0.004968678 0.0008052472 -0.007315819 0.006820486 0.00617761 -0.001327441 0.0117379 0.02352576 -0.007756575 0.00488501 0.006823613 -0.009474294 0.003474488 0.001847433 -0.00810708 0.003046143 0.001496903 -1.896013e-05 0.01123883 0.02923925 -0.001736679 0.009828307 0.02426307 0.001348254 0.01081048 0.02888872 -0.001752438 0.009815367 0.02421742 -0.007740816 0.00489795 0.006869266 0.001010745 0.004193914 0.003993131 -0.0007069737 0.002783392 -0.0009830491 -0.002074188 0.003211737 -0.0006325192 0.00874836 0.01054773 0.02640877 0.007030641 0.009137212 0.02143259 0.007381146 0.01097608 0.0267593 0.007014883 0.009124271 0.02138694 0.001026504 0.004206855 0.004038784 0.001160261 0.004646094 0.003813348 0.001113914 0.004660614 0.00382523 0.001046909 0.004133332 0.00399782 0.001010745 0.004193914 0.003993131 0.0007909895 0.004090775 0.004098224 0.0007198962 0.004126642 0.004112598 0.000560666 0.004020399 0.004197677 0.0005117124 0.004052088 0.004205593 0.0003595929 0.00389269 0.004303285 0.0003284457 0.003931803 0.00430295 0.0002001489 0.003715493 0.00440855 0.0001788271 0.003771524 0.004400028 -0.000392017 0.003901017 0.004560371 -0.0004281604 0.003961691 0.004555649 -0.0005142071 0.003348273 0.004759228 -0.0005707154 0.003316824 0.004787648 7.795885e-05 0.003162749 0.004607407 3.6272e-05 0.003126656 0.004632027 0.0001434998 0.002915163 0.004654962 0.000100215 0.00289937 0.00467438 0.0002657196 0.002686167 0.004677683 0.0002100048 0.002687271 0.004696603 0.0004371068 0.002489936 0.004674145 0.0003603927 0.002500377 0.004697666 0.0006422971 0.002303013 0.0046563 0.000585748 0.002271379 0.004684787 0.0005085804 0.001698127 0.004873915 0.0004520313 0.001666493 0.004902402 0.001602352 0.001355451 0.004593491 0.001592149 0.001309297 0.004610096 -0.0001255702 -0.0001012251 -0.0003660842 -0.001265688 0.0002559711 -7.377796e-05 -8.104814e-08 0.0004664427 -0.0005703098 -0.001131971 0.000860857 -0.0002913932 -9.298885e-05 0.001284767 -0.0007701969 -2.839802e-06 0.001015877 -0.0007250973 2.863863e-05 0.0007385761 -0.000657361 -0.0002256826 0.001663027 -0.0008316123 -0.002074188 0.003211737 -0.0006325192 -0.0002058551 0.001674841 -0.0008418054 -0.0007069737 0.002783392 -0.0009830491 2.213455e-05 0.001805544 -0.0009575529 0.0004413712 0.002463414 -0.001288745 0.0003538475 0.002209704 -0.001186617 0.000211787 0.001986772 -0.001074389 -0.0003684869 0.004314585 -0.001533915 -8.184293e-05 0.004124896 -0.001579093 -0.0002415103 0.001646216 -0.0008213837 -0.0002523375 0.001625573 -0.0008117949 -0.002499185 0.001289202 5.913662e-05 -0.0002574898 0.001602266 -0.0008034098 -0.0002566007 0.001577953 -0.0007968249 -0.0002497744 0.001554044 -0.0007924044 -0.0002374005 0.001532141 -0.0007904672 0.000160071 0.00387692 -0.001592308 0.0003443182 0.003583869 -0.001572842 0.0004610955 0.003261522 -0.001521781 0.000504129 0.002926916 -0.00144179 0.0004711449 0.002598099 -0.0013372 0.000585748 0.002271379 0.004684787 -0.001131971 0.000860857 -0.0002913932 0.0004520313 0.001666493 0.004902402 -0.001265688 0.0002559711 -7.377796e-05 0.0001945859 0.003784464 0.004445681 0.0001788271 0.003771524 0.004400028 0.0003442046 0.003944743 0.004348603 0.0003284457 0.003931803 0.00430295 0.0005274713 0.004065028 0.004251246 0.0005117124 0.004052088 0.004205593 0.0007356551 0.004139582 0.004158251 0.0007198962 0.004126642 0.004112598 0.000658056 0.002315954 0.004701953 0.0006422971 0.002303013 0.0046563 0.0005243393 0.001711068 0.004919568 0.0005085804 0.001698127 0.004873915 0.005449181 0.008260121 0.02222711 0.006056168 0.008069953 0.02207148 0.005433422 0.00824718 0.02218145 0.006040409 0.008057013 0.02202583 -0.0009047406 0.01025079 0.02385614 -0.0009204994 0.01023785 0.02381049 -0.00105438 0.01009042 0.02395325 -0.001070138 0.01007748 0.0239076 -0.001237646 0.009970134 0.02405061 -0.001253405 0.009957193 0.02400496 -0.00144583 0.00989558 0.0241436 -0.001461589 0.009882639 0.02409795 9.371774e-05 0.00317569 0.00465306 7.795885e-05 0.003162749 0.004607407 0.0001434998 0.002915163 0.004654962 0.0001592587 0.002928103 0.004700615 0.0002657196 0.002686167 0.004677683 0.0002814785 0.002699108 0.004723336 -0.0005142071 0.003348273 0.004759228 7.795885e-05 0.003162749 0.004607407 -0.0004984482 0.003361214 0.004804881 9.371774e-05 0.00317569 0.00465306 -0.000392017 0.003901017 0.004560371 -0.0005142071 0.003348273 0.004759228 -0.0003762581 0.003913958 0.004606024 -0.0004984482 0.003361214 0.004804881 0.001160261 0.004646094 0.003813348 0.00117602 0.004659035 0.003859001 0.001113914 0.004660614 0.00382523 0.001129673 0.004673555 0.003870883 -0.007792719 0.004945684 0.006818891 -0.00777696 0.004958625 0.006864544 -0.007926435 0.004340798 0.007036506 -0.007910676 0.004353739 0.007082159 -0.001736679 0.009828307 0.02426307 -0.001752438 0.009815367 0.02421742 -0.006940076 0.006404594 0.006165795 -0.006955835 0.006391653 0.006120142 -0.006830286 0.006192495 0.006188017 -0.006846045 0.006179554 0.006142364 -0.006766323 0.005965301 0.006230337 -0.006782082 0.00595236 0.006184684 0.001618111 0.001368392 0.004639144 0.001607908 0.001322237 0.004655749 0.0005243393 0.001711068 0.004919568 0.0004677902 0.001679434 0.004948055 0.000658056 0.002315954 0.004701953 0.0006015068 0.00228432 0.00473044 0.0004528657 0.002502877 0.004719798 0.0003761516 0.002513318 0.004743319 0.0002814785 0.002699108 0.004723336 0.0002257637 0.002700212 0.004742256 0.0001592587 0.002928103 0.004700615 0.0001159739 0.00291231 0.004720033 9.371774e-05 0.00317569 0.00465306 5.203089e-05 0.003139596 0.00467768 -0.0004984482 0.003361214 0.004804881 -0.0005549565 0.003329764 0.004833301 -0.0003762581 0.003913958 0.004606024 -0.0004124015 0.003974632 0.004601302 0.0002159078 0.003728433 0.004454203 0.0001945859 0.003784464 0.004445681 0.0003753518 0.003905631 0.004348938 0.0003442046 0.003944743 0.004348603 0.0005764249 0.004033339 0.00424333 0.0005274713 0.004065028 0.004251246 0.0008067484 0.004103715 0.004143877 0.0007356551 0.004139582 0.004158251 0.001062668 0.004146273 0.004043473 0.001026504 0.004206855 0.004038784 0.00117602 0.004659035 0.003859001 0.001129673 0.004673555 0.003870883 0.01420523 0.01328204 0.02331198 -0.003406341 0.0187997 0.02782728 0.0006872663 0.01490032 0.02751952 0.0006184529 0.01458903 0.0276315 0.0002905087 0.01459189 0.0277439 -2.260136e-05 0.0145178 0.02787298 0.00902959 0.01228669 0.02538069 0.008960776 0.0119754 0.02549268 0.00924742 0.01178571 0.0254475 -0.004913372 0.01198244 0.03027988 -0.0007590161 0.01263393 0.02866117 -0.005130334 0.01234602 0.03025171 -0.0008491652 0.01290282 0.02861607 -0.0008806436 0.01318012 0.02854834 -0.003745534 0.01861036 0.02799804 -0.0005390876 0.01415853 0.0281531 -0.0003041525 0.01437069 0.02801187 0.009790359 0.01092234 0.02550481 0.01442219 0.01291845 0.02334015 0.009673581 0.01124469 0.02545375 0.009489334 0.01153774 0.02543428 0.009236274 0.008945584 0.0262564 0.009326423 0.008676694 0.0263015 -0.001418865 0.01088762 0.02938395 -0.001293376 0.01145528 0.02917972 -0.001205852 0.01170899 0.02907759 -0.001063792 0.01193193 0.02896537 -0.0008741395 0.01211315 0.02884853 -0.0006461499 0.01224386 0.02873278 0.009091863 0.009192958 0.02623613 0.009123408 0.009335658 0.02618479 0.01303739 0.006654114 0.02559382 -0.0008519239 0.01345225 0.02846129 -0.0008221503 0.01358694 0.02841283 -0.000714901 0.01389249 0.0282892 -0.0005954042 0.01234074 0.0286878 -0.0006022399 0.01236466 0.02868338 -0.0006146045 0.01238656 0.02868144 0.009203693 0.007559592 0.02666051 0.0126982 0.006464771 0.02576458 0.009329182 0.00812726 0.02645628 0.009357902 0.008399393 0.02636923 0.009833392 0.01058773 0.0255848 0.009800408 0.01025892 0.02568939 0.009770634 0.01012423 0.02573785 -0.0006263317 0.01225567 0.02872259 -0.0006104947 0.01227248 0.02871236 0.009683111 0.009870521 0.02583998 0.00954105 0.009647589 0.0259522 0.009351398 0.009466361 0.02606904 -0.0005996675 0.01229312 0.02870277 -0.0005945151 0.01231643 0.02869439 0.009079489 0.009214861 0.02623419 0.00910358 0.009323844 0.02619498 0.009087753 0.009307033 0.02620521 0.009076926 0.00928639 0.0262148 0.009071773 0.009263083 0.02622318 0.009072662 0.009238769 0.02622977 0.006456169 0.00659685 0.02229621 0.006589885 0.007201736 0.02207859 0.0004677902 0.001679434 0.004948055 0.0006015068 0.00228432 0.00473044 -0.001368211 0.0117193 0.02359987 -0.001163041 0.01153228 0.02358206 -0.001383969 0.01170636 0.02355421 -0.0011788 0.01151934 0.0235364 0.000744524 0.01469256 0.02799673 0.0004060372 0.01316136 0.02854759 0.0006184529 0.01458903 0.0276315 -0.001311682 0.01175084 0.02357141 0.0006872663 0.01490032 0.02751952 -0.001208513 0.01221754 0.02340351 -0.001327441 0.0117379 0.02352576 -0.007315819 0.006820486 0.00617761 -0.001224272 0.0122046 0.02335786 -0.00721265 0.007287186 0.006009709 -0.008515926 0.007343027 0.0008581464 -0.007228409 0.007274245 0.005964056 -0.008584739 0.00703174 0.0009701357 -0.007331578 0.006807545 0.006131957 -0.00871081 0.006928215 0.0006049115 -0.009049297 0.005397023 0.001155777 0.007118052 0.009590971 0.02121903 0.007164398 0.009576451 0.02120715 0.007133811 0.009603912 0.02126469 0.007180157 0.009589391 0.0212528 -0.0008039131 0.01085938 0.02364883 -0.0002117472 0.01067386 0.02349701 -0.000819672 0.01084644 0.02360317 -0.0002275061 0.01066092 0.02345135 0.009217934 0.009296483 0.02660135 0.009091863 0.009192958 0.02623613 0.00920556 0.009318386 0.02659941 0.009079489 0.009214861 0.02623419 0.009198733 0.009342294 0.02659499 0.009072662 0.009238769 0.02622977 0.009197844 0.009366608 0.02658841 0.009071773 0.009263083 0.02622318 0.009202997 0.009389915 0.02658002 0.009076926 0.00928639 0.0262148 0.009213824 0.009410558 0.02657043 0.009087753 0.009307033 0.02620521 0.009229652 0.009427369 0.02656021 0.00910358 0.009323844 0.02619498 0.009249479 0.009439183 0.02655001 0.009123408 0.009335658 0.02618479 -0.001922298 0.009271155 0.02443031 -0.001788581 0.009876041 0.02421269 -0.001906539 0.009284096 0.02447596 -0.001772823 0.009888982 0.02425835 0.006380289 0.007443675 0.02213712 0.00636453 0.007430734 0.02209147 0.006229901 0.007630568 0.02213606 0.006214142 0.007617628 0.02209041 0.006120111 0.007842667 0.02211384 0.006104352 0.007829726 0.02206818 0.006056168 0.008069953 0.02207148 0.006040409 0.008057013 0.02202583 0.006605644 0.007214676 0.02212424 0.006589885 0.007201736 0.02207859 -0.006215884 0.005743499 0.006103203 -0.006231643 0.005730559 0.006057549 -0.00680805 0.005929023 0.006255024 -0.006823809 0.005916083 0.00620937 -0.0009359387 0.01133495 0.0235596 -0.0009516976 0.01132201 0.02351395 -0.0008261489 0.01112285 0.02358182 -0.0008419078 0.01110991 0.02353617 -0.0007621855 0.01089566 0.02362414 -0.0007779444 0.01088272 0.02357849 0.00561212 0.008831374 0.02195418 0.005627879 0.008844314 0.02199983 0.006204286 0.00864585 0.02180235 0.006220045 0.00865879 0.02184801 0.0001945859 0.003784464 0.004445681 -0.0004124015 0.003974632 0.004601302 0.0001788271 0.003771524 0.004400028 -0.0004281604 0.003961691 0.004555649 0.009493236 0.01219104 0.01647922 0.009072425 0.01226396 0.01642332 0.008765814 0.01345807 0.0195541 0.008673027 0.01229534 0.01626513 0.00832225 0.01228302 0.01601536 0.005521249 0.009707224 0.007134524 0.005170472 0.009694908 0.006884754 0.002777436 0.008540656 0.002205946 0.004650429 0.00926787 0.005378204 0.004785781 0.009103287 0.005003897 0.01284428 0.0121803 0.01850845 0.01097129 0.01145308 0.01533619 0.01083596 0.0116177 0.01571059 0.007774853 0.01200686 0.01491138 0.007802207 0.01185598 0.01450881 0.006755014 0.009493459 0.007298445 0.00793756 0.0116914 0.0141345 0.008171678 0.0115243 0.01381389 0.009701104 0.01104514 0.01342177 0.01010049 0.01101376 0.01357996 0.007133144 0.009354897 0.007145643 0.005920647 0.009675844 0.007292717 0.01060185 0.01178479 0.01603121 0.01028492 0.01194301 0.01627625 0.009906792 0.01208157 0.01642905 0.008488606 0.01136608 0.01356884 0.008866705 0.0112275 0.01341595 0.009280293 0.01111805 0.01336587 0.006128515 0.008529936 0.004235263 0.006549326 0.008457022 0.004291163 0.006855905 0.007262881 0.001160298 0.006948714 0.008425645 0.004449359 0.007299469 0.008437932 0.004699036 0.004892269 0.009639798 0.006560621 0.004705544 0.009545586 0.006184013 0.004623075 0.009418747 0.005780775 0.0050199 0.008936187 0.004683282 0.005336828 0.008777969 0.004438237 0.005714927 0.008639381 0.004285345 0.007846897 0.008714119 0.005803105 0.007764396 0.008587254 0.005399777 0.007577704 0.008493068 0.00502326 0.007819512 0.00886497 0.006205586 0.007684182 0.009029582 0.006579986 0.007450072 0.009196679 0.006900599 0.006341458 0.00960293 0.007348618 0.007857323 0.0121337 0.01531462 0.008044047 0.01222791 0.01569123 0.01045125 0.01102605 0.01382964 0.01072948 0.01108118 0.01415387 0.01091617 0.01117537 0.01453038 0.01099868 0.01130223 0.01493371 0.0002001489 0.003715493 0.00440855 0.0002159078 0.003728433 0.004454203 0.0003753518 0.003905631 0.004348938 0.0003595929 0.00389269 0.004303285 0.0005764249 0.004033339 0.00424333 0.000560666 0.004020399 0.004197677 0.0008067484 0.004103715 0.004143877 0.0007909895 0.004090775 0.004098224 0.001618111 0.001368392 0.004639144 0.0005243393 0.001711068 0.004919568 0.001602352 0.001355451 0.004593491 0.0005085804 0.001698127 0.004873915 0.001026504 0.004206855 0.004038784 0.001010745 0.004193914 0.003993131 0.006198723 0.008714821 0.02183949 0.006182964 0.00870188 0.02179383 0.006348342 0.0088751 0.02174241 0.006332583 0.00886216 0.02169675 0.006531609 0.008995385 0.02164505 0.00651585 0.008982444 0.0215994 0.007622248 0.006298748 0.02203295 0.007612045 0.006252594 0.02204955 0.006528477 0.006641424 0.02231337 0.006471927 0.006609791 0.02234186 0.006662193 0.00724631 0.02209576 0.006605644 0.007214676 0.02212424 0.006457003 0.007433234 0.0221136 0.006380289 0.007443675 0.02213712 0.006285616 0.007629465 0.02211714 0.006229901 0.007630568 0.02213606 0.006163396 0.00785846 0.02209442 0.006120111 0.007842667 0.02211384 0.006097855 0.008106046 0.02204686 0.006056168 0.008069953 0.02207148 0.005505689 0.008291571 0.02219868 0.005449181 0.008260121 0.02222711 0.005627879 0.008844314 0.02199983 0.005591736 0.008904989 0.02199511 0.006220045 0.00865879 0.02184801 0.006198723 0.008714821 0.02183949 0.006379489 0.008835988 0.02174274 0.006348342 0.0088751 0.02174241 0.006580562 0.008963696 0.02163713 0.006531609 0.008995385 0.02164505 0.006810886 0.009034072 0.02153768 0.006739792 0.009069939 0.02155205 0.007066805 0.009076629 0.02143728 0.007030641 0.009137212 0.02143259 0.007180157 0.009589391 0.0212528 0.007133811 0.009603912 0.02126469 0.007072908 0.00689948 0.001188399 0.006855905 0.007262881 0.001160298 0.01306129 0.0118169 0.01853655 0.01284428 0.0121803 0.01850845 -1.896013e-05 0.01123883 0.02923925 -0.0001526768 0.01063394 0.02945687 -0.001736679 0.009828307 0.02426307 -0.001870396 0.009223421 0.02448069 0.008189646 0.008020313 0.02731804 0.008323363 0.008625199 0.02710042 0.006471927 0.006609791 0.02234186 0.006605644 0.007214676 0.02212424 -0.01260953 0.01124241 0.001165913 0.005002038 0.005724744 -0.003349386 -0.0001736024 0.004729396 -0.00128068 -0.0002424158 0.004418109 -0.00116869 4.422819e-05 0.004228421 -0.001213868 0.0002861422 0.003980444 -0.001227084 0.0004703893 0.003687393 -0.001207617 -0.008515926 0.007343027 0.0008581464 -0.008584739 0.00703174 0.0009701357 -0.008912683 0.007034601 0.001082527 0.0003378581 0.002090296 -0.0007091645 0.0004799186 0.002313228 -0.0008213932 0.005219 0.005361159 -0.003321219 0.0005871666 0.003365046 -0.001156557 0.0006302001 0.00303044 -0.001076566 -0.009225793 0.006960512 0.00121161 -0.009507344 0.006813395 0.001350499 -0.01294873 0.01105307 0.001336669 -0.00974228 0.006601238 0.001491733 -0.009918093 0.006335196 0.001627832 -0.01433353 0.004788729 0.003590342 -0.01002534 0.006029647 0.001751463 -0.01005512 0.005894962 0.001799918 -0.01007733 0.004555861 0.002187161 -0.01026698 0.004374633 0.002303997 -0.01411656 0.004425144 0.003618509 0.0038342 -0.0009031785 -0.001067546 0.0001547098 0.0008421007 -0.0002921367 0.0005674424 0.002566939 -0.0009235207 0.000597216 0.002701624 -0.0009719754 0.003495007 -0.001092522 -0.0008967904 5.008924e-07 2.299404e-06 -8.599572e-07 0.0001259901 0.0005699673 -0.0002050855 -9.961146e-05 0.001766552 -0.0004663881 -7.978398e-05 0.001778366 -0.0004765811 -0.0001237033 0.001657569 -0.0004271802 0.0001232313 0.001119402 -0.0003598731 3.308228e-05 0.001388291 -0.0004049727 0.0001482057 0.001909068 -0.0005923286 -0.009813687 0.004715188 0.002050992 -0.009829524 0.00469838 0.002061223 -0.009849342 0.004686563 0.002071413 -0.009962208 0.005076638 0.001999805 -0.01005236 0.005345527 0.001954705 -0.01008384 0.005622828 0.001886969 -0.01040904 0.004151701 0.002416225 -0.01049657 0.003897991 0.002518353 -0.01062206 0.003330323 0.002722579 -0.0001113294 0.001635666 -0.000425243 -0.0001314187 0.001705791 -0.0004381856 -0.0001262664 0.001729098 -0.0004465707 -0.0001154392 0.001749741 -0.0004561595 -0.009817796 0.004829263 0.002020075 -0.009805432 0.004807363 0.002022015 -0.009798596 0.004783452 0.002026433 -0.0001305296 0.001681477 -0.0004316007 -0.009797707 0.004759138 0.002033018 -0.009802859 0.004735831 0.002041403 0.009896705 0.01022776 0.02610307 0.009770634 0.01012423 0.02573785 -0.01294873 0.01105307 0.001336669 -0.01433353 0.004788729 0.003590342 -0.01134132 0.012373 0.005993278 -0.01272612 0.006108667 0.008246951 -0.007182937 0.006588988 0.006142599 -0.007167178 0.006601928 0.006188252 -0.0069958 0.0064057 0.006184716 -0.007011559 0.00639276 0.006139063 -0.00687358 0.006176705 0.006207437 -0.006889339 0.006163764 0.006161784 -0.00680805 0.005929023 0.006255024 -0.006823809 0.005916083 0.00620937 0.01142999 0.005334176 0.02093721 0.01281479 0.01159851 0.01868354 0.01303739 0.006654114 0.02559382 0.01442219 0.01291845 0.02334015 -0.01271491 0.005711038 0.00835579 -0.009259563 0.004628487 0.0074699 -0.006726529 0.01062845 0.02570394 -0.003271185 0.009545903 0.02481805 0.00181209 0.001159763 0.004631322 0.007800469 0.00607718 0.02197947 0.001633676 0.001314164 0.004649142 0.007622055 0.006231581 0.02199729 0.001046909 0.004133332 0.00399782 0.001062668 0.004146273 0.004043473 -0.006353833 0.005177815 0.006256406 -0.006231643 0.005730559 0.006057549 -0.006338074 0.005190755 0.006302059 -0.006215884 0.005743499 0.006103203 -0.006945999 0.005363339 0.006408227 -0.00693024 0.00537628 0.00645388 -0.007089673 0.005199177 0.006559115 -0.007105432 0.005186237 0.006513462 -0.007290746 0.005071469 0.006664723 -0.007306505 0.005058528 0.00661907 -0.007521061 0.00500109 0.006764173 -0.007536819 0.004988149 0.00671852 -0.007388107 0.006776003 0.006160411 -0.007372348 0.006788944 0.006206064 -0.007792719 0.004945684 0.006818891 -0.00777696 0.004958625 0.006864544 -0.0008039131 0.01085938 0.02364883 -0.000819672 0.01084644 0.02360317 -0.0008852019 0.01109412 0.02355559 -0.000869443 0.01110706 0.02360124 -0.001007422 0.01132312 0.02353287 -0.0009916627 0.01133606 0.02357852 0.005505689 0.008291571 0.02219868 0.005627879 0.008844314 0.02199983 0.00548993 0.00827863 0.02215303 0.00561212 0.008831374 0.02195418 0.005505689 0.008291571 0.02219868 0.00548993 0.00827863 0.02215303 0.006097855 0.008106046 0.02204686 0.006082096 0.008093106 0.02200121 0.006810886 0.009034072 0.02153768 0.007066805 0.009076629 0.02143728 0.006795127 0.009021132 0.02149203 0.007051046 0.009063689 0.02139162 0.006564803 0.008950756 0.02159148 0.006580562 0.008963696 0.02163713 0.00636373 0.008823047 0.02169709 0.006379489 0.008835988 0.02174274 0.006204286 0.00864585 0.02180235 0.006220045 0.00865879 0.02184801 0.006097855 0.008106046 0.02204686 0.006082096 0.008093106 0.02200121 0.006147637 0.00784552 0.02204877 0.006163396 0.00785846 0.02209442 0.006269857 0.007616524 0.02207149 0.006285616 0.007629465 0.02211714 0.006441244 0.007420293 0.02206795 0.006457003 0.007433234 0.0221136 0.006662193 0.00724631 0.02209576 0.006646434 0.00723337 0.0220501 0.007596286 0.006239654 0.0220039 0.007612045 0.006252594 0.02204955 0.007606489 0.006285808 0.0219873 0.007622248 0.006298748 0.02203295 -0.00300031 0.009626772 0.02475639 -0.003016069 0.009613831 0.02471073 -0.001906539 0.009284096 0.02447596 -0.001922298 0.009271155 0.02443031 -0.003026272 0.009567677 0.02472734 -0.003016069 0.009613831 0.02471073 -0.003010513 0.009580618 0.02477299 -0.00300031 0.009626772 0.02475639 0.001607908 0.001322237 0.004655749 0.001618111 0.001368392 0.004639144 0.001592149 0.001309297 0.004610096 0.001602352 0.001355451 0.004593491 -0.009004448 0.004696415 0.007362583 -0.009014651 0.004650261 0.007379187 -0.009020207 0.004683474 0.00731693 -0.009030409 0.00463732 0.007333534 2.213455e-05 0.001805544 -0.0009575529 0.0001482057 0.001909068 -0.0005923286 0.000211787 0.001986772 -0.001074389 0.0003378581 0.002090296 -0.0007091645 0.0003538475 0.002209704 -0.001186617 0.0004799186 0.002313228 -0.0008213932 2.863863e-05 0.0007385761 -0.000657361 0.0001547098 0.0008421007 -0.0002921367 -2.839802e-06 0.001015877 -0.0007250973 0.0001232313 0.001119402 -0.0003598731 -9.298885e-05 0.001284767 -0.0007701969 3.308228e-05 0.001388291 -0.0004049727 -0.0102034 0.004452336 0.001821937 -0.01007733 0.004555861 0.002187161 -0.01039306 0.004271108 0.001938772 -0.01026698 0.004374633 0.002303997 -0.01053512 0.004048176 0.002051001 -0.01040904 0.004151701 0.002416225 -0.01020991 0.005519304 0.001521745 -0.01008384 0.005622828 0.001886969 -0.01017843 0.005242003 0.001589481 -0.01005236 0.005345527 0.001954705 -0.01008828 0.004973113 0.001634581 -0.009962208 0.005076638 0.001999805 -0.001079781 0.01181252 0.02944282 -0.001205852 0.01170899 0.02907759 -0.0009377209 0.01203545 0.02933059 -0.001063792 0.01193193 0.02896537 -0.0007480684 0.01221668 0.02921375 -0.0008741395 0.01211315 0.02884853 -0.000632945 0.01273745 0.0290264 -0.0007590161 0.01263393 0.02866117 -0.0007230941 0.01300634 0.0289813 -0.0008491652 0.01290282 0.02861607 -0.0007545725 0.01328365 0.02891356 -0.0008806436 0.01318012 0.02854834 0.009809182 0.009974045 0.0262052 0.009683111 0.009870521 0.02583998 0.009667121 0.009751113 0.02631743 0.00954105 0.009647589 0.0259522 0.009477469 0.009569885 0.02643426 0.009351398 0.009466361 0.02606904 0.009362345 0.009049108 0.02662162 0.009236274 0.008945584 0.0262564 0.009452494 0.008780219 0.02666672 0.009326423 0.008676694 0.0263015 0.009483973 0.008502918 0.02673446 0.009357902 0.008399393 0.02636923 -0.00672811 0.01127246 0.004712806 -0.0007397315 0.01618988 0.02206096 0.002355753 0.008426508 0.002383862 0.008344132 0.01334392 0.01973201 -0.007047967 0.01161893 0.004725008 -0.001059589 0.01653635 0.02207316 -0.00672811 0.01127246 0.004712806 -0.0007397315 0.01618988 0.02206096 0.002355753 0.008426508 0.002383862 0.008344132 0.01334392 0.01973201 0.002777436 0.008540656 0.002205946 0.008765814 0.01345807 0.0195541 -0.01293191 0.006074537 0.008327661 -0.01271491 0.005711038 0.00835579 -0.00694353 0.01099195 0.02567581 -0.006726529 0.01062845 0.02570394 0.01159498 0.005183879 0.02092286 0.01125581 0.004994628 0.02109358 0.005606607 0.0002664628 0.003574709 0.005267434 7.721189e-05 0.003745432 0.006609445 0.007044682 0.001307223 0.006826407 0.006681097 0.00133539 0.005002038 0.005724744 -0.003349386 0.005219 0.005361159 -0.003321219 -0.006737741 0.01102608 0.0255951 -0.006520779 0.0106625 0.02562327 -0.005130334 0.01234602 0.03025171 -0.004913372 0.01198244 0.03027988 -0.01260953 0.01124241 0.001165913 -0.01294873 0.01105307 0.001336669 -0.01100213 0.01256235 0.005822522 -0.01134132 0.012373 0.005993278</float_array>
          <technique_common>
            <accessor count="1976" source="#verts-array-array" stride="3">
              <param type="float" name="X"/>
              <param type="float" name="Y"/>
              <param type="float" name="Z"/>
            </accessor>
          </technique_common>
        </source>
        <source id="normals-array">
          <float_array count="5928" id="normals-array-array">-0.2036501 -0.9212397 0.3314274 -0.2036501 -0.9212397 0.3314274 -0.2036501 -0.9212397 0.3314274 -0.2036501 -0.9212397 0.3314274 -0.677208 -0.6126884 0.4074337 -0.639898 -0.6525446 0.4058522 -0.677208 -0.6126884 0.4074337 -0.639898 -0.6525446 0.4058522 -0.2036501 -0.9212397 0.3314274 -0.2036501 -0.9212397 0.3314274 -0.2036501 -0.9212397 0.3314274 -0.2036501 -0.9212397 0.3314274 -0.9269248 0.2904034 0.2376473 -0.9269248 0.2904034 0.2376473 -0.9269248 0.2904034 0.2376473 -0.9269248 0.2904034 0.2376473 0.9269248 -0.2904034 -0.2376473 0.9269248 -0.2904034 -0.2376473 0.9269248 -0.2904034 -0.2376473 0.9269248 -0.2904034 -0.2376473 0.9269248 -0.2904034 -0.2376473 0.9269248 -0.2904034 -0.2376473 0.9269248 -0.2904034 -0.2376473 0.9269248 -0.2904034 -0.2376473 0.3151778 0.2588114 0.9130606 0.3151778 0.2588114 0.9130606 0.3151778 0.2588114 0.9130606 0.3151778 0.2588114 0.9130606 0.3151778 0.2588114 0.9130606 0.3151778 0.2588114 0.9130606 0.3151778 0.2588114 0.9130606 0.3151778 0.2588114 0.9130606 0.3151778 0.2588114 0.9130606 0.3151778 0.2588114 0.9130606 0.3151778 0.2588114 0.9130606 0.3151778 0.2588114 0.9130606 0.3151778 0.2588114 0.9130606 0.3151778 0.2588114 0.9130606 0.3151778 0.2588114 0.9130606 0.3151778 0.2588114 0.9130606 0.3151778 0.2588114 0.9130606 0.3151778 0.2588114 0.9130606 0.3151778 0.2588114 0.9130606 0.3151778 0.2588114 0.9130606 0.3151778 0.2588114 0.9130606 0.3151778 0.2588114 0.9130606 0.3151778 0.2588114 0.9130606 0.3151778 0.2588114 0.9130606 -0.9135828 0.3432408 0.2180648 -0.9367707 0.2389997 0.2556166 -0.9135828 0.3432408 0.2180648 -0.9367707 0.2389997 0.2556166 -0.9269248 0.2904034 0.2376473 -0.9269248 0.2904034 0.2376473 -0.9269248 0.2904034 0.2376473 -0.9269248 0.2904034 0.2376473 -0.5112725 0.8568503 -0.06639301 -0.5112725 0.8568503 -0.06639301 -0.5112725 0.8568503 -0.06639301 -0.5112725 0.8568503 -0.06639301 -0.7995224 -0.4459258 0.4023856 -0.7995224 -0.4459258 0.4023856 -0.7995224 -0.4459258 0.4023856 -0.7995224 -0.4459258 0.4023856 0.5115657 -0.8566867 0.06624547 0.5115657 -0.8566867 0.06624547 0.5115657 -0.8566867 0.06624547 0.5115657 -0.8566867 0.06624547 -0.5115657 0.8566867 -0.06624547 -0.5115657 0.8566867 -0.06624547 -0.5115657 0.8566867 -0.06624547 -0.5115657 0.8566867 -0.06624547 0.7995224 0.4459258 -0.4023856 0.7995224 0.4459258 -0.4023856 0.7995224 0.4459258 -0.4023856 0.7995224 0.4459258 -0.4023856 -0.5261305 0.8483645 -0.05885891 -0.5261305 0.8483645 -0.05885891 -0.6274047 0.7786823 -0.004148493 -0.6274047 0.7786823 -0.004148493 -0.7855596 0.6109795 0.0979809 -0.7855596 0.6109795 0.0979809 -0.8937539 0.4045051 0.1938545 -0.8937539 0.4045051 0.1938545 -0.9452303 0.1716445 0.277629 -0.9452303 0.1716445 0.277629 -0.9364259 -0.07148536 0.3435061 -0.9364259 -0.07148536 0.3435061 -0.8681015 -0.3101437 0.3875702 -0.8681015 -0.3101437 0.3875702 -0.8087593 -0.4301466 0.4011013 -0.8087593 -0.4301466 0.4011013 -0.8554193 0.4941312 0.1552169 -0.8554193 0.4941312 0.1552169 -0.7381999 0.6714933 0.06447998 -0.7381999 0.6714933 0.06447998 -0.5815967 0.812936 -0.02967024 -0.5815967 0.812936 -0.02967024 -0.3939463 0.9109695 -0.122233 -0.3939463 0.9109695 -0.122233 -0.185172 0.9603754 -0.2083038 -0.185172 0.9603754 -0.2083038 -0.07637028 0.9658926 -0.2474248 -0.07637028 0.9658926 -0.2474248 0.9371586 -0.2365922 -0.256433 0.9371586 -0.2365922 -0.256433 0.9489207 -0.0711644 -0.3073844 0.9489207 -0.0711644 -0.3073844 0.9202229 0.1519132 -0.3607107 0.9202229 0.1519132 -0.3607107 0.8423911 0.3668039 -0.3947558 0.8423911 0.3668039 -0.3947558 0.719585 0.5621027 -0.407723 0.719585 0.5621027 -0.407723 0.5582847 0.7274521 -0.3989131 0.5582847 0.7274521 -0.3989131 0.4658589 0.7960135 -0.3864428 0.4658589 0.7960135 -0.3864428 -0.9135828 0.3432408 0.2180648 -0.9135828 0.3432408 0.2180648 -0.8554193 0.4941312 0.1552169 -0.8554193 0.4941312 0.1552169 -0.7381999 0.6714933 0.06447998 -0.7381999 0.6714933 0.06447998 -0.5815967 0.812936 -0.02967024 -0.5815967 0.812936 -0.02967024 -0.3939463 0.9109695 -0.122233 -0.3939463 0.9109695 -0.122233 -0.185172 0.9603754 -0.2083038 -0.185172 0.9603754 -0.2083038 -0.07637028 0.9658926 -0.2474248 -0.07637028 0.9658926 -0.2474248 0.9371586 -0.2365922 -0.256433 0.9371586 -0.2365922 -0.256433 0.9489207 -0.0711644 -0.3073844 0.9489207 -0.0711644 -0.3073844 0.9202229 0.1519132 -0.3607107 0.9202229 0.1519132 -0.3607107 0.8423911 0.3668039 -0.3947558 0.8423911 0.3668039 -0.3947558 0.719585 0.5621027 -0.407723 0.719585 0.5621027 -0.407723 0.5582847 0.7274521 -0.3989131 0.5582847 0.7274521 -0.3989131 0.4658589 0.7960135 -0.3864428 0.4658589 0.7960135 -0.3864428 -0.2036501 -0.9212397 0.3314274 -0.2036501 -0.9212397 0.3314274 -0.2036501 -0.9212397 0.3314274 -0.2036501 -0.9212397 0.3314274 -0.9269248 0.2904034 0.2376473 -0.9269248 0.2904034 0.2376473 -0.9269248 0.2904034 0.2376473 -0.9269248 0.2904034 0.2376473 -0.9269248 0.2904034 0.2376473 -0.9269248 0.2904034 0.2376473 -0.9269248 0.2904034 0.2376473 -0.9269248 0.2904034 0.2376473 0.9269248 -0.2904034 -0.2376473 0.9269248 -0.2904034 -0.2376473 0.9269248 -0.2904034 -0.2376473 0.9269248 -0.2904034 -0.2376473 -0.8087593 -0.4301466 0.4011013 -0.8087593 -0.4301466 0.4011013 -0.8681015 -0.3101437 0.3875702 -0.8681015 -0.3101437 0.3875702 -0.9364259 -0.07148536 0.3435061 -0.9364259 -0.07148536 0.3435061 -0.9452303 0.1716445 0.277629 -0.9452303 0.1716445 0.277629 -0.8937539 0.4045051 0.1938545 -0.8937539 0.4045051 0.1938545 -0.7855596 0.6109795 0.0979809 -0.7855596 0.6109795 0.0979809 -0.6274047 0.7786823 -0.004148493 -0.6274047 0.7786823 -0.004148493 -0.5261305 0.8483645 -0.05885891 -0.5261305 0.8483645 -0.05885891 0.9269248 -0.2904034 -0.2376473 0.9269248 -0.2904034 -0.2376473 0.9269248 -0.2904034 -0.2376473 0.9269248 -0.2904034 -0.2376473 -0.2036501 -0.9212397 0.3314274 -0.2036501 -0.9212397 0.3314274 -0.2036501 -0.9212397 0.3314274 -0.2036501 -0.9212397 0.3314274 0.5260169 -0.8484309 0.05891692 0.5260169 -0.8484309 0.05891692 0.6274256 -0.7786655 0.004136477 0.6274256 -0.7786655 0.004136477 0.7856518 -0.6108499 -0.09804948 0.7856518 -0.6108499 -0.09804948 0.8937539 -0.4045051 -0.1938545 0.8937539 -0.4045051 -0.1938545 0.9452303 -0.1716445 -0.277629 0.9452303 -0.1716445 -0.277629 0.9364526 0.07131849 -0.343468 0.9364526 0.07131849 -0.343468 0.8681128 0.3101167 -0.3875664 0.8681128 0.3101167 -0.3875664 0.8086879 0.4302709 -0.4011119 0.8086879 0.4302709 -0.4011119 -0.677208 -0.6126884 0.4074337 -0.639898 -0.6525446 0.4058522 -0.677208 -0.6126884 0.4074337 -0.639898 -0.6525446 0.4058522 -0.3151795 -0.2588108 -0.9130601 -0.3151795 -0.2588108 -0.9130601 -0.5442724 -0.1748613 -0.8204822 -0.5442724 -0.1748613 -0.8204822 -0.7364027 -0.07894241 -0.671922 -0.7364027 -0.07894241 -0.671922 -0.8783321 0.02236853 -0.4775273 -0.8783321 0.02236853 -0.4775273 -0.9603195 0.1220719 -0.2507688 -0.9603195 0.1220719 -0.2507688 -0.9769172 0.2135101 -0.006804908 -0.9769172 0.2135101 -0.006804908 -0.926919 0.2904082 0.2376642 -0.926919 0.2904082 0.2376642 -0.8137646 0.3474941 0.4658701 -0.8137646 0.3474941 0.4658701 -0.6450897 0.3809091 0.6623953 -0.6450897 0.3809091 0.6623953 -0.4325615 0.3883533 0.8136783 -0.4325615 0.3883533 0.8136783 -0.1906189 0.3693527 0.909529 -0.1906189 0.3693527 0.909529 0.06449069 0.3251637 0.9434562 0.06449069 0.3251637 0.9434562 0.3151761 0.2588119 0.913061 0.3151761 0.2588119 0.913061 0.544382 0.1748145 0.8204195 0.544382 0.1748145 0.8204195 0.7364908 0.07889041 0.6718316 0.7364908 0.07889041 0.6718316 0.8782899 -0.02233061 0.4776068 0.8782899 -0.02233061 0.4776068 0.9603137 -0.1220608 0.2507963 0.9603137 -0.1220608 0.2507963 0.976914 -0.213526 0.006758772 0.976914 -0.213526 0.006758772 0.9269306 -0.2903986 -0.2376304 0.9269306 -0.2903986 -0.2376304 0.8137523 -0.3474981 -0.4658887 0.8137523 -0.3474981 -0.4658887 0.6451147 -0.3809064 -0.6623725 0.6451147 -0.3809064 -0.6623725 0.4326275 -0.388355 -0.8136424 0.4326275 -0.388355 -0.8136424 0.1904982 -0.3693374 -0.9095605 0.1904982 -0.3693374 -0.9095605 -0.06461525 -0.3251365 -0.943457 -0.06461525 -0.3251365 -0.943457 -0.2407418 0.5279153 -0.8144623 -0.2407609 0.5279164 -0.8144559 -0.3766094 0.5957239 -0.7094212 -0.3765941 0.5957245 -0.7094288 -0.4768984 0.6673605 -0.5720121 -0.4768758 0.6673598 -0.5720318 -0.5348961 0.7378428 -0.4116724 -0.5349225 0.7378389 -0.4116451 -0.5466472 0.8024713 -0.2392001 -0.546653 0.8024739 -0.239178 -0.5112979 0.856837 -0.0663685 -0.5112975 0.8568371 -0.06637088 -0.431302 0.8971935 0.09498664 -0.4313088 0.8971922 0.09496746 -0.3120505 0.92082 0.2339125 -0.3120606 0.9208274 0.2338697 -0.1617908 0.9261069 0.3408076 -0.1617689 0.9261041 0.3408255 0.009292165 0.9126554 0.4086243 0.009335923 0.9126261 0.4086887 0.1896441 0.8813636 0.4327047 0.1896296 0.8813669 0.4327043 0.3668225 0.8344958 0.4111666 0.366832 0.8344937 0.4111625 0.5289502 0.7750527 0.3456948 0.5289447 0.7750534 0.3457018 0.6647142 0.7072842 0.2406329 0.6646487 0.7073452 0.2406343 0.7649273 0.6357859 0.1032597 0.764923 0.635791 0.1032598 0.8229535 0.5652303 -0.05711606 0.8229759 0.5651961 -0.05713117 0.8347012 0.5005533 -0.229609 0.8347012 0.5005482 -0.2296202 0.7993576 0.4462141 -0.4023933 0.7993571 0.4462124 -0.4023963 0.71934 0.4058322 -0.563782 0.7193492 0.4058384 -0.5637658 0.6001246 0.3822113 -0.7026841 0.6001399 0.3822389 -0.702656 0.4499085 0.3770218 -0.8095906 0.4498801 0.3770166 -0.8096088 0.2786723 0.3904291 -0.8774434 0.2786673 0.3904144 -0.8774515 0.09836247 0.4216675 -0.9013997 0.09837065 0.421673 -0.9013962 -0.07880787 0.4685572 -0.8799111 -0.07880465 0.4685561 -0.8799119 0.2036501 0.9212397 -0.3314274 0.2036501 0.9212397 -0.3314274 0.2036501 0.9212397 -0.3314274 0.2036501 0.9212397 -0.3314274 -0.2407418 0.5279153 -0.8144623 -0.2407609 0.5279164 -0.8144559 -0.3766094 0.5957239 -0.7094212 -0.3765941 0.5957245 -0.7094288 -0.4768984 0.6673605 -0.5720121 -0.4768758 0.6673598 -0.5720318 -0.5349039 0.7378579 -0.4116352 -0.5349107 0.7378547 -0.4116321 -0.5466262 0.8024897 -0.2391865 -0.5466232 0.8024867 -0.2392031 -0.5112947 0.8568383 -0.06637724 -0.5112975 0.8568371 -0.06637088 -0.431302 0.8971935 0.09498664 -0.4313088 0.8971922 0.09496746 -0.3120984 0.9208148 0.2338688 -0.3120959 0.9208146 0.2338731 -0.1617733 0.9260727 0.3409087 -0.1617849 0.9260732 0.3409019 0.009319754 0.9126347 0.4086698 0.009335923 0.9126261 0.4086887 0.1896441 0.8813636 0.4327047 0.1896296 0.8813669 0.4327043 0.3668225 0.8344958 0.4111666 0.366832 0.8344937 0.4111625 0.5289502 0.7750527 0.3456948 0.5289447 0.7750534 0.3457018 0.6646595 0.7073164 0.240689 0.664642 0.7073353 0.2406819 0.7649703 0.6357288 0.1032928 0.7649802 0.6357184 0.1032835 0.822976 0.565196 -0.05713155 0.8229759 0.5651961 -0.05713117 0.8347012 0.5005533 -0.229609 0.8347012 0.5005482 -0.2296202 0.7993532 0.4462105 -0.4024061 0.7993523 0.4462163 -0.4024015 0.7193509 0.4058735 -0.5637385 0.7193401 0.4058616 -0.5637608 0.6001329 0.3822307 -0.7026665 0.6001399 0.3822389 -0.702656 0.4499085 0.3770218 -0.8095906 0.4498801 0.3770166 -0.8096088 0.2786723 0.3904291 -0.8774434 0.2786673 0.3904144 -0.8774515 0.09836247 0.4216675 -0.9013997 0.09837065 0.421673 -0.9013962 -0.07880787 0.4685572 -0.8799111 -0.07880465 0.4685561 -0.8799119 -0.3151795 -0.2588108 -0.9130601 -0.3151795 -0.2588108 -0.9130601 -0.5442724 -0.1748613 -0.8204822 -0.5442724 -0.1748613 -0.8204822 -0.7364027 -0.07894241 -0.671922 -0.7364027 -0.07894241 -0.671922 -0.8783321 0.02236853 -0.4775273 -0.8783321 0.02236853 -0.4775273 -0.9603195 0.1220719 -0.2507688 -0.9603195 0.1220719 -0.2507688 -0.9769172 0.2135101 -0.006804908 -0.9769172 0.2135101 -0.006804908 -0.926919 0.2904082 0.2376642 -0.926919 0.2904082 0.2376642 -0.8137646 0.3474941 0.4658701 -0.8137646 0.3474941 0.4658701 -0.6450897 0.3809091 0.6623953 -0.6450897 0.3809091 0.6623953 -0.4325615 0.3883533 0.8136783 -0.4325615 0.3883533 0.8136783 -0.1906189 0.3693527 0.909529 -0.1906189 0.3693527 0.909529 0.06449069 0.3251637 0.9434562 0.06449069 0.3251637 0.9434562 0.3151761 0.2588119 0.913061 0.3151761 0.2588119 0.913061 0.544382 0.1748145 0.8204195 0.544382 0.1748145 0.8204195 0.7364908 0.07889041 0.6718316 0.7364908 0.07889041 0.6718316 0.8782899 -0.02233061 0.4776068 0.8782899 -0.02233061 0.4776068 0.9603137 -0.1220608 0.2507963 0.9603137 -0.1220608 0.2507963 0.976914 -0.213526 0.006758772 0.976914 -0.213526 0.006758772 0.9269306 -0.2903986 -0.2376304 0.9269306 -0.2903986 -0.2376304 0.8137523 -0.3474981 -0.4658887 0.8137523 -0.3474981 -0.4658887 0.6451147 -0.3809064 -0.6623725 0.6451147 -0.3809064 -0.6623725 0.4326275 -0.388355 -0.8136424 0.4326275 -0.388355 -0.8136424 0.1904982 -0.3693374 -0.9095605 0.1904982 -0.3693374 -0.9095605 -0.06461525 -0.3251365 -0.943457 -0.06461525 -0.3251365 -0.943457 -0.6418128 -0.650594 0.4059602 -0.5970157 -0.693807 0.4027457 -0.6418128 -0.650594 0.4059602 -0.5970157 -0.693807 0.4027457 -0.2407418 0.5279153 -0.8144623 -0.2407609 0.5279164 -0.8144559 -0.3766094 0.5957239 -0.7094212 -0.3765908 0.5957251 -0.70943 -0.4768897 0.6673649 -0.5720143 -0.476869 0.6673653 -0.5720311 -0.5349018 0.7378611 -0.4116321 -0.5349119 0.737857 -0.4116265 -0.5466262 0.8024897 -0.2391865 -0.5466232 0.8024867 -0.2392031 -0.5112947 0.8568383 -0.06637724 -0.5112975 0.8568371 -0.06637088 -0.431302 0.8971935 0.09498664 -0.4313088 0.8971922 0.09496746 -0.3120984 0.9208148 0.2338688 -0.3120966 0.9208155 0.2338686 -0.1617718 0.926076 0.3409006 -0.1617845 0.9260768 0.3408922 0.009323128 0.9126354 0.4086683 0.009340461 0.9126255 0.4086899 0.1896441 0.8813636 0.4327047 0.1896296 0.8813669 0.4327043 0.3668225 0.8344958 0.4111666 0.366832 0.8344937 0.4111625 0.5289502 0.7750527 0.3456948 0.5289447 0.7750534 0.3457018 0.6646595 0.7073164 0.240689 0.664642 0.7073353 0.2406819 0.7649703 0.6357288 0.1032928 0.7649802 0.6357184 0.1032835 0.822976 0.565196 -0.05713155 0.8229759 0.5651961 -0.05713117 0.8347012 0.5005533 -0.229609 0.8347012 0.5005482 -0.2296202 0.7993532 0.4462105 -0.4024061 0.7993523 0.4462163 -0.4024015 0.7193509 0.4058735 -0.5637385 0.7193401 0.4058616 -0.5637608 0.6001329 0.3822307 -0.7026665 0.6001399 0.3822389 -0.702656 0.4499085 0.3770218 -0.8095906 0.4498801 0.3770166 -0.8096088 0.2786723 0.3904291 -0.8774434 0.2786673 0.3904144 -0.8774515 0.09836247 0.4216675 -0.9013997 0.09837065 0.421673 -0.9013962 -0.07880787 0.4685572 -0.8799111 -0.07880465 0.4685561 -0.8799119 -0.2036501 -0.9212397 0.3314274 -0.2036501 -0.9212397 0.3314274 -0.2036501 -0.9212397 0.3314274 -0.2036501 -0.9212397 0.3314274 -0.3151778 -0.2588114 -0.9130606 -0.3151778 -0.2588114 -0.9130606 -0.3151778 -0.2588114 -0.9130606 -0.3151778 -0.2588114 -0.9130606 -0.3151778 -0.2588114 -0.9130606 -0.3151778 -0.2588114 -0.9130606 -0.3151778 -0.2588114 -0.9130606 -0.3151778 -0.2588114 -0.9130606 -0.3151778 -0.2588114 -0.9130606 -0.3151778 -0.2588114 -0.9130606 -0.3151778 -0.2588114 -0.9130606 -0.3151778 -0.2588114 -0.9130606 -0.3151778 -0.2588114 -0.9130606 -0.3151778 -0.2588114 -0.9130606 -0.3151778 -0.2588114 -0.9130606 -0.3151778 -0.2588114 -0.9130606 -0.3151778 -0.2588114 -0.9130606 -0.3151778 -0.2588114 -0.9130606 -0.3151778 -0.2588114 -0.9130606 -0.3151778 -0.2588114 -0.9130606 -0.3151778 -0.2588114 -0.9130606 -0.3151778 -0.2588114 -0.9130606 -0.3151778 -0.2588114 -0.9130606 -0.3151778 -0.2588114 -0.9130606 -0.1490068 0.7316401 -0.6652065 -0.0957971 0.7103608 -0.697288 -0.1918533 0.7583327 -0.6229959 0.01876038 0.6683822 -0.7435814 -0.04216887 0.6860148 -0.7263645 -0.3156975 0.8812525 -0.3517515 -0.3038398 0.8588473 -0.4123866 -0.3121323 0.9045659 -0.290403 -0.2628354 0.8089814 -0.5258009 -0.29067 0.8327326 -0.4712403 -0.2338694 0.7817417 -0.5780873 -0.1942953 0.9809431 -5.319373e-05 -0.2305512 0.9715571 -0.05406507 -0.1462395 0.9882623 0.04417672 -0.287135 0.9430097 -0.168185 -0.2658109 0.9579742 -0.1078429 -0.3072188 0.9239716 -0.2278005 0.1439652 0.9723446 0.183902 0.08109637 0.9824791 0.1678039 0.208611 0.9603907 0.1847461 -0.03992422 0.991988 0.1198573 0.01787862 0.9883748 0.150982 -0.09755234 0.991313 0.08821561 0.5010781 0.8604613 0.09234187 0.4485717 0.8852116 0.123223 0.5446034 0.837263 0.04896751 0.3339616 0.9272128 0.1695469 0.3941289 0.9061339 0.15357 0.2723515 0.9442864 0.1847915 0.6676587 0.7108911 -0.221056 0.6565613 0.7367473 -0.1616498 0.6648554 0.6910261 -0.2836376 0.615534 0.7866358 -0.04818705 0.6426271 0.7594201 -0.1015454 0.5857791 0.8104529 0.005382266 0.5462646 0.611207 -0.5727311 0.583278 0.624038 -0.5199647 0.4989623 0.6073333 -0.6182094 0.6398586 0.6525847 -0.4058499 0.6177726 0.6341739 -0.4649521 0.6591805 0.6681765 -0.3449945 0.2078726 0.6198319 -0.7567017 0.2716165 0.6131291 -0.7418202 0.1440546 0.6352166 -0.7587807 0.3926895 0.6036057 -0.6938697 0.3341852 0.6037716 -0.7237266 0.4495043 0.6008354 -0.6610165 0.07960846 0.6478623 -0.7575862 0.677208 0.6126884 -0.4074337 0.677208 0.6126884 -0.4074337 0.7765482 0.482739 -0.40489 0.7765482 0.482739 -0.40489 0.8763197 0.2899647 -0.3846872 0.8763197 0.2899647 -0.3846872 0.9108272 0.1877418 -0.3676232 0.9108272 0.1877418 -0.3676232 -0.3151795 -0.2588108 -0.9130601 -0.3151795 -0.2588108 -0.9130601 -0.5442724 -0.1748613 -0.8204822 -0.5442724 -0.1748613 -0.8204822 -0.7364027 -0.07894241 -0.671922 -0.7364027 -0.07894241 -0.671922 -0.8783321 0.02236853 -0.4775273 -0.8783321 0.02236853 -0.4775273 -0.9603298 0.122092 -0.2507194 -0.9603298 0.122092 -0.2507194 -0.9769149 0.2135217 -0.006771139 -0.9769149 0.2135217 -0.006771139 -0.9269248 0.2904034 0.2376473 -0.9269248 0.2904034 0.2376473 -0.8137646 0.3474941 0.4658701 -0.8137646 0.3474941 0.4658701 -0.6451534 0.3809022 0.6623372 -0.6451534 0.3809022 0.6623372 -0.4325385 0.3883527 0.8136907 -0.4325385 0.3883527 0.8136907 -0.1905108 0.369339 0.9095572 -0.1905108 0.369339 0.9095572 0.06449069 0.3251637 0.9434562 0.06449069 0.3251637 0.9434562 0.3151761 0.2588119 0.913061 0.3151761 0.2588119 0.913061 0.544382 0.1748145 0.8204195 0.544382 0.1748145 0.8204195 0.7364182 0.07893329 0.6719061 0.7364182 0.07893329 0.6719061 0.8782786 -0.02232044 0.477628 0.8782786 -0.02232044 0.477628 0.9603302 -0.1220927 0.2507177 0.9603302 -0.1220927 0.2507177 0.976914 -0.213526 0.006758772 0.976914 -0.213526 0.006758772 0.9269248 -0.2904034 -0.2376473 0.9269248 -0.2904034 -0.2376473 0.8137718 -0.3474918 -0.4658593 0.8137718 -0.3474918 -0.4658593 0.6451547 -0.3809021 -0.662336 0.6451547 -0.3809021 -0.662336 0.4326275 -0.388355 -0.8136424 0.4326275 -0.388355 -0.8136424 0.1904982 -0.3693374 -0.9095605 0.1904982 -0.3693374 -0.9095605 -0.06461525 -0.3251365 -0.943457 -0.06461525 -0.3251365 -0.943457 0.9269248 -0.2904034 -0.2376473 0.9269248 -0.2904034 -0.2376473 0.9269248 -0.2904034 -0.2376473 0.9269248 -0.2904034 -0.2376473 -0.2407418 0.5279153 -0.8144623 -0.2407609 0.5279164 -0.8144559 -0.3766094 0.5957239 -0.7094212 -0.3765908 0.5957251 -0.70943 -0.4768897 0.6673649 -0.5720143 -0.476869 0.6673653 -0.5720311 -0.534894 0.737846 -0.4116693 -0.5349237 0.7378411 -0.4116395 -0.5466472 0.8024713 -0.2392001 -0.546653 0.8024739 -0.239178 -0.5112979 0.856837 -0.0663685 -0.5112975 0.8568371 -0.06637088 -0.431302 0.8971935 0.09498664 -0.4313088 0.8971922 0.09496746 -0.3120505 0.92082 0.2339125 -0.3120614 0.9208283 0.2338652 -0.1617892 0.9261101 0.3407995 -0.1617685 0.9261078 0.3408158 0.009295539 0.912656 0.4086228 0.009340461 0.9126255 0.4086899 0.1896441 0.8813636 0.4327047 0.1896296 0.8813669 0.4327043 0.3668225 0.8344958 0.4111666 0.366832 0.8344937 0.4111625 0.5289502 0.7750527 0.3456948 0.5289447 0.7750534 0.3457018 0.6647142 0.7072842 0.2406329 0.6646487 0.7073452 0.2406343 0.7649273 0.6357859 0.1032597 0.764923 0.635791 0.1032598 0.8229535 0.5652303 -0.05711606 0.8229759 0.5651961 -0.05713117 0.8347012 0.5005533 -0.229609 0.8347012 0.5005482 -0.2296202 0.7993576 0.4462141 -0.4023933 0.7993571 0.4462124 -0.4023963 0.71934 0.4058322 -0.563782 0.7193492 0.4058384 -0.5637658 0.6001246 0.3822113 -0.7026841 0.6001399 0.3822389 -0.702656 0.4499085 0.3770218 -0.8095906 0.4498801 0.3770166 -0.8096088 0.2786723 0.3904291 -0.8774434 0.2786673 0.3904144 -0.8774515 0.09836247 0.4216675 -0.9013997 0.09837065 0.421673 -0.9013962 -0.07880787 0.4685572 -0.8799111 -0.07880465 0.4685561 -0.8799119 -0.1490068 0.7316401 -0.6652065 -0.0957971 0.7103608 -0.697288 -0.1918533 0.7583327 -0.6229959 0.01876038 0.6683822 -0.7435814 -0.04216887 0.6860148 -0.7263645 -0.3156975 0.8812525 -0.3517515 -0.3038398 0.8588473 -0.4123866 -0.3121323 0.9045659 -0.290403 -0.2628354 0.8089814 -0.5258009 -0.29067 0.8327326 -0.4712403 -0.2338694 0.7817417 -0.5780873 -0.1942953 0.9809431 -5.319373e-05 -0.2305512 0.9715571 -0.05406507 -0.1462395 0.9882623 0.04417672 -0.287135 0.9430097 -0.168185 -0.2658109 0.9579742 -0.1078429 -0.3072188 0.9239716 -0.2278005 0.1439652 0.9723446 0.183902 0.08109637 0.9824791 0.1678039 0.208611 0.9603907 0.1847461 -0.03992422 0.991988 0.1198573 0.01787862 0.9883748 0.150982 -0.09755234 0.991313 0.08821561 0.5010781 0.8604613 0.09234187 0.4485717 0.8852116 0.123223 0.5446034 0.837263 0.04896751 0.3339616 0.9272128 0.1695469 0.3941289 0.9061339 0.15357 0.2723515 0.9442864 0.1847915 0.6676587 0.7108911 -0.221056 0.6565613 0.7367473 -0.1616498 0.6648554 0.6910261 -0.2836376 0.615534 0.7866358 -0.04818705 0.6426271 0.7594201 -0.1015454 0.5857791 0.8104529 0.005382266 0.5462646 0.611207 -0.5727311 0.583278 0.624038 -0.5199647 0.4989623 0.6073333 -0.6182094 0.6398586 0.6525847 -0.4058499 0.6177726 0.6341739 -0.4649521 0.6591805 0.6681765 -0.3449945 0.2078726 0.6198319 -0.7567017 0.2716165 0.6131291 -0.7418202 0.1440546 0.6352166 -0.7587807 0.3926895 0.6036057 -0.6938697 0.3341852 0.6037716 -0.7237266 0.4495043 0.6008354 -0.6610165 0.07960846 0.6478623 -0.7575862 -0.1490068 0.7316401 -0.6652065 -0.0957971 0.7103608 -0.697288 -0.1918533 0.7583327 -0.6229959 0.01876038 0.6683822 -0.7435814 -0.04216887 0.6860148 -0.7263645 -0.3156881 0.8812353 -0.3518029 -0.303835 0.8588379 -0.4124097 -0.3121257 0.904562 -0.2904223 -0.2628354 0.8089814 -0.5258009 -0.29067 0.8327326 -0.4712403 -0.2338694 0.7817417 -0.5780873 -0.1942953 0.9809431 -5.319373e-05 -0.2305512 0.9715571 -0.05406507 -0.1462098 0.9882655 0.04420385 -0.2871323 0.9430119 -0.1681771 -0.2658109 0.9579742 -0.1078429 -0.3072133 0.9239776 -0.2277836 0.1439652 0.9723446 0.183902 0.08104584 0.9824855 0.1677907 0.208611 0.9603907 0.1847461 -0.03994727 0.9919855 0.1198704 0.01776875 0.9883813 0.1509522 -0.09748719 0.9913143 0.08827403 0.5010781 0.8604613 0.09234187 0.4485717 0.8852116 0.123223 0.5446374 0.8372429 0.04893266 0.3339616 0.9272128 0.1695469 0.3941289 0.9061339 0.15357 0.2723515 0.9442864 0.1847915 0.6676587 0.7108911 -0.221056 0.6565536 0.7367622 -0.1616131 0.6648554 0.6910261 -0.2836376 0.615555 0.7866195 -0.04818525 0.6426067 0.7594481 -0.101465 0.5858484 0.8104033 0.00530654 0.546226 0.6112049 -0.5727703 0.5832627 0.624041 -0.5199783 0.4989436 0.6073313 -0.6182265 0.6398613 0.652587 -0.405842 0.6177793 0.6341796 -0.4649355 0.6591805 0.6681765 -0.3449945 0.2078726 0.6198319 -0.7567017 0.2716165 0.6131291 -0.7418202 0.1440546 0.6352166 -0.7587807 0.3926895 0.6036057 -0.6938697 0.3341852 0.6037716 -0.7237266 0.4495043 0.6008354 -0.6610165 0.07960846 0.6478623 -0.7575862 -0.3151795 -0.2588108 -0.9130601 -0.3151795 -0.2588108 -0.9130601 -0.5442724 -0.1748613 -0.8204822 -0.5442724 -0.1748613 -0.8204822 -0.7364027 -0.07894241 -0.671922 -0.7364027 -0.07894241 -0.671922 -0.8783321 0.02236853 -0.4775273 -0.8783321 0.02236853 -0.4775273 -0.9603298 0.122092 -0.2507194 -0.9603298 0.122092 -0.2507194 -0.9769149 0.2135217 -0.006771139 -0.9769149 0.2135217 -0.006771139 -0.9269248 0.2904034 0.2376473 -0.9269248 0.2904034 0.2376473 -0.8137646 0.3474941 0.4658701 -0.8137646 0.3474941 0.4658701 -0.6451534 0.3809022 0.6623372 -0.6451534 0.3809022 0.6623372 -0.4325385 0.3883527 0.8136907 -0.4325385 0.3883527 0.8136907 -0.1905108 0.369339 0.9095572 -0.1905108 0.369339 0.9095572 0.06449069 0.3251637 0.9434562 0.06449069 0.3251637 0.9434562 0.3151761 0.2588119 0.913061 0.3151761 0.2588119 0.913061 0.544382 0.1748145 0.8204195 0.544382 0.1748145 0.8204195 0.7364182 0.07893329 0.6719061 0.7364182 0.07893329 0.6719061 0.8782786 -0.02232044 0.477628 0.8782786 -0.02232044 0.477628 0.9603302 -0.1220927 0.2507177 0.9603302 -0.1220927 0.2507177 0.976914 -0.213526 0.006758772 0.976914 -0.213526 0.006758772 0.9269248 -0.2904034 -0.2376473 0.9269248 -0.2904034 -0.2376473 0.8137718 -0.3474918 -0.4658593 0.8137718 -0.3474918 -0.4658593 0.6451547 -0.3809021 -0.662336 0.6451547 -0.3809021 -0.662336 0.4326275 -0.388355 -0.8136424 0.4326275 -0.388355 -0.8136424 0.1904982 -0.3693374 -0.9095605 0.1904982 -0.3693374 -0.9095605 -0.06461525 -0.3251365 -0.943457 -0.06461525 -0.3251365 -0.943457 0.9367707 -0.2389997 -0.2556166 0.9269248 -0.2904034 -0.2376473 0.9367707 -0.2389997 -0.2556166 0.9269248 -0.2904034 -0.2376473 0.287186 -0.9429979 0.168164 0.3361425 -0.9301688 0.1476283 0.287186 -0.9429979 0.168164 0.3361425 -0.9301688 0.1476283 -0.9269248 0.2904034 0.2376473 -0.9269248 0.2904034 0.2376473 -0.9142405 0.3409179 0.2189503 -0.9142405 0.3409179 0.2189503 -0.1490068 0.7316401 -0.6652065 -0.0957971 0.7103608 -0.697288 -0.1918533 0.7583327 -0.6229959 0.01876038 0.6683822 -0.7435814 -0.04216887 0.6860148 -0.7263645 -0.3156881 0.8812353 -0.3518029 -0.303835 0.8588379 -0.4124097 -0.3121257 0.904562 -0.2904223 -0.2628354 0.8089814 -0.5258009 -0.29067 0.8327326 -0.4712403 -0.2338694 0.7817417 -0.5780873 -0.1942953 0.9809431 -5.319373e-05 -0.2305512 0.9715571 -0.05406507 -0.1462098 0.9882655 0.04420385 -0.2871323 0.9430119 -0.1681771 -0.2658109 0.9579742 -0.1078429 -0.3072133 0.9239776 -0.2277836 0.1439652 0.9723446 0.183902 0.08104584 0.9824855 0.1677907 0.208611 0.9603907 0.1847461 -0.03994727 0.9919855 0.1198704 0.01776875 0.9883813 0.1509522 -0.09748719 0.9913143 0.08827403 0.5010781 0.8604613 0.09234187 0.4485717 0.8852116 0.123223 0.5446374 0.8372429 0.04893266 0.3339616 0.9272128 0.1695469 0.3941289 0.9061339 0.15357 0.2723515 0.9442864 0.1847915 0.6676587 0.7108911 -0.221056 0.6565536 0.7367622 -0.1616131 0.6648554 0.6910261 -0.2836376 0.615555 0.7866195 -0.04818525 0.6426067 0.7594481 -0.101465 0.5858484 0.8104033 0.00530654 0.546226 0.6112049 -0.5727703 0.5832627 0.624041 -0.5199783 0.4989436 0.6073313 -0.6182265 0.6398613 0.652587 -0.405842 0.6177793 0.6341796 -0.4649355 0.6591805 0.6681765 -0.3449945 0.2078726 0.6198319 -0.7567017 0.2716165 0.6131291 -0.7418202 0.1440546 0.6352166 -0.7587807 0.3926895 0.6036057 -0.6938697 0.3341852 0.6037716 -0.7237266 0.4495043 0.6008354 -0.6610165 0.07960846 0.6478623 -0.7575862 0.3151778 0.2588114 0.9130606 0.3151778 0.2588114 0.9130606 0.3151778 0.2588114 0.9130606 0.3151778 0.2588114 0.9130606 0.3151778 0.2588114 0.9130606 0.3151778 0.2588114 0.9130606 0.3151778 0.2588114 0.9130606 0.3151778 0.2588114 0.9130606 0.3151778 0.2588114 0.9130606 0.3151778 0.2588114 0.9130606 0.3151778 0.2588114 0.9130606 0.3151778 0.2588114 0.9130606 0.3151778 0.2588114 0.9130606 0.3151778 0.2588114 0.9130606 0.3151778 0.2588114 0.9130606 0.3151778 0.2588114 0.9130606 0.3151778 0.2588114 0.9130606 0.3151778 0.2588114 0.9130606 0.3151778 0.2588114 0.9130606 0.3151778 0.2588114 0.9130606 0.3151778 0.2588114 0.9130606 0.3151778 0.2588114 0.9130606 0.3151778 0.2588114 0.9130606 0.3151778 0.2588114 0.9130606 0.3151778 0.2588114 0.9130606 0.3151778 0.2588114 0.9130606 0.3151778 0.2588114 0.9130606 0.3151778 0.2588114 0.9130606 0.3151778 0.2588114 0.9130606 0.3151778 0.2588114 0.9130606 0.3151778 0.2588114 0.9130606 0.3151778 0.2588114 0.9130606 0.3151778 0.2588114 0.9130606 0.3151778 0.2588114 0.9130606 0.3151778 0.2588114 0.9130606 0.3151778 0.2588114 0.9130606 0.3151778 0.2588114 0.9130606 0.3151778 0.2588114 0.9130606 0.3151778 0.2588114 0.9130606 0.3151778 0.2588114 0.9130606 0.3151778 0.2588114 0.9130606 0.3151778 0.2588114 0.9130606 0.3151778 0.2588114 0.9130606 0.3151778 0.2588114 0.9130606 0.3151778 0.2588114 0.9130606 0.3151778 0.2588114 0.9130606 0.3151778 0.2588114 0.9130606 0.3151778 0.2588114 0.9130606 0.3151778 0.2588114 0.9130606 0.3151778 0.2588114 0.9130606 0.3151778 0.2588114 0.9130606 0.3151778 0.2588114 0.9130606 0.3151778 0.2588114 0.9130606 0.3151778 0.2588114 0.9130606 0.3151778 0.2588114 0.9130606 0.3151778 0.2588114 0.9130606 0.3151778 0.2588114 0.9130606 0.3151778 0.2588114 0.9130606 0.3151778 0.2588114 0.9130606 0.3151778 0.2588114 0.9130606 0.3151778 0.2588114 0.9130606 0.3151778 0.2588114 0.9130606 0.3151778 0.2588114 0.9130606 0.3151778 0.2588114 0.9130606 0.3151778 0.2588114 0.9130606 0.3151778 0.2588114 0.9130606 0.3151778 0.2588114 0.9130606 0.3151778 0.2588114 0.9130606 0.3151778 0.2588114 0.9130606 0.3151778 0.2588114 0.9130606 0.3151778 0.2588114 0.9130606 0.3151778 0.2588114 0.9130606 0.3151778 0.2588114 0.9130606 0.3151778 0.2588114 0.9130606 0.3151778 0.2588114 0.9130606 0.3151778 0.2588114 0.9130606 0.3151778 0.2588114 0.9130606 0.3151778 0.2588114 0.9130606 0.3151778 0.2588114 0.9130606 0.3151778 0.2588114 0.9130606 0.3151778 0.2588114 0.9130606 0.3151778 0.2588114 0.9130606 0.3151778 0.2588114 0.9130606 0.3151778 0.2588114 0.9130606 0.3151778 0.2588114 0.9130606 0.3151778 0.2588114 0.9130606 0.3151778 0.2588114 0.9130606 0.3151778 0.2588114 0.9130606 0.3151778 0.2588114 0.9130606 0.9269248 -0.2904034 -0.2376473 0.9269248 -0.2904034 -0.2376473 0.9269248 -0.2904034 -0.2376473 0.9269248 -0.2904034 -0.2376473 -0.3151778 -0.2588114 -0.9130606 -0.3151778 -0.2588114 -0.9130606 -0.3151778 -0.2588114 -0.9130606 -0.3151778 -0.2588114 -0.9130606 -0.3151778 -0.2588114 -0.9130606 -0.3151778 -0.2588114 -0.9130606 -0.3151778 -0.2588114 -0.9130606 -0.3151778 -0.2588114 -0.9130606 -0.3151778 -0.2588114 -0.9130606 -0.3151778 -0.2588114 -0.9130606 -0.3151778 -0.2588114 -0.9130606 -0.3151778 -0.2588114 -0.9130606 -0.3151778 -0.2588114 -0.9130606 -0.3151778 -0.2588114 -0.9130606 -0.3151778 -0.2588114 -0.9130606 -0.3151778 -0.2588114 -0.9130606 -0.3151778 -0.2588114 -0.9130606 -0.3151778 -0.2588114 -0.9130606 -0.3151778 -0.2588114 -0.9130606 -0.3151778 -0.2588114 -0.9130606 -0.3151778 -0.2588114 -0.9130606 -0.3151778 -0.2588114 -0.9130606 -0.3151778 -0.2588114 -0.9130606 -0.3151778 -0.2588114 -0.9130606 -0.3151778 -0.2588114 -0.9130606 -0.3151778 -0.2588114 -0.9130606 -0.3151778 -0.2588114 -0.9130606 -0.3151778 -0.2588114 -0.9130606 -0.3151778 -0.2588114 -0.9130606 0.639898 0.6525446 -0.4058522 0.639898 0.6525446 -0.4058522 -0.2036501 -0.9212397 0.3314274 -0.2036501 -0.9212397 0.3314274 -0.2036501 -0.9212397 0.3314274 -0.2036501 -0.9212397 0.3314274 -0.2036501 -0.9212397 0.3314274 -0.2036501 -0.9212397 0.3314274 -0.2036501 -0.9212397 0.3314274 -0.2036501 -0.9212397 0.3314274 0.2036501 0.9212397 -0.3314274 0.2036501 0.9212397 -0.3314274 0.2036501 0.9212397 -0.3314274 0.2036501 0.9212397 -0.3314274 -0.3151778 -0.2588114 -0.9130606 -0.3151778 -0.2588114 -0.9130606 -0.3151778 -0.2588114 -0.9130606 -0.3151778 -0.2588114 -0.9130606 -0.3151778 -0.2588114 -0.9130606 -0.3151778 -0.2588114 -0.9130606 -0.3151778 -0.2588114 -0.9130606 -0.3151778 -0.2588114 -0.9130606 -0.3151778 -0.2588114 -0.9130606 -0.3151778 -0.2588114 -0.9130606 -0.3151778 -0.2588114 -0.9130606 -0.3151778 -0.2588114 -0.9130606 -0.3151778 -0.2588114 -0.9130606 -0.3151778 -0.2588114 -0.9130606 -0.3151778 -0.2588114 -0.9130606 -0.3151778 -0.2588114 -0.9130606 -0.3151778 -0.2588114 -0.9130606 -0.3151778 -0.2588114 -0.9130606 -0.3151778 -0.2588114 -0.9130606 -0.3151778 -0.2588114 -0.9130606 -0.3151778 -0.2588114 -0.9130606 -0.3151778 -0.2588114 -0.9130606 -0.3151778 -0.2588114 -0.9130606 -0.3151778 -0.2588114 -0.9130606 -0.3151778 -0.2588114 -0.9130606 -0.3151778 -0.2588114 -0.9130606 -0.3151778 -0.2588114 -0.9130606 -0.3151778 -0.2588114 -0.9130606 -0.3151778 -0.2588114 -0.9130606 -0.3151778 -0.2588114 -0.9130606 -0.2036501 -0.9212397 0.3314274 -0.2036501 -0.9212397 0.3314274 -0.2036501 -0.9212397 0.3314274 -0.2036501 -0.9212397 0.3314274 -0.2036501 -0.9212397 0.3314274 -0.2036501 -0.9212397 0.3314274 -0.2036501 -0.9212397 0.3314274 -0.2036501 -0.9212397 0.3314274 0.5115657 -0.8566867 0.06624547 0.5115657 -0.8566867 0.06624547 0.5115657 -0.8566867 0.06624547 0.5115657 -0.8566867 0.06624547 -0.287186 0.9429979 -0.168164 -0.3361425 0.9301688 -0.1476283 -0.287186 0.9429979 -0.168164 -0.3361425 0.9301688 -0.1476283 0.9269248 -0.2904034 -0.2376473 0.9269248 -0.2904034 -0.2376473 0.9269248 -0.2904034 -0.2376473 0.9269248 -0.2904034 -0.2376473 -0.3151778 -0.2588114 -0.9130606 -0.3151778 -0.2588114 -0.9130606 -0.3151778 -0.2588114 -0.9130606 -0.3151778 -0.2588114 -0.9130606 -0.3151778 -0.2588114 -0.9130606 -0.3151778 -0.2588114 -0.9130606 -0.3151778 -0.2588114 -0.9130606 -0.3151778 -0.2588114 -0.9130606 -0.3151778 -0.2588114 -0.9130606 -0.3151778 -0.2588114 -0.9130606 -0.3151778 -0.2588114 -0.9130606 -0.3151778 -0.2588114 -0.9130606 -0.3151778 -0.2588114 -0.9130606 -0.3151778 -0.2588114 -0.9130606 -0.3151778 -0.2588114 -0.9130606 -0.3151778 -0.2588114 -0.9130606 -0.3151778 -0.2588114 -0.9130606 -0.3151778 -0.2588114 -0.9130606 -0.3151778 -0.2588114 -0.9130606 -0.3151778 -0.2588114 -0.9130606 -0.3151778 -0.2588114 -0.9130606 -0.3151778 -0.2588114 -0.9130606 -0.3151778 -0.2588114 -0.9130606 -0.3151778 -0.2588114 -0.9130606 -0.3151778 -0.2588114 -0.9130606 -0.3151778 -0.2588114 -0.9130606 -0.3151778 -0.2588114 -0.9130606 -0.3151778 -0.2588114 -0.9130606 -0.3151778 -0.2588114 -0.9130606 -0.3151778 -0.2588114 -0.9130606 0.2036501 0.9212397 -0.3314274 0.2036501 0.9212397 -0.3314274 0.2036501 0.9212397 -0.3314274 0.2036501 0.9212397 -0.3314274 0.2036501 0.9212397 -0.3314274 0.2036501 0.9212397 -0.3314274 0.2036501 0.9212397 -0.3314274 0.2036501 0.9212397 -0.3314274 0.2036501 0.9212397 -0.3314274 0.2036501 0.9212397 -0.3314274 0.2036501 0.9212397 -0.3314274 0.2036501 0.9212397 -0.3314274 0.2036501 0.9212397 -0.3314274 0.2036501 0.9212397 -0.3314274 0.2036501 0.9212397 -0.3314274 0.2036501 0.9212397 -0.3314274 0.2036501 0.9212397 -0.3314274 0.2036501 0.9212397 -0.3314274 0.2036501 0.9212397 -0.3314274 0.2036501 0.9212397 -0.3314274 0.2036501 0.9212397 -0.3314274 0.2036501 0.9212397 -0.3314274 0.2036501 0.9212397 -0.3314274 0.2036501 0.9212397 -0.3314274 0.2036501 0.9212397 -0.3314274 0.2036501 0.9212397 -0.3314274 0.2036501 0.9212397 -0.3314274 0.2036501 0.9212397 -0.3314274 0.2036501 0.9212397 -0.3314274 0.2036501 0.9212397 -0.3314274 0.2036501 0.9212397 -0.3314274 0.2036501 0.9212397 -0.3314274 0.2036501 0.9212397 -0.3314274 0.2036501 0.9212397 -0.3314274 0.2036501 0.9212397 -0.3314274 0.2036501 0.9212397 -0.3314274 0.2036501 0.9212397 -0.3314274 0.2036501 0.9212397 -0.3314274 0.2036501 0.9212397 -0.3314274 0.2036501 0.9212397 -0.3314274 0.2036501 0.9212397 -0.3314274 0.2036501 0.9212397 -0.3314274 0.2036501 0.9212397 -0.3314274 0.2036501 0.9212397 -0.3314274 0.2036501 0.9212397 -0.3314274 0.2036501 0.9212397 -0.3314274 0.2036501 0.9212397 -0.3314274 0.2036501 0.9212397 -0.3314274 0.2036501 0.9212397 -0.3314274 0.2036501 0.9212397 -0.3314274 0.2036501 0.9212397 -0.3314274 0.2036501 0.9212397 -0.3314274 -0.2036501 -0.9212397 0.3314274 -0.2036501 -0.9212397 0.3314274 -0.2036501 -0.9212397 0.3314274 -0.2036501 -0.9212397 0.3314274 0.3151778 0.2588114 0.9130606 0.3151778 0.2588114 0.9130606 0.3151778 0.2588114 0.9130606 0.3151778 0.2588114 0.9130606 0.3151778 0.2588114 0.9130606 0.3151778 0.2588114 0.9130606 0.3151778 0.2588114 0.9130606 0.3151778 0.2588114 0.9130606 0.3151778 0.2588114 0.9130606 0.3151778 0.2588114 0.9130606 0.3151778 0.2588114 0.9130606 0.3151778 0.2588114 0.9130606 0.3151778 0.2588114 0.9130606 0.3151778 0.2588114 0.9130606 0.3151778 0.2588114 0.9130606 0.3151778 0.2588114 0.9130606 0.3151778 0.2588114 0.9130606 0.3151778 0.2588114 0.9130606 0.3151778 0.2588114 0.9130606 0.3151778 0.2588114 0.9130606 0.3151778 0.2588114 0.9130606 0.3151778 0.2588114 0.9130606 0.3151778 0.2588114 0.9130606 0.3151778 0.2588114 0.9130606 0.3151778 0.2588114 0.9130606 0.3151778 0.2588114 0.9130606 0.3151778 0.2588114 0.9130606 0.3151778 0.2588114 0.9130606 0.3151778 0.2588114 0.9130606 0.9269248 -0.2904034 -0.2376473 0.9269248 -0.2904034 -0.2376473 0.9367707 -0.2389997 -0.2556166 0.9367707 -0.2389997 -0.2556166 -0.7152068 0.6971745 0.04926355 -0.7152068 0.6971745 0.04926355 -0.6429019 0.7659334 0.00481473 -0.6429019 0.7659334 0.00481473 -0.476346 0.8752679 -0.08366981 -0.476346 0.8752679 -0.08366981 -0.9367707 0.2389997 0.2556166 -0.9367707 0.2389997 0.2556166 0.9142405 -0.3409179 -0.2189503 0.9142405 -0.3409179 -0.2189503 -0.9269248 0.2904034 0.2376473 -0.9269248 0.2904034 0.2376473 -0.9269248 0.2904034 0.2376473 -0.9269248 0.2904034 0.2376473 -0.9269248 0.2904034 0.2376473 -0.9269248 0.2904034 0.2376473 -0.9269248 0.2904034 0.2376473 -0.9269248 0.2904034 0.2376473 -0.9269248 0.2904034 0.2376473 -0.9269248 0.2904034 0.2376473 -0.9269248 0.2904034 0.2376473 -0.9269248 0.2904034 0.2376473 -0.9269248 0.2904034 0.2376473 -0.9269248 0.2904034 0.2376473 -0.9269248 0.2904034 0.2376473 -0.9269248 0.2904034 0.2376473 -0.9269248 0.2904034 0.2376473 -0.9269248 0.2904034 0.2376473 -0.9269248 0.2904034 0.2376473 -0.9269248 0.2904034 0.2376473 0.3151778 0.2588114 0.9130606 0.3151778 0.2588114 0.9130606 0.3151778 0.2588114 0.9130606 0.3151778 0.2588114 0.9130606 0.3151778 0.2588114 0.9130606 0.3151778 0.2588114 0.9130606 0.3151778 0.2588114 0.9130606 0.3151778 0.2588114 0.9130606 0.3151778 0.2588114 0.9130606 0.3151778 0.2588114 0.9130606 0.3151778 0.2588114 0.9130606 0.3151778 0.2588114 0.9130606 0.3151778 0.2588114 0.9130606 0.3151778 0.2588114 0.9130606 0.3151778 0.2588114 0.9130606 0.3151778 0.2588114 0.9130606 0.3151778 0.2588114 0.9130606 0.3151778 0.2588114 0.9130606 0.3151778 0.2588114 0.9130606 0.3151778 0.2588114 0.9130606 0.3151778 0.2588114 0.9130606 0.3151778 0.2588114 0.9130606 0.3151778 0.2588114 0.9130606 0.3151778 0.2588114 0.9130606 0.3151778 0.2588114 0.9130606 0.3151778 0.2588114 0.9130606 0.3151778 0.2588114 0.9130606 0.3151778 0.2588114 0.9130606 0.3151778 0.2588114 0.9130606 0.3151778 0.2588114 0.9130606 -0.9269248 0.2904034 0.2376473 -0.9269248 0.2904034 0.2376473 -0.9269248 0.2904034 0.2376473 -0.9269248 0.2904034 0.2376473 0.2071668 -0.9576563 0.1999407 0.2071668 -0.9576563 0.1999407 0.2071668 -0.9576563 0.1999407 0.2071668 -0.9576563 0.1999407 0.9269248 -0.2904034 -0.2376473 0.9269248 -0.2904034 -0.2376473 0.9269248 -0.2904034 -0.2376473 0.9269248 -0.2904034 -0.2376473 -0.2036501 -0.9212397 0.3314274 -0.2036501 -0.9212397 0.3314274 -0.2036501 -0.9212397 0.3314274 -0.2036501 -0.9212397 0.3314274 0.2896688 -0.9424198 0.1671431 0.2327974 -0.9537855 0.1899961 0.2896688 -0.9424198 0.1671431 0.2327974 -0.9537855 0.1899961 -0.2036501 -0.9212397 0.3314274 -0.2036501 -0.9212397 0.3314274 -0.2036501 -0.9212397 0.3314274 -0.2036501 -0.9212397 0.3314274 -0.2036501 -0.9212397 0.3314274 -0.2036501 -0.9212397 0.3314274 -0.2036501 -0.9212397 0.3314274 -0.2036501 -0.9212397 0.3314274 -0.2036501 -0.9212397 0.3314274 -0.2036501 -0.9212397 0.3314274 -0.2036501 -0.9212397 0.3314274 -0.2036501 -0.9212397 0.3314274 -0.2036501 -0.9212397 0.3314274 -0.2036501 -0.9212397 0.3314274 -0.2036501 -0.9212397 0.3314274 -0.2036501 -0.9212397 0.3314274 -0.2036501 -0.9212397 0.3314274 -0.2036501 -0.9212397 0.3314274 -0.2036501 -0.9212397 0.3314274 -0.2036501 -0.9212397 0.3314274 -0.2036501 -0.9212397 0.3314274 -0.2036501 -0.9212397 0.3314274 -0.2036501 -0.9212397 0.3314274 -0.2036501 -0.9212397 0.3314274 -0.2036501 -0.9212397 0.3314274 -0.2036501 -0.9212397 0.3314274 -0.2036501 -0.9212397 0.3314274 -0.2036501 -0.9212397 0.3314274 -0.2036501 -0.9212397 0.3314274 -0.2036501 -0.9212397 0.3314274 -0.2036501 -0.9212397 0.3314274 -0.2036501 -0.9212397 0.3314274 -0.2036501 -0.9212397 0.3314274 -0.2036501 -0.9212397 0.3314274 -0.2036501 -0.9212397 0.3314274 -0.2036501 -0.9212397 0.3314274 -0.2036501 -0.9212397 0.3314274 -0.2036501 -0.9212397 0.3314274 -0.2036501 -0.9212397 0.3314274 -0.2036501 -0.9212397 0.3314274 -0.9269248 0.2904034 0.2376473 -0.9269248 0.2904034 0.2376473 -0.9269248 0.2904034 0.2376473 -0.9269248 0.2904034 0.2376473 0.2036501 0.9212397 -0.3314274 0.2036501 0.9212397 -0.3314274 0.2036501 0.9212397 -0.3314274 0.2036501 0.9212397 -0.3314274 0.2036501 0.9212397 -0.3314274 0.2036501 0.9212397 -0.3314274 0.2036501 0.9212397 -0.3314274 0.2036501 0.9212397 -0.3314274 -0.9142405 0.3409179 0.2189503 -0.9269248 0.2904034 0.2376473 -0.9142405 0.3409179 0.2189503 -0.9269248 0.2904034 0.2376473 -0.9269248 0.2904034 0.2376473 -0.9269248 0.2904034 0.2376473 -0.9269248 0.2904034 0.2376473 -0.9269248 0.2904034 0.2376473 0.2036501 0.9212397 -0.3314274 0.2036501 0.9212397 -0.3314274 0.2036501 0.9212397 -0.3314274 0.2036501 0.9212397 -0.3314274 0.9269248 -0.2904034 -0.2376473 0.9269248 -0.2904034 -0.2376473 0.9269248 -0.2904034 -0.2376473 0.9269248 -0.2904034 -0.2376473 0.2036501 0.9212397 -0.3314274 0.2036501 0.9212397 -0.3314274 0.2036501 0.9212397 -0.3314274 0.2036501 0.9212397 -0.3314274 -0.2036501 -0.9212397 0.3314274 -0.2036501 -0.9212397 0.3314274 -0.2036501 -0.9212397 0.3314274 -0.2036501 -0.9212397 0.3314274 -0.2036501 -0.9212397 0.3314274 -0.2036501 -0.9212397 0.3314274 -0.2036501 -0.9212397 0.3314274 -0.2036501 -0.9212397 0.3314274 0.9269248 -0.2904034 -0.2376473 0.9269248 -0.2904034 -0.2376473 0.9269248 -0.2904034 -0.2376473 0.9269248 -0.2904034 -0.2376473 0.4524088 -0.8867172 0.09517801 0.4524088 -0.8867172 0.09517801 0.6438301 -0.7651497 -0.005357263 0.6438301 -0.7651497 -0.005357263 0.7253114 -0.6861495 -0.05587666 0.7253114 -0.6861495 -0.05587666 0.2036501 0.9212397 -0.3314274 0.2036501 0.9212397 -0.3314274 0.2036501 0.9212397 -0.3314274 0.2036501 0.9212397 -0.3314274 0.2036501 0.9212397 -0.3314274 0.2036501 0.9212397 -0.3314274 0.2036501 0.9212397 -0.3314274 0.2036501 0.9212397 -0.3314274 -0.2036501 -0.9212397 0.3314274 -0.2036501 -0.9212397 0.3314274 -0.2036501 -0.9212397 0.3314274 -0.2036501 -0.9212397 0.3314274 -0.2036501 -0.9212397 0.3314274 -0.2036501 -0.9212397 0.3314274 -0.2036501 -0.9212397 0.3314274 -0.2036501 -0.9212397 0.3314274 0.2036501 0.9212397 -0.3314274 0.2036501 0.9212397 -0.3314274 0.2036501 0.9212397 -0.3314274 0.2036501 0.9212397 -0.3314274 0.2036501 0.9212397 -0.3314274 0.2036501 0.9212397 -0.3314274 0.2036501 0.9212397 -0.3314274 0.2036501 0.9212397 -0.3314274 0.3151778 0.2588114 0.9130606 0.3151778 0.2588114 0.9130606 0.3151778 0.2588114 0.9130606 0.3151778 0.2588114 0.9130606 0.3151778 0.2588114 0.9130606 0.3151778 0.2588114 0.9130606 0.3151778 0.2588114 0.9130606 0.3151778 0.2588114 0.9130606 0.3151778 0.2588114 0.9130606 0.3151778 0.2588114 0.9130606 0.3151778 0.2588114 0.9130606 0.3151778 0.2588114 0.9130606 0.3151778 0.2588114 0.9130606 0.3151778 0.2588114 0.9130606 0.3151778 0.2588114 0.9130606 0.3151778 0.2588114 0.9130606 0.3151778 0.2588114 0.9130606 0.3151778 0.2588114 0.9130606 0.3151778 0.2588114 0.9130606 0.3151778 0.2588114 0.9130606 0.3151778 0.2588114 0.9130606 0.3151778 0.2588114 0.9130606 0.3151778 0.2588114 0.9130606 0.3151778 0.2588114 0.9130606 0.3151778 0.2588114 0.9130606 0.3151778 0.2588114 0.9130606 0.3151778 0.2588114 0.9130606 0.3151778 0.2588114 0.9130606 0.3151778 0.2588114 0.9130606 0.3151778 0.2588114 0.9130606 -0.3151778 -0.2588114 -0.9130606 -0.3151778 -0.2588114 -0.9130606 -0.3151778 -0.2588114 -0.9130606 -0.3151778 -0.2588114 -0.9130606 -0.3151778 -0.2588114 -0.9130606 -0.3151778 -0.2588114 -0.9130606 -0.3151778 -0.2588114 -0.9130606 -0.3151778 -0.2588114 -0.9130606 -0.3151778 -0.2588114 -0.9130606 -0.3151778 -0.2588114 -0.9130606 -0.3151778 -0.2588114 -0.9130606 -0.3151778 -0.2588114 -0.9130606 -0.3151778 -0.2588114 -0.9130606 -0.3151778 -0.2588114 -0.9130606 -0.3151778 -0.2588114 -0.9130606 -0.3151778 -0.2588114 -0.9130606 -0.3151778 -0.2588114 -0.9130606 -0.3151778 -0.2588114 -0.9130606 -0.3151778 -0.2588114 -0.9130606 -0.3151778 -0.2588114 -0.9130606 -0.3151778 -0.2588114 -0.9130606 -0.3151778 -0.2588114 -0.9130606 -0.3151778 -0.2588114 -0.9130606 -0.3151778 -0.2588114 -0.9130606 -0.3151778 -0.2588114 -0.9130606 -0.3151778 -0.2588114 -0.9130606 -0.3151778 -0.2588114 -0.9130606 -0.3151778 -0.2588114 -0.9130606 -0.3151778 -0.2588114 -0.9130606 -0.9269248 0.2904034 0.2376473 -0.9269248 0.2904034 0.2376473 -0.9269248 0.2904034 0.2376473 -0.9269248 0.2904034 0.2376473 0.7150818 -0.6973084 -0.04918247 0.7150818 -0.6973084 -0.04918247 0.642832 -0.7659923 -0.004773891 0.642832 -0.7659923 -0.004773891 0.476346 -0.8752679 0.08366981 0.476346 -0.8752679 0.08366981 0.3361425 -0.9301688 0.1476283 0.3361425 -0.9301688 0.1476283 -0.9269248 0.2904034 0.2376473 -0.9269248 0.2904034 0.2376473 -0.9269248 0.2904034 0.2376473 -0.9269248 0.2904034 0.2376473 0.2036501 0.9212397 -0.3314274 0.2036501 0.9212397 -0.3314274 0.2036501 0.9212397 -0.3314274 0.2036501 0.9212397 -0.3314274 -0.7152068 0.6971745 0.04926355 -0.7152068 0.6971745 0.04926355 -0.6429019 0.7659334 0.00481473 -0.6429019 0.7659334 0.00481473 -0.476346 0.8752679 -0.08366981 -0.476346 0.8752679 -0.08366981 -0.3361425 0.9301688 -0.1476283 -0.3361425 0.9301688 -0.1476283 -0.9150727 -0.1721913 0.3646808 -0.9150727 -0.1721913 0.3646808 -0.8768098 -0.288723 0.3845044 -0.8768098 -0.288723 0.3845044 -0.76044 -0.5067413 0.4061332 -0.76044 -0.5067413 0.4061332 -0.2036501 -0.9212397 0.3314274 -0.2036501 -0.9212397 0.3314274 -0.2036501 -0.9212397 0.3314274 -0.2036501 -0.9212397 0.3314274 -0.9269248 0.2904034 0.2376473 -0.9269248 0.2904034 0.2376473 -0.9269248 0.2904034 0.2376473 -0.9269248 0.2904034 0.2376473 -0.2036501 -0.9212397 0.3314274 -0.2036501 -0.9212397 0.3314274 -0.2036501 -0.9212397 0.3314274 -0.2036501 -0.9212397 0.3314274 0.9269248 -0.2904034 -0.2376473 0.9269248 -0.2904034 -0.2376473 0.9269248 -0.2904034 -0.2376473 0.9269248 -0.2904034 -0.2376473 -0.287186 0.9429979 -0.168164 -0.287186 0.9429979 -0.168164 -0.7765482 -0.482739 0.40489 -0.7765482 -0.482739 0.40489 -0.8762832 -0.290057 0.3847007 -0.8762832 -0.290057 0.3847007 -0.9107738 -0.1879316 0.3676585 -0.9107738 -0.1879316 0.3676585 -0.3151778 -0.2588114 -0.9130606 -0.3151778 -0.2588114 -0.9130606 -0.3151778 -0.2588114 -0.9130606 -0.3151778 -0.2588114 -0.9130606 -0.3151778 -0.2588114 -0.9130606 -0.3151778 -0.2588114 -0.9130606 -0.3151778 -0.2588114 -0.9130606 -0.3151778 -0.2588114 -0.9130606 -0.3151778 -0.2588114 -0.9130606 -0.3151778 -0.2588114 -0.9130606 -0.3151778 -0.2588114 -0.9130606 -0.3151778 -0.2588114 -0.9130606 -0.3151778 -0.2588114 -0.9130606 -0.3151778 -0.2588114 -0.9130606 -0.3151778 -0.2588114 -0.9130606 -0.3151778 -0.2588114 -0.9130606 -0.3151778 -0.2588114 -0.9130606 -0.3151778 -0.2588114 -0.9130606 -0.3151778 -0.2588114 -0.9130606 -0.3151778 -0.2588114 -0.9130606 -0.3151778 -0.2588114 -0.9130606 -0.3151778 -0.2588114 -0.9130606 -0.3151778 -0.2588114 -0.9130606 -0.3151778 -0.2588114 -0.9130606 -0.3151778 -0.2588114 -0.9130606 -0.3151778 -0.2588114 -0.9130606 -0.3151778 -0.2588114 -0.9130606 -0.3151778 -0.2588114 -0.9130606 -0.3151778 -0.2588114 -0.9130606 -0.3151778 -0.2588114 -0.9130606 0.3151778 0.2588114 0.9130606 0.3151778 0.2588114 0.9130606 0.3151778 0.2588114 0.9130606 0.3151778 0.2588114 0.9130606 0.3151778 0.2588114 0.9130606 0.3151778 0.2588114 0.9130606 0.3151778 0.2588114 0.9130606 0.3151778 0.2588114 0.9130606 0.3151778 0.2588114 0.9130606 0.3151778 0.2588114 0.9130606 0.3151778 0.2588114 0.9130606 0.3151778 0.2588114 0.9130606 0.3151778 0.2588114 0.9130606 0.3151778 0.2588114 0.9130606 0.3151778 0.2588114 0.9130606 0.3151778 0.2588114 0.9130606 0.3151778 0.2588114 0.9130606 0.3151778 0.2588114 0.9130606 0.3151778 0.2588114 0.9130606 0.3151778 0.2588114 0.9130606 0.3151778 0.2588114 0.9130606 0.3151778 0.2588114 0.9130606 0.3151778 0.2588114 0.9130606 0.3151778 0.2588114 0.9130606 0.3151778 0.2588114 0.9130606 0.3151778 0.2588114 0.9130606 0.3151778 0.2588114 0.9130606 0.3151778 0.2588114 0.9130606 0.3151778 0.2588114 0.9130606 0.3151778 0.2588114 0.9130606 0.3151778 0.2588114 0.9130606 0.3151778 0.2588114 0.9130606 0.3151778 0.2588114 0.9130606 0.3151778 0.2588114 0.9130606 0.3151778 0.2588114 0.9130606 0.3151778 0.2588114 0.9130606 0.3151778 0.2588114 0.9130606 0.3151778 0.2588114 0.9130606 0.3151778 0.2588114 0.9130606 0.3151778 0.2588114 0.9130606 0.3151778 0.2588114 0.9130606 0.3151778 0.2588114 0.9130606 0.3151778 0.2588114 0.9130606 0.3151778 0.2588114 0.9130606 0.3151778 0.2588114 0.9130606 0.3151778 0.2588114 0.9130606 0.3151778 0.2588114 0.9130606 0.3151778 0.2588114 0.9130606 0.3151778 0.2588114 0.9130606 0.3151778 0.2588114 0.9130606 0.3151778 0.2588114 0.9130606 0.3151778 0.2588114 0.9130606 0.3151778 0.2588114 0.9130606 0.3151778 0.2588114 0.9130606 0.3151778 0.2588114 0.9130606 0.3151778 0.2588114 0.9130606 0.3151778 0.2588114 0.9130606 0.3151778 0.2588114 0.9130606 -0.9269248 0.2904034 0.2376473 -0.9269248 0.2904034 0.2376473 -0.9269248 0.2904034 0.2376473 -0.9269248 0.2904034 0.2376473 0.5972528 0.6935909 -0.4027663 0.6419326 0.6504717 -0.4059669 0.5972528 0.6935909 -0.4027663 0.6419326 0.6504717 -0.4059669 0.9269248 -0.2904034 -0.2376473 0.9269248 -0.2904034 -0.2376473 0.9269248 -0.2904034 -0.2376473 0.9269248 -0.2904034 -0.2376473 0.9269248 -0.2904034 -0.2376473 0.9269248 -0.2904034 -0.2376473 0.9269248 -0.2904034 -0.2376473 0.9269248 -0.2904034 -0.2376473 0.9269248 -0.2904034 -0.2376473 0.9269248 -0.2904034 -0.2376473 0.9269248 -0.2904034 -0.2376473 0.9269248 -0.2904034 -0.2376473 0.9269248 -0.2904034 -0.2376473 0.9269248 -0.2904034 -0.2376473 0.9269248 -0.2904034 -0.2376473 0.9269248 -0.2904034 -0.2376473 -0.2036501 -0.9212397 0.3314274 -0.2036501 -0.9212397 0.3314274 -0.2036501 -0.9212397 0.3314274 -0.2036501 -0.9212397 0.3314274 0.2036501 0.9212397 -0.3314274 0.2036501 0.9212397 -0.3314274 0.2036501 0.9212397 -0.3314274 0.2036501 0.9212397 -0.3314274 0.8086879 0.4302709 -0.4011119 0.8086879 0.4302709 -0.4011119 0.8681128 0.3101167 -0.3875664 0.8681128 0.3101167 -0.3875664 0.9364526 0.07131849 -0.343468 0.9364526 0.07131849 -0.343468 0.9452303 -0.1716445 -0.277629 0.9452303 -0.1716445 -0.277629 0.8937539 -0.4045051 -0.1938545 0.8937539 -0.4045051 -0.1938545 0.7856518 -0.6108499 -0.09804948 0.7856518 -0.6108499 -0.09804948 0.6274256 -0.7786655 0.004136477 0.6274256 -0.7786655 0.004136477 0.5260169 -0.8484309 0.05891692 0.5260169 -0.8484309 0.05891692 0.9269248 -0.2904034 -0.2376473 0.9269248 -0.2904034 -0.2376473 0.9269248 -0.2904034 -0.2376473 0.9269248 -0.2904034 -0.2376473 0.677208 0.6126884 -0.4074337 0.677208 0.6126884 -0.4074337 0.7765482 0.482739 -0.40489 0.7765482 0.482739 -0.40489 0.8763197 0.2899647 -0.3846872 0.8763197 0.2899647 -0.3846872 0.9108272 0.1877418 -0.3676232 0.9108272 0.1877418 -0.3676232 0.639898 0.6525446 -0.4058522 0.639898 0.6525446 -0.4058522 0.2036501 0.9212397 -0.3314274 0.2036501 0.9212397 -0.3314274 0.2036501 0.9212397 -0.3314274 0.2036501 0.9212397 -0.3314274 -0.7765482 -0.482739 0.40489 -0.7765482 -0.482739 0.40489 -0.8762832 -0.290057 0.3847007 -0.8762832 -0.290057 0.3847007 -0.9107738 -0.1879316 0.3676585 -0.9107738 -0.1879316 0.3676585 0.2036501 0.9212397 -0.3314274 0.2036501 0.9212397 -0.3314274 0.2036501 0.9212397 -0.3314274 0.2036501 0.9212397 -0.3314274 -0.2036501 -0.9212397 0.3314274 -0.2036501 -0.9212397 0.3314274 -0.2036501 -0.9212397 0.3314274 -0.2036501 -0.9212397 0.3314274 0.2036501 0.9212397 -0.3314274 0.2036501 0.9212397 -0.3314274 0.2036501 0.9212397 -0.3314274 0.2036501 0.9212397 -0.3314274 0.2036501 0.9212397 -0.3314274 0.2036501 0.9212397 -0.3314274 0.2036501 0.9212397 -0.3314274 0.2036501 0.9212397 -0.3314274 0.2036501 0.9212397 -0.3314274 0.2036501 0.9212397 -0.3314274 0.2036501 0.9212397 -0.3314274 0.2036501 0.9212397 -0.3314274 0.2036501 0.9212397 -0.3314274 0.2036501 0.9212397 -0.3314274 0.2036501 0.9212397 -0.3314274 0.2036501 0.9212397 -0.3314274 0.2036501 0.9212397 -0.3314274 0.2036501 0.9212397 -0.3314274 0.2036501 0.9212397 -0.3314274 0.2036501 0.9212397 -0.3314274 0.2036501 0.9212397 -0.3314274 0.2036501 0.9212397 -0.3314274 0.2036501 0.9212397 -0.3314274 0.2036501 0.9212397 -0.3314274 0.2036501 0.9212397 -0.3314274 0.2036501 0.9212397 -0.3314274 0.2036501 0.9212397 -0.3314274 0.2036501 0.9212397 -0.3314274 0.2036501 0.9212397 -0.3314274 0.2036501 0.9212397 -0.3314274 0.2036501 0.9212397 -0.3314274 0.2036501 0.9212397 -0.3314274 0.2036501 0.9212397 -0.3314274 0.2036501 0.9212397 -0.3314274 0.2036501 0.9212397 -0.3314274 0.2036501 0.9212397 -0.3314274 0.2036501 0.9212397 -0.3314274 0.2036501 0.9212397 -0.3314274 0.2036501 0.9212397 -0.3314274 0.2036501 0.9212397 -0.3314274 0.2036501 0.9212397 -0.3314274 0.2036501 0.9212397 -0.3314274 0.2036501 0.9212397 -0.3314274 0.2036501 0.9212397 -0.3314274 0.2036501 0.9212397 -0.3314274 0.2036501 0.9212397 -0.3314274 0.2036501 0.9212397 -0.3314274 0.2036501 0.9212397 -0.3314274 0.2036501 0.9212397 -0.3314274 0.2036501 0.9212397 -0.3314274 0.2036501 0.9212397 -0.3314274 0.2036501 0.9212397 -0.3314274 -0.7254416 0.6860048 0.0559626 -0.7254416 0.6860048 0.0559626 -0.6439043 0.765087 0.00540064 -0.6439043 0.765087 0.00540064 -0.4523999 0.8867213 -0.09518223 -0.4523999 0.8867213 -0.09518223 -0.2898045 0.942388 -0.1670873 -0.2898045 0.942388 -0.1670873 -0.2036501 -0.9212397 0.3314274 -0.2036501 -0.9212397 0.3314274 -0.2036501 -0.9212397 0.3314274 -0.2036501 -0.9212397 0.3314274 0.287186 -0.9429979 0.168164 0.287186 -0.9429979 0.168164 0.7150818 -0.6973084 -0.04918247 0.7150818 -0.6973084 -0.04918247 0.642832 -0.7659923 -0.004773891 0.642832 -0.7659923 -0.004773891 0.476346 -0.8752679 0.08366981 0.476346 -0.8752679 0.08366981 -0.3151778 -0.2588114 -0.9130606 -0.3151778 -0.2588114 -0.9130606 -0.3151778 -0.2588114 -0.9130606 -0.3151778 -0.2588114 -0.9130606 -0.3151778 -0.2588114 -0.9130606 -0.3151778 -0.2588114 -0.9130606 -0.3151778 -0.2588114 -0.9130606 -0.3151778 -0.2588114 -0.9130606 -0.3151778 -0.2588114 -0.9130606 -0.3151778 -0.2588114 -0.9130606 -0.3151778 -0.2588114 -0.9130606 -0.3151778 -0.2588114 -0.9130606 -0.3151778 -0.2588114 -0.9130606 -0.3151778 -0.2588114 -0.9130606 -0.3151778 -0.2588114 -0.9130606 -0.3151778 -0.2588114 -0.9130606 -0.3151778 -0.2588114 -0.9130606 -0.3151778 -0.2588114 -0.9130606 -0.3151778 -0.2588114 -0.9130606 -0.3151778 -0.2588114 -0.9130606 -0.3151778 -0.2588114 -0.9130606 -0.3151778 -0.2588114 -0.9130606 -0.3151778 -0.2588114 -0.9130606 -0.3151778 -0.2588114 -0.9130606 -0.3151778 -0.2588114 -0.9130606 -0.3151778 -0.2588114 -0.9130606 -0.3151778 -0.2588114 -0.9130606 -0.3151778 -0.2588114 -0.9130606 -0.3151778 -0.2588114 -0.9130606 -0.3151778 -0.2588114 -0.9130606 0.7993519 0.4462114 -0.4024077 0.7993519 0.4462114 -0.4024077 0.7993519 0.4462114 -0.4024077 0.7993519 0.4462114 -0.4024077 0.9269248 -0.2904034 -0.2376473 0.9269248 -0.2904034 -0.2376473 0.9269248 -0.2904034 -0.2376473 0.9269248 -0.2904034 -0.2376473 -0.9269248 0.2904034 0.2376473 -0.9269248 0.2904034 0.2376473 -0.9269248 0.2904034 0.2376473 -0.9269248 0.2904034 0.2376473 -0.3151778 -0.2588114 -0.9130606 -0.3151778 -0.2588114 -0.9130606 -0.3151778 -0.2588114 -0.9130606 -0.3151778 -0.2588114 -0.9130606 -0.3151778 -0.2588114 -0.9130606 -0.3151778 -0.2588114 -0.9130606 -0.3151778 -0.2588114 -0.9130606 -0.3151778 -0.2588114 -0.9130606 -0.3151778 -0.2588114 -0.9130606 -0.3151778 -0.2588114 -0.9130606 -0.3151778 -0.2588114 -0.9130606 -0.3151778 -0.2588114 -0.9130606 -0.3151778 -0.2588114 -0.9130606 -0.3151778 -0.2588114 -0.9130606 -0.3151778 -0.2588114 -0.9130606 -0.3151778 -0.2588114 -0.9130606 -0.3151778 -0.2588114 -0.9130606 -0.3151778 -0.2588114 -0.9130606 -0.3151778 -0.2588114 -0.9130606 -0.3151778 -0.2588114 -0.9130606 -0.3151778 -0.2588114 -0.9130606 -0.3151778 -0.2588114 -0.9130606 -0.3151778 -0.2588114 -0.9130606 -0.3151778 -0.2588114 -0.9130606 -0.3151778 -0.2588114 -0.9130606 -0.3151778 -0.2588114 -0.9130606 -0.3151778 -0.2588114 -0.9130606 -0.3151778 -0.2588114 -0.9130606 -0.3151778 -0.2588114 -0.9130606 -0.3151778 -0.2588114 -0.9130606 -0.3151778 -0.2588114 -0.9130606 -0.3151778 -0.2588114 -0.9130606 -0.3151778 -0.2588114 -0.9130606 -0.3151778 -0.2588114 -0.9130606 -0.3151778 -0.2588114 -0.9130606 -0.3151778 -0.2588114 -0.9130606 -0.3151778 -0.2588114 -0.9130606 -0.3151778 -0.2588114 -0.9130606 -0.3151778 -0.2588114 -0.9130606 -0.3151778 -0.2588114 -0.9130606 -0.3151778 -0.2588114 -0.9130606 -0.3151778 -0.2588114 -0.9130606 -0.3151778 -0.2588114 -0.9130606 -0.3151778 -0.2588114 -0.9130606 -0.3151778 -0.2588114 -0.9130606 -0.3151778 -0.2588114 -0.9130606 -0.3151778 -0.2588114 -0.9130606 -0.3151778 -0.2588114 -0.9130606 -0.3151778 -0.2588114 -0.9130606 -0.3151778 -0.2588114 -0.9130606 -0.3151778 -0.2588114 -0.9130606 -0.3151778 -0.2588114 -0.9130606 -0.3151778 -0.2588114 -0.9130606 -0.3151778 -0.2588114 -0.9130606 -0.3151778 -0.2588114 -0.9130606 -0.3151778 -0.2588114 -0.9130606 -0.3151778 -0.2588114 -0.9130606 -0.3151778 -0.2588114 -0.9130606 0.9142405 -0.3409179 -0.2189503 0.9142405 -0.3409179 -0.2189503 -0.9269248 0.2904034 0.2376473 -0.9269248 0.2904034 0.2376473 -0.9269248 0.2904034 0.2376473 -0.9269248 0.2904034 0.2376473 0.6419326 0.6504717 -0.4059669 0.6419326 0.6504717 -0.4059669 0.7604461 0.5067325 -0.4061328 0.7604461 0.5067325 -0.4061328 0.8768361 0.2886562 -0.3844945 0.8768361 0.2886562 -0.3844945 0.9151091 0.1720536 -0.3646544 0.9151091 0.1720536 -0.3646544 0.9269248 -0.2904034 -0.2376473 0.9269248 -0.2904034 -0.2376473 0.9269248 -0.2904034 -0.2376473 0.9269248 -0.2904034 -0.2376473 -0.2036501 -0.9212397 0.3314274 -0.2036501 -0.9212397 0.3314274 -0.2036501 -0.9212397 0.3314274 -0.2036501 -0.9212397 0.3314274 -0.5763059 -0.7121961 0.4008094 -0.5763059 -0.7121961 0.4008094 -0.5763059 -0.7121961 0.4008094 -0.5763059 -0.7121961 0.4008094 -0.2330932 0.9537364 -0.1898801 -0.2330932 0.9537364 -0.1898801 0.9269248 -0.2904034 -0.2376473 0.9269248 -0.2904034 -0.2376473 0.9269248 -0.2904034 -0.2376473 0.9269248 -0.2904034 -0.2376473 0.7253114 -0.6861495 -0.05587666 0.7253114 -0.6861495 -0.05587666 0.6438301 -0.7651497 -0.005357263 0.6438301 -0.7651497 -0.005357263 0.4524088 -0.8867172 0.09517801 0.4524088 -0.8867172 0.09517801 0.2896688 -0.9424198 0.1671431 0.2896688 -0.9424198 0.1671431 0.5972528 0.6935909 -0.4027663 0.5972528 0.6935909 -0.4027663 0.2327974 -0.9537855 0.1899961 0.2327974 -0.9537855 0.1899961 0.9151091 0.1720536 -0.3646544 0.9151091 0.1720536 -0.3646544 0.8768361 0.2886562 -0.3844945 0.8768361 0.2886562 -0.3844945 0.7604461 0.5067325 -0.4061328 0.7604461 0.5067325 -0.4061328 -0.9269248 0.2904034 0.2376473 -0.9269248 0.2904034 0.2376473 -0.9269248 0.2904034 0.2376473 -0.9269248 0.2904034 0.2376473 -0.2036501 -0.9212397 0.3314274 -0.2036501 -0.9212397 0.3314274 -0.2036501 -0.9212397 0.3314274 -0.2036501 -0.9212397 0.3314274 -0.2898045 0.942388 -0.1670873 -0.2330932 0.9537364 -0.1898801 -0.2898045 0.942388 -0.1670873 -0.2330932 0.9537364 -0.1898801 -0.4523999 0.8867213 -0.09518223 -0.4523999 0.8867213 -0.09518223 -0.6439043 0.765087 0.00540064 -0.6439043 0.765087 0.00540064 -0.7254416 0.6860048 0.0559626 -0.7254416 0.6860048 0.0559626 -0.9150727 -0.1721913 0.3646808 -0.9150727 -0.1721913 0.3646808 -0.8768098 -0.288723 0.3845044 -0.8768098 -0.288723 0.3845044 -0.76044 -0.5067413 0.4061332 -0.76044 -0.5067413 0.4061332 -0.6418128 -0.650594 0.4059602 -0.6418128 -0.650594 0.4059602 -0.5970157 -0.693807 0.4027457 -0.5970157 -0.693807 0.4027457 -0.9269248 0.2904034 0.2376473 -0.9269248 0.2904034 0.2376473 -0.9269248 0.2904034 0.2376473 -0.9269248 0.2904034 0.2376473 -0.2036501 -0.9212397 0.3314274 -0.2036501 -0.9212397 0.3314274 -0.2036501 -0.9212397 0.3314274 -0.2036501 -0.9212397 0.3314274 0.9269248 -0.2904034 -0.2376473 0.9269248 -0.2904034 -0.2376473 0.9269248 -0.2904034 -0.2376473 0.9269248 -0.2904034 -0.2376473 -0.9269248 0.2904034 0.2376473 -0.9269248 0.2904034 0.2376473 -0.9269248 0.2904034 0.2376473 -0.9269248 0.2904034 0.2376473 0.9269248 -0.2904034 -0.2376473 0.9269248 -0.2904034 -0.2376473 0.9269248 -0.2904034 -0.2376473 0.9269248 -0.2904034 -0.2376473 0.6044184 -0.7964829 0.01712873 0.6044184 -0.7964829 0.01712873 0.7503182 -0.6570613 -0.07275387 0.7503182 -0.6570613 -0.07275387 0.8595964 -0.4855786 -0.159083 0.8595964 -0.4855786 -0.159083 0.9490204 -0.08105695 -0.3046147 0.9490204 -0.08105695 -0.3046147 0.9248039 0.1322494 -0.3567182 0.9248039 0.1322494 -0.3567182 0.8554533 0.3391084 -0.3914143 0.8554533 0.3391084 -0.3914143 -0.6044184 0.7964829 -0.01712873 -0.6044184 0.7964829 -0.01712873 -0.7503182 0.6570613 0.07275387 -0.7503182 0.6570613 0.07275387 -0.8595964 0.4855786 0.159083 -0.8595964 0.4855786 0.159083 -0.9490204 0.08105695 0.3046147 -0.9490204 0.08105695 0.3046147 -0.9248039 -0.1322494 0.3567182 -0.9248039 -0.1322494 0.3567182 -0.8554533 -0.3391084 0.3914143 -0.8554533 -0.3391084 0.3914143 -0.8595964 0.4855786 0.159083 -0.8595964 0.4855786 0.159083 -0.7503182 0.6570613 0.07275387 -0.7503182 0.6570613 0.07275387 -0.6044184 0.7964829 -0.01712873 -0.6044184 0.7964829 -0.01712873 -0.8554533 -0.3391084 0.3914143 -0.8554533 -0.3391084 0.3914143 -0.9248039 -0.1322494 0.3567182 -0.9248039 -0.1322494 0.3567182 -0.9490204 0.08105695 0.3046147 -0.9490204 0.08105695 0.3046147 0.8595964 -0.4855786 -0.159083 0.8595964 -0.4855786 -0.159083 0.7503182 -0.6570613 -0.07275387 0.7503182 -0.6570613 -0.07275387 0.6044184 -0.7964829 0.01712873 0.6044184 -0.7964829 0.01712873 0.8554533 0.3391084 -0.3914143 0.8554533 0.3391084 -0.3914143 0.9248039 0.1322494 -0.3567182 0.9248039 0.1322494 -0.3567182 0.9490204 -0.08105695 -0.3046147 0.9490204 -0.08105695 -0.3046147 0.2036501 0.9212397 -0.3314274 0.2036501 0.9212397 -0.3314274 0.2036501 0.9212397 -0.3314274 0.2036501 0.9212397 -0.3314274 0.6639641 0.6272962 -0.4070027 0.6639641 0.6272962 -0.4070027 0.6639641 0.6272962 -0.4070027 0.6639641 0.6272962 -0.4070027 -0.3185742 0.9351232 -0.155097 -0.3185742 0.9351232 -0.155097 -0.3185742 0.9351232 -0.155097 -0.3185742 0.9351232 -0.155097 -0.7994201 -0.4460971 0.4023988 -0.7994201 -0.4460971 0.4023988 -0.7994201 -0.4460971 0.4023988 -0.7994201 -0.4460971 0.4023988 0.5114325 -0.856761 0.06631252 0.5114325 -0.856761 0.06631252 0.5114325 -0.856761 0.06631252 0.5114325 -0.856761 0.06631252 0.7995224 0.4459258 -0.4023856 0.7995224 0.4459258 -0.4023856 0.7995224 0.4459258 -0.4023856 0.7995224 0.4459258 -0.4023856 -0.7995224 -0.4459258 0.4023856 -0.7995224 -0.4459258 0.4023856 -0.7995224 -0.4459258 0.4023856 -0.7995224 -0.4459258 0.4023856 -0.5115657 0.8566867 -0.06624547 -0.5115657 0.8566867 -0.06624547 -0.5115657 0.8566867 -0.06624547 -0.5115657 0.8566867 -0.06624547</float_array>
          <technique_common>
            <accessor count="1976" source="#normals-array-array" stride="3">
              <param type="float" name="X"/>
              <param type="float" name="Y"/>
              <param type="float" name="Z"/>
            </accessor>
          </technique_common>
        </source>
        <vertices id="verts-array-vertices">
          <input semantic="POSITION" source="#verts-array"/>
        </vertices>
        <triangles count="1636" material="material2">
          <input offset="0" semantic="VERTEX" source="#verts-array-vertices"/>
          <input offset="1" semantic="NORMAL" source="#normals-array"/>
          <p>0 0 1 1 2 2 3 3 2 2 1 1 4 4 5 5 6 6 7 7 6 6 5 5 8 8 9 9 10 10 11 11 10 10 9 9 12 12 13 13 14 14 15 15 14 14 13 13 16 16 17 17 18 18 19 19 18 18 17 17 20 20 21 21 22 22 23 23 22 22 21 21 24 24 25 25 26 26 27 27 26 26 25 25 26 26 27 27 28 28 29 29 28 28 27 27 28 28 29 29 30 30 31 31 30 30 29 29 30 30 31 31 32 32 33 33 32 32 31 31 34 34 35 35 36 36 37 37 36 36 35 35 36 36 37 37 38 38 39 39 38 38 37 37 38 38 39 39 40 40 41 41 40 40 39 39 40 40 41 41 42 42 43 43 42 42 41 41 44 44 25 25 45 45 24 24 45 45 25 25 45 45 24 24 46 46 42 42 46 46 24 24 46 46 42 42 47 47 43 43 47 47 42 42 48 48 49 49 50 50 51 51 50 50 49 49 52 52 53 53 54 54 55 55 54 54 53 53 56 56 57 57 58 58 59 59 58 58 57 57 60 60 61 61 62 62 63 63 62 62 61 61 64 64 65 65 66 66 67 67 66 66 65 65 68 68 69 69 70 70 71 71 70 70 69 69 72 72 73 73 74 74 75 75 74 74 73 73 76 76 77 77 78 78 79 79 78 78 77 77 78 78 79 79 80 80 81 81 80 80 79 79 80 80 81 81 82 82 83 83 82 82 81 81 82 82 83 83 84 84 85 85 84 84 83 83 84 84 85 85 86 86 87 87 86 86 85 85 86 86 87 87 88 88 89 89 88 88 87 87 88 88 89 89 90 90 91 91 90 90 89 89 48 48 50 50 92 92 48 48 92 92 93 93 94 94 93 93 92 92 93 93 94 94 95 95 96 96 95 95 94 94 95 95 96 96 97 97 98 98 97 97 96 96 97 97 98 98 99 99 100 100 99 99 98 98 99 99 100 100 101 101 102 102 101 101 100 100 101 101 102 102 103 103 104 104 105 105 106 106 104 104 106 106 107 107 108 108 107 107 106 106 107 107 108 108 109 109 110 110 109 109 108 108 109 109 110 110 111 111 112 112 111 111 110 110 111 111 112 112 113 113 114 114 113 113 112 112 113 113 114 114 115 115 116 116 115 115 114 114 115 115 116 116 117 117 118 118 119 119 120 120 118 118 120 120 121 121 122 122 121 121 120 120 121 121 122 122 123 123 124 124 123 123 122 122 123 123 124 124 125 125 126 126 125 125 124 124 125 125 126 126 127 127 128 128 127 127 126 126 127 127 128 128 129 129 130 130 129 129 128 128 129 129 130 130 131 131 132 132 133 133 134 134 132 132 134 134 135 135 136 136 135 135 134 134 135 135 136 136 137 137 138 138 137 137 136 136 137 137 138 138 139 139 140 140 139 139 138 138 139 139 140 140 141 141 142 142 141 141 140 140 141 141 142 142 143 143 144 144 143 143 142 142 143 143 144 144 145 145 146 146 147 147 148 148 149 149 148 148 147 147 150 150 151 151 152 152 153 153 152 152 151 151 154 154 155 155 156 156 157 157 156 156 155 155 158 158 159 159 160 160 161 161 160 160 159 159 162 162 163 163 164 164 165 165 164 164 163 163 164 164 165 165 166 166 167 167 166 166 165 165 166 166 167 167 168 168 169 169 168 168 167 167 168 168 169 169 170 170 171 171 170 170 169 169 170 170 171 171 172 172 173 173 172 172 171 171 172 172 173 173 174 174 175 175 174 174 173 173 174 174 175 175 176 176 177 177 176 176 175 175 178 178 179 179 180 180 181 181 180 180 179 179 182 182 183 183 184 184 185 185 184 184 183 183 186 186 187 187 188 188 189 189 188 188 187 187 188 188 189 189 190 190 191 191 190 190 189 189 190 190 191 191 192 192 193 193 192 192 191 191 192 192 193 193 194 194 195 195 194 194 193 193 194 194 195 195 196 196 197 197 196 196 195 195 196 196 197 197 198 198 199 199 198 198 197 197 198 198 199 199 200 200 201 201 200 200 199 199 202 202 203 203 204 204 205 205 204 204 203 203 206 206 207 207 208 208 209 209 208 208 207 207 208 208 209 209 210 210 211 211 210 210 209 209 210 210 211 211 212 212 213 213 212 212 211 211 212 212 213 213 214 214 215 215 214 214 213 213 214 214 215 215 216 216 217 217 216 216 215 215 216 216 217 217 218 218 219 219 218 218 217 217 218 218 219 219 220 220 221 221 220 220 219 219 220 220 221 221 222 222 223 223 222 222 221 221 222 222 223 223 224 224 225 225 224 224 223 223 224 224 225 225 226 226 227 227 226 226 225 225 226 226 227 227 228 228 229 229 228 228 227 227 228 228 229 229 230 230 231 231 230 230 229 229 230 230 231 231 232 232 233 233 232 232 231 231 232 232 233 233 234 234 235 235 234 234 233 233 234 234 235 235 236 236 237 237 236 236 235 235 236 236 237 237 238 238 239 239 238 238 237 237 238 238 239 239 240 240 241 241 240 240 239 239 240 240 241 241 242 242 243 243 242 242 241 241 242 242 243 243 244 244 245 245 244 244 243 243 244 244 245 245 246 246 247 247 246 246 245 245 246 246 247 247 248 248 249 249 248 248 247 247 248 248 249 249 250 250 251 251 250 250 249 249 250 250 251 251 252 252 253 253 252 252 251 251 252 252 253 253 206 206 207 207 206 206 253 253 254 254 255 255 256 256 257 257 256 256 255 255 256 256 257 257 258 258 259 259 258 258 257 257 258 258 259 259 260 260 261 261 260 260 259 259 260 260 261 261 262 262 263 263 262 262 261 261 262 262 263 263 264 264 265 265 264 264 263 263 264 264 265 265 266 266 267 267 266 266 265 265 266 266 267 267 268 268 269 269 268 268 267 267 268 268 269 269 270 270 271 271 270 270 269 269 270 270 271 271 272 272 273 273 272 272 271 271 272 272 273 273 274 274 275 275 274 274 273 273 274 274 275 275 276 276 277 277 276 276 275 275 276 276 277 277 278 278 279 279 278 278 277 277 278 278 279 279 280 280 281 281 280 280 279 279 280 280 281 281 282 282 283 283 282 282 281 281 282 282 283 283 284 284 285 285 284 284 283 283 284 284 285 285 286 286 287 287 286 286 285 285 286 286 287 287 288 288 289 289 288 288 287 287 288 288 289 289 290 290 291 291 290 290 289 289 290 290 291 291 292 292 293 293 292 292 291 291 292 292 293 293 294 294 295 295 294 294 293 293 294 294 295 295 296 296 297 297 296 296 295 295 296 296 297 297 298 298 299 299 298 298 297 297 298 298 299 299 300 300 301 301 300 300 299 299 300 300 301 301 254 254 255 255 254 254 301 301 302 302 303 303 304 304 305 305 304 304 303 303 306 306 307 307 308 308 309 309 308 308 307 307 308 308 309 309 310 310 311 311 310 310 309 309 310 310 311 311 312 312 313 313 312 312 311 311 312 312 313 313 314 314 315 315 314 314 313 313 314 314 315 315 316 316 317 317 316 316 315 315 316 316 317 317 318 318 319 319 318 318 317 317 318 318 319 319 320 320 321 321 320 320 319 319 320 320 321 321 322 322 323 323 322 322 321 321 322 322 323 323 324 324 325 325 324 324 323 323 324 324 325 325 326 326 327 327 326 326 325 325 326 326 327 327 328 328 329 329 328 328 327 327 328 328 329 329 330 330 331 331 330 330 329 329 330 330 331 331 332 332 333 333 332 332 331 331 332 332 333 333 334 334 335 335 334 334 333 333 334 334 335 335 336 336 337 337 336 336 335 335 336 336 337 337 338 338 339 339 338 338 337 337 338 338 339 339 340 340 341 341 340 340 339 339 340 340 341 341 342 342 343 343 342 342 341 341 342 342 343 343 344 344 345 345 344 344 343 343 344 344 345 345 346 346 347 347 346 346 345 345 346 346 347 347 348 348 349 349 348 348 347 347 348 348 349 349 350 350 351 351 350 350 349 349 350 350 351 351 352 352 353 353 352 352 351 351 352 352 353 353 306 306 307 307 306 306 353 353 354 354 355 355 356 356 357 357 356 356 355 355 356 356 357 357 358 358 359 359 358 358 357 357 358 358 359 359 360 360 361 361 360 360 359 359 360 360 361 361 362 362 363 363 362 362 361 361 362 362 363 363 364 364 365 365 364 364 363 363 364 364 365 365 366 366 367 367 366 366 365 365 366 366 367 367 368 368 369 369 368 368 367 367 368 368 369 369 370 370 371 371 370 370 369 369 370 370 371 371 372 372 373 373 372 372 371 371 372 372 373 373 374 374 375 375 374 374 373 373 374 374 375 375 376 376 377 377 376 376 375 375 376 376 377 377 378 378 379 379 378 378 377 377 378 378 379 379 380 380 381 381 380 380 379 379 380 380 381 381 382 382 383 383 382 382 381 381 382 382 383 383 384 384 385 385 384 384 383 383 384 384 385 385 386 386 387 387 386 386 385 385 386 386 387 387 388 388 389 389 388 388 387 387 388 388 389 389 390 390 391 391 390 390 389 389 390 390 391 391 392 392 393 393 392 392 391 391 392 392 393 393 394 394 395 395 394 394 393 393 394 394 395 395 396 396 397 397 396 396 395 395 396 396 397 397 398 398 399 399 398 398 397 397 398 398 399 399 400 400 401 401 400 400 399 399 400 400 401 401 354 354 355 355 354 354 401 401 402 402 403 403 404 404 405 405 404 404 403 403 406 406 407 407 408 408 409 409 408 408 407 407 408 408 409 409 410 410 411 411 410 410 409 409 410 410 411 411 412 412 413 413 412 412 411 411 412 412 413 413 414 414 415 415 414 414 413 413 414 414 415 415 416 416 417 417 416 416 415 415 416 416 417 417 418 418 419 419 418 418 417 417 418 418 419 419 420 420 421 421 420 420 419 419 420 420 421 421 422 422 423 423 422 422 421 421 422 422 423 423 424 424 425 425 424 424 423 423 424 424 425 425 426 426 427 427 426 426 425 425 426 426 427 427 428 428 429 429 428 428 427 427 428 428 429 429 430 430 431 431 430 430 429 429 430 430 431 431 432 432 433 433 432 432 431 431 432 432 433 433 434 434 435 435 434 434 433 433 434 434 435 435 436 436 437 437 436 436 435 435 436 436 437 437 438 438 439 439 438 438 437 437 438 438 439 439 440 440 441 441 440 440 439 439 440 440 441 441 442 442 443 443 442 442 441 441 442 442 443 443 444 444 445 445 444 444 443 443 444 444 445 445 446 446 447 447 446 446 445 445 446 446 447 447 448 448 449 449 448 448 447 447 448 448 449 449 450 450 451 451 450 450 449 449 450 450 451 451 452 452 453 453 452 452 451 451 452 452 453 453 406 406 407 407 406 406 453 453 454 454 455 455 456 456 457 457 456 456 455 455 458 458 459 459 460 460 461 461 462 462 463 463 464 464 463 463 462 462 463 463 464 464 465 465 466 466 465 465 464 464 465 465 466 466 467 467 468 468 467 467 466 466 467 467 468 468 469 469 470 470 469 469 468 468 470 470 471 471 469 469 472 472 469 469 471 471 469 469 472 472 473 473 472 472 458 458 473 473 460 460 473 473 458 458 473 473 460 460 474 474 475 475 474 474 460 460 474 474 475 475 476 476 477 477 476 476 475 475 476 476 477 477 478 478 479 479 478 478 477 477 478 478 479 479 480 480 481 481 480 480 479 479 482 482 483 483 484 484 485 485 483 483 486 486 487 487 488 488 489 489 490 490 488 488 491 491 484 484 490 490 492 492 493 493 494 494 495 495 496 496 494 494 497 497 489 489 496 496 498 498 499 499 500 500 501 501 502 502 500 500 503 503 495 495 502 502 504 504 505 505 506 506 507 507 508 508 506 506 509 509 501 501 508 508 510 510 511 511 512 512 513 513 514 514 512 512 515 515 507 507 514 514 516 516 517 517 518 518 519 519 520 520 518 518 521 521 513 513 520 520 522 522 523 523 524 524 525 525 526 526 524 524 527 527 519 519 526 526 528 528 525 525 485 485 529 529 530 530 531 531 532 532 533 533 532 532 531 531 532 532 533 533 534 534 535 535 534 534 533 533 534 534 535 535 536 536 537 537 536 536 535 535 538 538 539 539 540 540 541 541 540 540 539 539 540 540 541 541 542 542 543 543 542 542 541 541 542 542 543 543 544 544 545 545 544 544 543 543 544 544 545 545 546 546 547 547 546 546 545 545 546 546 547 547 548 548 549 549 548 548 547 547 548 548 549 549 550 550 551 551 550 550 549 549 550 550 551 551 552 552 553 553 552 552 551 551 552 552 553 553 554 554 555 555 554 554 553 553 554 554 555 555 556 556 557 557 556 556 555 555 556 556 557 557 558 558 559 559 558 558 557 557 558 558 559 559 560 560 561 561 560 560 559 559 560 560 561 561 562 562 563 563 562 562 561 561 562 562 563 563 564 564 565 565 564 564 563 563 564 564 565 565 566 566 567 567 566 566 565 565 566 566 567 567 568 568 569 569 568 568 567 567 568 568 569 569 570 570 571 571 570 570 569 569 570 570 571 571 572 572 573 573 572 572 571 571 572 572 573 573 574 574 575 575 574 574 573 573 574 574 575 575 576 576 577 577 576 576 575 575 576 576 577 577 578 578 579 579 578 578 577 577 578 578 579 579 580 580 581 581 580 580 579 579 580 580 581 581 582 582 583 583 582 582 581 581 582 582 583 583 584 584 585 585 584 584 583 583 584 584 585 585 538 538 539 539 538 538 585 585 586 586 587 587 588 588 589 589 588 588 587 587 590 590 591 591 592 592 593 593 592 592 591 591 592 592 593 593 594 594 595 595 594 594 593 593 594 594 595 595 596 596 597 597 596 596 595 595 596 596 597 597 598 598 599 599 598 598 597 597 598 598 599 599 600 600 601 601 600 600 599 599 600 600 601 601 602 602 603 603 602 602 601 601 602 602 603 603 604 604 605 605 604 604 603 603 604 604 605 605 606 606 607 607 606 606 605 605 606 606 607 607 608 608 609 609 608 608 607 607 608 608 609 609 610 610 611 611 610 610 609 609 610 610 611 611 612 612 613 613 612 612 611 611 612 612 613 613 614 614 615 615 614 614 613 613 614 614 615 615 616 616 617 617 616 616 615 615 616 616 617 617 618 618 619 619 618 618 617 617 618 618 619 619 620 620 621 621 620 620 619 619 620 620 621 621 622 622 623 623 622 622 621 621 622 622 623 623 624 624 625 625 624 624 623 623 624 624 625 625 626 626 627 627 626 626 625 625 626 626 627 627 628 628 629 629 628 628 627 627 628 628 629 629 630 630 631 631 630 630 629 629 630 630 631 631 632 632 633 633 632 632 631 631 632 632 633 633 634 634 635 635 634 634 633 633 634 634 635 635 636 636 637 637 636 636 635 635 636 636 637 637 590 590 591 591 590 590 637 637 638 638 639 639 640 640 641 641 639 639 642 642 643 643 644 644 645 645 646 646 644 644 647 647 640 640 646 646 648 648 649 649 650 650 651 651 652 652 650 650 653 653 645 645 652 652 654 654 655 655 656 656 657 657 658 658 656 656 659 659 651 651 658 658 660 660 661 661 662 662 663 663 664 664 662 662 665 665 657 657 664 664 666 666 667 667 668 668 669 669 670 670 668 668 671 671 663 663 670 670 672 672 673 673 674 674 675 675 676 676 674 674 677 677 669 669 676 676 678 678 679 679 680 680 681 681 682 682 680 680 683 683 675 675 682 682 684 684 681 681 641 641 685 685 686 686 687 687 688 688 689 689 687 687 690 690 691 691 692 692 693 693 694 694 692 692 695 695 688 688 694 694 696 696 697 697 698 698 699 699 700 700 698 698 701 701 693 693 700 700 702 702 703 703 704 704 705 705 706 706 704 704 707 707 699 699 706 706 708 708 709 709 710 710 711 711 712 712 710 710 713 713 705 705 712 712 714 714 715 715 716 716 717 717 718 718 716 716 719 719 711 711 718 718 720 720 721 721 722 722 723 723 724 724 722 722 725 725 717 717 724 724 726 726 727 727 728 728 729 729 730 730 728 728 731 731 723 723 730 730 732 732 729 729 689 689 733 733 734 734 735 735 736 736 737 737 736 736 735 735 736 736 737 737 738 738 739 739 738 738 737 737 738 738 739 739 740 740 741 741 740 740 739 739 740 740 741 741 742 742 743 743 742 742 741 741 742 742 743 743 744 744 745 745 744 744 743 743 744 744 745 745 746 746 747 747 746 746 745 745 746 746 747 747 748 748 749 749 748 748 747 747 748 748 749 749 750 750 751 751 750 750 749 749 750 750 751 751 752 752 753 753 752 752 751 751 752 752 753 753 754 754 755 755 754 754 753 753 754 754 755 755 756 756 757 757 756 756 755 755 756 756 757 757 758 758 759 759 758 758 757 757 758 758 759 759 760 760 761 761 760 760 759 759 760 760 761 761 762 762 763 763 762 762 761 761 762 762 763 763 764 764 765 765 764 764 763 763 764 764 765 765 766 766 767 767 766 766 765 765 766 766 767 767 768 768 769 769 768 768 767 767 768 768 769 769 770 770 771 771 770 770 769 769 770 770 771 771 772 772 773 773 772 772 771 771 772 772 773 773 774 774 775 775 774 774 773 773 774 774 775 775 776 776 777 777 776 776 775 775 776 776 777 777 778 778 779 779 778 778 777 777 778 778 779 779 780 780 781 781 780 780 779 779 780 780 781 781 734 734 735 735 734 734 781 781 782 782 783 783 784 784 785 785 784 784 783 783 786 786 787 787 788 788 789 789 788 788 787 787 790 790 791 791 792 792 793 793 792 792 791 791 794 794 795 795 796 796 797 797 795 795 798 798 799 799 800 800 801 801 802 802 800 800 803 803 796 796 802 802 804 804 805 805 806 806 807 807 808 808 806 806 809 809 801 801 808 808 810 810 811 811 812 812 813 813 814 814 812 812 815 815 807 807 814 814 816 816 817 817 818 818 819 819 820 820 818 818 821 821 813 813 820 820 822 822 823 823 824 824 825 825 826 826 824 824 827 827 819 819 826 826 828 828 829 829 830 830 831 831 832 832 830 830 833 833 825 825 832 832 834 834 835 835 836 836 837 837 838 838 836 836 839 839 831 831 838 838 840 840 837 837 797 797 841 841 842 842 843 843 844 844 845 845 846 846 847 847 848 848 847 847 846 846 849 849 850 850 851 851 842 842 851 851 850 850 851 851 842 842 852 852 844 844 852 852 842 842 853 853 854 854 855 855 856 856 855 855 854 854 855 855 856 856 842 842 857 857 842 842 856 856 842 842 857 857 843 843 846 846 858 858 859 859 853 853 855 855 860 860 861 861 860 860 855 855 860 860 861 861 862 862 859 859 863 863 846 846 864 864 846 846 863 863 846 846 864 864 865 865 865 865 866 866 846 846 867 867 846 846 866 866 846 846 867 867 848 848 845 845 868 868 846 846 869 869 846 846 868 868 846 846 869 869 861 861 870 870 861 861 869 869 861 861 870 870 862 862 871 871 872 872 873 873 874 874 873 873 872 872 873 873 874 874 875 875 876 876 875 875 874 874 875 875 876 876 877 877 878 878 877 877 876 876 877 877 878 878 879 879 880 880 879 879 878 878 879 879 880 880 881 881 882 882 881 881 880 880 881 881 882 882 883 883 884 884 883 883 882 882 883 883 884 884 885 885 886 886 885 885 884 884 885 885 886 886 887 887 888 888 887 887 886 886 887 887 888 888 889 889 890 890 889 889 888 888 889 889 890 890 891 891 892 892 891 891 890 890 891 891 892 892 893 893 894 894 893 893 892 892 893 893 894 894 895 895 896 896 895 895 894 894 895 895 896 896 897 897 898 898 897 897 896 896 897 897 898 898 899 899 900 900 899 899 898 898 901 901 902 902 903 903 904 904 903 903 902 902 903 903 904 904 905 905 906 906 905 905 904 904 905 905 906 906 907 907 908 908 907 907 906 906 907 907 908 908 909 909 910 910 909 909 908 908 909 909 910 910 911 911 912 912 911 911 910 910 911 911 912 912 913 913 914 914 913 913 912 912 913 913 914 914 915 915 916 916 915 915 914 914 915 915 916 916 917 917 918 918 917 917 916 916 917 917 918 918 919 919 920 920 919 919 918 918 919 919 920 920 921 921 922 922 921 921 920 920 921 921 922 922 923 923 924 924 923 923 922 922 923 923 924 924 925 925 926 926 925 925 924 924 925 925 926 926 927 927 928 928 927 927 926 926 927 927 928 928 929 929 930 930 929 929 928 928 931 931 932 932 933 933 934 934 933 933 932 932 935 935 936 936 937 937 938 938 939 939 940 940 940 940 941 941 938 938 942 942 938 938 941 941 938 938 942 942 943 943 944 944 945 945 937 937 946 946 937 937 945 945 937 937 946 946 947 947 948 948 949 949 950 950 938 938 950 950 949 949 950 950 938 938 951 951 943 943 951 951 938 938 952 952 953 953 954 954 947 947 955 955 937 937 956 956 937 937 955 955 937 937 956 956 957 957 952 952 954 954 937 937 958 958 937 937 954 954 937 937 958 958 944 944 957 957 959 959 937 937 960 960 937 937 959 959 937 937 960 960 935 935 948 948 961 961 949 949 962 962 949 949 961 961 949 949 962 962 952 952 963 963 952 952 962 962 952 952 963 963 953 953 530 530 964 964 531 531 965 965 531 531 964 964 966 966 967 967 968 968 969 969 968 968 967 967 970 970 971 971 972 972 973 973 972 972 971 971 974 974 975 975 976 976 977 977 976 976 975 975 978 978 979 979 980 980 981 981 980 980 979 979 980 980 981 981 982 982 983 983 982 982 981 981 982 982 983 983 984 984 985 985 984 984 983 983 984 984 985 985 986 986 987 987 986 986 985 985 986 986 987 987 988 988 989 989 988 988 987 987 988 988 989 989 990 990 991 991 990 990 989 989 990 990 991 991 992 992 993 993 992 992 991 991 992 992 993 993 994 994 995 995 994 994 993 993 994 994 995 995 996 996 997 997 996 996 995 995 996 996 997 997 998 998 999 999 998 998 997 997 998 998 999 999 1000 1000 1001 1001 1000 1000 999 999 1000 1000 1001 1001 1002 1002 1003 1003 1002 1002 1001 1001 1002 1002 1003 1003 1004 1004 1005 1005 1004 1004 1003 1003 1004 1004 1005 1005 1006 1006 1007 1007 1006 1006 1005 1005 1008 1008 1009 1009 1010 1010 1011 1011 1010 1010 1009 1009 1012 1012 1013 1013 1014 1014 1015 1015 1014 1014 1013 1013 1016 1016 1017 1017 1018 1018 1019 1019 1018 1018 1017 1017 1020 1020 1021 1021 1022 1022 1023 1023 1022 1022 1021 1021 1024 1024 1025 1025 1026 1026 1027 1027 1026 1026 1025 1025 1028 1028 1029 1029 1030 1030 1031 1031 1030 1030 1029 1029 1030 1030 1031 1031 1032 1032 1033 1033 1032 1032 1031 1031 1032 1032 1033 1033 1034 1034 1035 1035 1034 1034 1033 1033 1034 1034 1035 1035 1036 1036 1037 1037 1036 1036 1035 1035 1036 1036 1037 1037 1038 1038 1039 1039 1038 1038 1037 1037 1038 1038 1039 1039 1040 1040 1041 1041 1040 1040 1039 1039 1040 1040 1041 1041 1042 1042 1043 1043 1042 1042 1041 1041 1042 1042 1043 1043 1044 1044 1045 1045 1044 1044 1043 1043 1044 1044 1045 1045 1046 1046 1047 1047 1046 1046 1045 1045 1046 1046 1047 1047 1048 1048 1049 1049 1048 1048 1047 1047 1048 1048 1049 1049 1050 1050 1051 1051 1050 1050 1049 1049 1050 1050 1051 1051 1052 1052 1053 1053 1052 1052 1051 1051 1052 1052 1053 1053 1054 1054 1055 1055 1054 1054 1053 1053 1054 1054 1055 1055 1056 1056 1057 1057 1056 1056 1055 1055 1058 1058 1059 1059 1060 1060 1061 1061 1060 1060 1059 1059 1060 1060 1061 1061 1062 1062 1063 1063 1064 1064 1065 1065 1066 1066 1067 1067 1068 1068 1069 1069 1070 1070 1071 1071 1072 1072 1071 1071 1070 1070 1071 1071 1072 1072 1073 1073 1074 1074 1075 1075 1071 1071 1068 1068 1076 1076 1066 1066 1077 1077 1066 1066 1076 1076 1066 1066 1077 1077 1071 1071 1078 1078 1071 1071 1077 1077 1071 1071 1078 1078 1069 1069 1074 1074 1071 1071 1079 1079 1080 1080 1081 1081 1082 1082 1083 1083 1082 1082 1081 1081 1084 1084 1085 1085 1086 1086 1087 1087 1086 1086 1085 1085 1086 1086 1087 1087 1088 1088 1060 1060 1088 1088 1087 1087 1088 1088 1060 1060 1089 1089 1062 1062 1089 1089 1060 1060 1083 1083 1090 1090 1082 1082 1091 1091 1082 1082 1090 1090 1082 1082 1091 1091 1066 1066 1092 1092 1066 1066 1091 1091 1066 1066 1092 1092 1067 1067 1093 1093 1094 1094 1082 1082 1095 1095 1082 1082 1094 1094 1082 1082 1095 1095 1096 1096 1075 1075 1097 1097 1071 1071 1098 1098 1071 1071 1097 1097 1071 1071 1098 1098 1065 1065 1099 1099 1065 1065 1098 1098 1065 1065 1099 1099 1063 1063 1064 1064 1100 1100 1065 1065 1101 1101 1065 1065 1100 1100 1065 1065 1101 1101 1082 1082 1102 1102 1082 1082 1101 1101 1082 1082 1102 1102 1093 1093 1096 1096 1103 1103 1082 1082 1104 1104 1082 1082 1103 1103 1082 1082 1104 1104 1080 1080 1105 1105 1080 1080 1104 1104 1080 1080 1105 1105 1086 1086 1106 1106 1086 1086 1105 1105 1086 1086 1106 1106 1084 1084 1060 1060 1107 1107 1058 1058 1079 1079 1058 1058 1107 1107 1058 1058 1079 1079 1108 1108 1071 1071 1108 1108 1079 1079 1108 1108 1071 1071 1109 1109 1073 1073 1109 1109 1071 1071 1110 1110 1111 1111 1112 1112 1113 1113 1112 1112 1111 1111 1114 1114 1115 1115 1116 1116 1117 1117 1118 1118 1119 1119 1120 1120 1121 1121 1116 1116 1122 1122 1116 1116 1121 1121 1114 1114 1116 1116 1123 1123 1119 1119 1124 1124 1117 1117 1125 1125 1117 1117 1124 1124 1117 1117 1125 1125 1126 1126 1122 1122 1127 1127 1116 1116 1128 1128 1116 1116 1127 1127 1116 1116 1128 1128 1129 1129 1129 1129 1130 1130 1116 1116 1131 1131 1116 1116 1130 1130 1116 1116 1131 1131 1123 1123 1132 1132 1133 1133 1134 1134 1117 1117 1134 1134 1133 1133 1134 1134 1117 1117 1135 1135 1126 1126 1135 1135 1117 1117 1132 1132 1136 1136 1133 1133 1137 1137 1133 1133 1136 1136 1133 1133 1137 1137 1138 1138 1139 1139 1138 1138 1137 1137 1139 1139 1140 1140 1138 1138 1141 1141 1138 1138 1140 1140 1138 1138 1141 1141 1116 1116 1142 1142 1116 1116 1141 1141 1116 1116 1142 1142 1120 1120 1143 1143 1144 1144 1145 1145 1146 1146 1145 1145 1144 1144 1147 1147 1148 1148 1149 1149 1150 1150 1149 1149 1148 1148 1149 1149 1150 1150 1151 1151 1152 1152 1151 1151 1150 1150 1151 1151 1152 1152 1021 1021 1023 1023 1021 1021 1152 1152 118 118 1153 1153 119 119 1154 1154 119 119 1153 1153 104 104 1155 1155 105 105 1156 1156 105 105 1155 1155 1157 1157 1158 1158 1159 1159 1160 1160 1161 1161 1162 1162 1163 1163 1162 1162 1161 1161 1162 1162 1163 1163 1159 1159 1164 1164 1159 1159 1163 1163 1159 1159 1164 1164 1157 1157 1165 1165 1166 1166 1157 1157 1167 1167 1157 1157 1166 1166 1157 1157 1167 1167 1158 1158 1168 1168 1158 1158 1167 1167 1158 1158 1168 1168 1169 1169 1170 1170 1169 1169 1168 1168 1169 1169 1170 1170 1171 1171 1172 1172 1171 1171 1170 1170 1173 1173 1174 1174 1175 1175 1176 1176 1175 1175 1174 1174 1177 1177 1178 1178 1179 1179 1180 1180 1179 1179 1178 1178 1179 1179 1180 1180 1181 1181 1182 1182 1181 1181 1180 1180 1181 1181 1182 1182 1183 1183 1184 1184 1183 1183 1182 1182 1183 1183 1184 1184 1185 1185 1186 1186 1185 1185 1184 1184 1185 1185 1186 1186 1187 1187 1188 1188 1187 1187 1186 1186 1187 1187 1188 1188 1189 1189 1190 1190 1189 1189 1188 1188 1189 1189 1190 1190 1191 1191 1192 1192 1191 1191 1190 1190 1191 1191 1192 1192 1193 1193 1194 1194 1193 1193 1192 1192 1193 1193 1194 1194 1195 1195 1196 1196 1195 1195 1194 1194 1195 1195 1196 1196 1197 1197 1198 1198 1197 1197 1196 1196 1197 1197 1198 1198 1199 1199 1200 1200 1199 1199 1198 1198 1199 1199 1200 1200 1201 1201 1202 1202 1201 1201 1200 1200 1201 1201 1202 1202 1203 1203 1204 1204 1203 1203 1202 1202 1203 1203 1204 1204 1205 1205 1206 1206 1205 1205 1204 1204 1207 1207 1208 1208 1209 1209 1210 1210 1209 1209 1208 1208 1211 1211 1212 1212 1213 1213 1214 1214 1213 1213 1212 1212 1215 1215 1216 1216 1217 1217 1218 1218 1217 1217 1216 1216 1219 1219 1220 1220 1221 1221 1222 1222 1221 1221 1220 1220 1223 1223 1224 1224 1225 1225 1226 1226 1225 1225 1224 1224 1227 1227 1228 1228 1229 1229 1230 1230 1231 1231 1229 1229 1232 1232 1229 1229 1231 1231 1229 1229 1232 1232 1227 1227 1233 1233 1234 1234 1235 1235 1236 1236 1235 1235 1234 1234 1235 1235 1236 1236 1237 1237 1238 1238 1237 1237 1236 1236 1237 1237 1238 1238 1239 1239 1240 1240 1239 1239 1238 1238 1241 1241 1242 1242 1243 1243 1244 1244 1243 1243 1242 1242 1230 1230 1245 1245 1231 1231 1246 1246 1231 1231 1245 1245 1231 1231 1246 1246 1244 1244 1233 1233 1244 1244 1246 1246 1244 1244 1233 1233 1243 1243 1235 1235 1243 1243 1233 1233 1247 1247 1248 1248 1249 1249 1250 1250 1251 1251 1252 1252 1253 1253 1254 1254 1252 1252 1255 1255 1252 1252 1254 1254 1252 1252 1255 1255 1250 1250 1256 1256 1247 1247 1257 1257 1249 1249 1257 1257 1247 1247 1257 1257 1249 1249 1258 1258 1259 1259 1258 1258 1249 1249 1258 1258 1259 1259 1260 1260 1261 1261 1260 1260 1259 1259 1253 1253 1262 1262 1254 1254 1263 1263 1254 1254 1262 1262 1254 1254 1263 1263 1264 1264 1247 1247 1264 1264 1263 1263 1264 1264 1247 1247 1265 1265 1256 1256 1265 1265 1247 1247 1265 1265 1256 1256 1266 1266 1267 1267 1268 1268 1269 1269 1270 1270 1269 1269 1268 1268 1271 1271 1272 1272 1273 1273 1274 1274 1273 1273 1272 1272 1275 1275 1276 1276 1277 1277 1278 1278 1277 1277 1276 1276 1279 1279 1280 1280 1281 1281 1282 1282 1281 1281 1280 1280 1283 1283 1284 1284 1285 1285 1286 1286 1285 1285 1284 1284 1287 1287 1288 1288 1289 1289 1290 1290 1289 1289 1288 1288 1291 1291 1292 1292 1293 1293 1294 1294 1293 1293 1292 1292 1295 1295 1296 1296 1297 1297 1298 1298 1297 1297 1296 1296 1299 1299 1300 1300 1301 1301 1302 1302 1303 1303 1304 1304 1305 1305 1304 1304 1303 1303 1304 1304 1305 1305 1301 1301 1306 1306 1301 1301 1305 1305 1301 1301 1306 1306 1299 1299 1307 1307 1308 1308 1309 1309 1310 1310 1309 1309 1308 1308 1223 1223 1225 1225 1311 1311 1223 1223 1311 1311 1312 1312 1313 1313 1312 1312 1311 1311 1312 1312 1313 1313 1314 1314 1315 1315 1314 1314 1313 1313 1314 1314 1315 1315 1316 1316 1317 1317 1318 1318 1319 1319 1320 1320 1321 1321 1322 1322 1323 1323 1322 1322 1321 1321 1322 1322 1323 1323 1319 1319 1324 1324 1319 1319 1323 1323 1319 1319 1324 1324 1317 1317 1325 1325 1326 1326 1327 1327 1328 1328 1329 1329 1330 1330 1331 1331 1330 1330 1329 1329 1330 1330 1331 1331 1327 1327 1332 1332 1327 1327 1331 1331 1327 1327 1332 1332 1325 1325 1333 1333 1334 1334 1335 1335 1336 1336 1337 1337 1338 1338 1339 1339 1338 1338 1337 1337 1338 1338 1339 1339 1335 1335 1340 1340 1335 1335 1339 1339 1335 1335 1340 1340 1333 1333 1341 1341 1342 1342 1343 1343 1344 1344 1343 1343 1342 1342 1343 1343 1344 1344 1345 1345 1346 1346 1345 1345 1344 1344 1345 1345 1346 1346 1347 1347 1348 1348 1347 1347 1346 1346 1347 1347 1348 1348 1349 1349 1350 1350 1349 1349 1348 1348 1349 1349 1350 1350 1351 1351 1352 1352 1351 1351 1350 1350 1351 1351 1352 1352 1353 1353 1354 1354 1353 1353 1352 1352 1353 1353 1354 1354 1355 1355 1356 1356 1355 1355 1354 1354 1355 1355 1356 1356 1357 1357 1358 1358 1357 1357 1356 1356 1357 1357 1358 1358 1359 1359 1360 1360 1359 1359 1358 1358 1359 1359 1360 1360 1361 1361 1362 1362 1361 1361 1360 1360 1361 1361 1362 1362 1363 1363 1364 1364 1363 1363 1362 1362 1363 1363 1364 1364 1365 1365 1366 1366 1365 1365 1364 1364 1365 1365 1366 1366 1367 1367 1368 1368 1367 1367 1366 1366 1367 1367 1368 1368 1369 1369 1370 1370 1369 1369 1368 1368 1371 1371 1372 1372 1373 1373 1374 1374 1373 1373 1372 1372 1375 1375 1376 1376 1374 1374 1377 1377 1374 1374 1376 1376 1374 1374 1377 1377 1373 1373 1378 1378 1379 1379 1380 1380 1381 1381 1380 1380 1379 1379 1380 1380 1381 1381 1382 1382 1383 1383 1384 1384 1381 1381 1385 1385 1381 1381 1384 1384 1381 1381 1385 1385 1382 1382 1381 1381 1386 1386 1387 1387 1378 1378 1388 1388 1379 1379 1389 1389 1379 1379 1388 1388 1379 1379 1389 1389 1390 1390 1391 1391 1390 1390 1389 1389 1391 1391 1392 1392 1390 1390 1393 1393 1390 1390 1392 1392 1390 1390 1393 1393 1374 1374 1394 1394 1374 1374 1393 1393 1374 1374 1394 1394 1375 1375 1387 1387 1395 1395 1381 1381 1396 1396 1381 1381 1395 1395 1381 1381 1396 1396 1397 1397 1397 1397 1398 1398 1381 1381 1399 1399 1381 1381 1398 1398 1381 1381 1399 1399 1383 1383 1400 1400 1401 1401 1402 1402 1403 1403 1402 1402 1401 1401 1404 1404 1405 1405 1406 1406 1407 1407 1406 1406 1405 1405 1406 1406 1407 1407 1408 1408 1409 1409 1408 1408 1407 1407 1408 1408 1409 1409 1410 1410 1411 1411 1410 1410 1409 1409 1412 1412 1413 1413 1414 1414 1415 1415 1414 1414 1413 1413 1416 1416 1417 1417 1418 1418 1419 1419 1418 1418 1417 1417 1420 1420 1421 1421 1422 1422 1423 1423 1422 1422 1421 1421 1422 1422 1423 1423 1424 1424 1425 1425 1424 1424 1423 1423 1424 1424 1425 1425 1426 1426 1427 1427 1426 1426 1425 1425 1428 1428 1429 1429 1430 1430 1428 1428 1430 1430 1431 1431 1432 1432 1431 1431 1430 1430 1431 1431 1432 1432 1433 1433 402 402 1433 1433 1432 1432 1433 1433 402 402 404 404 1434 1434 1435 1435 1436 1436 1437 1437 1436 1436 1435 1435 1438 1438 1439 1439 1440 1440 1441 1441 1440 1440 1439 1439 1442 1442 1443 1443 1444 1444 1445 1445 1444 1444 1443 1443 1446 1446 1447 1447 1448 1448 1449 1449 1448 1448 1447 1447 1450 1450 1426 1426 1451 1451 1427 1427 1451 1451 1426 1426 4 4 6 6 1452 1452 1453 1453 1452 1452 6 6 1452 1452 1453 1453 1454 1454 1455 1455 1454 1454 1453 1453 1454 1454 1455 1455 1456 1456 1457 1457 1456 1456 1455 1455 1458 1458 1459 1459 1460 1460 1461 1461 1460 1460 1459 1459 1460 1460 1461 1461 1462 1462 1463 1463 1462 1462 1461 1461 1462 1462 1463 1463 1464 1464 1465 1465 1464 1464 1463 1463 1464 1464 1465 1465 1466 1466 1467 1467 1466 1466 1465 1465 1466 1466 1467 1467 1468 1468 1469 1469 1468 1468 1467 1467 1468 1468 1469 1469 1470 1470 1471 1471 1470 1470 1469 1469 1470 1470 1471 1471 1472 1472 1473 1473 1472 1472 1471 1471 1472 1472 1473 1473 1474 1474 1475 1475 1474 1474 1473 1473 1474 1474 1475 1475 1476 1476 1477 1477 1476 1476 1475 1475 1476 1476 1477 1477 1478 1478 1479 1479 1478 1478 1477 1477 1478 1478 1479 1479 1480 1480 1481 1481 1480 1480 1479 1479 1480 1480 1481 1481 1482 1482 1483 1483 1482 1482 1481 1481 1482 1482 1483 1483 1484 1484 1485 1485 1484 1484 1483 1483 1484 1484 1485 1485 1486 1486 1487 1487 1486 1486 1485 1485 1488 1488 1489 1489 1490 1490 1491 1491 1490 1490 1492 1492 1489 1489 1492 1492 1490 1490 1492 1492 1489 1489 1493 1493 1490 1490 1494 1494 1488 1488 1495 1495 1488 1488 1494 1494 1488 1488 1495 1495 1496 1496 1497 1497 1498 1498 1499 1499 1500 1500 1499 1499 1498 1498 1499 1499 1500 1500 1501 1501 1502 1502 1503 1503 1489 1489 1504 1504 1489 1489 1503 1503 1489 1489 1504 1504 1493 1493 1505 1505 1506 1506 1507 1507 1488 1488 1507 1507 1506 1506 1507 1507 1488 1488 1508 1508 1496 1496 1508 1508 1488 1488 1509 1509 1510 1510 1506 1506 1497 1497 1511 1511 1512 1512 1512 1512 1513 1513 1497 1497 1514 1514 1497 1497 1513 1513 1497 1497 1514 1514 1498 1498 1515 1515 1498 1498 1514 1514 1498 1498 1515 1515 1516 1516 1517 1517 1509 1509 1518 1518 1506 1506 1510 1510 1519 1519 1501 1501 1520 1520 1499 1499 1521 1521 1499 1499 1520 1520 1499 1499 1521 1521 1502 1502 1522 1522 1502 1502 1521 1521 1502 1502 1522 1522 1503 1503 1523 1523 1524 1524 1516 1516 1525 1525 1516 1516 1524 1524 1516 1516 1525 1525 1498 1498 1526 1526 1527 1527 1528 1528 1519 1519 1528 1528 1527 1527 1528 1528 1519 1519 1529 1529 1510 1510 1529 1529 1519 1519 1505 1505 1530 1530 1506 1506 1531 1531 1506 1506 1530 1530 1506 1506 1531 1531 1532 1532 1516 1516 1533 1533 1534 1534 1532 1532 1535 1535 1506 1506 1536 1536 1506 1506 1535 1535 1506 1506 1536 1536 1509 1509 1537 1537 1509 1509 1536 1536 1509 1509 1537 1537 1518 1518 1534 1534 1538 1538 1516 1516 1539 1539 1516 1516 1538 1538 1516 1516 1539 1539 1523 1523 1517 1517 1518 1518 1540 1540 1541 1541 1540 1540 1518 1518 1540 1540 1541 1541 1542 1542 1542 1542 1543 1543 1540 1540 1544 1544 1540 1540 1543 1543 1540 1540 1544 1544 1545 1545 1546 1546 1547 1547 1548 1548 1549 1549 1548 1548 1547 1547 1550 1550 1551 1551 1552 1552 1553 1553 1552 1552 1551 1551 1554 1554 1555 1555 1556 1556 1557 1557 1556 1556 1555 1555 1556 1556 1557 1557 1558 1558 1559 1559 1558 1558 1557 1557 1560 1560 1561 1561 1562 1562 1563 1563 1562 1562 1561 1561 1559 1559 1562 1562 1558 1558 1563 1563 1558 1558 1562 1562 1558 1558 1563 1563 1564 1564 1565 1565 1564 1564 1563 1563 1564 1564 1565 1565 1566 1566 1567 1567 1566 1566 1565 1565 1566 1566 1567 1567 1568 1568 1569 1569 1568 1568 1567 1567 1570 1570 1571 1571 1572 1572 1573 1573 1572 1572 1571 1571 1574 1574 1575 1575 1576 1576 1577 1577 1576 1576 1575 1575 1578 1578 1579 1579 1580 1580 1581 1581 1580 1580 1579 1579 1580 1580 1581 1581 1582 1582 1583 1583 1582 1582 1581 1581 1582 1582 1583 1583 1584 1584 1585 1585 1584 1584 1583 1583 1584 1584 1585 1585 1586 1586 1587 1587 1586 1586 1585 1585 1586 1586 1587 1587 1588 1588 1589 1589 1588 1588 1587 1587 1588 1588 1589 1589 1590 1590 1591 1591 1590 1590 1589 1589 1590 1590 1591 1591 1592 1592 1593 1593 1592 1592 1591 1591 1594 1594 1595 1595 1596 1596 1597 1597 1596 1596 1595 1595 1598 1598 1599 1599 1600 1600 1601 1601 1600 1600 1599 1599 1600 1600 1601 1601 1602 1602 1603 1603 1602 1602 1601 1601 1602 1602 1603 1603 1604 1604 1605 1605 1604 1604 1603 1603 1598 1598 1606 1606 1599 1599 1607 1607 1599 1599 1606 1606 1608 1608 1609 1609 1610 1610 1611 1611 1610 1610 1609 1609 202 202 204 204 1612 1612 1613 1613 1612 1612 204 204 1612 1612 1613 1613 1614 1614 1615 1615 1614 1614 1613 1613 1614 1614 1615 1615 1616 1616 1617 1617 1616 1616 1615 1615 1618 1618 1619 1619 1620 1620 1621 1621 1620 1620 1619 1619 1622 1622 1623 1623 1624 1624 1625 1625 1624 1624 1623 1623 1626 1626 1627 1627 1628 1628 1629 1629 1628 1628 1627 1627 1628 1628 1629 1629 1630 1630 1631 1631 1632 1632 1628 1628 1633 1633 1634 1634 1635 1635 1636 1636 1637 1637 1638 1638 1639 1639 1640 1640 1641 1641 1642 1642 1641 1641 1640 1640 1641 1641 1642 1642 1643 1643 1644 1644 1645 1645 1646 1646 1631 1631 1628 1628 1647 1647 1638 1638 1648 1648 1636 1636 1649 1649 1636 1636 1648 1648 1636 1636 1649 1649 1628 1628 1650 1650 1628 1628 1649 1649 1628 1628 1650 1650 1626 1626 1643 1643 1651 1651 1641 1641 1652 1652 1641 1641 1651 1651 1641 1641 1652 1652 1646 1646 1653 1653 1646 1646 1652 1652 1646 1646 1653 1653 1644 1644 1654 1654 1655 1655 1656 1656 1657 1657 1656 1656 1655 1655 1656 1656 1657 1657 1658 1658 1632 1632 1659 1659 1628 1628 1660 1660 1628 1628 1659 1659 1628 1628 1660 1660 1633 1633 1661 1661 1633 1633 1660 1660 1633 1633 1661 1661 1634 1634 1635 1635 1662 1662 1633 1633 1663 1663 1633 1633 1662 1662 1633 1633 1663 1663 1656 1656 1664 1664 1656 1656 1663 1663 1656 1656 1664 1664 1654 1654 1665 1665 1636 1636 1666 1666 1656 1656 1666 1666 1636 1636 1666 1666 1656 1656 1667 1667 1658 1658 1667 1667 1656 1656 1665 1665 1668 1668 1636 1636 1669 1669 1636 1636 1668 1668 1636 1636 1669 1669 1670 1670 1641 1641 1671 1671 1639 1639 1647 1647 1639 1639 1671 1671 1639 1639 1647 1647 1672 1672 1628 1628 1672 1672 1647 1647 1672 1672 1628 1628 1673 1673 1630 1630 1673 1673 1628 1628 1645 1645 1674 1674 1646 1646 1675 1675 1646 1646 1674 1674 1646 1646 1675 1675 1670 1670 1676 1676 1670 1670 1675 1675 1670 1670 1676 1676 1636 1636 1677 1677 1636 1636 1676 1676 1636 1636 1677 1677 1637 1637 1678 1678 1679 1679 1680 1680 1678 1678 1680 1680 1681 1681 1682 1682 1681 1681 1680 1680 1681 1681 1682 1682 1683 1683 1684 1684 1683 1683 1682 1682 1683 1683 1684 1684 1685 1685 1686 1686 1687 1687 1688 1688 1689 1689 1688 1688 1687 1687 1690 1690 1410 1410 1691 1691 1411 1411 1691 1691 1410 1410 1692 1692 1693 1693 1694 1694 1695 1695 1694 1694 1693 1693 1694 1694 1695 1695 1696 1696 1697 1697 1696 1696 1695 1695 1696 1696 1697 1697 787 787 789 789 787 787 1697 1697 1698 1698 1699 1699 1700 1700 1701 1701 1700 1700 1699 1699 1700 1700 1701 1701 1702 1702 1703 1703 1702 1702 1701 1701 1702 1702 1703 1703 1704 1704 1705 1705 1704 1704 1703 1703 1704 1704 1705 1705 1706 1706 1707 1707 1706 1706 1705 1705 1706 1706 1707 1707 1708 1708 1709 1709 1708 1708 1707 1707 1708 1708 1709 1709 1710 1710 1711 1711 1710 1710 1709 1709 1710 1710 1711 1711 1712 1712 1713 1713 1712 1712 1711 1711 1712 1712 1713 1713 1714 1714 1715 1715 1714 1714 1713 1713 1714 1714 1715 1715 1716 1716 1717 1717 1716 1716 1715 1715 1716 1716 1717 1717 1718 1718 1719 1719 1718 1718 1717 1717 1718 1718 1719 1719 1720 1720 1721 1721 1720 1720 1719 1719 1720 1720 1721 1721 1722 1722 1723 1723 1722 1722 1721 1721 1722 1722 1723 1723 1724 1724 1725 1725 1724 1724 1723 1723 1724 1724 1725 1725 1726 1726 1727 1727 1726 1726 1725 1725 1728 1728 1729 1729 1730 1730 1731 1731 1730 1730 1729 1729 1732 1732 1733 1733 1734 1734 1735 1735 1734 1734 1733 1733 1736 1736 1737 1737 1738 1738 1739 1739 1738 1738 1737 1737 1740 1740 1741 1741 1742 1742 1743 1743 1742 1742 1744 1744 1741 1741 1744 1744 1742 1742 1744 1744 1741 1741 1745 1745 1746 1746 1745 1745 1741 1741 1742 1742 1747 1747 1740 1740 1748 1748 1740 1740 1747 1747 1740 1740 1748 1748 1749 1749 1750 1750 1751 1751 1752 1752 1746 1746 1741 1741 1753 1753 1752 1752 1753 1753 1741 1741 1753 1753 1752 1752 1754 1754 1749 1749 1755 1755 1740 1740 1756 1756 1740 1740 1755 1755 1740 1740 1756 1756 1757 1757 1756 1756 1758 1758 1757 1757 1759 1759 1757 1757 1758 1758 1757 1757 1759 1759 1760 1760 1761 1761 1760 1760 1759 1759 1760 1760 1761 1761 1762 1762 1763 1763 1764 1764 1765 1765 1752 1752 1766 1766 1767 1767 1751 1751 1768 1768 1752 1752 1769 1769 1752 1752 1768 1768 1752 1752 1769 1769 1754 1754 1770 1770 1771 1771 1766 1766 1772 1772 1766 1766 1771 1771 1766 1766 1772 1772 1767 1767 1773 1773 1774 1774 1775 1775 1767 1767 1776 1776 1752 1752 1777 1777 1752 1752 1776 1776 1752 1752 1777 1777 1750 1750 1778 1778 1750 1750 1777 1777 1779 1779 1780 1780 1781 1781 1781 1781 1763 1763 1782 1782 1765 1765 1782 1782 1763 1763 1782 1782 1765 1765 1783 1783 1760 1760 1783 1783 1765 1765 1783 1783 1760 1760 1784 1784 1762 1762 1784 1784 1760 1760 1764 1764 1785 1785 1765 1765 1786 1786 1765 1765 1785 1785 1765 1765 1786 1786 1787 1787 1778 1778 1777 1777 1774 1774 1788 1788 1774 1774 1777 1777 1774 1774 1788 1788 1775 1775 1789 1789 1790 1790 1791 1791 1782 1782 1792 1792 1781 1781 1793 1793 1781 1781 1792 1792 1781 1781 1793 1793 1794 1794 1773 1773 1775 1775 1791 1791 1795 1795 1791 1791 1775 1775 1791 1791 1795 1795 1789 1789 1794 1794 1796 1796 1781 1781 1797 1797 1781 1781 1796 1796 1781 1781 1797 1797 1779 1779 132 132 1798 1798 133 133 1799 1799 133 133 1798 1798 1800 1800 1801 1801 1802 1802 1803 1803 1802 1802 1801 1801 1804 1804 1805 1805 1806 1806 1804 1804 1806 1806 1807 1807 1808 1808 1807 1807 1806 1806 1807 1807 1808 1808 1809 1809 1810 1810 1809 1809 1808 1808 1809 1809 1810 1810 1811 1811 1812 1812 1813 1813 1814 1814 1815 1815 1814 1814 1813 1813 1816 1816 1817 1817 1818 1818 1819 1819 1818 1818 1817 1817 1820 1820 1821 1821 1822 1822 1823 1823 1822 1822 1821 1821 1824 1824 1685 1685 1825 1825 1684 1684 1825 1825 1685 1685 1826 1826 1827 1827 1828 1828 1829 1829 1828 1828 1827 1827 1830 1830 1831 1831 1832 1832 1830 1830 1832 1832 1833 1833 1834 1834 1833 1833 1832 1832 1833 1833 1834 1834 1835 1835 1836 1836 1835 1835 1834 1834 1835 1835 1836 1836 1837 1837 1804 1804 1838 1838 1805 1805 1839 1839 1805 1805 1838 1838 1840 1840 1837 1837 1841 1841 1836 1836 1841 1841 1837 1837 1842 1842 1843 1843 1844 1844 1842 1842 1844 1844 1845 1845 1846 1846 1845 1845 1844 1844 1845 1845 1846 1846 1847 1847 1553 1553 1847 1847 1846 1846 1847 1847 1553 1553 1551 1551 1848 1848 1849 1849 1850 1850 1851 1851 1850 1850 1849 1849 1852 1852 1853 1853 1854 1854 1855 1855 1854 1854 1853 1853 1856 1856 1857 1857 1858 1858 1859 1859 1858 1858 1857 1857 1856 1856 1858 1858 1860 1860 1856 1856 1860 1860 1861 1861 1862 1862 1861 1861 1860 1860 1861 1861 1862 1862 1863 1863 1864 1864 1863 1863 1862 1862 1863 1863 1864 1864 1865 1865 1866 1866 1867 1867 1868 1868 1866 1866 1868 1868 1869 1869 1870 1870 1869 1869 1868 1868 1869 1869 1870 1870 1871 1871 1872 1872 1871 1871 1870 1870 1871 1871 1872 1872 1873 1873 1874 1874 1873 1873 1875 1875 1872 1872 1875 1875 1873 1873 1876 1876 1877 1877 1878 1878 1879 1879 1878 1878 1877 1877 1880 1880 1881 1881 1882 1882 1883 1883 1882 1882 1881 1881 1884 1884 1885 1885 1886 1886 1887 1887 1886 1886 1885 1885 1888 1888 1889 1889 1890 1890 1891 1891 1890 1890 1889 1889 1892 1892 1893 1893 1894 1894 1895 1895 1894 1894 1893 1893 187 187 186 186 1896 1896 187 187 1896 1896 1897 1897 1898 1898 1897 1897 1896 1896 1897 1897 1898 1898 1899 1899 1900 1900 1899 1899 1898 1898 1899 1899 1900 1900 1901 1901 1156 1156 1901 1901 1900 1900 1901 1901 1156 1156 1155 1155 782 782 784 784 1902 1902 782 782 1902 1902 1903 1903 1904 1904 1903 1903 1902 1902 1903 1903 1904 1904 1905 1905 1906 1906 1905 1905 1904 1904 1905 1905 1906 1906 1907 1907 200 200 1907 1907 1906 1906 1907 1907 200 200 201 201 77 77 76 76 1908 1908 77 77 1908 1908 1909 1909 1910 1910 1909 1909 1908 1908 1909 1909 1910 1910 1911 1911 1912 1912 1911 1911 1910 1910 1911 1911 1912 1912 1913 1913 792 792 1913 1913 1912 1912 1913 1913 792 792 793 793 51 51 49 49 1914 1914 51 51 1914 1914 1915 1915 1916 1916 1915 1915 1914 1914 1915 1915 1916 1916 1917 1917 1918 1918 1917 1917 1916 1916 1917 1917 1918 1918 1919 1919 90 90 1919 1919 1918 1918 1919 1919 90 90 91 91 1279 1279 1281 1281 1920 1920 1279 1279 1920 1920 1921 1921 1922 1922 1921 1921 1920 1920 1921 1921 1922 1922 1923 1923 1924 1924 1923 1923 1922 1922 1923 1923 1924 1924 1925 1925 176 176 1925 1925 1924 1924 1925 1925 176 176 177 177 163 163 162 162 1926 1926 163 163 1926 1926 1927 1927 1928 1928 1927 1927 1926 1926 1927 1927 1928 1928 1929 1929 1930 1930 1929 1929 1928 1928 1929 1929 1930 1930 1931 1931 1154 1154 1931 1931 1930 1930 1931 1931 1154 1154 1153 1153 1799 1799 1798 1798 1932 1932 1799 1799 1932 1932 1933 1933 1934 1934 1933 1933 1932 1932 1933 1933 1934 1934 1935 1935 1936 1936 1935 1935 1934 1934 1935 1935 1936 1936 1937 1937 1592 1592 1937 1937 1936 1936 1937 1937 1592 1592 1593 1593 1579 1579 1578 1578 1938 1938 1579 1579 1938 1938 1939 1939 1940 1940 1939 1939 1938 1938 1939 1939 1940 1940 1941 1941 1942 1942 1941 1941 1940 1940 1941 1941 1942 1942 1943 1943 1145 1145 1943 1943 1942 1942 1943 1943 1145 1145 1146 1146 1944 1944 1945 1945 1946 1946 1947 1947 1946 1946 1945 1945 1948 1948 1949 1949 1950 1950 1951 1951 1950 1950 1949 1949 1952 1952 1953 1953 1954 1954 1955 1955 1954 1954 1953 1953 1956 1956 1957 1957 1958 1958 1959 1959 1958 1958 1957 1957 1960 1960 1961 1961 1962 1962 1963 1963 1962 1962 1961 1961 1964 1964 1965 1965 1966 1966 1967 1967 1966 1966 1965 1965 1968 1968 1969 1969 1970 1970 1971 1971 1970 1970 1969 1969 1972 1972 1973 1973 1974 1974 1975 1975 1974 1974 1973 1973</p>
        </triangles>
      </mesh>
    </geometry>
  </library_geometries>
  <library_materials>
    <material id="b7e88cd62d6f4c32af87e5713f606d5f" name="defaultmaterial">
      <instance_effect url="#26e40beeefde47879ab4335ff9670115"/>
    </material>
    <material id="1544ba5397e54592be72cb79567393c5" name="defaultmaterial">
      <instance_effect url="#5e530caac4d04dffa4b34c853b180eb9"/>
    </material>
    <material id="684e24a417c64657a862c03850ef5473" name="defaultmaterial">
      <instance_effect url="#e7150fa9a06946db81f689662b0ceaf5"/>
    </material>
  </library_materials>
  <library_visual_scenes>
    <visual_scene id="scene">
      <node id="node0" name="node0">
        <instance_geometry url="#6371b621810449c598927ac02f65df82">
          <bind_material>
            <technique_common>
              <instance_material symbol="material0" target="#b7e88cd62d6f4c32af87e5713f606d5f"/>
            </technique_common>
          </bind_material>
        </instance_geometry>
      </node>
      <node id="node1" name="node1">
        <instance_geometry url="#8c5a17726914424eaba1864c83c2c7b4">
          <bind_material>
            <technique_common>
              <instance_material symbol="material1" target="#1544ba5397e54592be72cb79567393c5"/>
            </technique_common>
          </bind_material>
        </instance_geometry>
      </node>
      <node id="node2" name="node2">
        <instance_geometry url="#687e7e3f5c4b4540b6a194756c5b69e2">
          <bind_material>
            <technique_common>
              <instance_material symbol="material2" target="#684e24a417c64657a862c03850ef5473"/>
            </technique_common>
          </bind_material>
        </instance_geometry>
      </node>
    </visual_scene>
  </library_visual_scenes>
  <scene>
    <instance_visual_scene url="#scene"/>
  </scene>
</COLLADA>
