<COLLADA xmlns="http://www.collada.org/2005/11/COLLADASchema" version="1.4.1">
  <asset>
    <created>2026-09-21T21:22:54.073829</created>
    <modified>2026-09-21T21:22:54.073829</modified>
    <up_axis>Y_UP</up_axis>
  </asset>
  <library_effects>
    <effect id="c8316c699cc0431fa498f19f6d57e6dc" name="c8316c699cc0431fa498f19f6d57e6dc">
      <profile_COMMON>
        <technique sid="common">
          <phong>
            <emission>
              <color>0.0 0.0 0.0 1.0</color>
            </emission>
            <ambient>
              <color>0.0 0.0 0.0 1.0</color>
            </ambient>
            <diffuse>
              <color>0.49411764705882355 0.49411764705882355 0.49411764705882355 1.0</color>
            </diffuse>
            <specular>
              <color>0.0 0.0 0.0 1.0</color>
            </specular>
            <shininess>
              <float>0.0</float>
            </shininess>
            <reflective>
              <color>0.0 0.0 0.0 1.0</color>
            </reflective>
            <reflectivity>
              <float>0.0</float>
            </reflectivity>
            <transparent>
              <color>0.0 0.0 0.0 1.0</color>
            </transparent>
            <transparency>
              <float>1.0</float>
            </transparency>
          </phong>
        </technique>
        <extra>
          <technique profile="GOOGLEEARTH">
            <double_sided>0</double_sided>
          </technique>
        </extra>
      </profile_COMMON>
    </effect>
    <effect id="b8cf448a099d4bd9b1b83bf9abd9488c" name="b8cf448a099d4bd9b1b83bf9abd9488c">
      <profile_COMMON>
        <technique sid="common">
          <phong>
            <emission>
              <color>0.0 0.0 0.0 1.0</color>
            </emission>
            <ambient>
              <color>0.0 0.0 0.0 1.0</color>
            </ambient>
            <diffuse>
              <color>0.7686274509803922 0.8862745098039215 0.9529411764705882 1.0</color>
            </diffuse>
            <specular>
              <color>0.0 0.0 0.0 1.0</color>
            </specular>
            <shininess>
              <float>0.0</float>
            </shininess>
            <reflective>
              <color>0.0 0.0 0.0 1.0</color>
            </reflective>
            <reflectivity>
              <float>0.0</float>
            </reflectivity>
            <transparent>
              <color>0.0 0.0 0.0 1.0</color>
            </transparent>
            <transparency>
              <float>1.0</float>
            </transparency>
          </phong>
        </technique>
        <extra>
          <technique profile="GOOGLEEARTH">
            <double_sided>0</double_sided>
          </technique>
        </extra>
      </profile_COMMON>
    </effect>
    <effect id="203cf92cc6f449e2ab89476b0ac47a6b" name="203cf92cc6f449e2ab89476b0ac47a6b">
      <profile_COMMON>
        <technique sid="common">
          <phong>
            <emission>
              <color>0.0 0.0 0.0 1.0</color>
            </emission>
            <ambient>
              <color>0.0 0.0 0.0 1.0</color>
            </ambient>
            <diffuse>
              <color>0.9725490196078431 0.5294117647058824 0.00392156862745098 1.0</color>
            </diffuse>
            <specular>
              <color>0.0 0.0 0.0 1.0</color>
            </specular>
            <shininess>
              <float>0.0</float>
            </shininess>
            <reflective>
              <color>0.0 0.0 0.0 1.0</color>
            </reflective>
            <reflectivity>
              <float>0.0</float>
            </reflectivity>
            <transparent>
              <color>0.0 0.0 0.0 1.0</color>
            </transparent>
            <transparency>
              <float>1.0</float>
            </transparency>
          </phong>
        </technique>
        <extra>
          <technique profile="GOOGLEEARTH">
            <double_sided>0</double_sided>
          </technique>
        </extra>
      </profile_COMMON>
    </effect>
  </library_effects>
  <library_geometries>
    <geometry id="b2f9c95a0b674cba879489e0e8c7db68" name="f5863555f34040829a6d7421ae5ef395">
      <mesh>
        <source id="verts-array">
          <float_array count="17418" id="verts-array-array">0.02173821 0.0616723 -0.0002610937 0.02119431 0.06052732 -0.0006085932 0.02477323 0.05892468 -3.792047e-05 0.02854423 0.06867549 0.00369647 0.02641013 0.0696463 0.003326735 0.02809083 0.0674378 0.003063884 0.02618398 0.06925018 0.003099964 0.02766491 0.06632322 0.00260494 0.02932839 0.07081629 0.004790762 0.0275168 0.07172654 0.00455327 0.02926568 0.07064492 0.004703116 0.02739384 0.07148213 0.004405929 0.0269208 0.07054077 0.003838757 0.03053235 0.07429757 0.007017177 0.02887309 0.07505016 0.006740215 0.028831 0.07493451 0.006660705 0.03043949 0.07401255 0.006798663 0.02832752 0.07354916 0.005709193 0.02989007 0.07243187 0.005805689 0.02818464 0.07321858 0.005497251 0.02768172 0.07205494 0.004751101 0.03141133 0.07705363 0.009244271 0.02959588 0.0777488 0.008820063 0.03121927 0.0764078 0.008635261 0.02931549 0.07656284 0.007866559 0.03101676 0.07578568 0.008158275 0.0292769 0.07639939 0.007735169 0.02887747 0.07506241 0.006748548 0.03174078 0.07816108 0.01028873 0.02967399 0.07820514 0.009228627 0.02961799 0.07787795 0.008935692 0.03197409 0.07904727 0.01131427 0.02991288 0.07997888 0.0109383 0.03178058 0.07829502 0.01041497 0.02981106 0.07903054 0.009974988 0.02980427 0.07896735 0.009910822 0.03226026 0.08034437 0.01316225 0.02994213 0.08122578 0.01249387 0.03215276 0.07978228 0.01225767 0.02994693 0.0807885 0.01189461 0.03212284 0.07962588 0.01200597 0.02994694 0.08078185 0.0118855 0.02991372 0.07999865 0.01096162 0.03189728 0.08084717 0.01685098 0.02940546 0.08205433 0.0163505 0.03204307 0.08103604 0.01646693 0.02951816 0.08220071 0.0159606 0.03206845 0.08105763 0.01636842 0.02954965 0.08224151 0.01585183 0.03218708 0.08115858 0.01590803 0.02963913 0.08229355 0.01545843 0.03219332 0.08115815 0.0158675 0.02967192 0.08231255 0.01531438 0.032278 0.08115212 0.01531939 0.02974012 0.08227732 0.01491575 0.03228217 0.08115183 0.01529217 0.02977193 0.08226089 0.01472971 0.03231703 0.08102862 0.01472744 0.02982004 0.0821452 0.01433015 0.03232705 0.08099336 0.01456614 0.02985136 0.08206977 0.01406936 0.0323114 0.08074833 0.01397586 0.02988854 0.08184608 0.01358408 0.03229836 0.08054397 0.01348357 0.02991184 0.0817062 0.01328051 0.02993108 0.08140131 0.01278133 0.03015628 0.0778141 0.01925104 0.02835752 0.07960141 0.01853882 0.03064336 0.07874188 0.01880222 0.0284105 0.07974311 0.01845114 0.03071756 0.07888317 0.01873386 0.0287064 0.08053292 0.01796213 0.03104529 0.07946201 0.01830356 0.02871489 0.08055571 0.01794796 0.03138512 0.08006198 0.01785759 0.02895786 0.08114493 0.0174663 0.03140252 0.08009269 0.01783485 0.02901198 0.08127596 0.01735912 0.03169375 0.08055162 0.01729704 0.02920185 0.08168169 0.01691171 0.03180786 0.08073149 0.01708641 0.02923349 0.08174931 0.01683716 0.02936932 0.08199041 0.01645259 0.02960324 0.0767417 0.01970786 0.0276354 0.07762752 0.01941084 0.02977294 0.07708387 0.01960432 0.02802373 0.07868077 0.01899436 0.02805632 0.07877067 0.01894987 0.02898323 0.07549182 0.02008608 0.02714962 0.07634767 0.01981381 0.02758475 0.07749032 0.01946505 0.02830272 0.07408809 0.02041183 0.02755618 0.07251306 0.02067054 0.02588038 0.07326735 0.02042687 0.02650226 0.07471974 0.0201976 0.02656302 0.07487167 0.02016314 0.02864193 0.07480366 0.02029432 0.02708031 0.07616566 0.01986938 0.02714106 0.07632532 0.01982066 0.02673632 0.07073971 0.02083183 0.02584272 0.06878165 0.02093715 0.02410065 0.06963728 0.02066909 0.02501977 0.07142141 0.0206099 0.02505428 0.07149493 0.02060294 0.02727319 0.07191616 0.02076856 0.02553509 0.07252017 0.02050572 0.02582594 0.07314005 0.02044696 0.02491234 0.06668537 0.02088504 0.02309929 0.06787259 0.02062317 0.02569368 0.06845504 0.02095471 0.02369988 0.06893101 0.0206507 0.02406684 0.06957773 0.02066755 0.02294068 0.06213588 0.02047306 0.02054314 0.06389022 0.02016101 0.02393864 0.06446567 0.02075763 0.02160289 0.06551085 0.02038922 0.02414575 0.06494926 0.02081668 0.02203138 0.06616609 0.02048148 0.02291528 0.06757851 0.02059875 0.02192053 0.05971238 0.02006496 0.01876367 0.06111871 0.01959681 0.02248652 0.06107556 0.02034354 0.01907618 0.06162354 0.01971415 0.02020047 0.06336078 0.02005663 0.02088824 0.05722621 0.01955686 0.01750088 0.05892899 0.01905639 0.01839551 0.06052423 0.01945861 0.02019354 0.0555234 0.01913127 0.01661462 0.05712604 0.01856059 0.02075919 0.05691529 0.01949332 0.01737892 0.05868098 0.01898818 0.01742523 0.05877509 0.01901406 0.02510763 0.06747928 0.002169478 0.02485761 0.06706784 0.001953274 0.02674172 0.06390753 0.001610303 0.02374385 0.06525757 0.001114015 0.02648593 0.06323815 0.001334645 0.02355419 0.06494923 0.0009710065 0.02256611 0.06325792 0.000288363 0.02576751 0.06142882 0.0007589175 0.02240437 0.06294816 0.0001809895 0.02194642 0.06207099 -0.0001229766 0.01584186 0.05675118 0.02246825 0.01661462 0.05712604 0.01856059 0.01527987 0.05549388 0.02212547 0.01595392 0.05558969 0.01813014 0.01503798 0.05490943 0.02196398 0.01590856 0.05688624 0.02250347 0.01645417 0.05798999 0.02279144 0.01737892 0.05868098 0.01898818 0.01646407 0.05800797 0.02279591 0.01742523 0.05877509 0.01901406 0.01659963 0.05825497 0.02285727 0.01750088 0.05892899 0.01905639 0.01727605 0.05948769 0.02316353 0.01839551 0.06052423 0.01945861 0.01735512 0.05961712 0.02319398 0.01876367 0.06111871 0.01959681 0.01816985 0.06095042 0.02350777 0.01907618 0.06162354 0.01971415 0.01667151 0.05644895 0.02363013 0.0172407 0.0576639 0.02394973 0.01707086 0.05774347 0.02389973 0.01588059 0.05684922 0.02269395 0.01525534 0.05545155 0.02231492 0.01526379 0.05538974 0.02252395 0.01781671 0.05910014 0.02422815 0.01800134 0.05898419 0.0242621 0.01877146 0.06032075 0.02457833 0.0152542 0.05545952 0.02228801 0.01594801 0.05490478 0.02322391 0.01659042 0.05627587 0.0235846 0.01580102 0.05497742 0.02318694 0.01639389 0.0563781 0.02355108 0.01532863 0.05530081 0.02274418 0.0153868 0.05524964 0.02283976 0.01600713 0.05664968 0.02322001 0.01544494 0.05519825 0.02293542 0.01611259 0.05656287 0.02335841 0.01549224 0.05516589 0.02297975 0.01624324 0.05647122 0.02347016 0.01560563 0.05508823 0.02308604 0.01577894 0.05498993 0.02317554 0.01815103 0.06092019 0.02369459 0.01733031 0.05958655 0.02338311 0.01734017 0.05953654 0.02356835 0.01816528 0.06086962 0.02387709 0.01814974 0.06091801 0.02370823 0.01738129 0.05947063 0.02374372 0.01820672 0.06080407 0.02404888 0.01817121 0.06085158 0.02394047 0.0176752 0.05920201 0.02414837 0.01841957 0.06058785 0.0243987 0.01755245 0.0593001 0.02403839 0.01837123 0.06063257 0.02433894 0.01745295 0.05939088 0.02390219 0.01828134 0.06071555 0.02422776 0.01824023 0.06075939 0.02415114 0.01862284 0.06042776 0.02452806 0.01858483 0.06045511 0.02451517 0.01848846 0.06053253 0.02444725 0.01692453 0.05784111 0.02381941 0.01679773 0.05793614 0.02370857 0.01669516 0.058025 0.02357122 0.01657044 0.05822247 0.02304827 0.01588928 0.05679539 0.02288131 0.01530959 0.05532693 0.02267962 0.0165797 0.05817072 0.02323474 0.01593171 0.05672818 0.02305912 0.0166215 0.05810414 0.02341145 0.005100412 0.01641642 0.007711842 0.004541389 0.01638829 0.007962941 -0.003503548 0.01414722 0.02148633 -0.004372132 0.01350214 0.02512196 -0.004636172 0.01348505 0.02526107 -0.004270478 0.01338121 0.02575653 -0.004412742 0.01334967 0.02595201 -0.003976356 0.0132324 0.02650736 -0.004024199 0.01322287 0.02656728 -0.003778449 0.01316585 0.02683132 -0.004606993 0.01370935 0.0240454 -0.004680807 0.01362081 0.02453633 0.00161527 0.01676795 0.00643379 0.001516619 0.01688141 0.005839008 0.001577963 0.01699067 0.00523847 0.008410617 0.01971259 -0.01066461 0.01447787 0.02092215 -0.01826962 0.007837149 0.01977044 -0.01087493 0.007087971 0.021608 -0.02065859 0.003936294 0.01638957 0.00806354 0.003326147 0.01642017 0.008006752 0.00275277 0.01647801 0.007796478 0.005588158 0.01971857 -0.01019551 0.006062883 0.01977419 -0.01058002 0.006125006 0.02167983 -0.02087549 0.006621893 0.01980231 -0.01083106 0.007227094 0.01980103 -0.01093167 0.002255091 0.01655914 0.007447039 0.001867101 0.01665803 0.006982246 0.00890819 0.01963146 -0.01031516 0.009296194 0.01953257 -0.009850421 0.009548123 0.01942265 -0.009301943 0.006760921 0.01897114 -0.006370167 0.006187527 0.01902896 -0.006580364 0.002628108 0.01722322 0.003796902 0.009010009 0.019023 -0.007049564 0.008535187 0.01896738 -0.006665077 0.004712558 0.01366948 0.02260543 0.007976154 0.01893925 -0.006413939 0.007371051 0.01894052 -0.006313302 0.003792326 0.01725007 0.003445217 0.004402374 0.01721947 0.003501993 -0.002892453 0.01406611 0.02181554 -0.002849083 0.01409832 0.02163401 0.005933453 0.01655135 0.006835666 0.005575234 0.01647203 0.007327355 0.005050045 0.01931892 -0.007943129 0.004951375 0.01943236 -0.008537834 0.005012738 0.01954164 -0.009138449 0.005229935 0.01963924 -0.0097038 0.009646769 0.01930919 -0.008707142 0.009585332 0.01919994 -0.008106644 0.00936821 0.0191023 -0.007541176 0.005301876 0.019209 -0.007394673 0.005689857 0.0191101 -0.006929842 0.001795167 0.01708828 0.004673091 0.002153384 0.0171676 0.004181411 0.00497585 0.01716163 0.003712278 0.005473429 0.0170805 0.004061705 0.005861419 0.01698161 0.004526498 0.003187132 0.01725135 0.003545803 0.006113348 0.01687168 0.005074976 0.006212001 0.01675823 0.005669748 0.006150558 0.01664897 0.006270275 0.006208758 0.02170011 -0.02082997 0.006125006 0.02167983 -0.02087549 0.007087971 0.021608 -0.02065859 0.006996608 0.02177125 -0.0205226 0.006580124 0.0218498 -0.02056904 0.006460513 0.02180161 -0.02065301 0.008058272 0.02310734 -0.02377154 0.008051893 0.02309319 -0.02378622 0.007074512 0.02234412 -0.019891 0.007204741 0.02263984 -0.01953479 0.008153074 0.02334421 -0.02350466 0.008139104 0.0232892 -0.02358213 0.008044188 0.02307583 -0.02380428 0.008019918 0.02304378 -0.02384081 0.007040787 0.02226751 -0.01998329 0.007907361 0.02289487 -0.02401035 0.006826916 0.02202775 -0.02032336 0.00743304 0.02251523 -0.02471656 0.006460513 0.02180161 -0.02065301 0.006588717 0.02185634 -0.02060495 0.006580124 0.0218498 -0.02056904 0.007808556 0.0227642 -0.02415918 0.007756574 0.02272459 -0.02423027 0.006806026 0.02200439 -0.02035649 0.007577153 0.02258792 -0.02447569 0.007559163 0.02257421 -0.02450026 0.007546508 0.02256461 -0.02451751 0.00774795 0.02271803 -0.02424205 0.007420361 0.02250972 -0.02473872 0.006125006 0.02167983 -0.02087549 0.006208758 0.02170011 -0.02082997 0.007386594 0.02249503 -0.02479802 0.007302303 0.02248084 -0.02504092 0.007281567 0.02247734 -0.02510096 0.007263376 0.02248777 -0.02526924 0.007249271 0.02249588 -0.02539992 0.007292348 0.02254686 -0.02576161 0.01275002 0.02321439 -0.03033359 0.01301126 0.02324897 -0.03056656 0.01159279 0.02335496 -0.03088664 0.007292348 0.02254686 -0.02576161 0.007411369 0.02255827 -0.02584435 0.007987156 0.02306287 -0.02866987 0.007747902 0.02259054 -0.02607832 0.007873679 0.02259576 -0.02612883 0.008260512 0.02261179 -0.02628408 0.00838631 0.0226113 -0.02630377 0.008264466 0.02318747 -0.02939156 0.008805266 0.02260968 -0.02636944 0.008925133 0.02260415 -0.02636088 0.009327781 0.02335975 -0.03051014 0.008721735 0.02328874 -0.0300193 0.0117136 0.02289893 -0.02844689 0.01194893 0.02302406 -0.02916411 0.01210453 0.02307305 -0.02945618 0.0100414 0.02339565 -0.03083064 0.01225897 0.02312167 -0.02974599 0.01081401 0.02339401 -0.03095904 0.01239315 0.02314919 -0.02991834 0.01263942 0.02319976 -0.03023501 0.0111135 0.02245322 -0.02593506 0.009444526 0.02257797 -0.02631176 0.009354824 0.02258434 -0.02633028 0.01231801 0.02306336 -0.02934503 0.01254652 0.02308392 -0.02922075 0.01276317 0.02314484 -0.02964782 0.01194893 0.02302406 -0.02916411 0.0117136 0.02289893 -0.02844689 0.01184762 0.02289355 -0.02841582 0.01210453 0.02307305 -0.02945618 0.01225897 0.02312167 -0.02974599 0.01239315 0.02314919 -0.02991834 0.01304336 0.02319698 -0.0300309 0.01329796 0.02324603 -0.03047063 0.01391386 0.02330545 -0.03015623 0.01387892 0.02329405 -0.03018695 0.01359745 0.02328651 -0.03000294 0.01387628 0.02329321 -0.03018919 0.01351162 0.02324385 -0.03039921 0.01422008 0.02340553 -0.0298868 0.01419819 0.0233984 -0.02990602 0.0140162 0.02340179 -0.02985271 0.01369681 0.02334242 -0.02983532 0.01333878 0.02327119 -0.02971168 0.01417862 0.02355171 -0.0295754 0.01424663 0.02354853 -0.02959039 0.01426215 0.02343341 -0.0298285 0.01427401 0.02354915 -0.0295899 0.01428977 0.02354948 -0.02958951 0.01431365 0.02355001 -0.02958903 0.01438604 0.02355664 -0.02957056 0.01448183 0.02357881 -0.02952444 0.01395915 0.023606 -0.02938011 0.01404086 0.02357546 -0.0294863 0.01387894 0.02350918 -0.02951953 0.01404257 0.02357509 -0.02948763 0.01406625 0.02347974 -0.0296893 0.01411113 0.02355988 -0.02954281 0.01411225 0.02355962 -0.02954374 0.01372727 0.02355439 -0.02926375 0.01385249 0.02366501 -0.02917122 0.01393269 0.0236159 -0.02934565 0.01361072 0.02360979 -0.0289503 0.0137784 0.02371038 -0.02901007 0.01383672 0.02367468 -0.02913686 0.01363802 0.0238746 -0.02842008 0.01365907 0.02385004 -0.02850831 0.01352921 0.02367264 -0.02860242 0.01370955 0.02379097 -0.02872061 0.01373792 0.0237577 -0.02884003 0.01360007 0.02399245 -0.02800154 0.01361429 0.02394816 -0.02815896 0.01348221 0.02374163 -0.02823874 0.01361615 0.0239426 -0.0281786 0.01345437 0.0238228 -0.02786707 0.01358462 0.02405542 -0.02779468 0.01358349 0.02404389 -0.02781901 0.01329437 0.02357833 -0.02794868 0.01335262 0.02364122 -0.0279236 0.01343644 0.02379077 -0.02787704 0.01283331 0.02318301 -0.02812897 0.01284109 0.02318815 -0.0281262 0.01289459 0.023201 -0.0285508 0.01277209 0.02313771 -0.02909252 0.01257656 0.02304505 -0.02821479 0.01268178 0.02308292 -0.02818293 0.01199927 0.02291113 -0.02837647 0.01201768 0.02291326 -0.0283717 0.01230169 0.02294614 -0.02829801 0.01244391 0.02299732 -0.02825495 0.01348602 0.02324411 -0.03040778 0.01338919 0.02323623 -0.0303452 0.01319296 0.02322194 -0.02987117 0.01295266 0.02318298 -0.0295024 0.01298858 0.02322605 -0.02896315 0.01313616 0.02325022 -0.0293568 0.01317343 0.02344787 -0.02800072 0.01331579 0.02353458 -0.02833642 0.01337114 0.02349874 -0.02871517 0.01307707 0.02334401 -0.02804217 0.01311869 0.0233519 -0.02844127 0.01318987 0.02334811 -0.02883633 0.01330915 0.02334616 -0.02921435 0.01346813 0.02346726 -0.02907799 0.01347782 0.02334464 -0.02955556 0.01360801 0.02343988 -0.02940542 0.01379108 0.02341723 -0.02967349 0.01765468 0.0472446 -0.009027766 0.01868993 0.04716724 -0.008794161 0.01803451 0.04545423 -0.009302897 0.01696179 0.04553337 -0.00958395 0.01784716 0.04496462 -0.009448303 0.01646639 0.0443097 -0.009981609 0.0175691 0.04422159 -0.009707502 0.01739439 0.04375485 -0.009870351 0.01626899 0.04382213 -0.01014011 0.01712398 0.04303215 -0.01012255 0.01607478 0.04334234 -0.01029606 0.0156077 0.04214158 -0.01080704 0.01677334 0.04207405 -0.01050799 0.0149586 0.04047263 -0.01151731 0.01633282 0.04087005 -0.01099245 0.01616933 0.04041123 -0.01120337 0.01480912 0.04008842 -0.01168088 0.01602075 0.03999424 -0.01139497 0.01459318 0.03953335 -0.01191713 0.01560802 0.03883604 -0.01192726 0.01433112 0.0388291 -0.01229177 0.0155851 0.03876987 -0.01196148 0.01373089 0.03721616 -0.01314997 0.01502632 0.03715889 -0.01279639 0.01490181 0.03679963 -0.01298263 0.01328368 0.03601464 -0.01378937 0.01460441 0.03591749 -0.01349368 0.01448929 0.03557586 -0.01369156 0.01321672 0.03583455 -0.01388521 0.01424936 0.03486402 -0.01410389 0.01313906 0.03561515 -0.01402731 0.01397467 0.03402249 -0.01464477 0.01259308 0.03407217 -0.01502717 0.01362528 0.03295227 -0.01533255 0.01204795 0.03253142 -0.01602549 0.01348268 0.03250019 -0.01565383 0.01196526 0.03229782 -0.01617684 0.01333579 0.03203399 -0.01598491 0.01191196 0.03213791 -0.0163011 0.01155237 0.03105983 -0.01713847 0.01303363 0.03107545 -0.016666 0.01301395 0.03101053 -0.01671686 0.01106618 0.02960197 -0.01827077 0.01257586 0.02956653 -0.01784867 0.01247026 0.02921847 -0.01812137 0.01085618 0.02897233 -0.01875985 0.01222728 0.02838303 -0.01884265 0.01071038 0.02850314 -0.01919198 0.01216321 0.02816249 -0.01903303 0.01061563 0.02819803 -0.01947304 0.01195141 0.02743437 -0.01966157 0.01019202 0.02683459 -0.02072888 0.01177502 0.02679807 -0.02026535 0.009893839 0.02587487 -0.02161289 0.01077208 0.02297313 -0.02424981 0.009103082 0.02309793 -0.02462641 0.01105187 0.02410193 -0.02297502 0.009429396 0.02424405 -0.0233826 0.01107745 0.0241993 -0.02287349 0.009683508 0.02513617 -0.02241448 0.01128778 0.02500149 -0.02203768 0.009788127 0.02550357 -0.02201578 0.01141196 0.02547494 -0.02154433 0.01147819 0.02572729 -0.02128143 0.01144802 0.03398593 -0.01428261 0.01140183 0.03385378 -0.01436404 0.01005432 0.03192775 -0.01132187 0.00830579 0.02392992 -0.02281681 0.008164573 0.02341503 -0.02337729 0.008163863 0.02341168 -0.02338254 0.01258855 0.03721029 -0.01237996 0.01212704 0.03592837 -0.01308597 0.01154074 0.03618607 -0.008685084 0.009061232 0.02658177 -0.02010729 0.009038282 0.02650601 -0.02017598 0.007636166 0.02419889 -0.01786208 0.008672032 0.02523683 -0.02144344 0.008513681 0.02468805 -0.0219916 0.0120061 0.03558224 -0.01329919 0.01603776 0.04627228 -0.008561815 0.01582017 0.04572122 -0.008744756 0.01568103 0.04698307 -0.004328987 0.01416958 0.04317905 -0.00553282 0.0138168 0.0405444 -0.01071942 0.01367943 0.04018172 -0.01087668 0.01275726 0.03949632 -0.007017808 0.01319257 0.0388653 -0.01152049 0.01288081 0.0380223 -0.01193266 0.01010078 0.02994433 -0.01718385 0.009937158 0.02942553 -0.01761444 0.008748144 0.02791769 -0.01439186 0.009585024 0.02830927 -0.01854079 0.009486291 0.02798363 -0.01883604 0.02053361 0.05899097 -0.001039044 0.02144954 0.05967123 -0.004872881 0.01652253 0.04747895 -0.008213323 0.01513152 0.04397715 -0.009323802 0.01446353 0.04224882 -0.009988709 0.01439865 0.04208099 -0.01005329 0.01092105 0.03243192 -0.01534165 0.01069432 0.0317616 -0.0158024 0.01041611 0.03090972 -0.01644998 0.01102131 0.02243094 -0.02553389 0.01100897 0.02242797 -0.02548019 0.01130668 0.02242945 -0.0254088 0.01091478 0.02251047 -0.02503545 0.01091365 0.02251146 -0.02503012 0.01118678 0.02251281 -0.02496463 0.0127024 0.02329618 -0.02495318 0.0128482 0.02333792 -0.02536364 0.01258061 0.02299518 -0.02548839 0.01273074 0.02331468 -0.02497516 0.01281854 0.02341686 -0.0250817 0.01298452 0.02360985 -0.02528283 0.01223888 0.02303051 -0.02462413 0.01235826 0.02307108 -0.02468513 0.012436 0.02295512 -0.02504572 0.01261451 0.02323871 -0.02488473 0.01267667 0.02327931 -0.0249331 0.01219772 0.02301651 -0.02460306 0.0122227 0.022995 -0.02463158 0.01207449 0.0229746 -0.02453998 0.01191985 0.02275419 -0.02474666 0.01195822 0.02293507 -0.02448056 0.01175431 0.02291138 -0.02441516 0.01156863 0.02259066 -0.02485959 0.01165038 0.02289929 -0.02438173 0.01171504 0.02290681 -0.02440251 0.01131295 0.02289755 -0.02430542 0.01142235 0.02289022 -0.02432347 0.01139292 0.02276692 -0.02446391 0.0115173 0.02288386 -0.02433916 0.01108907 0.02291256 -0.0242685 0.01106634 0.02270034 -0.02455375 0.01104119 0.02291579 -0.02426069 0.01083282 0.02269918 -0.02460974 0.01082693 0.02272567 -0.02457484 0.01097369 0.02293016 -0.02425789 0.01210591 0.02269259 -0.02517117 0.01172299 0.02251432 -0.02529428 0.0122413 0.02272527 -0.02561734 0.0118475 0.022542 -0.02574394 0.01141959 0.02245474 -0.02586166 0.02148807 0.04653448 -0.01325359 0.02070485 0.04416081 -0.01497763 0.02057869 0.04411987 -0.01485342 0.02238376 0.04981616 -0.01021591 0.02267118 0.05084664 -0.009134104 0.0227965 0.05091669 -0.009228518 0.01854894 0.03874733 -0.01766831 0.01865626 0.03904465 -0.01750613 0.01872965 0.03910586 -0.01767263 0.01926823 0.04074022 -0.01658195 0.01955146 0.04154477 -0.01609891 0.01962904 0.04161643 -0.01626548 0.01998781 0.04278422 -0.01535469 0.02039779 0.04398302 -0.0145594 0.02047616 0.04406127 -0.01471501 0.02062955 0.04466046 -0.01410995 0.02118879 0.04635219 -0.01286633 0.02125841 0.04641759 -0.01300701 0.02252237 0.05061166 -0.009121831 0.02257006 0.05073494 -0.009029512 0.02227944 0.0497342 -0.01010325 0.02317893 0.05207305 -0.007959892 0.02324159 0.05215853 -0.007877691 0.02318966 0.05195151 -0.008151566 0.02331689 0.05226145 -0.007778735 0.02345481 0.05244979 -0.007597809 0.02334464 0.05198595 -0.008210676 0.02354062 0.05256712 -0.007485124 0.02366001 0.05266726 -0.007367468 0.02350801 0.05199868 -0.008254003 0.02399323 0.05288548 -0.007076049 0.0240427 0.05289661 -0.007046082 0.02384 0.05195598 -0.008286806 0.02361427 0.05102957 -0.009362427 0.02359457 0.05094903 -0.009455293 0.02342948 0.05098838 -0.009449981 0.02356726 0.05083742 -0.009583972 0.0233118 0.0498863 -0.0105561 0.02314711 0.04993177 -0.01055368 0.02324204 0.04962626 -0.01082184 0.02299864 0.04878025 -0.01159622 0.02283397 0.04883075 -0.01159676 0.02183135 0.04499171 -0.0146317 0.02152557 0.04406777 -0.01525337 0.02135778 0.04412894 -0.01525934 0.02094041 0.04232672 -0.01637338 0.02068429 0.04157839 -0.01682808 0.02051359 0.04164157 -0.01683282 0.01673802 0.03389771 -0.0199306 0.01767305 0.03637491 -0.0188373 0.01676371 0.03391943 -0.02000627 0.01778716 0.0365459 -0.0189484 0.01679709 0.03393345 -0.0200703 0.01788669 0.03658206 -0.01910465 0.01687637 0.03396668 -0.02022252 0.01681226 0.03393978 -0.02009946 0.01801193 0.03660087 -0.01924438 0.01691949 0.03397181 -0.02027433 0.01690776 0.03397038 -0.02026017 0.01719792 0.03397675 -0.02054048 0.01708416 0.03398224 -0.02044994 0.01815888 0.03660108 -0.01936167 0.01702949 0.03398491 -0.02040629 0.01702923 0.03398497 -0.02040603 0.01832253 0.0365828 -0.019453 0.01734289 0.03395177 -0.02061316 0.01728303 0.03396202 -0.02058317 0.01751617 0.03391199 -0.02067637 0.01750063 0.03391637 -0.02067252 0.01849663 0.03654745 -0.01951606 0.0174225 0.03393801 -0.02065302 0.0177266 0.03384608 -0.02071061 0.01769432 0.03385816 -0.02071024 0.01867512 0.03649624 -0.01954876 0.01764919 0.03387519 -0.02070955 0.02051763 0.04109166 -0.01712391 0.01979052 0.03902854 -0.01825766 0.01961621 0.03909215 -0.01825808 0.01974779 0.03890737 -0.01832432 0.01947074 0.03814136 -0.01870401 0.01889401 0.03654675 -0.01949449 0.01885064 0.0364297 -0.01954649 0.01798433 0.03409044 -0.02058753 0.01787232 0.03379139 -0.02071263 0.02121069 0.04311631 -0.01589347 0.02201247 0.04556087 -0.01420772 0.02213588 0.04653236 -0.01352144 0.02230468 0.04647948 -0.01352357 0.02293766 0.04856819 -0.0117902 0.02284911 0.04826062 -0.01207178 0.02237777 0.0467092 -0.01335235 0.02383036 0.05191117 -0.008345889 0.02379661 0.05278191 -0.007232901 0.02367523 0.05198939 -0.008280281 0.02383145 0.05281115 -0.007198626 0.02385822 0.0528234 -0.007178371 0.02392171 0.0528526 -0.007130271 0.02309562 0.0519101 -0.008096976 0.02279823 0.05132505 -0.008588068 0.0228036 0.05133902 -0.00857763 0.02289219 0.05151219 -0.008431838 0.02299546 0.05171428 -0.00826186 0.02302122 0.05176441 -0.008219579 0.02309553 0.05190982 -0.008097149 0.02261289 0.05084569 -0.008946729 0.0227019 0.05107608 -0.008774302 0.02278955 0.0513026 -0.008604871 0.02234026 0.05012827 -0.009482938 0.02236926 0.05021582 -0.009418012 0.02243052 0.0503742 -0.009299528 0.0218809 0.04856627 -0.01098861 0.02210549 0.04931119 -0.01030511 0.02219839 0.04963461 -0.009979716 0.01771656 0.03649277 -0.01877928 0.01943894 0.03913916 -0.0182249 0.02033752 0.04168378 -0.01679926 0.01926574 0.03916922 -0.01816255 0.020851 0.04418224 -0.01508299 0.02163347 0.04656436 -0.01335283 0.02233696 0.04883807 -0.01143928 0.02169185 0.04793949 -0.01156368 0.02196245 0.04866274 -0.01112176 0.02257559 0.05074935 -0.009018747 0.02136182 0.04648485 -0.01313689 0.02206652 0.0487396 -0.01124091 0.02219253 0.04879874 -0.01134795 0.02250958 0.04988063 -0.01031713 0.02265328 0.04992509 -0.01040356 0.02293942 0.05096663 -0.00930925 0.02309586 0.05099544 -0.009373916 0.01883033 0.03914909 -0.01782391 0.01973071 0.0416671 -0.01641092 0.01895591 0.03917471 -0.01795922 0.01985674 0.04170013 -0.01654126 0.01910274 0.03918147 -0.01807339 0.0200032 0.0417139 -0.01665146 0.0201654 0.04170813 -0.0167381 0.02101229 0.04418363 -0.01516639 0.02118306 0.04416572 -0.0152258 0.0217935 0.04657371 -0.01343168 0.02196278 0.04656289 -0.01348851 0.02249549 0.04885644 -0.01151218 0.02266291 0.04885395 -0.01156528 0.02297712 0.04995067 -0.01052333 0.02326075 0.05100266 -0.009421298 0.02281085 0.0499485 -0.01047277 0.01903927 0.04179753 0.02233168 0.01910651 0.04204737 0.02235967 0.01083191 0.0426647 0.02052431 0.01309085 0.04793359 0.02141141 0.01289913 0.04747813 0.0213126 0.02044472 0.04691489 0.02300532 0.01738361 0.05005935 0.02270714 0.01866228 0.0499638 0.02299567 0.02053432 0.04721883 0.02306737 0.02128588 0.04976775 0.02358769 0.01408404 0.05030592 0.02196259 0.0137886 0.04959063 0.02177096 0.01104835 0.0431625 0.02058905 0.01208915 0.04555615 0.02090032 0.01910701 0.04204915 0.02235988 0.0121128 0.04561063 0.0209074 0.01980658 0.04464802 0.0226511 0.02012388 0.04582674 0.02278319 0.0184374 0.03942934 0.02228011 0.01027437 0.04138238 0.02035756 0.01799003 0.03766913 0.02224175 0.005633797 0.03128447 0.02062609 0.004520642 0.02895359 0.02095324 0.01548659 0.02751696 0.02361784 0.004497517 0.02890527 0.02096001 0.004229958 0.02836194 0.02108803 0.01585739 0.02898949 0.02326301 0.01599854 0.02956299 0.02314401 0.006461846 0.03301853 0.02038269 0.01649297 0.0315825 0.02282738 0.006478372 0.03305432 0.02038098 0.01666851 0.03229925 0.02271502 0.006743781 0.03362754 0.02035346 0.01696513 0.03351075 0.02252505 0.007841237 0.03599814 0.02023976 0.01713155 0.03418619 0.02247903 0.008390724 0.03718511 0.02018283 0.01777778 0.03680795 0.02230043 0.008685451 0.03784173 0.02021016 0.01786379 0.03715681 0.02227667 0.008926422 0.03837883 0.02023252 0.009999841 0.04077054 0.0203321 0.01399862 0.02192361 0.0253551 0.01425984 0.02287467 0.02501941 0.001967554 0.02380422 0.02227065 0.01092545 0.02447635 0.02371503 0.0107701 0.02452406 0.02366635 0.0106215 0.02459533 0.02361013 0.01048643 0.02468722 0.02354902 0.01036388 0.02480021 0.02348271 0.01025838 0.02493 0.02341382 0.01010105 0.02523564 0.02327118 0.002276598 0.02441216 0.02206672 0.01002489 0.02558294 0.02313199 0.002521087 0.02489292 0.02190542 0.01003494 0.02594824 0.02300665 0.003397814 0.02667273 0.02148605 0.01013042 0.02630644 0.02290393 0.01030493 0.0266334 0.02283054 0.01054674 0.02690678 0.02279054 0.01099777 0.0271771 0.02279579 0.01116408 0.02722441 0.02281461 0.01068641 0.02701641 0.02278366 0.01083964 0.0271083 0.02278549 0.01133059 0.02724761 0.02284101 0.01149794 0.0272473 0.02287501 0.01166205 0.02722284 0.0229158 0.01181874 0.02717549 0.02296233 0.01196753 0.02710517 0.02301443 0.0121044 0.02701379 0.02307088 0.01222912 0.02690112 0.02313178 0.01142476 0.02447514 0.02381408 0.01125689 0.02445136 0.02378991 0.01109004 0.02445168 0.02375685 0.01190581 0.02468553 0.02383042 0.01175119 0.0245927 0.02383441 0.01159147 0.02452285 0.02382901 0.0123354 0.02677312 0.02319415 0.01249559 0.0264697 0.02332486 0.0152921 0.02674454 0.02380396 0.01257374 0.02612386 0.02345527 0.01525456 0.02659544 0.02383988 0.01256446 0.02575922 0.02357743 0.01463438 0.02423818 0.02453814 0.01246821 0.02540036 0.02368333 0.0144518 0.02357349 0.02477275 0.01229171 0.02507194 0.0237655 0.01204704 0.02479634 0.02381743 0.01358494 0.02048087 0.02594946 0.001154339 0.02220474 0.02280718 0.01334891 0.01965752 0.02628868 0.0005568397 0.02102949 0.02320147 0.01297699 0.0184152 0.02687729 3.707091e-05 0.02003997 0.02363894 -0.0002877429 0.01942144 0.02391244 0.0126868 0.01744562 0.02733663 -0.001075604 0.01792163 0.02457551 0.01201402 0.01529346 0.02849624 -0.001373436 0.01735456 0.02482619 0.01178517 0.01459308 0.02892181 -0.002176496 0.01587784 0.02565217 0.01165073 0.01418168 0.02917185 -0.00237527 0.01298106 0.02757938 0.01275885 0.01185013 0.03099439 0.01244543 0.01190161 0.03090266 0.0121935 0.01194299 0.03082895 0.01214711 0.01196097 0.0308077 0.0121128 0.01197428 0.03079196 0.01190186 0.01205607 0.03069525 0.01171525 0.01212842 0.03060966 0.01168353 0.01215 0.03058839 0.01150931 0.01226832 0.03047135 0.01144921 0.01230917 0.03043096 0.0113909 0.01234874 0.03039181 0.0113564 0.01238583 0.03035885 0.01123799 0.01251303 0.03024567 0.01121182 0.01254114 0.03022061 0.01117908 0.01260235 0.03017055 0.01116525 0.0126284 0.03014933 0.01114418 0.01264874 0.030131 -0.002514796 0.01525559 0.02600014 -0.003271185 0.01386476 0.02677802 -0.003175731 0.01374076 0.02688379 -0.003071172 0.01362241 0.02698751 -0.002994887 0.01352209 0.02707401 -0.00288231 0.0133741 0.02720162 -0.002847069 0.01332781 0.02724147 -0.002824877 0.01326491 0.02729175 0.01133217 0.01320647 0.02976458 -0.0028235 0.01322829 0.02731907 -0.002832779 0.01319225 0.02734416 -0.00285419 0.01315569 0.02736772 -0.002865318 0.0131441 0.02737448 -0.002852468 0.01306653 0.02743442 -0.002885847 0.01312272 0.02738686 -0.002872721 0.01307014 0.02742834 -0.002917696 0.01310128 0.02739746 -0.002939863 0.01309076 0.02740156 -0.003411767 0.01372056 0.02651832 -0.003518004 0.01375212 0.02636687 -0.003526922 0.01366942 0.02635486 -0.002885847 0.01312272 0.02738686 -0.002865318 0.0131441 0.02737448 -0.003277772 0.0132278 0.02698801 -0.003071172 0.01362241 0.02698751 -0.003120146 0.01363391 0.02693413 -0.003128172 0.01355092 0.02692354 -0.002994887 0.01352209 0.02707401 -0.003158622 0.01343164 0.02692515 -0.00288231 0.0133741 0.02720162 -0.002847069 0.01332781 0.02724147 -0.003209516 0.01332171 0.02694712 -0.002824877 0.01326491 0.02729175 -0.00285419 0.01315569 0.02736772 -0.002832779 0.01319225 0.02734416 -0.0028235 0.01322829 0.02731907 -0.003054064 0.0130961 0.02733412 -0.002939863 0.01309076 0.02740156 -0.002917696 0.01310128 0.02739746 -0.003465923 0.01311531 0.02709129 -0.003439225 0.01311408 0.02710694 -0.003359242 0.01315559 0.02704546 -0.003796614 0.01328557 0.02642171 -0.00390207 0.01324408 0.0264699 -0.003479623 0.01311753 0.02707986 -0.003492389 0.0131196 0.02706924 -0.00429001 0.01350809 0.02513032 -0.004189176 0.01338935 0.02573692 -0.004287792 0.01350825 0.02513057 -0.004073884 0.01342582 0.02571407 -0.004180751 0.01353272 0.02514442 -0.00424929 0.01351105 0.02513442 -0.004043984 0.01360242 0.02516859 -0.004060046 0.01359294 0.02516558 -0.003969484 0.01348937 0.02569927 -0.004080324 0.01358095 0.02516173 -0.004140314 0.01354556 0.0251503 -0.003994057 0.01365065 0.02518104 -0.003882356 0.01357615 0.02569354 -0.003958213 0.01368532 0.02518992 -0.003925789 0.0137373 0.02520146 -0.003817769 0.0136809 0.02569709 -0.00390245 0.01377465 0.0252097 -0.003874064 0.01383883 0.0252286 -0.003887842 0.01380353 0.02521602 -0.003896243 0.01378458 0.0252119 -0.003841878 0.01395216 0.02534487 -0.003848154 0.01392382 0.02530454 -0.003779651 0.01379728 0.02570974 -0.003859421 0.01388312 0.02526082 -0.003860984 0.01387713 0.02525438 -0.003699568 0.013844 0.02590326 -0.003770057 0.01387969 0.02572321 -0.003562025 0.01355154 0.02634977 -0.003621353 0.01344409 0.02635983 -0.003701163 0.01335361 0.02638428 0.005720251 0.03181086 0.01553054 0.007453807 0.03555751 0.01518081 0.01385938 0.03422116 0.01647405 0.01293861 0.03030491 0.01698786 0.01163192 0.02515209 0.01813554 0.003361913 0.02687741 0.01646589 0.01025496 0.02016021 0.0197973 0.0009868787 0.02209377 0.01792615 0.009427668 0.01735205 0.02099352 0.009185404 0.01672262 0.02128567 0.009125166 0.01656622 0.02135826 0.008402424 0.01546715 0.0218732 -0.001381043 0.0175076 0.01989675 0.008673643 0.01580341 0.0217155 0.008716803 0.01585688 0.02169043 -0.003200341 0.01422822 0.02169177 -0.002892453 0.01406611 0.02181554 -0.003255413 0.01419388 0.02170945 -0.003317974 0.01415487 0.02172963 -0.003153437 0.01427446 0.02166548 -0.003093661 0.01433334 0.02163189 0.004712558 0.01366948 0.02260543 -0.003066064 0.01437477 0.02160712 0.008210362 0.01522888 0.02198495 0.00797746 0.01501573 0.02208421 0.007595663 0.0146662 0.022247 0.007167805 0.01437528 0.02237914 0.006993207 0.01425658 0.02243305 0.006318143 0.01393494 0.02256871 0.006275848 0.01392235 0.02257296 0.005695039 0.01374946 0.0226317 0.005343239 0.0137013 0.02263426 -0.003014587 0.01445207 0.02156083 0.005118663 0.01367058 0.02263588 0.01772161 0.0227233 -0.01526033 0.01757728 0.02242567 -0.01558384 0.008673643 0.01580341 0.0217155 0.01742792 0.02215648 -0.01588566 0.01715694 0.0218182 -0.01630589 0.008402424 0.01546715 0.0218732 0.01620376 0.0211652 -0.01731639 0.01585989 0.02105537 -0.01756618 0.006275848 0.01392235 0.02257296 0.005343239 0.0137013 0.02263426 0.0150607 0.02091169 -0.01803906 0.005118663 0.01367058 0.02263588 0.005695039 0.01374946 0.0226317 0.01567173 0.02099529 -0.01770286 0.01508492 0.02091126 -0.01802949 0.006318143 0.01393494 0.02256871 0.006993207 0.01425658 0.02243305 0.0165694 0.0213603 -0.01697813 0.007167805 0.01437528 0.02237914 0.01669718 0.02142844 -0.01685997 0.008210362 0.01522888 0.02198495 0.0171302 0.0217848 -0.01634742 0.007595663 0.0146662 0.022247 0.00797746 0.01501573 0.02208421 0.01747552 0.02221598 -0.01581177 0.009185404 0.01672262 0.02128567 0.009427668 0.01735205 0.02099352 0.01788664 0.02363424 -0.01441366 0.008716803 0.01585688 0.02169043 0.009125166 0.01656622 0.02135826 0.01782061 0.02313898 -0.0148613 0.01785806 0.02329665 -0.01470992 0.01344474 0.0494186 0.01653591 0.01472227 0.05254191 0.01729511 0.01661993 0.04799795 0.01703744 0.01833492 0.05092414 0.01787116 0.01705738 0.04780082 0.01711201 0.01344474 0.0494186 0.01653591 0.01661993 0.04799795 0.01703744 0.01345452 0.04942587 0.01649496 0.0138777 0.05040635 0.02190042 0.01376035 0.05047371 0.02182738 0.01277688 0.04810163 0.02123686 0.01369365 0.05051209 0.02178583 0.01362675 0.05055862 0.02171465 0.01264312 0.04818235 0.02112207 -0.003780463 0.01418687 0.0256975 -0.003776702 0.01419151 0.02571289 -0.00291228 0.0157942 0.0247865 -0.003806024 0.01411232 0.02557018 -0.003209375 0.01521423 0.0249226 -0.002934782 0.01572964 0.02464802 -0.002122675 0.01725402 0.02383599 -0.001803598 0.01788579 0.02370892 -0.001823113 0.01782743 0.02356745 -0.001089926 0.0192307 0.02291018 -0.0006862402 0.02003645 0.02274363 -0.0007027908 0.01998469 0.02259986 -0.0001098171 0.02113968 0.02212462 0.000436976 0.02224071 0.0218922 0.0004233406 0.02219636 0.0217489 0.001006699 0.02335279 0.02133771 0.001563197 0.02449301 0.02115634 0.001552544 0.02445399 0.02100751 0.002078669 0.02551555 0.02068917 0.002689872 0.026788 0.02053782 0.002682089 0.02675478 0.02038457 0.003192564 0.02780285 0.02012702 0.003814242 0.02911992 0.02003832 0.003809449 0.02909292 0.01988117 0.004354595 0.03023292 0.01966394 0.004933367 0.03148347 0.01965954 0.004931838 0.0314625 0.01949675 0.005457764 0.03258265 0.01934446 0.006044787 0.03387302 0.01940323 0.00604636 0.03385885 0.01923669 0.006514435 0.03487353 0.01915097 0.007145516 0.03628311 0.0192708 0.007150024 0.0362762 0.01910413 0.007637429 0.03735184 0.01906818 0.00823307 0.03870774 0.01926214 0.008240862 0.03870789 0.01909192 0.008705179 0.03975114 0.01911021 0.009304911 0.04114102 0.01937655 0.009316546 0.04114853 0.01919994 0.009635013 0.04187617 0.0192467 0.01035838 0.04357676 0.01961326 0.01037308 0.04359202 0.01943658 0.01066239 0.04426471 0.01951101 0.01139095 0.04600907 0.01997156 0.01140996 0.04603268 0.01978809 0.01239996 0.04843198 0.02045071 0.01242329 0.04846436 0.02026193 0.011548 0.04635913 0.01983925 0.01339074 0.05084363 0.02102241 0.01339605 0.05086755 0.02092753 0.01244342 0.04851278 0.02027165 0.01340986 0.0508804 0.0208601 -0.003466733 0.01409916 0.0265033 -0.003411434 0.0140343 0.02658294 -0.002326054 0.01589688 0.02554188 -0.00336607 0.01398121 0.0266481 -0.003298663 0.01390224 0.02674503 -0.003619425 0.01421724 0.02619918 -0.003595748 0.01420748 0.02625819 -0.002590727 0.01592857 0.02534238 -0.003701847 0.01424198 0.02598366 -0.00368765 0.01424525 0.02602978 -0.002793923 0.01589355 0.02508156 0.006590034 0.0336922 0.02026682 0.005482607 0.03134034 0.02051564 0.008771961 0.03845035 0.02013538 0.007687438 0.0360642 0.02014015 0.009841064 0.04084497 0.02025186 0.0108923 0.04324197 0.02048882 0.01293073 0.04801946 0.0213213 0.01192304 0.04563536 0.02084553 0.0137886 0.04959063 0.02177096 0.01393819 0.05037686 0.02191866 0.01391409 0.05038857 0.02191139 0.01374325 0.05048358 0.02181671 0.01339747 0.05078227 0.02123648 0.01338325 0.05081005 0.02115611 0.01338922 0.0508368 0.02104967 0.01346601 0.05068889 0.02147622 0.01343857 0.05071676 0.02141524 0.01245608 0.04832704 0.02081818 0.01342266 0.05073278 0.02137993 -0.002701822 0.01591951 0.02521814 -0.00168976 0.01797306 0.02401316 -0.001598848 0.01799321 0.02415354 -0.0005770186 0.0201112 0.02305644 -0.0004873536 0.02012536 0.02320036 0.0005416735 0.0223025 0.02221303 0.0006300323 0.02231047 0.02236023 0.001663342 0.02454141 0.02148471 0.001750564 0.02454308 0.02163486 0.00278547 0.02682255 0.0208731 0.002871498 0.02681765 0.02102592 0.003905301 0.02914032 0.02037992 0.003990192 0.02912881 0.02053513 0.005019997 0.03148933 0.02000684 0.005103905 0.03147095 0.02016413 0.006126809 0.03386396 0.01975553 0.006209797 0.03383867 0.01991461 0.007223147 0.03625873 0.01962746 0.007305183 0.03622649 0.019788 0.008306346 0.03866776 0.01962247 0.008387492 0.03862842 0.01978415 0.009373772 0.04108518 0.0197398 0.009454096 0.04103859 0.01990227 0.01042288 0.04350478 0.01997868 0.01050255 0.0434509 0.02014164 0.01145122 0.0459207 0.0203384 0.01153021 0.04585958 0.02050151 0.01253446 0.04825846 0.02098108 0.01340106 0.05077521 0.02125695 0.01241095 0.04838545 0.02063893 0.01140452 0.04597108 0.02015938 0.01037452 0.04354717 0.01980025 0.009323685 0.04111961 0.01956231 0.008254553 0.03869438 0.0194463 0.007169582 0.03627767 0.01945296 0.006071409 0.03387536 0.01958302 0.004962695 0.03149334 0.01983666 0.003846143 0.02913718 0.02021241 0.002724495 0.0268124 0.02070859 0.001600501 0.02452451 0.0213235 0.0004768074 0.02227889 0.02205538 -0.0006437528 0.02008115 0.02290266 -0.00175849 0.01793679 0.02386344 -0.002864612 0.01585127 0.02493625 -0.003743443 0.01423237 0.0258487 -0.0001122975 0.02007295 0.02353608 -0.001223677 0.01795585 0.02448371 0.002126176 0.02445987 0.02197932 0.001005242 0.02224276 0.02270068 0.0005568397 0.02102949 0.02320147 0.004367649 0.02901409 0.02088512 0.003247893 0.02671876 0.02137356 0.005633797 0.03128447 0.02062609 0.01177109 0.04571415 0.02075925 0.01163847 0.04578978 0.02064318 0.01074211 0.04331704 0.02040084 0.01061057 0.04338754 0.02028375 0.009692463 0.0409162 0.02016235 0.009561948 0.04098152 0.02004449 0.008624803 0.03851771 0.02004458 0.008495144 0.0385777 0.01992617 0.00754166 0.03612744 0.02004825 0.007412794 0.03618206 0.01992956 0.006445671 0.03375128 0.0201741 0.006317438 0.03380059 0.0200554 0.005339303 0.03139512 0.02042227 0.005211737 0.03143917 0.02030388 0.004225432 0.02906443 0.02079138 0.004098274 0.02910307 0.0206735 0.003106706 0.02676471 0.02127972 0.002979895 0.0267981 0.02116266 0.001985762 0.02450139 0.02188561 0.00185933 0.02452948 0.02176966 0.0008655262 0.0222799 0.02260743 0.0007392199 0.02230271 0.02249282 -0.0002514506 0.0201057 0.02344343 -0.0003776824 0.02012335 0.02333044 -0.001362214 0.01798423 0.0243919 -0.001488533 0.01799681 0.0242808 -0.002464378 0.01592093 0.02545134 -0.003543012 0.01416324 0.0263583 0.01358189 0.05058991 0.02166692 0.01354512 0.05061545 0.02162785 0.01351267 0.05064168 0.02157991 -0.003685814 0.01424452 0.02603416 0.0150124 0.05487516 0.02212656 0.0138777 0.05040635 0.02190042 0.01556411 0.05440501 0.02302878 0.01536734 0.05451247 0.02292695 0.01571215 0.05433485 0.02306644 0.01393819 0.05037686 0.02191866 0.01391409 0.05038857 0.02191139 0.01520538 0.05461944 0.02277549 0.01346601 0.05068889 0.02147622 0.01508801 0.05471942 0.02258354 0.01354512 0.05061545 0.02162785 0.01358189 0.05058991 0.02166692 0.01502242 0.05480644 0.02236279 0.01343857 0.05071676 0.02141524 0.02197839 0.05964933 -0.005572991 0.01694909 0.04748068 -0.008848645 0.02197483 0.05965029 -0.00557148 0.02178145 0.05969006 -0.005431064 0.01685407 0.0474981 -0.008772059 0.02177712 0.05969095 -0.005427975 0.01680616 0.04750254 -0.008717717 0.02161917 0.0597051 -0.005246707 0.01669157 0.04751314 -0.00858765 0.02161465 0.05970551 -0.005241558 0.01658684 0.04750297 -0.008396104 0.02150148 0.05969352 -0.005030965 0.01657367 0.04750175 -0.008371819 0.02149753 0.0596931 -0.005023635 0.02258169 0.05943677 -0.005687342 0.02242716 0.05950211 -0.005697852 0.01750017 0.04730996 -0.009038372 0.02242627 0.05950256 -0.005697881 0.02219802 0.05958545 -0.005663732 0.017474 0.04731946 -0.009034487 0.01727097 0.04739324 -0.009004484 0.02219574 0.05958628 -0.005663399 0.01711548 0.04743848 -0.008940433 0.01705117 0.04745725 -0.008913864 0.02453252 0.0656585 -0.003008562 0.02462443 0.06566676 -0.00315896 0.02314212 0.06305497 -0.004190926 0.02200361 0.06027462 -0.005254027 0.02197326 0.06027747 -0.00521789 0.02259266 0.0616809 -0.004801905 0.02185725 0.06028797 -0.005079311 0.02184987 0.06028862 -0.005070526 0.02247138 0.06168955 -0.004649681 0.02505657 0.06450185 -0.003983049 0.02407837 0.06274215 -0.004670666 0.02390676 0.06283089 -0.004671508 0.02326228 0.06304669 -0.004342203 0.02340444 0.06301839 -0.004469554 0.02304796 0.06304366 -0.004021994 0.02284051 0.06273304 -0.003939807 0.02284994 0.06275067 -0.003933383 0.02307184 0.06154844 -0.005093102 0.02243483 0.06015978 -0.005497216 0.02237731 0.06018051 -0.005484118 0.02356344 0.06297145 -0.004568436 0.0228988 0.06160863 -0.005026941 0.02273688 0.06165351 -0.004929019 0.02281755 0.0600067 -0.005529869 0.02266234 0.0600734 -0.005533308 0.02344807 0.06137466 -0.0051002 0.02324947 0.06147536 -0.005125086 0.023733 0.06290818 -0.004636599 0.02510298 0.06555154 -0.003575999 0.02228333 0.06020737 -0.005437743 0.02175745 0.06027856 -0.00489386 0.02174048 0.06027681 -0.004861604 0.02237727 0.06167976 -0.004479109 0.02173588 0.06027624 -0.004852788 0.0223159 0.06165036 -0.004295224 0.02224703 0.06150821 -0.004341804 0.02169144 0.06025568 -0.004711388 0.02221689 0.06022636 -0.005404862 0.02215636 0.06024368 -0.005375036 0.02211825 0.06025134 -0.005344805 0.02201862 0.06027166 -0.005265988 0.02263777 0.06008398 -0.005533859 0.02259921 0.06010056 -0.005534702 0.02245781 0.06015145 -0.00550249 0.02446014 0.06562214 -0.002821447 0.02452765 0.06565603 -0.002995977 0.02362287 0.06420139 -0.003402317 0.0229879 0.06300962 -0.003838618 0.02465886 0.06566996 -0.003215272 0.02474204 0.06565777 -0.003305965 0.02482039 0.0656464 -0.003391406 0.02489426 0.06562689 -0.003451922 0.02502997 0.06557793 -0.00353252 0.02551761 0.06533103 -0.003659002 0.02535417 0.06542703 -0.003647212 0.02531236 0.06545156 -0.00364419 0.02519025 0.06550986 -0.003604382 0.02859027 0.07269958 0.0008224792 0.02907001 0.07385423 0.001542714 0.02917968 0.07391615 0.001366435 0.03168219 0.07864475 0.004079956 0.03160137 0.07824463 0.003767631 0.03144649 0.07829458 0.003751282 0.03074036 0.07520608 0.001637956 0.03017999 0.07383813 0.0008031213 0.03004715 0.07390297 0.0007892535 0.03206415 0.08115461 0.006219327 0.0320578 0.08109174 0.006161061 0.03190596 0.08113794 0.006128182 0.03215086 0.0820094 0.007010936 0.03196802 0.08202562 0.007005293 0.0319665 0.08202578 0.007005269 0.03191265 0.08203051 0.007003574 0.03172377 0.08113996 0.006146363 0.03178648 0.08201987 0.007020789 0.02895391 0.07153839 -0.0005932409 0.02799783 0.06981203 -0.001532268 0.02795008 0.06983808 -0.001527055 0.02878723 0.07160279 -0.0005520445 0.02815889 0.06972403 -0.00154999 0.02908069 0.07146686 -0.0005838873 0.02942504 0.07211803 -0.0002230031 0.02964822 0.07253981 1.084353e-05 0.03148749 0.07768053 0.003327538 0.03101702 0.0761225 0.00226365 0.0308745 0.07617999 0.002248354 0.03091193 0.07577437 0.002026009 0.03179828 0.0802175 0.00529978 0.0319652 0.08017814 0.005315041 0.03193835 0.07991408 0.005070529 0.03154651 0.08111961 0.00618773 0.03167319 0.08201024 0.007036355 0.03178347 0.08201958 0.00702127 0.03138011 0.0810776 0.00625122 0.03160568 0.08199177 0.007057952 0.03160986 0.08199299 0.007056664 0.02820749 0.07167249 -0.0001343922 0.02727375 0.06999684 -0.001057209 0.02720374 0.0699877 -0.0009608917 0.0275211 0.06998756 -0.001320169 0.02739056 0.07000128 -0.001198056 0.02832893 0.07168585 -0.0002714048 0.02734515 0.0700061 -0.00115557 0.02752622 0.06998648 -0.001324043 0.02846924 0.07167815 -0.0003887613 0.02767795 0.06994381 -0.001416181 0.02862379 0.07164994 -0.0004830882 0.02773726 0.06992707 -0.001452245 0.02783638 0.06988569 -0.001487032 0.02717701 0.06997303 -0.0009033163 0.02710139 0.06993152 -0.0007400072 0.02810868 0.07163936 1.693384e-05 0.02799671 0.07159599 0.0001995027 0.02844002 0.07242016 0.0006646993 0.02987561 0.07395258 0.0008265617 0.02970771 0.07398421 0.0008905515 0.02954904 0.07399688 0.0009793625 0.02964488 0.07523792 0.002405925 0.0297861 0.07564064 0.002674194 0.02998983 0.07610331 0.002789102 0.0297862 0.07564083 0.002674252 0.03069902 0.07621503 0.002280988 0.03052739 0.07623139 0.002339604 0.03036554 0.07622832 0.002422254 0.02940516 0.07398954 0.001090693 0.02989482 0.07602417 0.002950282 0.03046534 0.07803728 0.004399272 0.03054965 0.07812794 0.004251977 0.03126778 0.07831593 0.003778729 0.0310934 0.07831732 0.003831322 0.03092914 0.0782988 0.003907211 0.03021899 0.07620548 0.002527067 0.02928081 0.07396219 0.001221396 0.03089449 0.07996076 0.005753615 0.03099735 0.08005057 0.005631781 0.03009249 0.07616308 0.002650935 0.03078069 0.07826016 0.0040048 0.03127481 0.08017894 0.005434973 0.03144072 0.08021286 0.005366902 0.03161715 0.08022588 0.005321324 0.03051109 0.07819881 0.004515551 0.0306407 0.07893663 0.005136186 0.03080075 0.07984725 0.005902324 0.03087948 0.08029556 0.006279461 0.03109154 0.08171151 0.007359173 0.03106752 0.08167457 0.007396438 0.03106311 0.08166785 0.00740327 0.03099101 0.08155698 0.007515257 0.03116402 0.08177519 0.007293158 0.03116967 0.08178013 0.007287978 0.03124145 0.0818432 0.007222624 0.03065298 0.0782024 0.004121168 0.0311254 0.08012429 0.005524172 0.03128922 0.08186796 0.007195861 0.03129527 0.08187114 0.007192445 0.03144085 0.08194681 0.007110756 0.02961799 0.07787795 0.008935692 0.02967399 0.07820514 0.009228627 0.02618398 0.06925018 0.003099964 0.02641013 0.0696463 0.003326735 0.0269208 0.07054077 0.003838757 0.02739384 0.07148213 0.004405929 0.0275168 0.07172654 0.00455327 0.02768172 0.07205494 0.004751101 0.02818464 0.07321858 0.005497251 0.02832752 0.07354916 0.005709193 0.028831 0.07493451 0.006660705 0.02887309 0.07505016 0.006740215 0.02887747 0.07506241 0.006748548 0.0292769 0.07639939 0.007735169 0.02931549 0.07656284 0.007866559 0.02959588 0.0777488 0.008820063 0.02981106 0.07903054 0.009974988 0.02980427 0.07896735 0.009910822 0.02991288 0.07997888 0.0109383 0.02991372 0.07999865 0.01096162 0.02994694 0.08078185 0.0118855 0.02670132 0.02222596 -0.0274774 0.03455305 0.02163921 -0.02570567 0.03439132 0.01672547 -0.02661617 0.01301126 0.02324897 -0.03056656 0.01143105 0.01844122 -0.03179715 0.01159279 0.02335496 -0.03088664 0.0201204 0.04120162 0.02151655 0.0202791 0.04180325 0.02157866 0.02021788 0.04180771 0.0217467 0.01698393 0.02858014 0.02263778 0.01701409 0.02854547 0.02251041 0.01765438 0.03118215 0.02206337 0.01998973 0.04460055 0.02263314 0.01803234 0.03273885 0.02179941 0.01829749 0.03382785 0.02171382 0.01824275 0.03385736 0.0218696 0.01930264 0.03793118 0.02147793 0.01960731 0.03914942 0.02149233 0.01954652 0.03916233 0.02163664 0.02229825 0.04912652 0.0226751 0.02244545 0.04961105 0.02279357 0.02242159 0.04959723 0.02288063 0.02169899 0.04703826 0.02227103 0.02239225 0.04959072 0.02294292 0.02162818 0.04703071 0.02241881 0.01862548 0.03938307 0.02225805 0.01799003 0.03766913 0.02224175 0.01796941 0.03676003 0.02229487 0.01732469 0.03414025 0.02248017 0.01786379 0.03715681 0.02227667 0.01666851 0.03229925 0.02271502 0.01668724 0.03153301 0.02281283 0.01595455 0.02896841 0.0232755 0.01617682 0.02891565 0.02328244 0.0162476 0.02889658 0.02327445 0.01688255 0.03148367 0.02280004 0.01631799 0.02887773 0.0232665 0.01605328 0.02894703 0.02328821 0.01608711 0.02893972 0.02329256 0.01751974 0.03409157 0.02246607 0.01816398 0.03671183 0.0222794 0.01881925 0.03933496 0.02224111 0.01888953 0.03650898 0.02167797 0.01894521 0.03648868 0.02150469 0.01906318 0.03697316 0.02146662 0.01879869 0.03653863 0.02185531 0.01945457 0.03918276 0.02181402 0.01867575 0.03657526 0.02201007 0.01933076 0.03921133 0.02196902 0.01852462 0.03661755 0.0221349 0.01917943 0.0392473 0.02209448 0.01788052 0.03399011 0.02232404 0.01724315 0.03137466 0.02266089 0.01803114 0.03394144 0.02220024 0.01739305 0.03131915 0.02253847 0.01815328 0.03389654 0.02204633 0.01751416 0.03126599 0.02238593 0.01760242 0.03121714 0.02221048 0.01675477 0.0287184 0.02302133 0.01676176 0.02871495 0.02301288 0.02200888 0.04958871 0.02341997 0.02125674 0.04705119 0.0228696 0.02210631 0.04957832 0.02334232 0.02140774 0.04703182 0.02274469 0.02153293 0.04702503 0.02259214 0.02227262 0.04957336 0.02315892 0.02216179 0.04957248 0.02329813 0.02237701 0.04958729 0.02297513 0.02231625 0.04957372 0.02310415 0.02228325 0.04957345 0.02314555 0.02122005 0.04536897 0.02194805 0.02090913 0.0444344 0.02200794 0.02121592 0.04535486 0.0219453 0.02097419 0.04443819 0.02185068 0.02069008 0.0444506 0.02233724 0.02081496 0.04443695 0.02218331 0.02152128 0.04969327 0.02359798 0.02147225 0.04970872 0.02359582 0.02071197 0.04717354 0.02304356 0.02143884 0.04971935 0.02359438 0.02044472 0.04691489 0.02300532 0.02165845 0.04965837 0.0235698 0.02090169 0.04712371 0.02302124 0.02167578 0.04965398 0.02356624 0.02108566 0.04708234 0.02296252 0.02175726 0.04963323 0.02354951 0.02197823 0.04959202 0.02344437 0.02190272 0.04960606 0.02348029 0.02183912 0.04961792 0.02351052 0.01929698 0.04199996 0.02237083 0.02018123 0.04455171 0.02261284 0.01948976 0.04195167 0.02235229 0.0203666 0.04450926 0.0225553 0.0196762 0.04190775 0.02229591 0.0205387 0.04447497 0.0224627 0.01687912 0.0286558 0.02287086 0.01689396 0.02864534 0.02283899 0.01696034 0.02859867 0.02269742 0.01697941 0.02858532 0.0226568 0.01643329 0.02884033 0.02322326 0.01654597 0.02880366 0.02318094 0.01659127 0.02878566 0.02314866 0.01660465 0.02878038 0.0231391 0.0167331 0.02872939 0.02304765 0.01639216 0.02885359 0.02323864 0.01707041 0.03143021 0.02274876 0.01770752 0.03404082 0.02241334 0.01835152 0.03666367 0.02222538 0.01900642 0.03928907 0.02218588 0.01984885 0.04186988 0.02220379 0.02000036 0.04183995 0.02207815 0.02012478 0.04181894 0.02192339 0.01267958 0.04755531 0.01610204 0.01345452 0.04942587 0.01649496 0.01661993 0.04799795 0.01703744 0.01622516 0.0458052 0.01672656 0.01705738 0.04780082 0.01711201 0.01661593 0.04663666 0.0168872 0.01635315 0.04577567 0.01675721 0.01616638 0.04516368 0.0166648 0.01594735 0.04420492 0.01656271 0.01623317 0.04584863 0.01673183 0.01167632 0.04517142 0.01569962 0.01164673 0.0451025 0.01569132 0.01582055 0.04365011 0.01650362 0.01052795 0.04249251 0.01537746 0.01485947 0.03884257 0.01629597 0.009429113 0.03997542 0.01519961 0.01385938 0.03422116 0.01647405 0.007453807 0.03555751 0.01518081 0.01715694 0.0218182 -0.01630589 0.01742792 0.02215648 -0.01588566 0.007636166 0.02419889 -0.01786208 0.01747552 0.02221598 -0.01581177 0.008748144 0.02791769 -0.01439186 0.01757728 0.02242567 -0.01558384 0.01772161 0.0227233 -0.01526033 0.01782061 0.02313898 -0.0148613 0.01785806 0.02329665 -0.01470992 0.01788664 0.02363424 -0.01441366 0.007040787 0.02226751 -0.01998329 0.006996608 0.02177125 -0.0205226 0.007074512 0.02234412 -0.019891 0.007204741 0.02263984 -0.01953479 0.006826916 0.02202775 -0.02032336 0.006806026 0.02200439 -0.02035649 0.006588717 0.02185634 -0.02060495 0.007087971 0.021608 -0.02065859 0.01447787 0.02092215 -0.01826962 0.0150607 0.02091169 -0.01803906 0.01508492 0.02091126 -0.01802949 0.01567173 0.02099529 -0.01770286 0.01585989 0.02105537 -0.01756618 0.01620376 0.0211652 -0.01731639 0.0165694 0.0213603 -0.01697813 0.01669718 0.02142844 -0.01685997 0.0171302 0.0217848 -0.01634742 0.01799637 0.02598825 -0.01252473 0.01829788 0.03020796 -0.009657563 0.01005432 0.03192775 -0.01132187 0.01874176 0.03468368 -0.007231273 0.01154074 0.03618607 -0.008685084 0.01916283 0.03815997 -0.005724574 0.01275726 0.03949632 -0.007017808 0.01595392 0.05558969 0.01813014 0.0128164 0.0174524 0.0273471 0.01281024 0.01407543 0.02855413 0.01371986 0.01698146 0.02695761 0.01359984 0.01709783 0.02711579 0.01438148 0.01870441 0.02574766 0.01471431 0.01986688 0.02525803 0.01469323 0.01991686 0.02536254 0.01595455 0.02896841 0.0232755 0.01539366 0.02672327 0.02382105 0.01605328 0.02894703 0.02328821 0.01561703 0.0266686 0.0238293 0.01608711 0.02893972 0.02329256 0.01583325 0.02660215 0.02378651 0.01617682 0.02891565 0.02328244 0.01643329 0.02884033 0.02322326 0.01603079 0.02652756 0.02369492 0.01654597 0.02880366 0.02318094 0.01619928 0.02644863 0.02355936 0.01660465 0.02878038 0.0231391 0.01659127 0.02878566 0.02314866 0.01632972 0.02636964 0.02338697 0.01641532 0.02629472 0.02318688 0.01629611 0.02568271 0.02321821 0.01644104 0.02625758 0.02307245 0.01687399 0.02797413 0.02263733 0.01502411 0.02094889 0.02480234 0.01559255 0.02301859 0.02404908 0.01556823 0.02306468 0.02416529 0.01565075 0.02323038 0.023972 0.01307989 0.0145561 0.02796974 0.01316999 0.01471925 0.02777117 0.01379417 0.01686567 0.02677307 0.01370627 0.01644396 0.02683802 0.01381397 0.01680443 0.02666416 0.01282602 0.01409625 0.02852935 0.01298898 0.01439148 0.02817005 0.01303723 0.01447869 0.02806392 0.01252132 0.01369224 0.02901025 0.01255699 0.01373954 0.02895392 0.01268849 0.01418157 0.02871978 0.01279811 0.01405925 0.0285734 0.01279923 0.01406074 0.02857164 0.01240733 0.01354106 0.02919021 0.01253202 0.01430232 0.02883779 0.01230283 0.01343473 0.02931248 0.0119953 0.0131219 0.0296721 0.01202299 0.01315001 0.02963978 0.0123438 0.01440941 0.02891574 0.01216129 0.01329076 0.02947796 0.01221467 0.01334501 0.02941562 0.01159935 0.01282693 0.02999039 0.01171089 0.01291005 0.02990074 0.01213368 0.01449722 0.02894946 0.01186515 0.01302492 0.02977675 0.01189733 0.01304889 0.02975092 0.01156488 0.0128091 0.03000695 0.01191289 0.01456108 0.02893736 0.01140911 0.01272853 0.03008158 0.01178517 0.01459308 0.02892181 0.01165073 0.01418168 0.02917185 0.01125077 0.01266892 0.03012676 0.01129659 0.01268446 0.03011605 0.01137597 0.01271137 0.03009754 0.01370034 0.02045245 0.0259602 0.0145607 0.02354745 0.02478304 0.01303793 0.01739072 0.02735799 0.0132496 0.01730801 0.02732137 0.01344018 0.01720863 0.0272392 0.01478352 0.02349042 0.02479204 0.01499833 0.02341841 0.02475095 0.01519362 0.02333527 0.02466192 0.01535922 0.02324545 0.02452966 0.01548628 0.02315362 0.02436114 0.01392248 0.02039302 0.02597006 0.01413571 0.02031558 0.025931 0.01432873 0.0202242 0.02584519 0.0144914 0.02012373 0.02571692 0.01461501 0.02001945 0.02555319 0.03291587 0.07546861 0.00236517 0.03281914 0.07526622 0.002225291 0.03091193 0.07577437 0.002026009 0.03280581 0.07518866 0.002179443 0.03279576 0.07467837 0.001900574 0.032777 0.07488157 0.002004974 0.03276861 0.07497296 0.002051946 0.03283491 0.07456812 0.001852702 0.03290462 0.07437178 0.001767538 0.03297058 0.07426837 0.001730724 0.03305862 0.07413029 0.001681559 0.02942504 0.07211803 -0.0002230031 0.03317981 0.07400337 0.001648138 0.03324882 0.07393116 0.001629068 0.03344729 0.0737912 0.001610543 0.03349583 0.07375708 0.001605964 0.03375509 0.07364613 0.001618274 0.03378347 0.07363395 0.001619659 0.03569088 0.07164483 0.001199599 0.03408297 0.07357756 0.001669834 0.0341374 0.0735746 0.00168273 0.0344082 0.07359686 0.00176546 0.03443162 0.07359884 0.001772555 0.03468699 0.0736821 0.001881933 0.03470747 0.07369509 0.001893828 0.03625409 0.07262145 0.001775163 0.03492913 0.07383525 0.002023401 0.03496018 0.07386904 0.002049127 0.03630327 0.07270676 0.001825525 0.03510994 0.07403182 0.002173156 0.03514842 0.07410497 0.002221829 0.03675144 0.07365703 0.002427563 0.03523243 0.07426441 0.002327782 0.03525917 0.07438648 0.002399547 0.03715253 0.07450768 0.002966561 0.03529657 0.07455744 0.002499956 0.03528855 0.07469343 0.002571415 0.03720855 0.07470343 0.003092407 0.03527874 0.07486149 0.002659613 0.03523269 0.07500664 0.002726845 0.03737891 0.0752978 0.003474468 0.0351889 0.0751446 0.002790736 0.03509257 0.07530388 0.002855452 0.03488117 0.07556632 0.002949484 0.03747995 0.0781564 0.005373122 0.03758358 0.0769131 0.004502131 0.03502264 0.07541966 0.002902587 0.03496267 0.07548185 0.002922458 0.03751557 0.07577496 0.003781151 0.03754996 0.07635122 0.00414619 0.03747619 0.07820164 0.005404769 0.03480407 0.07564623 0.002975082 0.03461216 0.07577716 0.002998894 0.03455579 0.07581557 0.003005908 0.03430244 0.07592073 0.002999618 0.03426793 0.07593504 0.002998814 0.03397384 0.07598918 0.002952142 0.03386766 0.07599292 0.002925562 0.03168219 0.07864475 0.004079956 0.03364962 0.07596979 0.002852462 0.03361313 0.07596593 0.002840243 0.0333507 0.07587529 0.002716494 0.03334444 0.0758732 0.00271348 0.03148749 0.07768053 0.003327538 0.03310872 0.07571432 0.002558966 0.03309958 0.07570379 0.002550428 0.03303241 0.07562615 0.002487114 0.03294012 0.07551922 0.002400185 0.03067947 0.0618369 -0.003240665 0.02972917 0.05949022 -0.003970263 0.02740039 0.06845528 -0.002191386 0.03275285 0.06636462 -0.001542549 0.0268535 0.06754061 -0.00265388 0.03167753 0.06413707 -0.002444787 0.03161592 0.06400937 -0.002496459 0.03126351 0.06327923 -0.002792211 0.03507977 0.07058514 0.0005751065 0.03482493 0.0701431 0.000314553 0.03390572 0.06849542 -0.000515837 0.03362116 0.06798534 -0.0007729223 0.03298277 0.06684098 -0.001349677 0.03210214 0.07231255 0.02691374 0.03225232 0.07295364 0.02681717 0.02634803 0.07409012 0.0253252 0.03238536 0.07403571 0.02658594 0.02690687 0.07559397 0.02499968 0.03249028 0.07479519 0.02637247 0.02693932 0.07568105 0.02498083 0.03255463 0.07526099 0.02624157 0.03257537 0.07541109 0.02619935 0.0320135 0.07193401 0.02697075 0.02597007 0.07319958 0.02542299 0.02563309 0.07240571 0.02551016 0.02808102 0.06916567 0.02655221 0.02781308 0.06923324 0.02648611 0.02391137 0.06877348 0.02566311 0.02778994 0.06923912 0.02648041 0.02754167 0.06937206 0.02641117 0.02752221 0.06938974 0.02640488 0.02731155 0.06958076 0.02633674 0.02728292 0.06962343 0.02632514 0.02714528 0.06982899 0.02626933 0.0271121 0.069917 0.02625058 0.02403639 0.06902483 0.02566058 0.02703966 0.0701088 0.02620967 0.02702158 0.07024991 0.02618667 0.02473476 0.07042843 0.02564648 0.02699641 0.07044747 0.02615457 0.02701379 0.07059923 0.02613645 0.02513788 0.07123875 0.02563833 0.02703531 0.07078674 0.0261141 0.02709128 0.07094309 0.02610276 0.02537702 0.07180221 0.02557644 0.02748028 0.07152183 0.02609105 0.02756259 0.07160053 0.02609486 0.0271445 0.0710917 0.02609199 0.02725153 0.07125712 0.02608739 0.02732922 0.07137739 0.02608405 0.02776272 0.07171883 0.02611718 0.02782149 0.07175353 0.02612374 0.02808091 0.07183313 0.02616427 0.02873375 0.07178466 0.02631157 0.02876977 0.07177437 0.02632117 0.02811625 0.07184397 0.0261698 0.02841271 0.07185901 0.0262293 0.02851849 0.07184623 0.02625419 0.02902444 0.07162895 0.02640118 0.02903053 0.07162554 0.0264031 0.02925383 0.07140724 0.02648776 0.02926217 0.07139378 0.02649189 0.02940779 0.07115793 0.02656425 0.03195192 0.07167105 0.02701036 0.02942835 0.0710967 0.02657855 0.03190804 0.07148391 0.02703853 0.02951038 0.07085195 0.02663552 0.02951821 0.07076244 0.0266504 0.0314513 0.07044887 0.02710142 0.02954012 0.0705135 0.02669179 0.02952538 0.07041208 0.02670304 0.03115015 0.0697667 0.02714286 0.0294925 0.0701866 0.02672807 0.02944587 0.07006926 0.0267337 0.03085696 0.06927135 0.02713069 0.02936281 0.0698603 0.02674379 0.02929 0.06975498 0.02674191 0.03028072 0.06829795 0.0271068 0.02919279 0.06961436 0.0267394 0.02906337 0.06949185 0.02672665 0.0289897 0.06942215 0.0267194 0.02878252 0.06929775 0.02668898 0.02873187 0.06926741 0.02668156 0.02846633 0.06918494 0.02663347 0.02843724 0.06917588 0.02662819 0.02813538 0.06916035 0.02656463 0.03018424 0.06813499 0.02710278 0.02978875 0.06746704 0.0270864 0.02354239 0.06803166 0.02567058 0.02879681 0.06590188 0.0269186 0.02251491 0.06629001 0.02552032 0.02171935 0.06494146 0.02540397 0.02780019 0.06432959 0.02675003 0.02162402 0.0647925 0.02538079 0.02739196 0.06368546 0.02668098 0.02331195 0.06764111 0.02563688 0.01899244 0.06066863 0.0246485 0.02542115 0.060188 0.02610255 0.02023637 0.06262614 0.02504344 0.02610869 0.06141582 0.02630915 0.0272872 0.06352032 0.02666327 0.02347015 0.0559375 0.025176 0.02361819 0.05631326 0.02527119 0.02382807 0.05676678 0.02536902 0.02491405 0.05911295 0.02587522 0.02536659 0.06009067 0.02608615 0.02285963 0.0543883 0.02478352 0.03316184 0.07919491 0.02485339 0.03344128 0.08060804 0.02408299 0.02875653 0.08097034 0.0230494 0.02857077 0.08044061 0.02334373 0.02847605 0.08015395 0.02347268 0.03314581 0.07911388 0.02489759 0.02809367 0.07899637 0.02399317 0.03300494 0.07825254 0.02523662 0.02797157 0.07863417 0.02411504 0.03282657 0.07716191 0.02566591 0.0276991 0.07782581 0.02438704 0.03276646 0.07679437 0.0258106 0.02733542 0.07674705 0.02475006 0.02699445 0.07582937 0.02494873 0.02944585 0.08283905 0.02183104 0.02936018 0.08262579 0.02200705 0.03357714 0.0812951 0.02370844 0.02926332 0.08236653 0.02218236 0.03353948 0.08110463 0.02381227 0.02898026 0.0816086 0.02269474 0.02886584 0.08128236 0.02287603 0.03395207 0.08284531 0.02256024 0.02966705 0.08338919 0.02137685 0.03387617 0.08253152 0.02279267 0.03386851 0.08249975 0.02281614 0.03086753 0.08574487 0.01812503 0.03061878 0.08537206 0.01893679 0.0347071 0.08501883 0.019934 0.03059468 0.08532872 0.01900691 0.03470274 0.08501175 0.01995101 0.0304787 0.08511984 0.01934424 0.03454274 0.08461623 0.02052908 0.0303447 0.08487849 0.01973425 0.03432381 0.08407494 0.02132005 0.03007472 0.08432254 0.02043548 0.03429346 0.08397455 0.02142131 0.0300613 0.08429495 0.02047034 0.03420872 0.08369427 0.02170402 0.03004252 0.08425617 0.02051928 0.02971246 0.08350215 0.02128362 0.03143121 0.08621988 0.01581941 0.03125078 0.08613731 0.01666226 0.03518213 0.08570957 0.0180576 0.03546616 0.08591985 0.0168685 0.03549438 0.08591396 0.01674149 0.03549514 0.08591376 0.01673809 0.03486821 0.08528209 0.01930723 0.03508649 0.08563873 0.01845799 0.03105298 0.08595566 0.0174427 0.0351097 0.08565588 0.01836078 0.03111665 0.08602806 0.01720867 0.03122567 0.08611686 0.01676448 0.03622484 0.08527417 0.01329247 0.03193636 0.08570419 0.01259733 0.03615539 0.0854384 0.01365464 0.03190814 0.08580604 0.01286271 0.03609769 0.08550839 0.01393352 0.03176732 0.08608019 0.0139101 0.03586333 0.08579308 0.01506643 0.03176158 0.08608513 0.01394539 0.03173166 0.086111 0.01413074 0.03581985 0.08584592 0.01527659 0.03161328 0.08621342 0.0148637 0.03580099 0.08584984 0.01536147 0.03152251 0.08622401 0.01534876 0.03145724 0.08623177 0.01569794 0.03657196 0.08432254 0.01143903 0.03211244 0.08480036 0.01061625 0.03647603 0.08468051 0.01198272 0.03205825 0.08516158 0.0113272 0.0363828 0.0849009 0.01246885 0.03202435 0.08538761 0.01177185 0.0319652 0.08560044 0.01232675 0.03217643 0.08320406 0.008345497 0.03217856 0.08335175 0.008515672 0.03691101 0.08282093 0.00943922 0.03216959 0.08373696 0.009031455 0.03678148 0.0835409 0.01025165 0.03216013 0.08414657 0.009579828 0.03665538 0.08401126 0.01096625 0.03213437 0.08449982 0.01013987 0.03212146 0.08467687 0.01042058 0.03709373 0.08180531 0.008293129 0.03216475 0.08240208 0.00742197 0.03217202 0.08289849 0.007993708 0.03691356 0.08280682 0.00942324 0.03715627 0.08129819 0.007848018 0.03206415 0.08115461 0.006219327 0.0372215 0.08076948 0.007383859 0.03734692 0.07975243 0.006491234 0.03737601 0.07940367 0.006246832 0.005453484 0.01473073 0.005763375 0.005356444 0.01178249 0.005217071 0.005296403 0.01466012 0.006172377 0.005199362 0.01171187 0.005626072 0.00503732 0.01460273 0.006528078 0.004940279 0.01165449 0.005981773 0.004693823 0.0145625 0.006806215 0.004596783 0.01161426 0.00625991 0.004289405 0.01454216 0.006987854 0.004192365 0.01159391 0.00644155 0.003851631 0.01454308 0.007060621 0.003754591 0.01159484 0.006514316 0.003410293 0.01456522 0.00701955 0.003313253 0.01161698 0.006473245 0.002995485 0.01460706 0.006867432 0.002898445 0.01165882 0.006321127 0.002635488 0.01466575 0.006614648 0.002538448 0.01171751 0.006068344 0.002354795 0.01473729 0.006278413 0.002257755 0.01178905 0.005732109 0.002172638 0.0148168 0.005881663 0.002075597 0.01186856 0.005335359 0.002101326 0.01489888 0.005451409 0.002004286 0.01195063 0.004905104 0.00214565 0.01497792 0.005016963 0.002048609 0.01202968 0.004470659 0.002302831 0.01504853 0.004607974 0.00220579 0.01210029 0.004061669 0.002561911 0.01510591 0.004252282 0.002464871 0.01215767 0.003705978 0.00290531 0.01514615 0.003974124 0.00280827 0.01219791 0.003427819 0.003309731 0.0151665 0.003792474 0.00321269 0.01221826 0.00324617 0.003747505 0.01516557 0.003719708 0.003650465 0.01221733 0.003173403 0.00418884 0.01514344 0.003760788 0.0040918 0.01219519 0.003214484 0.00460365 0.0151016 0.003912897 0.00450661 0.01215335 0.003366592 0.004963648 0.01504291 0.00416568 0.004866608 0.01209466 0.003619376 0.005244339 0.01497136 0.004501925 0.005147298 0.01202312 0.00395562 0.005426593 0.01489184 0.004898697 0.005329553 0.0119436 0.004352393 0.005497907 0.01480977 0.005328942 0.005400867 0.01186153 0.004782638 0.02574 0.02973252 -0.01923671 0.02571184 0.02939394 -0.01943268 0.02573532 0.02945162 -0.01953995 0.02563487 0.02846727 -0.01996877 0.02557281 0.02749099 -0.02062695 0.02559712 0.02755997 -0.02072691 0.02549988 0.0258851 -0.0218532 0.02549736 0.02571577 -0.02200789 0.02552299 0.025797 -0.02210275 0.02548355 0.02327327 -0.02556104 0.02545161 0.02321906 -0.02573218 0.02542986 0.02325889 -0.02576474 0.02534379 0.0230362 -0.02630976 0.0253118 0.02301207 -0.02639555 0.02528708 0.023399 -0.02587906 0.02473345 0.0247741 -0.02466108 0.02473384 0.0249992 -0.02443199 0.02484483 0.02497019 -0.0244028 0.02609493 0.0328611 -0.01824989 0.02609953 0.03285357 -0.01823041 0.02593751 0.03154156 -0.01876681 0.02609438 0.03279314 -0.01805769 0.02593631 0.03145068 -0.01855515 0.02609366 0.03278456 -0.01803319 0.02591253 0.0314025 -0.0184375 0.02609255 0.03277162 -0.01799611 0.02607287 0.03274204 -0.01790548 0.0260845 0.03287791 -0.01829374 0.02588635 0.03163521 -0.01897098 0.02604583 0.03294058 -0.0184565 0.02601271 0.03296641 -0.01851752 0.02578559 0.0317266 -0.01915694 0.02594123 0.03302216 -0.01864918 0.02564054 0.03181089 -0.01931477 0.02588334 0.03305276 -0.01871455 0.02593597 0.0330264 -0.01865907 0.02557224 0.03317793 -0.01895477 0.02561112 0.03316435 -0.01893068 0.02545873 0.03188372 -0.01943606 0.02570492 0.03313167 -0.01887254 0.02577446 0.03310743 -0.01882935 0.02508935 0.03115337 -0.01989626 0.02518464 0.03196101 -0.01954365 0.02524988 0.03194106 -0.01951459 0.02526181 0.03261491 -0.01925821 0.02548852 0.03319808 -0.01898111 0.02540254 0.03321875 -0.01900821 0.02534258 0.03323316 -0.01902697 0.0249497 0.02974225 -0.02064617 0.02497971 0.03004491 -0.02048535 0.02505712 0.03002382 -0.02045912 0.02507454 0.0310033 -0.01997599 0.02477227 0.02710658 -0.02246228 0.02483505 0.02823193 -0.0216217 0.02492454 0.02820953 -0.02159751 0.02483856 0.0282964 -0.02157353 0.02484383 0.0283905 -0.02150331 0.02475525 0.02654893 -0.02294914 0.02485347 0.02651866 -0.02291706 0.02473539 0.02589858 -0.02351697 0.02473532 0.02585529 -0.02356108 0.0248986 0.02358153 -0.02603797 0.0247757 0.02361124 -0.02606655 0.02476639 0.02373868 -0.02588924 0.02476633 0.02374017 -0.02588711 0.02483418 0.0228052 -0.02718844 0.02485329 0.02280381 -0.02717974 0.02490899 0.02281099 -0.02714408 0.02514605 0.02288755 -0.02683827 0.02504516 0.02284792 -0.0269919 0.0250055 0.02283233 -0.02705224 0.02496099 0.0228225 -0.02709466 0.02494297 0.0228185 -0.02711178 0.0251068 0.02350848 -0.02597177 0.02521765 0.022941 -0.0266482 0.02515465 0.02289351 -0.02681701 0.02514754 0.02288813 -0.02683604 0.02544951 0.02321544 -0.02574365 0.02542604 0.02317567 -0.02586921 0.02536058 0.02306468 -0.02621984 0.02548754 0.02329346 -0.02549964 0.02537533 0.02466551 -0.02410841 0.02550063 0.02335986 -0.02529787 0.02547267 0.02451412 -0.02396448 0.02550355 0.02337507 -0.02525159 0.02551965 0.02345703 -0.02500242 0.02553433 0.02362307 -0.02450735 0.025542 0.0235705 -0.02465758 0.02551971 0.02435023 -0.02380955 0.02553909 0.02355574 -0.02470241 0.02553572 0.02353875 -0.02475412 0.02548169 0.02467174 -0.02296155 0.02548734 0.02408981 -0.02356509 0.02551394 0.02418249 -0.02365185 0.02548946 0.02386861 -0.02379445 0.02550358 0.0238352 -0.02390134 0.02550988 0.02379172 -0.02402566 0.02551477 0.02375808 -0.02412175 0.02552192 0.02370835 -0.02426377 0.02555282 0.02717681 -0.02083876 0.02589199 0.03123055 -0.01850589 0.02505292 0.02489971 -0.02433345 0.02523296 0.02479634 -0.02423356 0.02506158 0.02645111 -0.022845 0.02524167 0.02635452 -0.02273857 0.02538411 0.02623401 -0.02260343 0.02548153 0.02609597 -0.0224468 0.02552862 0.02594767 -0.02227687 0.02513274 0.02814515 -0.02152299 0.02531312 0.02805599 -0.02141079 0.02545615 0.02794676 -0.02126683 0.02555417 0.02782328 -0.02109892 0.025602 0.02769202 -0.02091567 0.02526561 0.02996284 -0.02038247 0.02544656 0.02988162 -0.02026517 0.02559046 0.02978452 -0.02011374 0.02568956 0.02967663 -0.01993591 0.02573875 0.02956368 -0.01974127 0.02761148 0.05274191 -0.0061049 0.02759628 0.05262566 -0.006230465 0.02752176 0.05264237 -0.006248642 0.02744728 0.05264251 -0.00627789 0.02740877 0.05287738 -0.006053129 0.02740838 0.05287997 -0.00605057 0.02767908 0.05314913 -0.005743974 0.02764856 0.05299851 -0.005847165 0.02738669 0.05301266 -0.005923702 0.02767906 0.05314921 -0.00574386 0.02763855 0.05294878 -0.00588123 0.02762762 0.05286574 -0.005970982 0.02762363 0.05283475 -0.006004561 0.02737534 0.05320337 -0.005812548 0.02737491 0.0532112 -0.005808029 0.02770948 0.05329974 -0.005640709 0.02736026 0.0534585 -0.005663941 0.02772098 0.05335636 -0.005601832 0.02774747 0.05345974 -0.005562031 0.02736116 0.05356749 -0.005629571 0.02775836 0.05350224 -0.00554563 0.0273613 0.05358104 -0.005625256 0.02779006 0.05362568 -0.005498103 0.02736378 0.05388022 -0.005530784 0.02783204 0.05378917 -0.005435068 0.03502264 0.07541966 0.002902587 0.03509257 0.07530388 0.002855452 0.03409941 0.07456397 0.007051823 0.03443162 0.07359884 0.001772555 0.0344082 0.07359686 0.00176546 0.03326977 0.07274854 0.006531493 0.0341374 0.0735746 0.00168273 0.03294105 0.07272946 0.006449575 0.03468699 0.0736821 0.001881933 0.03357906 0.0728533 0.006623975 0.03470747 0.07369509 0.001893828 0.03492913 0.07383525 0.002023401 0.03384765 0.07303677 0.006720696 0.03496018 0.07386904 0.002049127 0.03510994 0.07403182 0.002173156 0.03405736 0.0732864 0.006815091 0.03514842 0.07410497 0.002221829 0.03523243 0.07426441 0.002327782 0.03419388 0.07358505 0.006900697 0.03525917 0.07438648 0.002399547 0.03529657 0.07455744 0.002499956 0.03424786 0.07391252 0.0069717 0.03528855 0.07469343 0.002571415 0.03421564 0.07424634 0.007023233 0.0351889 0.0751446 0.002790736 0.03523269 0.07500664 0.002726845 0.03527874 0.07486149 0.002659613 0.03496267 0.07548185 0.002922458 0.03390712 0.07484355 0.007055489 0.03488117 0.07556632 0.002949484 0.0336519 0.07506616 0.007034013 0.033351 0.07521662 0.006988822 0.03430244 0.07592073 0.002999618 0.03455579 0.07581557 0.003005908 0.03461216 0.07577716 0.002998894 0.03480407 0.07564623 0.002975082 0.03269634 0.07526554 0.006841099 0.03386766 0.07599292 0.002925562 0.03302515 0.07528461 0.006923039 0.03397384 0.07598918 0.002952142 0.03426793 0.07593504 0.002998814 0.03238714 0.07516067 0.00674862 0.03361313 0.07596593 0.002840243 0.03364962 0.07596979 0.002852462 0.03310872 0.07571432 0.002558966 0.03334444 0.0758732 0.00271348 0.0333507 0.07587529 0.002716494 0.03309958 0.07570379 0.002550428 0.03211846 0.07497721 0.006651878 0.03303241 0.07562615 0.002487114 0.03190875 0.07472768 0.006557501 0.03294012 0.07551922 0.002400185 0.03177232 0.07442892 0.006471898 0.03281914 0.07526622 0.002225291 0.03291587 0.07546861 0.00236517 0.03171834 0.07410155 0.006400914 0.03276861 0.07497296 0.002051946 0.03280581 0.07518866 0.002179443 0.03175056 0.07376763 0.006349362 0.03279576 0.07467837 0.001900574 0.032777 0.07488157 0.002004974 0.0318667 0.0734501 0.006320769 0.03290462 0.07437178 0.001767538 0.03283491 0.07456812 0.001852702 0.03205899 0.07317043 0.006317084 0.03305862 0.07413029 0.001681559 0.03297058 0.07426837 0.001730724 0.0323143 0.07294782 0.006338582 0.03324882 0.07393116 0.001629068 0.03317981 0.07400337 0.001648138 0.03261511 0.07279746 0.006383769 0.03349583 0.07375708 0.001605964 0.03344729 0.0737912 0.001610543 0.03408297 0.07357756 0.001669834 0.03378347 0.07363395 0.001619659 0.03375509 0.07364613 0.001618274 0.01358643 0.01314896 0.02759162 0.02622767 0.02197408 -0.02395403 0.02606997 0.02213179 -0.02396363 0.01502843 0.01236772 0.02779793 0.02734794 0.02151731 -0.02376775 0.0148214 0.01239444 0.0277531 0.02712183 0.02154865 -0.02381621 0.01474225 0.01241928 0.0277386 0.02706151 0.02156796 -0.0238272 0.01464243 0.0124506 0.02772031 0.02697474 0.02159575 -0.023843 0.01435885 0.01253963 0.02766825 0.02666733 0.02169418 -0.02389887 0.01430827 0.01257035 0.02766162 0.02662716 0.02171889 -0.02390398 0.01425348 0.01260361 0.02765443 0.02659294 0.02173998 -0.02390841 0.01394007 0.01279399 0.02761323 0.026251 0.02195078 -0.0239526 0.01391599 0.012818 0.02761174 0.02623485 0.02196692 -0.02395359 0.01389965 0.01283427 0.02761072 0.01359873 0.01313434 0.02759196 0.01359202 0.01314102 0.02759155 0.02591162 0.02229005 -0.02397337 0.02591144 0.02229039 -0.02397336 0.02590585 0.02229844 -0.02397326 0.02554504 0.02307756 -0.02392101 0.01325589 0.01375721 0.02762078 0.02557865 0.02291551 -0.02394184 0.01328868 0.01368907 0.02761642 0.02567608 0.0227031 -0.02395657 0.01335422 0.01355286 0.02760791 0.02568982 0.02267324 -0.02395858 0.01338097 0.01349726 0.02760444 0.02577467 0.02248814 -0.02397136 0.01346889 0.01331441 0.0275929 0.0134743 0.01330675 0.02759283 0.01315635 0.01430428 0.02769418 0.0131541 0.01423583 0.0276815 0.02553201 0.02314088 -0.02391289 0.0131836 0.01409733 0.02766386 0.01320632 0.01399047 0.02765033 0.0132276 0.01389023 0.02763763 0.02547618 0.02341044 -0.02387819 0.02547824 0.02348427 -0.0238647 0.01316104 0.01444676 0.02772058 0.02548158 0.02359619 -0.02384426 0.01316322 0.0145136 0.02773306 0.02548399 0.02368067 -0.02382879 0.02252775 0.01345482 0.009616179 0.02259244 0.01542032 0.009980382 0.0224664 0.01334556 0.01021672 0.0225311 0.01531106 0.01058092 0.02256505 0.0132321 0.0108115 0.02262975 0.0151976 0.0111757 0.02281689 0.01312219 0.01135996 0.02288158 0.01508768 0.01172416 0.02320488 0.01302329 0.01182475 0.02326957 0.01498879 0.01218895 0.02370255 0.01294216 0.01217419 0.02376725 0.01490766 0.01253839 0.02427593 0.01288433 0.01238446 0.02434062 0.01484982 0.01274866 0.02488608 0.01285372 0.01244125 0.02495077 0.01481921 0.01280545 0.02549117 0.01285244 0.01234065 0.02555587 0.01481794 0.01270485 0.0260502 0.01288057 0.01208955 0.02611489 0.01484607 0.01245375 0.02652502 0.01293619 0.01170506 0.02658971 0.01490168 0.01206927 0.02688324 0.01301551 0.01121338 0.02694793 0.014981 0.01157758 0.02710034 0.01311313 0.01064798 0.02716504 0.01507862 0.01101219 0.02716179 0.01322238 0.01004746 0.02722648 0.01518788 0.01041166 0.02706313 0.01333584 0.009452685 0.02712783 0.01530133 0.009816888 0.0268112 0.01344576 0.008904207 0.0268759 0.01541126 0.00926841 0.02642321 0.01354466 0.008439414 0.02648791 0.01551015 0.008803617 0.02592563 0.01362578 0.008089988 0.02599033 0.01559128 0.008454191 0.02535216 0.01368363 0.007879702 0.02541685 0.01564912 0.008243905 0.02474211 0.01371423 0.007822926 0.0248068 0.01567972 0.008187129 0.02413692 0.01371551 0.007923512 0.02420161 0.015681 0.008287715 0.02357789 0.01368738 0.008174611 0.02364259 0.01565287 0.008538814 0.02310317 0.01363176 0.00855912 0.02316786 0.01559725 0.008923323 0.02274495 0.01355244 0.0090508 0.02280964 0.01551793 0.009415003 0.02369988 0.06893101 0.0206507 0.02309929 0.06787259 0.02062317 0.02265849 0.06806923 0.02453532 0.02291528 0.06757851 0.02059875 0.02189474 0.06676869 0.02444421 0.02203138 0.06616609 0.02048148 0.02141889 0.06595834 0.02438744 0.02111211 0.06548335 0.0243293 0.02553509 0.07252017 0.02050572 0.02505428 0.07149493 0.02060294 0.02458759 0.0718069 0.02450631 0.02501977 0.07142141 0.0206099 0.02456928 0.07176618 0.02451018 0.02410065 0.06963728 0.02066909 0.02276122 0.0682443 0.02454756 0.02308385 0.06879363 0.02458606 0.02406684 0.06957773 0.02066755 0.02337815 0.06938261 0.02457102 0.02404919 0.07072541 0.02453675 0.02714106 0.07632532 0.01982066 0.02708031 0.07616566 0.01986938 0.02617101 0.07561884 0.02392203 0.02656302 0.07487167 0.02016314 0.02650226 0.07471974 0.0201976 0.02569876 0.07439706 0.02417999 0.02588038 0.07326735 0.02042687 0.02526474 0.0733578 0.02433031 0.02582594 0.07314005 0.02044696 0.02502501 0.07278404 0.02441329 0.0246875 0.07203019 0.02448503 0.02802373 0.07868077 0.01899436 0.02731201 0.07882462 0.02291445 0.02805632 0.07877067 0.01894987 0.02835752 0.07960141 0.01853882 0.02714962 0.07634767 0.01981381 0.02617552 0.07563044 0.02391957 0.02651142 0.07651167 0.02368077 0.02629466 0.07593877 0.02385446 0.02682386 0.07740057 0.0234382 0.02693821 0.07773395 0.0233156 0.02758475 0.07749032 0.01946505 0.0276354 0.07762752 0.01941084 0.008888259 0.0172817 -0.008613544 0.008791219 0.01433346 -0.009159848 0.008731175 0.01721108 -0.008204533 0.008634135 0.01426284 -0.008750837 0.008472094 0.0171537 -0.007848841 0.008375054 0.01420546 -0.008395145 0.008128593 0.01711346 -0.007570685 0.008031553 0.01416522 -0.00811699 0.007724166 0.01709311 -0.007389007 0.007627126 0.01414487 -0.007935312 0.007286399 0.01709404 -0.007316269 0.007189359 0.0141458 -0.007862574 0.006845068 0.01711618 -0.007357369 0.006748028 0.01416794 -0.007903673 0.006430253 0.01715802 -0.007509458 0.006333213 0.01420978 -0.008055763 0.006070249 0.0172167 -0.007762213 0.005973209 0.01426846 -0.008308518 0.005789565 0.01728825 -0.008098486 0.005692525 0.01434001 -0.008644791 0.005607412 0.01736777 -0.008495256 0.005510372 0.01441953 -0.00904156 0.005536099 0.01744984 -0.008925501 0.005439059 0.0145016 -0.009471805 0.005580424 0.01752888 -0.009359956 0.005483384 0.01458064 -0.00990626 0.005737605 0.0175995 -0.009768945 0.005640565 0.01465125 -0.01031525 0.005996686 0.01765688 -0.01012464 0.005899646 0.01470863 -0.01067094 0.00634009 0.01769712 -0.01040281 0.00624305 0.01474888 -0.01094912 0.006744494 0.01771746 -0.0105844 0.006647454 0.01476921 -0.0111307 0.007182261 0.01771653 -0.01065713 0.007085221 0.01476828 -0.01120344 0.007623615 0.0176944 -0.01061613 0.007526575 0.01474616 -0.01116244 0.008038407 0.01765255 -0.01046395 0.007941367 0.01470431 -0.01101025 0.008398411 0.01759386 -0.01021119 0.008301371 0.01464562 -0.0107575 0.008679118 0.01752233 -0.009875013 0.008582078 0.01457409 -0.01042132 0.008861368 0.01744281 -0.009478222 0.008764328 0.01449457 -0.01002453 0.008932681 0.01736074 -0.009047977 0.008835641 0.01441249 -0.009594281 -0.002892453 0.01406611 0.02181554 -0.002849083 0.01409832 0.02163401 -0.003317974 0.01415487 0.02172963 -0.003055842 0.01414711 0.02156615 -0.00326272 0.01419591 0.02149836 0.02282093 0.03378809 -0.01947774 0.02566463 0.03588025 -0.01802607 0.02282854 0.03374316 -0.01949036 0.02287514 0.03346701 -0.01956788 0.022876 0.03341748 -0.01958355 0.02270628 0.03405344 -0.01941882 0.02270208 0.03406295 -0.01941667 0.02568608 0.03606489 -0.01795115 0.02252908 0.03430134 -0.01937867 0.02587138 0.03766282 -0.01725787 0.02250376 0.03432431 -0.0193773 0.02231945 0.03449157 -0.01936693 0.02223986 0.03453722 -0.01937127 0.0220402 0.03465195 -0.01938224 0.0219362 0.03468246 -0.01939771 0.02172664 0.03474389 -0.01942894 0.02161078 0.03474968 -0.01945611 0.02143102 0.03475863 -0.01949831 0.0212859 0.03473076 -0.0195445 0.02113391 0.0347016 -0.01959297 0.02098319 0.03463018 -0.01965522 0.02065581 0.03439982 -0.01981573 0.02072193 0.03445479 -0.01978037 0.0208657 0.03457445 -0.01970371 0.02052102 0.03421422 -0.01991258 0.02048968 0.03417099 -0.01993514 0.02034648 0.0336065 -0.02015434 0.02038373 0.03390206 -0.0200498 0.0203928 0.03392508 -0.02004 0.0267371 0.04521385 -0.01314951 0.02672779 0.04513031 -0.01320881 0.02651715 0.04327146 -0.01437908 0.02649063 0.04303796 -0.01452607 0.02636255 0.04192053 -0.01514661 0.02624886 0.0409282 -0.01569749 0.02623173 0.04077916 -0.0157803 0.02597933 0.03859298 -0.0168543 0.02597121 0.03852261 -0.01688489 0.02230468 0.04647948 -0.01352357 0.02677337 0.04554052 -0.01291782 0.0269164 0.04682989 -0.0120032 0.02701105 0.04771512 -0.0112982 0.02706958 0.04826293 -0.01086191 0.0270812 0.04837167 -0.01077536 0.02722154 0.04976377 -0.009527855 0.02731088 0.05074219 -0.008535689 0.02731171 0.0507515 -0.008526224 0.02733213 0.05097538 -0.008299348 0.02738389 0.0516591 -0.007507425 0.02384 0.05195598 -0.008286806 0.02741186 0.05202804 -0.007080124 0.0240427 0.05289661 -0.007046082 0.02744061 0.0525269 -0.006428744 0.02744728 0.05264251 -0.00627789 0.02405492 0.05681316 -0.00162753 0.02497086 0.05749341 -0.005461368 0.02438077 0.05674517 -0.001561746 0.02529671 0.05742542 -0.005395584 0.02468167 0.05659471 -0.001516556 0.02559761 0.05727496 -0.005350393 0.02493689 0.0563721 -0.00149508 0.02585283 0.05705236 -0.005328917 0.02512918 0.05609253 -0.001498746 0.02604512 0.05677278 -0.005332583 0.02524541 0.05577489 -0.001527336 0.02616135 0.05645515 -0.005361173 0.02527763 0.05544108 -0.001578869 0.02619357 0.05612133 -0.005412707 0.02522365 0.0551136 -0.001649872 0.02613959 0.05579386 -0.005483709 0.02508713 0.05481495 -0.001735478 0.02600307 0.05549521 -0.005569315 0.02487742 0.05456532 -0.001829873 0.02579336 0.05524558 -0.005663711 0.02460883 0.05438186 -0.001926594 0.02552477 0.05506211 -0.005760431 0.02429954 0.05427709 -0.002019076 0.02521547 0.05495735 -0.005852913 0.02397082 0.05425802 -0.002100994 0.02488676 0.05493827 -0.005934831 0.02364488 0.05432602 -0.0021668 0.02456081 0.05500627 -0.006000637 0.02334407 0.05447637 -0.002211987 0.02426001 0.05515662 -0.006045824 0.02308876 0.05469898 -0.002233485 0.02400469 0.05537924 -0.006067322 0.02289647 0.05497866 -0.0022298 0.02381241 0.05565891 -0.006063638 0.02278033 0.05529618 -0.002201207 0.02369626 0.05597644 -0.006035044 0.02274811 0.0556301 -0.002149655 0.02366405 0.05631035 -0.005983492 0.02280209 0.05595747 -0.002078671 0.02371803 0.05663773 -0.005912508 0.02293852 0.05625623 -0.001993068 0.02385446 0.05693648 -0.005826906 0.02314823 0.05650576 -0.001898691 0.02406416 0.05718602 -0.005732528 0.02341691 0.05668922 -0.001801949 0.02433285 0.05736948 -0.005635786 0.02372611 0.05679409 -0.00170947 0.02464205 0.05747434 -0.005543307 0.02990274 0.01571135 -0.003871632 0.0298057 0.01276311 -0.004417936 0.02974565 0.01564073 -0.00346262 0.02964861 0.01269249 -0.004008925 0.02948657 0.01558335 -0.003106929 0.02938953 0.01263511 -0.003653233 0.02914307 0.01554311 -0.002828773 0.02904603 0.01259487 -0.003375078 0.02873864 0.01552276 -0.002647095 0.0286416 0.01257452 -0.003193399 0.02830088 0.01552369 -0.002574357 0.02820384 0.01257545 -0.003120662 0.02785955 0.01554583 -0.002615457 0.02776251 0.01259759 -0.003161761 0.02744473 0.01558767 -0.002767546 0.02734769 0.01263942 -0.003313851 0.02708473 0.01564635 -0.003020301 0.02698769 0.01269811 -0.003566606 0.02680404 0.0157179 -0.003356574 0.026707 0.01276966 -0.003902879 0.02662189 0.01579742 -0.003753344 0.02652485 0.01284917 -0.004299648 0.02655058 0.01587949 -0.004183589 0.02645354 0.01293125 -0.004729893 0.0265949 0.01595853 -0.004618044 0.02649786 0.01301029 -0.005164348 0.02675208 0.01602914 -0.005027033 0.02665504 0.0130809 -0.005573337 0.02701116 0.01608653 -0.005382725 0.02691412 0.01313828 -0.005929029 0.02735457 0.01612677 -0.005660902 0.02725753 0.01317853 -0.006207207 0.02775897 0.01614711 -0.005842485 0.02766193 0.01319886 -0.006388789 0.02819674 0.01614617 -0.005915222 0.0280997 0.01319793 -0.006461527 0.02863809 0.01612405 -0.005874219 0.02854105 0.01317581 -0.006420523 0.02905288 0.0160822 -0.005722033 0.02895584 0.01313395 -0.006268338 0.02941289 0.01602351 -0.005469278 0.02931585 0.01307527 -0.006015583 0.0296936 0.01595198 -0.005133101 0.02959656 0.01300374 -0.005679406 0.02987585 0.01587246 -0.00473631 0.02977881 0.01292421 -0.005282614 0.02994716 0.01579039 -0.004306065 0.02985012 0.01284214 -0.004852369 0.02646796 0.01316038 0.01050529 0.02637092 0.01021214 0.009958983 0.02631088 0.01308977 0.01091429 0.02621384 0.01014152 0.01036798 0.0260518 0.01303238 0.01126999 0.02595476 0.01008414 0.01072369 0.0257083 0.01299215 0.01154813 0.02561126 0.01004391 0.01100182 0.02530388 0.0129718 0.01172977 0.02520684 0.01002356 0.01118346 0.02486611 0.01297273 0.01180253 0.02476907 0.01002449 0.01125623 0.02442477 0.01299487 0.01176146 0.02432773 0.01004662 0.01121516 0.02400996 0.01303671 0.01160934 0.02391292 0.01008846 0.01106304 0.02364997 0.0130954 0.01135656 0.02355293 0.01014715 0.01081026 0.02336927 0.01316694 0.01102033 0.02327223 0.0102187 0.01047402 0.02318712 0.01324645 0.01062358 0.02309008 0.01029821 0.01007727 0.0231158 0.01332852 0.01019332 0.02301876 0.01038028 0.009647016 0.02316013 0.01340757 0.009758875 0.02306309 0.01045933 0.009212571 0.02331731 0.01347818 0.009349886 0.02322027 0.01052994 0.008803582 0.02357639 0.01353556 0.008994194 0.02347935 0.01058732 0.00844789 0.02391979 0.0135758 0.008716036 0.02382275 0.01062756 0.008169731 0.02432421 0.01359615 0.008534386 0.02422717 0.01064791 0.007988082 0.02476198 0.01359522 0.00846162 0.02466494 0.01064698 0.007915315 0.02520332 0.01357308 0.0085027 0.02510628 0.01062484 0.007956396 0.02561813 0.01353125 0.008654809 0.02552109 0.010583 0.008108504 0.02597813 0.01347256 0.008907593 0.02588109 0.01052431 0.008361288 0.02625882 0.01340101 0.009243837 0.02616178 0.01045277 0.008697533 0.02644107 0.01332149 0.009640609 0.02634403 0.01037325 0.009094305 0.02651238 0.01323942 0.01007085 0.02641534 0.01029118 0.00952455 0.01705738 0.04780082 0.01711201 0.02165907 0.05121844 -0.002149276 0.01661593 0.04663666 0.0168872 0.02097916 0.04922602 -0.002665238 0.01582055 0.04365011 0.01650362 0.01594735 0.04420492 0.01656271 0.02051521 0.04713677 -0.003146785 0.01616638 0.04516368 0.0166648 0.01635315 0.04577567 0.01675721 0.02172664 0.03474389 -0.01942894 0.0219362 0.03468246 -0.01939771 0.01958374 0.03294245 -0.009539581 0.02048051 0.03163837 -0.009556726 0.02044829 0.03197219 -0.009505192 0.02282854 0.03374316 -0.01949036 0.02013986 0.03256939 -0.009472914 0.02250376 0.03432431 -0.0193773 0.02033215 0.03228981 -0.00947658 0.02252908 0.03430134 -0.01937867 0.02270208 0.03406295 -0.01941667 0.02270628 0.03405344 -0.01941882 0.02282093 0.03378809 -0.01947774 0.01988454 0.032792 -0.009494412 0.0220402 0.03465195 -0.01938224 0.02223986 0.03453722 -0.01937127 0.02231945 0.03449157 -0.01936693 0.02161078 0.03474968 -0.01945611 0.0192578 0.03301045 -0.009605387 0.02143102 0.03475863 -0.01949831 0.01892908 0.03299138 -0.009687305 0.0212859 0.03473076 -0.0195445 0.02113391 0.0347016 -0.01959297 0.01861978 0.03288652 -0.009779805 0.02098319 0.03463018 -0.01965522 0.0208657 0.03457445 -0.01970371 0.0183512 0.03270305 -0.009876526 0.02072193 0.03445479 -0.01978037 0.02065581 0.03439982 -0.01981573 0.01814149 0.03245352 -0.009970903 0.02052102 0.03421422 -0.01991258 0.02048968 0.03417099 -0.01993514 0.01800497 0.03215477 -0.01005653 0.0203928 0.03392508 -0.02004 0.02038373 0.03390206 -0.0200498 0.01795099 0.03182739 -0.01012751 0.02034648 0.0336065 -0.02015434 0.02038184 0.03331519 -0.02024578 0.0179832 0.03149348 -0.01017906 0.02039409 0.03328242 -0.02025399 0.02049353 0.03301651 -0.0203204 0.01809944 0.03117594 -0.01020763 0.02052165 0.0329743 -0.02032827 0.0206594 0.03276787 -0.02036662 0.01829173 0.03089627 -0.01021132 0.02072531 0.03270499 -0.02037341 0.02088525 0.03255247 -0.0203898 0.01854695 0.03067366 -0.01018984 0.02098832 0.03249121 -0.02038721 0.02116235 0.03238778 -0.02038277 0.01884785 0.0305233 -0.01014463 0.02129283 0.03234604 -0.0203663 0.02145868 0.03229305 -0.02034537 0.0191737 0.03045531 -0.01007885 0.02161879 0.03227913 -0.02031021 0.0217473 0.03226807 -0.0202821 0.01950251 0.03047438 -0.009996911 0.02194385 0.03229728 -0.02022151 0.02204748 0.03231269 -0.02018963 0.01981171 0.03057915 -0.00990445 0.02224575 0.03239737 -0.0201069 0.02232886 0.03243277 -0.0200722 0.02008039 0.03076261 -0.009807708 0.0225061 0.03256945 -0.01997201 0.02253898 0.03259485 -0.01995349 0.0202901 0.03101224 -0.009713312 0.02270444 0.03280956 -0.01983079 0.02042652 0.0313109 -0.009627728 0.02283089 0.0330987 -0.0196992 0.02272173 0.03283206 -0.01981798 0.02287514 0.03346701 -0.01956788 0.022876 0.03341748 -0.01958355 0.0228367 0.03311281 -0.01969291 0.02903053 0.07162554 0.0264031 0.02902444 0.07162895 0.02640118 0.02998815 0.07234513 0.02236936 0.02876977 0.07177437 0.02632117 0.02968725 0.07249559 0.02232417 0.03043566 0.07184295 0.02238717 0.02940779 0.07115793 0.02656425 0.03024337 0.07212253 0.02239084 0.02926217 0.07139378 0.02649189 0.02925383 0.07140724 0.02648776 0.03055189 0.07152532 0.02235858 0.02951038 0.07085195 0.02663552 0.02942835 0.0710967 0.02657855 0.03058411 0.0711915 0.02230705 0.02954012 0.0705135 0.02669179 0.02951821 0.07076244 0.0266504 0.03053013 0.07086403 0.02223605 0.0294925 0.0701866 0.02672807 0.02952538 0.07041208 0.02670304 0.03039361 0.07056538 0.02215044 0.02936281 0.0698603 0.02674379 0.02944587 0.07006926 0.0267337 0.0301839 0.07031574 0.02205605 0.02919279 0.06961436 0.0267394 0.02929 0.06975498 0.02674191 0.02991531 0.07013228 0.02195932 0.0289897 0.06942215 0.0267194 0.02906337 0.06949185 0.02672665 0.02960601 0.07002752 0.02186684 0.02873187 0.06926741 0.02668156 0.02878252 0.06929775 0.02668898 0.0292773 0.07000844 0.02178492 0.02843724 0.06917588 0.02662819 0.02846633 0.06918494 0.02663347 0.02778994 0.06923912 0.02648041 0.02781308 0.06923324 0.02648611 0.02895135 0.07007644 0.02171912 0.02808102 0.06916567 0.02655221 0.02813538 0.06916035 0.02656463 0.02754167 0.06937206 0.02641117 0.02865055 0.07022679 0.02167393 0.02752221 0.06938974 0.02640488 0.02731155 0.06958076 0.02633674 0.02839523 0.07044941 0.02165243 0.02728292 0.06962343 0.02632514 0.02714528 0.06982899 0.02626933 0.02820294 0.07072908 0.02165612 0.0271121 0.069917 0.02625058 0.02703966 0.0701088 0.02620967 0.0280868 0.07104661 0.02168471 0.02702158 0.07024991 0.02618667 0.02699641 0.07044747 0.02615457 0.02805459 0.07138052 0.02173626 0.02701379 0.07059923 0.02613645 0.02810857 0.0717079 0.02180725 0.02709128 0.07094309 0.02610276 0.02703531 0.07078674 0.0261141 0.028245 0.07200665 0.02189285 0.0284547 0.07225619 0.02198723 0.02748028 0.07152183 0.02609105 0.02732922 0.07137739 0.02608405 0.02725153 0.07125712 0.02608739 0.0271445 0.0710917 0.02609199 0.02872339 0.07243964 0.02208397 0.02903259 0.07254451 0.02217645 0.02808091 0.07183313 0.02616427 0.02782149 0.07175353 0.02612374 0.02776272 0.07171883 0.02611718 0.02756259 0.07160053 0.02609486 0.02873375 0.07178466 0.02631157 0.02851849 0.07184623 0.02625419 0.0293614 0.07256358 0.02225839 0.02841271 0.07185901 0.0262293 0.02811625 0.07184397 0.0261698 -0.00237527 0.01298106 0.02757938 -0.002537003 0.008067318 0.02666887 0.01275885 0.01185013 0.03099439 0.02042326 0.006351564 0.03184985 0.02058499 0.0112653 0.03276035 0.02660264 0.01814822 -0.005453596 0.02707736 0.01820384 -0.005838104 0.02747117 0.02167193 -0.02462432 0.02763637 0.01823196 -0.006089147 0.02824157 0.01823068 -0.006189761 0.02326957 0.01498879 0.01218895 0.02288158 0.01508768 0.01172416 0.02058499 0.0112653 0.03276035 0.02259244 0.01542032 0.009980382 0.02280964 0.01551793 0.009415003 0.02670433 0.01753975 -0.002187929 0.02316786 0.01559725 0.008923323 0.02364259 0.01565287 0.008538814 0.02419062 0.01155739 0.03054357 0.03678477 0.02091091 -0.02217169 0.02716504 0.01507862 0.01101219 0.02722648 0.01518788 0.01041166 0.02670132 0.02222596 -0.0274774 0.02681163 0.02218629 -0.02728291 0.03455305 0.02163921 -0.02570567 0.02704895 0.02210097 -0.02686471 0.02713339 0.02205513 -0.02663231 0.03673724 0.02119523 -0.02369761 0.03641564 0.02133555 -0.02439777 0.02885163 0.01820009 -0.006133014 0.03592034 0.02146179 -0.02499107 0.03528508 0.02156536 -0.02543715 0.0294251 0.01814224 -0.0059227 0.02992267 0.01806111 -0.005573244 0.03031067 0.01796222 -0.005108509 0.0305626 0.0178523 -0.004560031 0.03066125 0.01773884 -0.00396523 0.03059981 0.01762959 -0.003364732 0.02420161 0.015681 0.008287715 0.0248068 0.01567972 0.008187129 0.027202 0.01745861 -0.001838452 0.02541685 0.01564912 0.008243905 0.0277754 0.01740079 -0.001628255 0.0272981 0.02196576 -0.02617928 0.02734437 0.02191964 -0.02593863 0.02744682 0.02181735 -0.02540479 0.02745264 0.02178287 -0.02521973 0.03686313 0.02105038 -0.02293827 0.02648791 0.01551015 0.008803617 0.0268759 0.01541126 0.00926841 0.02838553 0.01737017 -0.00157139 0.02694793 0.014981 0.01157758 0.02658971 0.01490168 0.01206927 0.02611489 0.01484607 0.01245375 0.02631635 0.01763865 -0.002652761 0.02606452 0.01774857 -0.003201216 0.02596585 0.01786201 -0.003795922 0.03038269 0.01753195 -0.002799264 0.03002449 0.01745265 -0.002307651 0.02954966 0.01739703 -0.001923165 0.02599033 0.01559128 0.008454191 0.02899063 0.0173689 -0.001672027 0.02712783 0.01530133 0.009816888 0.02213636 0.0112246 0.03270445 0.02285 0.01126052 0.03238385 0.02434062 0.01484982 0.01274866 0.02376725 0.01490766 0.01253839 0.02136385 0.01122623 0.03283287 0.02555587 0.01481794 0.01270485 0.02495077 0.01481921 0.01280545 0.02391339 0.01143277 0.03126538 0.02345614 0.01133151 0.03189303 0.01476314 0.01224576 0.02850324 0.01456092 0.01215276 0.02904106 0.01446081 0.0121293 0.02918544 0.0140282 0.01202782 0.02980996 0.01379637 0.01197342 0.03014473 0.01353879 0.01193958 0.03037309 0.01303988 0.01187403 0.03081547 0.0129614 0.01186735 0.03086544 0.01275885 0.01185013 0.03099439 0.02262975 0.0151976 0.0111757 0.0225311 0.01531106 0.01058092 0.02737705 0.0215404 -0.02389776 0.02745384 0.0216477 -0.02449045 0.02602722 0.01797128 -0.004396537 0.02624441 0.01806889 -0.004961888 0.02364997 0.0130954 0.01135656 0.02320488 0.01302329 0.01182475 0.02400996 0.01303671 0.01160934 0.02370255 0.01294216 0.01217419 0.02442477 0.01299487 0.01176146 0.02427593 0.01288433 0.01238446 0.02486611 0.01297273 0.01180253 0.02488608 0.01285372 0.01244125 0.02530388 0.0129718 0.01172977 0.02549117 0.01285244 0.01234065 0.0257083 0.01299215 0.01154813 0.0260502 0.01288057 0.01208955 0.0260518 0.01303238 0.01126999 0.02652502 0.01293619 0.01170506 0.02631088 0.01308977 0.01091429 0.02688324 0.01301551 0.01121338 0.02646796 0.01316038 0.01050529 0.02710034 0.01311313 0.01064798 0.02651238 0.01323942 0.01007085 0.02716179 0.01322238 0.01004746 0.02644107 0.01332149 0.009640609 0.02706313 0.01333584 0.009452685 0.02625882 0.01340101 0.009243837 0.0268112 0.01344576 0.008904207 0.02597813 0.01347256 0.008907593 0.02642321 0.01354466 0.008439414 0.02561813 0.01353125 0.008654809 0.02592563 0.01362578 0.008089988 0.02520332 0.01357308 0.0085027 0.02535216 0.01368363 0.007879702 0.02476198 0.01359522 0.00846162 0.02474211 0.01371423 0.007822926 0.02432421 0.01359615 0.008534386 0.02413692 0.01371551 0.007923512 0.02391979 0.0135758 0.008716036 0.02357789 0.01368738 0.008174611 0.02357639 0.01353556 0.008994194 0.02310317 0.01363176 0.00855912 0.02331731 0.01347818 0.009349886 0.02274495 0.01355244 0.0090508 0.02316013 0.01340757 0.009758875 0.02252775 0.01345482 0.009616179 0.0231158 0.01332852 0.01019332 0.0224664 0.01334556 0.01021672 0.02318712 0.01324645 0.01062358 0.02256505 0.0132321 0.0108115 0.02336927 0.01316694 0.01102033 0.02281689 0.01312219 0.01135996 -0.002114379 -0.001504701 0.007960665 0.02668324 -0.003656664 0.01445884 -0.001700341 0.01107447 0.01029156 0.02709728 0.008922505 0.01678974 0.0180511 0.05095757 0.01885262 0.01738361 0.05005935 0.02270714 0.01830641 0.05073496 0.01887412 0.01739048 0.0500547 0.02270796 0.01860722 0.05058461 0.01891931 0.01769128 0.04990435 0.02275314 0.01893316 0.05051661 0.01898511 0.01801722 0.04983635 0.02281895 0.01926188 0.05053569 0.01906703 0.01834594 0.04985543 0.02290087 0.01957117 0.05064045 0.01915951 0.01865524 0.04996019 0.02299335 0.01983976 0.05082391 0.01925623 0.01866228 0.0499638 0.02299567 0.01892382 0.05014366 0.02309007 0.02004947 0.05107355 0.01935063 0.01913353 0.05039329 0.02318447 0.02018599 0.05137219 0.01943623 0.01927005 0.05069194 0.02327007 0.02023997 0.05169967 0.01950724 0.01932403 0.05101941 0.02334107 0.02020776 0.05203348 0.01955877 0.01929182 0.05135323 0.02339261 0.02009152 0.05235112 0.01958736 0.01917558 0.05167086 0.0234212 0.01989923 0.05263069 0.01959103 0.01898329 0.05195044 0.02342486 0.01964401 0.0528533 0.01956955 0.01872807 0.05217304 0.02340339 0.01934311 0.05300376 0.01952436 0.01842717 0.0523235 0.0233582 0.01901726 0.05307175 0.01945858 0.01810133 0.05239149 0.02329241 0.01868845 0.05305268 0.01937664 0.01777251 0.05237242 0.02321047 0.01837925 0.05294781 0.01928416 0.01746331 0.05226756 0.02311799 0.01811057 0.05276435 0.01918741 0.01719463 0.0520841 0.02302125 0.01790086 0.05251482 0.01909304 0.01698492 0.05183456 0.02292687 0.01776443 0.05221607 0.01900743 0.01684849 0.05153581 0.02284127 0.01771045 0.05188869 0.01893645 0.01679451 0.05120843 0.02277029 0.01774267 0.05155478 0.0188849 0.01682673 0.05087452 0.02271874 0.01785881 0.05123725 0.01885631 0.01694287 0.05055699 0.02269014 0.01713516 0.05027732 0.02268646 0.0107701 0.02452406 0.02366635 0.01092545 0.02447635 0.02371503 0.01197831 0.02542138 0.01860915 0.01230416 0.02535339 0.01867493 0.0106215 0.02459533 0.02361013 0.01167741 0.02557174 0.01856394 0.01048643 0.02468722 0.02354902 0.01036388 0.02480021 0.02348271 0.01142219 0.02579435 0.01854246 0.01025838 0.02493 0.02341382 0.0112299 0.02607402 0.01854615 0.01010105 0.02523564 0.02327118 0.01111366 0.02639156 0.01857472 0.01002489 0.02558294 0.02313199 0.01108145 0.02672547 0.01862627 0.01003494 0.02594824 0.02300665 0.01113543 0.02705285 0.01869725 0.01013042 0.02630644 0.02290393 0.01127195 0.0273516 0.01878288 0.01030493 0.0266334 0.02283054 0.01148166 0.02760113 0.01887725 0.01054674 0.02690678 0.02279054 0.01175025 0.0277846 0.01897398 0.01205955 0.02788946 0.01906648 0.01116408 0.02722441 0.02281461 0.01099777 0.0271771 0.02279579 0.01083964 0.0271083 0.02278549 0.01068641 0.02701641 0.02278366 0.01271421 0.02784053 0.0192142 0.01166205 0.02722284 0.0229158 0.01238826 0.02790853 0.01914839 0.01149794 0.0272473 0.02287501 0.01133059 0.02724761 0.02284101 0.01301501 0.02769008 0.01925937 0.01196753 0.02710517 0.02301443 0.01181874 0.02717549 0.02296233 0.01321085 0.02566069 0.01894607 0.01229171 0.02507194 0.0237655 0.01342056 0.02591032 0.01904047 0.01246821 0.02540036 0.02368333 0.01355699 0.02620898 0.01912605 0.01256446 0.02575922 0.02357743 0.01361097 0.02653645 0.01919705 0.01257374 0.02612386 0.02345527 0.01357875 0.02687027 0.01924859 0.01249559 0.0264697 0.02332486 0.01346262 0.02718789 0.0192772 0.0123354 0.02677312 0.02319415 0.01327032 0.02746747 0.01928087 0.01222912 0.02690112 0.02313178 0.0121044 0.02701379 0.02307088 0.01294217 0.02547723 0.01884933 0.01190581 0.02468553 0.02383042 0.01204704 0.02479634 0.02381743 0.01263297 0.02537246 0.01875687 0.01159147 0.02452285 0.02382901 0.01175119 0.0245927 0.02383441 0.01109004 0.02445168 0.02375685 0.01125689 0.02445136 0.02378991 0.01142476 0.02447514 0.02381408 0.02119431 0.06052732 -0.0006085932 0.02173821 0.0616723 -0.0002610937 0.02355419 0.06494923 0.0009710065 0.02256611 0.06325792 0.000288363 0.02240437 0.06294816 0.0001809895 0.02194642 0.06207099 -0.0001229766 0.01329796 0.02324603 -0.03047063 0.01348602 0.02324411 -0.03040778 0.02483418 0.0228052 -0.02718844 0.01351162 0.02324385 -0.03039921 0.01387628 0.02329321 -0.03018919 0.01387892 0.02329405 -0.03018695 0.01391386 0.02330545 -0.03015623 0.01419819 0.0233984 -0.02990602 0.01422008 0.02340553 -0.0298868 0.01426215 0.02343341 -0.0298285 0.02512825 0.02262244 -0.0273742 0.02512973 0.02262153 -0.02737515 0.01301126 0.02324897 -0.03056656 0.02497621 0.02271694 -0.02727815 0.02528894 0.02255449 -0.02742831 0.02531755 0.02254244 -0.02743791 0.02550806 0.02246225 -0.02750156 0.02577724 0.02238827 -0.02753009 0.02601485 0.02232296 -0.02755523 0.0260484 0.02231787 -0.02755208 0.02605237 0.02231726 -0.02755166 0.02659065 0.02223536 -0.0275004 0.02670132 0.02222596 -0.0274774 0.01502576 0.02570562 -0.02664999 0.01449347 0.02363276 -0.02942654 0.01465776 0.0243272 -0.02841051 0.01469755 0.02449533 -0.02816449 0.01470931 0.02454511 -0.0280917 0.01494564 0.02543039 -0.02696002 0.01606075 0.02895566 -0.02356002 0.01603986 0.02889576 -0.02360527 0.02477227 0.02710658 -0.02246228 0.01593672 0.02860023 -0.02382821 0.02475525 0.02654893 -0.02294914 0.01556074 0.02746593 -0.02481155 0.01548819 0.02723364 -0.02504163 0.01527995 0.02656715 -0.02570147 0.01522988 0.02640682 -0.02586019 0.0150322 0.02572765 -0.02662524 0.02052165 0.0329743 -0.02032827 0.0206594 0.03276787 -0.02036662 0.01702314 0.03160765 -0.02179857 0.01738164 0.03254543 -0.02129341 0.02038184 0.03331519 -0.02024578 0.01731677 0.03238048 -0.02137031 0.02039409 0.03328242 -0.02025399 0.02049353 0.03301651 -0.0203204 0.02072531 0.03270499 -0.02037341 0.02088525 0.03255247 -0.0203898 0.02098832 0.03249121 -0.02038721 0.02116235 0.03238778 -0.02038277 0.02129283 0.03234604 -0.0203663 0.02145868 0.03229305 -0.02034537 0.01635626 0.02980248 -0.0229211 0.01667432 0.03067399 -0.02235389 0.01681712 0.03106547 -0.02209913 0.02161879 0.03227913 -0.02031021 0.0217473 0.03226807 -0.0202821 0.02194385 0.03229728 -0.02022151 0.02204748 0.03231269 -0.02018963 0.02224575 0.03239737 -0.0201069 0.02232886 0.03243277 -0.0200722 0.0225061 0.03256945 -0.01997201 0.0228367 0.03311281 -0.01969291 0.02283089 0.0330987 -0.0196992 0.02272173 0.03283206 -0.01981798 0.02270444 0.03280956 -0.01983079 0.02253898 0.03259485 -0.01995349 0.02200361 0.06027462 -0.005254027 0.02266234 0.0600734 -0.005533308 0.02259921 0.06010056 -0.005534702 0.02263777 0.06008398 -0.005533859 0.02215636 0.06024368 -0.005375036 0.02221689 0.06022636 -0.005404862 0.02197326 0.06027747 -0.00521789 0.02184987 0.06028862 -0.005070526 0.02175745 0.06027856 -0.00489386 0.02740877 0.05287738 -0.006053129 0.02400782 0.05312687 -0.006815222 0.02740838 0.05287997 -0.00605057 0.02400391 0.05315263 -0.006789362 0.02738669 0.05301266 -0.005923702 0.02399046 0.05324199 -0.006699721 0.02397746 0.05345236 -0.006572435 0.02737534 0.05320337 -0.005812548 0.0239774 0.05345317 -0.006571887 0.02737491 0.0532112 -0.005808029 0.02396455 0.05366205 -0.006445349 0.02736026 0.0534585 -0.005663941 0.02396504 0.05378407 -0.006407097 0.02736116 0.05356749 -0.005629571 0.02396519 0.05382119 -0.006395467 0.0273613 0.05358104 -0.005625256 0.02396663 0.05413398 -0.006297368 0.02736378 0.05388022 -0.005530784 0.02596252 0.01600579 -0.00476074 0.02602722 0.01797128 -0.004396537 0.02590116 0.01589652 -0.004160125 0.02596585 0.01786201 -0.003795922 0.02599983 0.01578307 -0.003565419 0.02606452 0.01774857 -0.003201216 0.02625166 0.01567315 -0.003016964 0.02631635 0.01763865 -0.002652761 0.02663964 0.01557425 -0.002552132 0.02670433 0.01753975 -0.002187929 0.02713731 0.01549311 -0.002202655 0.027202 0.01745861 -0.001838452 0.02771071 0.01543529 -0.001992458 0.0277754 0.01740079 -0.001628255 0.02832083 0.01540467 -0.001935593 0.02838553 0.01737017 -0.00157139 0.02892594 0.0154034 -0.00203623 0.02899063 0.0173689 -0.001672027 0.02948497 0.01543154 -0.002287368 0.02954966 0.01739703 -0.001923165 0.02995979 0.01548715 -0.002671854 0.03002449 0.01745265 -0.002307651 0.03031799 0.01556646 -0.003163467 0.03038269 0.01753195 -0.002799264 0.03053512 0.01566409 -0.003728935 0.03059981 0.01762959 -0.003364732 0.03059655 0.01577334 -0.004329433 0.03066125 0.01773884 -0.00396523 0.03049791 0.0158868 -0.004924234 0.0305626 0.0178523 -0.004560031 0.03024598 0.01599673 -0.005472712 0.03031067 0.01796222 -0.005108509 0.02985797 0.01609561 -0.005937447 0.02992267 0.01806111 -0.005573244 0.0293604 0.01617674 -0.006286903 0.0294251 0.01814224 -0.0059227 0.02878693 0.01623459 -0.006497217 0.02885163 0.01820009 -0.006133014 0.02817688 0.01626519 -0.006553964 0.02824157 0.01823068 -0.006189761 0.02757168 0.01626646 -0.00645335 0.02763637 0.01823196 -0.006089147 0.02701267 0.01623834 -0.006202308 0.02707736 0.01820384 -0.005838104 0.02653794 0.01618272 -0.005817799 0.02660264 0.01814822 -0.005453596 0.02617972 0.0161034 -0.005326091 0.02624441 0.01806889 -0.004961888 0.02289647 0.05497866 -0.0022298 0.02278033 0.05529618 -0.002201207 0.02401287 0.05553559 -0.001864262 0.02274811 0.0556301 -0.002149655 0.02280209 0.05595747 -0.002078671 0.02364488 0.05432602 -0.0021668 0.02334407 0.05447637 -0.002211987 0.02308876 0.05469898 -0.002233485 0.02460883 0.05438186 -0.001926594 0.02429954 0.05427709 -0.002019076 0.02397082 0.05425802 -0.002100994 0.02522365 0.0551136 -0.001649872 0.02508713 0.05481495 -0.001735478 0.02487742 0.05456532 -0.001829873 0.02512918 0.05609253 -0.001498746 0.02524541 0.05577489 -0.001527336 0.02527763 0.05544108 -0.001578869 0.02438077 0.05674517 -0.001561746 0.02468167 0.05659471 -0.001516556 0.02493689 0.0563721 -0.00149508 0.02341691 0.05668922 -0.001801949 0.02372611 0.05679409 -0.00170947 0.02405492 0.05681316 -0.00162753 0.02293852 0.05625623 -0.001993068 0.02314823 0.05650576 -0.001898691 0.004948044 0.01757614 -0.009502652 0.005012738 0.01954164 -0.009138449 0.004886682 0.01746687 -0.008902037 0.004951375 0.01943236 -0.008537834 0.004985351 0.01735342 -0.008307332 0.005050045 0.01931892 -0.007943129 0.005237183 0.0172435 -0.007758876 0.005301876 0.019209 -0.007394673 0.005625164 0.0171446 -0.007294045 0.005689857 0.0191101 -0.006929842 0.006122833 0.01706346 -0.006944567 0.006187527 0.01902896 -0.006580364 0.006696228 0.01700564 -0.00673437 0.006760921 0.01897114 -0.006370167 0.007306357 0.01697502 -0.006677505 0.007371051 0.01894052 -0.006313302 0.007911461 0.01697375 -0.006778142 0.007976154 0.01893925 -0.006413939 0.008470493 0.01700189 -0.00702928 0.008535187 0.01896738 -0.006665077 0.008945316 0.0170575 -0.007413767 0.009010009 0.019023 -0.007049564 0.009303516 0.01713681 -0.007905379 0.00936821 0.0191023 -0.007541176 0.009520639 0.01723444 -0.008470847 0.009585332 0.01919994 -0.008106644 0.009582076 0.01734369 -0.009071345 0.009646769 0.01930919 -0.008707142 0.009483429 0.01745716 -0.009666146 0.009548123 0.01942265 -0.009301943 0.009231501 0.01756708 -0.01021462 0.009296194 0.01953257 -0.009850421 0.008843497 0.01766596 -0.01067936 0.00890819 0.01963146 -0.01031516 0.008345924 0.0177471 -0.01102881 0.008410617 0.01971259 -0.01066461 0.007772455 0.01780494 -0.01123913 0.007837149 0.01977044 -0.01087493 0.0071624 0.01783554 -0.01129588 0.007227094 0.01980103 -0.01093167 0.006557199 0.01783681 -0.01119526 0.006621893 0.01980231 -0.01083106 0.00599819 0.0178087 -0.01094422 0.006062883 0.01977419 -0.01058002 0.005523465 0.01775307 -0.01055971 0.005588158 0.01971857 -0.01019551 0.005165241 0.01767375 -0.010068 0.005229935 0.01963924 -0.0097038 0.001513269 0.01502517 0.004874267 0.001577963 0.01699067 0.00523847 0.001451925 0.01491592 0.005474805 0.001516619 0.01688141 0.005839008 0.001550576 0.01480246 0.006069587 0.00161527 0.01676795 0.00643379 0.001802408 0.01469254 0.006618043 0.001867101 0.01665803 0.006982246 0.002190398 0.01459364 0.007082836 0.002255091 0.01655914 0.007447039 0.002688077 0.01451251 0.007432275 0.00275277 0.01647801 0.007796478 0.003261453 0.01445468 0.007642549 0.003326147 0.01642017 0.008006752 0.003871601 0.01442407 0.007699337 0.003936294 0.01638957 0.00806354 0.004476695 0.01442279 0.007598738 0.004541389 0.01638829 0.007962941 0.005035719 0.01445092 0.007347639 0.005100412 0.01641642 0.007711842 0.005510541 0.01450654 0.006963152 0.005575234 0.01647203 0.007327355 0.00586876 0.01458586 0.006471463 0.005933453 0.01655135 0.006835666 0.006085864 0.01468348 0.005906072 0.006150558 0.01664897 0.006270275 0.006147308 0.01479273 0.005305545 0.006212001 0.01675823 0.005669748 0.006048654 0.01490619 0.004710773 0.006113348 0.01687168 0.005074976 0.005796726 0.01501611 0.004162295 0.005861419 0.01698161 0.004526498 0.005408736 0.01511501 0.003697502 0.005473429 0.0170805 0.004061705 0.004911156 0.01519614 0.003348075 0.00497585 0.01716163 0.003712278 0.00433768 0.01525398 0.00313779 0.004402374 0.01721947 0.003501993 0.003727632 0.01528458 0.003081014 0.003792326 0.01725007 0.003445217 0.003122438 0.01528586 0.0031816 0.003187132 0.01725135 0.003545803 0.002563415 0.01525773 0.003432699 0.002628108 0.01722322 0.003796902 0.00208869 0.01520211 0.003817208 0.002153384 0.0171676 0.004181411 0.001730473 0.01512279 0.004308887 0.001795167 0.01708828 0.004673091 0.03134568 0.06764506 0.02626154 0.03130349 0.06758037 0.02625626 0.03738424 0.07272241 0.003410135 0.02822069 0.05219638 -0.004581491 0.02810725 0.05048094 -0.00687247 0.02812232 0.05063935 -0.006703669 0.02817151 0.05141867 -0.005641443 0.02930242 0.05576795 -0.003689337 0.02289519 0.05100465 0.02314829 0.02924171 0.05559476 -0.00373457 0.03093579 0.06025998 -0.002475043 0.02456173 0.05550091 0.0242949 0.0304116 0.05893512 -0.002862378 0.02400003 0.05417333 0.02397448 0.02318626 0.05190688 0.02337792 0.02601502 0.05873981 0.025035 0.03232964 0.0634236 -0.001370263 0.02628106 0.05924846 0.02513228 0.03255714 0.0639256 -0.001186877 0.02718011 0.06096698 0.02546097 0.03121026 0.06095366 -0.002272305 0.03133002 0.06121805 -0.002175704 0.02497187 0.05647047 0.02452888 0.02558076 0.05790985 0.02487625 0.03455092 0.06774069 0.0005200837 0.03567628 0.06964499 0.001597795 0.03125196 0.06750125 0.02624981 0.03284581 0.0645625 -0.0009543012 0.03338397 0.06556556 -0.0004889577 0.02745851 0.06149922 0.02556275 0.03440158 0.06746243 0.0003910022 0.02835397 0.0629492 0.02576466 0.03450174 0.06764912 0.0004776879 0.02847369 0.06314316 0.02579167 0.02957509 0.06492668 0.02604001 0.02982668 0.06531297 0.02607149 0.03669938 0.07137634 0.002577612 0.03685082 0.07167396 0.00276165 0.03688865 0.07174834 0.002807673 0.03783354 0.0737269 0.004027388 0.03253144 0.06977099 0.02629226 0.03772993 0.07340209 0.003830548 0.0324944 0.06968127 0.02629596 0.03192045 0.06866391 0.02627876 0.03310615 0.07121 0.02622707 0.03308481 0.07111241 0.02623691 0.03257557 0.06987781 0.02628786 0.03315893 0.07145107 0.02620281 0.0378641 0.0738227 0.004085387 0.03822218 0.07494588 0.004765861 0.03833217 0.07631305 0.005541056 0.03587867 0.07449086 0.01581066 0.03827934 0.07565623 0.005168689 0.03824478 0.07522624 0.004924818 0.03822743 0.07501109 0.004802893 0.03326427 0.07193291 0.02615428 0.03342519 0.07266869 0.02608021 0.02803743 0.04974344 -0.007658639 0.0279521 0.04884397 -0.008617373 0.0274056 0.04395684 -0.01247019 0.02749704 0.04475333 -0.01189969 0.02773762 0.04686442 -0.01034312 0.02794944 0.04881523 -0.008647938 0.02770609 0.04657451 -0.01059501 0.02659408 0.03703568 -0.01620656 0.02669841 0.03792216 -0.01577363 0.02697544 0.04027834 -0.0146231 0.02702339 0.04068579 -0.01442416 0.01930264 0.03793118 0.02147793 0.02739315 0.04384814 -0.01254806 0.02724133 0.0425501 -0.01331816 0.02641672 0.03552868 -0.01684613 -0.002114379 -0.001504701 0.007960665 -0.001198441 -0.0008244453 0.004126828 0.02668324 -0.003656664 0.01445884 0.02759918 -0.002976408 0.010625 0.01344474 0.0494186 0.01653591 0.01472227 0.05254191 0.01729511 -0.003859421 0.01388312 0.02526082 0.0009868787 0.02209377 0.01792615 -0.003860984 0.01387713 0.02525438 -0.001381043 0.0175076 0.01989675 -0.003874064 0.01383883 0.0252286 -0.003014587 0.01445207 0.02156083 -0.003887842 0.01380353 0.02521602 -0.003841878 0.01395216 0.02534487 -0.003825641 0.01402828 0.0254571 0.007453807 0.03555751 0.01518081 0.009429113 0.03997542 0.01519961 0.003361913 0.02687741 0.01646589 0.005720251 0.03181086 0.01553054 0.01052795 0.04249251 0.01537746 -0.003848154 0.01392382 0.02530454 0.0004233406 0.02219636 0.0217489 0.001006699 0.02335279 0.02133771 0.001552544 0.02445399 0.02100751 -0.0001098171 0.02113968 0.02212462 0.01345452 0.04942587 0.01649496 0.01267958 0.04755531 0.01610204 0.01164673 0.0451025 0.01569132 0.01167632 0.04517142 0.01569962 0.02759918 -0.002976408 0.010625 -0.001198441 -0.0008244453 0.004126828 0.02801321 0.009602761 0.0129559 -0.0007844031 0.01175472 0.006457727 0.0318667 0.0734501 0.006320769 0.03175056 0.07376763 0.006349362 0.0329831 0.07400704 0.006686307 0.03171834 0.07410155 0.006400914 0.03177232 0.07442892 0.006471898 0.03261511 0.07279746 0.006383769 0.0323143 0.07294782 0.006338582 0.03205899 0.07317043 0.006317084 0.03357906 0.0728533 0.006623975 0.03326977 0.07274854 0.006531493 0.03294105 0.07272946 0.006449575 0.03419388 0.07358505 0.006900697 0.03405736 0.0732864 0.006815091 0.03384765 0.07303677 0.006720696 0.03409941 0.07456397 0.007051823 0.03421564 0.07424634 0.007023233 0.03424786 0.07391252 0.0069717 0.033351 0.07521662 0.006988822 0.0336519 0.07506616 0.007034013 0.03390712 0.07484355 0.007055489 0.03238714 0.07516067 0.00674862 0.03269634 0.07526554 0.006841099 0.03302515 0.07528461 0.006923039 0.03190875 0.07472768 0.006557501 0.03211846 0.07497721 0.006651878 -0.003317974 0.01415487 0.02172963 -0.00326272 0.01419591 0.02149836 -0.003309954 0.01417655 0.02150221 -0.004080324 0.01358095 0.02516173 -0.003255413 0.01419388 0.02170945 -0.004140314 0.01354556 0.0251503 -0.004180751 0.01353272 0.02514442 -0.004060046 0.01359294 0.02516558 -0.004043984 0.01360242 0.02516859 -0.003200341 0.01422822 0.02169177 -0.003994057 0.01365065 0.02518104 -0.003153437 0.01427446 0.02166548 -0.003958213 0.01368532 0.02518992 -0.003093661 0.01433334 0.02163189 -0.003925789 0.0137373 0.02520146 -0.003066064 0.01437477 0.02160712 -0.003896243 0.01378458 0.0252119 -0.00390245 0.01377465 0.0252097 -0.003322707 0.0141713 0.02150324 -0.003414494 0.01414973 0.02150064 -0.00424929 0.01351105 0.02513442 -0.003422437 0.01414952 0.02149933 -0.004287792 0.01350825 0.02513057 -0.00429001 0.01350809 0.02513032 0.01790086 0.05251482 0.01909304 0.01776443 0.05221607 0.01900743 0.01897521 0.05179418 0.01922184 0.01771045 0.05188869 0.01893645 0.01774267 0.05155478 0.0188849 0.01868845 0.05305268 0.01937664 0.01837925 0.05294781 0.01928416 0.01811057 0.05276435 0.01918741 0.01964401 0.0528533 0.01956955 0.01934311 0.05300376 0.01952436 0.01901726 0.05307175 0.01945858 0.02020776 0.05203348 0.01955877 0.02009152 0.05235112 0.01958736 0.01989923 0.05263069 0.01959103 0.02004947 0.05107355 0.01935063 0.02018599 0.05137219 0.01943623 0.02023997 0.05169967 0.01950724 0.01926188 0.05053569 0.01906703 0.01957117 0.05064045 0.01915951 0.01983976 0.05082391 0.01925623 0.01830641 0.05073496 0.01887412 0.01860722 0.05058461 0.01891931 0.01893316 0.05051661 0.01898511 0.01785881 0.05123725 0.01885631 0.0180511 0.05095757 0.01885262 0.02033215 0.03228981 -0.00947658 0.02044829 0.03197219 -0.009505192 0.01921575 0.03173288 -0.009842119 0.02048051 0.03163837 -0.009556726 0.02042652 0.0313109 -0.009627728 0.01958374 0.03294245 -0.009539581 0.01988454 0.032792 -0.009494412 0.02013986 0.03256939 -0.009472914 0.01861978 0.03288652 -0.009779805 0.01892908 0.03299138 -0.009687305 0.0192578 0.03301045 -0.009605387 0.01800497 0.03215477 -0.01005653 0.01814149 0.03245352 -0.009970903 0.0183512 0.03270305 -0.009876526 0.01809944 0.03117594 -0.01020763 0.0179832 0.03149348 -0.01017906 0.01795099 0.03182739 -0.01012751 0.01884785 0.0305233 -0.01014463 0.01854695 0.03067366 -0.01018984 0.01829173 0.03089627 -0.01021132 0.01981171 0.03057915 -0.00990445 0.01950251 0.03047438 -0.009996911 0.0191737 0.03045531 -0.01007885 0.0202901 0.03101224 -0.009713312 0.02008039 0.03076261 -0.009807708 0.02829495 0.05335008 -0.005181717 0.02833615 0.05319252 -0.005094872 0.02829777 0.05308902 -0.005154958 0.02797094 0.05372482 -0.005396398 0.02800566 0.0537038 -0.005384114 0.027953 0.05354516 -0.005437884 0.02835463 0.05266695 -0.004816977 0.02829475 0.05245635 -0.004711524 0.02832063 0.05259947 -0.0049196 0.02763855 0.05294878 -0.00588123 0.02764856 0.05299851 -0.005847165 0.02780724 0.0529333 -0.005793071 0.02767908 0.05314913 -0.005743974 0.02783244 0.05307829 -0.005685473 0.0279959 0.05246621 -0.005986229 0.02793854 0.05249271 -0.006044373 0.02793687 0.05260065 -0.00593245 0.02764578 0.05260833 -0.006215977 0.02759628 0.05262566 -0.006230465 0.02761148 0.05274191 -0.0061049 0.02788044 0.05251958 -0.006103254 0.02783322 0.05253819 -0.006131057 0.02778084 0.05266941 -0.006038594 0.02777815 0.05255988 -0.006163631 0.0277327 0.05257773 -0.006190415 0.02802284 0.05245376 -0.005958946 0.02812466 0.05239512 -0.005784141 0.0280699 0.05242665 -0.005878123 0.02806894 0.05252892 -0.00578352 0.02815148 0.05237972 -0.00573821 0.02816986 0.05236406 -0.005674519 0.02817336 0.05255851 -0.005515858 0.02821107 0.05232909 -0.005532114 0.02824263 0.05246537 -0.005314366 0.02827516 0.05236913 -0.005083598 0.02825611 0.05227174 -0.005243254 0.02824524 0.05230006 -0.005413917 0.02825486 0.05222192 -0.00487752 0.0282603 0.05222603 -0.004924841 0.02827072 0.05223385 -0.005014448 0.02826105 0.05225875 -0.005164669 0.02762762 0.05286574 -0.005970982 0.02778986 0.05279652 -0.00591122 0.02762363 0.05283475 -0.006004561 0.0279409 0.0527248 -0.005816286 0.0280709 0.05264498 -0.005683164 0.02795452 0.0528563 -0.005707381 0.0279774 0.05299358 -0.00560661 0.02810242 0.05288979 -0.005497606 0.02836253 0.0530917 -0.005039268 0.02836016 0.05296275 -0.004971733 0.02825806 0.05298247 -0.005219241 0.02830888 0.05279823 -0.005079115 0.02835651 0.05276254 -0.004866967 0.0283555 0.05271255 -0.004840812 0.02792103 0.05375495 -0.005413933 0.02783204 0.05378917 -0.005435068 0.02779006 0.05362568 -0.005498103 0.02775836 0.05350224 -0.00554563 0.02790564 0.05338587 -0.005506677 0.02804971 0.05367719 -0.005368607 0.02815576 0.05357203 -0.005308095 0.02809914 0.05342703 -0.005363939 0.02815731 0.0535705 -0.005307266 0.02818115 0.05354694 -0.005293647 0.02826749 0.05339761 -0.005208744 0.02821677 0.0532731 -0.005267995 0.0282922 0.05335474 -0.005184367 0.02804989 0.05328042 -0.005433852 0.0281699 0.05314455 -0.005336954 0.02800929 0.05313543 -0.005515083 0.02767906 0.05314921 -0.00574386 0.02770948 0.05329974 -0.005640709 0.0278654 0.05322968 -0.005589599 0.02772098 0.05335636 -0.005601832 0.02774747 0.05345974 -0.005562031 0.02820072 0.0527687 -0.005360703 0.02826556 0.05263173 -0.005193712 0.02829263 0.05248467 -0.005000705 0.02827873 0.05233659 -0.004792731 0.02828675 0.05242849 -0.004697614 0.01416958 0.04317905 -0.00553282 0.01275726 0.03949632 -0.007017808 0.01916283 0.03815997 -0.005724574 0.01970474 0.04202429 -0.004415316 0.02032998 0.04601314 -0.003390409 0.01568103 0.04698307 -0.004328987 0.02245595 0.05084005 -0.008656676 0.02237392 0.05059281 -0.008816861 0.02218066 0.05059735 -0.008510517 0.02183281 0.0519334 -0.007417969 0.02155987 0.05138599 -0.007619538 0.02126365 0.0515311 -0.007521412 0.02317893 0.05207305 -0.007959892 0.02309562 0.0519101 -0.008096976 0.02293856 0.051968 -0.007879664 0.02236926 0.05021582 -0.009418012 0.02234026 0.05012827 -0.009482938 0.02222943 0.05009185 -0.009186497 0.02216277 0.05354517 -0.006832801 0.02261783 0.05382346 -0.006674704 0.02219139 0.05325544 -0.006894796 0.02399323 0.05288548 -0.007076049 0.02400782 0.05312687 -0.006815222 0.02382707 0.05310763 -0.006858271 0.02399046 0.05324199 -0.006699721 0.02374203 0.05341511 -0.006633306 0.02396455 0.05366205 -0.006445349 0.02338289 0.05369722 -0.006557624 0.02369982 0.05413766 -0.006360459 0.0228391 0.05344214 -0.006743442 0.02317241 0.05404959 -0.006502087 0.02327048 0.05406591 -0.006475764 0.02114597 0.05252693 -0.007256394 0.02152991 0.05297023 -0.007086012 0.02172497 0.05278975 -0.007092823 0.02162085 0.05307525 -0.007045652 0.022041 0.0534396 -0.006880627 0.02097162 0.05169076 -0.007476673 0.02039881 0.05046287 -0.007837859 0.02038796 0.0504674 -0.007838395 0.02007637 0.05059771 -0.007854242 0.0202272 0.05095184 -0.007755373 0.0206781 0.05182686 -0.007492389 0.02069749 0.05185585 -0.007482613 0.0211387 0.05021406 -0.008022419 0.02085154 0.0502992 -0.007909189 0.02133084 0.0508097 -0.007818033 0.02084791 0.05030052 -0.007908571 0.02077668 0.05032632 -0.007897325 0.02156144 0.05011033 -0.008268062 0.02148514 0.05012765 -0.008218426 0.0216503 0.05070491 -0.007993491 0.02128783 0.05017222 -0.008089991 0.02125393 0.05017993 -0.008067927 0.02178554 0.05008037 -0.008489437 0.0218615 0.05035706 -0.008356362 0.02188207 0.05006741 -0.008584903 0.02210678 0.05033246 -0.008654357 0.02199355 0.05006942 -0.00875667 0.02221297 0.05008641 -0.009142672 0.02229641 0.05033997 -0.00897842 0.02217095 0.05007256 -0.009030279 0.02202565 0.05007002 -0.008806277 0.02257006 0.05073494 -0.009029512 0.02252237 0.05061166 -0.009121831 0.02243052 0.0503742 -0.009299528 0.02261289 0.05084569 -0.008946729 0.02279823 0.05132505 -0.008588068 0.02278955 0.0513026 -0.008604871 0.02263423 0.05131617 -0.008340236 0.0227019 0.05107608 -0.008774302 0.02283224 0.05176093 -0.008030491 0.02289219 0.05151219 -0.008431838 0.02317155 0.05234788 -0.00758841 0.02343413 0.05266661 -0.007320031 0.02372381 0.05290016 -0.007086583 0.02379661 0.05278191 -0.007232901 0.02354062 0.05256712 -0.007485124 0.02345481 0.05244979 -0.007597809 0.02383145 0.05281115 -0.007198626 0.02108586 0.05243695 -0.007286722 0.02132137 0.05226347 -0.007286904 0.02193628 0.05260874 -0.007135386 0.02235649 0.0530675 -0.006938465 0.02265347 0.05384533 -0.006662311 0.02184857 0.05126327 -0.007773495 0.02208684 0.05179401 -0.007552702 0.02236703 0.05228446 -0.007333322 0.02164113 0.05009962 -0.008346909 0.0217993 0.05066478 -0.008105447 0.02041528 0.0504569 -0.007840409 0.02344649 0.05351511 -0.006627848 0.02307959 0.05308562 -0.006908772 0.02295815 0.05325836 -0.006813965 0.0226967 0.05272263 -0.007116823 0.02252607 0.05288827 -0.007012283 0.02215227 0.05243835 -0.00721522 0.02157482 0.05209214 -0.007329889 0.02254213 0.05159779 -0.00794585 0.02273081 0.05154316 -0.00818424 0.02234756 0.05111061 -0.008226096 0.02254259 0.05108139 -0.008497897 0.02193783 0.05063382 -0.008230381 0.02211464 0.0511708 -0.007980181 0.02365326 0.05303242 -0.00694924 0.02232599 0.05168137 -0.007731943 0.02276514 0.05204752 -0.00767286 0.02257339 0.05215323 -0.007488221 0.02302291 0.05245047 -0.007409988 0.02286361 0.05257574 -0.007251059 0.02331978 0.05278774 -0.00716539 0.02320099 0.05292782 -0.007027125 0.02358288 0.05318007 -0.006825298 0.02351354 0.05334164 -0.006717313 0.0228036 0.05133902 -0.00857763 0.02167704 0.05009483 -0.008382373 0.02095423 0.04669853 -0.01042305 0.02222943 0.05009185 -0.009186497 0.02085835 0.04665467 -0.01012154 0.02221297 0.05008641 -0.009142672 0.02083517 0.04665222 -0.01007837 0.02029919 0.04665899 -0.00931295 0.02178554 0.05008037 -0.008489437 0.02039883 0.04665011 -0.00942719 0.02188207 0.05006741 -0.008584903 0.02062404 0.04662987 -0.009685806 0.02199355 0.05006942 -0.00875667 0.02065152 0.04663285 -0.009736931 0.02217095 0.05007256 -0.009030279 0.02009397 0.04670111 -0.009163888 0.01990373 0.04674018 -0.009025767 0.02156144 0.05011033 -0.008268062 0.02164113 0.05009962 -0.008346909 0.02167704 0.05009483 -0.008382373 0.0211387 0.05021406 -0.008022419 0.02125393 0.05017993 -0.008067927 0.02128783 0.05017222 -0.008089991 0.02085154 0.0502992 -0.007909189 0.01975131 0.04678444 -0.008962411 0.02084791 0.05030052 -0.007908571 0.01946195 0.04686834 -0.008842103 0.02077668 0.05032632 -0.007897325 0.01938943 0.04689467 -0.008831284 0.02041528 0.0504569 -0.007840409 0.01902797 0.04702595 -0.008777072 0.02039881 0.05046287 -0.007837859 0.01900087 0.04703577 -0.008773043 0.02038796 0.0504674 -0.007838395 0.02007637 0.05059771 -0.007854242 0.01513651 0.03234152 -0.01622473 0.0156349 0.03382267 -0.01522488 0.01588843 0.03390292 -0.01548551 0.01535396 0.03703927 -0.0127939 0.01649954 0.0402826 -0.01119384 0.01585481 0.03530601 -0.01405058 0.01533309 0.03378153 -0.01499921 0.01499629 0.03378538 -0.01482452 0.01696651 0.03844454 -0.01233417 0.01639955 0.0368612 -0.01316195 0.01605971 0.03688452 -0.01297869 0.01943757 0.04500882 -0.00965687 0.01879124 0.04333824 -0.01022873 0.01844623 0.04340259 -0.01003316 0.01628339 0.03429833 -0.0159543 0.01623298 0.0341501 -0.0160542 0.01608889 0.0340141 -0.01576584 0.01314318 0.02458547 -0.02374562 0.0133015 0.02478575 -0.02396867 0.01298452 0.02360985 -0.02528283 0.01561592 0.0323368 -0.01727676 0.01527122 0.03128665 -0.0180643 0.01511916 0.03112662 -0.01778597 0.01499339 0.03044009 -0.01869905 0.01441719 0.02861284 -0.0202171 0.01424934 0.02838559 -0.02002135 0.0144001 0.02855621 -0.020269 0.01385352 0.02707524 -0.02121512 0.01388883 0.02686056 -0.02182488 0.01348454 0.02580782 -0.02245715 0.01364316 0.0260025 -0.02269386 0.0134115 0.02519354 -0.02351301 0.01699404 0.0363195 -0.01473509 0.0171527 0.03703035 -0.01397521 0.01729502 0.03714979 -0.0142903 0.01774596 0.03839436 -0.01362358 0.01830352 0.04015542 -0.0124243 0.01843762 0.04025044 -0.0127484 0.02023254 0.04489604 -0.0109588 0.01966292 0.04344283 -0.0114675 0.01953368 0.04336937 -0.01112225 0.0193705 0.04269678 -0.01172869 0.01853927 0.04052334 -0.01261977 0.01946195 0.04686834 -0.008842103 0.01975131 0.04678444 -0.008962411 0.01909144 0.0450838 -0.009459164 0.01990373 0.04674018 -0.009025767 0.01745978 0.04182716 -0.01054848 0.01781947 0.04173955 -0.0106733 0.01816327 0.04168567 -0.01086646 0.01872844 0.04518865 -0.009334474 0.01808481 0.0434989 -0.009908255 0.01902797 0.04702595 -0.008777072 0.01836851 0.04531447 -0.00928014 0.01900087 0.04703577 -0.008773043 0.01772665 0.04361833 -0.009851605 0.01710336 0.04194016 -0.01048984 0.01685423 0.04017615 -0.01125403 0.01721221 0.04009716 -0.01137846 0.01755477 0.04005356 -0.01156863 0.01662535 0.03847791 -0.01214725 0.01551641 0.03531949 -0.01387154 0.01591608 0.0386481 -0.01196223 0.01626902 0.03854828 -0.01202385 0.01481415 0.03545883 -0.01368772 0.01516374 0.03537275 -0.01375093 0.01570526 0.0369463 -0.01285647 0.01450018 0.0322848 -0.01583635 0.01483545 0.03229038 -0.01600619 0.01402892 0.03081986 -0.01690509 0.01436261 0.03083469 -0.01706981 0.01358311 0.02939285 -0.01802895 0.01391508 0.02941668 -0.01818809 0.01316341 0.0280059 -0.01920602 0.01349356 0.02803845 -0.01935925 0.01277042 0.02666109 -0.02043423 0.01309869 0.02670213 -0.02058129 0.01240473 0.02536062 -0.0217118 0.01273123 0.02540986 -0.02185241 0.01206707 0.02410658 -0.02303673 0.0123916 0.02416373 -0.02317055 0.01429757 0.03390935 -0.01464237 0.01380509 0.03239344 -0.01565668 0.01333755 0.03091344 -0.01672866 0.01289542 0.0294714 -0.01785649 0.0128201 0.02801799 -0.01909903 0.01247937 0.02806966 -0.01903824 0.01323789 0.02941292 -0.0179186 0.01368184 0.03084803 -0.01679156 0.01415113 0.03232114 -0.01572007 0.01464538 0.03383019 -0.01470583 0.01172974 0.02409594 -0.02294236 0.01139448 0.02412763 -0.02288735 0.01206539 0.02535736 -0.02161295 0.01172833 0.02539559 -0.02155555 0.01242906 0.02666543 -0.02033118 0.01209022 0.02671031 -0.02027187 0.01175431 0.02291138 -0.02441516 0.01171504 0.02290681 -0.02440251 0.01165038 0.02289929 -0.02438173 0.0115173 0.02288386 -0.02433916 0.01539023 0.0324319 -0.01647694 0.01491652 0.03099588 -0.01752434 0.01446794 0.02959671 -0.01862576 0.01293787 0.02441227 -0.02353535 0.01327944 0.02564235 -0.02223618 0.01364872 0.02691787 -0.02098367 0.01404509 0.02823668 -0.0197795 0.01268567 0.02426844 -0.02334036 0.01302666 0.02550647 -0.02203094 0.01339554 0.02679033 -0.02076849 0.01379153 0.02811788 -0.01955473 0.01421418 0.029487 -0.01839159 0.01466273 0.03089558 -0.017281 0.01281854 0.02341686 -0.0250817 0.01273074 0.02331468 -0.02497516 0.02095423 0.04669853 -0.01042305 0.02085835 0.04665467 -0.01012154 0.02083517 0.04665222 -0.01007837 0.01998936 0.04497152 -0.01023237 0.02029919 0.04665899 -0.00931295 0.02039883 0.04665011 -0.00942719 0.01974183 0.04497172 -0.009922023 0.02062404 0.04662987 -0.009685806 0.01909547 0.04331303 -0.01048938 0.01934435 0.04332523 -0.01079386 0.01846749 0.04167217 -0.01112222 0.01810974 0.04008767 -0.01211046 0.01695524 0.03694017 -0.01367749 0.01727016 0.03845367 -0.01257906 0.01785865 0.04005151 -0.0118191 0.01641043 0.03540646 -0.0145519 0.01615727 0.03533669 -0.01428306 0.01670265 0.03688123 -0.01340076 0.01104119 0.02291579 -0.02426069 0.01097369 0.02293016 -0.02425789 0.01108907 0.02291256 -0.0242685 0.01235826 0.02307108 -0.02468513 0.01223888 0.02303051 -0.02462413 0.01261451 0.02323871 -0.02488473 0.01184762 0.02289355 -0.02841582 0.01317343 0.02344787 -0.02800072 0.009131714 0.02296949 -0.02479583 0.009352465 0.02255819 -0.02591033 0.009341441 0.02255582 -0.02586226 0.009334692 0.02255438 -0.02583282 0.00924572 0.02263457 -0.02541198 0.009203206 0.02273218 -0.02519124 0.009165095 0.02281969 -0.02499337 0.009158109 0.0228511 -0.02495201 0.007568504 0.02253458 -0.02499481 0.007747324 0.02260601 -0.02483028 0.00797115 0.02262509 -0.02512304 0.008975045 0.02306936 -0.02468658 0.007808556 0.0227642 -0.02415918 0.007907361 0.02289487 -0.02401035 0.007957897 0.02286306 -0.02421478 0.008058272 0.02310734 -0.02377154 0.008060289 0.02310339 -0.02378042 0.008051893 0.02309319 -0.02378622 0.008193166 0.02331473 -0.02369438 0.008139104 0.0232892 -0.02358213 0.008171843 0.02335015 -0.02357539 0.008153074 0.02334421 -0.02350466 0.008044188 0.02307583 -0.02380428 0.008112215 0.02304164 -0.02409385 0.008019918 0.02304378 -0.02384081 0.007756574 0.02272459 -0.02423027 0.007577153 0.02258792 -0.02447569 0.007581364 0.02258806 -0.0244852 0.007559163 0.02257421 -0.02450026 0.007546508 0.02256461 -0.02451751 0.007302303 0.02248084 -0.02504092 0.007386594 0.02249503 -0.02479802 0.007420361 0.02250972 -0.02473872 0.00743304 0.02251523 -0.02471656 0.007383313 0.02249459 -0.02515987 0.007263376 0.02248777 -0.02526924 0.007281567 0.02247734 -0.02510096 0.00768975 0.02253934 -0.02549366 0.007249271 0.02249588 -0.02539992 0.008059186 0.0225694 -0.02574572 0.007873679 0.02259576 -0.02612883 0.008260512 0.02261179 -0.02628408 0.008475914 0.02258205 -0.02589609 0.00838631 0.0226113 -0.02630377 0.008805266 0.02260968 -0.02636944 0.008917924 0.02257599 -0.02593148 0.008925133 0.02260415 -0.02636088 0.009354824 0.02258434 -0.02633028 0.009352465 0.02255819 -0.02591033 0.009444526 0.02257797 -0.02631176 0.008916911 0.02305954 -0.02470096 0.008913533 0.02293181 -0.02486904 0.008914338 0.02305909 -0.02470155 0.008696201 0.02291745 -0.0248727 0.008753041 0.02304061 -0.0247153 0.008853044 0.02304871 -0.02471668 0.008565388 0.02305088 -0.0246328 0.008581619 0.02304791 -0.02464604 0.008499234 0.02292467 -0.02478409 0.008597588 0.02304497 -0.02465902 0.00866793 0.02303976 -0.02469416 0.00851361 0.02306042 -0.02459058 0.008333884 0.02294996 -0.02461461 0.008445658 0.02308339 -0.02450184 0.008203999 0.02298989 -0.02437835 0.008335973 0.02314017 -0.02429167 0.00840642 0.02309667 -0.02445064 0.008246272 0.02322644 -0.02399085 0.008253279 0.02321487 -0.02402983 0.008275835 0.02317734 -0.02415588 0.008320643 0.02314967 -0.02425703 0.008197694 0.02330718 -0.02371967 0.008912458 0.02281449 -0.02506028 0.008912416 0.02271779 -0.02526567 0.008614224 0.02271399 -0.02525641 0.008249033 0.02263846 -0.02534068 0.008569334 0.02264498 -0.02546478 0.008913233 0.02264453 -0.02548213 0.00774795 0.02271803 -0.02424205 0.007779887 0.02270835 -0.02434579 0.007915023 0.02270845 -0.02467042 0.008102499 0.02270978 -0.02494372 0.008338673 0.02271159 -0.02514478 0.0084225 0.02280791 -0.02495826 0.008656695 0.02280568 -0.02505805 0.008068085 0.02283783 -0.02451877 0.008224013 0.02281916 -0.02477321 0.007832503 0.02256823 -0.02530773 0.02534379 0.0230362 -0.02630976 0.02536058 0.02306468 -0.02621984 0.02541842 0.02296467 -0.02627197 0.02550852 0.02309146 -0.02578797 0.02567608 0.0227031 -0.02395657 0.02568982 0.02267324 -0.02395858 0.02575674 0.02264137 -0.02419416 0.0259973 0.0222889 -0.02422041 0.02601485 0.02232296 -0.02755523 0.02577724 0.02238827 -0.02753009 0.02588688 0.02235868 -0.02739354 0.02499916 0.02271361 -0.02726617 0.02497621 0.02271694 -0.02727815 0.02512825 0.02262244 -0.0273742 0.0252063 0.02262485 -0.02729659 0.02512973 0.02262153 -0.02737515 0.02528894 0.02255449 -0.02742831 0.02544965 0.02264506 -0.02692072 0.02558333 0.02252524 -0.02707228 0.02531755 0.02254244 -0.02743791 0.02572992 0.02242887 -0.02723089 0.02550806 0.02246225 -0.02750156 0.02605237 0.02231726 -0.02755166 0.0260484 0.02231787 -0.02755208 0.02617294 0.02228589 -0.02687195 0.026606 0.02218667 -0.0271568 0.02638698 0.02221869 -0.02701647 0.02659065 0.02223536 -0.0275004 0.02744682 0.02181735 -0.02540479 0.02734437 0.02191964 -0.02593863 0.02705353 0.02194206 -0.02586944 0.0272981 0.02196576 -0.02617928 0.02712458 0.0218184 -0.02518945 0.02745264 0.02178287 -0.02521973 0.0270978 0.02169781 -0.02450851 0.02745384 0.0216477 -0.02449045 0.02747117 0.02167193 -0.02462432 0.02734794 0.02151731 -0.02376775 0.02737705 0.0215404 -0.02389776 0.02673003 0.02181943 -0.02451469 0.02637857 0.02201931 -0.02450529 0.02577467 0.02248814 -0.02397136 0.02586665 0.02245955 -0.02420987 0.02606774 0.0222898 -0.02447991 0.02547618 0.02341044 -0.02387819 0.02559781 0.023026 -0.02414959 0.02557865 0.02291551 -0.02394184 0.02548158 0.02359619 -0.02384426 0.02550734 0.02360827 -0.02405871 0.02548399 0.02368067 -0.02382879 0.02550358 0.0238352 -0.02390134 0.02552192 0.02370835 -0.02426377 0.02553491 0.02353236 -0.02429398 0.02558383 0.02328208 -0.02456949 0.02560179 0.02321653 -0.0248193 0.02553572 0.02353875 -0.02475412 0.0256095 0.02315212 -0.02507251 0.02560687 0.02308895 -0.02532775 0.02548355 0.02327327 -0.02556104 0.02559334 0.0230278 -0.02558275 0.02550063 0.02335986 -0.02529787 0.02533097 0.02278494 -0.02677892 0.02521765 0.022941 -0.0266482 0.02527779 0.02286131 -0.02671244 0.02523466 0.02275361 -0.02697379 0.02512386 0.02272947 -0.02713893 0.02504516 0.02284792 -0.0269919 0.02494297 0.0228185 -0.02711178 0.02713339 0.02205513 -0.02663231 0.02688236 0.02206579 -0.02653118 0.02661652 0.02211698 -0.02641659 0.02635777 0.02221263 -0.02629596 0.02611575 0.0223508 -0.02617339 0.02617561 0.02231066 -0.02531453 0.02615755 0.0223012 -0.02503037 0.02630081 0.02218208 -0.02506288 0.02621658 0.02214637 -0.02449463 0.02612143 0.02229405 -0.02475106 0.02645426 0.0220774 -0.02509341 0.02674626 0.02201486 -0.02578731 0.02678296 0.02191474 -0.02514724 0.0264489 0.02214264 -0.0256967 0.02617523 0.02232214 -0.02560149 0.02590009 0.02252821 -0.02605352 0.02555586 0.02334913 -0.02432587 0.02551813 0.02341764 -0.02409131 0.02547824 0.02348427 -0.0238647 0.02565253 0.02297715 -0.02438641 0.025823 0.02261653 -0.02443909 0.02569564 0.02293108 -0.02463416 0.02587505 0.02259512 -0.02469599 0.02572634 0.0228877 -0.02488983 0.02591217 0.02257678 -0.02496133 0.02574438 0.02284647 -0.02515013 0.02593381 0.02256099 -0.0252319 0.02574929 0.02280737 -0.02541349 0.02593972 0.02254752 -0.02550581 0.02574025 0.02277085 -0.02567754 0.02592873 0.02253654 -0.02578051 0.02571668 0.02273736 -0.02593993 0.02556845 0.0229695 -0.02583567 0.02547883 0.02286626 -0.02632904 0.02554595 0.02277198 -0.02638941 0.02538834 0.02271271 -0.02684845 0.02563789 0.02285112 -0.02588651 0.02561932 0.02268255 -0.02645265 0.02578397 0.02252099 -0.02658627 0.02596983 0.02238723 -0.02672722 0.0113564 0.01238583 0.03035885 0.01143495 0.01239706 0.03033923 0.01142283 0.01255567 0.03020318 0.0121128 0.01197428 0.03079196 0.01204028 0.01206154 0.03062892 0.01190186 0.01205607 0.03069525 0.01379637 0.01197342 0.03014473 0.01381077 0.01208915 0.02965048 0.01129659 0.01268446 0.03011605 0.01159935 0.01282693 0.02999039 0.01156488 0.0128091 0.03000695 0.01160133 0.01261897 0.03012455 0.01140911 0.01272853 0.03008158 0.01189733 0.01304889 0.02975092 0.01186515 0.01302492 0.02977675 0.01193882 0.0127984 0.02987446 0.01171089 0.01291005 0.02990074 0.01225449 0.01302597 0.02954485 0.01216129 0.01329076 0.02947796 0.01230283 0.01343473 0.02931248 0.01235058 0.01329104 0.02933522 0.01221467 0.01334501 0.02941562 0.01239609 0.01315251 0.02936189 0.01255699 0.01373954 0.02895392 0.012601 0.01358229 0.02896053 0.01252132 0.01369224 0.02901025 0.01282602 0.01409625 0.02852935 0.01282275 0.01388872 0.02855623 0.01281024 0.01407543 0.02855413 0.01308223 0.014357 0.02793581 0.01307989 0.0145561 0.02796974 0.01303723 0.01447869 0.02806392 0.01300607 0.01419999 0.02814297 0.01316999 0.01471925 0.02777117 0.0130275 0.01400554 0.02811797 0.01312414 0.01362449 0.02809056 0.01306712 0.01381311 0.0281005 0.0131836 0.01409733 0.02766386 0.0131541 0.01423583 0.0276815 0.01319782 0.01344144 0.02808831 0.01335422 0.01355286 0.02760791 0.01328745 0.01326579 0.02809347 0.0135643 0.01303769 0.02785831 0.01339217 0.0130993 0.02810627 0.0135113 0.01294373 0.02812674 0.01385285 0.01275016 0.0278996 0.01394007 0.01279399 0.02761323 0.01476314 0.01224576 0.02850324 0.01502843 0.01236772 0.02779793 0.01445561 0.01231166 0.028392 0.01456092 0.01215276 0.02904106 0.01282357 0.0119246 0.03066666 0.01303988 0.01187403 0.03081547 0.01244543 0.01190161 0.03090266 0.0121935 0.01194299 0.03082895 0.01268057 0.01201799 0.03046491 0.01171525 0.01212842 0.03060966 0.01196448 0.01219074 0.03044916 0.01168353 0.01215 0.03058839 0.01150931 0.01226832 0.03047135 0.01189395 0.01234192 0.03028521 0.01144921 0.01230917 0.03043096 0.0113909 0.01234874 0.03039181 0.01116525 0.0126284 0.03014933 0.01125077 0.01266892 0.03012676 0.01117908 0.01260235 0.03017055 0.01121182 0.01254114 0.03022061 0.01123799 0.01251303 0.03024567 0.01378851 0.0126715 0.02818964 0.01410756 0.0124581 0.02827933 0.01430827 0.01257035 0.02766162 0.01425348 0.01260361 0.02765443 0.01417874 0.01219538 0.02903932 0.01387671 0.01232911 0.02889115 0.01355865 0.01220948 0.02947617 0.01332168 0.01237755 0.02932116 0.01336143 0.01199789 0.0301977 0.01316254 0.01210459 0.03000573 0.01297358 0.01225043 0.02983007 0.01279889 0.01243229 0.02967464 0.01241474 0.01229694 0.03010462 0.01254341 0.01214282 0.0302764 0.01214711 0.01196097 0.0308077 0.01264229 0.01264667 0.02954318 0.01257182 0.01276452 0.02948726 0.012357 0.01278194 0.02963653 0.01250716 0.01288856 0.02943821 0.01244837 0.01301811 0.02939634 0.01210077 0.0129073 0.02971713 0.01219155 0.01268272 0.0298226 0.0122969 0.01247804 0.02995251 0.01182963 0.01251287 0.03013899 0.01177245 0.0127012 0.03001246 0.01163699 0.01244664 0.03025743 0.01285895 0.01371145 0.02854709 0.01264536 0.01342385 0.02896931 0.01290902 0.01353737 0.02854632 0.01269984 0.01326929 0.02898641 0.01297244 0.01336779 0.02855392 0.01276395 0.01311961 0.02901168 0.01304867 0.01320409 0.02856958 0.01283719 0.01297575 0.02904487 0.01313679 0.01304762 0.02859323 0.01291899 0.01283872 0.02908569 0.0132364 0.01289969 0.0286248 0.0130089 0.01270945 0.0291341 0.01334675 0.01276168 0.02866402 0.01359625 0.0125199 0.02876462 0.01310639 0.01258896 0.02918965 0.002995485 0.01460706 0.006867432 0.002688077 0.01451251 0.007432275 0.003410293 0.01456522 0.00701955 0.003261453 0.01445468 0.007642549 0.003851631 0.01454308 0.007060621 0.003871601 0.01442407 0.007699337 0.004289405 0.01454216 0.006987854 0.004476695 0.01442279 0.007598738 0.004693823 0.0145625 0.006806215 0.005035719 0.01445092 0.007347639 0.00503732 0.01460273 0.006528078 0.005510541 0.01450654 0.006963152 0.005296403 0.01466012 0.006172377 0.00586876 0.01458586 0.006471463 0.005453484 0.01473073 0.005763375 0.006085864 0.01468348 0.005906072 0.005497907 0.01480977 0.005328942 0.006147308 0.01479273 0.005305545 0.005426593 0.01489184 0.004898697 0.006048654 0.01490619 0.004710773 0.005244339 0.01497136 0.004501925 0.005796726 0.01501611 0.004162295 0.004963648 0.01504291 0.00416568 0.005408736 0.01511501 0.003697502 0.00460365 0.0151016 0.003912897 0.004911156 0.01519614 0.003348075 0.00418884 0.01514344 0.003760788 0.00433768 0.01525398 0.00313779 0.003747505 0.01516557 0.003719708 0.003727632 0.01528458 0.003081014 0.003309731 0.0151665 0.003792474 0.003122438 0.01528586 0.0031816 0.00290531 0.01514615 0.003974124 0.002563415 0.01525773 0.003432699 0.002561911 0.01510591 0.004252282 0.00208869 0.01520211 0.003817208 0.002302831 0.01504853 0.004607974 0.001730473 0.01512279 0.004308887 0.00214565 0.01497792 0.005016963 0.001513269 0.01502517 0.004874267 0.002101326 0.01489888 0.005451409 0.001451925 0.01491592 0.005474805 0.002172638 0.0148168 0.005881663 0.001550576 0.01480246 0.006069587 0.002354795 0.01473729 0.006278413 0.001802408 0.01469254 0.006618043 0.002635488 0.01466575 0.006614648 0.002190398 0.01459364 0.007082836 0.02020047 0.06336078 0.02005663 0.01963245 0.06321318 0.02396946 0.02054314 0.06389022 0.02016101 0.01964622 0.06323461 0.02397381 0.02160289 0.06551085 0.02038922 0.03167009 0.07034882 0.02715004 0.0321628 0.07160922 0.02704792 0.03121191 0.06751662 0.02646062 0.03257033 0.06988605 0.02639531 0.03254389 0.06990337 0.02649547 0.03253144 0.06977099 0.02629226 0.0294564 0.06548232 0.02678508 0.02806424 0.06329401 0.02650827 0.02820205 0.06322849 0.02637007 0.02710706 0.06097019 0.02566914 0.02558076 0.05790985 0.02487625 0.0259297 0.05874008 0.0252442 0.02835397 0.0629492 0.02576466 0.02839747 0.06315798 0.02601681 0.02625495 0.06132791 0.0263452 0.02487487 0.05646179 0.02474177 0.03240459 0.07293857 0.02683248 0.03225232 0.07295364 0.02681717 0.03233608 0.07226634 0.02695904 0.0324462 0.07293439 0.02683664 0.02393395 0.05414885 0.02415673 0.0239495 0.05415063 0.02412848 0.02395036 0.05415101 0.02412573 0.0250607 0.05903282 0.02590711 0.0241735 0.0566189 0.02536438 0.02399154 0.05669145 0.02539126 0.02300823 0.05433073 0.02478827 0.02347015 0.0559375 0.025176 0.02324052 0.05425095 0.02475689 0.02331886 0.05422597 0.02473944 0.02524061 0.05894955 0.02588027 0.02435039 0.05655739 0.0253003 0.02304226 0.05431751 0.02478935 0.02308849 0.05429963 0.02479083 0.02322458 0.05425611 0.02476048 0.02356913 0.05416684 0.02460605 0.02366666 0.05414999 0.02453083 0.02451503 0.05650931 0.02520159 0.02366984 0.05414943 0.02452837 0.02466085 0.05647662 0.02507202 0.02371432 0.05414615 0.02447778 0.02478221 0.05646073 0.02491659 0.02383038 0.05413745 0.02434593 0.02383131 0.05413755 0.02434412 0.03314651 0.07279867 0.02657155 0.03311546 0.07280927 0.0266061 0.03304225 0.07206452 0.02668389 0.03308376 0.07281733 0.02662806 0.03289207 0.07211743 0.02680668 0.03292686 0.07132183 0.02668831 0.03316397 0.07201355 0.02653209 0.03320858 0.07277773 0.02650275 0.03250822 0.06992493 0.02659189 0.03246356 0.06995044 0.02668349 0.03182726 0.06871548 0.02669245 0.03241059 0.06997972 0.02676938 0.03102489 0.06761826 0.0268234 0.03171656 0.0687783 0.0268613 0.03157745 0.06885763 0.02699935 0.03088808 0.06769819 0.02696328 0.02959231 0.06540765 0.02664497 0.033253 0.07196648 0.02635789 0.03331056 0.07273732 0.02635949 0.03327208 0.07275631 0.02643242 0.03339165 0.07269526 0.02619481 0.03338416 0.07270115 0.02622039 0.03336309 0.07271155 0.02626026 0.03339834 0.07268999 0.02617209 0.03328408 0.071945 0.02626454 0.03309653 0.07122581 0.0263296 0.03315893 0.07145107 0.02620281 0.03306776 0.07124623 0.02642605 0.03298238 0.0712945 0.0266063 0.03302948 0.07126922 0.02651857 0.03190543 0.06867148 0.02650089 0.03113418 0.06755688 0.02665311 0.02970219 0.06535299 0.02647564 0.02978192 0.06532036 0.02628504 0.03134568 0.06764506 0.02626154 0.03263833 0.07290833 0.02682016 0.03257875 0.07291701 0.02682835 0.03253146 0.07222041 0.02694707 0.03248771 0.07293032 0.02684083 0.03085696 0.06927135 0.02713069 0.03037918 0.06801099 0.02714756 0.03271931 0.07217014 0.02689555 0.03275889 0.07288884 0.02679461 0.03272413 0.07289578 0.02680839 0.03299629 0.07283969 0.02668878 0.03295673 0.07284985 0.02671621 0.03282266 0.07287627 0.02676932 0.03271537 0.07141333 0.02689105 0.03279282 0.07138152 0.02683154 0.03286351 0.07135096 0.0267637 0.03234975 0.07001244 0.02684851 0.03228153 0.07004817 0.02691987 0.03220663 0.07008663 0.02698262 0.03204049 0.07017009 0.0270801 0.03254409 0.07147904 0.02698312 0.03235729 0.07154526 0.02703621 0.02756158 0.06357735 0.02670382 0.02780019 0.06432959 0.02675003 0.02895624 0.06579062 0.02697783 0.02978875 0.06746704 0.0270864 0.02583981 0.05874769 0.02542282 0.02702048 0.06098649 0.0258519 0.02572107 0.05877363 0.02558179 0.02690494 0.06102251 0.02601462 0.02557777 0.05881719 0.0257143 0.02676437 0.06107734 0.02615011 0.02660456 0.06114862 0.02625288 0.02790687 0.06337653 0.0266126 0.0277369 0.06347233 0.02667877 0.0293002 0.06557396 0.02688997 0.02913107 0.06567824 0.02695525 0.03072992 0.06779332 0.02706667 0.03055774 0.06789915 0.0271291 0.03124006 0.06905053 0.02716046 0.03105715 0.06915548 0.02717629 0.03115015 0.0697667 0.02714286 0.02643237 0.06123333 0.02631887 0.02541526 0.05887672 0.02581508 0.03185897 0.07025877 0.0271368 0.03141607 0.06894982 0.02710051 0.02340152 0.05420561 0.02469843 0.02346344 0.05419034 0.02466768 0.02353556 0.05417262 0.02463192 0.02831448 0.06318265 0.02620373 0.02738545 0.0789794 0.02336266 0.02741453 0.07899027 0.02341415 0.02779231 0.080125 0.02291787 0.0274182 0.07899169 0.02342066 0.02750677 0.07902502 0.02357761 0.02788761 0.08016491 0.02306998 0.03119473 0.082646 0.008236678 0.03132111 0.0827457 0.008147362 0.03181446 0.08291591 0.007987954 0.03163648 0.08288251 0.008021308 0.0300613 0.08429495 0.02047034 0.03007472 0.08432254 0.02043548 0.02991406 0.08433563 0.02038015 0.03199794 0.08292455 0.007975731 0.03200042 0.08375963 0.009013841 0.03217856 0.08335175 0.008515672 0.03217643 0.08320406 0.008345497 0.03212146 0.08467687 0.01042058 0.03213437 0.08449982 0.01013987 0.03196961 0.08451949 0.01012173 0.03216013 0.08414657 0.009579828 0.03216959 0.08373696 0.009031455 0.03211244 0.08480036 0.01061625 0.03189815 0.08518095 0.01130658 0.03205825 0.08516158 0.0113272 0.03190814 0.08580604 0.01286271 0.03193636 0.08570419 0.01259733 0.03177771 0.0857163 0.01257608 0.0319652 0.08560044 0.01232675 0.03202435 0.08538761 0.01177185 0.03176732 0.08608019 0.0139101 0.03160073 0.08608508 0.01392208 0.03176158 0.08608513 0.01394539 0.03136048 0.08623182 0.0153178 0.03161328 0.08621342 0.0148637 0.03173166 0.086111 0.01413074 0.03143121 0.08621988 0.01581941 0.03105628 0.0861172 0.01672407 0.03145724 0.08623177 0.01569794 0.03152251 0.08622401 0.01534876 0.0307029 0.08574589 0.01807242 0.0304787 0.08511984 0.01934424 0.03059468 0.08532872 0.01900691 0.03031734 0.08513546 0.01929741 0.03086753 0.08574487 0.01812503 0.0303447 0.08487849 0.01973425 0.02950629 0.08340728 0.02132044 0.02966705 0.08338919 0.02137685 0.02971246 0.08350215 0.02128362 0.03004252 0.08425617 0.02051928 0.02944585 0.08283905 0.02183104 0.02910141 0.08239106 0.02212816 0.02936018 0.08262579 0.02200705 0.02875653 0.08097034 0.0230494 0.02886584 0.08128236 0.02287603 0.02870179 0.08131056 0.02282161 0.02898026 0.0816086 0.02269474 0.02926332 0.08236653 0.02218236 0.0283089 0.08018502 0.02341705 0.0285332 0.08222045 0.02106911 0.02844921 0.0819971 0.02120976 0.02846095 0.08210127 0.02136487 0.02806637 0.08097989 0.02185028 0.02807364 0.08107683 0.02202052 0.02791803 0.08058581 0.02209837 0.02769067 0.08000195 0.02258738 0.02768799 0.07991731 0.02240814 0.02883202 0.08292661 0.02045383 0.02885004 0.08305569 0.02060846 0.02906821 0.08348462 0.01996771 0.02923731 0.08391634 0.01973846 0.02921164 0.08377289 0.01960564 0.02955272 0.08445808 0.01874508 0.02961481 0.08464781 0.01874913 0.02958276 0.08450433 0.01865049 0.02996949 0.08520047 0.01764319 0.02992823 0.08503499 0.01756443 0.0305584 0.08563607 0.01517624 0.03035287 0.08544735 0.01591435 0.03028823 0.08553427 0.01643642 0.03023445 0.0853423 0.01638752 0.02998301 0.08511918 0.01739193 0.03076943 0.08550285 0.01391314 0.03063611 0.08542537 0.01442364 0.03049477 0.08543636 0.01516755 0.03098135 0.08437166 0.01125925 0.0309549 0.08450773 0.01157411 0.03102563 0.0846698 0.0115002 0.03085805 0.08500719 0.01272947 0.03092304 0.08516612 0.0126795 0.03084503 0.08507453 0.0128851 0.03070173 0.08531521 0.01394057 0.03100679 0.08388295 0.01048636 0.03108385 0.08404829 0.01038543 0.03103809 0.08328234 0.009536525 0.03110473 0.08332778 0.009332748 0.0310357 0.08319412 0.00943318 0.03109454 0.08252994 0.008339363 0.03101341 0.08237564 0.008474248 0.02732145 0.07891152 0.02313959 0.02735239 0.07894434 0.02324749 0.02772616 0.08006994 0.02275506 0.02735479 0.07894687 0.02325591 0.03146997 0.08282537 0.008074784 0.03147679 0.08364474 0.009097577 0.03132926 0.08355827 0.009161547 0.03145115 0.08438777 0.01018609 0.03130539 0.08429426 0.01023942 0.03138639 0.08503203 0.01134559 0.03124307 0.08493122 0.01138569 0.03127447 0.08555011 0.01258161 0.03113445 0.08544236 0.01260479 0.03110811 0.08590429 0.01388531 0.03097234 0.08579096 0.01388733 0.03088035 0.08604426 0.01523023 0.03074989 0.08592852 0.01520753 0.03058978 0.085934 0.0165798 0.03046563 0.08582074 0.01652994 0.03024939 0.08557782 0.01787332 0.0301318 0.08547146 0.01779714 0.02987439 0.08499108 0.01905255 0.02976262 0.08489538 0.01895409 0.0294791 0.08421949 0.02010014 0.02937223 0.08413625 0.01998407 0.029077 0.08331905 0.02101451 0.02897407 0.08324813 0.02088508 0.0286759 0.08232799 0.02180383 0.02857613 0.08226845 0.02166459 0.02827877 0.0812702 0.02248415 0.02818153 0.08122098 0.02233763 0.02731877 0.07888697 0.02307594 0.02731918 0.07889072 0.02308584 0.03120405 0.08345131 0.009240986 0.03118181 0.0841797 0.01030684 0.03112161 0.08480902 0.01143797 0.03101617 0.08531283 0.01263785 0.03085833 0.08565549 0.01389678 0.03064163 0.08579085 0.01518937 0.03036429 0.0856859 0.0164816 0.03003771 0.08534412 0.01771962 0.02967537 0.08477952 0.01885186 0.02929096 0.08403401 0.01986216 0.02889789 0.08315928 0.02074821 0.028504 0.08219191 0.02151658 0.02811255 0.08115567 0.02218122 0.0277685 0.07903771 0.0238267 0.02777098 0.07903761 0.02382846 0.02787552 0.07903218 0.02390178 0.02792483 0.07902408 0.02392244 0.02792623 0.07902393 0.02392304 0.02762763 0.07903732 0.02370885 0.0276307 0.07903772 0.02371221 0.02815068 0.08019506 0.02332345 0.02767714 0.07904242 0.02376262 0.03181827 0.08374667 0.0090228 0.03164177 0.08370796 0.009051074 0.03178899 0.08450186 0.01012647 0.03161428 0.08445751 0.01014812 0.03171948 0.08515842 0.01130559 0.03154708 0.08510824 0.01131873 0.03160158 0.08568884 0.01256721 0.03143199 0.08563281 0.01256913 0.03142751 0.08605331 0.01390302 0.0312616 0.08599237 0.01389066 0.03119064 0.08619788 0.01528623 0.03102894 0.08613469 0.01525673 0.03088999 0.08608403 0.01667836 0.03073282 0.0860224 0.01662977 0.03053979 0.08571677 0.01801305 0.03038694 0.08566014 0.01794604 0.03015651 0.08511261 0.01922686 0.03000723 0.08506402 0.01914439 0.02975467 0.08432041 0.02030117 0.02960807 0.08428136 0.02020684 0.02934778 0.08339954 0.0212355 0.02920302 0.08336978 0.0211324 0.02894328 0.08238995 0.0220392 0.02879984 0.08236873 0.0219299 0.02854369 0.08131536 0.02272991 0.028401 0.08130175 0.02261615 0.02800862 0.08018824 0.02320646 0.006430253 0.01715802 -0.007509458 0.006122833 0.01706346 -0.006944567 0.006845068 0.01711618 -0.007357369 0.006696228 0.01700564 -0.00673437 0.007286399 0.01709404 -0.007316269 0.007306357 0.01697502 -0.006677505 0.007724166 0.01709311 -0.007389007 0.007911461 0.01697375 -0.006778142 0.008128593 0.01711346 -0.007570685 0.008470493 0.01700189 -0.00702928 0.008472094 0.0171537 -0.007848841 0.008945316 0.0170575 -0.007413767 0.008731175 0.01721108 -0.008204533 0.009303516 0.01713681 -0.007905379 0.008888259 0.0172817 -0.008613544 0.009520639 0.01723444 -0.008470847 0.008932681 0.01736074 -0.009047977 0.009582076 0.01734369 -0.009071345 0.008861368 0.01744281 -0.009478222 0.009483429 0.01745716 -0.009666146 0.008679118 0.01752233 -0.009875013 0.009231501 0.01756708 -0.01021462 0.008398411 0.01759386 -0.01021119 0.008843497 0.01766596 -0.01067936 0.008038407 0.01765255 -0.01046395 0.008345924 0.0177471 -0.01102881 0.007623615 0.0176944 -0.01061613 0.007772455 0.01780494 -0.01123913 0.007182261 0.01771653 -0.01065713 0.0071624 0.01783554 -0.01129588 0.006744494 0.01771746 -0.0105844 0.006557199 0.01783681 -0.01119526 0.00634009 0.01769712 -0.01040281 0.00599819 0.0178087 -0.01094422 0.005996686 0.01765688 -0.01012464 0.005523465 0.01775307 -0.01055971 0.005737605 0.0175995 -0.009768945 0.005165241 0.01767375 -0.010068 0.005580424 0.01752888 -0.009359956 0.004948044 0.01757614 -0.009502652 0.005536099 0.01744984 -0.008925501 0.004886682 0.01746687 -0.008902037 0.005607412 0.01736777 -0.008495256 0.004985351 0.01735342 -0.008307332 0.005789565 0.01728825 -0.008098486 0.005237183 0.0172435 -0.007758876 0.006070249 0.0172167 -0.007762213 0.005625164 0.0171446 -0.007294045 0.02680404 0.0157179 -0.003356574 0.02625166 0.01567315 -0.003016964 0.02708473 0.01564635 -0.003020301 0.02663964 0.01557425 -0.002552132 0.02744473 0.01558767 -0.002767546 0.02713731 0.01549311 -0.002202655 0.02785955 0.01554583 -0.002615457 0.02771071 0.01543529 -0.001992458 0.02830088 0.01552369 -0.002574357 0.02832083 0.01540467 -0.001935593 0.02873864 0.01552276 -0.002647095 0.02892594 0.0154034 -0.00203623 0.02914307 0.01554311 -0.002828773 0.02948497 0.01543154 -0.002287368 0.02948657 0.01558335 -0.003106929 0.02995979 0.01548715 -0.002671854 0.02974565 0.01564073 -0.00346262 0.03031799 0.01556646 -0.003163467 0.02990274 0.01571135 -0.003871632 0.03053512 0.01566409 -0.003728935 0.02994716 0.01579039 -0.004306065 0.03059655 0.01577334 -0.004329433 0.02987585 0.01587246 -0.00473631 0.03049791 0.0158868 -0.004924234 0.0296936 0.01595198 -0.005133101 0.03024598 0.01599673 -0.005472712 0.02941289 0.01602351 -0.005469278 0.02985797 0.01609561 -0.005937447 0.02905288 0.0160822 -0.005722033 0.0293604 0.01617674 -0.006286903 0.02863809 0.01612405 -0.005874219 0.02878693 0.01623459 -0.006497217 0.02819674 0.01614617 -0.005915222 0.02817688 0.01626519 -0.006553964 0.02775897 0.01614711 -0.005842485 0.02757168 0.01626646 -0.00645335 0.02735457 0.01612677 -0.005660902 0.02701267 0.01623834 -0.006202308 0.02701116 0.01608653 -0.005382725 0.02653794 0.01618272 -0.005817799 0.02675208 0.01602914 -0.005027033 0.02617972 0.0161034 -0.005326091 0.0265949 0.01595853 -0.004618044 0.02596252 0.01600579 -0.00476074 0.02655058 0.01587949 -0.004183589 0.02590116 0.01589652 -0.004160125 0.02662189 0.01579742 -0.003753344 0.02599983 0.01578307 -0.003565419 0.02183912 0.04961792 0.02351052 0.02264829 0.05191004 0.02407311 0.02313736 0.05188431 0.02352929 0.02218541 0.05203715 0.02419096 0.02204477 0.05208766 0.02418004 0.02183784 0.05150367 0.02402684 0.02242176 0.05196437 0.02416119 0.02285106 0.05187749 0.02393217 0.02383131 0.05413755 0.02434412 0.02383038 0.05413745 0.02434593 0.02371432 0.05414615 0.02447778 0.02366984 0.05414943 0.02452837 0.02301747 0.05186876 0.02374708 0.02393395 0.05414885 0.02415673 0.02237701 0.04958729 0.02297513 0.02231625 0.04957372 0.02310415 0.02216179 0.04957248 0.02329813 0.02210631 0.04957832 0.02334232 0.02152128 0.04969327 0.02359798 0.01065227 0.01848027 -0.03186955 0.01081401 0.02339401 -0.03095904 0.009879663 0.01848191 -0.03174115 0.0100414 0.02339565 -0.03083064 0.009166048 0.01844601 -0.03142065 0.009327781 0.02335975 -0.03051014 0.008560002 0.01837501 -0.03092981 0.008721735 0.02328874 -0.0300193 0.008102733 0.01827374 -0.03030206 0.008264466 0.02318747 -0.02939156 0.007825422 0.01814914 -0.02958037 0.007987156 0.02306287 -0.02866987 0.01833492 0.05092414 0.01787116 0.02075919 0.05691529 0.01949332 0.02088824 0.05722621 0.01955686 0.02477323 0.05892468 -3.792047e-05 0.03043949 0.07401255 0.006798663 0.02989007 0.07243187 0.005805689 0.03226026 0.08034437 0.01316225 0.02019354 0.0555234 0.01913127 0.02674172 0.06390753 0.001610303 0.02192053 0.05971238 0.02006496 0.02648593 0.06323815 0.001334645 0.02576751 0.06142882 0.0007589175 0.03218708 0.08115858 0.01590803 0.03219332 0.08115815 0.0158675 0.03229836 0.08054397 0.01348357 0.02248652 0.06107556 0.02034354 0.02294068 0.06213588 0.02047306 0.02766491 0.06632322 0.00260494 0.02809083 0.0674378 0.003063884 0.03197409 0.07904727 0.01131427 0.03178058 0.07829502 0.01041497 0.03174078 0.07816108 0.01028873 0.02491234 0.06668537 0.02088504 0.02926568 0.07064492 0.004703116 0.02414575 0.06494926 0.02081668 0.02393864 0.06446567 0.02075763 0.02569368 0.06845504 0.02095471 0.02584272 0.06878165 0.02093715 0.02673632 0.07073971 0.02083183 0.03015628 0.0778141 0.01925104 0.03064336 0.07874188 0.01880222 0.02854423 0.06867549 0.00369647 0.03138512 0.08006198 0.01785759 0.03140252 0.08009269 0.01783485 0.032278 0.08115212 0.01531939 0.03228217 0.08115183 0.01529217 0.03231703 0.08102862 0.01472744 0.03232705 0.08099336 0.01456614 0.0323114 0.08074833 0.01397586 0.03212284 0.07962588 0.01200597 0.03215276 0.07978228 0.01225767 0.02977294 0.07708387 0.01960432 0.03071756 0.07888317 0.01873386 0.03104529 0.07946201 0.01830356 0.03169375 0.08055162 0.01729704 0.03180786 0.08073149 0.01708641 0.03189728 0.08084717 0.01685098 0.03204307 0.08103604 0.01646693 0.03206845 0.08105763 0.01636842 0.03121927 0.0764078 0.008635261 0.03101676 0.07578568 0.008158275 0.03053235 0.07429757 0.007017177 0.02727319 0.07191616 0.02076856 0.02755618 0.07251306 0.02067054 0.02932839 0.07081629 0.004790762 0.02830272 0.07408809 0.02041183 0.03141133 0.07705363 0.009244271 0.02864193 0.07480366 0.02029432 0.02898323 0.07549182 0.02008608 0.02960324 0.0767417 0.01970786 0.03678477 0.02091091 -0.02217169 0.02419062 0.01155739 0.03054357 0.02709728 0.008922505 0.01678974 0.02402889 0.006643652 0.02963307 0.03662304 0.01599717 -0.0230822 0.02801321 0.009602761 0.0129559 0.02759918 -0.002976408 0.010625 0.02668324 -0.003656664 0.01445884 0.03528508 0.02156536 -0.02543715 0.03512334 0.01665162 -0.02634766 0.03592034 0.02146179 -0.02499107 0.0357586 0.01654805 -0.02590157 0.03641564 0.02133555 -0.02439777 0.0362539 0.01642181 -0.02530828 0.03673724 0.02119523 -0.02369761 0.03657551 0.01628149 -0.02460812 0.03686313 0.02105038 -0.02293827 0.03670139 0.01613664 -0.02384878 -0.004185932 0.008309132 0.02565677 -0.004412742 0.01334967 0.02595201 -0.004574475 0.008435929 0.0250415 -0.004636172 0.01348505 0.02526107 -0.004797905 0.008571313 0.02435056 -0.004680807 0.01362081 0.02453633 -0.004842541 0.008707075 0.02362582 -0.004606993 0.01370935 0.0240454 -0.004768727 0.008795615 0.02313489 -0.00365576 0.008198612 0.02615904 -0.003778449 0.01316585 0.02683132 -0.004024199 0.01322287 0.02656728 -0.002852468 0.01306653 0.02743442 -0.002872721 0.01307014 0.02742834 -0.002939863 0.01309076 0.02740156 -0.003054064 0.0130961 0.02733412 -0.003439225 0.01311408 0.02710694 -0.003465923 0.01311531 0.02709129 -0.003479623 0.01311753 0.02707986 -0.003492389 0.0131196 0.02706924 -0.003016173 0.008111061 0.02651791 0.02391339 0.01143277 0.03126538 0.02375165 0.006519027 0.03035487 0.02345614 0.01133151 0.03189303 0.02329441 0.006417775 0.03098253 0.02285 0.01126052 0.03238385 0.02268826 0.006346778 0.03147334 0.02213636 0.0112246 0.03270445 0.02197463 0.006310861 0.03179394 0.02136385 0.01122623 0.03283287 0.02120211 0.006312492 0.03192236 0.007292348 0.02254686 -0.02576161 -0.001198441 -0.0008244453 0.004126828 -0.002114379 -0.001504701 0.007960665 -0.0007844031 0.01175472 0.006457727 -0.001700341 0.01107447 0.01029156 0.006125006 0.02167983 -0.02087549 0.01580102 0.05497742 0.02318694 0.01577894 0.05498993 0.02317554 0.01560563 0.05508823 0.02308604 0.01532863 0.05530081 0.02274418 0.01530959 0.05532693 0.02267962 0.01526379 0.05538974 0.02252395 0.01525534 0.05545155 0.02231492 0.01364316 0.0260025 -0.02269386 0.01436713 0.02699565 -0.02444002 0.0134115 0.02519354 -0.02351301 0.01406775 0.02595541 -0.02548478 0.0133015 0.02478575 -0.02396867 0.01391832 0.02539397 -0.02612497 0.01380804 0.02497956 -0.02659753 0.01623298 0.0341501 -0.0160542 0.01561592 0.0323368 -0.01727676 0.0164993 0.03326601 -0.02020562 0.01625084 0.032592 -0.0205394 0.01527122 0.03128665 -0.0180643 0.01600488 0.0319248 -0.02086971 0.01499339 0.03044009 -0.01869905 0.015537 0.03060632 -0.02163705 0.01441719 0.02861284 -0.0202171 0.01511793 0.02937466 -0.02246716 0.0144001 0.02855621 -0.020269 0.01491513 0.02875037 -0.02294856 0.01388883 0.02686056 -0.02182488 0.01474026 0.02821192 -0.02336362 0.01438011 0.02704074 -0.02439469 0.01729502 0.03714979 -0.0142903 0.01774596 0.03839436 -0.01362358 0.01843762 0.04025044 -0.0127484 0.01853927 0.04052334 -0.01261977 0.01699404 0.0363195 -0.01473509 0.01628339 0.03429833 -0.0159543 0.0193705 0.04269678 -0.01172869 0.01966292 0.04344283 -0.0114675 0.02023254 0.04489604 -0.0109588 0.02169185 0.04793949 -0.01156368 0.02118879 0.04635219 -0.01286633 0.01964622 0.06323461 0.02397382 0.01961621 0.06318995 0.02415533 0.020089 0.06273071 0.02499459 0.0215761 0.06504269 0.02534713 0.01995466 0.06283265 0.02491309 0.01983749 0.0629287 0.02480274 0.02114216 0.06539913 0.02480867 0.02112198 0.06542808 0.02469175 0.01962948 0.06314818 0.02433779 0.02110237 0.06545629 0.02457756 0.02110489 0.06546334 0.02451271 0.02116447 0.06537734 0.02486246 0.0196716 0.06308942 0.02451065 0.02122888 0.06531432 0.02501759 0.01974183 0.06301544 0.02466734 0.02123177 0.06531177 0.02502263 0.02133045 0.0652296 0.02515252 0.02136902 0.06519756 0.02520328 0.02144569 0.06513941 0.02526241 0.02153363 0.06507266 0.02533026 0.02713035 0.0778939 0.0239998 0.02697523 0.07784002 0.02367452 0.02204304 0.06661138 0.02516247 0.02390728 0.06909404 0.02563569 0.02724813 0.07789951 0.0241397 0.02239489 0.06636572 0.02549876 0.02738693 0.07789108 0.02425885 0.02647193 0.0757036 0.02475654 0.02693932 0.07568105 0.02498083 0.02699445 0.07582937 0.02494873 0.02675843 0.07564336 0.02497148 0.02754218 0.07786896 0.02435337 0.0276991 0.07782581 0.02438704 0.02797157 0.07863417 0.02411504 0.02582778 0.07325475 0.02538995 0.0252327 0.07186535 0.02553591 0.02563309 0.07240571 0.02551016 0.02266826 0.06805163 0.02474221 0.02338717 0.06937665 0.02477732 0.02460012 0.07049195 0.02561643 0.02110489 0.06546334 0.02451271 0.02192292 0.0667156 0.02483332 0.02112198 0.06542808 0.02469175 0.02196946 0.06667099 0.02500543 0.02660696 0.07567934 0.02487667 0.02554917 0.07334519 0.02517648 0.02568024 0.07330507 0.02529613 0.02495875 0.07197281 0.02532423 0.02508758 0.07192384 0.02544315 0.0243308 0.07061593 0.02540703 0.02445726 0.07055838 0.02552494 0.02364298 0.06923481 0.02542924 0.02376692 0.06916853 0.02554583 0.02291493 0.06787742 0.02539202 0.02303623 0.06780276 0.02550708 0.02214123 0.06653879 0.02529957 0.02225984 0.06645598 0.02541291 0.02317396 0.06772036 0.02559506 0.02391137 0.06877348 0.02566311 0.02694248 0.07779365 0.02350005 0.02703839 0.07787386 0.02384311 0.02617848 0.0756705 0.02410648 0.02526849 0.07338085 0.02452263 0.02468584 0.0720455 0.02467012 0.02406611 0.07072364 0.02475362 0.0219044 0.06674403 0.02465243 0.02620896 0.07569838 0.02428448 0.02529638 0.0733918 0.02470241 0.02471221 0.07204754 0.02485048 0.02409075 0.07071743 0.02493432 0.02340985 0.06936253 0.02495819 0.02268903 0.06803014 0.02492316 0.02626914 0.07571356 0.02445601 0.02535353 0.07338955 0.02487519 0.02476748 0.07203595 0.02502349 0.02414413 0.07069704 0.02510737 0.02346109 0.0693336 0.02513106 0.0227379 0.0679932 0.0250957 0.02635786 0.07571537 0.02461504 0.02543875 0.07337385 0.02503485 0.02485067 0.07201076 0.02518307 0.02422508 0.07066284 0.02526658 0.02353966 0.06929052 0.0252897 0.02281415 0.06794169 0.02525363 0.02669199 0.06763467 -0.002643537 0.02652803 0.06771461 -0.002601022 0.02636722 0.06777825 -0.002528719 0.02586464 0.06783059 -0.001998682 0.02595985 0.06784967 -0.002159204 0.026078 0.06784738 -0.002304578 0.02621541 0.06782329 -0.002429082 0.02579576 0.06779059 -0.001828278 0.02580834 0.06781114 -0.001818916 0.02510763 0.06747928 0.002169478 0.02485761 0.06706784 0.001953274 0.02374385 0.06525757 0.001114015 0.01694909 0.04748068 -0.008848645 0.01624789 0.04574506 -0.009357409 0.01043219 0.02822328 -0.01943883 0.01136607 0.03262795 -0.015835 0.01189605 0.03416804 -0.01480348 0.01205702 0.03416766 -0.01488883 0.01038449 0.02965928 -0.01807457 0.01086187 0.03112417 -0.01692591 0.01102157 0.0311328 -0.01700632 0.009512336 0.02685489 -0.02053647 0.009934444 0.02823545 -0.01927879 0.01009262 0.0282527 -0.01935364 0.008754911 0.02423235 -0.02320381 0.009119001 0.02551979 -0.02184557 0.009275642 0.02554509 -0.02191415 0.01641217 0.04571038 -0.009454211 0.01608511 0.04388949 -0.01012556 0.01477185 0.04052978 -0.01148616 0.009075745 0.02426841 -0.02331639 0.008487044 0.02411241 -0.02302805 0.01658684 0.04750297 -0.008396104 0.01588177 0.04575005 -0.008913456 0.01519645 0.04401151 -0.009500428 0.01453028 0.04229117 -0.0101566 0.01388425 0.04059159 -0.01088064 0.01265669 0.03726561 -0.01252695 0.01325942 0.03891555 -0.01167119 0.01152158 0.0340553 -0.01442894 0.01207704 0.03564468 -0.01344665 0.01099124 0.03250016 -0.01547251 0.01048695 0.03098193 -0.01657602 0.01000962 0.02950311 -0.01773767 0.009559859 0.02806587 -0.01895536 0.009138268 0.0266724 -0.0202269 0.008745581 0.02532497 -0.02155024 0.008382462 0.02402573 -0.02292307 0.008612465 0.02418199 -0.02312262 0.008910783 0.02426149 -0.02326907 0.009244634 0.02425339 -0.02334465 0.008914338 0.02305909 -0.02470155 0.01261255 0.035737 -0.0139203 0.01245103 0.03574198 -0.01383281 0.01319197 0.03733727 -0.01301371 0.01222822 0.03414737 -0.01494866 0.01278462 0.03571242 -0.01398132 0.01336475 0.03730846 -0.01307562 0.01396788 0.03893291 -0.01223284 0.01240369 0.03410814 -0.01498173 0.01296093 0.03566978 -0.01401426 0.01354208 0.03726228 -0.01310833 0.01414599 0.03888317 -0.01226516 0.01556448 0.04402461 -0.009936336 0.01541849 0.04219941 -0.0107725 0.01459279 0.04058291 -0.01145441 0.01379424 0.0389658 -0.01217031 0.01302992 0.03734697 -0.01292415 0.01523854 0.04225598 -0.0107416 0.01441831 0.0406201 -0.01139132 0.01363164 0.03898048 -0.01207896 0.01489989 0.04232191 -0.01058368 0.01572828 0.04399513 -0.01003202 0.01658877 0.04566037 -0.009517717 0.017474 0.04731946 -0.009034487 0.00966984 0.02687624 -0.02060836 0.01054341 0.0296723 -0.01815229 0.01152632 0.03263214 -0.01591794 0.009836684 0.02687579 -0.02066008 0.009441569 0.02554838 -0.02196376 0.01000744 0.02685407 -0.02069064 0.009611428 0.02553006 -0.0219933 0.01088473 0.02963549 -0.01823993 0.01071206 0.0296641 -0.01820777 0.01026036 0.02824843 -0.01940739 0.0118713 0.03258026 -0.01600947 0.01169672 0.03261582 -0.01597653 0.01119105 0.03112063 -0.01706356 0.01136467 0.03108849 -0.01709612 0.01669157 0.04751314 -0.00858765 0.01680616 0.04750254 -0.008717717 0.01597814 0.04576488 -0.009081445 0.01610168 0.04576325 -0.00923136 0.01529397 0.04403269 -0.009665032 0.01541816 0.04403714 -0.00981215 0.01462889 0.04231838 -0.01031768 0.01475358 0.04232878 -0.01046185 0.01398389 0.04062478 -0.01103791 0.01410901 0.04064108 -0.01117885 0.01335993 0.03895449 -0.01182452 0.01348543 0.03897645 -0.01196207 0.01275804 0.03731027 -0.01267615 0.01288386 0.03733768 -0.01281014 0.01217916 0.03569473 -0.01359158 0.01230514 0.03572752 -0.01372176 0.01162421 0.03411061 -0.01456937 0.01175042 0.03414858 -0.01469566 0.01109442 0.03256048 -0.01560826 0.01122069 0.03260358 -0.01573039 0.01059064 0.03104714 -0.01670692 0.01071693 0.03109505 -0.01682485 0.01011368 0.02957301 -0.01786369 0.01023984 0.02962564 -0.01797716 0.009664134 0.02814025 -0.01907626 0.009790318 0.02819737 -0.01918518 0.009242842 0.02675109 -0.02034268 0.00936871 0.02681256 -0.02044694 0.008850258 0.02540773 -0.02166058 0.00897588 0.02547336 -0.02176009 0.01425531 0.04063968 -0.01129835 0.01506337 0.0422974 -0.01067813 0.01590417 0.04394932 -0.01009557 0.01677057 0.04559728 -0.009546719 0.02521547 0.05495735 -0.005852913 0.02488676 0.05493827 -0.005934831 0.02456081 0.05500627 -0.006000637 0.02108586 0.05243695 -0.007286722 0.02366405 0.05631035 -0.005983492 0.02114597 0.05252693 -0.007256394 0.02369626 0.05597644 -0.006035044 0.02381241 0.05565891 -0.006063638 0.02426001 0.05515662 -0.006045824 0.02400469 0.05537924 -0.006067322 0.02552477 0.05506211 -0.005760431 0.02579336 0.05524558 -0.005663711 0.02600307 0.05549521 -0.005569315 0.02855226 0.05610347 -0.004851737 0.02497086 0.05749341 -0.005461368 0.02529671 0.05742542 -0.005395584 0.02559761 0.05727496 -0.005350393 0.02585283 0.05705236 -0.005328917 0.02385446 0.05693648 -0.005826906 0.02371803 0.05663773 -0.005912508 0.02162085 0.05307525 -0.007045652 0.02152991 0.05297023 -0.007086012 0.02613959 0.05579386 -0.005483709 0.02619357 0.05612133 -0.005412707 0.02872564 0.05666042 -0.00471139 0.02616135 0.05645515 -0.005361173 0.02604512 0.05677278 -0.005332583 0.02464205 0.05747434 -0.005543307 0.02433285 0.05736948 -0.005635786 0.02406416 0.05718602 -0.005732528 0.02069749 0.05185585 -0.007482613 0.0206781 0.05182686 -0.007492389 0.0202272 0.05095184 -0.007755373 0.01713516 0.05027732 0.02268646 0.01694287 0.05055699 0.02269014 0.01682673 0.05087452 0.02271874 0.01679451 0.05120843 0.02277029 0.01684849 0.05153581 0.02284127 0.01746331 0.05226756 0.02311799 0.01719463 0.0520841 0.02302125 0.01698492 0.05183456 0.02292687 0.01777251 0.05237242 0.02321047 0.01810133 0.05239149 0.02329241 0.01842717 0.0523235 0.0233582 0.01872807 0.05217304 0.02340339 0.01892382 0.05014366 0.02309007 0.01913353 0.05039329 0.02318447 0.01898329 0.05195044 0.02342486 0.01917558 0.05167086 0.0234212 0.02204477 0.05208766 0.02418004 0.01929182 0.05135323 0.02339261 0.01932403 0.05101941 0.02334107 0.01927005 0.05069194 0.02327007 -0.003825641 0.01402828 0.0254571 -0.003743443 0.01423237 0.0258487 -0.003776702 0.01419151 0.02571289 -0.003780463 0.01418687 0.0256975 -0.003806024 0.01411232 0.02557018 -0.003543012 0.01416324 0.0263583 -0.003595748 0.01420748 0.02625819 -0.003619425 0.01421724 0.02619918 -0.003685814 0.01424452 0.02603416 -0.00368765 0.01424525 0.02602978 -0.003701847 0.01424198 0.02598366 -0.003175731 0.01374076 0.02688379 -0.003298663 0.01390224 0.02674503 -0.00336607 0.01398121 0.0266481 -0.003411434 0.0140343 0.02658294 -0.003466733 0.01409916 0.0265033 -0.003271185 0.01386476 0.02677802 0.01491513 0.02875037 -0.02294856 0.01497327 0.02881386 -0.02305445 0.01559817 0.03067249 -0.02175457 0.01625084 0.032592 -0.0205394 0.01630139 0.03263312 -0.02066099 0.01657734 0.03070188 -0.02234488 0.01556074 0.02746593 -0.02481155 0.01545618 0.02724174 -0.02504012 0.01478378 0.02574181 -0.02662563 0.01449347 0.02363276 -0.02942654 0.01427401 0.02354915 -0.0295899 0.01448183 0.02357881 -0.02952444 0.01438604 0.02355664 -0.02957056 0.01431365 0.02355001 -0.02958903 0.01444194 0.02435022 -0.02839257 0.01597517 0.02891089 -0.02359738 0.017255 0.03259108 -0.02129105 0.01769432 0.03385816 -0.02071024 0.01702456 0.03265827 -0.02125468 0.01751617 0.03391199 -0.02067637 0.01764919 0.03387519 -0.02070955 0.0168014 0.03269749 -0.02116696 0.01728303 0.03396202 -0.02058317 0.01719792 0.03397675 -0.02054048 0.01659899 0.03270642 -0.02103313 0.01708416 0.03398224 -0.02044994 0.01690776 0.03397038 -0.02026017 0.01642893 0.03268453 -0.02086115 0.01702923 0.03398497 -0.02040603 0.01702949 0.03398491 -0.02040629 0.01679709 0.03393345 -0.0200703 0.01681226 0.03393978 -0.02009946 0.01687637 0.03396668 -0.02022252 0.01443335 0.02707704 -0.02454664 0.01358349 0.02404389 -0.02781901 0.01398421 0.02548056 -0.0262152 0.01391832 0.02539397 -0.02612497 0.01363075 0.0240415 -0.02804248 0.0137857 0.02418112 -0.02816682 0.01365907 0.02385004 -0.02850831 0.01383672 0.02367468 -0.02913686 0.01398042 0.02428266 -0.02827047 0.01373792 0.0237577 -0.02884003 0.01370955 0.02379097 -0.02872061 0.01404086 0.02357546 -0.0294863 0.01395915 0.023606 -0.02938011 0.01420359 0.02434016 -0.02834717 0.01385249 0.02366501 -0.02917122 0.01424663 0.02354853 -0.02959039 0.01417862 0.02355171 -0.0295754 0.01411225 0.02355962 -0.02954374 0.01411113 0.02355988 -0.02954281 0.01404257 0.02357509 -0.02948763 0.01413552 0.02560542 -0.02635837 0.01432709 0.02569363 -0.02647891 0.01454749 0.02574 -0.02656983 0.0145801 0.02718551 -0.02470695 0.01476737 0.02725891 -0.02484293 0.0149843 0.02729294 -0.02494668 0.01521807 0.0272856 -0.02501212 0.01511442 0.02890449 -0.02323001 0.01529675 0.0289618 -0.02337994 0.01550952 0.0289824 -0.0234952 0.01574014 0.02896509 -0.02356911 0.0157329 0.03074403 -0.0219435 0.01590946 0.03078413 -0.02210548 0.01611736 0.03079037 -0.02223082 0.01634444 0.03076239 -0.02231216 0.02700993 0.04037447 -0.01481471 0.02773636 0.04725757 -0.01083091 0.02765296 0.04738152 -0.01097325 0.0278723 0.04941078 -0.009200264 0.02825486 0.05222192 -0.00487752 0.02643611 0.04088254 -0.0156524 0.02731088 0.05074219 -0.008535689 0.02750689 0.05069293 -0.008507306 0.02741575 0.04972356 -0.009477117 0.02752176 0.05264237 -0.006248642 0.02759628 0.05262566 -0.006230465 0.02763972 0.0524752 -0.006400365 0.02744728 0.05264251 -0.00627789 0.02744061 0.0525269 -0.006428744 0.02741186 0.05202804 -0.007080124 0.02758291 0.05161315 -0.007483157 0.02731171 0.0507515 -0.008526224 0.02733213 0.05097538 -0.008299348 0.02738389 0.0516591 -0.007507425 0.02706958 0.04826293 -0.01086191 0.02720323 0.04766988 -0.01126887 0.0270812 0.04837167 -0.01077536 0.02722154 0.04976377 -0.009527855 0.02696316 0.0454944 -0.01288275 0.02677337 0.04554052 -0.01291782 0.02651715 0.04327146 -0.01437908 0.0267053 0.0432252 -0.01433858 0.02597933 0.03859298 -0.0168543 0.0261579 0.03847782 -0.01683562 0.02583744 0.03602795 -0.01790443 0.0282603 0.05222603 -0.004924841 0.02826105 0.05225875 -0.005164669 0.02827072 0.05223385 -0.005014448 0.02823259 0.05162004 -0.005793947 0.02821107 0.05232909 -0.005532114 0.02823717 0.05179248 -0.005922513 0.02812466 0.05239512 -0.005784141 0.02819663 0.05196284 -0.006047204 0.02816986 0.05236406 -0.005674519 0.0279959 0.05246621 -0.005986229 0.02802284 0.05245376 -0.005958946 0.02811175 0.0521233 -0.00616223 0.0280699 0.05242665 -0.005878123 0.02783322 0.05253819 -0.006131057 0.02788044 0.05251958 -0.006103254 0.02798614 0.05226637 -0.006262423 0.02793854 0.05249271 -0.006044373 0.02764578 0.05260833 -0.006215977 0.0277327 0.05257773 -0.006190415 0.02782639 0.05238559 -0.006343081 0.02777815 0.05255988 -0.006163631 0.02776711 0.05152562 -0.00742244 0.02768893 0.05060776 -0.008443555 0.02759596 0.04964084 -0.009410344 0.02738041 0.04759213 -0.01119703 0.02713804 0.04542166 -0.01280682 0.02740794 0.0452285 -0.01257233 0.0274913 0.04511629 -0.01242365 0.02753501 0.04499962 -0.01226196 0.0275382 0.04488335 -0.01209413 0.02777908 0.04712813 -0.01067591 0.02795587 0.04927369 -0.009066173 0.02805158 0.05022287 -0.008112834 0.0279677 0.05036724 -0.008241742 0.02813312 0.05112212 -0.00710778 0.02804892 0.05127429 -0.007230375 0.02817396 0.05096105 -0.006974485 0.02809275 0.05007049 -0.007972699 0.02799758 0.04912949 -0.008920284 0.02778038 0.04699866 -0.01051504 0.02817052 0.05079848 -0.006836799 0.02809068 0.04991717 -0.007827516 0.02799661 0.04898466 -0.008768951 0.02639124 0.03575294 -0.0173896 0.02635929 0.03578031 -0.01744757 0.02667818 0.03818503 -0.01633529 0.02659435 0.03826911 -0.01649575 0.02643024 0.03568249 -0.01722773 0.02672434 0.03809903 -0.01616111 0.02643411 0.03567552 -0.01721166 0.02644457 0.03565653 -0.01716819 0.0267318 0.0380145 -0.01598026 0.02644015 0.03560039 -0.01702917 0.02643731 0.03556367 -0.01693809 0.0264391 0.0355869 -0.01699572 0.02695818 0.04056376 -0.01516314 0.02700357 0.04046853 -0.01499225 0.02605318 0.03595872 -0.01779704 0.02603817 0.03596426 -0.01780611 0.02632876 0.03841857 -0.01675105 0.02591599 0.03600889 -0.01788028 0.0258708 0.03601986 -0.01789414 0.02611861 0.03593487 -0.01775737 0.02647622 0.03834807 -0.01663621 0.0261836 0.03589994 -0.01769024 0.02630258 0.03582874 -0.01755008 0.02628032 0.03584783 -0.0175904 0.02623091 0.03587438 -0.01764142 0.02660802 0.04081902 -0.01557023 0.02687854 0.04315719 -0.01425929 0.02675615 0.04074258 -0.01545805 0.02702764 0.04307439 -0.0141503 0.02687461 0.04065633 -0.01532058 0.02792477 0.05141086 -0.007336903 0.02784479 0.05049753 -0.008353574 0.02775029 0.04953507 -0.009316701 0.02753249 0.04749462 -0.01109704 0.02728843 0.04533173 -0.01270182 0.0271465 0.04298003 -0.01401637 0.02722994 0.04287811 -0.01386281 0.02727447 0.04277277 -0.013696 0.02727937 0.04266816 -0.01352277 0.02926671 0.05562847 -0.003898419 0.0304263 0.0589526 -0.002949978 0.0303827 0.05909541 -0.003419164 0.03041739 0.05904017 -0.0032623 0.0292542 0.05569337 -0.004137164 0.0304226 0.05903183 -0.003238536 0.03043324 0.05901479 -0.00319019 0.03042923 0.05897889 -0.003051763 0.0304285 0.05897232 -0.003026081 0.03022958 0.059222 -0.003674818 0.03028521 0.05918417 -0.003612316 0.02906078 0.05586296 -0.00455622 0.03030118 0.05916967 -0.003580819 0.02918413 0.05577316 -0.004360936 0.0303503 0.05912499 -0.003483526 0.03019003 0.05924885 -0.003719356 0.02889179 0.0559572 -0.004710811 0.03013476 0.05928637 -0.003781306 0.02868741 0.05605029 -0.004815531 0.02986585 0.05942716 -0.003927721 0.02990037 0.05941131 -0.003916964 0.0299452 0.05939055 -0.003902948 0.0300552 0.0593301 -0.003832409 0.0300651 0.05932474 -0.003826093 0.02855226 0.05610347 -0.004851737 0.02792103 0.05375495 -0.005413933 0.02815731 0.0535705 -0.005307266 0.02815576 0.05357203 -0.005308095 0.02804971 0.05367719 -0.005368607 0.02800566 0.0537038 -0.005384114 0.02797094 0.05372482 -0.005396398 0.02818115 0.05354694 -0.005293647 0.02826749 0.05339761 -0.005208744 0.02836253 0.0530917 -0.005039268 0.02833615 0.05319252 -0.005094872 0.02829495 0.05335008 -0.005181717 0.0282922 0.05335474 -0.005184367 0.02836016 0.05296275 -0.004971733 0.02828675 0.05242849 -0.004697614 0.02829475 0.05245635 -0.004711524 0.02835463 0.05266695 -0.004816977 0.0283555 0.05271255 -0.004840812 0.02835651 0.05276254 -0.004866967 0.02822069 0.05219638 -0.004581491 0.02603817 0.03596426 -0.01780611 0.02570492 0.03313167 -0.01887254 0.02611861 0.03593487 -0.01775737 0.02644015 0.03560039 -0.01702917 0.02609415 0.03290547 -0.01784729 0.03440158 0.06746243 0.0003910022 0.03340641 0.06564906 -0.0007019664 0.03362116 0.06798534 -0.0007729223 0.0340637 0.06840632 -0.0005193625 0.03161592 0.06400937 -0.002496459 0.03183036 0.06406106 -0.002430735 0.03741217 0.07461314 0.003118983 0.03770964 0.07572873 0.003831415 0.0304285 0.05897232 -0.003026081 0.03135305 0.0612734 -0.002374684 0.03121026 0.06095366 -0.002272305 0.03758358 0.0769131 0.004502131 0.03772779 0.07689204 0.004551208 0.03777446 0.07630528 0.004196056 0.03525891 0.07047244 0.0005847628 0.03643525 0.07250985 0.001791754 0.03675144 0.07365703 0.002427563 0.03541414 0.07034568 0.0006438036 0.03421781 0.06828565 -0.0004556469 0.035545 0.07021307 0.0007387605 0.03434827 0.06816068 -0.0003568226 0.03564581 0.07008047 0.0008653505 0.03444977 0.06803667 -0.0002272898 0.037882 0.07420713 0.003481999 0.03783948 0.07426965 0.003409169 0.03815078 0.07544991 0.004141387 0.03772696 0.07439301 0.003281792 0.03803274 0.07555525 0.004010642 0.03758245 0.07450918 0.003183577 0.03788367 0.07564949 0.003905779 0.03659549 0.07238465 0.00184914 0.03673047 0.07225129 0.001942445 0.03683407 0.07211563 0.00206749 0.0378842 0.07685737 0.004623219 0.03794768 0.07624288 0.004276866 0.03781368 0.07687952 0.004580463 0.0377672 0.07688632 0.004564617 0.03744856 0.07303568 0.002868961 0.03737856 0.07316625 0.002718174 0.03727132 0.07329865 0.002592722 0.03713213 0.07342679 0.002498112 0.03696728 0.07354507 0.002438814 0.03821678 0.07607202 0.00451909 0.03830143 0.07597044 0.004670592 0.03819636 0.0753945 0.004214853 0.03823233 0.07533808 0.004292731 0.03791441 0.0741448 0.003560061 0.03809712 0.0761641 0.004386124 0.03747843 0.07291283 0.003038449 0.03794877 0.07402381 0.003728031 0.03795042 0.07396635 0.003815992 0.03827404 0.07522431 0.004458313 0.03827966 0.07516822 0.004544228 0.03827511 0.07511342 0.00463097 0.03824478 0.07522624 0.004924818 0.0382601 0.0750605 0.004717738 0.03822218 0.07494588 0.004765861 0.03792277 0.07386079 0.003995151 0.03794181 0.07391181 0.003905357 0.03834782 0.07586344 0.004834527 0.03833969 0.07653066 0.005193969 0.03834604 0.07647758 0.005279445 0.03835473 0.07575538 0.005004075 0.03738424 0.07272241 0.003410135 0.03746776 0.07280284 0.00321879 0.03783354 0.0737269 0.004027388 0.03818208 0.07672508 0.004866331 0.03820313 0.07670642 0.004898514 0.03826647 0.07665021 0.00499507 0.03828671 0.07661706 0.005050155 0.03831533 0.07657037 0.005127897 0.03793669 0.07408353 0.003642363 0.03825822 0.07528113 0.004374156 0.03691746 0.07175568 0.002571298 0.03573037 0.06973983 0.001374013 0.03454303 0.06772243 0.0002861548 0.03130529 0.06141172 -0.002740386 0.0303827 0.05909541 -0.003419164 0.03042923 0.05897889 -0.003051763 0.03134693 0.06133662 -0.00256212 0.0304226 0.05903183 -0.003238536 0.03234007 0.06350157 -0.001589731 0.0323373 0.06357406 -0.001776183 0.03082957 0.06177022 -0.003231452 0.0299452 0.05939055 -0.003902948 0.03098639 0.06167893 -0.003152695 0.03112129 0.06158631 -0.003041435 0.0300651 0.05932474 -0.003826093 0.03122918 0.06149601 -0.002902203 0.03022958 0.059222 -0.003674818 0.03291255 0.06627257 -0.001525528 0.03198612 0.06395985 -0.002356494 0.03306707 0.06616106 -0.001456439 0.03211952 0.06385647 -0.002248963 0.03319883 0.06604642 -0.001353174 0.03222528 0.06375488 -0.002112661 0.03330232 0.0659334 -0.001220171 0.03337295 0.06582664 -0.001062922 0.03451759 0.06791916 -7.25147e-05 0.03454878 0.06781299 0.0001011877 0.03571181 0.06995397 0.001017889 0.03573999 0.06983881 0.001190112 0.03690126 0.07198408 0.002218578 0.03692914 0.07186243 0.002389058 0.03340775 0.06573065 -0.0008876996 0.03229889 0.06365958 -0.00195298 0.03834601 0.07636511 0.005459177 0.03834322 0.07570228 0.005088937 0.03834949 0.07637801 0.005438925 0.03835528 0.07639996 0.005404558 0.03793435 0.07684174 0.004653608 0.03801796 0.07681554 0.004704406 0.0380806 0.07678107 0.004766153 0.03816151 0.07673644 0.004846009 0.03730913 0.08129777 0.007869231 0.03680898 0.08402041 0.01098736 0.03594968 0.08583483 0.01539631 0.03564387 0.0859029 0.01677409 0.03470274 0.08501175 0.01995101 0.03469019 0.08462762 0.02057815 0.03435586 0.0836968 0.02175153 0.03402395 0.0825259 0.02283466 0.03419621 0.08248525 0.02283948 0.03368821 0.08109396 0.02384837 0.03297498 0.07715302 0.02570403 0.03263661 0.07478878 0.02642063 0.03281198 0.07476463 0.02641711 0.03425483 0.0784309 0.02431176 0.03430291 0.07867628 0.02417996 0.03427223 0.07873958 0.02430177 0.0346959 0.08068168 0.02310247 0.0349721 0.0818093 0.02225186 0.03494595 0.08190653 0.02236491 0.03507791 0.08224126 0.02192601 0.0352762 0.08286991 0.02125545 0.03525351 0.08299052 0.02136087 0.03580629 0.08423335 0.01935778 0.03586151 0.08431003 0.01913846 0.03585139 0.08444304 0.0191923 0.03823775 0.07753547 0.006364325 0.03826137 0.07761522 0.006250988 0.03818862 0.07817172 0.006792774 0.0381549 0.07881173 0.007119052 0.03813006 0.07872063 0.007234046 0.03771468 0.08210704 0.01016124 0.0376955 0.08202714 0.01025484 0.03792155 0.08054889 0.008763558 0.03746801 0.08324285 0.01163055 0.03744767 0.08311606 0.01171379 0.03762208 0.08240538 0.01070548 0.0372122 0.08407132 0.01303855 0.03719446 0.08392988 0.01310541 0.03734471 0.08353564 0.01230899 0.03694867 0.08462235 0.01438891 0.03693522 0.08447077 0.0144334 0.03705021 0.08430834 0.01387001 0.03615418 0.08471616 0.01797595 0.03640413 0.08485654 0.01691478 0.03640699 0.08497907 0.01690757 0.03667222 0.08477062 0.01569822 0.03557516 0.08370562 0.0202073 0.03398293 0.07673086 0.02495374 0.03366016 0.07444906 0.02562849 0.03361972 0.07449533 0.02578794 0.03826233 0.07772236 0.006095467 0.03834604 0.07647758 0.005279445 0.0382303 0.07782232 0.00594665 0.0381662 0.07791552 0.005803787 0.03826647 0.07665021 0.00499507 0.03807101 0.07799874 0.005671967 0.03820313 0.07670642 0.004898514 0.03818208 0.07672508 0.004866331 0.03816151 0.07673644 0.004846009 0.0380806 0.07678107 0.004766153 0.0379424 0.07807225 0.00555016 0.03793435 0.07684174 0.004653608 0.03779423 0.07812828 0.00545146 0.0378842 0.07685737 0.004623219 0.03781368 0.07687952 0.004580463 0.03763696 0.07816539 0.005379051 0.03772779 0.07689204 0.004551208 0.03331056 0.07273732 0.02635949 0.03354426 0.07454783 0.02595296 0.03344276 0.07459801 0.02609555 0.03327208 0.07275631 0.02643242 0.03299629 0.07283969 0.02668878 0.03331566 0.07464615 0.02621693 0.03311546 0.07280927 0.0266061 0.03316631 0.07469058 0.02631228 0.03299217 0.07473152 0.02638151 0.03275889 0.07288884 0.02679461 0.03282266 0.07287627 0.02676932 0.03257875 0.07291701 0.02682835 0.03263833 0.07290833 0.02682016 0.03238536 0.07403571 0.02658594 0.03240459 0.07293857 0.02683248 0.03331215 0.07918128 0.02488153 0.03314981 0.07712511 0.02570166 0.03364969 0.07697993 0.02550953 0.0335019 0.0770353 0.02560157 0.03383572 0.07904354 0.02478728 0.03366448 0.07910331 0.02484987 0.03403803 0.08100328 0.02382364 0.03386149 0.08105771 0.02385011 0.03332908 0.07708556 0.02566804 0.03348634 0.07914964 0.02488076 0.03387617 0.08253152 0.02279267 0.03386851 0.08249975 0.02281614 0.03395207 0.08284531 0.02256024 0.03452689 0.08365179 0.02176035 0.03437096 0.08242306 0.02281839 0.03420699 0.08093214 0.02376735 0.03398161 0.07897678 0.02469986 0.03377494 0.07691892 0.02539202 0.03501695 0.08529799 0.01935206 0.03485973 0.08457853 0.0205922 0.03469946 0.08358186 0.02174632 0.03453736 0.08234072 0.02276972 0.03435018 0.08085168 0.0236874 0.03410466 0.07890264 0.02458777 0.03387442 0.07685458 0.02525372 0.03518213 0.08570957 0.0180576 0.03533227 0.08572152 0.01809496 0.0351097 0.08565588 0.01836078 0.0351848 0.08524553 0.01937252 0.03502968 0.08450138 0.02058741 0.03486278 0.0834884 0.02170767 0.03467751 0.08224717 0.02269889 0.03447008 0.08076168 0.023584 0.0342017 0.07882373 0.02445546 0.03394764 0.07678652 0.02509347 0.03385922 0.07595733 0.02524581 0.03549833 0.08566668 0.01812251 0.03535174 0.0851623 0.01937906 0.03518926 0.08439776 0.02056198 0.03499925 0.08338167 0.02164876 0.03479388 0.08214179 0.02260609 0.03456364 0.08066533 0.02346133 0.0366578 0.08510371 0.01565058 0.03667925 0.08491859 0.01568097 0.03673763 0.08474969 0.01540141 0.03624805 0.08550736 0.01396561 0.03611229 0.08577934 0.01543898 0.03580817 0.08584703 0.01680917 0.03596871 0.08575762 0.01684199 0.03566209 0.08557918 0.01814172 0.03581282 0.08546065 0.01815055 0.03550701 0.08505002 0.01936984 0.03563392 0.08492076 0.01934582 0.03532127 0.0842788 0.02051878 0.03542819 0.08414397 0.02045811 0.03511135 0.08326113 0.02156986 0.03519629 0.08313096 0.02147419 0.03488354 0.08202845 0.0224951 0.03463035 0.08056204 0.02331825 0.03465792 0.0804879 0.02320662 0.03688658 0.08496556 0.0142671 0.03693337 0.08480082 0.01432908 0.03708626 0.0845382 0.01278289 0.03715963 0.08439475 0.01286804 0.0372019 0.08423941 0.01295313 0.03550743 0.08399825 0.02038254 0.03573491 0.08477404 0.0193075 0.03593436 0.08532414 0.01814796 0.03611491 0.0856365 0.01687003 0.03626984 0.08569058 0.01548529 0.03640919 0.08545337 0.01401529 0.03653497 0.08490756 0.01249543 0.03725226 0.08379302 0.01121922 0.03735264 0.0836755 0.01131667 0.03742282 0.08354244 0.01141938 0.03746156 0.08339846 0.01152391 0.03669494 0.08485595 0.0125511 0.03656418 0.0853675 0.01407391 0.03641177 0.0855705 0.01553263 0.03623103 0.08549692 0.01689043 0.03602908 0.08516893 0.01813459 0.03580762 0.08461514 0.01925651 0.03555836 0.08384068 0.02029142 0.03544883 0.08341718 0.02067163 0.037378 0.08270516 0.00958565 0.0375092 0.08261077 0.009689033 0.03760746 0.08250279 0.009799041 0.0376752 0.08238085 0.009916283 0.03771123 0.08224916 0.01003685 0.03706965 0.08282117 0.009435013 0.03609492 0.0850007 0.01811098 0.03631949 0.08533802 0.01690361 0.03652283 0.08543196 0.01557579 0.03670241 0.08525129 0.0141389 0.03684784 0.08477448 0.01262043 0.03696803 0.08397178 0.01104803 0.03746694 0.08125551 0.007937516 0.03761605 0.08119068 0.008029142 0.03774596 0.08110443 0.008140965 0.03784271 0.08100626 0.008260908 0.03790867 0.08089556 0.008389736 0.03794275 0.08077631 0.0085231 0.03794403 0.08064783 0.008661599 0.03796616 0.08025711 0.008469226 0.03722798 0.08277574 0.00949994 0.0371193 0.08389551 0.01112635 0.0369831 0.0846645 0.01270063 0.03680909 0.08511755 0.01420305 0.03660538 0.08527443 0.01561556 0.0363784 0.08516579 0.01690935 0.03613112 0.08481838 0.01807695 0.03613618 0.08469119 0.01804745 0.03752733 0.07939733 0.006272884 0.03768476 0.07935842 0.00634397 0.03783323 0.07929925 0.006440308 0.03796222 0.07922124 0.006558904 0.03805789 0.07913271 0.00668687 0.03812254 0.07903331 0.006825218 0.0381552 0.07892653 0.006969009 0.01799637 0.02598825 -0.01252473 0.01829788 0.03020796 -0.009657563 0.01025496 0.02016021 0.0197973 0.01163192 0.02515209 0.01813554 0.01293861 0.03030491 0.01698786 0.01385938 0.03422116 0.01647405 0.01874176 0.03468368 -0.007231273 0.01916283 0.03815997 -0.005724574 0.01485947 0.03884257 0.01629597 0.01970474 0.04202429 -0.004415316 0.02032998 0.04601314 -0.003390409 0.02548734 0.02408981 -0.02356509 0.02549736 0.02571577 -0.02200789 0.02591253 0.0314025 -0.0184375 0.01559255 0.02301859 0.02404908 0.01471431 0.01986688 0.02525803 0.01381397 0.01680443 0.02666416 0.02557281 0.02749099 -0.02062695 0.02571184 0.02939394 -0.01943268 0.01644104 0.02625758 0.02307245 0.01342056 0.02591032 0.01904047 0.01355699 0.02620898 0.01912605 0.01234621 0.02663096 0.01891166 0.01361097 0.02653645 0.01919705 0.01357875 0.02687027 0.01924859 0.01263297 0.02537246 0.01875687 0.01294217 0.02547723 0.01884933 0.01321085 0.02566069 0.01894607 0.01167741 0.02557174 0.01856394 0.01197831 0.02542138 0.01860915 0.01230416 0.02535339 0.01867493 0.01111366 0.02639156 0.01857472 0.0112299 0.02607402 0.01854615 0.01142219 0.02579435 0.01854246 0.01127195 0.0273516 0.01878288 0.01113543 0.02705285 0.01869725 0.01108145 0.02672547 0.01862627 0.01205955 0.02788946 0.01906648 0.01175025 0.0277846 0.01897398 0.01148166 0.02760113 0.01887725 0.01301501 0.02769008 0.01925937 0.01271421 0.02784053 0.0192142 0.01238826 0.02790853 0.01914839 0.01346262 0.02718789 0.0192772 0.01327032 0.02746747 0.01928087 0.01738361 0.05005935 0.02270714 0.01866228 0.0499638 0.02299567 0.01739048 0.0500547 0.02270796 0.01865524 0.04996019 0.02299335 0.01769128 0.04990435 0.02275314 0.01834594 0.04985543 0.02290087 0.01801722 0.04983635 0.02281895 0.028245 0.07200665 0.02189285 0.02810857 0.0717079 0.02180725 0.02931935 0.07128601 0.02202166 0.02805459 0.07138052 0.02173626 0.0280868 0.07104661 0.02168471 0.02903259 0.07254451 0.02217645 0.02872339 0.07243964 0.02208397 0.0284547 0.07225619 0.02198723 0.02998815 0.07234513 0.02236936 0.02968725 0.07249559 0.02232417 0.0293614 0.07256358 0.02225839 0.03055189 0.07152532 0.02235858 0.03043566 0.07184295 0.02238717 0.03024337 0.07212253 0.02239084 0.03039361 0.07056538 0.02215044 0.03053013 0.07086403 0.02223605 0.03058411 0.0711915 0.02230705 0.02960601 0.07002752 0.02186684 0.02991531 0.07013228 0.02195932 0.0301839 0.07031574 0.02205605 0.02865055 0.07022679 0.02167393 0.02895135 0.07007644 0.02171912 0.0292773 0.07000844 0.02178492 0.02820294 0.07072908 0.02165612 0.02839523 0.07044941 0.02165243 0.02051521 0.04713677 -0.003146785 0.02097916 0.04922602 -0.002665238 0.02165907 0.05121844 -0.002149276 0.02053361 0.05899097 -0.001039044 0.01661993 0.04799795 0.01703744 0.01705738 0.04780082 0.01711201 0.01623317 0.04584863 0.01673183 0.01622516 0.0458052 0.01672656 -0.003414494 0.01414973 0.02150064 -0.002849083 0.01409832 0.02163401 -0.003422437 0.01414952 0.02149933 -0.003503548 0.01414722 0.02148633 -0.003322707 0.0141713 0.02150324 -0.003309954 0.01417655 0.02150221 -0.003055842 0.01414711 0.02156615 -0.00326272 0.01419591 0.02149836 0.02951816 0.08220071 0.0159606 0.02954965 0.08224151 0.01585183 0.02963913 0.08229355 0.01545843 0.02967192 0.08231255 0.01531438 0.02974012 0.08227732 0.01491575 0.02977193 0.08226089 0.01472971 0.02982004 0.0821452 0.01433015 0.02985136 0.08206977 0.01406936 0.03084503 0.08507453 0.0128851 0.03085805 0.08500719 0.01272947 0.02988854 0.08184608 0.01358408 0.02991184 0.0817062 0.01328051 0.02993108 0.08140131 0.01278133 0.02994213 0.08122578 0.01249387 0.02994693 0.0807885 0.01189461 0.02940546 0.08205433 0.0163505 0.02936932 0.08199041 0.01645259 0.02923349 0.08174931 0.01683716 0.02920185 0.08168169 0.01691171 0.02901198 0.08127596 0.01735912 0.02906821 0.08348462 0.01996771 0.02895786 0.08114493 0.0174663 0.02871489 0.08055571 0.01794796 0.0287064 0.08053292 0.01796213 0.0284105 0.07974311 0.01845114 0.006996608 0.02177125 -0.0205226 0.006588717 0.02185634 -0.02060495 0.006580124 0.0218498 -0.02056904 0.002898445 0.01165882 0.006321127 0.003313253 0.01161698 0.006473245 -0.0007844031 0.01175472 0.006457727 0.02510628 0.01062484 0.007956396 0.02466494 0.01064698 0.007915315 0.005400867 0.01186153 0.004782638 0.02422717 0.01064791 0.007988082 0.02382275 0.01062756 0.008169731 0.003754591 0.01159484 0.006514316 0.004192365 0.01159391 0.00644155 0.02309008 0.01029821 0.01007727 0.003650465 0.01221733 0.003173403 0.00321269 0.01221826 0.00324617 0.02652485 0.01284917 -0.004299648 0.02327223 0.0102187 0.01047402 0.02355293 0.01014715 0.01081026 0.02595476 0.01008414 0.01072369 0.02801321 0.009602761 0.0129559 0.02561126 0.01004391 0.01100182 0.02520684 0.01002356 0.01118346 0.02938953 0.01263511 -0.003653233 0.02904603 0.01259487 -0.003375078 0.0286416 0.01257452 -0.003193399 0.0280997 0.01319793 -0.006461527 0.02766193 0.01319886 -0.006388789 0.008791219 0.01433346 -0.009159848 0.02725753 0.01317853 -0.006207207 0.007627126 0.01414487 -0.007935312 0.008031553 0.01416522 -0.00811699 0.02649786 0.01301029 -0.005164348 0.004596783 0.01161426 0.00625991 0.004940279 0.01165449 0.005981773 0.005199362 0.01171187 0.005626072 0.02347935 0.01058732 0.00844789 0.02322027 0.01052994 0.008803582 0.005356444 0.01178249 0.005217071 0.02306309 0.01045933 0.009212571 0.02301876 0.01038028 0.009647016 0.008375054 0.01420546 -0.008395145 0.008634135 0.01426284 -0.008750837 0.02665504 0.0130809 -0.005573337 0.02691412 0.01313828 -0.005929029 0.002075597 0.01186856 0.005335359 0.002257755 0.01178905 0.005732109 0.002538448 0.01171751 0.006068344 0.02391292 0.01008846 0.01106304 0.02432773 0.01004662 0.01121516 0.02476907 0.01002449 0.01125623 0.02820384 0.01257545 -0.003120662 0.02637092 0.01021214 0.009958983 0.02621384 0.01014152 0.01036798 0.02964861 0.01269249 -0.004008925 0.0298057 0.01276311 -0.004417936 0.03662304 0.01599717 -0.0230822 0.02985012 0.01284214 -0.004852369 0.02977881 0.01292421 -0.005282614 0.00220579 0.01210029 0.004061669 0.002048609 0.01202968 0.004470659 0.002004286 0.01195063 0.004905104 0.007085221 0.01476828 -0.01120344 0.006647454 0.01476921 -0.0111307 0.007825422 0.01814914 -0.02958037 0.00624305 0.01474888 -0.01094912 0.005899646 0.01470863 -0.01067094 0.005147298 0.01202312 0.00395562 0.004866608 0.01209466 0.003619376 0.005640565 0.01465125 -0.01031525 0.005483384 0.01458064 -0.00990626 0.005439059 0.0145016 -0.009471805 0.002464871 0.01215767 0.003705978 0.00450661 0.01215335 0.003366592 0.0040918 0.01219519 0.003214484 0.01143105 0.01844122 -0.03179715 0.007526575 0.01474616 -0.01116244 0.00280827 0.01219791 0.003427819 0.005510372 0.01441953 -0.00904156 0.005692525 0.01434001 -0.008644791 0.02645354 0.01293125 -0.004729893 0.006748028 0.01416794 -0.007903673 0.007189359 0.0141458 -0.007862574 0.02641534 0.01029118 0.00952455 0.02634403 0.01037325 0.009094305 0.02616178 0.01045277 0.008697533 0.02854105 0.01317581 -0.006420523 0.008835641 0.01441249 -0.009594281 0.008764328 0.01449457 -0.01002453 0.03439132 0.01672547 -0.02661617 0.008301371 0.01464562 -0.0107575 0.007941367 0.01470431 -0.01101025 0.008102733 0.01827374 -0.03030206 0.008560002 0.01837501 -0.03092981 0.009166048 0.01844601 -0.03142065 0.009879663 0.01848191 -0.03174115 0.01065227 0.01848027 -0.03186955 0.02776251 0.01259759 -0.003161761 0.02552109 0.010583 0.008108504 0.02588109 0.01052431 0.008361288 0.02959656 0.01300374 -0.005679406 0.02931585 0.01307527 -0.006015583 0.02895584 0.01313395 -0.006268338 0.006333213 0.01420978 -0.008055763 0.005973209 0.01426846 -0.008308518 0.005329553 0.0119436 0.004352393 0.026707 0.01276966 -0.003902879 0.02698769 0.01269811 -0.003566606 0.02734769 0.01263942 -0.003313851 0.03512334 0.01665162 -0.02634766 0.008582078 0.01457409 -0.01042132 0.0357586 0.01654805 -0.02590157 0.0362539 0.01642181 -0.02530828 0.03657551 0.01628149 -0.02460812 0.03670139 0.01613664 -0.02384878 0.02042326 0.006351564 0.03184985 -0.002537003 0.008067318 0.02666887 -0.004768727 0.008795615 0.02313489 -0.003016173 0.008111061 0.02651791 -0.004842541 0.008707075 0.02362582 -0.001700341 0.01107447 0.01029156 0.02709728 0.008922505 0.01678974 0.02402889 0.006643652 0.02963307 0.02375165 0.006519027 0.03035487 0.02329441 0.006417775 0.03098253 0.02268826 0.006346778 0.03147334 0.02197463 0.006310861 0.03179394 0.02120211 0.006312492 0.03192236 -0.00365576 0.008198612 0.02615904 -0.004185932 0.008309132 0.02565677 -0.004574475 0.008435929 0.0250415 -0.004797905 0.008571313 0.02435056</float_array>
          <technique_common>
            <accessor count="5806" source="#verts-array-array" stride="3">
              <param type="float" name="X"/>
              <param type="float" name="Y"/>
              <param type="float" name="Z"/>
            </accessor>
          </technique_common>
        </source>
        <source id="normals-array">
          <float_array count="17418" id="normals-array-array">-0.242312 -0.1903868 0.9513347 -0.2308414 -0.1746641 0.9571858 -0.2386314 -0.1829433 0.9537226 -0.3085945 -0.343138 0.8871447 -0.3058639 -0.3367044 0.8905489 -0.2740306 -0.3058503 0.911791 -0.2935949 -0.3194817 0.9009625 -0.2781749 -0.282672 0.9179952 -0.3112739 -0.3761069 0.8727268 -0.3043903 -0.3737173 0.8761746 -0.2947899 -0.3487524 0.8896463 -0.3110491 -0.362163 0.8786845 -0.3235544 -0.3487015 0.8796134 -0.3554405 -0.4894265 0.7963189 -0.3398601 -0.4442408 0.8289422 -0.3359231 -0.4509357 0.8269297 -0.3445107 -0.4598801 0.8184269 -0.3380401 -0.4166512 0.8438784 -0.3435127 -0.410111 0.8448716 -0.3363193 -0.4045342 0.850436 -0.3160903 -0.3925576 0.8637045 -0.3862593 -0.5702434 0.7250008 -0.3759481 -0.5603527 0.7380162 -0.3695598 -0.5320905 0.7617777 -0.3632433 -0.5250221 0.7696792 -0.3629308 -0.4912116 0.7918285 -0.3655178 -0.5060122 0.781248 -0.346817 -0.464145 0.8150382 -0.3803489 -0.5741445 0.7250468 -0.3852009 -0.5762304 0.7208181 -0.3887363 -0.5767407 0.7185083 -0.4042625 -0.6622421 0.6308782 -0.4077801 -0.6657453 0.6248988 -0.3913015 -0.6138674 0.6856019 -0.3897874 -0.6334981 0.6683905 -0.3882913 -0.6080265 0.6924836 -0.4215049 -0.7509836 0.5082885 -0.4267023 -0.7578513 0.4935449 -0.4267676 -0.7434173 0.5149758 -0.4211051 -0.7340653 0.5327463 -0.4062405 -0.703838 0.5827356 -0.4160794 -0.7115029 0.5662523 -0.4184645 -0.6853441 0.5959789 -0.2811895 -0.8114562 -0.5123196 -0.2875651 -0.8189926 -0.4965456 -0.3245506 -0.8579184 -0.3983001 -0.3152158 -0.8556451 -0.4105002 -0.3554788 -0.8890694 -0.2884275 -0.3449264 -0.885718 -0.3106919 -0.3815557 -0.9089671 -0.1679109 -0.3693452 -0.9068298 -0.2030857 -0.4019107 -0.914042 -0.05472705 -0.3909782 -0.9150471 -0.09912056 -0.4020964 -0.9142755 -0.04918193 -0.4064745 -0.913596 0.01099186 -0.4158615 -0.9077349 0.05546584 -0.4184632 -0.9021045 0.1053377 -0.4269226 -0.8882911 0.1693398 -0.4255503 -0.881806 0.2032858 -0.4301337 -0.8639385 0.261907 -0.4298101 -0.8597487 0.2758541 -0.4323732 -0.8288234 0.3551129 -0.433425 -0.8304727 0.3499398 -0.4227118 -0.7917356 0.4409868 -0.4316417 -0.8079901 0.4010455 -0.4282944 -0.7784368 0.4589118 -0.05555138 -0.4132663 -0.9089142 -0.07482756 -0.462298 -0.8835618 -0.04812896 -0.4168104 -0.9077184 -0.08412158 -0.499373 -0.8622936 -0.08271994 -0.4797525 -0.8734958 -0.09705037 -0.5036676 -0.8584289 -0.1282167 -0.5436703 -0.8294474 -0.1200655 -0.5450661 -0.8297513 -0.1209592 -0.5514054 -0.8254217 -0.1359054 -0.5926906 -0.7938813 -0.1568529 -0.6211197 -0.7678591 -0.1717473 -0.6439864 -0.7455095 -0.2028171 -0.6872857 -0.6974981 -0.2010051 -0.681887 -0.7032973 -0.2423978 -0.7609162 -0.6018719 -0.2318005 -0.7323573 -0.640251 -0.2593415 -0.7745112 -0.5769526 0.007998507 -0.2953953 -0.9553416 -0.01343465 -0.3589552 -0.9332581 -0.01892561 -0.3525729 -0.935593 -0.04319633 -0.4016102 -0.9147914 -0.06357143 -0.4239972 -0.9034296 0.00552584 -0.2921984 -0.9563418 0.005231819 -0.2937676 -0.9558626 -0.008074166 -0.3281464 -0.9445924 0.05535066 -0.1870552 -0.9807888 0.06808126 -0.1854849 -0.9802858 0.05851647 -0.1821259 -0.9815325 0.04420411 -0.2055842 -0.9776406 0.04417086 -0.2310072 -0.9719489 0.03486514 -0.2420832 -0.9696289 0.02336708 -0.2736856 -0.9615353 0.004710809 -0.293961 -0.9558058 0.09536579 -0.09375083 -0.9910177 0.1144748 -0.09750473 -0.9886295 0.1147601 -0.06931788 -0.9909718 0.08646741 -0.1048061 -0.9907265 0.08668638 -0.1262186 -0.9882076 0.08661772 -0.1570704 -0.9837816 0.09062127 -0.1432041 -0.9855356 0.07103803 -0.155308 -0.9853086 0.136737 -0.01719144 -0.9904582 0.1371144 -0.02102397 -0.9903321 0.1283034 -0.07449866 -0.9889329 0.1342321 -0.05380185 -0.9894883 0.1290711 -0.04751801 -0.9904962 0.1764516 0.05259387 -0.9829032 0.1743584 0.05667412 -0.98305 0.1706384 0.04350804 -0.9843727 0.1699206 0.02894856 -0.9850325 0.1598856 0.01087298 -0.9870757 0.1569029 0.007134816 -0.9875883 0.1396397 -0.00516071 -0.9901889 0.1980719 0.1181135 -0.9730451 0.1944158 0.1079012 -0.9749666 0.1914444 0.07146461 -0.9788983 0.1920869 0.09076287 -0.9771718 0.1825583 0.07511645 -0.9803214 0.2035564 0.1153904 -0.9722396 0.2104777 0.1415577 -0.9672955 0.1957867 0.123515 -0.9728369 0.2267219 0.1644727 -0.9599718 0.2267686 0.1629671 -0.9602175 0.2150084 0.1365839 -0.9670141 0.22213 0.1540289 -0.9627738 0.2207632 0.1562003 -0.9627383 -0.2906134 -0.3006936 0.9083651 -0.2825597 -0.2792835 0.9176932 -0.2776471 -0.2703261 0.9218654 -0.2705918 -0.2640225 0.925782 -0.2635965 -0.2397522 0.9343638 -0.2602694 -0.2476106 0.9332464 -0.252189 -0.208902 0.9448601 -0.253369 -0.2003986 0.946385 -0.2512773 -0.1981599 0.9474135 -0.2492411 -0.198306 0.9479207 -0.8953067 0.4382089 -0.07999274 -0.8853151 0.4452121 -0.1341767 -0.9039046 0.4165149 -0.09732338 -0.8992107 0.4136759 -0.1424513 -0.9104276 0.4007661 -0.1025094 -0.8841579 0.4592356 -0.08583377 -0.8795864 0.4708742 -0.06786171 -0.8755067 0.4659132 -0.1281129 -0.8642941 0.4959206 -0.08401457 -0.8754901 0.4664129 -0.1263964 -0.8649757 0.4949274 -0.08284842 -0.865517 0.4861938 -0.1203993 -0.858933 0.5084675 -0.06078601 -0.8435557 0.5261072 -0.1078194 -0.8445604 0.5314928 -0.06506333 -0.8352457 0.5402057 -0.1026759 -0.8401986 0.5399345 -0.05036939 -0.830356 0.5479761 -0.1011495 -0.23707 -0.1371491 0.9617629 -0.2711354 -0.09946706 0.9573881 -0.3902019 -0.0263668 0.9203517 -0.9067307 0.4174221 0.05998554 -0.9171275 0.3702422 0.1476407 -0.9041858 0.3347615 0.2652975 -0.3547202 -0.01886654 0.9347821 -0.2318051 -0.0981863 0.9677943 -0.2706616 -0.04546813 0.9616002 -0.9215601 0.3857509 0.04385489 -0.2644838 -0.1420795 0.9538667 -0.2348507 -0.1449725 0.9611598 -0.382346 -0.07287587 0.921141 -0.3636003 -0.07333648 0.9286639 -0.8412899 0.2423961 0.483193 -0.794072 0.1812514 0.5801703 -0.778672 0.2159602 0.5890934 -0.7298848 0.1292104 0.6712472 -0.6739069 0.1278314 0.7276734 -0.6532725 0.07534886 0.7533642 -0.5484283 0.03873653 0.8352999 -0.5659887 0.03114452 0.8238245 -0.4717356 -0.02942931 0.8812488 -0.8461677 0.5329081 0.003032777 -0.8666311 0.4929759 0.07697559 -0.8591631 0.4392005 0.2625674 -0.8461655 0.4865163 0.2174989 -0.8513483 0.512514 0.1119624 -0.8178722 0.3723519 0.4386788 -0.7993039 0.4085798 0.4406539 -0.8286874 0.4505818 0.3320441 -0.5267868 0.1056783 0.8434025 -0.5792897 0.1929991 0.7919437 -0.6458938 0.2028766 0.7359771 -0.6514984 0.2535966 0.7150095 -0.7436513 0.2917996 0.6015278 -0.6968067 0.294995 0.6537877 -0.7704342 0.3731142 0.5169304 -0.3222577 -0.002392815 0.9466489 -0.4142682 0.0638324 0.9079137 -0.4998874 0.1291205 0.8564114 -0.5375762 0.07309219 0.8400413 -0.6607431 0.1655064 0.7321381 -0.7625201 0.2539122 0.595056 -0.8865212 0.4584214 0.0626886 -0.8993792 0.3611554 0.246341 -0.8797235 0.2923042 0.3750264 -0.8796923 0.4015523 0.2547494 -0.8565017 0.2948986 0.4236032 -0.8374118 0.3345187 0.4322485 0.03234671 0.9827475 0.1821015 0.03234671 0.9827475 0.1821015 0.009924054 0.984196 0.1768042 -0.02090206 0.9834583 0.1799249 0.03234671 0.9827475 0.1821015 -0.006109824 0.981114 0.193334 0.03234671 0.9827475 0.1821015 -0.003405456 0.9799209 0.1993574 0.03234671 0.9827475 0.1821015 -0.02226475 0.9757993 0.2175316 0.0323464 0.9827476 0.1821014 0.03234671 0.9827475 0.1821015 0.03234671 0.9827475 0.1821015 0.03234671 0.9827475 0.1821015 0.03234671 0.9827475 0.1821015 0.03234373 0.9827466 0.1821072 -0.004297947 0.9847622 0.173853 0.03234387 0.9827472 0.182104 0.0323143 0.9827487 0.1821008 0.03234671 0.9827475 0.1821015 0.03234671 0.9827475 0.1821015 0.03234671 0.9827475 0.1821015 0.0323409 0.9827486 0.182097 0.03234357 0.9827485 0.1820971 0.03230283 0.9827494 0.1820991 0.03234414 0.9827481 0.182099 0.03234672 0.9827475 0.1821017 0.03234671 0.9827475 0.1821015 0.03234671 0.9827475 0.1821015 0.03234222 0.9827468 0.1821061 0.03234043 0.9827471 0.182105 0.03233773 0.9827475 0.1821035 0.03234671 0.9827475 0.1821015 0.03234671 0.9827475 0.1821015 0.03234671 0.9827475 0.1821015 0.03234377 0.9827481 0.1820992 0.03234521 0.982748 0.1820994 0.0105748 0.9841281 0.1771439 0.03234602 0.9827479 0.1820995 0.03234598 0.9827478 0.1821004 0.03234671 0.9827475 0.1821015 0.03234671 0.9827475 0.1821015 0.03233942 0.9827481 0.1820998 0.03234239 0.982748 0.1820999 0.03233591 0.9827487 0.1820974 0.03234671 0.9827475 0.1821015 0.03234671 0.9827475 0.1821015 0.03234671 0.9827475 0.1821015 0.03232773 0.9827492 0.1820962 0.03233402 0.9827489 0.1820965 0.03233169 0.9827482 0.1821006 0.03232381 0.9827492 0.1820966 0.03233918 0.9827483 0.1820986 0.03234671 0.9827475 0.1821015 0.03234671 0.9827475 0.1821015 0.03234671 0.9827475 0.1821015 0.03234671 0.9827475 0.1821015 0.03234671 0.9827475 0.1821015 0.03234671 0.9827475 0.1821015 0.03234671 0.9827475 0.1821015 0.03234671 0.9827475 0.1821015 0.03234671 0.9827475 0.1821015 0.03196715 0.9827661 0.1820682 0.03212123 0.9827589 0.1820802 -0.2071876 -0.6931616 0.6903624 -0.2071614 -0.6934653 0.6900652 -0.2074696 -0.6919624 0.6914799 -0.2076194 -0.6920805 0.6913167 -0.2072829 -0.6915921 0.6919062 -0.2072834 -0.6916959 0.6918023 -0.8548701 0.5054047 -0.1173171 -0.8555572 0.5041454 -0.1177254 -0.8520266 0.5111233 -0.1131535 -0.8883219 0.439143 -0.1343043 -0.8921476 0.4280201 -0.1444695 -0.8677083 0.4805144 -0.1272329 -0.7951338 0.600483 -0.08474854 -0.7602668 0.6463953 -0.06455612 -0.8115065 0.5771855 -0.09118121 -0.7565413 0.6506101 -0.0659685 -0.7130551 0.699684 -0.04466278 -0.4546053 0.8897034 0.04197398 -0.4109402 0.9095617 0.06185151 -0.4780169 0.8772749 0.04345758 -0.4128163 0.9083675 0.06671744 -0.661679 0.7493548 -0.02546259 -0.6029328 0.7977884 -0.002388095 -0.6665263 0.7450611 -0.02503273 -0.6031351 0.7976324 -0.003263857 -0.6023719 0.79821 -0.002967157 -0.5095885 0.8598629 0.03090936 -0.6030354 0.797708 -0.003211993 -0.4547474 0.8897809 0.03866192 -0.2933218 0.9500563 0.1065618 -0.3573545 0.930314 0.0825449 -0.3927323 0.9173991 0.06434513 -0.3695134 0.926299 0.0736887 -0.3243626 0.9417404 0.08895981 -0.3137493 0.9449915 0.09247955 -0.2924167 0.9511638 0.09889359 -0.2898146 0.951879 0.09966918 -0.002890668 0.9900483 0.1406981 -0.009239409 0.9905744 0.1366635 0.0323454 0.9827472 0.1821035 -0.03239861 0.991673 0.1246393 -0.002535431 0.9911084 0.1330326 0.0323492 0.9827474 0.1821016 0.006901363 0.9908182 0.1350243 0.03234676 0.9827475 0.1821016 0.03234675 0.9827475 0.1821016 0.03234676 0.9827475 0.1821016 0.03234685 0.9827475 0.1821015 0.03234671 0.9827475 0.1821015 0.03234671 0.9827475 0.1821015 0.03234466 0.9827482 0.1820982 0.03234671 0.9827475 0.1821015 0.02144 0.9835014 0.1796255 0.03235478 0.9827501 0.1820864 0.03234671 0.9827475 0.1821015 0.03234671 0.9827475 0.1821015 0.03234671 0.9827475 0.1821015 0.03234671 0.9827475 0.1821015 0.03234671 0.9827475 0.1821015 -0.006688867 0.9894419 0.1447756 0.008319493 0.9931629 0.1164397 0.04163936 0.9888796 0.1427702 0.03225663 0.9827503 0.1821026 -0.08577422 0.9881911 0.1269687 -0.1908389 0.9795041 0.06443776 -0.1361527 0.9886844 0.06297327 0.01543932 0.9846567 0.1738183 -0.0003047456 0.9851369 0.1717705 -0.06315284 0.9875305 0.1442056 -0.03132828 0.9873186 0.1556292 -0.01886414 0.9890139 0.1466137 -0.06523493 0.9902008 0.1234781 -0.09305209 0.9945552 0.04691699 -0.02746976 0.9948335 0.09773315 -0.1508339 0.962658 -0.2248079 -0.149742 0.9704343 -0.1893001 -0.1671365 0.9770302 -0.1322019 -0.1246851 0.9805758 -0.1514093 -0.07530381 0.9962944 -0.04155567 -0.06288169 0.9197682 -0.3873917 -0.06469929 0.9573069 -0.28174 -0.144032 0.934173 -0.3264593 -0.2277061 0.9450828 -0.2344535 -0.2606563 0.9557385 -0.136463 -0.0917257 0.8956516 -0.435195 -0.03191715 0.9008207 -0.4330165 0.005928986 0.9002464 -0.4353403 -0.01035264 0.8999017 -0.4359698 -0.009338058 0.8973979 -0.4411234 0.01406149 0.8978103 -0.4401579 0.007049932 0.9009703 -0.4338234 0.1571283 0.8484322 -0.5054438 -0.2594644 0.8567623 -0.4456866 -0.2398589 0.8345395 -0.4959955 -0.3077439 0.8659469 -0.3942457 -0.2246347 0.855699 -0.4661742 -0.2097341 0.8965786 -0.390075 -0.1553895 0.8859182 -0.4370389 -0.1368267 0.8860334 -0.442971 -0.450559 0.8191313 -0.3549937 -0.4085691 0.8158258 -0.4092672 -0.3517839 0.8223951 -0.4471178 -0.576003 0.7600832 -0.3008223 -0.5365766 0.7486349 -0.3893986 -0.4091614 0.8118004 -0.4166137 -0.7364628 0.6124517 -0.2872725 -0.6617807 0.6665027 -0.3432498 -0.6610906 0.701781 -0.2654482 -0.6370666 0.7034272 -0.3151765 -0.5702129 0.7462914 -0.3433751 -0.8504692 0.4883451 -0.1955023 -0.838566 0.4989202 -0.2188281 -0.764353 0.618109 -0.1835914 -0.8404042 0.496435 -0.2174238 -0.838858 0.5230997 -0.1506118 -0.87363 0.4613192 -0.1547745 -0.8220606 0.5269775 -0.2156643 -0.7222799 0.6872101 -0.07780799 -0.7814209 0.6156626 -0.1016905 -0.8441138 0.5169882 -0.1421095 -0.5483559 0.836171 -0.01112627 -0.5493848 0.8354364 -0.01491268 -0.4885288 0.8719837 -0.03136961 -0.3049623 0.9523621 -0.002112503 -0.3654704 0.9290582 0.05729128 -0.4456438 0.8942741 0.04093253 -0.1461674 0.9812756 0.1254321 -0.1463538 0.9812223 0.1256315 -0.2518333 0.9630039 0.09593442 -0.3500814 0.9348073 0.05981972 -0.02091574 0.9954471 0.09299235 -0.07107388 0.997165 0.02470942 -0.1887975 0.9809372 -0.04601867 -0.2464961 0.9687166 -0.02877047 -0.4139616 0.9073185 -0.07354522 -0.3475743 0.9316552 -0.1058802 -0.698873 0.7093736 -0.09146375 -0.6912187 0.71112 -0.1285495 -0.5932129 0.7791106 -0.2026946 -0.6425345 0.765403 -0.03616264 -0.592797 0.8013734 -0.07995252 -0.5152902 0.8464063 -0.1344335 -0.4285923 0.8858887 -0.1775101 -0.4941109 0.8341878 -0.2449188 -0.3224121 0.920884 -0.2191417 -0.3827445 0.8770203 -0.290417 -0.2695955 0.9080293 -0.3206261 0.1982052 0.2049019 -0.958504 0.1926317 0.1967919 -0.9613355 0.2080662 0.2086203 -0.9556077 0.1030296 0.2651664 -0.9586823 0.1925347 0.2386269 -0.9518338 0.1429754 0.2574534 -0.9556546 0.1997336 0.2512871 -0.9470804 0.2050733 0.251011 -0.9460119 0.1337558 0.2601074 -0.9562706 0.1685256 0.2984957 -0.9394144 0.1925833 0.2798865 -0.9405186 0.1057548 0.3533631 -0.9294893 0.213094 0.2939552 -0.9317625 0.1145825 0.351946 -0.9289806 0.2005674 0.3196279 -0.9260727 0.2085915 0.3445793 -0.9152894 0.1085572 0.3549666 -0.9285548 0.2020743 0.3465152 -0.9160203 0.200568 0.3600012 -0.9111375 0.1910996 0.3782789 -0.9057516 0.1299158 0.4255689 -0.8955518 0.2021242 0.3946307 -0.8963327 0.1008016 0.4429466 -0.8908633 0.2083228 0.3918949 -0.8961138 0.1901994 0.421886 -0.8864741 0.2096986 0.4027292 -0.8909746 0.1925913 0.4389544 -0.8776261 0.1981758 0.4394116 -0.8761529 0.2016816 0.427151 -0.8814004 0.1667001 0.4837939 -0.8591592 0.1710107 0.4882688 -0.8557739 0.2113366 0.4743849 -0.8545735 0.08548525 0.5239087 -0.8474738 0.1875046 0.5024529 -0.8440279 0.152619 0.5009235 -0.8519291 0.1961742 0.5249236 -0.8282336 0.2089834 0.5350186 -0.8185848 0.1973955 0.5296907 -0.8249017 0.1759942 0.5554375 -0.8127209 0.08550272 0.5919602 -0.801419 0.196266 0.5443172 -0.8155969 0.1964795 0.566252 -0.8004714 0.110042 0.5877884 -0.8014958 0.1945863 0.5675141 -0.8000399 0.1708135 0.5967292 -0.7840517 0.1900352 0.6022119 -0.7753886 0.1867216 0.6085833 -0.7712077 0.09272306 0.6581498 -0.7471555 0.1979967 0.6078821 -0.7689452 0.09748106 0.654827 -0.7494659 0.1764997 0.6318689 -0.7547115 0.08084452 0.6625727 -0.7446218 0.197248 0.6441887 -0.7389953 0.1798552 0.6702869 -0.7199775 0.1703895 0.7562149 -0.6317487 0.1610324 0.7555333 -0.6350102 0.1757234 0.701313 -0.6908556 0.06850346 0.724493 -0.6858697 0.1795203 0.6890833 -0.7020945 0.1055768 0.7122494 -0.6939412 0.1842781 0.6862144 -0.7036699 0.1206543 0.7132034 -0.6904951 0.1811803 0.6870019 -0.703706 0.1665924 0.6696726 -0.7237304 -0.8864565 0.4240637 -0.1853778 -0.8868457 0.4245035 -0.1824868 -0.9031608 0.404429 -0.1440059 -0.8839494 0.4334127 -0.1754617 -0.8890888 0.4286214 -0.1606385 -0.8826254 0.4402436 -0.164797 -0.8857763 0.4234698 -0.1899308 -0.8876764 0.4220201 -0.1842001 -0.9031598 0.4044323 -0.1440029 -0.884998 0.4300339 -0.1784641 -0.885335 0.4301696 -0.176454 -0.9031563 0.4044368 -0.1440123 -0.8833882 0.4332788 -0.1785911 -0.8859439 0.4302959 -0.1730573 -0.8859005 0.4246653 -0.1866539 -0.8914531 0.4121843 -0.1881899 -0.8884009 0.4156687 -0.1948418 -0.9031556 0.4044331 -0.1440274 -0.9031556 0.4044351 -0.1440215 -0.8877542 0.4188575 -0.1909212 -0.8886703 0.4192091 -0.1858194 -0.9031581 0.4044366 -0.144002 -0.8865121 0.4211749 -0.1915934 -0.8882677 0.4203773 -0.1851039 -0.8862891 0.4269708 -0.1794088 -0.884013 0.4303444 -0.1825506 -0.903161 0.4044296 -0.1440033 -0.8859037 0.4282878 -0.1781691 -0.88387 0.4315999 -0.1802648 -0.8996584 0.4133465 -0.1405684 -0.8918642 0.414426 -0.1811887 -0.8926718 0.4114378 -0.184 -0.8893207 0.4156778 -0.1905799 -0.8884852 0.4170733 -0.1914261 -0.8886585 0.4178603 -0.1888883 -0.8846617 0.4272242 -0.18669 -0.886747 0.4255622 -0.1804896 -0.8840428 0.4292823 -0.1848918 0.02153252 0.9979468 0.06032088 0.04712836 0.9975023 -0.05261252 -0.08076891 0.9932252 -0.083547 0.07264189 0.9833292 -0.1666937 0.09759531 0.956115 -0.2762593 -0.01994975 0.9524901 -0.3039154 -0.7016961 0.6467162 -0.2989661 -0.8101044 0.5656214 -0.1542833 -0.6867423 0.7202453 -0.09814172 -0.6733488 0.7217148 -0.160403 -0.8425823 0.4890548 -0.225567 -0.8816059 0.4466056 -0.1526907 -0.6433978 0.5411512 -0.5414745 -0.5408079 0.7597799 -0.3609173 -0.6333466 0.7308375 -0.2544576 -0.6885955 0.6336424 -0.3526096 -0.69131 0.6257296 -0.3613212 -0.5201039 0.5642364 -0.6411935 -0.5908332 0.5958975 -0.5438954 -0.4743811 0.7252131 -0.4990276 -0.3643967 0.8393349 -0.4034004 -0.3794539 0.7658418 -0.5191349 -0.2611505 0.8151977 -0.5169652 -0.1980271 0.913167 -0.3562462 -0.2551821 0.8255386 -0.5033568 -0.2610422 0.8152724 -0.5169021 -0.05612401 0.7565821 -0.6514857 -0.05669253 0.7572211 -0.6506936 -0.121327 0.834015 -0.5382367 -0.1886717 0.8033013 -0.5648982 -0.03184002 0.7958079 -0.6047115 0.04279937 0.8647864 -0.5003126 0.06639875 0.8066272 -0.5873191 0.1428019 0.8634601 -0.4837811 0.1637044 0.7991118 -0.5784645 0.1447758 0.8010978 -0.5807601 -0.4645463 0.8631092 -0.1980892 -0.2729699 0.9522968 -0.1364486 -0.5183659 0.8545624 -0.03193483 -0.3209359 0.9466502 0.0292138 -0.1230567 0.9888649 0.08368575 -0.5951329 0.6048715 -0.5291005 -0.5979323 0.5786349 -0.5546698 -0.7252072 0.5376166 -0.4301661 -0.7201356 0.5842439 -0.374251 -0.7471924 0.572726 -0.3371772 -0.5921787 0.6641172 -0.4563691 -0.8874017 0.4208033 -0.1882628 -0.8882331 0.4209304 -0.1840099 -0.830861 0.4644175 -0.306572 -0.8861076 0.4233447 -0.18866 -0.8885332 0.4215517 -0.1811159 -0.8299376 0.4710102 -0.2989197 -0.8847135 0.426256 -0.1886473 -0.8877976 0.4233849 -0.1804456 -0.8276697 0.4789221 -0.2925687 -0.8836576 0.4290591 -0.1872366 -0.8654715 0.4506133 -0.2188761 -0.8236286 0.4894812 -0.2864333 -0.8275264 0.5045352 -0.2462605 -0.822393 0.5065736 -0.2589458 -0.8218269 0.5048622 -0.2640355 -0.414647 0.7578252 -0.5037547 -0.427625 0.7695886 -0.4742048 -0.4660023 0.7284498 -0.5021979 -0.3711629 0.7539387 -0.5420466 -0.3213553 0.770536 -0.550459 -0.2946979 0.7730287 -0.5617648 -0.1296065 0.7999462 -0.585908 -0.1031003 0.8068242 -0.5817259 -0.1343018 0.7851557 -0.6045606 0.175404 0.7700653 -0.6133782 0.1988155 0.7650605 -0.6124988 0.1336251 0.7791619 -0.6124142 0.1780209 0.7239939 -0.6664394 0.1787124 0.7241842 -0.6660473 0.04426251 0.7391521 -0.6720826 0.1597488 0.7025408 -0.6934816 0.1973455 0.6721375 -0.7136427 0.05880433 0.6995234 -0.7121861 0.1623473 0.6601485 -0.7333807 0.2050835 0.6277983 -0.7508729 0.0668831 0.6571834 -0.7507573 0.09054299 0.562311 -0.821954 0.2182124 0.4941039 -0.8415727 0.07853378 0.540327 -0.8377823 0.2111932 0.4539992 -0.8656109 0.2111279 0.4538514 -0.8657043 0.07102185 0.4951046 -0.8659257 -0.8970852 0.4104956 -0.1634975 -0.8883747 0.4192035 -0.1872401 -0.8613509 0.4389369 -0.2557521 -0.8323924 0.4579507 -0.3120962 -0.8264123 0.4554015 -0.3311377 -0.7335805 0.4931727 -0.4675899 -0.7635529 0.4779598 -0.4342134 -0.8264366 0.4553902 -0.3310926 -0.6077286 0.511716 -0.6072995 -0.6910963 0.4971684 -0.5246041 -0.692752 0.4926781 -0.5266526 -0.4253267 0.4958353 -0.7571292 -0.524391 0.5012318 -0.6883174 -0.4573695 0.5118566 -0.7271973 -0.5374402 0.5020633 -0.6775622 -0.6200037 0.5010366 -0.6037862 -0.2950719 0.4940812 -0.8178119 -0.3216457 0.4845283 -0.8134964 -0.3259985 0.4822314 -0.8131284 -0.1018452 0.4323415 -0.89594 -0.0988301 0.4400086 -0.8925385 -0.1251429 0.4600154 -0.8790478 -0.2162456 0.4648196 -0.8585922 0.1227663 0.3669786 -0.9220928 0.1232403 0.3611405 -0.9243319 0.05211288 0.4043836 -0.9131036 0.01018707 0.3998146 -0.9165394 0.1582925 0.4452015 -0.881328 0.1947337 0.4189281 -0.8868923 0.05449156 0.4533417 -0.8896696 0.1798742 0.3978683 -0.8996366 0.1795056 0.3813234 -0.9068463 0.1909445 0.3656846 -0.9109418 0.1864354 0.339587 -0.9219124 0.1577328 0.3436149 -0.9257695 0.1775622 0.3418489 -0.9228277 0.135689 0.4967793 -0.8572041 0.1460822 0.5551048 -0.818852 0.05390356 0.5975775 -0.7999972 0.1637108 0.555375 -0.8153266 0.2074149 0.626548 -0.7512767 0.1258447 0.6206877 -0.7738927 0.1675936 0.5820741 -0.7956771 0.1570351 0.7493854 -0.6432429 -0.08533368 0.7992656 -0.5948888 0.03416546 0.7784522 -0.6267733 0.06835255 0.789628 -0.6097668 0.08657009 0.79749 -0.597089 0.09432013 0.7741722 -0.6259082 -0.5811675 0.6105642 -0.5380109 -0.7552875 0.55587 -0.3472021 -0.6291024 0.6552013 -0.41826 -0.6065777 0.6700093 -0.4279616 -0.5608517 0.682506 -0.4686479 -0.5491394 0.6869402 -0.4759822 -0.5411193 0.6234757 -0.5643296 -0.8232483 0.5079397 -0.2534944 -0.8229649 0.5082354 -0.253822 -0.8230821 0.5081196 -0.2536736 -0.8792371 0.4276962 -0.2098051 -0.8344687 0.4963097 -0.2394551 -0.8278903 0.5041501 -0.2458258 -0.8865605 0.4282686 -0.1749187 -0.8839705 0.4316463 -0.1796599 -0.8861525 0.42955 -0.1738409 -0.8883852 0.4197095 -0.186053 -0.1236839 0.498186 -0.8582034 -0.1227172 0.5394963 -0.8329971 -0.2922624 0.5275358 -0.7976771 -0.4490882 0.6007347 -0.6613906 -0.44673 0.6354095 -0.629831 -0.4479794 0.6672412 -0.5950661 -0.8591634 0.4592483 -0.2256749 -0.8246437 0.4958534 -0.2721988 -0.7920932 0.5258942 -0.3098769 -0.722318 0.5550956 -0.4124629 -0.7210163 0.5707143 -0.3929639 -0.5945369 0.6286822 -0.5012829 -0.5930774 0.6476714 -0.4783105 -0.4471994 0.6926895 -0.5658569 -0.4475502 0.7150869 -0.5369819 -0.2919759 0.7438467 -0.6012006 -0.7307841 0.5070632 -0.4569918 -0.7279489 0.521795 -0.4447701 -0.6042193 0.5326776 -0.592599 -0.6010234 0.5547965 -0.5753014 -0.4544953 0.5395647 -0.7087341 -0.4518331 0.568833 -0.6872233 -0.2903342 0.5632684 -0.7735857 -0.2887948 0.6026089 -0.743949 -0.1221529 0.5851655 -0.8016608 -0.2875237 0.6449315 -0.7080915 -0.1224095 0.6344513 -0.7632087 -0.2906485 0.684415 -0.668655 -0.1275363 0.6810764 -0.7210198 -0.1281489 0.7180667 -0.6840746 -0.1308606 0.7509613 -0.6472501 -0.2904319 0.7160025 -0.6348147 -0.1720621 -0.01819261 0.9849181 -0.1523614 -0.06901067 0.9859125 -0.3674148 0.04199348 0.9291087 -0.3592774 -0.05091907 0.9318406 -0.3606487 -0.04879367 0.9314246 -0.2272634 -0.1295943 0.9651718 -0.2277662 -0.1368947 0.9640448 -0.2277664 -0.1368945 0.9640448 -0.07991375 -0.1793119 0.9805412 -0.1666378 -0.1724558 0.9708197 -0.286361 -0.1371827 0.9482501 -0.2330176 -0.1354006 0.9630002 -0.3632426 0.03237868 0.9311318 -0.2640316 -0.01062761 0.9644555 -0.1516318 -0.06780718 0.9861085 -0.2719902 -0.04647099 0.9611773 -0.07878208 -0.09280973 0.9925622 -0.203068 -0.0981317 0.9742349 -0.05727222 -0.008856646 0.9983193 -0.2504545 0.02484375 0.9678096 -0.2135584 0.07419519 0.9741088 -0.1972337 0.2307244 0.9528196 -0.2515323 0.2553429 0.9335585 -0.1411326 0.2649548 0.9538766 -0.2302916 0.2938748 0.9276871 -0.2491322 0.3267532 0.9116828 -0.1301088 0.2477747 0.9600413 -0.2639296 0.2257443 0.937753 -0.2262794 0.2024389 0.9527938 -0.0514628 0.1714415 0.9838493 -0.3108871 0.1888417 0.9314977 -0.2030833 0.1989513 0.9587364 -0.3076251 0.1894727 0.9324521 -0.2161356 0.1762474 0.960324 -0.3304229 0.1969362 0.9230584 -0.1018703 0.09311605 0.9904301 -0.2292712 0.1110141 0.9670112 -0.08525517 0.08852878 0.9924184 -0.3448102 0.1163776 0.9314302 -0.2079855 0.1162269 0.971202 -0.3434061 0.1141369 0.9322259 -0.3047239 0.09730782 0.9474569 -0.2519128 0.405217 0.8788283 -0.09263778 0.3532967 0.9309134 -0.2729837 0.4234607 0.8638061 -0.174893 0.3752389 0.9102792 -0.1748082 0.3632792 0.915134 -0.1746979 0.357968 0.9172456 -0.1745469 0.3534376 0.9190295 -0.1743639 0.3497556 0.9204717 -0.1740466 0.3453143 0.922207 -0.1754927 0.3389193 0.924303 -0.2607188 0.4231351 0.8677456 -0.17961 0.3293057 0.9269833 -0.2086133 0.3647149 0.9074489 -0.1796402 0.317619 0.9310465 -0.3258649 0.3659264 0.8717281 -0.1791033 0.3105774 0.9335222 -0.1823735 0.3022323 0.9356258 -0.1843998 0.2960417 0.9372065 -0.1872252 0.285362 0.9399549 -0.1882003 0.2811119 0.9410402 -0.1855476 0.292023 0.9382402 -0.1863727 0.2888702 0.9390523 -0.1911578 0.2675612 0.9443885 -0.1935962 0.2571435 0.9467828 -0.193944 0.2723811 0.9424406 -0.1941571 0.2816188 0.9396775 -0.1943126 0.2852373 0.9385533 -0.1945546 0.2887222 0.9374369 -0.1948861 0.2917456 0.9364315 -0.183531 0.3629146 0.9135696 -0.1805651 0.3675231 0.9123174 -0.1753263 0.3760348 0.9098673 -0.1904693 0.3536831 0.9157673 -0.188063 0.356599 0.9151336 -0.185775 0.3596613 0.9144022 -0.1955378 0.2957698 0.9350322 -0.1930418 0.3010478 0.9338657 -0.1472481 0.2672782 0.9523027 -0.1894032 0.3119196 0.9310385 -0.171787 0.30101 0.9380204 -0.1904419 0.3214545 0.9275769 -0.2278979 0.3493299 0.9088626 -0.1912929 0.3320296 0.9236684 -0.08928718 0.352448 0.9315623 -0.194752 0.3428916 0.9189652 -0.1941581 0.3496998 0.916522 -0.08002615 0.3986318 0.9136129 -0.3047895 0.4388797 0.8452739 -0.2476202 0.4611124 0.8520913 -0.1661439 0.4364799 0.8842407 -0.1678122 0.4587034 0.8725997 -0.2795037 0.5072379 0.8152223 -0.2729277 0.5066299 0.8178243 -0.1262466 0.4793258 0.8685094 -0.2605841 0.5027002 0.8242502 -0.1885763 0.5258475 0.8294115 -0.1704706 0.517338 0.8386305 -0.1423142 0.5473279 0.8247296 -0.2861632 0.5815445 0.7615226 -0.1423653 0.5478683 0.8243618 -0.135454 0.5916032 0.7947691 -0.1346683 0.5936291 0.7933908 -0.1346696 0.5936233 0.7933949 -0.1347704 0.5931854 0.7937052 -0.1352992 0.5908751 0.7953369 -0.1350492 0.5919761 0.7945603 -0.135176 0.5914159 0.7949558 -0.1353055 0.5908006 0.7953911 -0.1360757 0.5871663 0.7979469 -0.1358166 0.5884037 0.797079 -0.1358253 0.5883602 0.7971096 -0.1360113 0.5873793 0.797801 -0.1366261 0.5841314 0.8000774 -0.1365145 0.5847504 0.7996442 -0.1365698 0.5844123 0.7998818 -0.1370143 0.5817525 0.8017425 -0.137165 0.5808184 0.8023937 -0.1174618 0.5832849 0.8037297 -0.2665834 0.580759 0.7691894 -0.1613862 0.55843 0.8137017 -0.141241 0.57776 0.8038933 -0.1410594 0.5802292 0.8021449 -0.1408789 0.5828848 0.800249 -0.1408891 0.5826467 0.8004206 -0.1408369 0.5841076 0.7993643 -0.1390312 0.5871893 0.7974202 -0.1358446 0.5596201 0.81754 -0.1363145 0.5890228 0.7965366 -0.1356801 0.5905761 0.7954941 -0.1352173 0.592067 0.7944639 -0.1355775 0.5919869 0.7944622 -0.1347921 0.5921199 0.7944968 -0.1358455 0.5920401 0.7943768 -0.1332137 0.5932291 0.7939353 -0.1346387 0.5929649 0.7938923 -0.1345367 0.5930593 0.7938391 -0.8272105 -0.05999807 0.5586796 -0.8828904 -0.02838964 0.4687201 -0.862586 0.1289419 0.4892028 -0.3714474 0.7404767 0.5601081 -0.3954124 0.7147877 0.5768254 -0.4374302 0.7235755 0.5339413 -0.7448817 -0.01454691 0.6670379 -0.7737335 -0.05161844 0.6314047 -0.7696629 0.101798 0.6302826 -0.710249 0.08907651 0.698292 -0.6990908 0.3040514 0.6471667 -0.6959498 0.08437377 0.7131163 -0.6108807 0.3256324 0.7216567 -0.5783429 0.5327807 0.6177898 -0.5555588 0.4560902 0.6952238 -0.418241 0.6848987 0.5966475 -0.4606829 0.6233292 0.6318481 -0.5061985 0.5507449 0.6636589 -0.2590844 0.8372526 0.4815426 -0.2790938 0.7969 0.535777 -0.3121559 0.7891097 0.5290222 -0.1772436 0.9062057 0.3838958 -0.1802993 0.9078848 0.3784671 -0.2732495 0.8651922 0.4204487 -0.3201758 0.8803726 0.3499022 -0.1271607 0.9570794 0.2604403 -0.1762256 0.9235146 0.3406837 -0.02495628 0.9752652 0.2196245 -0.08986593 0.9750894 0.2027924 -0.141406 0.963358 0.2279158 -0.09199878 0.9742206 0.2059866 -0.3526022 0.8952999 0.2722311 -0.319325 0.9205869 0.2248362 -0.1959019 0.957234 0.2128978 -0.6114055 0.7520934 0.2460465 -0.5270349 0.8130906 0.2472203 -0.5623937 0.7682958 0.3056712 -0.5238582 0.8170071 0.2409811 -0.417828 0.8774483 0.2355933 -0.7024897 0.6680202 0.2454734 -0.7375717 0.5941556 0.3208849 -0.776751 0.58106 0.242955 -0.845822 0.4789199 0.2349911 -0.8679135 0.382462 0.3169369 -0.8463702 0.4761391 0.2386398 -0.9470069 0.2522745 0.1988354 -0.9209372 0.3238999 0.2167105 -0.8779017 0.4191292 0.2315584 -0.9855034 -0.01618755 0.1688814 -0.982609 0.04496024 0.1801614 -0.9396902 0.1652393 0.2994634 -0.9807593 0.1087625 0.1621169 -0.971942 0.1647416 0.1678954 -0.934921 -0.004645787 0.3548254 -0.9562159 0.02601889 0.2915032 -0.7947552 0.3480755 0.4971998 -0.6743395 0.5641603 0.4764341 -0.5129724 0.7449339 0.4265359 0.1504545 -0.2130567 -0.9653861 0.1618367 -0.1656871 -0.9728087 0.1618359 -0.1656841 -0.9728093 0.1517738 -0.2076637 -0.9663542 0.1292471 -0.2962607 -0.9463217 0.1277161 -0.3020338 -0.9447032 0.1066463 -0.3785539 -0.9194148 0.1011627 -0.3920074 -0.914383 0.08396659 -0.4315506 -0.8981724 0.07539133 -0.443526 -0.893085 0.07000107 -0.4497875 -0.8903882 0.07822046 -0.4743187 -0.8768713 0.07629632 -0.4718941 -0.8783478 0.0709443 -0.4615045 -0.8842966 0.06172995 -0.4585539 -0.88652 0.0584378 -0.5333185 -0.8438936 0.0591452 -0.5344788 -0.8431098 0.05963141 -0.5319442 -0.8446771 0.0594646 -0.5322617 -0.8444889 0.0559425 -0.5364287 -0.8420895 0.05775491 -0.5375431 -0.8412561 0.06572575 -0.5040788 -0.8611531 0.05863919 -0.5409004 -0.83904 0.07668785 -0.4787062 -0.8746195 0.0740121 -0.4863219 -0.8706395 0.07254953 -0.4895471 -0.8689535 0.06972605 -0.4957472 -0.8656633 0.06860246 -0.4977937 -0.864578 0.06550829 -0.5032508 -0.8616538 0.06388683 -0.5057427 -0.8603155 0.06353329 -0.5062597 -0.8600376 0.0631265 -0.5068116 -0.8597424 0.06130211 -0.5265428 -0.8479355 0.06370047 -0.5061047 -0.8601164 -0.871604 0.4743237 -0.1237882 -0.8429297 0.5270212 -0.1082506 -0.7943557 0.6018296 -0.08246241 -0.7421291 0.6676453 -0.05911144 -0.7415237 0.6682785 -0.05955249 -0.7942317 0.6020298 -0.08219607 -0.4105774 0.9096015 0.06364951 -0.3550846 0.9314059 0.07998708 -0.2742257 0.955943 0.1047527 -0.1335406 0.9807519 0.1424521 -0.04725112 0.9853853 0.1636555 -0.06631847 0.9850687 0.1588755 -0.1893295 0.9735022 0.1282492 -0.2682591 0.9575766 0.1052813 -0.1173139 0.9822948 0.146063 -0.3273783 0.9406567 0.0893781 -0.4680752 0.882562 0.04460936 -0.4960173 0.8675777 0.03571686 -0.5595425 0.8286868 0.01379652 -0.5450993 0.8381722 0.0182804 -0.719123 0.6931716 -0.0487364 -0.6690427 0.7426591 -0.02897121 -0.5996608 0.8002541 -0.000500443 -0.6826506 0.7299589 -0.03388508 -0.7793895 0.6218792 -0.07627753 -0.9432935 0.2818867 -0.1753206 -0.9492079 0.257292 -0.181122 -0.9551916 0.2285452 -0.1880855 -0.8234304 0.5591043 -0.09677172 -0.9049669 0.3997963 -0.145595 -0.9177446 0.3660931 -0.1540155 -0.931191 0.3250556 -0.1649917 0.2175843 0.1455969 -0.965121 0.2237353 0.1580178 -0.9617551 0.2227495 0.1437134 -0.9642246 0.2245495 0.1579586 -0.9615751 0.2277808 0.1410038 -0.9634489 0.3631661 0.8986057 0.2462075 0.3631661 0.8986057 0.2462075 0.3631661 0.8986057 0.2462075 -0.431187 -0.04561548 0.9011088 -0.5301712 -0.004522569 0.8478785 -0.5529821 0.04356881 0.8320532 -0.6163634 0.04369128 0.7862489 -0.69262 0.09630677 0.7148444 -0.6824903 0.1219686 0.720646 -0.8818557 0.4714471 -0.00825797 -0.863497 0.5007106 0.06051348 -0.8799162 0.4750593 0.008136767 -0.9000442 0.4208877 -0.113022 -0.8996038 0.4227371 -0.1095736 -0.8995814 0.424471 -0.1028479 -0.9003719 0.421573 -0.1077345 -0.8829594 0.4692607 0.01330892 -0.9004497 0.4230074 -0.1012669 -0.9011406 0.4202577 -0.106438 -0.8859738 0.4633623 0.01859442 -0.9012175 0.4218238 -0.09935642 -0.8990907 0.4328543 -0.06536787 -0.8889683 0.4573237 0.0242968 -0.8986746 0.4358283 -0.0493724 -0.900737 0.4297465 -0.0631731 -0.8923598 0.4504713 0.0277419 -0.9006561 0.4317885 -0.04875667 -0.9036201 0.4155572 -0.1038414 -0.8957018 0.4435386 0.03149363 -0.9039862 0.4167374 -0.09559791 -0.9044421 0.4138925 -0.1033319 -0.8991634 0.4362362 0.03468543 -0.9050082 0.4147106 -0.09473738 -0.9053023 0.4121018 -0.1029556 -0.902701 0.4286683 0.03707351 -0.9060197 0.4124631 -0.09488129 -0.9061478 0.4103913 -0.1023482 -0.9061902 0.4209973 0.03975657 -0.9070265 0.410428 -0.0940836 -0.9070412 0.4086564 -0.1013716 -0.9096442 0.4131608 0.04296042 -0.9080703 0.408367 -0.09297736 -0.9079242 0.4068221 -0.1008432 -0.9131655 0.4051228 0.04476915 -0.9090634 0.4061841 -0.09283392 -0.9087864 0.4049869 -0.1004635 -0.9166426 0.397171 0.04496217 -0.9098768 0.4041673 -0.093664 -0.9096865 0.4031583 -0.09966868 -0.920059 0.3890098 0.0465054 -0.9108693 0.4020748 -0.09302164 -0.9106329 0.4011723 -0.09903799 -0.9234886 0.3808582 0.04599768 -0.911559 0.4002231 -0.09424312 -0.9266706 0.373029 0.0461624 -0.9123677 0.397971 -0.0959384 -0.9116314 0.399109 -0.09818412 -0.9297075 0.3662289 0.03899229 -0.9231637 0.3827512 -0.03564113 -0.9044708 0.4037189 -0.1376355 -0.9069053 0.4016162 -0.1273863 -0.4105602 0.6122796 0.6756878 -0.3371365 0.6013398 0.7243821 -0.3890623 0.5978683 0.7008452 -0.3422378 0.5991293 0.7238213 -0.2484094 0.5735342 0.7806096 -0.696972 0.6059782 0.3834323 -0.6081957 0.6193462 0.496496 -0.5592959 0.6079202 0.5635788 -0.8047171 0.5557027 0.2088657 -0.7438643 0.5870709 0.3193959 -0.7627215 0.572386 0.3010485 -0.4135534 0.2511126 0.8751663 -0.4449849 0.3250266 0.8344736 -0.4554362 0.1753364 0.8728316 -0.4425229 0.2352903 0.8653392 -0.42334 0.1342033 0.8959758 -0.4815268 0.09431866 0.8713414 -0.476736 0.005062211 0.879032 -0.3972489 0.01732922 0.9175473 -0.2834654 -0.1196525 0.9514887 -0.3361997 -0.1117067 0.9351424 -0.3283301 -0.1053199 0.938673 -0.5331941 -0.006581322 0.8459673 -0.9163621 0.3011699 0.263775 -0.9290047 0.3364925 0.1540231 -0.9287121 0.3684826 0.0414058 -0.8453985 0.2260435 0.483948 -0.8453119 0.2266569 0.4838124 -0.870636 0.2681816 0.4123973 -0.8892039 0.2623273 0.3748345 -0.6696704 0.5981193 0.4402213 -0.7697923 0.5555745 0.3142559 -0.6776391 0.5761099 0.4570586 -0.7775008 0.5369169 0.3274335 -0.6866478 0.5513656 0.4738257 -0.7852161 0.5176733 0.3397793 -0.6956214 0.5258806 0.4894493 -0.7929777 0.4978152 0.3512355 -0.7044319 0.4996185 0.50414 -0.800763 0.4773341 0.3618437 -0.7133307 0.4725551 0.5175433 -0.8085998 0.4561811 0.3715713 -0.7222097 0.4446433 0.5298165 -0.8164329 0.4343172 0.3805337 -0.7311213 0.4158499 0.5408609 -0.8243903 0.4117549 0.3883793 -0.7399981 0.3861483 0.5507199 -0.8324019 0.3886498 0.3950422 -0.7488906 0.3557693 0.5590985 -0.8402936 0.3651379 0.4007256 -0.7576435 0.3249396 0.5660305 -0.8480352 0.3412588 0.4054366 -0.7661111 0.2936652 0.5716945 -0.8556728 0.3170291 0.4090436 -0.774468 0.26199 0.575813 -0.8633372 0.292454 0.4112414 -0.7827771 0.2299032 0.5782772 -0.7907329 0.1977641 0.5793365 -0.9155955 0.3018957 0.2656009 -0.9159497 0.3274541 0.2319699 -0.91042 0.3431925 0.2309858 -0.9044548 0.3597512 0.2292175 -0.8984297 0.375985 0.2268464 -0.892354 0.3919917 0.2237115 -0.8862947 0.4077787 0.2195409 -0.8802345 0.4232642 0.2145569 -0.8740728 0.4383624 0.2093683 -0.868098 0.4529487 0.2030845 -0.8621216 0.4670793 0.1964264 -0.8562535 0.4807174 0.1890523 -0.8504245 0.4939405 0.1811105 -0.8446622 0.5067247 0.1725569 -0.8388703 0.5191539 0.1636334 -0.8333573 0.530703 0.154499 -0.8340923 0.5326743 0.1433463 -0.3853708 0.5254378 0.7585542 -0.3602675 0.5421528 0.7591296 -0.367431 0.4407099 0.819005 -0.4059219 0.4764978 0.7798572 -0.1918404 0.4375317 0.8785006 -0.3526202 0.3329139 0.8745441 -0.4326312 0.4046082 0.8056814 -0.4701145 0.3388882 0.8149523 -0.5461486 0.08671042 0.8331885 -0.6751072 0.1603159 0.7200897 -0.5391752 0.1301033 0.8320837 -0.6671244 0.1987487 0.7179442 -0.5318996 0.1731543 0.8289152 -0.6588821 0.236741 0.7140225 -0.5241558 0.215821 0.8238216 -0.6505401 0.2743864 0.7081735 -0.5161984 0.258223 0.816615 -0.6418936 0.3116113 0.7006219 -0.5077575 0.3001638 0.8075172 -0.632951 0.348344 0.6913967 -0.4990239 0.3413517 0.7965263 -0.623839 0.3842929 0.6805467 -0.4903506 0.3815724 0.7835552 -0.6145456 0.4192339 0.6682639 -0.4813627 0.4207171 0.768952 -0.605372 0.4532117 0.6543118 -0.4723826 0.4588817 0.7525173 -0.5961771 0.4862392 0.6388617 -0.4630103 0.4960306 0.7345578 -0.5868929 0.5183447 0.6219932 -0.453658 0.5322564 0.714771 -0.5775405 0.5495303 0.603708 -0.444171 0.567551 0.6932518 -0.567819 0.5798524 0.584254 -0.4343637 0.6009598 0.6709512 -0.5481861 0.6192351 0.5621742 -0.691327 0.1040582 0.7150097 -0.7338064 0.1317721 0.6664565 -0.8148138 0.1882233 0.548316 -0.6999071 0.6012545 0.3855166 -0.9286103 0.3690009 0.03900264 -0.4408622 -0.0666498 0.8950968 -0.3938508 -0.09134177 0.9146246 -0.5734771 0.008639201 0.8191761 -0.267153 -0.1529307 0.9514418 -0.3388785 -0.1195852 0.9331992 -0.3396755 -0.1199802 0.9328587 -0.7348268 0.1168467 0.668114 -0.8517689 0.2110319 0.4795366 -0.8518025 0.2180363 0.4763324 -0.7405999 0.1188141 0.6613585 -0.6973524 0.08518109 0.7116486 -0.9174533 0.3051902 0.2552223 -0.851747 0.2110107 0.4795848 -0.2769358 0.3605043 -0.8906982 -0.4766708 0.4062685 -0.7795709 -0.3797166 0.3874277 -0.8400685 -0.4778044 0.4084859 -0.777716 -0.5909812 0.4323357 -0.6810485 -0.5709156 0.4266168 -0.7014652 -0.657903 0.4344199 -0.6151772 -0.6595359 0.4381648 -0.6107569 -0.7340755 0.4386681 -0.5183661 -0.735023 0.4424283 -0.5138076 -0.7995048 0.436226 -0.4129151 -0.8013635 0.4397794 -0.4054757 -0.8444266 0.4306028 -0.3186298 -0.8448826 0.4325521 -0.314757 0.1905636 0.187208 -0.963659 0.1439886 0.2104204 -0.9669491 0.05828238 0.2582192 -0.9643267 0.05075938 0.2466743 -0.9677682 -0.04235194 0.2829692 -0.9581935 -0.04063904 0.2792849 -0.9593479 -0.1510484 0.3272331 -0.9327931 -0.1522517 0.3213305 -0.9346476 -0.2633361 0.3621739 -0.8941388 -0.3475878 0.383378 -0.8556892 -0.7590935 0.576481 -0.3024015 -0.705719 0.5856863 -0.3986631 -0.7021455 0.5392242 -0.4650042 -0.5823016 0.459524 -0.6706434 -0.6599453 0.4659584 -0.5893683 -0.6026717 0.4823859 -0.6356812 -0.6650829 0.4561386 -0.5912718 -0.7312214 0.4722643 -0.4922212 -0.7254273 0.4913496 -0.482007 0.180318 0.269795 -0.9458837 0.1861105 0.2382666 -0.9532009 0.05651591 0.3107086 -0.9488236 -0.5814455 0.5304878 -0.6168499 -0.4364524 0.5013604 -0.7470924 -0.7980544 0.5266248 -0.2928746 -0.8525462 0.4896083 -0.1828899 -0.849596 0.5068029 -0.1460735 -0.1259397 0.3531789 -0.9270404 -0.1006462 0.3177543 -0.9428163 -0.2107679 0.3547098 -0.9109105 -0.2791537 0.4541741 -0.8460491 -0.2942052 0.411745 -0.8625018 -0.4561448 0.4551672 -0.7646926 0.1770832 0.2074664 -0.9620807 0.1275946 0.2347854 -0.9636366 0.2217642 0.197922 -0.9548023 0.09036264 0.2620409 -0.9608169 -0.1151373 0.3915579 -0.9129216 -0.1914505 0.4771567 -0.857711 -0.3168314 0.387961 -0.865508 -0.7928522 0.4676477 -0.390757 -0.7993725 0.4554889 -0.3918334 -0.8174485 0.4849921 -0.310742 -0.8419678 0.4474935 -0.3013965 -0.8639817 0.474784 -0.1676777 -0.8704677 0.457478 -0.1816586 -0.8857785 0.429615 -0.1755776 -0.3148644 0.3917017 -0.8645405 -0.4114556 0.4198979 -0.8089438 -0.5052098 0.4328764 -0.7465796 -0.5048509 0.4344848 -0.7458878 0.1206267 0.230633 -0.9655349 0.009932432 0.2777305 -0.9606077 -0.100846 0.3177478 -0.9427971 -0.8169542 0.5566214 -0.150859 -0.8006508 0.5637637 -0.2028024 -0.8056423 0.5446872 -0.23293 -0.8495922 0.506295 -0.147846 -0.6370115 0.5877548 -0.4987592 -0.5595743 0.5811333 -0.5908982 -0.4978646 0.5710809 -0.6526848 -0.3640335 0.5388156 -0.7597087 -0.2932063 0.5159696 -0.8048636 0.1781938 0.2905853 -0.9401102 0.1235783 0.3250264 -0.937596 0.01798401 0.3820352 -0.9239728 -0.08600867 0.4320579 -0.8977352 -0.8690706 0.4816645 -0.1127637 -0.8439239 0.4891001 -0.2203938 -0.7812375 0.5307946 -0.3285195 0.2115602 0.5873347 -0.7812043 0.2720655 0.5572713 -0.7844929 0.1001091 0.5934785 -0.7985997 0.1502561 0.4933078 -0.8567792 0.2564519 0.4251897 -0.8680128 0.1263274 0.4796259 -0.868332 0.3193375 0.643773 -0.6953991 0.2773107 0.637964 -0.7184015 0.1386426 0.6721861 -0.7272854 0.1482577 0.6872114 -0.7111682 0.08707069 0.7062502 -0.7025876 0.08426835 0.7138572 -0.6952027 -0.03304091 0.7192875 -0.6939263 -0.1518708 0.6840533 -0.7134468 -0.1657586 0.7135312 -0.6807329 0.1223122 0.4328643 -0.8931227 0.12538 0.4068938 -0.90483 0.01798895 0.4587873 -0.888364 -0.09928057 0.5302105 -0.8420334 0.1814393 0.3758961 -0.9087254 0.2469233 0.3611317 -0.899229 0.2662556 0.3557907 -0.8958353 0.1774407 0.4225041 -0.8888223 0.07179953 0.5678073 -0.8200242 0.2500811 0.4932417 -0.8331699 0.1167098 0.5336474 -0.8376152 0.2834119 0.4809541 -0.8296751 0.06994219 0.6514041 -0.7555004 0.2195468 0.6470645 -0.7301416 0.1417534 0.6149099 -0.7757524 -0.3255082 0.6652411 -0.6719365 -0.270436 0.6997349 -0.6612378 -0.1662748 0.7135364 -0.6806015 -0.5104341 0.617973 -0.5979686 -0.3882395 0.6728805 -0.629684 -0.3876127 0.6737061 -0.6291871 -0.6807096 0.5955683 -0.4265359 -0.6647526 0.6145374 -0.4247915 -0.7304452 0.6005152 -0.3253171 -0.4479404 0.6113585 -0.6523727 -0.502598 0.6158429 -0.6067394 -0.5576289 0.6089541 -0.5641142 -0.5866761 0.6198443 -0.5211567 -0.3488194 0.5924495 -0.726174 -0.4139988 0.6010839 -0.6835958 -0.299515 0.5776299 -0.7593645 -0.2606191 0.574868 -0.7756316 -0.1947395 0.544818 -0.8156285 -0.09005525 0.5058025 -0.8579358 -0.787434 0.5765655 -0.2179909 -0.8125857 0.5593836 -0.1636903 -0.7447724 0.579819 -0.3303393 -0.8042578 0.5540543 -0.2149263 -0.8041508 0.5539138 -0.215687 -0.1112344 0.5534568 -0.8254165 -0.2749822 0.5846587 -0.7632555 -0.4325578 0.5973721 -0.6753075 -0.8950864 0.4249357 -0.1350921 -0.8839432 0.4448807 -0.1439641 -0.8206625 0.4738016 -0.3194137 -0.8541448 0.2818117 0.4370571 -0.1222416 0.5830947 -0.8031548 -0.2895243 0.5994214 -0.746237 -0.4502752 0.5966206 -0.6643012 -0.5797107 0.5900274 -0.5619637 -0.8868749 0.4072188 -0.2182334 -0.8973805 0.3958011 -0.1950635 -0.8438888 0.4403468 -0.3065066 -0.1332927 0.6184941 -0.7744018 -0.3032075 0.620255 -0.7234286 -0.4660001 0.6020333 -0.6483825 -0.6002285 0.5734542 -0.5575626 -0.7056865 0.5626965 -0.4305568 -0.8552531 0.4105508 -0.3162123 -0.7634003 0.485812 -0.4256838 -0.7281306 0.5311921 -0.4331983 -0.6179483 0.5627467 -0.5490502 -0.4816949 0.6119399 -0.6272955 -0.3173451 0.6440766 -0.6960297 -0.1458341 0.6550988 -0.7413353 -0.9134161 0.3558109 -0.1976606 -0.9157799 0.342841 -0.2093018 -0.9135015 0.3436706 -0.2177283 -0.9319506 0.3019007 -0.2008084 -0.8516146 0.3998064 -0.33898 -0.9069558 0.3279979 -0.2642889 -0.9085552 0.3283322 -0.2583125 -0.9292264 0.2956565 -0.221643 -0.7836127 0.4688284 -0.4076164 -0.7836025 0.4688371 -0.4076259 -0.6973608 0.5341284 -0.4779067 -0.7470865 0.5049283 -0.43233 -0.6345388 0.5581293 -0.5346514 -0.607706 0.5862586 -0.5357185 -0.6077354 0.5870087 -0.5348631 -0.4991145 0.6364164 -0.5880976 -0.9364957 0.3088982 -0.166005 -0.9369407 0.3077892 -0.1655532 -0.8321661 0.5450457 -0.1021019 -0.8404437 0.5325072 -0.1004509 -0.8510968 0.5149435 -0.1023103 -0.8580886 0.5011022 -0.1121625 -0.8576362 0.5011768 -0.1152471 -0.8713609 0.4754466 -0.1211644 -0.8814637 0.4564088 -0.1212961 -0.8891048 0.4390562 -0.1293149 -0.8957605 0.4219593 -0.1398693 -0.8989226 0.4157617 -0.1381319 -0.909448 0.391132 -0.1411386 -0.9200873 0.3613941 -0.1511077 -0.9262524 0.3420747 -0.1582446 -0.9329612 0.3220921 -0.1607482 -0.946017 0.2753249 -0.1710204 -0.942848 0.2863045 -0.1704915 -0.9483912 0.2627064 -0.1775934 -0.9497922 0.2546959 -0.1817272 -0.9516643 0.2474471 -0.1819477 0.2289845 0.170064 -0.9584593 0.2921679 0.1649412 -0.9420363 0.2921679 0.1649412 -0.9420363 0.2289845 0.170064 -0.9584593 0.164811 0.1744581 -0.9707738 0.1648111 0.1744581 -0.9707737 0.9458923 -0.2476627 0.2096447 0.9272973 -0.2708548 0.2583744 0.8804285 -0.2611961 0.3957554 0.9457732 -0.1770612 0.2723277 0.9543453 -0.1866777 0.2331878 0.943203 -0.1808554 0.2786745 0.0568539 -0.1359475 0.9890834 0.9514383 -0.2009572 0.2331982 0.9386826 -0.2068463 0.2758435 0.8929225 -0.1793564 0.4129415 0.9218514 -0.2242822 0.3160497 0.9269112 -0.2388069 0.2894943 0.8736353 -0.2278139 0.4299561 0.9429239 -0.3039157 0.1361241 0.9248003 -0.3346286 0.1810198 0.8952185 -0.3453643 0.2816156 0.9052268 -0.3178043 0.2820725 0.8600213 -0.3524463 0.3689782 0.8482737 -0.3263267 0.4170643 0.08325966 -0.03852921 0.9957828 -0.1652743 0.05771946 0.9845572 0.05557841 0.04028931 0.9976411 0.04292049 0.07631522 0.9961595 0.04333459 0.05729714 0.9974162 0.0003413302 0.1297685 0.9915443 0.09735668 0.1339427 0.9861952 -0.08701873 0.2094603 0.9739374 0.1481597 0.1448464 0.9782986 0.1560662 0.1668581 0.9735511 0.1918153 0.105416 0.9757532 0.2691972 0.1363187 0.9533887 -0.08246891 0.1997055 0.9763793 0.03465319 0.1740358 0.9841294 0.1851689 0.0523253 0.9813127 0.1786194 -0.002080934 0.983916 0.1723636 -0.05702802 0.9833812 0.89735 -0.1990604 0.3938756 0.9432228 -0.210007 0.2573478 0.9473761 -0.2301635 0.2224933 0.8122033 -0.1755003 0.5563502 0.8064059 -0.2098346 0.5528824 0.6881841 -0.1384854 0.7121969 0.6816536 -0.1808948 0.7089608 0.5334863 -0.09512212 0.8404428 0.5267489 -0.1438059 0.8377681 0.5400277 -0.04770535 0.8402942 0.5462195 -0.002911443 0.837637 0.6941649 -0.09770939 0.7131535 0.699846 -0.05934753 0.711824 0.8174587 -0.1430173 0.5579493 0.8220097 -0.1124128 0.5582682 0.896732 -0.1493765 0.4166034 0.760357 -0.04908418 0.6476481 0.759756 -0.04841268 0.6484035 0.5596272 -0.3492174 0.7515747 0.5029976 -0.2970181 0.8116487 0.5662365 -0.3319453 0.7544459 0.657834 -0.3166009 0.6833873 0.7833584 -0.3241514 0.5303542 0.7300289 -0.3632613 0.5788774 0.6562391 -0.3413533 0.6729251 0.8653936 -0.3346393 0.3729752 0.8074509 -0.341682 0.4809122 0.7301854 -0.3628202 0.5789566 0.9326337 -0.3000655 0.2003874 0.8704036 -0.2806197 0.4045369 0.9410662 -0.2946686 0.1660265 0.9232758 -0.2715582 0.2716946 0.6666842 -0.2699427 0.6947396 0.7925452 -0.2837313 0.5397857 0.01722919 -0.2201368 0.9753169 -0.1053924 -0.1986122 0.974395 0.06109167 -0.2109823 0.9755789 -0.10299 -0.1954733 0.9752862 0.07417972 -0.2204104 0.9725825 0.1265466 -0.2650247 0.9559016 0.1533087 -0.2250382 0.9622132 0.1291351 -0.2682394 0.9546579 0.3323513 -0.2658998 0.9048977 0.2449472 -0.294513 0.9237223 0.4631519 -0.3365118 0.8199086 0.3582605 -0.3196822 0.8771845 0.3639695 -0.2988138 0.8821771 -0.01015066 -0.07883442 0.996836 0.1597633 -0.1694157 0.9725091 0.1660444 -0.1131604 0.979604 0.3400762 -0.2107116 0.9164872 0.3473835 -0.1559712 0.9246608 0.5115309 -0.2448514 0.8236407 0.8290705 -0.08591244 0.5525045 0.8833684 -0.1208532 0.4528297 0.8835514 -0.1204806 0.452572 0.9190127 -0.1486141 0.365143 0.3750315 0.08084929 0.9234797 0.4809089 0.04668657 0.8755267 0.5825556 0.006444794 0.8127653 0.5841279 0.008198366 0.8116202 0.6792312 -0.01159081 0.7338329 0.3774973 0.1045196 0.9200932 0.3743254 0.0527289 0.925797 0.3676685 0.002984592 0.9299521 0.3610019 -0.0489994 0.9312769 0.3542943 -0.1017566 0.9295811 0.5193883 -0.1936971 0.8322964 0.6745552 -0.2244699 0.7032699 0.8000018 -0.2456239 0.5474175 0.2138485 0.09265558 -0.9724627 0.2173786 0.1135807 -0.9694565 0.2187721 0.1030084 -0.9703237 0.2245147 0.072549 -0.9717663 0.001127369 0.1891904 -0.9819398 0.01223598 0.1841402 -0.9828238 0.2476182 0.07032567 -0.966302 0.08557206 0.08769598 -0.992465 0.208179 0.05998303 -0.9762497 0.2144171 0.08747118 -0.9728176 0.2069285 0.04879182 -0.9771387 0.2030992 0.03180509 -0.9786415 0.207646 0.0317194 -0.9776896 0.2005844 0.003115926 -0.9796715 0.1929902 -0.04079861 -0.9803521 0.1874919 -0.05060768 -0.9809616 0.1818268 -0.07712376 -0.9803015 0.1818257 -0.07712467 -0.9803016 -0.2783787 -0.652684 0.7046339 -0.2783651 -0.6525503 0.7047631 -0.2759599 -0.6478682 0.7100091 -0.2870364 -0.6363178 0.7160375 -0.2765747 -0.5739901 0.7707411 -0.2971772 -0.6329143 0.7149162 -0.2948835 -0.6295969 0.7187847 -0.2919305 -0.6253279 0.7236999 -0.2902552 -0.6222479 0.727021 -0.2832242 -0.6080156 0.741688 -0.2309489 -0.7064764 0.6689945 -0.2364128 -0.6973652 0.6766023 -0.2245281 -0.707848 0.66973 0.6614298 -0.6268308 0.4118177 -0.2738491 -0.6964179 0.6633316 -0.2756519 -0.6969776 0.6619956 -0.2787908 -0.6979067 0.6596983 -0.2633684 -0.6813783 0.682906 -0.2822725 -0.6742498 0.6824291 -0.2819749 -0.6736544 0.6831398 -0.2825101 -0.6747988 0.6817878 -0.2820392 -0.6734769 0.6832882 -0.281849 -0.6729698 0.6838661 -0.2809128 -0.669678 0.6874732 -0.2805542 -0.6684114 0.6888509 -0.2796544 -0.6636935 0.693761 -0.2786938 -0.6558703 0.7015439 -0.2746956 -0.5609456 0.7809496 -0.2690729 -0.4838778 0.8327437 -0.2695639 -0.4896627 0.8291959 -0.2607306 -0.3990396 0.879083 -0.2613295 -0.4044978 0.8764065 -0.2559963 -0.3581553 0.8978812 -0.2559951 -0.3581586 0.8978803 0.2289845 0.170064 -0.9584593 -0.01239388 0.4521304 0.8918658 0.8212423 0.05698607 0.5677267 0.8675507 -0.01360366 0.4971627 0.7480262 0.1040887 0.6554559 0.9583737 -0.1799209 0.2216941 0.9502124 -0.1592549 0.2678324 0.9319085 -0.1231894 0.3411319 -0.07029628 0.25127 0.965361 -0.04737221 0.2634913 0.9634979 -0.06800067 0.2471291 0.9665936 0.13885 0.2258054 0.9642264 0.04261951 0.2214241 0.9742458 0.3549795 0.1596341 0.9211441 0.1616182 0.1951636 0.9673628 0.3852062 0.1232052 0.9145691 0.5520347 0.08465593 0.8295125 0.4907054 0.0847593 0.8671932 0.7195434 0.004273805 0.6944343 0.5932183 0.04443247 0.8038145 0.5926064 0.04742829 0.8040947 0.8497018 -0.07631995 0.5217108 0.926877 -0.1436674 0.3467834 0.9569683 -0.1827843 0.2253918 0.947976 -0.1709597 0.2685411 0.9557738 -0.1827174 0.230458 0.9578052 -0.1814469 0.2229042 0.9502534 -0.164876 0.2642618 0.9299981 -0.133864 0.3423214 0.9566792 -0.181529 0.2276227 0.9378931 -0.1217382 0.3248636 0.9549068 -0.1193065 0.2718803 0.9347161 -0.1158942 0.3359679 0.9583633 -0.1768371 0.2242063 0.9520578 -0.1580743 0.2619129 0.8379959 0.0369682 0.5444229 0.9226977 -0.0423997 0.3831855 0.9373277 -0.1204085 0.3269842 0.8214264 0.05625575 0.5675333 0.8214569 0.05621705 0.5674929 0.7602403 0.1232149 0.6378502 0.8212432 0.06515861 0.5668457 0.820491 0.05895376 0.5686115 0.6777366 0.2283039 0.6989638 0.5981739 0.2513237 0.7609365 0.6234362 0.2420756 0.7434559 0.4369665 0.3828431 0.8139358 0.5537563 0.3392084 0.7604549 0.4112581 0.3558389 0.8391933 0.5934001 0.279071 0.7549806 0.6224833 0.2427411 0.7440371 0.2009626 0.4710026 0.8589357 0.3726559 0.4020162 0.8363675 0.202268 0.445345 0.872213 0.3720265 0.4006435 0.8373058 0.3832647 0.3885994 0.8379133 0.1554822 0.4906089 0.8573962 0.04967878 0.4996557 0.8647984 0.1573924 0.4915333 0.8565177 0.02421149 0.5133819 0.8578186 0.02416694 0.513453 0.8577773 -0.04590869 0.5629626 0.8252063 -0.001230574 0.5498843 0.83524 0.05382216 0.5475178 0.8350613 0.02289161 0.3792949 0.9249926 0.005929058 0.3256396 0.9454754 0.1865799 0.3974233 0.8984668 0.3982681 0.3145861 0.8616369 0.5886562 0.2151827 0.7792177 0.1532265 0.281735 0.9471785 0.3680976 0.2096102 0.9058519 0.5633622 0.1263996 0.816484 0.7286992 0.03651226 0.6838599 0.8553182 -0.05522485 0.5151514 0.1697656 0.3404531 0.9248088 0.3828659 0.2629654 0.8855862 0.5757773 0.1715097 0.7994153 0.7382327 0.07091154 0.6708085 0.8613216 -0.03322367 0.5069727 0.217243 0.4827262 -0.848399 0.2159804 0.4763803 -0.8522994 0.2201356 0.5020305 -0.8363646 0.2211175 0.4716446 -0.8536149 0.2147953 0.4579951 -0.8626143 0.2222487 0.4575325 -0.8609701 0.2280448 0.4638108 -0.8560813 0.2174587 0.4525541 -0.8648159 0.2175295 0.4489189 -0.8666907 0.2166294 0.4471178 -0.8678464 0.2175232 0.4398331 -0.8713383 0.2359 0.3813375 -0.8938305 0.2159546 0.4366593 -0.8733225 0.2187826 0.4322171 -0.8748272 0.2202883 0.4299334 -0.8755743 0.2222623 0.4263886 -0.876808 0.2240069 0.4231249 -0.8779443 0.2282767 0.4105228 -0.8828141 0.2576101 0.3802379 -0.8882883 0.2264315 0.4040119 -0.8862862 0.2327776 0.4083636 -0.8826402 0.2344287 0.4096128 -0.8816238 0.236412 0.4105791 -0.8806442 0.2437359 0.4138687 -0.8771006 0.2351744 0.4201633 -0.876445 0.2542849 0.3796728 -0.8894874 0.236991 0.4362288 -0.8680667 0.2379721 0.4393646 -0.8662148 0.2682879 0.3945403 -0.8788399 0.2409713 0.4434976 -0.8632744 0.2382132 0.44531 -0.8631069 0.2329864 0.4405452 -0.8669702 0.2367881 0.4507983 -0.8606465 0.2330659 0.4516304 -0.861226 0.2874899 0.4300544 -0.8558053 0.2281735 0.4590264 -0.858622 0.2287571 0.4637084 -0.8559467 0.2697491 0.4649285 -0.8432538 0.2298015 0.4656487 -0.8546125 0.2315435 0.4694297 -0.85207 0.276609 0.4623033 -0.8424744 0.2314842 0.4764274 -0.8481934 0.2300599 0.4827805 -0.8449825 0.23499 0.5104505 -0.8271759 0.0862497 0.5760846 -0.8128269 0.187604 0.5565955 -0.8093245 0.2296521 0.4876249 -0.8423074 0.2280105 0.488389 -0.8423108 0.2752826 0.481268 -0.8322263 0.2551766 0.5091033 -0.822009 0.1111691 0.575316 -0.8103413 0.2539683 0.5136588 -0.8195455 0.2504517 0.5166243 -0.8187633 0.2436574 0.5229521 -0.8167938 0.2383623 0.5279046 -0.8151688 0.2306049 0.5363068 -0.8119091 0.2264193 0.5397409 -0.8108107 0.2206365 0.5364413 -0.814586 0.2366691 0.556171 -0.7966565 0.2170757 0.534486 -0.8168248 0.2119935 0.5321444 -0.8196836 0.2146253 0.5288933 -0.8211016 0.2196117 0.5174846 -0.8270311 0.2598349 0.538852 -0.8013266 0.2097595 0.5011339 -0.8395628 0.2130419 0.5008403 -0.8389113 0.216367 0.4978992 -0.8398105 0.217404 0.4911691 -0.8434977 0.1963441 0.216434 -0.95635 0.2902647 0.1609208 -0.9433191 0.1881193 0.3521767 -0.916833 0.2366336 0.2666156 -0.9343022 0.1921562 0.324711 -0.9260879 0.227351 0.2702806 -0.9355533 0.2341402 0.2643771 -0.9355657 0.2866397 0.2082491 -0.935131 0.2545107 0.3778924 -0.8901807 0.2956681 0.3150252 -0.9018534 0.2103402 0.3512484 -0.9123495 0.2343779 0.3295783 -0.9145738 0.3053221 0.2695978 -0.9132883 -0.1746365 0.1879791 0.9665226 -0.2014113 0.2097028 0.9567958 -0.2747607 0.2595734 0.9258122 -0.1934816 0.2591441 0.9462606 -0.1472708 0.2616311 0.9538661 -0.2383178 0.2931071 0.9259011 -0.1913935 0.2757115 0.9419935 -0.2378742 0.2932695 0.9259638 -0.1948334 0.2986883 0.9342512 -0.1641545 0.1842088 0.9690822 -0.1818829 0.1832856 0.9660875 -0.2065259 0.1929702 0.9592234 -0.2150106 0.07915383 0.9733987 -0.2160465 0.09374171 0.9718726 -0.213489 0.1125684 0.9704385 -0.2160838 0.09410902 0.9718288 -0.2169185 0.102322 0.9708123 -0.2174565 0.106265 0.9702682 -0.2181644 0.1097042 0.9697264 -0.2194652 0.116044 0.9686944 -0.2203214 0.1189852 0.9681431 -0.2212829 0.1226647 0.9674643 -0.1831863 0.1010331 0.9778727 -0.222225 0.1259574 0.9668251 -0.2205891 0.1276031 0.9669839 -0.1968463 0.1185174 0.9732447 -0.218275 0.1347547 0.9665388 -0.214346 0.1371071 0.9670871 -0.2936261 0.1772947 0.939335 -0.2087999 0.141966 0.9675992 -0.2132884 0.1511529 0.9652258 -0.196399 0.1879201 0.9623479 -0.2159715 0.1794109 0.959775 -0.2151561 0.1812476 0.959613 -0.2176204 0.1575599 0.9632322 -0.2170699 0.1704003 0.9611682 -0.2186719 0.1750642 0.9599662 -0.2147437 0.1821653 0.9595316 -0.2111242 0.1930625 0.9582032 -0.2099764 0.1964755 0.9577616 -0.2017635 0.1900809 0.9608125 -0.2017447 0.1882251 0.9611818 -0.2038068 0.2194483 0.9540992 -0.2010107 0.2291981 0.9523985 -0.2016347 0.1982457 0.9591882 -0.2016831 0.177871 0.9631645 -0.2017163 0.1784576 0.963049 -0.2012026 0.169494 0.9647742 -0.2014846 0.1713187 0.964393 -0.2016177 0.1664405 0.9652191 -0.1650583 0.1844485 0.9688831 -0.2025644 0.1582683 0.9663947 -0.1529378 0.1544521 0.9760915 -0.2022133 0.1500382 0.9677801 -0.2017388 0.1440287 0.9687916 -0.1804259 0.1385952 0.973775 -0.2029691 0.1402086 0.969095 -0.2049498 0.1387736 0.9688847 -0.2081961 0.1293115 0.9695014 -0.2085307 0.1338105 0.9688187 -0.2064582 0.1257571 0.9703402 -0.212019 0.1036291 0.9717556 -0.2023038 0.1248635 0.9713302 -0.1998176 0.115024 0.9730583 -0.1924251 0.08941446 0.9772296 -0.1941466 0.1115572 0.9746087 -0.1981931 0.1081046 0.9741832 -0.201393 0.1043388 0.9739375 -0.2037199 0.1016556 0.9737373 -0.2055838 0.09863339 0.9736564 -0.206607 0.09693261 0.9736106 -0.2090113 0.0918735 0.973588 -0.2142754 0.07902236 0.9735715 -0.1938223 0.09073099 0.976832 -0.2145428 0.0785427 0.9735515 -0.2532539 0.09615731 0.9626091 -0.256592 0.05920377 0.9647048 -0.1901485 0.02750646 0.9813699 -0.2662549 0.03903562 0.9631119 -0.2155415 0.03376737 0.9759107 -0.2734908 0.02442956 0.9615644 -0.178741 0.007825592 0.983865 -0.2308715 0.05492191 0.9714329 -0.2677665 -0.0256838 0.9631415 -0.161718 -0.08760409 0.9829409 -0.2606118 -0.007615754 0.9654136 -0.237132 -0.02855827 0.9710576 -0.1785415 -0.02922346 0.9834983 -0.2306622 -0.1520538 0.9610799 -0.1721509 -0.1604055 0.9719229 -0.2067983 -0.1137286 0.9717511 -0.2418348 -0.09725848 0.9654309 -0.1209112 -0.1131843 0.9861895 -0.1715947 -0.1841224 0.967809 -0.133464 0.4946857 0.8587628 -0.1546519 0.4953974 0.854789 -0.1425416 0.5159608 0.8446694 -0.2101825 0.5009372 0.8395745 -0.1874882 0.4515989 0.8722996 -0.1212349 0.4281125 0.8955567 -0.2294569 0.4178549 0.8790602 -0.1504187 0.3874463 0.9095381 -0.1775744 0.3684738 0.9125209 -0.1912109 0.3859671 0.9024787 -0.1805468 0.368261 0.9120234 -0.08804098 0.3119445 0.9460124 -0.2727135 0.3411095 0.8995953 -0.1905885 0.2748033 0.942422 -0.1079709 0.6529874 0.749633 -0.1133439 0.6266337 0.7710275 -0.07606474 0.562413 0.8233504 -0.133825 0.5875146 0.7980711 -0.1666226 0.5002532 0.8496962 -0.1389708 0.5515855 0.8224601 -0.1456757 0.5190598 0.8422325 -0.1187435 0.6654503 0.7369368 -0.1187244 0.6586333 0.7430388 -0.1315908 0.6125464 0.7794041 -0.1275196 0.6095224 0.7824457 -0.01002137 0.9338025 0.3576486 -0.1385872 0.8950044 0.4239819 -0.1126127 0.9263613 0.3594066 -0.05128184 0.8572098 0.5124075 -0.03718205 0.8829367 0.4680174 -0.04824765 0.8552562 0.5159544 -0.1442542 0.8352747 0.5305722 -0.06065494 0.8277408 0.5578227 0.02000106 0.7711449 0.6363454 -0.07689033 0.7949958 0.6017221 -0.1617287 0.7247558 0.6697558 -0.07058031 0.7928991 0.6052515 -0.1566175 0.7176888 0.6785233 -0.07882527 0.7616547 0.6431708 -0.1062937 0.6953501 0.7107671 0.05554586 0.9918522 0.114647 -0.01062985 0.991559 0.1292199 0.03539117 0.9833081 0.1784728 0.0996909 0.9900585 0.09922655 0.08219536 0.9959924 -0.03525694 0.08390983 0.995871 -0.03464091 -0.103879 0.9262476 0.3623183 0.0917154 0.9456597 0.3119551 -0.09408388 0.9614957 0.2582134 0.03451642 0.9822642 0.1842976 -0.1236439 0.9652733 0.2301297 -0.004172132 0.9807673 0.1951363 0.2017646 0.9128696 -0.3549086 0.1464459 0.9282335 -0.3419594 0.2485654 0.9195553 -0.304357 0.1365598 0.9474438 -0.2893124 0.09371989 0.9709635 -0.2201058 0.1171095 0.9765066 -0.1808874 0.1897443 0.9609576 -0.201389 0.103439 0.9872144 -0.1212768 0.1013426 0.9871964 -0.1231787 0.1559146 0.9793681 -0.1285643 0.09259171 0.9938318 -0.0610331 0.09705494 0.9949866 -0.02412485 0.08406501 0.9964242 -0.008473662 0.06601998 0.9966429 0.04841756 0.1942134 0.8462877 -0.4960628 0.174851 0.8577584 -0.4834021 0.3431963 0.8345507 -0.4309772 0.1643542 0.8853965 -0.4348111 0.09565277 0.9129527 -0.3966963 0.1596431 0.905969 -0.3920896 0.1482738 0.9285549 -0.3402951 0.2081397 0.7372586 -0.6427501 0.2054186 0.7612371 -0.6150783 0.09224749 0.7535619 -0.6508723 0.1958287 0.7846656 -0.588176 0.2966527 0.7803051 -0.5505643 0.1868716 0.8121384 -0.5527298 0.1053763 0.8390344 -0.5337763 0.1849958 0.835046 -0.5181454 0.1850748 0.8349538 -0.5182658 0.3029946 0.6982944 -0.6485208 0.0814741 0.741806 -0.6656469 0.1861942 0.7360608 -0.6508043 0.09350186 0.7530289 -0.6513102 0.1591812 0.662055 -0.7323554 0.2134449 0.6525503 -0.7270621 0.209421 0.6520336 -0.728694 0.3156323 0.6216816 -0.71686 0.1918168 0.5746856 -0.795577 -0.9728921 0.07270169 -0.2195344 -0.9728921 0.07270169 -0.2195344 -0.8805056 0.114231 -0.4600664 -0.8805056 0.114231 -0.4600664 -0.7280558 0.1479936 -0.6693525 -0.7280558 0.1479936 -0.6693525 -0.5259803 0.1716645 -0.8329922 -0.5259803 0.1716645 -0.8329922 -0.2881287 0.1836307 -0.93982 -0.2881287 0.1836307 -0.93982 -0.03062681 0.1830859 -0.9826197 -0.03062681 0.1830859 -0.9826197 0.2289845 0.170064 -0.9584593 0.2289845 0.170064 -0.9584593 0.4729903 0.145452 -0.8689787 0.4729903 0.145452 -0.8689787 0.6847442 0.1109308 -0.7202914 0.6847442 0.1109308 -0.7202914 0.8498764 0.06883888 -0.5224666 0.8498764 0.06883888 -0.5224666 0.957067 0.02205473 -0.2890267 0.957067 0.02205473 -0.2890267 0.999006 -0.02619925 -0.036064 0.999006 -0.02619925 -0.036064 0.9728928 -0.07270119 0.2195316 0.9728928 -0.07270119 0.2195316 0.8804515 -0.1142477 0.4601659 0.8804515 -0.1142477 0.4601659 0.728114 -0.1479841 0.6692912 0.728114 -0.1479841 0.6692912 0.5260639 -0.1716577 0.8329408 0.5260639 -0.1716577 0.8329408 0.2881373 -0.1836305 0.9398174 0.2881373 -0.1836305 0.9398174 0.03061565 -0.1830856 0.9826201 0.03061565 -0.1830856 0.9826201 -0.2289845 -0.170064 0.9584593 -0.2289845 -0.170064 0.9584593 -0.4729804 -0.1454533 0.8689838 -0.4729804 -0.1454533 0.8689838 -0.6847507 -0.1109294 0.7202854 -0.6847507 -0.1109294 0.7202854 -0.8498341 -0.06885269 0.5225336 -0.8498341 -0.06885269 0.5225336 -0.95704 -0.02207193 0.2891148 -0.95704 -0.02207193 0.2891148 -0.9990093 0.02621919 0.03595703 -0.9990093 0.02621919 0.03595703 0.9692216 -0.1800199 0.1679355 0.9790541 -0.1566356 0.1300709 0.991419 -0.1177218 0.0568319 0.968889 -0.1784293 0.1715144 0.979334 -0.152127 0.1332756 0.9924013 -0.1041775 0.06547304 0.9700103 -0.1731321 0.1706027 0.9794454 -0.143824 0.1414265 0.9929296 -0.09034109 0.07700245 0.9154058 0.3205619 -0.243459 0.8875698 0.3750323 -0.2675269 0.8591626 0.3907234 -0.3304162 0.6985512 0.5899486 -0.404953 0.6927603 0.5831019 -0.4243529 0.713023 0.5598017 -0.4221615 0.1836535 0.7376119 -0.6497692 0.2781152 0.6846915 -0.6736835 0.373842 0.6725784 -0.6386552 0.9705057 -0.02522248 -0.2397553 0.9894361 -0.07267545 -0.1254372 0.9893964 -0.04851789 -0.1368968 0.9939958 -0.1093869 0.002628223 0.9899786 -0.1318046 0.05069394 0.9970488 -0.0766062 0.005017273 0.9775721 -0.1669233 0.1284109 0.9908568 -0.1175348 0.06624476 0.9668822 -0.1864235 0.174313 0.970259 -0.02529002 -0.2407445 0.9391208 0.04641997 -0.3404369 0.9366939 0.02036877 -0.3495564 0.8885422 0.06690398 -0.4538906 0.8390635 0.1391227 -0.5259442 0.8903545 0.06565396 -0.450509 0.6941798 0.2247728 -0.6838067 0.7528846 0.1551274 -0.6396095 0.8290407 0.110213 -0.5482195 0.4630322 0.2689266 -0.8445588 0.5700321 0.2360325 -0.7869893 0.5123246 0.2985985 -0.8052096 0.5723448 0.2380559 -0.7846979 0.6662178 0.1961055 -0.7195113 0.1082639 0.4311967 -0.895739 0.3507438 0.3387125 -0.8730708 0.4252566 0.3227593 -0.8455668 0.1973155 0.3438443 -0.9180619 0.3527359 0.2990072 -0.8866635 0.3472829 0.2974028 -0.8893515 0.2909811 0.3038251 -0.9072047 0.1768181 0.4951798 -0.850607 0.3103064 0.4215449 -0.8520621 0.3895256 0.4147404 -0.8223504 0.3176765 0.4140806 -0.8530058 0.05446226 0.6144653 -0.7870618 0.2828966 0.5639224 -0.7758615 0.3696535 0.5266858 -0.7654791 0.2826792 0.5637486 -0.776067 0.2149356 0.5308163 -0.8197785 0.4092173 0.592977 -0.6934836 0.4037244 0.5938425 -0.6959581 0.02575892 0.697747 -0.715881 0.1294678 0.6968617 -0.7054232 0.361605 0.7500794 -0.5537352 0.2515834 0.7923766 -0.5557384 0.2547512 0.7940695 -0.5518654 0.1998447 0.7685002 -0.60784 0.3051073 0.7808672 -0.5451201 0.2656971 0.8230339 -0.5020162 0.2608361 0.8145394 -0.5181603 0.4817428 0.7369442 -0.47417 0.4632594 0.7354758 -0.4944351 0.3573939 0.7864518 -0.5037491 0.3228464 0.7980593 -0.5087942 0.3362104 0.7755083 -0.5343682 0.5305957 0.675782 -0.5116512 0.6534656 0.6292171 -0.4207952 0.5662715 0.7107762 -0.4172934 0.5165961 0.7060741 -0.4843427 0.8726792 0.395615 -0.2862162 0.8162072 0.4793568 -0.3225259 0.8137764 0.4928565 -0.3079941 0.9388052 0.3074694 -0.1552654 0.8542433 0.3827707 -0.3517883 0.9678259 0.2115226 -0.1362766 0.9500138 0.2297873 -0.2113566 0.9520797 0.2673318 -0.1485865 0.9611437 0.2406265 -0.135284 0.9980683 0.03943583 0.04800565 0.9893681 0.127587 -0.06980152 0.9963671 0.06359232 -0.05664404 0.9823041 0.1593053 -0.09849101 0.9809317 0.1565985 -0.1151079 0.9691155 -0.1736019 0.1751501 0.9786928 -0.1431739 0.1471789 0.9932319 -0.08165772 0.08259817 0.9753111 -0.1219609 0.1841025 0.9896196 -0.1021406 0.1010961 0.9959382 -0.05630753 0.07026065 0.9974873 -0.02238766 0.06721516 0.9969027 -0.04311154 0.06577576 0.9696087 -0.1747346 0.1712506 0.9694805 -0.1799921 0.1664646 0.5308773 0.6209549 -0.5767012 0.7109944 0.5171876 -0.4764493 0.530362 0.5474862 -0.6472828 0.7106799 0.4504774 -0.5403742 0.8528766 0.3296378 -0.4048955 0.9496841 0.1913456 -0.2479658 0.9960381 0.04291584 -0.07788622 0.5270009 0.4672041 -0.7099228 0.7074962 0.3777388 -0.5972961 0.850179 0.2682601 -0.4530256 0.9476967 0.1444936 -0.2845919 0.9947876 0.0131079 -0.1011231 0.520821 0.3810239 -0.7639151 0.7017998 0.2995855 -0.646317 0.8454073 0.2022572 -0.4943466 0.9440536 0.0941617 -0.3160639 0.9924481 -0.01883203 -0.1212108 0.2935545 0.6872779 -0.6644357 0.3141457 0.6774035 -0.6651594 0.2879244 0.6859843 -0.6682253 0.2660368 0.6888876 -0.6742835 0.3030312 0.6913677 -0.6558832 0.2898425 0.6874457 -0.6658902 0.05946821 0.7460517 -0.6632273 0.2668936 0.5073688 -0.8193563 0.280373 0.5872223 -0.7593161 0.1884581 0.6143504 -0.7661966 0.278437 0.5981268 -0.7514766 0.2869553 0.6861395 -0.6684828 0.2870314 0.6861607 -0.6684284 0.2746758 0.4941581 -0.82484 0.2767922 0.4955263 -0.8233103 0.280011 0.501853 -0.8183748 0.2609005 0.3830439 -0.8861198 0.264216 0.3992507 -0.8779458 0.243071 0.2937059 -0.9244746 0.2431396 0.2912363 -0.9252376 0.2436259 0.293748 -0.9243152 0.2437942 0.2913775 -0.9250208 0.2446809 0.2925692 -0.9244104 0.2446126 0.2909012 -0.9249547 0.2458504 0.2931058 -0.92393 -0.8170694 -0.501091 -0.2851409 -0.8686749 -0.4070203 -0.28238 -0.8593171 -0.4277843 -0.2803117 -0.2304438 0.966104 0.1163564 -0.1258833 0.9814471 0.1446201 -0.2204115 0.9682209 0.1181825 -0.05548094 0.985263 0.1617985 0.03270069 0.9829034 0.1811948 -0.4358982 0.898302 0.05519346 -0.4580111 0.8876947 0.04715903 -0.5431856 0.8393792 0.01979725 -0.6230136 0.7821559 -0.009285685 -0.6646432 0.7466421 -0.02783839 -0.7172792 0.6952014 -0.04696433 -0.7769649 0.6252407 -0.07348148 -0.8258431 0.5547913 -0.1009445 -0.8479387 0.5187744 -0.1089636 -0.8907808 0.4342304 -0.1339908 -0.9308338 0.3250366 -0.1670317 -0.9377851 0.3039631 -0.167826 -0.9597448 0.2064453 -0.1904474 -0.9728899 0.07134232 -0.21999 -0.9737658 0.05833251 -0.2199488 -0.9485665 -0.1845681 -0.2572083 -0.9215493 -0.2781058 -0.2709319 -0.9488981 -0.1765974 -0.2615449 -0.9698266 -0.03957197 -0.2405629 -0.735234 -0.6140727 -0.2869594 -0.7104683 -0.6440341 -0.2836455 -0.7339123 -0.6175676 -0.2828128 -0.5148817 -0.8148137 -0.2664123 -0.2834502 -0.9304167 -0.2323375 -0.3671006 -0.8966336 -0.2475586 -0.4773811 -0.8383827 -0.2631003 -0.5661391 -0.7771845 -0.2747194 -0.6641886 -0.6922624 -0.2821812 0.2213761 -0.9677086 -0.1205518 0.08109479 -0.9845871 -0.1549579 -0.03282524 -0.9824932 -0.1833837 -0.06955494 -0.9791357 -0.1909328 -0.262795 -0.9372461 -0.2291476 0.4589231 -0.8871707 -0.04814289 0.2627751 -0.9589189 -0.1068819 0.149691 -0.9791797 -0.1371124 0.6733151 -0.7391294 0.01828991 0.473025 -0.8799907 -0.04316974 0.3539517 -0.9317879 -0.08055767 0.7313966 -0.680336 0.04692595 0.6648194 -0.7465392 0.02635059 0.7339248 -0.6770645 0.05420322 0.8264416 -0.5544488 0.09788179 0.8134429 -0.5742476 0.09246786 0.9318254 -0.3241777 0.1631266 0.9185871 -0.3628149 0.1567261 0.8609497 -0.4944703 0.119435 0.9733556 -0.07243267 0.2175603 0.9693098 -0.126212 0.2109716 0.9460369 -0.2694092 0.1800913 0.9486089 0.1844249 0.2571549 0.9601496 0.1195956 0.2526055 0.9729455 -0.02820214 0.2293071 0.8592957 0.428635 0.2790752 0.8936223 0.3524555 0.2778747 0.9391098 0.2183392 0.2653316 0.7111851 0.6439475 0.2820413 0.7855215 0.548534 0.2864724 0.8511393 0.4418292 0.2834586 0.5145559 0.8151644 0.2659686 0.6443202 0.7111324 0.2813223 0.7294221 0.6214231 0.2859664 0.2830415 0.9306932 0.2317276 0.4651513 0.8455644 0.2620212 0.5706118 0.7738844 0.2747818 0.07906223 0.9781184 0.1924409 0.2563293 0.9392623 0.2282141 0.3714847 0.8946511 0.2481906 0.7762628 0.5465236 0.3142103 0.6715652 0.6958637 0.2545072 0.6795327 0.6902335 0.2486223 0.04920649 0.9813396 0.1858797 0.05489383 0.9808359 0.1869426 0.1746579 0.9624136 0.2079775 0.1803599 0.9581657 0.2222358 0.2440704 0.9420763 0.2300476 0.2492747 0.942 0.2247178 0.2549868 0.9366481 0.2401501 0.2630041 0.9413728 0.2112962 0.3593158 0.897532 0.2555945 0.3755737 0.8977734 0.230103 0.4754578 0.8396474 0.2625493 0.4858712 0.8397442 0.2424023 0.4754035 0.8396787 0.2625475 0.4861427 0.8395794 0.242429 0.5764631 0.7697146 0.2742806 0.5849525 0.7702936 0.2539259 0.6653546 0.6861424 0.2941288 0.6737469 0.690868 0.2622336 0.6653509 0.6861524 0.2941141 0.6609845 0.6857978 0.3045995 0.7222975 0.6177139 0.3109919 0.7754174 0.5674119 0.277077 0.8187609 0.4998124 0.282521 0.7897305 0.5494649 0.2727895 0.9604922 0.170071 0.2202968 0.9119022 0.2793947 0.300621 0.9224817 0.2763679 0.2695334 0.863184 0.3922282 0.3179157 0.8797779 0.3851832 0.2786121 0.8718711 0.4020221 0.2796765 0.8798246 0.385107 0.27857 0.8632583 0.3955139 0.3136143 0.8384847 0.4656819 0.2829907 0.822383 0.4756572 0.3121482 0.7777489 0.54615 0.3111702 0.9658197 -0.06673647 0.2504766 0.9693372 0.04844128 0.2409127 0.960536 0.1701274 0.220062 0.9512539 0.1697235 0.257507 0.9398808 0.1678458 0.2974087 0.9448582 0.1649118 0.282926 0.9694951 0.04877317 0.240209 0.9730195 -0.06836488 0.2203615 0.9608867 -0.08075315 0.2649069 0.973012 -0.06869102 0.2202933 0.9580884 -0.07677317 0.2759938 0.9730239 -0.0683632 0.2203427 0.9728927 -0.07270126 0.219532 0.9728927 -0.07270126 0.219532 0.9990061 -0.02620008 -0.03605957 0.9990061 -0.02620008 -0.03605957 0.9570457 0.02206825 -0.2890959 0.9570457 0.02206825 -0.2890959 0.8498758 0.06883908 -0.5224675 0.8498758 0.06883908 -0.5224675 0.6847447 0.1109307 -0.720291 0.6847447 0.1109307 -0.720291 0.4729808 0.1454533 -0.8689836 0.4729808 0.1454533 -0.8689836 0.2289949 0.1700632 -0.958457 0.2289949 0.1700632 -0.958457 -0.03063657 0.1830861 -0.9826194 -0.03063657 0.1830861 -0.9826194 -0.2881592 0.18363 -0.9398108 -0.2881592 0.18363 -0.9398108 -0.5260004 0.1716629 -0.8329799 -0.5260004 0.1716629 -0.8329799 -0.7280222 0.147999 -0.6693877 -0.7280222 0.147999 -0.6693877 -0.8804932 0.1142348 -0.4600893 -0.8804932 0.1142348 -0.4600893 -0.9728922 0.07270162 -0.219534 -0.9728922 0.07270162 -0.219534 -0.9990085 0.0262145 0.03598219 -0.9990085 0.0262145 0.03598219 -0.9570262 -0.0220807 0.2891596 -0.9570262 -0.0220807 0.2891596 -0.8498418 -0.06885018 0.5225214 -0.8498418 -0.06885018 0.5225214 -0.6847729 -0.1109249 0.7202651 -0.6847729 -0.1109249 0.7202651 -0.4729984 -0.145451 0.8689744 -0.4729984 -0.145451 0.8689744 -0.2289742 -0.1700648 0.9584617 -0.2289742 -0.1700648 0.9584617 0.03061549 -0.1830856 0.9826201 0.03061549 -0.1830856 0.9826201 0.2881365 -0.1836305 0.9398176 0.2881365 -0.1836305 0.9398176 0.5260553 -0.1716584 0.8329461 0.5260553 -0.1716584 0.8329461 0.7280644 -0.1479922 0.6693434 0.7280644 -0.1479922 0.6693434 0.880454 -0.1142469 0.4601613 0.880454 -0.1142469 0.4601613 -0.8615656 0.4934234 -0.1193232 -0.8494107 0.5135508 -0.1215202 -0.8622565 0.5061805 -0.01717881 -0.839477 0.5308258 -0.1161997 -0.8610979 0.5083942 -0.00676366 -0.8339572 0.5418335 -0.1045553 -0.8458482 0.5304215 -0.0565136 -0.8355775 0.5481445 -0.03671308 -0.9017441 0.4078055 -0.1433604 -0.9013853 0.4095885 -0.1405055 -0.9113006 0.4011196 -0.09292078 -0.8920339 0.4293851 -0.1410815 -0.9023527 0.4195873 -0.09851933 -0.873942 0.4671991 -0.1339791 -0.8617552 0.5070646 -0.01623085 -0.8741085 0.4787157 -0.0822527 -0.8630799 0.4896716 -0.1237528 -0.8941099 0.4459007 -0.04171472 -0.8940963 0.4467394 -0.03187072 -0.9368375 0.3063302 -0.1688114 -0.9340936 0.3155606 -0.1670047 -0.9342628 0.3387072 -0.1114918 -0.92829 0.3341194 -0.1632237 -0.9241757 0.3469069 -0.1598589 -0.9261977 0.3457332 -0.1504209 -0.9171742 0.3674771 -0.1541171 -0.9235102 0.3726986 -0.09069046 -0.9107491 0.3847862 -0.1499191 -0.9154645 0.3860307 -0.1135999 -0.9120402 0.3992921 -0.09353277 -0.9476812 0.2624668 -0.1816905 -0.9530428 0.2752183 -0.1263501 -0.9498589 0.2544032 -0.1817885 -0.9518096 0.2455379 -0.1837653 -0.937542 0.3023346 -0.172072 -0.9351989 0.336374 -0.1107053 -0.8805879 0.2011264 -0.4290841 -0.9379333 0.3466225 -0.0115716 -0.9464838 0.2902161 -0.1412201 -0.951126 0.2835937 -0.1222044 -0.9414786 0.2856332 -0.178974 -0.9437392 0.2763988 -0.1815488 -0.9728925 0.07270144 -0.219533 -0.9728925 0.07270144 -0.219533 -0.8805043 0.1142314 -0.4600689 -0.8805043 0.1142314 -0.4600689 -0.7280622 0.1479925 -0.6693457 -0.7280622 0.1479925 -0.6693457 -0.5260224 0.1716611 -0.8329664 -0.5260224 0.1716611 -0.8329664 -0.288133 0.1836306 -0.9398187 -0.288133 0.1836306 -0.9398187 -0.03056213 0.1830842 -0.9826221 -0.03056213 0.1830842 -0.9826221 0.2289845 0.170064 -0.9584593 0.2289845 0.170064 -0.9584593 0.4729333 0.1454594 -0.8690084 0.4729333 0.1454594 -0.8690084 0.6847475 0.1109301 -0.7202884 0.6847475 0.1109301 -0.7202884 0.8499024 0.06883039 -0.5224254 0.8499024 0.06883039 -0.5224254 0.9570697 0.022053 -0.2890179 0.9570697 0.022053 -0.2890179 0.9990059 -0.02619873 -0.03606679 0.9990059 -0.02619873 -0.03606679 0.9728925 -0.07270144 0.219533 0.9728925 -0.07270144 0.219533 0.8804515 -0.1142477 0.4601659 0.8804515 -0.1142477 0.4601659 0.7281234 -0.1479826 0.6692813 0.7281234 -0.1479826 0.6692813 0.5260224 -0.1716611 0.8329664 0.5260224 -0.1716611 0.8329664 0.2880475 -0.1836326 0.9398445 0.2880475 -0.1836326 0.9398445 0.03067372 -0.1830871 0.982618 0.03067372 -0.1830871 0.982618 -0.2289845 -0.170064 0.9584593 -0.2289845 -0.170064 0.9584593 -0.4730316 -0.1454467 0.8689571 -0.4730316 -0.1454467 0.8689571 -0.6846824 -0.1109433 0.7203482 -0.6846824 -0.1109433 0.7203482 -0.8498084 -0.06886108 0.5225743 -0.8498084 -0.06886108 0.5225743 -0.9570439 -0.02206941 0.2891019 -0.9570439 -0.02206941 0.2891019 -0.9990093 0.02621919 0.03595703 -0.9990093 0.02621919 0.03595703 0.1590398 0.9648544 0.2091947 0.1590385 0.9648562 0.2091874 0.1590449 0.9648544 0.2091904 0.1590402 0.9648578 0.2091784 0.1590517 0.9648519 0.2091971 0.2462441 0.3038855 -0.9203355 0.6193232 0.2286081 -0.7511172 0.2377435 0.3048434 -0.9222519 0.2312688 0.2981287 -0.9260853 0.2312532 0.299754 -0.9255644 0.2410146 0.3106818 -0.9194503 0.2381029 0.3158807 -0.9184369 0.2827385 0.340017 -0.8969099 0.2399145 0.327004 -0.914062 0.2769005 0.3515995 -0.8942616 0.2478683 0.328555 -0.9113797 0.2442318 0.3323162 -0.9109977 0.2420216 0.3346142 -0.9107463 0.237952 0.3393345 -0.9100719 0.234124 0.3465671 -0.9083376 0.2357324 0.3499736 -0.9066139 0.2305944 0.3470796 -0.9090445 0.2281128 0.3458973 -0.9101207 0.2243861 0.344102 -0.9117262 0.2205982 0.342666 -0.9131903 0.2257447 0.3359718 -0.9144191 0.2231148 0.3205201 -0.9205904 0.2240303 0.3213813 -0.9200677 0.2248338 0.3223096 -0.9195468 0.222093 0.3196586 -0.9211368 0.2270815 0.3156284 -0.9213103 0.2342079 0.3099597 -0.9214508 0.2310939 0.3008662 -0.9252433 0.2309897 0.3029838 -0.9245781 0.2500496 0.5411159 -0.8029127 0.3045645 0.499004 -0.8113171 0.2272318 0.4995587 -0.8359466 0.2880223 0.4575484 -0.8412447 0.2810329 0.4425161 -0.8515867 0.2692522 0.4436649 -0.8547893 0.2820443 0.4150856 -0.8649595 0.2300992 0.3881619 -0.8924039 0.273755 0.3564542 -0.8933077 0.221835 0.5361984 -0.8144203 0.2198973 0.5523864 -0.8040612 0.3149006 0.5447656 -0.7772181 0.237544 0.5899752 -0.7716879 0.2164567 0.5945012 -0.7744126 0.2150774 0.6185353 -0.7557485 0.2127249 0.6649056 -0.7159948 0.2110207 0.6875049 -0.6948434 0.2095529 0.6874095 -0.6953818 0.2062786 0.7127489 -0.6704015 0.2042741 0.7344931 -0.6471414 0.1963255 0.7642799 -0.6142739 0.197569 0.7577091 -0.6219673 0.215024 0.7278951 -0.6511017 0.1936608 0.7746391 -0.6020214 0.2012307 0.7335033 -0.6492143 -0.03236543 -0.9827461 -0.1821057 -0.03236543 -0.9827461 -0.1821057 -0.2830674 -0.9304378 -0.2327194 -0.2830674 -0.9304378 -0.2327194 -0.5144966 -0.8147086 -0.2674755 -0.5144966 -0.8147086 -0.2674755 -0.7108115 -0.6434998 -0.2839985 -0.7108115 -0.6434998 -0.2839985 -0.8587023 -0.4284526 -0.281174 -0.8587023 -0.4284526 -0.281174 -0.9481092 -0.1841502 -0.2591864 -0.9481092 -0.1841502 -0.2591864 -0.9728931 0.07268254 -0.2195365 -0.9728931 0.07268254 -0.2195365 -0.9313535 0.3246323 -0.1649076 -0.9313535 0.3246323 -0.1649076 -0.8263701 0.5543447 -0.09906721 -0.8263701 0.5543447 -0.09906721 -0.66513 0.7462574 -0.02649351 -0.66513 0.7462574 -0.02649351 -0.4583551 0.887474 0.04796361 -0.4583551 0.887474 0.04796361 -0.2204497 0.9680989 0.119107 -0.2204497 0.9680989 0.119107 0.032328 0.9827489 0.1820973 0.032328 0.9827489 0.1820973 0.2829752 0.9304699 0.232703 0.2829752 0.9304699 0.232703 0.5143566 0.8148025 0.2674587 0.5143566 0.8148025 0.2674587 0.7108115 0.6434998 0.2839985 0.7108115 0.6434998 0.2839985 0.8587799 0.4283022 0.2811659 0.8587799 0.4283022 0.2811659 0.9481311 0.1840543 0.2591746 0.9481311 0.1840543 0.2591746 0.9728919 -0.07272034 0.2195295 0.9728919 -0.07272034 0.2195295 0.9314025 -0.3244711 0.164948 0.9314025 -0.3244711 0.164948 0.826423 -0.554261 0.0990947 0.826423 -0.554261 0.0990947 0.6650025 -0.7463728 0.02644257 0.6650025 -0.7463728 0.02644257 0.4584433 -0.88743 -0.04793471 0.4584433 -0.88743 -0.04793471 0.2206139 -0.968067 -0.1190621 0.2206139 -0.968067 -0.1190621 -0.9728925 0.07270144 -0.219533 -0.9728925 0.07270144 -0.219533 -0.8805043 0.1142314 -0.4600689 -0.8805043 0.1142314 -0.4600689 -0.7280622 0.1479925 -0.6693457 -0.7280622 0.1479925 -0.6693457 -0.5260224 0.1716611 -0.8329664 -0.5260224 0.1716611 -0.8329664 -0.288133 0.1836306 -0.9398187 -0.288133 0.1836306 -0.9398187 -0.03056213 0.1830842 -0.9826221 -0.03056213 0.1830842 -0.9826221 0.2289845 0.170064 -0.9584593 0.2289845 0.170064 -0.9584593 0.4729333 0.1454594 -0.8690084 0.4729333 0.1454594 -0.8690084 0.6847475 0.1109301 -0.7202884 0.6847475 0.1109301 -0.7202884 0.8499024 0.06883039 -0.5224254 0.8499024 0.06883039 -0.5224254 0.9570697 0.022053 -0.2890179 0.9570697 0.022053 -0.2890179 0.9990059 -0.02619873 -0.03606679 0.9990059 -0.02619873 -0.03606679 0.9728925 -0.07270144 0.219533 0.9728925 -0.07270144 0.219533 0.8804515 -0.1142477 0.4601659 0.8804515 -0.1142477 0.4601659 0.7281234 -0.1479826 0.6692813 0.7281234 -0.1479826 0.6692813 0.5260224 -0.1716611 0.8329664 0.5260224 -0.1716611 0.8329664 0.2880475 -0.1836326 0.9398445 0.2880475 -0.1836326 0.9398445 0.03067372 -0.1830871 0.982618 0.03067372 -0.1830871 0.982618 -0.2289845 -0.170064 0.9584593 -0.2289845 -0.170064 0.9584593 -0.4730316 -0.1454467 0.8689571 -0.4730316 -0.1454467 0.8689571 -0.6846824 -0.1109433 0.7203482 -0.6846824 -0.1109433 0.7203482 -0.8498084 -0.06886108 0.5225743 -0.8498084 -0.06886108 0.5225743 -0.9570439 -0.02206941 0.2891019 -0.9570439 -0.02206941 0.2891019 -0.9990093 0.02621919 0.03595703 -0.9990093 0.02621919 0.03595703 -0.9728921 0.07270169 -0.2195344 -0.9728921 0.07270169 -0.2195344 -0.8805056 0.114231 -0.4600664 -0.8805056 0.114231 -0.4600664 -0.7280558 0.1479936 -0.6693525 -0.7280558 0.1479936 -0.6693525 -0.5259803 0.1716645 -0.8329922 -0.5259803 0.1716645 -0.8329922 -0.2881287 0.1836307 -0.93982 -0.2881287 0.1836307 -0.93982 -0.03062681 0.1830859 -0.9826197 -0.03062681 0.1830859 -0.9826197 0.2289845 0.170064 -0.9584593 0.2289845 0.170064 -0.9584593 0.4729903 0.145452 -0.8689787 0.4729903 0.145452 -0.8689787 0.6847442 0.1109308 -0.7202914 0.6847442 0.1109308 -0.7202914 0.8498764 0.06883888 -0.5224666 0.8498764 0.06883888 -0.5224666 0.957067 0.02205473 -0.2890267 0.957067 0.02205473 -0.2890267 0.999006 -0.02619925 -0.036064 0.999006 -0.02619925 -0.036064 0.9728928 -0.07270119 0.2195316 0.9728928 -0.07270119 0.2195316 0.8804515 -0.1142477 0.4601659 0.8804515 -0.1142477 0.4601659 0.728114 -0.1479841 0.6692912 0.728114 -0.1479841 0.6692912 0.5260639 -0.1716577 0.8329408 0.5260639 -0.1716577 0.8329408 0.2881373 -0.1836305 0.9398174 0.2881373 -0.1836305 0.9398174 0.03061565 -0.1830856 0.9826201 0.03061565 -0.1830856 0.9826201 -0.2289845 -0.170064 0.9584593 -0.2289845 -0.170064 0.9584593 -0.4729804 -0.1454533 0.8689838 -0.4729804 -0.1454533 0.8689838 -0.6847507 -0.1109294 0.7202854 -0.6847507 -0.1109294 0.7202854 -0.8498341 -0.06885269 0.5225336 -0.8498341 -0.06885269 0.5225336 -0.95704 -0.02207193 0.2891148 -0.95704 -0.02207193 0.2891148 -0.9990093 0.02621919 0.03595703 -0.9990093 0.02621919 0.03595703 -0.9089277 0.3898087 -0.1479853 -0.9123578 0.3804591 -0.1511759 -0.9258736 0.3422154 -0.160146 -0.9369574 0.3046794 -0.1711179 -0.9573863 0.2173728 -0.190159 -0.9534541 0.2376329 -0.1856231 -0.9555601 0.2264744 -0.1887171 -0.9458508 0.271809 -0.1774431 -0.9355669 0.3108387 -0.1676124 -0.1254619 -0.9708894 -0.2040417 -0.2443987 -0.9425705 -0.2276624 -0.2833175 -0.9305611 -0.2319207 -0.9729528 0.07248669 -0.2193364 -0.9482353 -0.1839527 -0.2588652 -0.9644839 -0.09325167 -0.2471332 -0.710773 -0.6437684 -0.2834854 -0.6544069 -0.7007336 -0.2841199 -0.8587832 -0.4284204 -0.2809758 -0.7324978 -0.6169245 -0.2878388 -0.8584461 -0.4289552 -0.2811899 -0.9024215 -0.3318741 -0.2747636 -0.9434085 -0.2038614 -0.2615739 -0.5146286 -0.8148862 -0.2666793 -0.3611407 -0.8989747 -0.2478343 -0.4709564 -0.8416508 -0.2642424 -0.5683248 -0.7752032 -0.2758022 -0.008917788 -0.9839063 -0.1784622 -0.03288617 -0.9826851 -0.1823417 0.1101146 -0.9829594 -0.1471926 0.2208214 -0.9678928 -0.1200891 0.2231603 -0.9676863 -0.1173993 0.340536 -0.9364852 -0.08384921 0.4587197 -0.887233 -0.04892644 0.4450748 -0.8940207 -0.05133704 0.5490197 -0.8356508 -0.01628346 0.6653245 -0.7461157 0.02558501 0.6345742 -0.7727119 0.01522829 0.7205321 -0.6916132 0.05004687 0.8265582 -0.5541854 0.09838759 0.7865473 -0.6123509 0.07981049 0.853268 -0.5088673 0.1139639 0.9314942 -0.3244324 0.1645059 0.8989968 -0.4144571 0.1415277 0.9397618 -0.2952534 0.172259 0.9729708 -0.07269017 0.2191895 0.9731405 -0.06400696 0.2211349 0.9507445 0.172007 0.2578729 0.9482174 0.1842217 0.2587396 0.9220928 0.2773125 0.2698937 0.8735913 0.3981887 0.2797928 0.8589118 0.4284595 0.2805227 0.8212117 0.4946746 0.2844441 0.7484525 0.5985266 0.2856305 0.711102 0.6435487 0.283159 0.6770404 0.6793379 0.2830483 0.5803219 0.7663879 0.2754563 0.5146186 0.8149407 0.2665322 0.4876704 0.8318315 0.265017 0.3766052 0.8922312 0.2491828 0.283185 0.93065 0.2317257 0.2696629 0.9347891 0.2311952 0.1561246 0.965282 0.2094177 0.03258092 0.9829188 0.1811326 0.04427378 0.9816342 0.1855646 -0.06958388 0.9848334 0.1589382 -0.2202922 0.9682476 0.1181856 -0.1847265 0.97421 0.1295798 -0.2971519 0.9497501 0.09836439 -0.4581435 0.8876279 0.0471304 -0.4137677 0.9081904 0.0631377 -0.5080533 0.8607316 0.03198204 -0.6649993 0.7463509 -0.02713426 -0.6094266 0.7928297 -0.00450361 -0.6875916 0.7252435 -0.03520823 -0.8265149 0.5540871 -0.0993005 -0.7703501 0.6336257 -0.0712682 -0.9313962 0.3245447 -0.1648388 -0.8932546 0.4279747 -0.1376001 -0.8330881 0.5435441 -0.1025871 -0.9718908 -0.01393872 -0.2350192 -0.969294 0.1302457 -0.2085791 -0.9315607 0.323953 -0.165073 -0.5281283 -0.805412 -0.2690575 -0.4134103 -0.8743622 -0.2541311 -0.5149609 -0.814511 -0.2671837 -0.3244524 -0.9148612 -0.2403322 -0.2838221 -0.9305885 -0.2311926 -0.8590265 -0.4288364 -0.279594 -0.8470944 -0.4497173 -0.2831704 -0.7105284 -0.6440458 -0.2834685 -0.7727902 -0.5701872 -0.2787149 -0.7187419 -0.6391366 -0.2737051 -0.9485302 -0.1844967 -0.2573937 -0.9378763 -0.2235161 -0.2653839 -0.8891782 -0.3631563 -0.2783518 -0.9733558 0.07227874 -0.2176103 -0.972815 0.0195566 -0.2307563 -0.9590577 -0.1263759 -0.253451 -0.9318285 0.3242833 -0.1628985 -0.9475581 0.2628648 -0.1817575 -0.9699966 0.1176546 -0.2127533 -0.8268887 0.553938 -0.09699398 -0.866067 0.4846178 -0.1227742 -0.9201344 0.3580733 -0.1585438 -0.6654963 0.7459989 -0.02450294 -0.745628 0.6634823 -0.06188769 -0.8179284 0.5671705 -0.09649256 -0.4585466 0.8872917 0.04948211 -0.5944509 0.8041317 -0.0005541698 -0.6850183 0.7276364 -0.03598792 -0.2205154 0.9679617 0.120096 -0.407416 0.9110357 0.0634525 -0.5169778 0.8555684 0.02714164 0.03195594 0.9825933 0.1830007 -0.1933396 0.9729897 0.1261385 -0.3109594 0.9458769 0.09285043 0.2926753 0.9270323 0.234419 0.1896933 0.9580677 0.2147621 0.282931 0.9302553 0.233613 0.1198996 0.9722421 0.2009212 -0.01443389 0.9851056 0.1713436 0.4926472 0.8289486 0.2648452 0.5140229 0.8147391 0.2682922 0.5957142 0.754446 0.2755647 0.6709513 0.6860873 0.2812624 0.7103332 0.6434112 0.2853924 0.7589086 0.5858975 0.2842215 0.8142356 0.5067498 0.2832402 0.8582573 0.4280821 0.2830904 0.8778627 0.3903732 0.2774271 0.9149432 0.2999306 0.2700381 0.9476126 0.1836991 0.2613141 0.9532056 0.1632815 0.2544371 0.9686163 0.06310572 0.2404164 0.9727957 -0.07412601 0.2194855 0.9728597 -0.08588666 0.214866 0.931851 -0.3241901 0.1629557 0.9326004 -0.318454 0.1698338 0.9624428 -0.1846252 0.1990412 0.8269398 -0.5538343 0.09714987 0.6655133 -0.7459694 0.02493491 0.691269 -0.7215258 0.03934153 0.7801099 -0.6208562 0.07724036 0.8376559 -0.5354647 0.1077509 0.8987492 -0.4146295 0.1425908 0.4588278 -0.8871751 -0.04896358 0.2210017 -0.967935 -0.1194156 0.3064126 -0.9472359 -0.0941033 0.4199664 -0.9055515 -0.06003941 0.5123031 -0.8583372 -0.02833477 0.6154655 -0.7881246 0.007868552 -0.2132466 -0.9517478 -0.2206853 -0.1453657 -0.9675302 -0.2067706 -0.03190597 -0.982997 -0.1808286 0.004870889 -0.984908 -0.1730102 0.1998894 -0.9718608 -0.1246224 -0.272538 -0.1666197 0.947608 -0.2698222 -0.1666799 0.9483743 -0.2289845 -0.170064 0.9584593 -0.1648816 -0.1744537 0.9707626 -0.1648816 -0.1744537 0.9707626 0.03234671 0.9827475 0.1821015 0.03234671 0.9827475 0.1821015 0.03234671 0.9827475 0.1821015 0.03234671 0.9827475 0.1821015 0.03234671 0.9827475 0.1821015 0.03234671 0.9827475 0.1821015 0.03234671 0.9827475 0.1821015 0.03234675 0.9827475 0.1821015 0.03235032 0.9827472 0.1821029 0.03234671 0.9827475 0.1821015 0.03234671 0.9827475 0.1821015 0.03234671 0.9827475 0.1821015 0.03234671 0.9827475 0.1821015 0.03234671 0.9827475 0.1821015 0.03234671 0.9827475 0.1821015 0.03234671 0.9827475 0.1821015 0.03234671 0.9827475 0.1821015 0.05882046 0.9865872 0.152269 0.06257996 0.9842584 0.1652853 0.0323466 0.9827474 0.1821022 0.06224395 0.9838999 0.1675313 0.03234671 0.9827475 0.1821015 0.03234671 0.9827475 0.1821015 0.03234671 0.9827475 0.1821015 0.03234671 0.9827475 0.1821015 0.03234671 0.9827475 0.1821015 0.03234671 0.9827475 0.1821015 0.03234671 0.9827475 0.1821015 0.03234671 0.9827475 0.1821015 0.03234671 0.9827475 0.1821015 0.03234671 0.9827475 0.1821015 0.03234671 0.9827475 0.1821015 0.03234671 0.9827475 0.1821015 0.03234671 0.9827475 0.1821015 0.03234671 0.9827475 0.1821015 0.03234671 0.9827475 0.1821015 0.03234671 0.9827475 0.1821015 0.03234671 0.9827475 0.1821015 0.03234671 0.9827475 0.1821015 0.03234671 0.9827475 0.1821015 0.03234671 0.9827475 0.1821015 0.03234671 0.9827475 0.1821015 0.03234671 0.9827475 0.1821015 0.03234671 0.9827475 0.1821015 0.03234671 0.9827475 0.1821015 0.03234671 0.9827475 0.1821015 0.03234671 0.9827475 0.1821015 0.03234671 0.9827475 0.1821015 0.03234671 0.9827475 0.1821015 0.03234671 0.9827475 0.1821015 0.03234671 0.9827475 0.1821015 0.03234671 0.9827475 0.1821015 0.03234671 0.9827475 0.1821015 0.03234671 0.9827475 0.1821015 0.03234671 0.9827475 0.1821015 0.03234671 0.9827475 0.1821015 0.03234671 0.9827475 0.1821015 0.03234671 0.9827475 0.1821015 0.03234671 0.9827475 0.1821015 0.03234671 0.9827475 0.1821015 0.03234671 0.9827475 0.1821015 0.03234671 0.9827475 0.1821015 0.03234671 0.9827475 0.1821015 0.03234671 0.9827475 0.1821015 0.03234671 0.9827475 0.1821015 0.03234671 0.9827475 0.1821015 0.03234671 0.9827475 0.1821015 0.0323468 0.9827475 0.1821015 0.03234794 0.9827479 0.1820996 0.06943198 0.9758905 0.2069225 0.06850146 0.9761369 0.2060688 0.03234749 0.9827479 0.1820996 0.0578975 0.9760028 0.2099202 0.03234979 0.9827495 0.1820902 0.05300615 0.9766167 0.2083513 0.06947288 0.9686431 0.2385457 0.03234671 0.9827475 0.1821015 0.03234671 0.9827475 0.1821015 0.03243129 0.9827427 0.1821126 0.03234671 0.9827475 0.1821015 0.03234671 0.9827475 0.1821015 0.03234671 0.9827475 0.1821015 0.03234671 0.9827475 0.1821015 0.03234671 0.9827475 0.1821015 0.03234671 0.9827475 0.1821015 0.03234671 0.9827475 0.1821015 0.03234671 0.9827475 0.1821015 0.03234671 0.9827475 0.1821015 0.03234671 0.9827475 0.1821015 0.03234671 0.9827475 0.1821015 0.03234671 0.9827475 0.1821015 0.03234671 0.9827475 0.1821015 0.03234671 0.9827475 0.1821015 0.03234671 0.9827475 0.1821015 0.03234671 0.9827475 0.1821015 0.03234671 0.9827475 0.1821015 0.03234671 0.9827475 0.1821015 0.03234671 0.9827475 0.1821015 0.03234671 0.9827475 0.1821015 0.03234671 0.9827475 0.1821015 0.03234671 0.9827475 0.1821015 0.03234671 0.9827475 0.1821015 0.03234671 0.9827475 0.1821015 0.03234671 0.9827475 0.1821015 0.03234671 0.9827475 0.1821015 0.03234671 0.9827475 0.1821015 0.03234671 0.9827475 0.1821015 0.03234671 0.9827475 0.1821015 0.03234671 0.9827475 0.1821015 0.03234671 0.9827475 0.1821015 0.03234671 0.9827475 0.1821015 0.03234671 0.9827475 0.1821015 0.03234671 0.9827475 0.1821015 0.03234671 0.9827475 0.1821015 0.03234671 0.9827475 0.1821015 0.03234671 0.9827475 0.1821015 0.03234671 0.9827475 0.1821015 0.03234671 0.9827475 0.1821015 0.03234671 0.9827475 0.1821015 0.03234671 0.9827475 0.1821015 0.03234671 0.9827475 0.1821015 0.03234671 0.9827475 0.1821015 0.03234671 0.9827475 0.1821015 0.03234671 0.9827475 0.1821015 0.03234671 0.9827475 0.1821015 0.03234671 0.9827475 0.1821015 0.03234671 0.9827475 0.1821015 0.03234671 0.9827475 0.1821015 0.03234671 0.9827475 0.1821015 0.03234671 0.9827475 0.1821015 -0.2289845 -0.170064 0.9584593 -0.2289845 -0.170064 0.9584593 -0.2289845 -0.170064 0.9584593 -0.2289845 -0.170064 0.9584593 0.7108382 0.6434162 0.2841209 0.5703861 0.7744376 0.2736899 0.5142573 0.8148263 0.2675772 0.4611644 0.8481619 0.2606697 0.2829752 0.9304699 0.232703 0.2829752 0.9304699 0.232703 0.032328 0.9827489 0.1820973 0.032328 0.9827489 0.1820973 -0.2204497 0.9680989 0.119107 -0.2204497 0.9680989 0.119107 -0.4583551 0.887474 0.04796361 -0.4098211 0.9095882 0.06852743 -0.6651318 0.746256 -0.0264872 -0.5178063 0.8548388 0.03357401 -0.6661926 0.7452938 -0.02691834 -0.8263701 0.5543447 -0.09906721 -0.8263701 0.5543447 -0.09906721 -0.9313535 0.3246323 -0.1649076 -0.9313535 0.3246323 -0.1649076 -0.9728931 0.07268254 -0.2195365 -0.9728931 0.07268254 -0.2195365 -0.9481092 -0.1841502 -0.2591864 -0.9481092 -0.1841502 -0.2591864 -0.8587023 -0.4284526 -0.281174 -0.8587023 -0.4284526 -0.281174 -0.7108115 -0.6434998 -0.2839985 -0.7108115 -0.6434998 -0.2839985 -0.5144966 -0.8147086 -0.2674755 -0.5144966 -0.8147086 -0.2674755 -0.2830674 -0.9304378 -0.2327194 -0.2830674 -0.9304378 -0.2327194 -0.03236543 -0.9827461 -0.1821057 -0.03236543 -0.9827461 -0.1821057 0.2206139 -0.968067 -0.1190621 0.2206139 -0.968067 -0.1190621 0.4584433 -0.88743 -0.04793471 0.4584433 -0.88743 -0.04793471 0.6650025 -0.7463728 0.02644257 0.6650025 -0.7463728 0.02644257 0.826423 -0.554261 0.0990947 0.826423 -0.554261 0.0990947 0.9314025 -0.3244711 0.164948 0.9314025 -0.3244711 0.164948 0.9728919 -0.07272034 0.2195295 0.9728919 -0.07272034 0.2195295 0.9481311 0.1840543 0.2591746 0.9481311 0.1840543 0.2591746 0.8587799 0.4283022 0.2811659 0.8587799 0.4283022 0.2811659 0.7118651 0.6423155 0.2840401 0.2774123 0.9323898 0.2317146 0.1564997 0.9653712 0.2087255 0.282453 0.9301272 0.234699 0.03188956 0.9823909 0.1840958 0.3940492 0.8841333 0.2510647 0.5138921 0.8144266 0.2694888 0.5049999 0.8210036 0.2663236 0.607474 0.7443812 0.2772581 0.7110829 0.6427396 0.2850385 0.7159996 0.6376336 0.2841971 0.8587175 0.428423 0.2811724 0.840548 0.4620636 0.2828006 0.948101 0.1841861 0.2591909 0.9382332 0.2238161 0.2638651 0.9728919 -0.07272034 0.2195295 0.9733985 -0.03206986 0.2268633 0.931364 -0.3245978 0.1649163 0.9417265 -0.2879434 0.1738957 0.826353 -0.5543719 0.0990583 0.8437395 -0.5257141 0.108297 0.6650513 -0.7463259 0.02654105 0.7031639 -0.7097832 0.04205194 0.4584569 -0.8874276 -0.04784948 0.2205639 -0.9680866 -0.1189951 0.2273475 -0.9670818 -0.1143061 0.3483375 -0.9339599 -0.0798739 0.4693139 -0.8820659 -0.041282 0.5756377 -0.8176882 -0.005208511 -0.2837396 -0.9308928 -0.2300663 -0.1619042 -0.9642692 -0.2096948 -0.03176872 -0.9830495 -0.1805671 -0.03114571 -0.9833311 -0.1791367 0.09554367 -0.984224 -0.1489109 -0.51511 -0.8151798 -0.2648462 -0.4093779 -0.8765129 -0.2532485 -0.2880386 -0.9286906 -0.233597 -0.6658008 0.7456889 -0.02563843 -0.8061317 0.5850374 -0.0887861 -0.8264402 0.5542338 -0.09910362 -0.9189888 0.3624336 -0.1552463 -0.931392 0.3245057 -0.1649393 -0.9707278 0.1132091 -0.2118283 -0.9728931 0.07268254 -0.2195365 -0.9560317 -0.1460359 -0.2543164 -0.9481392 -0.1840184 -0.2591702 -0.8741961 -0.3971865 -0.279328 -0.8587646 -0.4283318 -0.2811675 -0.7463219 -0.6014688 -0.2850245 -0.7116468 -0.6431402 -0.2827181 -0.627707 -0.7267932 -0.2788469 -0.5232424 -0.808776 -0.2685123 -0.4588001 0.8871312 0.05000821 -0.5557061 0.8312474 0.01477735 -0.670839 0.7410443 -0.02878243 -0.2209551 0.9677362 0.121101 -0.3341727 0.9385125 0.08673466 -0.4485465 0.8922939 0.05116219 0.03262737 0.9827265 0.1821648 -0.09175464 0.9840007 0.1527209 -0.2145508 0.9692242 0.120716 -0.8877151 0.4408475 -0.1327231 -0.8717738 0.4742033 -0.1230517 -0.8326115 0.5443253 -0.1023131 -0.8510413 0.5127347 -0.1132775 -0.8620243 0.4926589 -0.1191694 -0.8629302 0.4915147 -0.1173233 0.1694682 0.8607194 -0.4800444 0.1705348 0.8582174 -0.4841289 0.2006101 0.8286763 -0.522543 0.1694473 0.8607775 -0.4799475 0.1764295 0.843654 -0.5070706 0.1804805 0.8325895 -0.5236617 0.1781735 0.8389632 -0.5141935 0.1781594 0.8390011 -0.5141366 0.1788677 0.8368395 -0.5174031 0.1810766 0.8299542 -0.5276242 0.1804734 0.8340621 -0.5213153 0.1796579 0.8364557 -0.5177498 0.1753155 0.8472496 -0.5014305 0.1820002 0.8295108 -0.5280036 0.179426 0.8371533 -0.5167018 0.1794732 0.8370074 -0.5169217 0.1780585 0.8415548 -0.5099811 0.1777446 0.8425466 -0.5084507 0.1758714 0.8489199 -0.4984016 0.1832524 0.8224579 -0.5384993 0.176957 0.8452474 -0.5042252 0.1744756 0.8538184 -0.4904614 0.1743728 0.8541671 -0.4898906 0.1224169 0.7270026 -0.675634 0.1804804 0.8306467 -0.526738 0.1168073 0.8125751 -0.5710322 0.1155403 0.8111698 -0.5732836 0.1632709 0.7761165 -0.6090861 0.1691515 0.745365 -0.6448401 0.1333437 0.5671816 -0.8127266 0.1308577 0.5687497 -0.8120345 0.2215404 0.6065774 -0.7635337 0.3224615 0.543025 -0.7753337 0.2175568 0.6360853 -0.7403138 0.2149605 0.6303447 -0.7459608 0.1753803 0.664562 -0.7263602 0.1729194 0.6660159 -0.7256181 0.7580046 0.3613339 -0.5430164 0.1307887 0.7167929 -0.6849104 0.2503851 0.3359061 -0.9080057 0.2462275 0.3457802 -0.9054325 0.2601262 0.3921741 -0.8823457 0.1768007 0.3574317 -0.9170519 0.2390416 0.3182548 -0.9173729 0.2105013 0.3959845 -0.8938039 0.2448045 0.326472 -0.912955 0.2534737 0.3297638 -0.9093992 0.243388 0.3524454 -0.9036285 0.2405128 0.3605728 -0.9011886 0.2392638 0.3640568 -0.9001197 0.2355563 0.3763382 -0.8960372 0.2344068 0.3801084 -0.8947464 0.2313807 0.3904729 -0.8910633 0.3587791 0.4521938 -0.8165772 0.149007 0.5017289 -0.8520945 0.2935087 0.3982 -0.8690739 0.2296256 0.3881573 -0.8925279 0.2278758 0.3827888 -0.8952906 0.2232143 0.3688508 -0.9022885 0.2225914 0.3672356 -0.9031008 0.2216675 0.3648847 -0.9042802 0.2226608 0.3668853 -0.9032261 0.2239134 0.3695013 -0.901849 0.230389 0.3103752 -0.9222734 0.2239019 0.3232148 -0.9194564 0.2187595 0.3396013 -0.9147761 0.2175517 0.3540543 -0.9095696 0.2195135 0.3625168 -0.9057568 -0.5969911 0.4329423 -0.6753981 0.1199868 0.2288658 -0.966035 0.007916486 0.2722554 -0.9621925 0.11989 0.2289124 -0.966036 -0.4198264 0.404577 -0.8124427 -0.3180352 0.3841685 -0.8667573 -0.6692952 0.4410796 -0.597907 -0.7424002 0.4473889 -0.4986833 -0.8032559 0.4443902 -0.3966073 0.205695 0.698887 -0.6850157 0.2033773 0.7086345 -0.6756292 0.2047921 0.6984433 -0.6857384 0.1466772 0.7115054 -0.6872015 0.2160875 0.6022139 -0.7685341 0.2146817 0.6168094 -0.7572701 0.175769 0.5387713 -0.8239119 0.2238023 0.4986775 -0.8373967 0.1762604 0.536465 -0.8253106 0.2232195 0.4989631 -0.8373821 0.2286188 0.4064257 -0.8846195 0.2283617 0.3972817 -0.8888297 0.2147196 0.2912981 -0.9322236 0.2311182 0.2920081 -0.9280709 0.2185787 0.2878659 -0.9323929 0.2311744 0.2921448 -0.9280139 0.2287574 0.2295613 -0.9460294 0.2301061 0.2097489 -0.9502929 0.97289 -0.07270325 0.2195432 0.97289 -0.07270325 0.2195432 0.9990056 -0.02619707 -0.03607573 0.9990056 -0.02619707 -0.03607573 0.9570385 0.02207283 -0.2891194 0.9570385 0.02207283 -0.2891194 0.8498894 0.06883464 -0.522446 0.8498894 0.06883464 -0.522446 0.6847854 0.1109224 -0.7202535 0.6847854 0.1109224 -0.7202535 0.4729504 0.1454572 -0.8689995 0.4729504 0.1454572 -0.8689995 0.2289949 0.1700632 -0.958457 0.2289949 0.1700632 -0.958457 -0.03060209 0.1830852 -0.9826206 -0.03060209 0.1830852 -0.9826206 -0.2882128 0.1836288 -0.9397946 -0.2882128 0.1836288 -0.9397946 -0.5260224 0.1716611 -0.8329664 -0.5260224 0.1716611 -0.8329664 -0.7280052 0.1480018 -0.6694057 -0.7280052 0.1480018 -0.6694057 -0.8804854 0.1142372 -0.4601036 -0.8804854 0.1142372 -0.4601036 -0.9728949 0.07269963 -0.2195228 -0.9728949 0.07269963 -0.2195228 -0.9990087 0.02621563 0.03597612 -0.9990087 0.02621563 0.03597612 -0.9570289 -0.02207898 0.2891508 -0.9570289 -0.02207898 0.2891508 -0.8498214 -0.06885684 0.5225537 -0.8498214 -0.06885684 0.5225537 -0.6847611 -0.1109273 0.7202759 -0.6847611 -0.1109273 0.7202759 -0.4730396 -0.1454456 0.8689529 -0.4730396 -0.1454456 0.8689529 -0.2289742 -0.1700648 0.9584617 -0.2289742 -0.1700648 0.9584617 0.03066227 -0.1830868 0.9826185 0.03066227 -0.1830868 0.9826185 0.288121 -0.1836309 0.9398223 0.288121 -0.1836309 0.9398223 0.5260224 -0.1716611 0.8329664 0.5260224 -0.1716611 0.8329664 0.7280708 -0.1479911 0.6693366 0.7280708 -0.1479911 0.6693366 0.8804569 -0.114246 0.460156 0.8804569 -0.114246 0.460156 0.2289845 0.170064 -0.9584593 0.2289845 0.170064 -0.9584593 0.2289845 0.170064 -0.9584593 0.2289845 0.170064 -0.9584593 0.2289845 0.170064 -0.9584593 0.2289845 0.170064 -0.9584593 0.2289845 0.170064 -0.9584593 0.2289845 0.170064 -0.9584593 0.2289845 0.170064 -0.9584593 0.2289845 0.170064 -0.9584593 0.2289845 0.170064 -0.9584593 0.2289845 0.170064 -0.9584593 0.2289845 0.170064 -0.9584593 0.2289845 0.170064 -0.9584593 0.2289845 0.170064 -0.9584593 0.2289845 0.170064 -0.9584593 0.2289845 0.170064 -0.9584593 0.2289845 0.170064 -0.9584593 0.2289845 0.170064 -0.9584593 0.2289845 0.170064 -0.9584593 0.2289845 0.170064 -0.9584593 0.2289845 0.170064 -0.9584593 0.2289845 0.170064 -0.9584593 0.2289845 0.170064 -0.9584593 0.2289845 0.170064 -0.9584593 0.97289 -0.07270325 0.2195432 0.97289 -0.07270325 0.2195432 0.9990056 -0.02619707 -0.03607573 0.9990056 -0.02619707 -0.03607573 0.9570385 0.02207283 -0.2891194 0.9570385 0.02207283 -0.2891194 0.8498894 0.06883464 -0.522446 0.8498894 0.06883464 -0.522446 0.6847854 0.1109224 -0.7202535 0.6847854 0.1109224 -0.7202535 0.4729504 0.1454572 -0.8689995 0.4729504 0.1454572 -0.8689995 0.2289949 0.1700632 -0.958457 0.2289949 0.1700632 -0.958457 -0.03060209 0.1830852 -0.9826206 -0.03060209 0.1830852 -0.9826206 -0.2882128 0.1836288 -0.9397946 -0.2882128 0.1836288 -0.9397946 -0.5260224 0.1716611 -0.8329664 -0.5260224 0.1716611 -0.8329664 -0.7280052 0.1480018 -0.6694057 -0.7280052 0.1480018 -0.6694057 -0.8804854 0.1142372 -0.4601036 -0.8804854 0.1142372 -0.4601036 -0.9728949 0.07269963 -0.2195228 -0.9728949 0.07269963 -0.2195228 -0.9990087 0.02621563 0.03597612 -0.9990087 0.02621563 0.03597612 -0.9570289 -0.02207898 0.2891508 -0.9570289 -0.02207898 0.2891508 -0.8498214 -0.06885684 0.5225537 -0.8498214 -0.06885684 0.5225537 -0.6847611 -0.1109273 0.7202759 -0.6847611 -0.1109273 0.7202759 -0.4730396 -0.1454456 0.8689529 -0.4730396 -0.1454456 0.8689529 -0.2289742 -0.1700648 0.9584617 -0.2289742 -0.1700648 0.9584617 0.03066227 -0.1830868 0.9826185 0.03066227 -0.1830868 0.9826185 0.288121 -0.1836309 0.9398223 0.288121 -0.1836309 0.9398223 0.5260224 -0.1716611 0.8329664 0.5260224 -0.1716611 0.8329664 0.7280708 -0.1479911 0.6693366 0.7280708 -0.1479911 0.6693366 0.8804569 -0.114246 0.460156 0.8804569 -0.114246 0.460156 0.9728927 -0.07270126 0.219532 0.9728927 -0.07270126 0.219532 0.9990061 -0.02620008 -0.03605957 0.9990061 -0.02620008 -0.03605957 0.9570457 0.02206825 -0.2890959 0.9570457 0.02206825 -0.2890959 0.8498758 0.06883908 -0.5224675 0.8498758 0.06883908 -0.5224675 0.6847447 0.1109307 -0.720291 0.6847447 0.1109307 -0.720291 0.4729808 0.1454533 -0.8689836 0.4729808 0.1454533 -0.8689836 0.2289949 0.1700632 -0.958457 0.2289949 0.1700632 -0.958457 -0.03063657 0.1830861 -0.9826194 -0.03063657 0.1830861 -0.9826194 -0.2881592 0.18363 -0.9398108 -0.2881592 0.18363 -0.9398108 -0.5260004 0.1716629 -0.8329799 -0.5260004 0.1716629 -0.8329799 -0.7280222 0.147999 -0.6693877 -0.7280222 0.147999 -0.6693877 -0.8804932 0.1142348 -0.4600893 -0.8804932 0.1142348 -0.4600893 -0.9728922 0.07270162 -0.219534 -0.9728922 0.07270162 -0.219534 -0.9990085 0.0262145 0.03598219 -0.9990085 0.0262145 0.03598219 -0.9570262 -0.0220807 0.2891596 -0.9570262 -0.0220807 0.2891596 -0.8498418 -0.06885018 0.5225214 -0.8498418 -0.06885018 0.5225214 -0.6847729 -0.1109249 0.7202651 -0.6847729 -0.1109249 0.7202651 -0.4729984 -0.145451 0.8689744 -0.4729984 -0.145451 0.8689744 -0.2289742 -0.1700648 0.9584617 -0.2289742 -0.1700648 0.9584617 0.03061549 -0.1830856 0.9826201 0.03061549 -0.1830856 0.9826201 0.2881365 -0.1836305 0.9398176 0.2881365 -0.1836305 0.9398176 0.5260553 -0.1716584 0.8329461 0.5260553 -0.1716584 0.8329461 0.7280644 -0.1479922 0.6693434 0.7280644 -0.1479922 0.6693434 0.880454 -0.1142469 0.4601613 0.880454 -0.1142469 0.4601613 0.8444733 -0.5248968 0.1065282 0.8233828 -0.5481088 0.1470292 0.8552806 -0.5053274 0.1146272 0.948644 -0.2790459 0.1490234 0.9600711 -0.2417703 0.14075 0.9599366 -0.2429978 0.1395485 0.957365 -0.2518464 0.1415121 0.9280896 -0.3546953 0.1133176 0.9181753 -0.3449023 0.1949269 0.934654 -0.3355282 0.1176551 0.9126905 -0.3934148 0.1105477 0.8773111 -0.4213014 0.2298487 0.9197359 -0.3751284 0.1156055 0.8972563 -0.3985031 0.1900697 0.9113069 -0.3615801 0.1969255 0.8441153 -0.4852096 0.2281249 0.908481 -0.4173918 0.02112745 0.844785 -0.4861168 0.223671 0.9078612 -0.4188427 0.01894357 0.8491602 -0.4845291 0.2101391 0.8952146 -0.4240555 0.1369956 0.9007066 -0.4301212 0.06101863 0.8677777 -0.4284718 0.2517416 0.8854561 -0.4449203 0.1342142 0.8568824 -0.5124779 0.05584858 0.8479685 -0.52786 0.04809627 0.8232535 -0.5480449 0.1479882 0.8761055 -0.4721879 0.09735376 0.8777523 -0.4787999 0.01736462 0.8454751 -0.5112754 0.1541728 0.8523619 -0.5105322 0.113296 0.8395879 -0.5329394 0.1052036 0.8673933 -0.4941894 0.05835838 0.8188178 -0.5369679 0.2029852 0.8318939 -0.5386114 0.133605 0.823551 -0.5481628 0.1458815 0.8556257 -0.5149966 0.05179881 0.8597375 -0.500461 0.1019326 0.8574051 -0.5041777 0.1032542 0.9121376 -0.3810827 0.1509337 0.9157451 -0.3719443 0.1518825 0.9015013 -0.4265764 0.07299306 0.8700458 -0.4453616 0.2113605 0.8696091 -0.4828114 0.1033114 0.9685189 -0.1964783 0.1528642 0.926354 -0.3064784 0.2189505 0.9213624 -0.3711174 0.1155996 0.962487 -0.1956028 0.1880379 0.8703525 -0.4265637 0.2460282 0.9362045 -0.3070097 0.1710735 0.9808346 -0.1101693 0.1607052 0.9692107 -0.1313202 0.2082921 0.9086484 -0.2482534 0.3357505 0.9621584 -0.1888602 0.1964254 0.9549839 -0.2008342 0.2183377 0.9720564 -0.2307362 0.04321093 0.9631391 -0.1152518 0.2430639 0.9609349 -0.2393214 0.1390303 0.9612521 -0.237908 0.1392627 0.968068 -0.2095052 0.137666 0.9681381 -0.2094542 0.1372496 0.9645388 -0.2249748 0.1380262 0.9631121 -0.2299843 0.1397222 0.9653668 -0.2185332 0.1425139 0.9705375 -0.1825716 0.1572406 0.973131 -0.18283 0.1399614 0.97228 -0.1846168 0.1434861 0.9696726 -0.1945992 0.1478724 0.9529198 -0.2404222 0.184773 0.9673611 -0.2067469 0.1465204 0.9709397 -0.1951894 0.1384817 0.9673829 -0.1860719 0.1718942 -0.03234671 -0.9827475 -0.1821015 -0.03234671 -0.9827475 -0.1821015 -0.03234671 -0.9827475 -0.1821015 -0.03234671 -0.9827475 -0.1821015 -0.9031569 0.4044357 -0.1440113 -0.9031601 0.4044327 -0.1440005 -0.903857 0.4015139 -0.1477465 -0.9031533 0.4044467 -0.1440033 -0.9036622 0.4022571 -0.1469146 -0.9031569 0.4044418 -0.1439944 -0.9031616 0.4044775 -0.1438649 -0.891937 0.4310716 -0.1364761 -0.8987538 0.4151423 -0.1410618 -0.9031442 0.4045422 -0.143792 -0.90485 0.4015428 -0.141456 -0.903156 0.4044358 -0.1440171 -0.9031562 0.4044362 -0.1440146 -0.9031565 0.4044374 -0.1440097 -0.9031575 0.4044345 -0.144011 -0.9031494 0.4044516 -0.1440141 -0.9031199 0.4045862 -0.143821 -0.9031517 0.4044534 -0.1439948 -0.9031534 0.4044435 -0.1440119 -0.903147 0.4044579 -0.1440117 -0.9031531 0.4044459 -0.1440067 -0.9031558 0.4044329 -0.1440266 -0.9031582 0.4044191 -0.1440504 -0.9030289 0.4047506 -0.1439297 -0.9030588 0.4046701 -0.1439689 0.2289845 0.170064 -0.9584593 0.2289845 0.170064 -0.9584593 0.2289845 0.170064 -0.9584593 0.2289845 0.170064 -0.9584593 0.2289845 0.170064 -0.9584593 0.2289845 0.170064 -0.9584593 0.2289845 0.170064 -0.9584593 0.2289845 0.170064 -0.9584593 0.2289845 0.170064 -0.9584593 0.2289845 0.170064 -0.9584593 0.2289845 0.170064 -0.9584593 0.2289845 0.170064 -0.9584593 0.2289845 0.170064 -0.9584593 0.2289845 0.170064 -0.9584593 0.2289845 0.170064 -0.9584593 0.2289845 0.170064 -0.9584593 0.2289845 0.170064 -0.9584593 0.2289845 0.170064 -0.9584593 0.2289845 0.170064 -0.9584593 0.2289845 0.170064 -0.9584593 0.2289845 0.170064 -0.9584593 0.2289845 0.170064 -0.9584593 0.2289845 0.170064 -0.9584593 0.2289845 0.170064 -0.9584593 0.2289845 0.170064 -0.9584593 0.2289845 0.170064 -0.9584593 0.2289845 0.170064 -0.9584593 0.2289845 0.170064 -0.9584593 0.2289845 0.170064 -0.9584593 -0.4333655 0.8995008 0.05561213 -0.3729212 0.9248267 0.07500219 -0.3734543 0.9246494 0.07453367 -0.5125299 0.8581489 0.02989088 -0.5227164 0.8520977 0.0264015 -0.4071419 0.911083 0.06452229 -0.3126843 0.9452172 0.09377093 -0.5125893 0.8581143 0.02986758 -0.5980586 0.8014518 -0.0009770924 -0.6593325 0.7514613 -0.02421702 -0.6898695 0.7229885 -0.03698319 -0.7140857 0.6985161 -0.04644211 -0.7626545 0.6431627 -0.06855633 -0.8223466 0.5606419 -0.09709105 -0.8333909 0.5429359 -0.1033456 -0.8571303 0.5020026 -0.1154165 -0.8642431 0.4885704 -0.1199286 -0.8331474 0.5433926 -0.1029076 -0.3164559 0.9442302 0.09102217 -0.1507667 0.9790984 0.1365128 -0.1917366 0.9731891 0.1270436 -0.05355553 0.9854854 0.1610909 -0.08711335 0.984367 0.1530782 -0.08683316 0.9843182 0.1535504 -0.2289845 -0.170064 0.9584593 -0.2289845 -0.170064 0.9584593 -0.2289845 -0.170064 0.9584593 -0.2289845 -0.170064 0.9584593 -0.2289845 -0.170064 0.9584593 -0.2289845 -0.170064 0.9584593 -0.2289845 -0.170064 0.9584593 -0.2289845 -0.170064 0.9584593 -0.2289845 -0.170064 0.9584593 -0.2289845 -0.170064 0.9584593 -0.2289845 -0.170064 0.9584593 -0.2289845 -0.170064 0.9584593 -0.2289845 -0.170064 0.9584593 -0.2289845 -0.170064 0.9584593 -0.2289845 -0.170064 0.9584593 -0.2289845 -0.170064 0.9584593 -0.2289845 -0.170064 0.9584593 -0.2289845 -0.170064 0.9584593 -0.2289845 -0.170064 0.9584593 -0.2289845 -0.170064 0.9584593 -0.2289845 -0.170064 0.9584593 -0.2289845 -0.170064 0.9584593 -0.2289845 -0.170064 0.9584593 -0.2289845 -0.170064 0.9584593 -0.2289845 -0.170064 0.9584593 0.2289845 0.170064 -0.9584593 0.2289845 0.170064 -0.9584593 0.2289845 0.170064 -0.9584593 0.2289845 0.170064 -0.9584593 0.2289845 0.170064 -0.9584593 0.2289845 0.170064 -0.9584593 0.2289845 0.170064 -0.9584593 0.2289845 0.170064 -0.9584593 0.2289845 0.170064 -0.9584593 0.2289845 0.170064 -0.9584593 0.2289845 0.170064 -0.9584593 0.2289845 0.170064 -0.9584593 0.2289845 0.170064 -0.9584593 0.2289845 0.170064 -0.9584593 0.2289845 0.170064 -0.9584593 0.2289845 0.170064 -0.9584593 0.2289845 0.170064 -0.9584593 0.2289845 0.170064 -0.9584593 0.2289845 0.170064 -0.9584593 0.2289845 0.170064 -0.9584593 0.2289845 0.170064 -0.9584593 0.2289845 0.170064 -0.9584593 0.2289845 0.170064 -0.9584593 0.2289845 0.170064 -0.9584593 0.2289845 0.170064 -0.9584593 0.7646199 -0.008817072 -0.6444212 0.8722941 -0.04052273 -0.4872997 0.8627688 -0.06156744 -0.5018361 0.4150104 0.1651522 -0.8947017 0.4156316 0.1651952 -0.8944053 0.471812 0.1695158 -0.8652502 0.9597908 -0.2216947 -0.1722005 0.9794236 -0.2013217 0.01410723 0.9715687 -0.1826175 -0.1506823 0.4202858 0.5729237 -0.7036464 0.4584648 0.4474258 -0.7678673 0.5352722 0.4786021 -0.6960055 0.3913255 0.550802 -0.737212 0.5405161 0.3965757 -0.7420041 0.7179736 0.506343 -0.4776302 0.7180539 0.506302 -0.4775529 0.694658 0.5147271 -0.5025 0.4147859 0.6423702 -0.644448 0.4138142 0.6425177 -0.6449254 0.4815913 0.6304792 -0.6087412 0.6282355 0.5866592 -0.5110295 0.5663394 0.613699 -0.5501211 0.5568971 0.6038955 -0.5702419 0.5661369 0.6139806 -0.5500152 0.5010755 0.6400246 -0.5824877 0.7670784 0.4754306 -0.4307627 0.8538693 0.3573471 -0.3784314 0.8542133 0.3573532 -0.3776485 0.8295159 0.3827174 -0.4067318 0.8987717 0.3622908 -0.2468902 0.9177319 0.2863669 -0.2752494 0.9210604 0.1942347 -0.3375214 0.9559594 0.1700567 -0.2392118 0.977875 0.06619056 -0.1984424 0.9949507 -0.05990211 -0.08052905 0.997164 0.01345151 -0.07404694 0.9846693 0.1058272 -0.1386615 0.9839655 -0.1752654 0.03307589 0.9928297 0.02628258 0.1166123 0.998259 -0.002615796 0.05892427 0.9945783 -0.0720784 -0.07495838 0.4674437 0.6028209 -0.6466091 0.5545312 0.5376817 -0.6351327 0.494197 0.6053081 -0.6239964 0.6958031 0.4488497 -0.5607068 0.8231148 0.3262493 -0.4648047 0.6864816 0.3867645 -0.6157566 0.6753521 0.3191365 -0.6648695 0.8083916 0.2133995 -0.5486016 0.8594074 -0.184787 -0.4767313 0.9274419 -0.1249228 -0.3524852 0.8903852 0.01131969 -0.4550671 0.9515431 -0.07363317 -0.2985697 0.9618686 -0.1381017 -0.2360863 0.9637754 -0.1382993 -0.2280577 0.3799107 0.2033578 -0.9023932 0.2759168 0.1955229 -0.9410849 0.4082809 0.2103446 -0.8882915 0.4246649 0.2345796 -0.8744324 0.4910839 0.2518784 -0.8339028 0.4773943 0.1247696 -0.8697857 0.5569635 0.1000599 -0.8244875 0.6062013 0.09996093 -0.7890043 0.5548141 0.1012638 -0.8257887 0.6179543 0.05916155 -0.7839849 0.7272638 0.03005158 -0.6856999 0.7423671 0.02649835 -0.6694691 0.7258609 0.03320601 -0.6870395 0.6442921 0.1854632 -0.7419508 0.7807669 0.1105531 -0.6149643 0.6540306 0.269548 -0.7068153 0.2084273 0.7410207 -0.6383153 0.4521601 0.4404221 -0.7756156 0.5130831 0.3487565 -0.7842925 0.422085 0.3475781 -0.8372776 0.416156 0.2322719 -0.8791268 0.9092298 0.1008504 -0.403894 0.9669057 -0.008939954 -0.2549775 0.9884546 -0.1103915 -0.1037849 0.980512 -0.1919976 0.04163132 0.9686552 -0.2143805 0.1254912 -0.241282 -0.2487856 0.9380238 -0.2457654 -0.2799554 0.9280218 -0.2457654 -0.2799554 0.9280218 -0.2405364 -0.243748 0.9395367 -0.2320124 -0.1886583 0.9542423 -0.2324261 -0.1912345 0.9536286 -0.7348808 0.533874 -0.4182449 -0.7614227 0.5085485 -0.4020123 -0.6753651 0.4986865 -0.5433174 -0.1387842 0.4233033 -0.8952951 -0.1972865 0.4041996 -0.8931409 -0.05259537 0.3315463 -0.9419717 -0.4803941 0.7415467 -0.4683268 -0.4956141 0.645892 -0.5806808 -0.4650133 0.677948 -0.569341 -0.8389094 0.4850213 -0.2469521 -0.8438827 0.4705992 -0.2576787 -0.8406699 0.4700887 -0.2688693 0.2111721 0.1954923 -0.9576999 0.1968306 0.2186802 -0.9557388 0.1380001 0.2668511 -0.9538063 0.1674975 0.7324632 -0.6598805 0.09513751 0.7192591 -0.688197 0.09848957 0.6850049 -0.7218504 0.1685501 0.615377 -0.7700013 0.1522583 0.5282735 -0.835311 0.1848876 0.396616 -0.8991731 0.1780049 0.3356685 -0.9250086 0.2206477 0.2217364 -0.9498145 0.1387152 0.3379609 -0.9308816 0.2149582 0.2173742 -0.9521247 0.2183052 0.2212481 -0.9504694 0.165912 0.221189 -0.9610144 0.1709457 0.2209861 -0.9601785 0.1267713 0.2650691 -0.9558595 0.178361 0.22313 -0.9583321 0.2060096 0.1966221 -0.9585926 0.0876149 0.2550117 -0.9629604 0.05302942 0.2589531 -0.9644331 0.1409654 0.2159404 -0.9661773 0.1376706 0.2115167 -0.9676298 0.14606 0.2137452 -0.9659086 0.1521642 0.216799 -0.9642843 0.1542692 0.2215033 -0.9628797 -0.2386073 0.38316 -0.8923312 -0.1381964 0.2983792 -0.9443895 -0.2659928 0.4001534 -0.8769977 -0.07049792 0.239065 -0.968441 -0.06937892 0.295005 -0.9529736 -0.5156871 0.4431647 -0.7332611 -0.4289082 0.4147663 -0.8025002 -0.3979136 0.4330146 -0.8088035 -0.4164752 0.4026545 -0.8151183 -0.3614624 0.3816931 -0.8506793 -0.5848918 0.4763349 -0.6565109 -0.613362 0.463512 -0.639487 -0.6710464 0.4660766 -0.5766016 -0.7184066 0.4762384 -0.5070393 -0.731067 0.4966662 -0.4678287 -0.8524727 0.4513612 -0.2637488 -0.808821 0.466662 -0.35782 -0.8065625 0.4639668 -0.366322 -0.7449533 0.4679422 -0.4754731 -0.7646567 0.5481259 -0.3389073 -0.7644755 0.5488309 -0.3381743 -0.8209126 0.4929434 -0.288287 -0.7271527 0.5636831 -0.391804 -0.6845549 0.5871965 -0.4319548 -0.6842557 0.5877054 -0.4317366 -0.6461111 0.6028196 -0.4681335 -0.699593 0.5785421 -0.419355 -0.5316678 0.6617069 -0.5286523 -0.6119376 0.6432668 -0.4601522 -0.3207274 0.7165708 -0.6194032 -0.1702522 0.7471716 -0.6424552 -0.002975187 0.7420251 -0.6703655 -0.07040316 0.7713396 -0.6325177 -0.2204588 0.7730219 -0.5948404 -0.2943169 0.7652411 -0.572524 0.01765023 0.7910481 -0.6114992 0.1595816 0.2191422 -0.9625541 0.1079629 0.2620589 -0.9589938 0.02474997 0.3513491 -0.9359173 0.07165891 0.3528431 -0.9329345 0.2038673 0.2182477 -0.9543616 -0.3440759 0.4691749 -0.8133183 -0.2698053 0.4944119 -0.8262942 -0.1877404 0.5127536 -0.8377573 -0.584613 0.4619599 -0.6669488 -0.4932389 0.459614 -0.7385597 -0.03490313 0.3025605 -0.9524909 0.1213707 0.4319854 -0.8936765 0.002574916 0.5373447 -0.8433588 0.0649296 0.4527368 -0.889277 -0.09044216 0.5303558 -0.8429371 -0.009945768 0.4491655 -0.8933932 -0.08253934 0.4337528 -0.8972434 -0.0130329 0.3453363 -0.9383885 -0.5017844 0.5941811 -0.6286185 -0.5949182 0.6110682 -0.5221763 -0.5867657 0.5556986 -0.5889865 -0.6910838 0.5552376 -0.4627249 -0.5841239 0.475389 -0.6578788 -0.4840718 0.5210491 -0.702981 0.02938821 0.691471 -0.7218062 -0.3939749 0.5526466 -0.7344151 -0.388632 0.6374487 -0.6653001 -0.2946572 0.5841999 -0.7562325 -0.261401 0.6710275 -0.693824 -0.1832414 0.6081007 -0.7724223 -0.1295827 0.6864279 -0.7155592 -0.06879743 0.6174204 -0.7836192 0.06014097 0.6115408 -0.7889239 0.1013233 0.5352271 -0.8386093 -0.6667868 0.6181835 -0.4162265 -0.5847171 0.4764392 -0.6565909 -0.8969969 0.4076946 -0.1708263 -0.8655448 0.4213274 -0.2707682 -0.8484622 0.4251937 -0.3151541 -0.8652877 0.4204676 -0.272918 -0.8037843 0.4329731 -0.4080014 -0.5756082 0.4233402 -0.6996129 -0.6067918 0.4268245 -0.6705405 -0.6607915 0.4357925 -0.6110969 -0.6857129 0.434023 -0.5843131 -0.7403229 0.4372319 -0.5106371 -0.7585908 0.4340683 -0.4859266 -0.8028008 0.4358172 -0.4069082 -0.8147029 0.4355005 -0.3828818 -0.4799585 0.409631 -0.7757849 -0.3767199 0.3836834 -0.8431306 -0.5232314 0.4200549 -0.7414734 -0.602388 0.4297633 -0.6726308 -0.6065322 0.4251887 -0.6718134 -0.2521948 0.3502017 -0.9020845 -0.345426 0.3751258 -0.8602101 -0.4361123 0.3961843 -0.8079876 -0.1475035 0.3263793 -0.9336591 -0.2699675 0.3528475 -0.8958885 -0.05666578 0.2927274 -0.9545154 -0.1574078 0.3179517 -0.9349489 -0.04950666 0.2807869 -0.9584925 -0.0392722 0.2869126 -0.9571514 -0.04784416 0.28067 -0.9586111 -0.04210698 0.2789548 -0.9593806 0.04429906 0.2461158 -0.9682276 0.05530967 0.2418183 -0.9687439 0.136487 0.2093008 -0.9682791 0.1986678 0.1834887 -0.9627372 -0.6073648 0.5816939 -0.5410546 -0.6092773 0.566952 -0.5543886 -0.7333051 0.5282853 -0.4279934 0.06247107 0.4545551 -0.8885252 0.06437068 0.391081 -0.9181024 -0.4551129 0.5670631 -0.6865214 -0.4534369 0.5877145 -0.6700647 -0.2811605 0.5860902 -0.7598994 -0.459521 0.5240705 -0.7170708 -0.4571887 0.545854 -0.7021552 -0.2833184 0.5342183 -0.7964556 -0.4712352 0.4328318 -0.7685011 -0.4683818 0.4551205 -0.7572872 -0.2915611 0.4223941 -0.8582397 -0.8672599 0.4434447 -0.2263119 -0.8670494 0.4454248 -0.2232085 -0.8285971 0.4758664 -0.2949203 -0.823849 0.5052936 -0.2568098 -0.8651828 0.4589874 -0.2019638 -0.8448808 0.4868217 -0.2217679 -0.8628419 0.4504659 -0.2293127 -0.867672 0.4473646 -0.2168183 -0.8271195 0.4848988 -0.2841595 -0.8618601 0.4552841 -0.2234134 -0.8648389 0.4538247 -0.2147017 -0.8247071 0.4943232 -0.2747776 -0.8646589 0.4552168 -0.2124683 -0.8244996 0.4979746 -0.2687409 -0.8639413 0.4574279 -0.2106304 -0.8242323 0.5019451 -0.2620923 -0.8656328 0.4566981 -0.205199 -0.8621954 0.4608804 -0.2102579 -0.8650224 0.4436906 -0.2342541 -0.8316936 0.4641411 -0.3047274 -0.8701877 0.4371442 -0.2273286 -0.8660365 0.438404 -0.2403805 -0.8334091 0.454709 -0.3141163 -0.8702967 0.43402 -0.232831 -0.8729919 0.4248385 -0.2395775 -0.8736229 0.4252406 -0.236545 -0.8372071 0.443097 -0.3205455 -0.8689779 0.4307017 -0.2436667 -0.8702992 0.4316265 -0.2372297 -0.1494548 0.3321138 -0.9313236 -0.2655857 0.363836 -0.8927976 -0.2938115 0.3944549 -0.870678 -0.3730754 0.3911719 -0.8413081 -0.1152417 0.4092442 -0.905118 -0.2890722 0.451426 -0.8441871 -0.4651047 0.4787346 -0.7446414 -0.1184386 0.3426363 -0.9319725 -0.1171363 0.3760986 -0.9191458 -0.03580074 0.2944978 -0.9549813 0.05987714 0.2752518 -0.9595057 0.06458577 0.2600347 -0.9634369 0.06261968 0.3137944 -0.9474238 0.07056872 0.3465104 -0.9353879 -0.1136619 0.4416742 -0.8899465 -0.2867931 0.4796772 -0.8292524 -0.462106 0.5016713 -0.7312892 -0.2848017 0.5072474 -0.8133806 -0.2819591 0.5604554 -0.7787097 0.05768137 0.4272419 -0.9022955 -0.1124107 0.4733782 -0.8736572 0.06849041 0.4877378 -0.8702993 -0.1112793 0.5348888 -0.8375624 -0.1116878 0.504483 -0.8561675 -0.280554 0.6108701 -0.7403561 -0.4518703 0.6076324 -0.6531432 -0.2803326 0.6347728 -0.7200536 -0.4508575 0.6268138 -0.6354778 -0.280368 0.6577814 -0.6990832 -0.4500891 0.6452381 -0.6173229 -0.2809192 0.6799193 -0.6773435 -0.4496173 0.6629144 -0.5986558 -0.281649 0.7011824 -0.654994 -0.4494557 0.6798636 -0.5794609 -0.2827417 0.7216014 -0.6319404 -0.4495809 0.6961065 -0.5597436 -0.2843023 0.7404601 -0.6090082 -0.4506422 0.7111229 -0.5396534 0.07220915 0.5190492 -0.8516888 0.0656189 0.5587284 -0.8267507 0.055078 0.5914385 -0.8044669 0.05832284 0.6153018 -0.7861311 -0.1143848 0.6742776 -0.7295655 0.06346855 0.6440256 -0.7623666 -0.1130412 0.6483064 -0.7529412 -0.1120512 0.6213672 -0.7754659 -0.111489 0.593484 -0.7970865 -0.1112079 0.5646028 -0.8178365 -0.118949 0.7470216 -0.6540718 0.04206686 0.7301794 -0.6819593 -0.1180846 0.723412 -0.6802435 0.05120543 0.7067249 -0.705633 -0.1160747 0.6993153 -0.705326 0.06114185 0.676332 -0.7340549 -0.2783311 0.7560451 -0.5923915 -0.2785338 0.7560182 -0.5923305 -0.2777841 0.7560795 -0.5926042 -0.1667763 0.7618004 -0.6259758 -0.7378788 0.53518 -0.4112386 -0.7301104 0.5473585 -0.409069 -0.7351049 0.5528989 -0.3923309 -0.7245051 0.5887891 -0.3583571 -0.7256305 0.5810933 -0.3684982 -0.7264713 0.5732293 -0.3790087 -0.7275235 0.5649394 -0.3892981 -0.6015853 0.6583571 -0.4523948 -0.6018936 0.6468721 -0.468274 -0.6025595 0.6349141 -0.483535 -0.6033681 0.6224617 -0.498486 -0.6044518 0.6094433 -0.5130467 -0.6058326 0.5958531 -0.5271869 -0.8422225 0.4903023 -0.2241984 -0.7725021 0.5588269 -0.3015841 -0.8814623 0.4181582 -0.2194722 -0.8435047 0.4344725 -0.315806 -0.8007795 0.4429014 -0.4032251 -0.7565508 0.4516874 -0.4728735 -0.5733146 0.4290038 -0.6980445 -0.6604176 0.4382784 -0.6097217 -0.6289527 0.4524954 -0.6321917 -0.7365402 0.44329 -0.510884 -0.6260227 0.4684564 -0.6234133 -0.747739 0.4641509 -0.4748161 -0.6335884 0.4858629 -0.6020822 -0.7430376 0.4856698 -0.4604563 -0.7382801 0.5062722 -0.4456802 -0.6278778 0.5186297 -0.5803384 -0.6195035 0.5029757 -0.6026864 -0.7413688 0.515937 -0.4291635 -0.6114679 0.5516712 -0.5672441 -0.6140045 0.5357825 -0.5795995 0.03711114 0.744545 -0.66654 0.1269547 0.7279472 -0.6737769 -0.0562275 0.7557506 -0.6524412 -0.5984263 0.66886 -0.4410355 -0.4969723 0.7089128 -0.5004609 -0.6930281 0.617917 -0.3713363 -0.07433565 0.9844229 0.1593293 -0.7231215 0.689157 -0.04645246 0.1293521 0.798386 -0.5880884 0.06107798 0.9961084 0.0635409 0.04998967 0.9969192 0.06044181 0.07572501 0.9956781 -0.05376565 0.103274 0.9581812 -0.266877 0.1095355 0.9150457 -0.3881924 0.1426982 0.8620733 -0.4862786 0.1471438 0.8064374 -0.5727193 -0.2337243 0.9702657 -0.06290767 -0.3314265 0.932152 -0.1457709 -0.2468344 0.9512131 -0.1851119 0.0658301 0.7593539 -0.6473392 -0.5795171 0.8053837 -0.1245674 -0.6208856 0.7407714 -0.2564348 -0.5800594 0.7734356 -0.2555945 -0.6733735 0.6221514 -0.3993692 -0.6730679 0.6497538 -0.3532699 -0.5519557 0.7063873 -0.4431274 -0.7805252 0.5547758 -0.2881045 -0.8177768 0.5206024 -0.2453858 -0.8278549 0.5001941 -0.253894 -0.8581113 0.4779951 -0.1875251 -0.6944012 0.6736005 -0.2531192 -0.6558759 0.6947791 -0.295142 -0.6272823 0.7424651 -0.2350799 -0.5110762 0.8411265 -0.1769386 -0.4311238 0.8846464 -0.1775754 -0.4302277 0.8863331 -0.1712244 -0.4391602 0.8827468 -0.1670221 -0.3891578 0.9120755 -0.1291295 -0.1882213 0.9821228 -0.002764011 -0.2548624 0.9660904 -0.04140634 -0.2957481 0.9525023 -0.07261215 -0.2988064 0.9520452 -0.06576259 -0.1484712 0.9887802 0.01643047 -0.1244935 0.9893967 0.07480309 -0.1503642 0.9881824 0.02976876 -0.09455526 0.9951084 0.02860917 -0.0848441 0.9923648 0.08951823 -0.06110601 0.9981157 -0.005572595 -0.01156525 0.9971756 0.07420977 0.002155994 0.9973449 0.07279141 -0.0119116 0.9996483 -0.02369228 0.01458791 0.9975534 0.06836981 0.0274281 0.9972822 0.06838008 0.03404183 0.9988864 -0.03266528 0.04127786 0.9969608 0.06607113 0.04788541 0.9968413 0.06335873 0.0393389 0.9974061 0.06027871 0.05787821 0.9963735 0.06237032 0.02702919 0.7685327 -0.6392393 0.01941877 0.8211437 -0.570391 0.005355704 0.7961766 -0.6050406 -0.1257665 0.8332907 -0.5383395 -0.1085535 0.7790872 -0.6174457 -0.03011251 0.7728113 -0.633921 -0.312326 0.7699608 -0.5564286 -0.3117757 0.7700081 -0.5566718 -0.2842999 0.818998 -0.4984133 -0.268165 0.7736708 -0.5740393 -0.201496 0.7780037 -0.595071 -0.3696605 0.7576665 -0.5378592 -0.4324068 0.7878624 -0.4385169 -0.4253728 0.7420487 -0.5180943 -0.5614611 0.7413688 -0.3676054 -0.5693882 0.6943141 -0.4401419 -0.4846557 0.7297038 -0.482329 -0.7319225 0.6059168 -0.3116958 -0.7320523 0.6059345 -0.3113565 -0.6417834 0.6624108 -0.3864273 -0.569611 0.6929149 -0.4420546 -0.7644684 0.5711016 -0.2990502 0.02815317 0.8830224 -0.4684858 0.02618726 0.9259997 -0.376615 -0.08545396 0.9340766 -0.3466965 -0.1511354 0.970199 -0.1893993 -0.0538185 0.9756511 -0.2126231 0.03307453 0.9727207 -0.2296096 -0.3984827 0.893807 -0.2057198 -0.4690553 0.8590205 -0.2051121 -0.4157901 0.8813503 -0.2243663 -0.3069285 0.9101997 -0.2780852 -0.202119 0.9273296 -0.3149724 -0.2435994 0.8800494 -0.4076425 -0.107495 0.8892326 -0.4446462 -0.4810478 0.8246704 -0.2975092 -0.3643648 0.8590815 -0.359468 -0.1809554 0.97999 -0.08291452 0.7328098 0.5614519 -0.3843977 0.7528476 0.5828466 -0.3057946 0.7209929 0.6086557 -0.3312211 0.8301899 0.4991259 -0.2483105 0.8993316 0.375062 0.2247913 0.895323 0.3977293 0.2005198 0.8832854 0.4215157 0.2052594 0.7470005 0.6267902 0.2216402 0.1866098 0.9800223 -0.06879758 0.2646655 0.9643335 -0.003600207 0.2812675 0.9587517 -0.04103306 0.3136456 0.8615053 -0.3992933 0.3168093 0.8734712 -0.3697026 0.3212851 0.8795016 -0.3510738 0.3379637 0.8846577 -0.3211873 0.3026646 0.8931246 -0.3327501 0.3364001 0.9074894 -0.251591 0.4952322 0.8200031 -0.2869492 0.4373642 0.8735033 -0.213786 0.3336752 0.9234351 -0.1895481 0.3517866 0.9262837 -0.1350727 0.3191796 0.9381752 -0.1339837 0.1704781 0.9845459 0.040081 0.1828141 0.9829957 -0.01727751 0.3541712 0.9347431 -0.0286023 0.1406143 0.9831669 0.116664 0.2481723 0.9677217 0.04387745 0.1016905 0.985594 0.1351426 0.1170796 0.9784332 0.1701788 0.114897 0.9794742 0.1656169 0.1817022 0.9724561 0.1459916 0.1069831 0.9814334 0.1591951 0.1983373 0.9659209 0.16631 0.1221878 0.9763956 0.178106 0.2108527 0.959003 0.1893524 0.1267619 0.9727954 0.1939087 0.1244155 0.9750961 0.1835985 0.0936716 0.9764348 0.194424 0.09254563 0.9772533 0.1908173 0.3970135 0.8976594 0.1912794 0.552538 0.8119757 0.1881413 0.8439299 0.4823017 0.2348773 0.8077374 0.5406262 0.2351244 0.7429076 0.6443321 0.1814509 0.9802983 0.0445488 0.1924334 0.9483665 0.260948 0.1802972 0.919993 0.3044851 0.2467826 0.9900854 -0.0349489 0.1360496 0.9938757 0.005687677 0.1103574 0.9903572 -0.05931525 0.1251968 0.9911718 -0.05370613 0.1212194 0.9972645 0.06909763 0.02624759 0.9940492 0.0870056 0.06554624 0.9766851 0.211783 0.03513119 0.9634893 0.2673974 -0.01367656 0.9628531 0.2395273 -0.1246616 0.9371383 0.340792 -0.07505058 0.9001233 0.4150903 -0.132205 0.8796797 0.4141353 -0.2337852 0.8597589 0.4779888 -0.1798371 0.9084809 0.3763384 -0.1817468 0.5563077 0.7475331 -0.3629269 0.5817274 0.7187972 -0.3806885 0.5650782 0.7304291 -0.3836144 0.4982407 0.760849 -0.4157703 0.3898462 0.8225935 -0.4139564 0.3719699 0.809965 -0.453426 0.2645739 0.8397124 -0.4742192 0.1044943 0.9822491 0.1557808 0.1629816 0.9779755 0.1303874 0.2957162 0.9522717 0.07570069 0.4271269 0.9040178 0.01773083 0.5439242 0.8378775 -0.0459106 0.6709942 0.7402625 0.04216761 0.7033368 0.7047907 0.09266802 0.6057195 0.7862542 0.1220988 0.6551668 0.7331353 0.1823982 0.7486689 0.6515183 0.122551 0.5237171 0.8430941 0.1221181 0.3340948 0.9367367 0.1044273 0.368288 0.9183876 0.1446656 0.4834225 0.8734021 0.0589193 0.6250787 0.7805375 0.006147909 0.6556262 0.7459144 -0.1173289 0.9837025 0.151323 0.09711193 0.9840346 0.08622962 0.1556931 0.9795234 -0.06346454 0.191066 0.9381044 0.3226735 0.1258649 0.855651 0.4910343 0.1635443 0.9229314 0.3789901 0.06755805 0.8347889 0.541275 0.1007412 0.9006541 0.4343341 0.0132713 0.8095421 0.5848568 0.05083458 0.8715855 0.4888127 -0.0374286 0.7787599 0.6273028 0.004920963 0.8358374 0.5423827 -0.08483412 0.7426053 0.6686823 -0.03743544 0.793477 0.5943082 -0.1311183 0.7159128 0.6925672 -0.08842834 0.738014 0.6526951 -0.1712438 0.8132671 0.535713 -0.2271746 0.6985794 0.6477137 -0.3040621 0.6660317 0.6938243 -0.2738788 0.5277907 0.783596 -0.3277411 0.786009 0.5844284 -0.2015769 0.6317157 0.7393204 -0.2331107 0.5501909 0.8171805 -0.1717731 0.4476436 0.8885859 -0.100151 0.06518517 0.6777897 0.7323606 0.1141204 0.6783289 0.7258418 0.0742924 0.6240291 0.7778614 0.1601139 0.8960575 0.4140585 0.1641193 0.8735377 0.458254 0.160583 0.8981894 0.4092296 0.08705411 0.9689953 0.231235 0.1568308 0.9494536 0.2719227 0.003826266 0.5728008 0.8196857 0.2293559 0.5255214 0.8192821 0.1213846 0.5388665 0.8335998 0.1759748 0.5913101 0.7870103 0.120025 0.563607 0.8172767 0.3899986 0.4252019 0.8167646 0.3208238 0.4611753 0.8272784 0.3733148 0.5109257 0.7743326 0.3120911 0.4978499 0.8091629 0.5346646 0.430453 0.7272166 0.5165748 0.3760981 0.7692208 0.5722901 0.3103284 0.7590654 0.6197079 0.3179228 0.7175564 0.5655329 0.3459608 0.7486546 0.6189677 0.3777698 0.6885993 0.7232481 0.2297885 0.6512368 0.7504986 0.225073 0.6213646 0.7233311 0.2297931 0.651143 0.8774011 0.04796313 0.4773539 0.8630529 0.09926723 0.4952632 0.8187405 0.06124929 0.5708875 0.9441354 -0.0229739 0.3287561 0.9333934 -0.06143718 0.3535565 0.9275021 -0.02246048 0.3731426 0.9153842 0.0324692 0.4012699 0.9335473 -0.0947841 0.3456954 0.9146447 0.09783661 0.3922411 0.8683718 0.2883108 0.4034939 0.8913314 0.1999693 0.4068668 0.9248868 0.1533948 0.3479288 0.9578491 0.01697565 0.2867698 0.8285249 0.3845269 0.4070449 0.8472591 0.3917539 0.3587213 0.790284 0.4651979 0.398801 0.6665387 0.6658725 0.3351715 0.7342203 0.5559897 0.38961 0.6496153 0.650994 0.3926917 0.5692494 0.7596367 0.3144951 0.5684235 0.7695877 0.2909115 0.1295241 0.9681277 0.2143647 0.0826918 0.9763155 0.1999255 0.2072026 0.9456416 0.2506572 0.1109644 0.9684512 0.2231349 0.1012937 0.9558517 0.2758391 0.06940044 0.9701288 0.2324513 0.08720821 0.9674176 0.2376927 0.1436494 0.919296 0.3664146 0.1686335 0.9073241 0.3851307 0.1584583 0.8253267 0.5419656 0.1992543 0.8007063 0.5649488 0.1590187 0.7912941 0.5903954 0.1370669 0.7911494 0.5960665 0.2339721 0.7280007 0.644416 0.1261973 0.7486584 0.650834 0.04765042 0.7152796 0.697212 -0.08157564 0.6107575 0.7876044 -0.004644549 0.553602 0.8327685 -0.06403971 0.6062108 0.7927215 -0.002750405 0.6238077 0.781573 0.01487511 0.6727354 0.7397336 0.5279949 0.7684151 0.3616069 0.3743409 0.8742106 0.3092325 0.4654708 0.8317979 0.3024057 0.4732009 0.8295004 0.2966649 0.1789065 0.9481784 0.2625837 0.3285143 0.8831475 0.3348566 0.2780877 0.8910757 0.35868 0.3958739 0.8080267 0.4363219 0.1292786 0.9514771 0.2792459 0.2286643 0.8998248 0.371521 0.324531 0.8276671 0.4578721 0.4064839 0.7392108 0.5369713 0.2934343 0.7743894 0.560551 0.2360506 0.8463669 0.4774339 0.163581 0.8999047 0.4042435 0.4873427 0.6363648 0.5979439 0.5319673 0.5719264 0.6244285 0.5009142 0.5357607 0.6797392 0.5663391 0.5071778 0.6496389 0.5924382 0.445881 0.6709747 0.4417778 0.4705803 0.7637975 0.394444 0.5741002 0.7175116 0.3587342 0.6742654 0.6455044 0.283761 0.630719 0.7222695 0.2815905 0.5608504 0.7785586 0.1806514 0.623909 0.7603306 0.840558 0.192004 0.5065538 0.7378655 0.2836176 0.6124668 0.8151651 0.2794354 0.5073674 0.7102005 0.3612428 0.6042507 0.7835248 0.3638696 0.5036743 0.6782514 0.4357132 0.5917171 0.7461252 0.4445623 0.4956425 0.6422086 0.5067597 0.5751197 0.7025405 0.5220366 0.4836472 0.6015899 0.5748672 0.5546326 0.6523814 0.5963038 0.4677823 0.5564064 0.6398867 0.5300537 0.5813151 0.6812259 0.4449764 0.4678307 0.7890198 0.3982238 0.4944525 0.7136998 0.4961344 0.03234671 0.9827475 0.1821015 0.03234671 0.9827475 0.1821015 0.03234671 0.9827475 0.1821015 0.03234671 0.9827475 0.1821015 0.03234671 0.9827475 0.1821015 0.03234671 0.9827475 0.1821015 0.03234671 0.9827475 0.1821015 0.03234671 0.9827475 0.1821015 0.03234671 0.9827475 0.1821015 0.03234671 0.9827475 0.1821015 0.03234671 0.9827475 0.1821015 0.03234671 0.9827475 0.1821015 0.03234671 0.9827475 0.1821015 0.03234671 0.9827475 0.1821015 0.03234671 0.9827475 0.1821015 0.03234671 0.9827475 0.1821015 0.03234671 0.9827475 0.1821015 0.03234671 0.9827475 0.1821015 0.03234671 0.9827475 0.1821015 0.03234671 0.9827475 0.1821015 0.03234671 0.9827475 0.1821015 0.03234671 0.9827475 0.1821015 0.03234671 0.9827475 0.1821015 0.03234671 0.9827475 0.1821015 0.03234671 0.9827475 0.1821015 0.03234671 0.9827475 0.1821015 0.03234671 0.9827475 0.1821015 0.03234671 0.9827475 0.1821015 0.03234671 0.9827475 0.1821015 0.03234671 0.9827475 0.1821015 0.03234671 0.9827475 0.1821015 0.03234671 0.9827475 0.1821015 0.03234671 0.9827475 0.1821015 0.03234671 0.9827475 0.1821015 0.03234671 0.9827475 0.1821015 0.03234671 0.9827475 0.1821015 0.03234671 0.9827475 0.1821015 0.03234671 0.9827475 0.1821015 0.03234671 0.9827475 0.1821015 0.03234671 0.9827475 0.1821015 0.03234671 0.9827475 0.1821015 0.03234671 0.9827475 0.1821015 0.03234671 0.9827475 0.1821015 0.03234671 0.9827475 0.1821015 0.03234671 0.9827475 0.1821015 0.03234671 0.9827475 0.1821015 0.03234671 0.9827475 0.1821015 0.03234671 0.9827475 0.1821015 -0.8263656 0.5543534 -0.09905642 -0.8345216 0.5484721 -0.05245894 -0.826372 0.5543423 -0.09906574 -0.8270718 0.5532329 -0.09942653 -0.8263701 0.5543445 -0.09906859 -0.03193936 0.06858253 0.9971341 -0.01265806 0.1188375 0.992833 0.7951447 -0.5203371 0.3114389 0.8782967 -0.4271266 0.2148436 0.8568812 -0.3887629 0.3385528 0.9049525 -0.3896671 0.1709401 0.4588802 -0.3773652 0.8043783 0.4560882 -0.3937884 0.7980691 0.5953027 -0.4592903 0.6592929 0.7958471 -0.4957373 0.3476664 0.8737312 -0.4480031 0.1894388 0.7977605 -0.4782256 0.3672579 0.7914147 -0.5308819 0.30303 0.7726004 -0.5284626 0.3518749 -0.1033448 -0.1124026 0.988274 0.8117115 -0.4398903 0.3842146 -0.08785045 0.183028 0.9791747 -0.07941011 0.1914526 0.9782842 -0.02723783 0.1586604 0.9869574 -0.07716727 0.2089606 0.9748747 0.8019111 -0.4309025 0.4138377 0.8530367 -0.4138314 0.3179183 0.8846702 -0.4052893 0.2304327 -0.1065294 -0.1589082 0.9815292 0.1337526 -0.2814221 0.9502167 -0.07065577 -0.1900077 0.9792369 -0.1119229 -0.2079782 0.971709 -0.1064769 -0.2042431 0.9731122 0.1192915 -0.2903243 0.9494637 0.2322009 -0.3270163 0.9160475 0.1308574 -0.2617531 0.9562226 0.3104814 -0.3432221 0.8864536 -0.111367 -0.20755 0.9718644 0.002801262 -0.2525221 0.9675871 0.1173232 -0.2917549 0.9492704 0.5167085 -0.3948463 0.7596768 0.5172854 -0.393899 0.7597759 0.4750876 -0.3915785 0.7880089 0.591747 -0.4155167 0.6907832 0.6220806 -0.4254595 0.657267 0.6662776 -0.4252265 0.6125819 0.7425583 -0.4419844 0.5032465 0.743752 -0.4313506 0.5106562 0.8072309 -0.4313675 0.4028653 0.7460558 0.02598053 0.6653764 0.659028 0.01376956 0.7519923 0.7032494 -0.04343711 0.7096151 0.5835706 0.0721949 0.8088469 0.5502588 0.006140352 0.8349716 0.7515386 -0.1837598 0.6335788 0.8237115 -0.09261529 0.5593942 0.746887 0.02024256 0.6646428 0.8228877 -0.3582011 0.4410758 0.7789089 -0.3330502 0.531393 0.7446781 -0.4234113 0.5159238 0.7270554 -0.304761 0.6152327 0.6097263 -0.4168994 0.6741133 0.6343964 -0.3614704 0.6832864 0.494296 -0.281338 0.8225086 0.4720343 -0.3373057 0.8144989 0.5959904 -0.4517114 0.6638917 0.9017009 -0.1346207 0.4108683 0.875732 -0.06488827 0.4784172 0.8120858 -0.0400846 0.5821596 0.9507911 -0.08342147 0.2983908 0.919642 -0.06077433 0.3880272 0.8792867 -0.03748041 0.4748158 0.9510345 -0.08162793 0.2981113 0.9699158 -0.2195761 0.1051174 0.9412975 -0.2209998 0.2551824 0.9598353 -0.1798769 0.2153147 0.9015034 -0.2444474 0.3571234 0.8065801 -0.21129 0.5520735 0.8520893 -0.235695 0.467324 0.8443561 -0.4691376 0.2587907 0.7192039 -0.4770185 0.5051724 0.7058026 -0.5057848 0.4960085 0.7875777 -0.5382685 0.2999808 0.8288904 -0.5178622 0.2115643 0.1566421 0.1555949 0.9753222 0.156564 0.1556005 0.9753339 0.1912285 0.1071656 0.9756778 0.04174476 0.1929256 0.980325 -0.1767897 0.08034796 0.9809636 -0.05710055 -0.006402065 0.9983479 0.3782822 0.05660122 0.9239583 0.38476 0.1075553 0.9167288 0.2763121 0.153339 0.9487564 0.5778661 0.04959775 0.8146231 0.4893544 0.1049676 0.8657448 0.3846289 0.1075942 0.9167792 0.5192388 -0.08239677 0.8506479 0.6170821 -0.1229891 0.777228 0.6892058 -0.1548608 0.7078231 0.6659484 -0.2722118 0.6945599 0.5969325 -0.2367236 0.7665726 0.5014254 -0.1880018 0.8445282 0.3564674 -0.1164553 0.9270217 0.3707515 -0.0244276 0.9284108 0.1855141 0.04370011 0.9816694 -0.0526001 -0.09868246 0.9937278 -0.1946649 0.00321117 0.9808646 -0.1222028 -0.02549087 0.9921778 -0.09693194 -0.01107061 0.9952294 0.7309306 -0.4647168 0.4997787 0.7182345 -0.4880261 0.4959533 0.6124472 -0.4386398 0.65765 0.6027055 -0.4519535 0.6576353 0.4677743 -0.3945143 0.7909144 0.4606924 -0.3966183 0.7940129 0.3006726 -0.3252914 0.8965386 0.2980628 -0.3118969 0.9021524 0.1278767 -0.2167889 0.9678069 0.3019485 -0.2866246 0.9092158 0.1324655 -0.183614 0.9740322 0.3137039 -0.2428128 0.9179498 0.1415676 -0.1378506 0.9802835 0.1578639 -0.09041045 0.9833132 -0.04939399 0.0196263 0.9985865 -0.1070477 0.0755793 0.9913771 0.1285556 -0.2407116 0.9620454 0.3051775 -0.3347342 0.8915266 0.1749427 -0.0296855 0.984131 0.3340719 -0.1896385 0.9232731 0.341985 -0.3569044 0.8692902 0.3438584 -0.3553314 0.8691956 0.432705 -0.3776407 0.8186293 0.7077155 -0.5050228 0.4940554 -0.875379 0.4034687 0.2663169 -0.8229753 0.4286778 0.3727559 -0.845142 0.4395666 0.3041648 -0.8225688 0.4282634 0.374127 -0.7535334 0.4479875 0.4811389 -0.7488456 0.4784352 0.4586175 -0.785267 0.4797013 -0.3914618 -0.6572147 0.5791086 -0.4823921 -0.1668891 0.7501882 -0.6398169 -0.3408666 0.7173395 -0.6076463 -0.1354224 0.8013919 0.5826078 -0.1404754 0.8105727 0.5685407 -0.2484434 0.7891792 0.561669 0.04554713 0.751402 -0.6582709 0.02959238 0.8019464 -0.5966625 0.05412054 0.7780429 -0.6258755 0.1768636 0.7422016 -0.6464178 0.1580066 0.8383266 -0.5217686 0.1575281 0.8385039 -0.5216283 0.01735218 0.8486293 -0.5287033 0.03058684 0.8246456 -0.5648221 0.1672748 0.7912878 -0.5881181 0.004677036 0.8720451 -0.4894032 0.01085355 0.8967895 -0.4423242 0.1633011 0.8844894 -0.4370484 -0.05074734 0.9594513 -0.2772685 0.117278 0.9313317 -0.3447711 -0.02384011 0.940297 -0.3395191 0.05883515 0.9244916 -0.3766347 -0.1163518 0.9190247 -0.3766375 0.01002772 0.9778938 -0.2088614 -0.07375243 0.9773312 -0.1984548 0.01928913 0.9906058 -0.135381 -0.09451655 0.9950223 -0.03157828 -0.132227 0.9840056 -0.1193688 0.0194475 0.9906218 -0.1352414 -0.2041363 0.9775579 0.05204804 -0.150265 0.9795222 0.1340027 -0.1687973 0.9847075 0.04311048 0.05055412 0.9986426 -0.01253955 -0.1903229 0.9342727 0.3015157 -0.06469442 0.8582907 0.5090695 -0.06623274 0.8587551 0.5080874 -0.208676 0.8627646 0.460534 -0.09990133 0.9383679 0.3308858 -0.3315403 0.8039614 0.4936873 -0.2804792 0.6982628 0.6586049 -0.1783766 0.6680567 0.7224141 -0.2148044 0.7220722 0.6576251 -0.1985987 0.7607827 0.6178739 -0.2501322 0.6636202 0.7050122 -0.2906249 0.6224136 0.7267313 -0.2788036 0.6648953 0.6929523 -0.1848414 0.5260511 0.8301228 -0.1849208 0.5260715 0.8300922 -0.304367 0.5537875 0.7750356 -0.2683196 0.5828848 0.7669745 -0.1725569 0.5951263 0.7848878 -0.3186751 0.4874988 0.8128906 -0.9506964 0.2738886 -0.1454693 -0.9528057 0.2630273 -0.1515848 -0.940145 0.3383249 -0.04078707 -0.9527559 0.2626737 -0.1525079 -0.9442311 0.3274395 -0.03480064 -0.9536571 0.2645269 -0.1434006 -0.9482797 0.3161626 -0.02840596 -0.9541978 0.2587513 -0.1501809 -0.9514087 0.2651838 -0.156522 -0.9353059 0.3495933 -0.05465707 -0.944641 0.3059147 -0.1186153 -0.9282639 0.3652386 -0.07019183 -0.9493145 0.2697203 -0.1614094 -0.9472476 0.2786218 -0.1584039 -0.9198997 0.3819871 -0.0887149 -0.9466798 0.2763731 -0.1655755 -0.9127872 0.3921615 -0.1141439 -0.947063 0.2741109 -0.1671373 -0.8992189 0.4003261 -0.1764777 -0.9400937 0.2909413 -0.177699 -0.9061265 0.3976152 -0.14435 -0.9456205 0.2742323 -0.1749242 -0.9423725 0.2884683 -0.1694703 -0.8936475 0.3984675 -0.2064406 -0.9384305 0.2900966 -0.1875957 -0.9440417 0.2741281 -0.1834095 -0.9348802 0.2858902 -0.2103942 -0.9406765 0.2755238 -0.1980263 -0.8875155 0.3871704 -0.2498306 -0.9261696 0.311793 -0.2121204 -0.8883434 0.3959268 -0.2325681 -0.9239688 0.3223174 -0.2058957 -0.9423808 0.2748936 -0.1906619 -0.9410098 0.2716834 -0.2017143 -0.8878417 0.3763318 -0.2647857 -0.9377468 0.2768652 -0.2097058 -0.8843776 0.3719993 -0.2819447 -0.9393172 0.2717216 -0.2094053 -0.888346 0.3582906 -0.2871745 -0.9412261 0.2663902 -0.2076768 -0.9419774 0.332904 0.04305372 -0.9177966 0.3679178 0.1492844 -0.9121669 0.3854435 0.1392297 -0.9165941 0.3705693 0.1501123 -0.5071097 0.6590938 -0.5553694 -0.510076 0.6891272 -0.5147098 -0.6602723 0.6012181 -0.450086 -0.5154803 0.7197187 -0.4650646 -0.663705 0.6246535 -0.4114654 -0.5230946 0.7508661 -0.4032022 -0.6689776 0.6484322 -0.3633245 -0.5345903 0.779448 -0.3266099 -0.6771013 0.6702483 -0.3038108 -0.5511616 0.8015726 -0.2317372 -0.6890627 0.6871522 -0.2302485 -0.5729395 0.8108609 -0.1193521 -0.7054434 0.6941502 -0.143196 -0.5987238 0.8009541 -0.001530498 -0.7253795 0.6863852 -0.05196158 -0.6287541 0.7695014 0.1119638 -0.7487467 0.6618878 0.0358177 -0.6582654 0.7220123 0.2130374 -0.7719891 0.6253485 0.1138952 -0.6834144 0.6688071 0.2926462 -0.7919888 0.5847277 0.1756339 -0.7042498 0.6162335 0.3525459 -0.8091596 0.5441384 0.2217525 -0.7219551 0.5662775 0.3976312 -0.8236916 0.5056964 0.2565215 -0.7364647 0.5208841 0.4316243 -0.8355386 0.470931 0.2830181 -0.9533071 0.293202 -0.07237549 -0.9533054 0.293214 -0.07234893 -0.7863744 0.4939625 -0.3709668 -0.7884633 0.5095431 -0.3445163 -0.7913533 0.5257878 -0.311941 -0.7962328 0.5406451 -0.2715072 -0.8040314 0.5518195 -0.2214243 -0.8146906 0.5567155 -0.1623178 -0.8281065 0.5515271 -0.1002873 -0.8439085 0.5349502 -0.04057978 -0.8601456 0.5099036 0.01215926 -0.8743082 0.482378 0.05382048 -0.886445 0.4549554 0.08503472 -0.8967474 0.4290228 0.1085517 -0.9053383 0.405482 0.1262811 -0.4960076 0.459614 0.7367031 -0.4969397 0.4652539 0.7325229 -0.3898783 0.4506391 0.8030687 -0.2983334 0.4346066 0.8497731 -0.2978017 0.4374882 0.84848 -0.6749733 0.4635207 0.5740728 -0.6750946 0.4675463 0.5706555 -0.4899339 0.5084391 0.7081344 -0.5872208 0.4657679 0.6619909 -0.1737773 0.7898955 -0.5881042 -0.3459228 0.7521964 -0.5608369 -0.1827734 0.8324694 -0.5230569 -0.3533904 0.7891752 -0.5023124 -0.1951307 0.8758242 -0.441425 -0.3632321 0.8269282 -0.4292461 -0.2124883 0.9160896 -0.3400419 -0.3778853 0.8617135 -0.3386039 -0.2369069 0.9477669 -0.2135722 -0.3988807 0.8887148 -0.2260092 -0.2673983 0.961531 -0.06289868 -0.4253597 0.9003064 -0.09229056 -0.3029097 0.9482604 0.09512043 -0.4561281 0.8886197 0.04798137 -0.3421234 0.9064004 0.2477697 -0.4915584 0.8513442 0.1832574 -0.380427 0.841482 0.3836448 -0.5261055 0.7943389 0.3037082 -0.4116874 0.7682764 0.4901683 -0.5549658 0.7302671 0.3984005 -0.4372763 0.6959774 0.5695656 -0.5787178 0.6669167 0.4693696 -0.4584849 0.6276696 0.6291442 -0.5985722 0.6069567 0.5227952 -0.4754341 0.5657017 0.6737537 -0.6146438 0.5524766 0.5630121 -0.6286624 0.5016018 0.5942889 0.03234671 0.9827475 0.1821015 0.03234671 0.9827475 0.1821015 0.03234671 0.9827475 0.1821015 0.03234671 0.9827475 0.1821015 0.03234671 0.9827475 0.1821015 0.03234671 0.9827475 0.1821015 0.03234671 0.9827475 0.1821015 0.03234671 0.9827475 0.1821015 0.03234671 0.9827475 0.1821015 0.03234671 0.9827475 0.1821015 0.03234671 0.9827475 0.1821015 0.03234671 0.9827475 0.1821015 0.03234671 0.9827475 0.1821015 0.03234671 0.9827475 0.1821015 0.03234671 0.9827475 0.1821015 0.03234671 0.9827475 0.1821015 0.03234671 0.9827475 0.1821015 0.03234671 0.9827475 0.1821015 0.03234671 0.9827475 0.1821015 0.03234671 0.9827475 0.1821015 0.03234671 0.9827475 0.1821015 0.03234671 0.9827475 0.1821015 0.03234671 0.9827475 0.1821015 0.03234671 0.9827475 0.1821015 0.03234671 0.9827475 0.1821015 0.03234671 0.9827475 0.1821015 0.03234671 0.9827475 0.1821015 0.03234671 0.9827475 0.1821015 0.03234671 0.9827475 0.1821015 0.03234671 0.9827475 0.1821015 0.03234671 0.9827475 0.1821015 0.03234671 0.9827475 0.1821015 0.03234671 0.9827475 0.1821015 0.03234671 0.9827475 0.1821015 0.03234671 0.9827475 0.1821015 0.03234671 0.9827475 0.1821015 0.03234671 0.9827475 0.1821015 0.03234671 0.9827475 0.1821015 0.03234671 0.9827475 0.1821015 0.03234671 0.9827475 0.1821015 0.03234671 0.9827475 0.1821015 0.03234671 0.9827475 0.1821015 0.03234671 0.9827475 0.1821015 0.03234671 0.9827475 0.1821015 0.03234671 0.9827475 0.1821015 0.03234671 0.9827475 0.1821015 0.03234671 0.9827475 0.1821015 0.03234671 0.9827475 0.1821015 0.03234671 0.9827475 0.1821015 0.03234671 0.9827475 0.1821015 0.03234671 0.9827475 0.1821015 0.03234671 0.9827475 0.1821015 0.03234671 0.9827475 0.1821015 0.03234671 0.9827475 0.1821015 0.03234671 0.9827475 0.1821015 0.03234671 0.9827475 0.1821015 0.03234671 0.9827475 0.1821015 0.03234671 0.9827475 0.1821015 0.03234671 0.9827475 0.1821015 0.03234671 0.9827475 0.1821015 0.03234671 0.9827475 0.1821015 0.03234671 0.9827475 0.1821015 0.03234671 0.9827475 0.1821015 0.03234671 0.9827475 0.1821015 0.03234671 0.9827475 0.1821015 0.03234671 0.9827475 0.1821015 0.03234671 0.9827475 0.1821015 0.03234671 0.9827475 0.1821015 0.03234671 0.9827475 0.1821015 0.03234671 0.9827475 0.1821015 0.03234671 0.9827475 0.1821015 0.03234671 0.9827475 0.1821015 0.03234671 0.9827475 0.1821015 0.03234671 0.9827475 0.1821015 0.03234671 0.9827475 0.1821015 0.03234671 0.9827475 0.1821015 0.03234671 0.9827475 0.1821015 0.03234671 0.9827475 0.1821015 0.03234671 0.9827475 0.1821015 0.03234671 0.9827475 0.1821015 0.03234671 0.9827475 0.1821015 0.03234671 0.9827475 0.1821015 0.03234671 0.9827475 0.1821015 0.03234671 0.9827475 0.1821015 0.03234671 0.9827475 0.1821015 0.03234671 0.9827475 0.1821015 0.03234671 0.9827475 0.1821015 0.03234671 0.9827475 0.1821015 0.03234671 0.9827475 0.1821015 0.03234671 0.9827475 0.1821015 0.03234671 0.9827475 0.1821015 0.03234671 0.9827475 0.1821015 0.03234671 0.9827475 0.1821015 0.03234671 0.9827475 0.1821015 0.03234671 0.9827475 0.1821015 0.03234671 0.9827475 0.1821015 0.3508354 -0.3341 0.8748095 0.3826479 -0.3516462 0.8543568 0.8635164 -0.380115 0.3314394 -0.05486243 -0.2327623 0.970985 -0.1465949 -0.2009605 0.9685684 -0.1882943 -0.1860631 0.9643266 0.1563585 -0.2971687 0.9419356 0.5863564 -0.3837592 0.7133828 0.8099749 -0.413708 0.4156758 0.7539941 -0.4193037 0.5056454 0.6732288 -0.4049638 0.6186819 0.5993259 -0.3982212 0.6944266 0.7528798 -0.3926259 0.5282204 0.8126517 -0.4023771 0.4215328 0.854524 -0.3677423 0.3668166 0.7974933 -0.3758713 0.4719377 0.6435465 -0.3790046 0.6649838 0.5543581 -0.3707367 0.7451453 0.00909372 -0.2476735 0.9688009 -0.0306601 0.1830868 -0.9826185 -0.0306601 0.1830868 -0.9826185 -0.2881062 0.1836312 -0.9398268 -0.2881062 0.1836312 -0.9398268 -0.5260224 0.1716611 -0.8329664 -0.5260224 0.1716611 -0.8329664 -0.7280814 0.1479894 -0.6693255 -0.7280814 0.1479894 -0.6693255 -0.8804579 0.1142457 -0.4601541 -0.8804579 0.1142457 -0.4601541 -0.9558174 0.08367737 -0.2817999 -0.9558174 0.08367735 -0.2817998 -0.9031591 0.4044304 -0.1440129 -0.9031719 0.4044014 -0.1440141 -0.9031804 0.4043806 -0.1440187 -0.9031592 0.4044306 -0.1440118 -0.9031976 0.4043741 -0.1439296 -0.9031527 0.4044463 -0.1440082 -0.9030441 0.4046076 -0.1442364 -0.9031485 0.4044567 -0.1440056 -0.9031576 0.4044344 -0.1440108 -0.9031606 0.4044276 -0.1440111 -0.9031599 0.4044292 -0.1440113 -0.9031589 0.404432 -0.1440096 -0.9032649 0.4042586 -0.1438314 -0.90349 0.4038874 -0.1434603 -0.9031779 0.4044017 -0.1439755 -0.9031596 0.40443 -0.144011 -0.903154 0.4044439 -0.144007 -0.9031553 0.4044399 -0.1440098 -0.9031553 0.4044403 -0.144009 -0.9031511 0.4044446 -0.1440228 -0.9039289 0.4031616 -0.1427348 -0.9030842 0.4045604 -0.1441172 -0.9031519 0.404449 -0.1440058 -0.9031868 0.4043718 -0.1440033 -0.903163 0.4044186 -0.1440216 -0.9031598 0.4044277 -0.1440161 -0.9031652 0.4044159 -0.1440155 -0.9031677 0.4044096 -0.1440172 -0.9031627 0.4044219 -0.1440137 -0.9031464 0.4044551 -0.1440229 -0.9031232 0.4044995 -0.1440441 -0.9031517 0.4044498 -0.1440051 -0.9030593 0.40461 -0.1441343 -0.903073 0.4045857 -0.1441165 -0.9033714 0.4040884 -0.1436411 -0.9038064 0.4033828 -0.142886 -0.903105 0.4045164 -0.1441106 -0.9028898 0.4048587 -0.1444975 -0.9032181 0.4043393 -0.1438989 -0.9035248 0.4038014 -0.1434833 -0.9033383 0.4041181 -0.1437654 -0.9031693 0.4044099 -0.1440066 -0.903153 0.4044436 -0.1440138 -0.9031674 0.4044152 -0.1440035 -0.90318 0.404395 -0.1439812 -0.9031275 0.4044853 -0.1440568 -0.9030945 0.4045428 -0.1441019 -0.9031583 0.4044336 -0.1440088 -0.9031301 0.4044811 -0.1440527 -0.9032217 0.4043308 -0.1438997 -0.9031759 0.404405 -0.1439785 -0.9026845 0.40518 -0.1448789 -0.9031445 0.4044621 -0.1440154 -0.9031399 0.4044734 -0.1440126 -0.9032206 0.4042966 -0.1440027 -0.9031484 0.4044543 -0.1440129 -0.9032859 0.4042254 -0.1437928 -0.9031622 0.4044263 -0.1440048 -0.9031725 0.4044041 -0.1440027 -0.9031702 0.4044083 -0.1440052 0.9857842 -0.06142472 0.1563859 0.9558383 -0.08366556 0.2817324 0.9728925 -0.07270144 0.219533 0.9558383 -0.08366556 0.2817324 0.9857842 -0.06142472 0.1563859 0.9728925 -0.07270144 0.219533 0.9728925 -0.07270144 0.219533 0.9728925 -0.07270144 0.219533 0.4730338 0.1454464 -0.8689559 0.4730338 0.1454464 -0.8689559 0.6847449 0.1109306 -0.7202908 0.6847449 0.1109306 -0.7202908 0.8498287 0.06885443 -0.522542 0.8498287 0.06885443 -0.522542 0.9570374 0.02207357 -0.2891232 0.9570374 0.02207357 -0.2891232 0.9990083 -0.02621282 -0.03599119 0.9990083 -0.02621282 -0.03599119 -0.77959 -0.09137871 0.619588 -0.9081373 -0.0471939 0.416004 -0.9081373 -0.0471939 0.416004 -0.9826103 -0.002061856 0.1856684 -0.9826103 -0.002061856 0.1856684 -0.9985424 0.03965176 -0.03661753 -0.9985424 0.03965176 -0.03661753 -0.9816658 0.06548128 -0.1790095 -0.9816658 0.06548128 -0.1790095 -0.6007117 -0.1286294 0.78905 -0.6938623 -0.1090647 0.7118005 -0.7978126 -0.08435874 0.5969746 -0.3221293 -0.1761417 0.9301649 -0.3614726 -0.180252 0.9147933 -0.4568228 -0.1555998 0.8758434 -0.508084 -0.1414305 0.8496164 -0.5067543 -0.1416631 0.8503715 -0.5761981 -0.1307266 0.8067876 -0.6467764 -0.1178966 0.7535122 -0.6461102 -0.118024 0.7540636 -0.406705 -0.153135 0.9006335 0.8804802 -0.1142388 0.4601131 0.8804802 -0.1142388 0.4601131 0.72803 -0.1479977 0.6693796 0.72803 -0.1479977 0.6693796 0.5260224 -0.1716611 0.8329664 0.5260224 -0.1716611 0.8329664 0.2881781 -0.1836296 0.9398051 0.2881781 -0.1836296 0.9398051 0.03061294 -0.1830855 0.9826202 0.03061294 -0.1830855 0.9826202 -0.9728925 0.07270144 -0.219533 -0.9728925 0.07270144 -0.219533 -0.9728925 0.07270144 -0.219533 -0.9728925 0.07270144 -0.219533 -0.9728925 0.07270144 -0.219533 -0.9728925 0.07270144 -0.219533 -0.3935275 -0.0899263 0.914904 -0.4781476 -0.04447325 0.8771528 -0.5730125 0.01072458 0.8194765 -0.8507949 0.2202949 0.4770935 -0.8901675 0.2662041 0.36978 -0.9161365 0.3083029 0.2562093 -0.9279583 0.3451231 0.1406539 -0.9030163 0.4046634 -0.1442533 -0.8876943 0.4274425 -0.1711484 -0.9030192 0.404675 -0.144203 -0.8903862 0.4239195 -0.1658451 -0.903032 0.4046528 -0.1441848 -0.9030405 0.4046469 -0.1441485 -0.89019 0.4255514 -0.162689 -0.9031729 0.4043812 -0.1440645 -0.9031513 0.4044289 -0.1440658 -0.8989614 0.4089672 -0.1568892 -0.9031672 0.4043561 -0.1441706 -0.9031144 0.4044842 -0.1441421 -0.8926645 0.4163572 -0.1726175 -0.9030984 0.404503 -0.1441893 -0.890066 0.4202661 -0.1765191 -0.9030547 0.4045854 -0.144232 -0.8914956 0.4194956 -0.1710528 -0.903033 0.4046306 -0.144241 -0.9030392 0.4045966 -0.1442974 -0.9030222 0.4046417 -0.1442777 -0.8907022 0.4219573 -0.1691201 -0.8886875 0.4253753 -0.1711443 -0.9031485 0.404463 -0.143988 -0.903158 0.4044242 -0.1440369 -0.9031617 0.4044172 -0.1440334 -0.9031701 0.4043901 -0.144057 -0.9031506 0.404456 -0.1439946 -0.9031776 0.4043608 -0.1440926 -0.90316 0.4044344 -0.143996 -0.9031589 0.4044319 -0.1440101 -0.9031572 0.4044291 -0.1440281 -0.9031462 0.4044649 -0.1439971 -0.9031567 0.4044318 -0.1440239 -0.8389167 0.5442386 -0.004805895 -0.8430005 0.5306876 0.08786796 -0.372121 0.07416137 0.9252168 -0.3208157 0.0755205 0.944126 -0.5057479 0.174994 0.8447462 -0.6197088 0.2694856 0.737115 -0.8006772 0.4633394 0.3797798 -0.8250258 0.4988846 0.2654177 -0.8295573 0.4894711 0.2687987 -0.8400758 0.5227256 0.1450189 -0.8382068 0.5447054 0.02656135 -0.7631785 0.4227007 0.4887563 -0.7864533 0.4304815 0.4429186 -0.7375653 0.3989819 0.5448035 -0.7142468 0.3554875 0.6028931 -0.6800607 0.346662 0.6460208 -0.6472068 0.3184324 0.6926213 -0.5755137 0.261983 0.7746928 -0.4972275 0.2024088 0.8436797 -0.4109721 0.139833 0.90086 -0.75489 0.425427 0.4991523 -0.9124878 0.3724169 0.1693268 -0.7150917 0.3778972 0.5880796 -0.3000571 0.1544204 0.9413395 -0.6377772 0.429499 0.6393519 -0.308569 0.1006178 0.9458653 -0.5034105 0.4194557 0.7554037 -0.637707 0.3898217 0.664356 -0.1011408 0.24624 0.9639172 -0.1011979 0.246265 0.9639048 -0.28198 0.3063571 0.9091934 -0.2742323 0.391992 0.8781452 -0.108659 0.3629484 0.9254522 -0.2993735 0.3933968 0.8692609 -0.3067772 0.242358 0.9204077 -0.3219739 0.2275363 0.9189995 -0.1775057 0.1782248 0.9678469 -0.8647868 0.4886635 0.1155501 -0.8855654 0.4546064 0.0954307 -0.3047639 0.1800041 0.9352633 -0.8417334 0.5392325 0.02670542 -0.8376894 0.4826109 0.2556623 -0.8287386 0.4915663 0.2674973 -0.7904588 0.4377165 0.4284614 -0.5060216 0.3659288 0.7810494 -0.6351171 0.3586087 0.6841243 -0.506595 0.3208709 0.8002521 -0.6341178 0.3416342 0.6936719 -0.5084229 0.2937808 0.8094436 -0.6308097 0.3301182 0.7022116 -0.5074113 0.273786 0.8170526 -0.6267444 0.3201079 0.7104382 -0.5057574 0.2554361 0.8239914 -0.6221555 0.3120003 0.7180378 -0.5037508 0.2391939 0.8300732 -0.6166237 0.3062651 0.7252427 -0.5004749 0.2255297 0.8358596 -0.3501532 0.1400469 0.9261639 -0.1458196 0.08245912 0.9858687 -0.9446241 0.3281473 0.002142106 -0.8478497 0.405524 0.3416155 -0.9330516 0.3593134 0.01756552 -0.919973 0.3898024 0.04127758 -0.9095232 0.4137423 0.03981068 -0.8909325 0.4425513 0.1019195 -0.8562086 0.5003245 0.128772 -0.9033243 0.3846193 0.1899295 -0.8924 0.400692 0.2075286 -0.8827944 0.4167838 0.2167146 -0.8728352 0.4322943 0.2264518 -0.8619635 0.4486433 0.2360893 -0.8500238 0.4658724 0.2458099 -0.8420462 0.3998122 0.3620889 -0.8335869 0.3999318 0.3810347 -0.8266562 0.4050154 0.3906431 -0.8187138 0.4116561 0.4003086 -0.8099459 0.4194612 0.4099267 -0.800338 0.4285396 0.4193004 -0.7516036 0.4015292 0.5233224 -0.7459428 0.3855364 0.5430756 -0.7419409 0.3794039 0.5527897 -0.7363351 0.3768765 0.5619384 -0.7299445 0.3757377 0.570966 -0.7226699 0.3761305 0.5798914 0.06633846 0.4001845 -0.9140304 -0.09562388 0.4796818 -0.8722164 -0.2531624 0.5415423 -0.8016488 -0.7571428 0.5947291 -0.2702444 -0.6626578 0.6134059 -0.4296718 -0.5430942 0.6112206 -0.575724 -0.4027395 0.5859436 -0.7031863 -0.8127337 0.5647076 -0.14342 -0.8116004 0.5661949 -0.1439726 -0.826396 0.5543058 -0.09906968 -0.8264011 0.5542981 -0.09906967 -0.8263891 0.5543174 -0.09906188 -0.4718902 0.4169219 -0.7768499 -0.4768856 0.4310824 -0.7659948 -0.03473425 0.6732215 -0.7386246 -0.4563378 0.6080699 -0.6496205 -0.4576572 0.5881989 -0.6667622 -0.293703 0.5878082 -0.7538037 -0.4541979 0.6457796 -0.6137369 -0.4550979 0.6273003 -0.6319654 -0.292485 0.6361672 -0.7139635 -0.4534404 0.680389 -0.5757278 -0.4538159 0.663449 -0.5948836 -0.292765 0.6810772 -0.6711353 -0.4537324 0.7124415 -0.5353075 -0.4533719 0.6965819 -0.5560823 -0.2941582 0.7223365 -0.6258601 -0.3090515 0.3962519 -0.8645644 0.003229766 0.325596 -0.9455035 -0.0274075 0.4105613 -0.911421 -0.1293267 0.7488948 -0.649947 -0.7200468 0.5916393 -0.3626231 -0.7971189 0.4420297 -0.4113529 -0.8361936 0.4377454 -0.3303926 -0.8357782 0.4430375 -0.3243341 -0.8338603 0.4490876 -0.320932 -0.8319355 0.4550795 -0.3174682 -0.8279422 0.4676365 -0.3095607 -0.8293643 0.461409 -0.3150503 -0.8270726 0.4768559 -0.2975892 -0.827344 0.4729214 -0.3030631 -0.8241789 0.4831267 -0.2954957 -0.8229861 0.4886452 -0.289689 -0.8224925 0.493155 -0.2833799 -0.8219037 0.4976685 -0.2771287 -0.8225891 0.5000551 -0.2707251 -0.8204631 0.505564 -0.2669182 -0.8208456 0.5077631 -0.2615132 -0.5958745 0.6620223 -0.4545988 -0.2951903 0.7420846 -0.6018082 -0.06645536 0.7441586 -0.6646891 0.02939361 0.7512766 -0.6593326 -0.2948472 0.5625728 -0.772384 -0.4595468 0.5677431 -0.6829968 -0.2964548 0.5367207 -0.7899655 -0.1213951 0.567457 -0.8144052 -0.1216719 0.5380383 -0.8340928 -0.1222212 0.507916 -0.8526918 -0.1231254 0.4770641 -0.8702011 -0.05823364 0.5595617 -0.8267403 0.03413071 0.5069013 -0.8613282 -0.04999672 0.4932467 -0.8684515 -0.00749678 0.4556389 -0.8901331 -0.4732645 0.456355 -0.753499 -0.03498302 0.394123 -0.9183917 -0.1245411 0.445534 -0.8865602 -0.2979455 0.5101047 -0.8068591 -0.461726 0.546691 -0.6985256 -0.1261708 0.4132254 -0.9018457 -0.3000882 0.4828392 -0.8226867 -0.4639672 0.5250221 -0.7135028 -0.4696984 0.4798696 -0.7410186 -0.3055763 0.426165 -0.8514731 -0.1305874 0.3463343 -0.9289777 -0.03399341 0.2969295 -0.9542942 -0.2933003 0.7021466 -0.6488182 -0.292307 0.6590857 -0.6929377 -0.2927341 0.6123417 -0.7344007 -0.1253573 0.7019148 -0.7011427 -0.1274045 0.725873 -0.6759264 -0.05323058 0.690939 -0.7209506 -0.005363229 0.7234588 -0.6903467 -0.02277489 0.6287317 -0.7772887 -0.1226963 0.6510721 -0.7490332 -0.1239359 0.6770185 -0.7254557 0.02244126 0.5580844 -0.8294807 -0.1214734 0.5961968 -0.7935953 -0.1219745 0.6241295 -0.7717412 -0.05258884 0.6192199 -0.7834546 -0.7316958 0.4447562 -0.5165397 -0.6554129 0.4432711 -0.6115102 -0.742564 0.4522524 -0.4940308 -0.6234447 0.4501347 -0.6392929 -0.7399068 0.4643062 -0.4867829 -0.6191042 0.4687853 -0.63004 -0.7370971 0.4764693 -0.4792337 -0.6157155 0.4867558 -0.6196477 -0.734505 0.4882402 -0.4713002 -0.6127704 0.5041825 -0.608533 -0.7321366 0.4996407 -0.4629634 -0.6100036 0.5210847 -0.5969643 -0.7299431 0.5107023 -0.4542756 -0.6073172 0.5375217 -0.5850096 -0.7279231 0.521429 -0.4452412 -0.6051306 0.5534734 -0.5722622 -0.7261999 0.5317524 -0.4357443 -0.6029515 0.5689374 -0.5592492 -0.7245542 0.5417788 -0.4260246 -0.6013843 0.5838816 -0.5453616 -0.722995 0.5515096 -0.4160713 -0.5998901 0.5983601 -0.5311282 -0.721838 0.5607323 -0.4056219 -0.5985116 0.6122722 -0.51663 -0.7206565 0.5696169 -0.3952099 -0.5973923 0.6255782 -0.5017712 -0.7198875 0.5779761 -0.3843249 -0.5967037 0.638236 -0.486415 -0.7191997 0.5859771 -0.3733398 -0.5962776 0.6502887 -0.4707203 -0.4666508 0.5027759 -0.7276355 -0.3028165 0.4549069 -0.8374735 -0.1281714 0.3801589 -0.9159974 -0.05707539 0.3234859 -0.9445101 0.2289845 0.170064 -0.9584593 0.2289845 0.170064 -0.9584593 0.2289845 0.170064 -0.9584593 0.2289845 0.170064 -0.9584593 0.2289845 0.170064 -0.9584593 0.2289845 0.170064 -0.9584593 0.2289845 0.170064 -0.9584593 0.2289845 0.170064 -0.9584593 0.2289845 0.170064 -0.9584593 0.2289845 0.170064 -0.9584593 0.2289845 0.170064 -0.9584593 0.2289845 0.170064 -0.9584593 0.2290996 0.170086 -0.958428 0.2292015 0.1701704 -0.9583886 0.2289845 0.170064 -0.9584593 0.2289845 0.170064 -0.9584593 0.2289845 0.170064 -0.9584593 0.2289845 0.170064 -0.9584593 0.2289845 0.170064 -0.9584593 0.2289845 0.170064 -0.9584593 0.2289845 0.170064 -0.9584593 0.2289845 0.170064 -0.9584593 0.2292349 0.1699645 -0.9584171 0.2292322 0.1700494 -0.9584027 0.2666529 0.155956 -0.9510909 0.2291572 0.1700079 -0.958428 0.2289845 0.170064 -0.9584593 0.2289845 0.170064 -0.9584593 0.2289845 0.170064 -0.9584593 0.2289845 0.170064 -0.9584593 0.2289845 0.170064 -0.9584593 0.2289845 0.170064 -0.9584593 0.2289845 0.170064 -0.9584593 -0.2289845 -0.170064 0.9584593 -0.2289845 -0.170064 0.9584593 -0.2289845 -0.170064 0.9584593 -0.2289845 -0.170064 0.9584593 -0.2289845 -0.170064 0.9584593 -0.2289845 -0.170064 0.9584593 -0.2289845 -0.170064 0.9584593 -0.2289845 -0.170064 0.9584593 -0.2289845 -0.170064 0.9584593 -0.2289845 -0.170064 0.9584593 -0.2289845 -0.170064 0.9584593 -0.2289845 -0.170064 0.9584593 -0.2289845 -0.170064 0.9584593 -0.2289845 -0.170064 0.9584593 -0.2289845 -0.170064 0.9584593 -0.2288798 -0.1700859 0.9584805 -0.228729 -0.1703843 0.9584635 -0.2287653 -0.1700489 0.9585144 -0.2288329 -0.1699868 0.9585093 -0.2289845 -0.170064 0.9584593 -0.9824676 -0.04236001 0.1815572 -0.9580276 -0.06914242 0.2782128 -0.9635144 -0.07275872 0.2575773 -0.966037 -0.0387395 0.2554835 -0.9800002 -0.02136924 0.1978461 -0.8919923 -0.04488792 0.4498165 -0.9203444 -0.06907186 0.3849614 -0.929389 -0.08517758 0.359139 -0.9267245 -0.087595 0.3653887 -0.9363391 -0.07998558 0.3418646 -0.9523216 -0.06564455 0.2979503 -0.8168895 -0.1641319 0.5529486 -0.8428302 -0.1277036 0.5228088 -0.85412 -0.1039834 0.5095747 -0.8465504 -0.09469685 0.5238176 -0.8724921 -0.06165356 0.484723 -0.8275782 -0.1614548 0.5376307 -0.8702378 0.4452251 -0.2108574 -0.8285214 0.4852443 -0.2794462 -0.8344765 0.4701961 -0.2873405 -0.8767379 0.4287298 -0.2179939 -0.8377032 0.4574137 -0.2983724 0.05905004 0.5204235 -0.8518641 0.6429601 0.378434 -0.6658754 0.1031901 0.6750337 -0.7305349 -0.04799544 0.7535137 -0.6556779 0.09658957 0.8281237 -0.5521609 0.0186419 0.8430359 -0.5375341 0.03142005 0.8738236 -0.4852268 0.04377278 0.8694277 -0.4921173 -0.0004349503 0.8913053 -0.4534034 -0.0420637 0.8188471 -0.5724684 0.05807072 0.596168 -0.8007568 0.06782417 0.4213492 -0.9043588 0.1288702 0.3759476 -0.917636 -0.1238681 0.4852187 -0.8655747 -0.09380996 0.4411986 -0.8924928 0.008068008 0.4104464 -0.911849 -0.3478798 0.5212529 -0.7792785 -0.3197956 0.4948297 -0.8080064 -0.4251517 0.5060919 -0.7504112 -0.5520618 0.5270994 -0.6460603 -0.5206288 0.5107344 -0.6841754 -0.6893568 0.501179 -0.5230744 -0.7224101 0.5040989 -0.4732948 -0.6260586 0.5073855 -0.5921238 -0.5354564 0.510271 -0.6729858 -0.8234946 0.4629099 -0.3279802 -0.8235937 0.4594987 -0.3324973 -0.7664489 0.4800383 -0.4267544 -0.8261097 0.4970966 -0.2654011 -0.8585963 0.4694445 -0.2059959 -0.8219319 0.5097436 -0.2541443 -0.8681968 0.4555071 -0.1968442 -0.8392374 0.4921404 -0.2312538 -0.6766286 0.6439403 -0.357092 -0.705502 0.621382 -0.3408099 -0.5010892 0.7452644 -0.4398757 -0.4866331 0.7423723 -0.4605123 -0.6540083 0.6711776 -0.3489896 -0.7056353 0.6213036 -0.3406767 -0.2563527 0.8190772 -0.513221 -0.3379871 0.803052 -0.4907873 -0.2618267 0.8019049 -0.5370245 -0.5007912 0.745391 -0.4400004 -0.0460684 0.8336178 -0.5504172 -0.1138469 0.8349992 -0.5383448 -0.1817216 0.8341107 -0.5208038 -0.2241858 0.8293112 -0.5118434 -0.2313479 0.8227153 -0.5192473 -0.6846809 0.6208011 -0.3818613 -0.4936377 0.7095771 -0.5028142 -0.2733501 0.7564946 -0.5941343 -0.6922341 0.5940156 -0.4098261 -0.5054 0.6679507 -0.5462716 -0.2885374 0.702502 -0.6505667 -0.06763208 0.6971541 -0.7137241 -0.7013547 0.56485 -0.4347943 -0.519476 0.6226903 -0.5851508 -0.3066511 0.6437724 -0.7010864 -0.07600678 0.6273435 -0.7750246 -0.7118441 0.5336726 -0.4565867 -0.5357893 0.5742491 -0.6190055 -0.3277918 0.5809148 -0.745044 -0.1004646 0.5531885 -0.826976 0.9927058 -0.1202541 0.00861201 0.9469821 0.1310888 -0.2933268 0.8627543 0.2558408 -0.4361198 0.8650408 0.2918993 -0.4080431 0.976587 -0.1925565 0.09591545 0.4151584 0.3895914 -0.8221083 0.2709632 0.6714221 -0.6897618 0.393432 0.6449351 -0.655187 0.4110842 0.6045908 -0.6822607 0.2781549 0.7541066 -0.5949396 0.357681 0.7426127 -0.5662072 0.3983986 0.7197482 -0.5685429 0.2360835 0.7662227 -0.5976348 0.2755482 0.7532285 -0.5972604 0.3361244 0.7262709 -0.5996256 0.3835322 0.6905536 -0.61322 0.268954 0.6740576 -0.6879753 0.3254718 0.6863987 -0.6503268 0.2458903 0.7256595 -0.6426167 0.2543019 0.5855168 -0.7697406 0.3944308 0.5486386 -0.7371703 0.4123302 0.5720876 -0.7090131 0.315641 0.6372969 -0.7030102 0.4034606 0.4917221 -0.7716404 0.2774912 0.5351394 -0.7978875 0.2991252 0.4871955 -0.8204661 0.4094988 0.4411167 -0.798578 0.3296698 0.3699883 -0.8685773 0.4168925 0.3388797 -0.8434223 0.3487237 0.3164473 -0.8821864 0.9766039 -0.1917203 0.09740745 0.9980021 0.01580156 -0.06117276 0.9894239 -0.1335021 0.05672281 0.9913233 -0.1229719 0.04643279 0.9536002 0.2157913 -0.209954 0.9956658 0.04707797 -0.0802072 0.8566823 0.3820561 -0.3465957 0.9551213 0.2136811 -0.2051431 0.9433069 0.2574955 -0.2094474 0.7317816 0.5155929 -0.4457125 0.7817685 0.4655441 -0.4148574 0.869279 0.3730072 -0.3243758 0.8341974 0.4338814 -0.3403846 0.5869594 0.6263495 -0.5129961 0.6294682 0.5845693 -0.5119068 0.7435047 0.5145278 -0.4271556 0.701267 0.5655831 -0.433982 0.434869 0.7101241 -0.5537262 0.4738006 0.6777624 -0.5622732 0.5850512 0.6318351 -0.5084285 0.5557171 0.6660588 -0.4975382 0.5865972 0.5988178 -0.5452715 0.5883567 0.560881 -0.5824508 0.588488 0.5194285 -0.6195772 0.5903956 0.4662006 -0.6588551 0.5905433 0.4119889 -0.6939191 0.8603086 0.2191784 -0.4602498 0.9444437 0.1061898 -0.3110465 0.9885532 -0.01017623 -0.1505289 0.9923988 -0.1226194 0.01045028 0.9902037 0.002093301 -0.1396148 0.9496821 0.155382 -0.2719565 0.9518351 0.175306 -0.2515508 0.8671084 0.3207406 -0.3811148 0.9533689 0.1945166 -0.2307619 0.8682337 0.3478145 -0.3538296 0.9944918 0.03452398 -0.09896505 0.9933353 0.02417032 -0.1126974 0.9919766 0.01382984 -0.1256628 0.9919294 -0.1256269 0.01714469 0.9913934 -0.1257192 0.03652076 0.9916248 -0.1258186 0.02915186 0.9915117 -0.127617 0.02487033 0.9357091 0.03011454 -0.3514849 0.8878987 0.07690832 -0.4535648 0.9384641 0.04719549 -0.3421369 0.854182 0.1322996 -0.5028617 0.9700506 -0.01895539 -0.242162 0.9848682 -0.03779044 -0.1691346 0.9700741 -0.01951092 -0.242024 0.9890878 -0.06705069 -0.1311855 0.9928253 -0.1194894 0.004494074 0.9934065 -0.1137299 -0.01445873 0.9869235 -0.1466131 0.06698225 0.9932416 -0.1150494 -0.01532288 0.9403441 0.06537206 -0.3338855 0.9859707 -0.02935441 -0.1643169 0.5667812 0.2494663 -0.7851915 0.5690539 0.2669662 -0.7777575 0.5884904 0.2823205 -0.7576109 0.4603813 0.285187 -0.8406649 0.3481621 0.3159199 -0.8825972 0.6648907 0.2270826 -0.7115854 0.7358939 0.2118605 -0.6430982 0.7504944 0.1680103 -0.639164 0.8875846 0.07677792 -0.4542012 0.824787 0.1237609 -0.5517333 0.7503875 0.1679717 -0.6392997 0.5894213 0.3213693 -0.7411507 0.5900323 0.3645643 -0.7203851 0.7372934 0.2451132 -0.6295379 0.7390242 0.2818139 -0.6119021 0.8559271 0.1587068 -0.4921392 0.7439672 0.4845346 -0.4601511 0.7441781 0.4509165 -0.4928218 0.7427295 0.414981 -0.5254937 0.7420905 0.3690397 -0.5595636 0.7406617 0.3223745 -0.589487 0.8580571 0.1873407 -0.4781647 0.9423094 0.0845749 -0.3238829 0.9871848 -0.02037021 -0.1582757 0.9928429 -0.1192571 0.006385699 0.952097 -0.3047741 -0.02498022 0.9355362 -0.3530289 0.01193839 0.8928367 -0.2057268 -0.4006484 0.9191049 -0.2614091 -0.2948075 0.938321 -0.2444201 -0.244566 0.9250161 -0.2457475 -0.2897469 0.9368268 -0.3010386 -0.1781331 0.9467315 -0.3170927 -0.05614033 0.9475117 -0.3151504 -0.05386823 0.7235777 -0.07163257 -0.6865159 0.7892756 -0.1260571 -0.6009605 0.7447211 -0.07432494 -0.6632241 0.8432958 -0.1716419 -0.5093047 0.8678236 -0.1652267 -0.468596 0.8446224 -0.1749313 -0.5059764 0.7195097 -0.07956199 -0.68991 0.5759415 0.02111983 -0.8172181 0.6389291 -0.02750937 -0.7687736 0.3943107 0.1057293 -0.9128748 0.3466927 0.1311795 -0.9287605 0.3485938 0.127456 -0.9285674 0.451287 0.07305115 -0.8893838 0.5476549 0.02526189 -0.8363229 0.549915 0.02770844 -0.8347609 0.3075499 0.1419551 -0.9408835 0.338242 0.1292553 -0.9321402 0.5241032 0.05116279 -0.8501166 0.5203101 0.05287777 -0.8523387 0.4710103 0.0795044 -0.8785376 0.3939327 0.1124762 -0.9122314 0.3885343 0.1088436 -0.9149831 0.6271677 0.002508953 -0.7788802 0.6797231 -0.02469491 -0.733053 0.896644 -0.1714693 -0.4082006 0.8124684 -0.1038137 -0.573688 0.7725671 -0.07794661 -0.6301305 0.6759799 -0.02267518 -0.7365711 0.918846 -0.1958111 -0.3426078 0.9585118 -0.2843765 -0.0196236 0.9576147 -0.286941 -0.02527801 0.9591505 -0.2633319 -0.1033761 0.9274706 -0.1905467 -0.321699 0.9191956 -0.1965743 -0.3412303 0.9588939 -0.2830398 -0.02027441 0.5648419 0.2318137 -0.7919697 0.569639 0.2299452 -0.7890733 0.6611511 0.1943604 -0.72464 0.993069 -0.1165061 -0.01550359 0.9745771 -0.1724838 0.1429994 0.8787653 -0.4772394 -0.003755213 0.8990804 -0.4212695 -0.1191069 0.2368358 0.309574 -0.9209086 0.3409455 0.2673098 -0.9012778 0.2213451 0.2723654 -0.9363885 0.3594676 0.1887371 -0.9138716 0.415249 0.3871249 -0.8232269 0.420103 0.4284356 -0.7999728 0.9321658 -0.3561726 -0.06486861 0.9239635 -0.3753757 -0.0733794 0.9184735 -0.3908475 0.06037099 0.3328106 0.5103287 -0.7929702 0.3371457 0.4996965 -0.7978948 0.4014075 0.474407 -0.7834603 0.3880512 0.2783714 -0.878593 0.4023997 0.3018311 -0.8642757 0.271266 0.4267515 -0.862727 0.5605924 0.1341362 -0.8171559 0.5563928 0.1012334 -0.8247295 0.6919634 0.002634158 -0.7219278 0.6873164 -0.02299481 -0.7259941 0.7933453 -0.1291035 -0.5949249 0.7892918 -0.1461329 -0.5963754 0.8896752 -0.01906997 -0.4561955 0.8347419 0.05873952 -0.5474994 0.8455401 0.1579677 -0.510008 0.7347334 0.1645308 -0.6581006 0.7410258 0.2509985 -0.6228005 0.5906653 0.2791157 -0.7571056 0.5933302 0.3469499 -0.7263505 0.5672761 0.1777626 -0.8041134 0.7020742 0.0450996 -0.7106742 0.8058422 -0.09026362 -0.58521 0.5616698 0.4495293 -0.6945866 0.5909384 0.4044193 -0.6980235 0.4589885 0.4796224 -0.7478582 0.3424557 0.5177761 -0.7839847 0.8960039 -0.1673422 -0.4113071 0.8254821 -0.03610508 -0.5632723 0.7186121 0.09581082 -0.6887793 0.5796446 0.2227174 -0.7838425 0.3905173 0.3573198 -0.8484214 0.8574504 0.2391065 -0.4556389 0.9444779 0.1348897 -0.2996103 0.9030178 0.08880747 -0.4203238 0.9394315 0.03072481 -0.3413568 0.9226094 -0.08144383 -0.3770395 0.7422034 0.3281768 -0.5843236 0.9260136 -0.2887359 -0.2431673 0.9567417 -0.2003128 -0.2109976 0.9584315 -0.2568083 -0.1243326 0.9806325 -0.08280137 -0.1774932 0.9860421 -0.1369891 -0.09463066 0.9821359 -0.1878006 0.0118317 0.945194 -0.2440716 0.2168809 0.9732789 -0.19741 0.1172919 0.9541391 -0.2779514 0.1111831 0.8772216 -0.4735757 0.07879268 0.9434699 -0.3304518 -0.02580828 0.9901016 0.03135451 -0.1368057 0.9819898 0.1236158 -0.1428816 0.9981672 0.03472004 -0.04956543 0.9979989 -0.06272365 0.008000114 0.8412152 -0.5198654 0.1486506 0.9010959 -0.4334607 -0.01174762 0.878065 -0.4385693 0.1914649 0.8121568 0.306963 -0.4961603 0.8699288 0.2667902 -0.4147853 0.9169004 0.2176597 -0.3345414 0.9525945 0.1913727 -0.2365167 0.9538827 0.1842467 -0.2369829 0.9448515 -0.1421978 -0.2950178 0.9650037 -0.0258872 -0.2609553 0.8904552 -0.4520337 -0.05248915 0.8803058 -0.464861 -0.09468854 0.8863547 -0.4547383 -0.08711115 0.8781648 -0.2355978 -0.4163174 0.8828143 -0.2319284 -0.4084705 0.9333144 -0.3529328 -0.06605078 0.9198319 -0.3109177 -0.2392476 0.9128563 -0.2784682 -0.2985779 0.9182806 -0.3770996 -0.1206505 0.9098736 -0.3317231 -0.2491781 0.3291032 0.1553469 -0.9314281 0.451495 0.07934729 -0.8887386 0.5587946 0.03391654 -0.8286123 0.6936944 -0.05959844 -0.7177995 0.5486638 0.0243272 -0.835689 0.8010298 -0.1503956 -0.5794242 0.7182643 -0.08593221 -0.6904434 0.3737165 0.19771 -0.9062266 0.5571967 0.05499141 -0.8285576 0.5562597 0.07672853 -0.8274587 0.6907381 -0.04856378 -0.7214724 0.6881322 -0.03769488 -0.7246056 0.7966805 -0.1502338 -0.5854314 0.7918413 -0.1507006 -0.5918418 0.8633849 -0.2583091 -0.4334086 0.8581277 -0.2639182 -0.4404134 0.8898188 -0.3696216 -0.2675862 0.8601905 -0.2555752 -0.4413089 0.8889807 -0.3697513 -0.2701802 0.8735708 -0.2217389 -0.4332505 0.9020255 -0.3418249 -0.2636393 0.898638 -0.3539536 -0.2591653 0.87113 -0.246565 -0.4246625 0.9880707 -0.0675557 0.138393 0.9375208 -0.2107919 0.2768059 0.9895035 -0.05083352 0.1352727 0.9988385 0.003350948 0.04806688 0.5618602 0.4494197 -0.6945035 0.6596367 0.4274271 -0.6182115 0.75327 0.3509552 -0.5562506 0.7490418 0.3416127 -0.5676593 0.2927633 0.6628306 -0.6891627 0.2432789 0.8260198 -0.5084355 0.2427522 0.9676351 -0.06894682 0.2049165 0.9763859 0.06840863 0.1628002 0.8470192 0.5060183 -0.0005746946 0.8302738 0.5573555 -0.02320761 0.7206213 0.6929404 -0.02014977 0.6182218 0.7857454 0.2060426 0.5836008 0.7854658 -0.01896078 0.5168717 0.8558529 -0.05985671 0.3526209 0.9338499 -0.1080033 0.2748303 0.9554076 0.1408006 0.2359778 0.9615039 0.9656404 -0.05821278 0.2532782 0.9682314 -0.05921152 0.2429444 0.9402863 -0.00890072 0.3402681 0.967414 -0.05213547 0.2477741 0.9692934 -0.05697172 0.2392165 0.9463822 0.01686412 0.3226085 0.9677129 -0.04504537 0.2479972 0.9703575 -0.0550641 0.2353174 0.9507001 0.03029659 0.3086282 0.9700408 -0.03615481 0.2402367 0.9724432 -0.04734218 0.2282824 0.9603898 0.05827957 0.2724976 0.9787093 -0.05764884 0.1969893 0.9941155 0.005552831 0.108183 0.9798149 -0.05268243 0.1928401 0.9934595 0.01264081 0.1134831 0.9781558 -0.05648016 0.2000533 0.9912256 0.03579664 0.1272415 0.9788041 -0.0488658 0.1988837 0.9780374 -0.05349318 0.201448 0.9886937 0.04264052 0.1437585 0.9772172 -0.05208788 0.2057509 0.9796539 -0.04135243 0.1963882 0.9857128 0.05206136 0.1601873 0.9765215 -0.05075624 0.2093549 0.9792397 -0.0365684 0.19938 0.98186 0.06030509 0.1797614 0.9757205 -0.04936465 0.213384 0.9780736 -0.03502459 0.2052931 0.9732667 -0.03932312 0.2262864 0.9744551 -0.0392665 0.2211231 0.9716701 0.07223531 0.2250317 0.9747442 -0.04674114 0.218378 0.9714492 -0.05141987 0.2316084 0.9681631 -0.06304771 0.2422503 0.96818 -0.06702357 0.2411129 0.938481 -0.035607 0.3434902 0.9939177 0.104863 -0.03363533 0.9963685 0.08201245 -0.02288729 0.9614503 0.2047579 -0.1835415 0.89583 0.2987644 -0.3289809 0.9137107 0.2690678 -0.3045247 0.7978689 0.3844278 -0.4643495 0.8671785 0.3180212 -0.3832284 0.8114785 0.3612998 -0.4593093 0.7461166 0.4011894 -0.5313727 0.7454125 0.4020322 -0.5317239 0.6739304 0.4554329 -0.5817205 0.5614292 0.4820944 -0.6725936 0.5317809 0.5101407 -0.6759923 0.5596592 0.4799139 -0.6756214 0.4544249 0.5085873 -0.7313255 0.2378965 0.5704333 -0.7861369 0.3413556 0.5293176 -0.7767234 0.8831687 -0.008700119 0.4689747 0.8671534 0.01584626 0.4977891 0.7649784 0.06693977 0.6405679 0.8212073 0.02210168 0.5702018 0.5844249 0.1083512 0.8041813 0.6354381 0.1163503 0.7633355 0.6721256 0.08263383 0.7358117 0.4816488 0.1624213 0.8611816 0.3147941 0.2026318 0.9272783 0.3903966 0.1540626 0.9076647 0.3904356 0.1543626 0.907597 0.1612341 0.1949809 0.9674637 0.1613112 0.1949685 0.9674533 -0.03381944 0.2241372 0.9739706 -0.07268526 0.2215328 0.9724403 -0.01278868 0.4366413 0.8995448 0.1509818 0.3085725 0.9391419 0.6422039 0.1653266 0.7484927 0.4904333 0.2220626 0.8427119 0.5019205 0.2924806 0.81396 0.3371592 0.3504811 0.8737772 0.3537565 0.437259 0.8268379 0.1835811 0.4896695 0.8523625 0.3239353 0.2703704 0.9066233 0.1652387 0.3955758 0.9034467 -0.1942048 0.6132311 0.765658 -0.1870596 0.6036482 0.7749952 0.1582559 0.6637067 0.7310599 0.2333109 0.6778135 0.6972337 0.3747908 0.5236585 0.7650579 0.5164422 0.368832 0.7728198 0.6515518 0.2234654 0.7249438 0.7702519 0.1034114 0.6292997 0.03477957 0.9145908 0.4028821 0.2655617 0.7681462 0.5826049 0.4001329 0.6102365 0.6837435 0.5349617 0.4446632 0.7183945 0.6635743 0.2864938 0.6910792 0.7772147 0.1473949 0.6117288 0.8701814 0.0391554 0.4911733 -0.1146354 0.9825464 0.1464967 0.09815846 0.968162 0.2302763 -0.1156511 0.9825327 0.1457886 0.3011398 0.8424518 0.4467547 0.4293822 0.6936448 0.5783492 0.5572935 0.5205175 0.6469046 0.6787572 0.3490778 0.6460908 0.7862049 0.195141 0.5863462 0.8746648 0.06770938 0.479976 0.9390895 -0.02310751 0.342895 0.9648089 -0.06045381 0.2559085 0.3397846 0.8938379 0.2925752 0.4619998 0.762317 0.4532428 0.582772 0.5940093 0.5545536 0.6969514 0.41166 0.5871924 0.7977312 0.2423185 0.5521836 0.8804568 0.09877162 0.4637241 0.955978 0.2369641 0.1730724 0.9769822 0.0670679 0.2025036 0.9765292 -0.03584082 0.212382 0.2349692 0.9451497 -0.2268956 0.4151481 0.9090296 -0.03629311 0.3789854 0.9167061 0.1265704 0.5339027 0.8305941 0.1583079 0.4978649 0.8095114 0.3111621 0.6429403 0.6959713 0.3197682 0.6113925 0.6545689 0.4446783 0.7417096 0.5225156 0.4205286 0.7181252 0.4722827 0.5111216 0.8272886 0.335588 0.4505267 0.8113284 0.2896333 0.507798 0.8966098 0.1600953 0.4128684 0.8878553 0.1293835 0.4415574 0.9423325 0.004002584 0.3346541 0.9680966 -0.05881034 0.2435783 0.9187456 0.3899171 0.06221905 0.9663691 0.2253432 0.1239002 0.8562188 0.5086608 -0.09029706 0.9318315 0.3628707 -0.00386751 0.9748361 0.2076515 0.08108904 0.9068989 0.1901951 0.3759791 0.8451365 0.3737757 0.3821465 0.7675939 0.5568312 0.3173934 0.6743976 0.7147032 0.1854377 0.5670866 0.8236169 0.008245476 0.4466648 0.8750264 -0.1865996 0.2384345 0.8924812 -0.3829181 0.7664883 0.5861815 -0.2624631 0.8697221 0.4658538 -0.1629837 0.9419493 0.3305673 -0.05879525 0.9813966 0.1864976 0.04560012 0.4724178 0.8220514 -0.3178883 0.5961961 0.7922097 -0.1302074 0.7036514 0.7085229 0.05357312 0.7936566 0.5722253 0.2065606 0.8647231 0.3996928 0.3041375 0.9186031 0.2150027 0.3315753 0.9555782 0.04456897 0.2913486 0.9690199 -0.04085891 0.2435797 0.6524224 0.6211248 -0.4342223 0.7790176 0.5300843 -0.3348764 0.8800842 0.41942 -0.2225729 0.9497072 0.2954467 -0.1037661 0.9863869 0.1636049 0.01656452 0.228918 0.750206 -0.6203124 0.9312828 0.23195 0.280912 0.8844922 0.4112457 0.220342 0.8179026 0.5670024 0.09769197 0.729392 0.6807055 -0.06802496 0.61986 0.7434416 -0.2511335 0.492394 0.758431 -0.4270019 0.5192386 0.6183505 -0.589944 0.6629658 0.5557222 -0.5016466 0.7881742 0.4727018 -0.3941249 0.887615 0.3721194 -0.2714162 0.9554546 0.2595645 -0.1404736 0.9900887 0.1402643 -0.007093649 0.9924496 0.02341795 0.1203966 0.9800634 -0.04889911 0.1925739 0.5077492 0.6893477 -0.5167113 0.6383298 0.6847741 -0.3515956 0.7501747 0.6378628 -0.1742669 0.8389703 0.5441706 -0.00268558 0.9027326 0.4074515 0.1380472 0.944095 0.2395285 0.2265186 0.9654201 0.06789733 0.2517022 0.9723991 -0.04476404 0.2289896 0.3194257 0.5870801 -0.7438442 0.5266533 0.5558645 -0.643157 0.6697629 0.4981604 -0.550685 0.7941823 0.4221253 -0.4371323 0.8927422 0.3301723 -0.3065903 0.9593329 0.2277346 -0.1667854 0.9925512 0.119466 -0.023874 -0.9603481 0.2003508 -0.1938844 -0.9603476 0.2003533 -0.1938841 -0.9603495 0.2003354 -0.1938932 -0.9603471 0.2003546 -0.1938854 -0.9603475 0.2003515 -0.1938867 -0.9603471 0.2003534 -0.1938863 -0.9603479 0.200351 -0.1938852 -0.960346 0.2003596 -0.1938854 -0.9603469 0.2003545 -0.1938861 -0.9603462 0.2003567 -0.1938874 -0.9603475 0.2003502 -0.1938876 0.9614756 -0.1933496 0.1953986 0.961535 -0.192962 0.1954896 0.9615806 -0.1926974 0.1955259 0.9615333 -0.1929844 0.1954758 0.9615362 -0.1929661 0.1954793 0.9615365 -0.1929679 0.1954764 0.9615378 -0.1929433 0.1954943 0.9615288 -0.1930122 0.1954704 0.9615507 -0.1928839 0.1954893 -0.2289845 -0.170064 0.9584593 -0.2289845 -0.170064 0.9584593 -0.2289845 -0.170064 0.9584593 -0.2289845 -0.170064 0.9584593 -0.2289845 -0.170064 0.9584593 -0.2289845 -0.170064 0.9584593 -0.2289845 -0.170064 0.9584593 -0.2289845 -0.170064 0.9584593 -0.2289845 -0.170064 0.9584593 -0.2289845 -0.170064 0.9584593 -0.2289845 -0.170064 0.9584593 -0.2289845 -0.170064 0.9584593 -0.2289845 -0.170064 0.9584593 -0.2289845 -0.170064 0.9584593 -0.2289845 -0.170064 0.9584593 -0.2289845 -0.170064 0.9584593 -0.2289845 -0.170064 0.9584593 -0.2289845 -0.170064 0.9584593 -0.2289845 -0.170064 0.9584593 -0.2289845 -0.170064 0.9584593 -0.2289845 -0.170064 0.9584593 -0.2289845 -0.170064 0.9584593 -0.2289845 -0.170064 0.9584593 -0.2289845 -0.170064 0.9584593 -0.2289845 -0.170064 0.9584593 0.2289845 0.170064 -0.9584593 0.2289845 0.170064 -0.9584593 0.2289845 0.170064 -0.9584593 0.2289845 0.170064 -0.9584593 0.2289845 0.170064 -0.9584593 0.2289845 0.170064 -0.9584593 0.2289845 0.170064 -0.9584593 -0.2289845 -0.170064 0.9584593 -0.2289845 -0.170064 0.9584593 -0.2289845 -0.170064 0.9584593 -0.2289845 -0.170064 0.9584593 -0.2289845 -0.170064 0.9584593 -0.2289845 -0.170064 0.9584593 -0.2289845 -0.170064 0.9584593 -0.2289845 -0.170064 0.9584593 -0.2289845 -0.170064 0.9584593 -0.2289845 -0.170064 0.9584593 -0.2289845 -0.170064 0.9584593 -0.2289845 -0.170064 0.9584593 -0.2289845 -0.170064 0.9584593 -0.2289845 -0.170064 0.9584593 -0.2289845 -0.170064 0.9584593 -0.2289845 -0.170064 0.9584593 -0.2289845 -0.170064 0.9584593 -0.2289845 -0.170064 0.9584593 -0.2289845 -0.170064 0.9584593 -0.2289845 -0.170064 0.9584593 -0.2289845 -0.170064 0.9584593 -0.2289845 -0.170064 0.9584593 -0.2289845 -0.170064 0.9584593 -0.2289845 -0.170064 0.9584593 -0.2289845 -0.170064 0.9584593 -0.2289845 -0.170064 0.9584593 -0.2289845 -0.170064 0.9584593 -0.2289845 -0.170064 0.9584593 -0.2289845 -0.170064 0.9584593 0.2109516 0.1002956 -0.9723375 0.211192 0.1001862 -0.9722966 0.2887341 0.06413021 -0.9552591 0.2945597 0.0613595 -0.9536612 0.1528479 -0.5118952 -0.8453407 0.1485288 -0.5307853 -0.8343897 0.1490329 -0.5288558 -0.8355242 0.1488397 -0.5297011 -0.835023 0.148663 -0.5305677 -0.8345042 0.1495237 -0.5276821 -0.8361784 0.1481829 -0.5317744 -0.8338212 0.1488271 -0.5293341 -0.835258 -0.9524728 0.242276 -0.1846563 -0.952452 0.2423033 -0.1847275 -0.9524637 0.2422574 -0.1847274 -0.9524858 0.2422552 -0.1846165 -0.9525355 0.2422714 -0.1843383 -0.9524957 0.2422649 -0.1845527 -0.9524894 0.2422453 -0.1846106 -0.9525038 0.2422386 -0.1845452 -0.9524993 0.2422563 -0.1845453 -0.9525002 0.242247 -0.1845529 -0.9524974 0.2421829 -0.1846512 -0.9525017 0.2421538 -0.1846671 -0.9525059 0.2422084 -0.184574 -0.9525089 0.2422704 -0.1844773 -0.9524336 0.2437587 -0.1828986 -0.9524172 0.2423335 -0.1848675 -0.9524134 0.2423441 -0.1848729 -0.9525035 0.242235 -0.1845518 -0.9525037 0.2422306 -0.1845563 -0.9524794 0.2422831 -0.1846129 -0.9524942 0.2422512 -0.1845785 -0.952509 0.2421989 -0.1845709 -0.9527455 0.2415169 -0.1842435 -0.952703 0.2416236 -0.184323 -0.952488 0.2422473 -0.1846152 0.1580418 0.9640852 0.213454 0.1580418 0.9640852 0.213454 0.1580418 0.9640852 0.213454 -0.03234671 -0.9827475 -0.1821015 -0.03234671 -0.9827475 -0.1821015 -0.03234671 -0.9827475 -0.1821015 -0.03234671 -0.9827475 -0.1821015 -0.03234671 -0.9827475 -0.1821015 -0.03234671 -0.9827475 -0.1821015 -0.03234671 -0.9827475 -0.1821015 -0.03234671 -0.9827475 -0.1821015 -0.03234671 -0.9827475 -0.1821015 -0.03234671 -0.9827475 -0.1821015 -0.03234671 -0.9827475 -0.1821015 -0.03234671 -0.9827475 -0.1821015 -0.03234671 -0.9827475 -0.1821015 -0.03234671 -0.9827475 -0.1821015 -0.03234671 -0.9827475 -0.1821015 -0.03234671 -0.9827475 -0.1821015 -0.03234671 -0.9827475 -0.1821015 -0.03234671 -0.9827475 -0.1821015 -0.03234671 -0.9827475 -0.1821015 -0.03234671 -0.9827475 -0.1821015 -0.03234671 -0.9827475 -0.1821015 -0.03234671 -0.9827475 -0.1821015 -0.03234671 -0.9827475 -0.1821015 -0.03234671 -0.9827475 -0.1821015 -0.03234671 -0.9827475 -0.1821015 -0.03234671 -0.9827475 -0.1821015 -0.03234671 -0.9827475 -0.1821015 -0.03234671 -0.9827475 -0.1821015 -0.03234671 -0.9827475 -0.1821015 -0.03234671 -0.9827475 -0.1821015 -0.03234671 -0.9827475 -0.1821015 -0.03234671 -0.9827475 -0.1821015 -0.03234671 -0.9827475 -0.1821015 -0.03234671 -0.9827475 -0.1821015 -0.03234671 -0.9827475 -0.1821015 -0.03234671 -0.9827475 -0.1821015 -0.03234671 -0.9827475 -0.1821015 -0.03234671 -0.9827475 -0.1821015 -0.03234671 -0.9827475 -0.1821015 -0.03234671 -0.9827475 -0.1821015 -0.03234671 -0.9827475 -0.1821015 -0.03234671 -0.9827475 -0.1821015 -0.03234671 -0.9827475 -0.1821015 -0.03234671 -0.9827475 -0.1821015 -0.03234671 -0.9827475 -0.1821015 -0.03234671 -0.9827475 -0.1821015 -0.03234671 -0.9827475 -0.1821015 -0.03234671 -0.9827475 -0.1821015 -0.03234671 -0.9827475 -0.1821015 -0.03234671 -0.9827475 -0.1821015 -0.03234671 -0.9827475 -0.1821015 -0.03234671 -0.9827475 -0.1821015 -0.03234671 -0.9827475 -0.1821015 -0.03234671 -0.9827475 -0.1821015 -0.03234671 -0.9827475 -0.1821015 -0.03234671 -0.9827475 -0.1821015 -0.03234671 -0.9827475 -0.1821015 -0.03234671 -0.9827475 -0.1821015 -0.03234671 -0.9827475 -0.1821015 -0.03234671 -0.9827475 -0.1821015 -0.03234671 -0.9827475 -0.1821015 -0.03234671 -0.9827475 -0.1821015 -0.03234671 -0.9827475 -0.1821015 -0.03234671 -0.9827475 -0.1821015 -0.03234671 -0.9827475 -0.1821015 -0.03234671 -0.9827475 -0.1821015 -0.03234671 -0.9827475 -0.1821015 -0.03234671 -0.9827475 -0.1821015 -0.03234671 -0.9827475 -0.1821015 -0.03234671 -0.9827475 -0.1821015 -0.03234671 -0.9827475 -0.1821015 -0.03234671 -0.9827475 -0.1821015 -0.03234671 -0.9827475 -0.1821015 -0.03234671 -0.9827475 -0.1821015 -0.03234671 -0.9827475 -0.1821015 -0.03234671 -0.9827475 -0.1821015 -0.03234671 -0.9827475 -0.1821015 -0.03234671 -0.9827475 -0.1821015 -0.03234671 -0.9827475 -0.1821015 -0.03234671 -0.9827475 -0.1821015 -0.03234671 -0.9827475 -0.1821015 -0.03234671 -0.9827475 -0.1821015 -0.03234671 -0.9827475 -0.1821015 -0.03234671 -0.9827475 -0.1821015 -0.03234671 -0.9827475 -0.1821015 -0.03234671 -0.9827475 -0.1821015 -0.03234671 -0.9827475 -0.1821015 -0.03234671 -0.9827475 -0.1821015 -0.03234671 -0.9827475 -0.1821015 -0.03234671 -0.9827475 -0.1821015 -0.03234671 -0.9827475 -0.1821015 -0.03234671 -0.9827475 -0.1821015 -0.03234671 -0.9827475 -0.1821015 -0.03234671 -0.9827475 -0.1821015 -0.03234671 -0.9827475 -0.1821015 -0.03234671 -0.9827475 -0.1821015 -0.03234671 -0.9827475 -0.1821015 -0.03234671 -0.9827475 -0.1821015 -0.03234671 -0.9827475 -0.1821015 -0.03234671 -0.9827475 -0.1821015 -0.03234671 -0.9827475 -0.1821015 -0.03234671 -0.9827475 -0.1821015 -0.03234671 -0.9827475 -0.1821015 -0.03234671 -0.9827475 -0.1821015 -0.03234671 -0.9827475 -0.1821015 -0.03234671 -0.9827475 -0.1821015 -0.03234671 -0.9827475 -0.1821015 -0.03234671 -0.9827475 -0.1821015 -0.03234671 -0.9827475 -0.1821015 -0.03234671 -0.9827475 -0.1821015 -0.03234671 -0.9827475 -0.1821015 -0.03234671 -0.9827475 -0.1821015 -0.03234671 -0.9827475 -0.1821015 -0.03234671 -0.9827475 -0.1821015 -0.03234671 -0.9827475 -0.1821015 -0.03234671 -0.9827475 -0.1821015 -0.03234671 -0.9827475 -0.1821015 -0.03234671 -0.9827475 -0.1821015 -0.03234671 -0.9827475 -0.1821015 -0.03234671 -0.9827475 -0.1821015 -0.03234671 -0.9827475 -0.1821015 -0.03234671 -0.9827475 -0.1821015 -0.03234671 -0.9827475 -0.1821015 -0.03234671 -0.9827475 -0.1821015 -0.03234671 -0.9827475 -0.1821015 -0.03234671 -0.9827475 -0.1821015 -0.03234671 -0.9827475 -0.1821015 -0.03234671 -0.9827475 -0.1821015 -0.03234671 -0.9827475 -0.1821015</float_array>
          <technique_common>
            <accessor count="5806" source="#normals-array-array" stride="3">
              <param type="float" name="X"/>
              <param type="float" name="Y"/>
              <param type="float" name="Z"/>
            </accessor>
          </technique_common>
        </source>
        <vertices id="verts-array-vertices">
          <input semantic="POSITION" source="#verts-array"/>
        </vertices>
        <triangles count="8250" material="material0">
          <input offset="0" semantic="VERTEX" source="#verts-array-vertices"/>
          <input offset="1" semantic="NORMAL" source="#normals-array"/>
          <p>0 0 1 1 2 2 3 3 4 4 5 5 6 6 5 5 4 4 5 5 6 6 7 7 8 8 9 9 10 10 11 11 10 10 9 9 10 10 11 11 3 3 12 12 3 3 11 11 3 3 12 12 4 4 13 13 14 14 15 15 13 13 15 15 16 16 17 17 16 16 15 15 16 16 17 17 18 18 19 19 18 18 17 17 18 18 19 19 8 8 20 20 8 8 19 19 8 8 20 20 9 9 21 21 22 22 23 23 24 24 23 23 22 22 23 23 24 24 25 25 26 26 25 25 24 24 25 25 26 26 13 13 27 27 13 13 26 26 13 13 27 27 14 14 28 28 29 29 21 21 30 30 21 21 29 29 21 21 30 30 22 22 31 31 32 32 33 33 34 34 33 33 32 32 33 33 34 34 28 28 35 35 28 28 34 34 28 28 35 35 29 29 36 36 37 37 38 38 39 39 38 38 37 37 38 38 39 39 40 40 41 41 40 40 39 39 40 40 41 41 31 31 42 42 31 31 41 41 31 31 42 42 32 32 43 43 44 44 45 45 46 46 45 45 44 44 45 45 46 46 47 47 48 48 47 47 46 46 47 47 48 48 49 49 50 50 49 49 48 48 49 49 50 50 51 51 52 52 51 51 50 50 51 51 52 52 53 53 54 54 53 53 52 52 53 53 54 54 55 55 56 56 55 55 54 54 55 55 56 56 57 57 58 58 57 57 56 56 57 57 58 58 59 59 60 60 59 59 58 58 59 59 60 60 61 61 62 62 61 61 60 60 61 61 62 62 63 63 64 64 63 63 62 62 63 63 64 64 36 36 65 65 36 36 64 64 36 36 65 65 37 37 66 66 67 67 68 68 69 69 68 68 67 67 68 68 69 69 70 70 71 71 70 70 69 69 70 70 71 71 72 72 73 73 72 72 71 71 72 72 73 73 74 74 75 75 74 74 73 73 74 74 75 75 76 76 77 77 76 76 75 75 76 76 77 77 78 78 79 79 78 78 77 77 78 78 79 79 80 80 81 81 80 80 79 79 80 80 81 81 43 43 82 82 43 43 81 81 43 43 82 82 44 44 83 83 84 84 85 85 86 86 85 85 84 84 85 85 86 86 66 66 87 87 66 66 86 86 66 66 87 87 67 67 88 88 89 89 83 83 90 90 83 83 89 89 83 83 90 90 84 84 91 91 92 92 93 93 93 93 94 94 91 91 95 95 91 91 94 94 91 91 95 95 96 96 97 97 96 96 95 95 96 96 97 97 88 88 98 98 88 88 97 97 88 88 98 98 89 89 99 99 100 100 101 101 101 101 102 102 99 99 103 103 99 99 102 102 99 99 103 103 104 104 105 105 104 104 103 103 104 104 105 105 92 92 106 106 92 92 105 105 92 92 106 106 93 93 107 107 108 108 109 109 110 110 109 109 108 108 109 109 110 110 100 100 111 111 100 100 110 110 100 100 111 111 101 101 112 112 113 113 114 114 115 115 114 114 113 113 114 114 115 115 116 116 117 117 116 116 115 115 116 116 117 117 107 107 118 118 107 107 117 117 107 107 118 118 108 108 119 119 120 120 121 121 122 122 121 121 120 120 121 121 122 122 112 112 123 123 112 112 122 122 112 112 123 123 113 113 124 124 125 125 119 119 126 126 119 119 125 125 119 119 126 126 120 120 127 127 128 128 129 129 130 130 129 129 128 128 129 129 130 130 124 124 131 131 124 124 130 130 124 124 131 131 125 125 6 6 132 132 7 7 133 133 7 7 132 132 7 7 133 133 134 134 135 135 134 134 133 133 134 134 135 135 136 136 135 135 137 137 136 136 138 138 136 136 137 137 136 136 138 138 139 139 140 140 139 139 138 138 139 139 140 140 2 2 141 141 2 2 140 140 2 2 141 141 0 0 142 142 143 143 144 144 145 145 144 144 143 143 144 144 145 145 146 146 142 142 147 147 143 143 148 148 143 143 147 147 143 143 148 148 149 149 150 150 149 149 148 148 149 149 150 150 151 151 152 152 151 151 150 150 151 151 152 152 153 153 154 154 153 153 152 152 153 153 154 154 155 155 156 156 155 155 154 154 155 155 156 156 157 157 158 158 157 157 156 156 157 157 158 158 159 159 160 160 161 161 162 162 163 163 164 164 165 165 166 166 167 167 168 168 148 148 147 147 163 163 142 142 163 163 147 147 142 142 144 144 163 163 169 169 163 163 144 144 163 163 169 169 164 164 170 170 171 171 172 172 173 173 172 172 171 171 174 174 175 175 176 176 177 177 176 176 175 175 176 176 177 177 178 178 179 179 178 178 177 177 178 178 179 179 180 180 181 181 180 180 179 179 180 180 181 181 173 173 182 182 173 173 181 181 173 173 182 182 172 172 183 183 158 158 184 184 156 156 184 184 158 158 185 185 186 186 187 187 188 188 189 189 190 190 191 191 192 192 193 193 194 194 193 193 192 192 193 193 194 194 195 195 196 196 195 195 194 194 195 195 196 196 197 197 168 168 198 198 166 166 199 199 166 166 198 198 166 166 199 199 191 191 200 200 191 191 199 199 191 191 200 200 192 192 161 161 167 167 162 162 166 166 162 162 167 167 162 162 166 166 201 201 191 191 201 201 166 166 201 201 191 191 202 202 193 193 202 202 191 191 202 202 193 193 203 203 195 195 203 203 193 193 203 203 195 195 188 188 197 197 188 188 195 195 188 188 197 197 189 189 154 154 152 152 204 204 150 150 204 204 152 152 150 150 148 148 204 204 163 163 204 204 148 148 204 204 163 163 205 205 165 165 205 205 163 163 205 205 165 165 206 206 156 156 154 154 184 184 204 204 184 184 154 154 184 184 204 204 207 207 205 205 207 207 204 204 207 207 205 205 208 208 206 206 208 208 205 205 208 208 206 206 174 174 174 174 176 176 208 208 209 209 208 208 176 176 208 208 209 209 207 207 185 185 207 207 209 209 207 207 185 185 184 184 187 187 184 184 185 185 184 184 187 187 183 183 171 171 160 160 173 173 162 162 173 173 160 160 173 173 162 162 180 180 201 201 180 180 162 162 180 180 201 201 178 178 202 202 178 178 201 201 178 178 202 202 176 176 203 203 176 176 202 202 176 176 203 203 209 209 188 188 209 209 203 203 209 209 188 188 185 185 190 190 185 185 188 188 185 185 190 190 186 186 210 210 211 211 212 212 213 213 214 214 215 215 216 216 215 215 214 214 215 215 216 216 217 217 218 218 217 217 216 216 217 217 218 218 219 219 212 212 220 220 213 213 221 221 213 213 220 220 213 213 221 221 214 214 222 222 223 223 212 212 224 224 212 212 223 223 212 212 224 224 220 220 225 225 226 226 227 227 228 228 227 227 226 226 211 211 229 229 212 212 230 230 212 212 229 229 212 212 230 230 231 231 232 232 233 233 234 234 235 235 234 234 233 233 234 234 235 235 228 228 236 236 228 228 235 235 228 228 236 236 227 227 231 231 237 237 212 212 238 238 212 212 237 237 212 212 238 238 222 222 225 225 239 239 226 226 240 240 226 226 239 239 226 226 240 240 241 241 242 242 243 243 244 244 245 245 246 246 247 247 248 248 247 247 246 246 247 247 248 248 249 249 250 250 251 251 249 249 252 252 247 247 253 253 254 254 253 253 247 247 253 253 254 254 212 212 255 255 212 212 254 254 212 212 255 255 210 210 256 256 257 257 220 220 258 258 220 220 257 257 220 220 258 258 234 234 259 259 234 234 258 258 234 234 259 259 232 232 241 241 260 260 226 226 261 261 226 226 260 260 226 226 261 261 247 247 262 262 247 247 261 261 247 247 262 262 245 245 256 256 220 220 263 263 224 224 263 263 220 220 263 263 224 224 264 264 265 265 264 264 224 224 264 264 265 265 243 243 266 266 243 243 265 265 243 243 266 266 244 244 251 251 267 267 249 249 268 268 249 249 267 267 249 249 268 268 269 269 242 242 244 244 249 249 270 270 249 249 244 244 249 249 270 270 250 250 269 269 271 271 249 249 272 272 249 249 271 271 249 249 272 272 247 247 273 273 247 247 272 272 247 247 273 273 254 254 274 274 275 275 276 276 277 277 278 278 276 276 279 279 276 276 278 278 276 276 279 279 274 274 280 280 281 281 282 282 283 283 284 284 282 282 285 285 282 282 284 284 282 282 285 285 280 280 281 281 286 286 282 282 287 287 282 282 286 286 282 282 287 287 288 288 289 289 288 288 287 287 288 288 289 289 290 290 291 291 292 292 293 293 294 294 293 293 292 292 289 289 295 295 290 290 296 296 290 290 295 295 290 290 296 296 297 297 298 298 299 299 293 293 300 300 293 293 299 299 293 293 300 300 291 291 297 297 296 296 293 293 301 301 293 293 296 296 293 293 301 301 298 298 302 302 303 303 291 291 304 304 291 291 303 303 291 291 304 304 292 292 302 302 305 305 303 303 306 306 303 303 305 305 303 303 306 306 307 307 307 307 308 308 303 303 309 309 303 303 308 308 303 303 309 309 310 310 311 311 312 312 313 313 314 314 315 315 316 316 317 317 316 316 315 315 316 316 317 317 318 318 318 318 319 319 316 316 320 320 316 316 319 319 316 316 320 320 321 321 322 322 321 321 320 320 323 323 324 324 322 322 325 325 322 322 324 324 322 322 325 325 321 321 326 326 327 327 324 324 328 328 324 324 327 327 324 324 328 328 329 329 330 330 329 329 328 328 329 329 330 330 331 331 332 332 331 331 330 330 331 331 332 332 313 313 333 333 313 313 332 332 313 313 333 333 311 311 334 334 326 326 335 335 324 324 335 335 326 326 335 335 324 324 336 336 323 323 336 336 324 324 337 337 338 338 339 339 340 340 341 341 342 342 340 340 342 342 343 343 337 337 343 343 342 342 343 343 337 337 344 344 344 344 337 337 345 345 339 339 345 345 337 337 345 345 339 339 333 333 346 346 333 333 339 339 333 333 346 346 311 311 347 347 311 311 346 346 311 311 347 347 312 312 348 348 349 349 350 350 351 351 350 350 349 349 350 350 351 351 352 352 353 353 354 354 355 355 348 348 355 355 354 354 355 355 348 348 356 356 350 350 356 356 348 348 356 356 350 350 357 357 355 355 358 358 353 353 359 359 353 353 358 358 353 353 359 359 360 360 361 361 360 360 359 359 360 360 361 361 362 362 362 362 363 363 360 360 364 364 360 360 363 363 360 360 364 364 365 365 366 366 367 367 368 368 369 369 368 368 367 367 368 368 369 369 370 370 371 371 370 370 369 369 370 370 371 371 372 372 373 373 374 374 368 368 375 375 368 368 374 374 368 368 375 375 366 366 376 376 377 377 373 373 378 378 373 373 377 377 373 373 378 378 374 374 379 379 380 380 381 381 382 382 381 381 380 380 381 381 382 382 376 376 383 383 376 376 382 382 376 376 383 383 377 377 384 384 385 385 386 386 387 387 386 386 385 385 388 388 389 389 390 390 391 391 392 392 386 386 390 390 384 384 388 388 386 386 388 388 384 384 388 388 386 386 393 393 392 392 393 393 386 386 394 394 395 395 396 396 397 397 398 398 396 396 399 399 396 396 398 398 396 396 399 399 394 394 342 342 400 400 337 337 401 401 337 337 400 400 337 337 401 401 338 338 402 402 338 338 401 401 338 338 402 402 403 403 404 404 347 347 405 405 346 346 405 405 347 347 405 405 346 346 406 406 339 339 406 406 346 346 406 406 339 339 407 407 338 338 407 407 339 339 407 407 338 338 397 397 403 403 397 397 338 338 397 397 403 403 398 398 396 396 408 408 397 397 409 409 397 397 408 408 397 397 409 409 407 407 357 357 407 407 409 409 407 407 357 357 406 406 350 350 406 406 357 357 406 406 350 350 405 405 352 352 405 405 350 350 405 405 352 352 404 404 410 410 391 391 411 411 386 386 411 411 391 391 411 411 386 386 412 412 413 413 410 410 414 414 411 411 414 414 410 410 414 414 411 411 415 415 412 412 415 415 411 411 415 415 412 412 416 416 417 417 416 416 412 412 416 416 417 417 418 418 419 419 418 418 417 417 418 418 419 419 420 420 387 387 379 379 386 386 381 381 386 386 379 379 386 386 381 381 412 412 376 376 412 412 381 381 412 412 376 376 417 417 373 373 417 417 376 376 417 417 373 373 419 419 368 368 419 419 373 373 419 419 368 368 420 420 370 370 420 420 368 368 372 372 358 358 370 370 355 355 370 370 358 358 370 370 355 355 420 420 356 356 420 420 355 355 420 420 356 356 418 418 357 357 418 418 356 356 418 418 357 357 416 416 409 409 416 416 357 357 416 416 409 409 415 415 408 408 415 415 409 409 415 415 408 408 414 414 396 396 414 414 408 408 414 414 396 396 413 413 395 395 413 413 396 396 421 421 422 422 423 423 421 421 423 423 424 424 425 425 424 424 423 423 424 424 425 425 426 426 425 425 427 427 426 426 428 428 426 426 427 427 426 426 428 428 429 429 430 430 429 429 428 428 429 429 430 430 431 431 431 431 430 430 432 432 433 433 432 432 430 430 432 432 433 433 434 434 433 433 435 435 434 434 436 436 434 434 435 435 434 434 436 436 437 437 438 438 437 437 436 436 437 437 438 438 439 439 440 440 439 439 438 438 439 439 440 440 441 441 442 442 441 441 440 440 441 441 442 442 443 443 442 442 444 444 443 443 445 445 443 443 444 444 443 443 445 445 446 446 445 445 447 447 446 446 448 448 446 446 447 447 446 446 448 448 449 449 450 450 449 449 448 448 449 449 450 450 451 451 452 452 451 451 450 450 451 451 452 452 453 453 454 454 453 453 452 452 453 453 454 454 455 455 456 456 455 455 454 454 455 455 456 456 457 457 458 458 457 457 456 456 457 457 458 458 459 459 460 460 459 459 458 458 458 458 461 461 460 460 462 462 460 460 461 461 460 460 462 462 463 463 462 462 464 464 463 463 465 465 463 463 464 464 463 463 465 465 466 466 467 467 466 466 465 465 466 466 467 467 468 468 469 469 468 468 467 467 468 468 469 469 470 470 471 471 470 470 469 469 470 470 471 471 472 472 473 473 472 472 471 471 472 472 473 473 474 474 475 475 476 476 477 477 478 478 477 477 476 476 477 477 478 478 479 479 480 480 479 479 478 478 479 479 480 480 481 481 482 482 481 481 480 480 481 481 482 482 483 483 474 474 483 483 482 482 483 483 474 474 484 484 473 473 484 484 474 474 485 485 486 486 487 487 488 488 489 489 283 283 490 490 283 283 489 489 283 283 490 490 284 284 491 491 492 492 493 493 494 494 495 495 496 496 497 497 496 496 495 495 496 496 497 497 283 283 498 498 283 283 497 497 283 283 498 498 488 488 493 493 492 492 487 487 499 499 487 487 492 492 487 487 499 499 485 485 500 500 501 501 502 502 503 503 502 502 501 501 504 504 505 505 506 506 507 507 506 506 505 505 506 506 507 507 493 493 508 508 493 493 507 507 493 493 508 508 491 491 509 509 510 510 511 511 512 512 511 511 510 510 511 511 512 512 496 496 513 513 496 496 512 512 496 496 513 513 494 494 514 514 515 515 502 502 516 516 502 502 515 515 502 502 516 516 500 500 501 501 517 517 503 503 518 518 503 503 517 517 503 503 518 518 506 506 519 519 506 506 518 518 506 506 519 519 504 504 486 486 520 520 487 487 521 521 487 487 520 520 487 487 521 521 511 511 522 522 511 511 521 521 511 511 522 522 509 509 523 523 524 524 525 525 526 526 527 527 528 528 529 529 530 530 531 531 529 529 532 532 530 530 533 533 530 530 532 532 530 530 533 533 534 534 535 535 536 536 537 537 538 538 537 537 536 536 537 537 538 538 539 539 540 540 541 541 542 542 543 543 542 542 541 541 542 542 543 543 544 544 545 545 544 544 543 543 546 546 547 547 543 543 548 548 543 543 547 547 543 543 548 548 545 545 549 549 550 550 551 551 552 552 551 551 550 550 549 549 551 551 553 553 554 554 553 553 551 551 553 553 554 554 555 555 554 554 556 556 557 557 555 555 554 554 558 558 557 557 558 558 554 554 558 558 557 557 475 475 552 552 547 547 551 551 546 546 551 551 547 547 551 551 546 546 554 554 528 528 554 554 546 546 554 554 528 528 556 556 527 527 556 556 528 528 540 540 535 535 541 541 537 537 541 541 535 535 541 541 537 537 543 543 559 559 543 543 537 537 543 543 559 559 546 546 560 560 546 546 559 559 546 546 560 560 528 528 525 525 528 528 560 560 528 528 525 525 526 526 524 524 526 526 525 525 539 539 529 529 537 537 531 531 537 537 529 529 537 537 531 531 559 559 561 561 559 559 531 531 559 559 561 561 560 560 562 562 560 560 561 561 560 560 562 562 525 525 563 563 525 525 562 562 525 525 563 563 523 523 334 334 523 523 563 563 564 564 565 565 566 566 567 567 568 568 569 569 570 570 571 571 572 572 573 573 574 574 575 575 576 576 577 577 578 578 579 579 580 580 581 581 582 582 583 583 584 584 585 585 586 586 587 587 588 588 589 589 590 590 591 591 592 592 593 593 594 594 595 595 596 596 597 597 598 598 599 599 600 600 601 601 602 602 603 603 604 604 605 605 606 606 607 607 608 608 609 609 610 610 611 611 612 612 613 613 614 614 615 615 614 614 613 613 614 614 615 615 616 616 617 617 618 618 615 615 619 619 615 615 618 618 615 615 619 619 616 616 620 620 621 621 617 617 622 622 617 617 621 621 617 617 622 622 618 618 623 623 624 624 625 625 626 626 625 625 624 624 625 625 626 626 620 620 627 627 620 620 626 626 620 620 627 627 621 621 628 628 629 629 630 630 631 631 632 632 633 633 634 634 633 633 632 632 635 635 636 636 637 637 638 638 637 637 636 636 639 639 640 640 641 641 642 642 641 641 640 640 643 643 644 644 637 637 645 645 637 637 644 644 637 637 645 645 635 635 646 646 635 635 645 645 635 635 646 646 647 647 609 609 611 611 648 648 606 606 608 608 649 649 650 650 649 649 608 608 649 649 650 650 651 651 604 604 652 652 605 605 653 653 605 605 652 652 605 605 653 653 650 650 654 654 650 650 653 653 650 650 654 654 651 651 597 597 599 599 655 655 592 592 656 656 657 657 656 656 658 658 657 657 659 659 657 657 658 658 657 657 659 659 596 596 660 660 596 596 659 659 596 596 660 660 594 594 585 585 587 587 661 661 568 568 662 662 569 569 663 663 569 569 662 662 569 569 663 663 664 664 664 664 665 665 569 569 666 666 569 569 665 665 569 569 666 666 587 587 667 667 587 587 666 666 587 587 667 667 661 661 668 668 669 669 568 568 670 670 568 568 669 669 568 568 670 670 662 662 671 671 672 672 584 584 673 673 584 584 672 672 584 584 673 673 582 582 674 674 675 675 584 584 676 676 584 584 675 675 584 584 676 676 671 671 570 570 572 572 677 677 642 642 643 643 641 641 637 637 641 641 643 643 641 641 637 637 633 633 638 638 633 633 637 637 633 633 638 638 631 631 610 610 639 639 611 611 641 641 611 611 639 639 611 611 641 641 678 678 633 633 678 678 641 641 678 678 633 633 628 628 634 634 628 628 633 633 628 628 634 634 629 629 607 607 648 648 608 608 611 611 608 608 648 648 608 608 611 611 679 679 678 678 679 679 611 611 679 679 678 678 680 680 628 628 680 680 678 678 680 680 628 628 625 625 630 630 625 625 628 628 625 625 630 630 623 623 681 681 565 565 682 682 564 564 682 682 565 565 682 682 564 564 683 683 684 684 674 674 685 685 584 584 685 685 674 674 685 685 584 584 567 567 583 583 567 567 584 584 567 567 583 583 568 568 686 686 568 568 583 583 568 568 686 686 668 668 577 577 579 579 578 578 581 581 578 578 579 579 578 578 581 581 687 687 688 688 687 687 581 581 687 687 688 688 689 689 690 690 689 689 688 688 689 689 690 690 691 691 692 692 691 691 690 690 691 691 692 692 693 693 590 590 693 693 692 692 693 693 590 590 593 593 589 589 593 593 590 590 593 593 589 589 591 591 580 580 684 684 581 581 685 685 581 581 684 684 581 581 685 685 688 688 567 567 688 688 685 685 688 688 567 567 690 690 569 569 690 690 567 567 690 690 569 569 692 692 587 587 692 692 569 569 692 692 587 587 590 590 586 586 590 590 587 587 590 590 586 586 588 588 571 571 573 573 572 572 575 575 572 572 573 573 572 572 575 575 694 694 695 695 694 694 575 575 694 694 695 695 696 696 697 697 696 696 695 695 696 696 697 697 698 698 699 699 698 698 697 697 698 698 699 699 700 700 701 701 700 700 699 699 700 700 701 701 702 702 703 703 702 702 701 701 702 702 703 703 704 704 705 705 704 704 703 703 704 704 705 705 706 706 707 707 706 706 705 705 706 706 707 707 602 602 599 599 602 602 707 707 602 602 599 599 600 600 598 598 600 600 599 599 601 601 603 603 602 602 605 605 602 602 603 603 602 602 605 605 706 706 650 650 706 706 605 605 706 706 650 650 704 704 608 608 704 704 650 650 704 704 608 608 702 702 679 679 702 702 608 608 702 702 679 679 700 700 680 680 700 700 679 679 700 700 680 680 698 698 625 625 698 698 680 680 698 698 625 625 696 696 620 620 696 696 625 625 696 696 620 620 694 694 617 617 694 694 620 620 694 694 617 617 572 572 615 615 572 572 617 617 572 572 615 615 677 677 613 613 677 677 615 615 592 592 657 657 593 593 708 708 593 593 657 657 593 593 708 708 693 693 709 709 693 693 708 708 693 693 709 709 691 691 683 683 691 691 709 709 691 691 683 683 689 689 564 564 689 689 683 683 689 689 564 564 687 687 566 566 687 687 564 564 687 687 566 566 578 578 596 596 655 655 657 657 599 599 657 657 655 655 657 657 599 599 708 708 707 707 708 708 599 599 708 708 707 707 709 709 705 705 709 709 707 707 709 709 705 705 683 683 703 703 683 683 705 705 683 683 703 703 682 682 701 701 682 682 703 703 682 682 701 701 681 681 699 699 681 681 701 701 681 681 699 699 565 565 697 697 565 565 699 699 565 565 697 697 566 566 695 695 566 566 697 697 566 566 695 695 578 578 575 575 578 578 695 695 578 578 575 575 576 576 574 574 576 576 575 575 710 710 711 711 712 712 713 713 714 714 715 715 716 716 715 715 717 717 718 718 717 717 715 715 717 717 718 718 719 719 716 716 720 720 715 715 721 721 715 715 720 720 715 715 721 721 713 713 712 712 711 711 722 722 722 722 711 711 723 723 724 724 723 723 711 711 723 723 724 724 725 725 726 726 725 725 724 724 725 725 726 726 714 714 727 727 714 714 726 726 714 714 727 727 715 715 710 710 712 712 728 728 729 729 728 728 712 712 728 728 729 729 730 730 731 731 732 732 733 733 734 734 733 733 732 732 733 733 734 734 735 735 733 733 736 736 731 731 737 737 731 731 736 736 731 731 737 737 738 738 739 739 738 738 737 737 738 738 739 739 740 740 741 741 740 740 739 739 740 740 741 741 742 742 743 743 742 742 741 741 742 742 743 743 744 744 745 745 744 744 743 743 744 744 745 745 746 746 747 747 746 746 745 745 746 746 747 747 748 748 749 749 748 748 747 747 748 748 749 749 750 750 730 730 750 750 749 749 750 750 730 730 751 751 729 729 751 751 730 730 752 752 753 753 754 754 755 755 754 754 753 753 754 754 755 755 756 756 756 756 757 757 754 754 758 758 754 754 757 757 754 754 758 758 759 759 759 759 760 760 754 754 761 761 754 754 760 760 754 754 761 761 762 762 763 763 762 762 761 761 762 762 763 763 764 764 765 765 764 764 763 763 764 764 765 765 766 766 735 735 766 766 765 765 765 765 767 767 735 735 768 768 735 735 767 767 735 735 768 768 769 769 770 770 771 771 735 735 769 769 772 772 735 735 773 773 735 735 772 772 735 735 773 773 770 770 771 771 774 774 735 735 775 775 735 735 774 774 735 735 775 775 733 733 776 776 733 733 775 775 733 733 776 776 777 777 777 777 778 778 733 733 779 779 733 733 778 778 733 733 779 779 780 780 781 781 782 782 753 753 783 783 753 753 782 782 753 753 783 783 755 755 784 784 785 785 753 753 786 786 753 753 785 785 753 753 786 786 781 781 780 780 787 787 733 733 788 788 733 733 787 787 733 733 788 788 789 789 790 790 789 789 788 788 789 789 790 790 791 791 792 792 791 791 790 790 791 791 792 792 793 793 794 794 793 793 792 792 793 793 794 794 795 795 796 796 795 795 794 794 795 795 796 796 753 753 797 797 753 753 796 796 753 753 797 797 784 784 752 752 754 754 798 798 799 799 798 798 754 754 798 798 799 799 800 800 801 801 800 800 799 799 800 800 801 801 802 802 801 801 803 803 802 802 804 804 802 802 803 803 802 802 804 804 805 805 806 806 805 805 804 804 805 805 806 806 807 807 808 808 807 807 806 806 807 807 808 808 809 809 810 810 809 809 808 808 809 809 810 810 811 811 812 812 813 813 814 814 814 814 815 815 812 812 816 816 812 812 815 815 812 812 816 816 817 817 817 817 818 818 812 812 819 819 812 812 818 818 812 812 819 819 820 820 820 820 821 821 812 812 822 822 812 812 821 821 812 812 822 822 823 823 823 823 824 824 812 812 825 825 812 812 824 824 812 812 825 825 826 826 826 826 827 827 812 812 828 828 812 812 827 827 812 812 828 828 829 829 810 810 830 830 811 811 831 831 811 811 830 830 811 811 831 831 832 832 832 832 833 833 811 811 834 834 811 811 833 833 811 811 834 834 835 835 835 835 836 836 811 811 837 837 811 811 836 836 811 811 837 837 838 838 839 839 838 838 837 837 838 838 839 839 829 829 840 840 829 829 839 839 829 829 840 840 812 812 840 840 841 841 812 812 842 842 812 812 841 841 812 812 842 842 843 843 844 844 843 843 842 842 843 843 844 844 845 845 846 846 845 845 844 844 845 845 846 846 847 847 848 848 849 849 850 850 851 851 852 852 853 853 854 854 855 855 856 856 854 854 856 856 857 857 858 858 857 857 856 856 857 857 858 858 859 859 859 859 858 858 860 860 861 861 860 860 858 858 860 860 861 861 862 862 852 852 863 863 853 853 864 864 853 853 863 863 853 853 864 864 861 861 865 865 861 861 864 864 861 861 865 865 862 862 866 866 867 867 868 868 869 869 870 870 871 871 866 866 871 871 870 870 871 871 866 866 853 853 868 868 853 853 866 866 853 853 868 868 851 851 872 872 873 873 874 874 217 217 219 219 873 873 875 875 873 873 219 219 873 873 875 875 874 874 213 213 215 215 876 876 877 877 876 876 215 215 876 876 877 877 878 878 879 879 880 880 877 877 881 881 877 877 880 880 877 877 881 881 878 878 882 882 883 883 884 884 885 885 884 884 883 883 884 884 885 885 879 879 886 886 879 879 885 885 879 879 886 886 880 880 882 882 884 884 887 887 888 888 887 887 884 884 887 887 888 888 889 889 889 889 888 888 890 890 891 891 890 890 888 888 890 890 891 891 892 892 893 893 894 894 891 891 895 895 891 891 894 894 891 891 895 895 892 892 896 896 897 897 898 898 899 899 898 898 897 897 898 898 899 899 891 891 900 900 891 891 899 899 891 891 900 900 893 893 849 849 901 901 898 898 902 902 898 898 901 901 898 898 902 902 896 896 848 848 850 850 855 855 849 849 898 898 850 850 891 891 850 850 898 898 850 850 891 891 903 903 888 888 903 903 891 891 903 903 888 888 904 904 884 884 904 904 888 888 904 904 884 884 905 905 879 879 905 905 884 884 905 905 879 879 872 872 877 877 872 872 879 879 872 872 877 877 873 873 215 215 873 873 877 877 873 873 215 215 217 217 855 855 850 850 856 856 903 903 856 856 850 850 856 856 903 903 858 858 904 904 858 858 903 903 858 858 904 904 861 861 905 905 861 861 904 904 861 861 905 905 853 853 872 872 853 853 905 905 853 853 872 872 871 871 874 874 871 871 872 872 871 871 874 874 869 869 906 906 907 907 908 908 908 908 909 909 906 906 910 910 906 906 909 909 906 906 910 910 911 911 912 912 911 911 910 910 911 911 912 912 913 913 912 912 914 914 913 913 915 915 913 913 914 914 913 913 915 915 916 916 917 917 918 918 919 919 913 913 919 919 918 918 919 919 913 913 920 920 916 916 920 920 913 913 921 921 922 922 923 923 924 924 923 923 922 922 921 921 925 925 922 922 926 926 922 922 925 925 922 922 926 926 927 927 928 928 927 927 926 926 917 917 929 929 918 918 930 930 918 918 929 929 918 918 930 930 931 931 931 931 932 932 918 918 933 933 918 918 932 932 918 918 933 933 934 934 934 934 935 935 918 918 936 936 918 918 935 935 918 918 936 936 937 937 928 928 938 938 927 927 918 918 927 927 938 938 927 927 918 918 939 939 937 937 939 939 918 918 940 940 941 941 942 942 943 943 944 944 945 945 946 946 947 947 948 948 949 949 950 950 951 951 226 226 951 951 950 950 951 951 226 226 247 247 948 948 947 947 952 952 953 953 952 952 947 947 952 952 953 953 949 949 954 954 949 949 953 953 949 949 954 954 950 950 948 948 955 955 946 946 956 956 946 946 955 955 946 946 956 956 957 957 958 958 957 957 956 956 957 957 958 958 959 959 945 945 944 944 960 960 959 959 958 958 961 961 962 962 961 961 958 958 961 961 962 962 944 944 963 963 944 944 962 962 944 944 963 963 960 960 942 942 941 941 945 945 964 964 945 945 941 941 945 945 964 964 943 943 965 965 966 966 967 967 942 942 968 968 940 940 969 969 940 940 968 968 940 940 969 969 970 970 965 965 970 970 969 969 970 970 965 965 971 971 967 967 971 971 965 965 972 972 973 973 974 974 975 975 974 974 973 973 974 974 975 975 976 976 977 977 978 978 979 979 980 980 981 981 982 982 983 983 984 984 985 985 986 986 987 987 988 988 989 989 986 986 990 990 988 988 990 990 986 986 990 990 988 988 991 991 991 991 988 988 992 992 993 993 992 992 988 988 992 992 993 993 994 994 994 994 993 993 995 995 996 996 995 995 993 993 995 995 996 996 997 997 997 997 996 996 998 998 999 999 998 998 996 996 998 998 999 999 1000 1000 1000 1000 999 999 1001 1001 1002 1002 1001 1001 999 999 1001 1001 1002 1002 1003 1003 1003 1003 1002 1002 1004 1004 1005 1005 1004 1004 1002 1002 1004 1004 1005 1005 1006 1006 1006 1006 1005 1005 1007 1007 1008 1008 1007 1007 1005 1005 1007 1007 1008 1008 1009 1009 1009 1009 1008 1008 1010 1010 1011 1011 1010 1010 1008 1008 1010 1010 1011 1011 1012 1012 1012 1012 1011 1011 1013 1013 1014 1014 1013 1013 1011 1011 1013 1013 1014 1014 1015 1015 1015 1015 1014 1014 1016 1016 1017 1017 1016 1016 1014 1014 1016 1016 1017 1017 1018 1018 1018 1018 1017 1017 1019 1019 1020 1020 1019 1019 1017 1017 1019 1019 1020 1020 1021 1021 1021 1021 1020 1020 1022 1022 1023 1023 1022 1022 1020 1020 1022 1022 1023 1023 1024 1024 1024 1024 1023 1023 1025 1025 1026 1026 1025 1025 1023 1023 1025 1025 1026 1026 1027 1027 1027 1027 1026 1026 1028 1028 1029 1029 1028 1028 1026 1026 1028 1028 1029 1029 1030 1030 1031 1031 1032 1032 1029 1029 1033 1033 1029 1029 1032 1032 1029 1029 1033 1033 1030 1030 1031 1031 1034 1034 1032 1032 1035 1035 1032 1032 1034 1034 1032 1032 1035 1035 1036 1036 1037 1037 1036 1036 1035 1035 1038 1038 1039 1039 1040 1040 1041 1041 1040 1040 1039 1039 1040 1040 1041 1041 830 830 1042 1042 830 830 1041 1041 830 830 1042 1042 831 831 1043 1043 1044 1044 1045 1045 1046 1046 1047 1047 1048 1048 738 738 1049 1049 1050 1050 746 746 1051 1051 1052 1052 738 738 740 740 1049 1049 742 742 1049 1049 740 740 1049 1049 742 742 1052 1052 744 744 1052 1052 742 742 1052 1052 744 744 746 746 746 746 748 748 1051 1051 750 750 1051 1051 748 748 1051 1051 750 750 1053 1053 750 750 751 751 1053 1053 729 729 1053 1053 751 751 1053 1053 729 729 1054 1054 1055 1055 1056 1056 725 725 729 729 712 712 1054 1054 722 722 1054 1054 712 712 1054 1054 722 722 1056 1056 723 723 1056 1056 722 722 1056 1056 723 723 725 725 725 725 714 714 1055 1055 713 713 1055 1055 714 714 1055 1055 713 713 1057 1057 720 720 1058 1058 1057 1057 1059 1059 1057 1057 1058 1058 1057 1057 1059 1059 1055 1055 983 983 985 985 1060 1060 1061 1061 1062 1062 1031 1031 1063 1063 1031 1031 1062 1062 1031 1031 1063 1063 1034 1034 1064 1064 1065 1065 1066 1066 1067 1067 1066 1066 1065 1065 1048 1048 1068 1068 1069 1069 1070 1070 1069 1069 1068 1068 1069 1069 1070 1070 1071 1071 1072 1072 1071 1071 1070 1070 1071 1071 1072 1072 1073 1073 1074 1074 1073 1073 1072 1072 1073 1073 1074 1074 1075 1075 1076 1076 1075 1075 1074 1074 1075 1075 1076 1076 1077 1077 1078 1078 1077 1077 1076 1076 1077 1077 1078 1078 1079 1079 1080 1080 1079 1079 1078 1078 1079 1079 1080 1080 1081 1081 1082 1082 1081 1081 1080 1080 1081 1081 1082 1082 1083 1083 1084 1084 1083 1083 1082 1082 1083 1083 1084 1084 1085 1085 1086 1086 1085 1085 1084 1084 1085 1085 1086 1086 1087 1087 1088 1088 1087 1087 1086 1086 1087 1087 1088 1088 1089 1089 1090 1090 1089 1089 1088 1088 1089 1089 1090 1090 1091 1091 1092 1092 1091 1091 1090 1090 1091 1091 1092 1092 1093 1093 1094 1094 1093 1093 1092 1092 1093 1093 1094 1094 1066 1066 1095 1095 1066 1066 1094 1094 1066 1066 1095 1095 1064 1064 1096 1096 1061 1061 1097 1097 1031 1031 1097 1097 1061 1061 1097 1097 1031 1031 1098 1098 1029 1029 1098 1098 1031 1031 1098 1098 1029 1029 1099 1099 1026 1026 1099 1099 1029 1029 1099 1099 1026 1026 1100 1100 1023 1023 1100 1100 1026 1026 1100 1100 1023 1023 1101 1101 1020 1020 1101 1101 1023 1023 1101 1101 1020 1020 1102 1102 1017 1017 1102 1102 1020 1020 1102 1102 1017 1017 1103 1103 1014 1014 1103 1103 1017 1017 1103 1103 1014 1014 1104 1104 1011 1011 1104 1104 1014 1014 1104 1104 1011 1011 1105 1105 1008 1008 1105 1105 1011 1011 1105 1105 1008 1008 1106 1106 1005 1005 1106 1106 1008 1008 1106 1106 1005 1005 1107 1107 1002 1002 1107 1107 1005 1005 1107 1107 1002 1002 1108 1108 999 999 1108 1108 1002 1002 1108 1108 999 999 1109 1109 996 996 1109 1109 999 999 1109 1109 996 996 1110 1110 993 993 1110 1110 996 996 1110 1110 993 993 1111 1111 988 988 1111 1111 993 993 1111 1111 988 988 1112 1112 987 987 1112 1112 988 988 1067 1067 1096 1096 1066 1066 1097 1097 1066 1066 1096 1096 1066 1066 1097 1097 1093 1093 1098 1098 1093 1093 1097 1097 1093 1093 1098 1098 1091 1091 1099 1099 1091 1091 1098 1098 1091 1091 1099 1099 1089 1089 1100 1100 1089 1089 1099 1099 1089 1089 1100 1100 1087 1087 1101 1101 1087 1087 1100 1100 1087 1087 1101 1101 1085 1085 1102 1102 1085 1085 1101 1101 1085 1085 1102 1102 1083 1083 1103 1103 1083 1083 1102 1102 1083 1083 1103 1103 1081 1081 1104 1104 1081 1081 1103 1103 1081 1081 1104 1104 1079 1079 1105 1105 1079 1079 1104 1104 1079 1079 1105 1105 1077 1077 1106 1106 1077 1077 1105 1105 1077 1077 1106 1106 1075 1075 1107 1107 1075 1075 1106 1106 1075 1075 1107 1107 1073 1073 1108 1108 1073 1073 1107 1107 1073 1073 1108 1108 1071 1071 1109 1109 1071 1071 1108 1108 1071 1071 1109 1109 1069 1069 1110 1110 1069 1069 1109 1109 1069 1069 1110 1110 1048 1048 1111 1111 1048 1048 1110 1110 1048 1048 1111 1111 1046 1046 1112 1112 1046 1046 1111 1111 804 804 1113 1113 1114 1114 830 830 810 810 1040 1040 808 808 1040 1040 810 810 1040 1040 808 808 1114 1114 806 806 1114 1114 808 808 1114 1114 806 806 804 804 754 754 1115 1115 1116 1116 804 804 803 803 1113 1113 1117 1117 1113 1113 803 803 1113 1113 1117 1117 1116 1116 799 799 1116 1116 1117 1117 1116 1116 799 799 754 754 735 735 1118 1118 1119 1119 754 754 762 762 1115 1115 764 764 1115 1115 762 762 1115 1115 764 764 1119 1119 766 766 1119 1119 764 764 1119 1119 766 766 735 735 735 735 734 734 1118 1118 732 732 1118 1118 734 734 1118 1118 732 732 1050 1050 1120 1120 1050 1050 732 732 1050 1050 1120 1120 738 738 981 981 1060 1060 982 982 985 985 982 982 1060 1060 982 982 985 985 1121 1121 1122 1122 1121 1121 985 985 1121 1121 1122 1122 1123 1123 1124 1124 1123 1123 1122 1122 1123 1123 1124 1124 1125 1125 1126 1126 1125 1125 1124 1124 1125 1125 1126 1126 1127 1127 1128 1128 1127 1127 1126 1126 1127 1127 1128 1128 1129 1129 1130 1130 1129 1129 1128 1128 1129 1129 1130 1130 1131 1131 1132 1132 1131 1131 1130 1130 1131 1131 1132 1132 1133 1133 1134 1134 1133 1133 1132 1132 1133 1133 1134 1134 1135 1135 1136 1136 1135 1135 1134 1134 1135 1135 1136 1136 1137 1137 1138 1138 1137 1137 1136 1136 1137 1137 1138 1138 1139 1139 1140 1140 1139 1139 1138 1138 1139 1139 1140 1140 1141 1141 1142 1142 1141 1141 1140 1140 1141 1141 1142 1142 1143 1143 1144 1144 1143 1143 1142 1142 1143 1143 1144 1144 1145 1145 1146 1146 1145 1145 1144 1144 1145 1145 1146 1146 1147 1147 1045 1045 1147 1147 1146 1146 1059 1059 980 980 1055 1055 982 982 1055 1055 980 980 1055 1055 982 982 1056 1056 1121 1121 1056 1056 982 982 1056 1056 1121 1121 1054 1054 1123 1123 1054 1054 1121 1121 1054 1054 1123 1123 1053 1053 1125 1125 1053 1053 1123 1123 1053 1053 1125 1125 1051 1051 1127 1127 1051 1051 1125 1125 1051 1051 1127 1127 1052 1052 1129 1129 1052 1052 1127 1127 1052 1052 1129 1129 1049 1049 1131 1131 1049 1049 1129 1129 1049 1049 1131 1131 1050 1050 1133 1133 1050 1050 1131 1131 1050 1050 1133 1133 1118 1118 1135 1135 1118 1118 1133 1133 1118 1118 1135 1135 1119 1119 1137 1137 1119 1119 1135 1135 1119 1119 1137 1137 1115 1115 1139 1139 1115 1115 1137 1137 1115 1115 1139 1139 1116 1116 1141 1141 1116 1116 1139 1139 1116 1116 1141 1141 1113 1113 1143 1143 1113 1113 1141 1141 1113 1113 1143 1143 1114 1114 1145 1145 1114 1114 1143 1143 1114 1114 1145 1145 1040 1040 1147 1147 1040 1040 1145 1145 1040 1040 1147 1147 1038 1038 1045 1045 1038 1038 1147 1147 1038 1038 1045 1045 1148 1148 1044 1044 1148 1148 1045 1045 1149 1149 1150 1150 1095 1095 1151 1151 1095 1095 1150 1150 1095 1095 1151 1151 1064 1064 984 984 1149 1149 985 985 1095 1095 985 985 1149 1149 985 985 1095 1095 1122 1122 1094 1094 1122 1122 1095 1095 1122 1122 1094 1094 1124 1124 1092 1092 1124 1124 1094 1094 1124 1124 1092 1092 1126 1126 1090 1090 1126 1126 1092 1092 1126 1126 1090 1090 1128 1128 1088 1088 1128 1128 1090 1090 1128 1128 1088 1088 1130 1130 1086 1086 1130 1130 1088 1088 1130 1130 1086 1086 1132 1132 1084 1084 1132 1132 1086 1086 1132 1132 1084 1084 1134 1134 1082 1082 1134 1134 1084 1084 1134 1134 1082 1082 1136 1136 1080 1080 1136 1136 1082 1082 1136 1136 1080 1080 1138 1138 1078 1078 1138 1138 1080 1080 1138 1138 1078 1078 1140 1140 1076 1076 1140 1140 1078 1078 1140 1140 1076 1076 1142 1142 1074 1074 1142 1142 1076 1076 1142 1142 1074 1074 1144 1144 1072 1072 1144 1144 1074 1074 1144 1144 1072 1072 1146 1146 1070 1070 1146 1146 1072 1072 1146 1146 1070 1070 1045 1045 1068 1068 1045 1045 1070 1070 1045 1045 1068 1068 1043 1043 1048 1048 1043 1043 1068 1068 1043 1043 1048 1048 1152 1152 1047 1047 1152 1152 1048 1048 146 146 1037 1037 1035 1035 146 146 1035 1035 1153 1153 1154 1154 1155 1155 981 981 1156 1156 981 981 1155 1155 981 981 1156 1156 1060 1060 720 720 1157 1157 1158 1158 1155 1155 1158 1158 1157 1157 1158 1158 1155 1155 1159 1159 1154 1154 1159 1159 1155 1155 1160 1160 984 984 1156 1156 983 983 1156 1156 984 984 1156 1156 983 983 1060 1060 1161 1161 1151 1151 1162 1162 1163 1163 1162 1162 1151 1151 1162 1162 1163 1163 1160 1160 1164 1164 1160 1160 1163 1163 1160 1160 1164 1164 984 984 1061 1061 1096 1096 1165 1165 1067 1067 1165 1165 1096 1096 1165 1165 1067 1067 1162 1162 1166 1166 1162 1162 1067 1067 1162 1162 1166 1166 1161 1161 1035 1035 1034 1034 1153 1153 1063 1063 1153 1153 1034 1034 1153 1153 1063 1063 1165 1165 1062 1062 1165 1165 1063 1063 1165 1165 1062 1062 1061 1061 1167 1167 1168 1168 1169 1169 1168 1168 1169 1169 1168 1168 1169 1169 1168 1168 1170 1170 1171 1171 1170 1170 1168 1168 1170 1170 1171 1171 1172 1172 1173 1173 1172 1172 1171 1171 1172 1172 1173 1173 1174 1174 1175 1175 1174 1174 1173 1173 1174 1174 1175 1175 1176 1176 1177 1177 1176 1176 1175 1175 1176 1176 1177 1177 1178 1178 1179 1179 1178 1178 1177 1177 1178 1178 1179 1179 1180 1180 516 516 1180 1180 1179 1179 1180 1180 516 516 515 515 1181 1181 421 421 1182 1182 1183 1183 1182 1182 421 421 1182 1182 1183 1183 1184 1184 1185 1185 1184 1184 1183 1183 1183 1183 1186 1186 1185 1185 1187 1187 1185 1185 1186 1186 1185 1185 1187 1187 1188 1188 1189 1189 1188 1188 1187 1187 1188 1188 1189 1189 1167 1167 1190 1190 1167 1167 1189 1189 1167 1167 1190 1190 1168 1168 1191 1191 1192 1192 1193 1193 1194 1194 1195 1195 1196 1196 1197 1197 1198 1198 1199 1199 1200 1200 1201 1201 1202 1202 1196 1196 1203 1203 1204 1204 1205 1205 1206 1206 1207 1207 1208 1208 1209 1209 1210 1210 1211 1211 1212 1212 1204 1204 1213 1213 1204 1204 1212 1212 1204 1204 1213 1213 1196 1196 1214 1214 1215 1215 1216 1216 1217 1217 1216 1216 1215 1215 1208 1208 1218 1218 1217 1217 1202 1202 1217 1217 1218 1218 1217 1217 1202 1202 1216 1216 1201 1201 1216 1216 1202 1202 1219 1219 1218 1218 1211 1211 1208 1208 1211 1211 1218 1218 1211 1211 1208 1208 1212 1212 1210 1210 1212 1212 1208 1208 1212 1212 1210 1210 1220 1220 1221 1221 1222 1222 1223 1223 1224 1224 1223 1223 1222 1222 1206 1206 1205 1205 1225 1225 1223 1223 1225 1225 1205 1205 1225 1225 1223 1223 1226 1226 1224 1224 1226 1226 1223 1223 1226 1226 1224 1224 1227 1227 1220 1220 1228 1228 1212 1212 1229 1229 1212 1212 1228 1228 1212 1212 1229 1229 1213 1213 1230 1230 1213 1213 1229 1229 1213 1213 1230 1230 1196 1196 1231 1231 1196 1196 1230 1230 1196 1196 1231 1231 1194 1194 1215 1215 1232 1232 1217 1217 1233 1233 1217 1217 1232 1232 1217 1217 1233 1233 1208 1208 1234 1234 1208 1208 1233 1233 1208 1208 1234 1234 1209 1209 1235 1235 1236 1236 1237 1237 1205 1205 1237 1237 1236 1236 1237 1237 1205 1205 1238 1238 1207 1207 1238 1238 1205 1205 1236 1236 1191 1191 1205 1205 1193 1193 1205 1205 1191 1191 1205 1205 1193 1193 1223 1223 1199 1199 1223 1223 1193 1193 1223 1223 1199 1199 1221 1221 1198 1198 1221 1221 1199 1199 1192 1192 1239 1239 1193 1193 1203 1203 1193 1193 1239 1239 1193 1193 1203 1203 1199 1199 1196 1196 1199 1199 1203 1203 1199 1199 1196 1196 1197 1197 1195 1195 1197 1197 1196 1196 1239 1239 1240 1240 1203 1203 1241 1241 1203 1203 1240 1240 1203 1203 1241 1241 1204 1204 1242 1242 1204 1204 1241 1241 1204 1204 1242 1242 1211 1211 1243 1243 1211 1211 1242 1242 1211 1211 1243 1243 1219 1219 1244 1244 1200 1200 1245 1245 1202 1202 1245 1245 1200 1200 1245 1245 1202 1202 1246 1246 1218 1218 1246 1246 1202 1202 1246 1246 1218 1218 1247 1247 1219 1219 1247 1247 1218 1218 1248 1248 1249 1249 1250 1250 1251 1251 1252 1252 1253 1253 1254 1254 1255 1255 1256 1256 1257 1257 1258 1258 1259 1259 1260 1260 1257 1257 1261 1261 1259 1259 1261 1261 1257 1257 1261 1261 1259 1259 1262 1262 1262 1262 1259 1259 1263 1263 1264 1264 1263 1263 1259 1259 1263 1263 1264 1264 1265 1265 1266 1266 1267 1267 1268 1268 1266 1266 1268 1268 1269 1269 1270 1270 1267 1267 1271 1271 1266 1266 1271 1271 1267 1267 1271 1271 1266 1266 1272 1272 1273 1273 1272 1272 1266 1266 1274 1274 1275 1275 1276 1276 1277 1277 1276 1276 1275 1275 1278 1278 1279 1279 1280 1280 1281 1281 1282 1282 1264 1264 1283 1283 1264 1264 1282 1282 1264 1264 1283 1283 1265 1265 1284 1284 1285 1285 1281 1281 1286 1286 1281 1281 1285 1285 1281 1281 1286 1286 1282 1282 1287 1287 1288 1288 1289 1289 1290 1290 1291 1291 1292 1292 1293 1293 1292 1292 1291 1291 1294 1294 1295 1295 1296 1296 1297 1297 1296 1296 1295 1295 1296 1296 1297 1297 1298 1298 1269 1269 1298 1298 1297 1297 1298 1298 1269 1269 1299 1299 1268 1268 1299 1299 1269 1269 1300 1300 1301 1301 1302 1302 1303 1303 1302 1302 1301 1301 1302 1302 1303 1303 1304 1304 1255 1255 1273 1273 1256 1256 1266 1266 1256 1256 1273 1273 1256 1256 1266 1266 1305 1305 1269 1269 1305 1305 1266 1266 1305 1305 1269 1269 1306 1306 1297 1297 1306 1306 1269 1269 1306 1306 1297 1297 1307 1307 1295 1295 1307 1307 1297 1297 1307 1307 1295 1295 1292 1292 1294 1294 1292 1292 1295 1295 1292 1292 1294 1294 1290 1290 1308 1308 1309 1309 1310 1310 1311 1311 1310 1310 1309 1309 1277 1277 1254 1254 1276 1276 1256 1256 1276 1276 1254 1254 1276 1276 1256 1256 1312 1312 1305 1305 1312 1312 1256 1256 1312 1312 1305 1305 1313 1313 1306 1306 1313 1313 1305 1305 1313 1313 1306 1306 1314 1314 1307 1307 1314 1314 1306 1306 1314 1314 1307 1307 1315 1315 1292 1292 1315 1315 1307 1307 1315 1315 1292 1292 1287 1287 1293 1293 1287 1287 1292 1292 1287 1287 1293 1293 1288 1288 1316 1316 1317 1317 1318 1318 1252 1252 1274 1274 1253 1253 1276 1276 1253 1253 1274 1274 1253 1253 1276 1276 1319 1319 1312 1312 1319 1319 1276 1276 1319 1319 1312 1312 1320 1320 1313 1313 1320 1320 1312 1312 1320 1320 1313 1313 1321 1321 1314 1314 1321 1321 1313 1313 1321 1321 1314 1314 1322 1322 1315 1315 1322 1322 1314 1314 1322 1322 1315 1315 1323 1323 1287 1287 1323 1323 1315 1315 1323 1323 1287 1287 1302 1302 1289 1289 1302 1302 1287 1287 1302 1302 1289 1289 1300 1300 1318 1318 1324 1324 1325 1325 1304 1304 1248 1248 1302 1302 1250 1250 1302 1302 1248 1248 1302 1302 1250 1250 1323 1323 1326 1326 1323 1323 1250 1250 1323 1323 1326 1326 1322 1322 1327 1327 1322 1322 1326 1326 1322 1322 1327 1327 1321 1321 1328 1328 1321 1321 1327 1327 1321 1321 1328 1328 1320 1320 1329 1329 1320 1320 1328 1328 1320 1320 1329 1329 1319 1319 1330 1330 1319 1319 1329 1329 1319 1319 1330 1330 1253 1253 1278 1278 1253 1253 1330 1330 1253 1253 1278 1278 1251 1251 1280 1280 1251 1251 1278 1278 1317 1317 1331 1331 1318 1318 1332 1332 1318 1318 1331 1331 1318 1318 1332 1332 1324 1324 1333 1333 1324 1324 1332 1332 1324 1324 1333 1333 1334 1334 1335 1335 1325 1325 1336 1336 1324 1324 1336 1336 1325 1325 1336 1336 1324 1324 1337 1337 1334 1334 1337 1337 1324 1324 1337 1337 1334 1334 1338 1338 1335 1335 1339 1339 1325 1325 1340 1340 1325 1325 1339 1339 1325 1325 1340 1340 1341 1341 1311 1311 1316 1316 1310 1310 1318 1318 1310 1310 1316 1316 1310 1310 1318 1318 1342 1342 1325 1325 1342 1342 1318 1318 1342 1342 1325 1325 1343 1343 1341 1341 1343 1343 1325 1325 1341 1341 1344 1344 1343 1343 1345 1345 1343 1343 1344 1344 1343 1343 1345 1345 1284 1284 1346 1346 1284 1284 1345 1345 1284 1284 1346 1346 1285 1285 1249 1249 1308 1308 1250 1250 1310 1310 1250 1250 1308 1308 1250 1250 1310 1310 1326 1326 1342 1342 1326 1326 1310 1310 1326 1326 1342 1342 1327 1327 1343 1343 1327 1327 1342 1342 1327 1327 1343 1343 1328 1328 1284 1284 1328 1328 1343 1343 1328 1328 1284 1284 1329 1329 1281 1281 1329 1329 1284 1284 1329 1329 1281 1281 1330 1330 1264 1264 1330 1330 1281 1281 1330 1330 1264 1264 1278 1278 1259 1259 1278 1278 1264 1264 1278 1278 1259 1259 1279 1279 1258 1258 1279 1279 1259 1259 1347 1347 1348 1348 1332 1332 1349 1349 1350 1350 1301 1301 1303 1303 1301 1301 1350 1350 1350 1350 1351 1351 1303 1303 1352 1352 1303 1303 1351 1351 1303 1303 1352 1352 1304 1304 1353 1353 1304 1304 1352 1352 1304 1304 1353 1353 1248 1248 1354 1354 1248 1248 1353 1353 1248 1248 1354 1354 1249 1249 1355 1355 1249 1249 1354 1354 1249 1249 1355 1355 1308 1308 1356 1356 1308 1308 1355 1355 1308 1308 1356 1356 1309 1309 1357 1357 1309 1309 1356 1356 1309 1309 1357 1357 1311 1311 1358 1358 1311 1311 1357 1357 1311 1311 1358 1358 1316 1316 1359 1359 1316 1316 1358 1358 1316 1316 1359 1359 1317 1317 1360 1360 1317 1317 1359 1359 1317 1317 1360 1360 1331 1331 1361 1361 1331 1331 1360 1360 1331 1331 1361 1361 1332 1332 1362 1362 1332 1332 1361 1361 1332 1332 1362 1362 1347 1347 1363 1363 1338 1338 1364 1364 1334 1334 1364 1364 1338 1338 1364 1364 1334 1334 1348 1348 1333 1333 1348 1348 1334 1334 1348 1348 1333 1333 1332 1332 1363 1363 1365 1365 1338 1338 1366 1366 1338 1338 1365 1365 1338 1338 1366 1366 1367 1367 1368 1368 1369 1369 1370 1370 1368 1368 1370 1370 1371 1371 1372 1372 1371 1371 1370 1370 1371 1371 1372 1372 1373 1373 1374 1374 1375 1375 1376 1376 1377 1377 1378 1378 1379 1379 727 727 726 726 1380 1380 1381 1381 1382 1382 1383 1383 1384 1384 1385 1385 1386 1386 1387 1387 1388 1388 1389 1389 1387 1387 1389 1389 1390 1390 1391 1391 1390 1390 1389 1389 1390 1390 1391 1391 1392 1392 710 710 728 728 1393 1393 1394 1394 1393 1393 728 728 1393 1393 1394 1394 1395 1395 745 745 1396 1396 747 747 1395 1395 747 747 1396 1396 747 747 1395 1395 1397 1397 1394 1394 1397 1397 1395 1395 745 745 743 743 1396 1396 1398 1398 1396 1396 743 743 1396 1396 1398 1398 1399 1399 739 739 1399 1399 1398 1398 736 736 1400 1400 737 737 739 739 737 737 1400 1400 1401 1401 1402 1402 1403 1403 1404 1404 1403 1403 1402 1402 739 739 1400 1400 1399 1399 1405 1405 1399 1399 1400 1400 1399 1399 1405 1405 1406 1406 1406 1406 1401 1401 1399 1399 1403 1403 1399 1399 1401 1401 1399 1399 1403 1403 1396 1396 1407 1407 1396 1396 1403 1403 1396 1396 1407 1407 1395 1395 1408 1408 1395 1395 1407 1407 1395 1395 1408 1408 1393 1393 1409 1409 1393 1393 1408 1408 1410 1410 1411 1411 1412 1412 1412 1412 1384 1384 1410 1410 1386 1386 1410 1410 1384 1384 1410 1410 1386 1386 1413 1413 1414 1414 1413 1413 1386 1386 1413 1413 1414 1414 1415 1415 1416 1416 1415 1415 1414 1414 1415 1415 1416 1416 1417 1417 1418 1418 1417 1417 1416 1416 1419 1419 1420 1420 1421 1421 1422 1422 1421 1421 1420 1420 1421 1421 1422 1422 1423 1423 1423 1423 1424 1424 1383 1383 1425 1425 1383 1383 1424 1424 1383 1383 1425 1425 1381 1381 1379 1379 1381 1381 1425 1425 1423 1423 1422 1422 1424 1424 1426 1426 1424 1424 1422 1422 1424 1424 1426 1426 1427 1427 1382 1382 1411 1411 1383 1383 1410 1410 1383 1383 1411 1411 1383 1383 1410 1410 1423 1423 1413 1413 1423 1423 1410 1410 1423 1423 1413 1413 1421 1421 1415 1415 1421 1421 1413 1413 1421 1421 1415 1415 1419 1419 1417 1417 1419 1419 1415 1415 1428 1428 1429 1429 1430 1430 1431 1431 1430 1430 1429 1429 1432 1432 1433 1433 1431 1431 1434 1434 1431 1431 1433 1433 1431 1431 1434 1434 1430 1430 1391 1391 1435 1435 1392 1392 1436 1436 1392 1392 1435 1435 1392 1392 1436 1436 1432 1432 1437 1437 1432 1432 1436 1436 1432 1432 1437 1437 1433 1433 1438 1438 1439 1439 1440 1440 1441 1441 1440 1440 1439 1439 1429 1429 1442 1442 1431 1431 1443 1443 1431 1431 1442 1442 1431 1431 1443 1443 1432 1432 1439 1439 1432 1432 1443 1443 1432 1432 1439 1439 1392 1392 1438 1438 1392 1392 1439 1439 1392 1392 1438 1438 1390 1390 1444 1444 1445 1445 1446 1446 1447 1447 1446 1446 1445 1445 1448 1448 1446 1446 718 718 1447 1447 718 718 1446 1446 718 718 1447 1447 719 719 1444 1444 1446 1446 1449 1449 1450 1450 1449 1449 1446 1446 1449 1449 1450 1450 1451 1451 1452 1452 1451 1451 1450 1450 1451 1451 1452 1452 1453 1453 1428 1428 1454 1454 1429 1429 1455 1455 1429 1429 1454 1454 1429 1429 1455 1455 1452 1452 1456 1456 1452 1452 1455 1455 1452 1452 1456 1456 1453 1453 1457 1457 724 724 711 711 726 726 724 724 1380 1380 1457 1457 1380 1380 724 724 1380 1380 1457 1457 1458 1458 1459 1459 1458 1458 1457 1457 1458 1458 1459 1459 1460 1460 1461 1461 1460 1460 1459 1459 1460 1460 1461 1461 1462 1462 711 711 710 710 1457 1457 1393 1393 1457 1457 710 710 1457 1457 1393 1393 1459 1459 1409 1409 1459 1459 1393 1393 1459 1459 1409 1409 1461 1461 1448 1448 727 727 1446 1446 1380 1380 1446 1446 727 727 1446 1446 1380 1380 1450 1450 1458 1458 1450 1450 1380 1380 1450 1450 1458 1458 1452 1452 1460 1460 1452 1452 1458 1458 1452 1452 1460 1460 1429 1429 1462 1462 1429 1429 1460 1460 1429 1429 1462 1462 1442 1442 1427 1427 1463 1463 1424 1424 1464 1464 1424 1424 1463 1463 1424 1424 1464 1464 1425 1425 1465 1465 1425 1425 1464 1464 1425 1425 1465 1465 1379 1379 1466 1466 1379 1379 1465 1465 1379 1379 1466 1466 1377 1377 1467 1467 1468 1468 1420 1420 1468 1468 1469 1469 1420 1420 1470 1470 1420 1420 1469 1469 1420 1420 1470 1470 1422 1422 1471 1471 1422 1422 1470 1470 1422 1422 1471 1471 1426 1426 1472 1472 1467 1467 1473 1473 1420 1420 1473 1473 1467 1467 1473 1473 1420 1420 1474 1474 1419 1419 1474 1474 1420 1420 1474 1474 1419 1419 1475 1475 1417 1417 1475 1475 1419 1419 1475 1475 1417 1417 1476 1476 1418 1418 1476 1476 1417 1417 1476 1476 1418 1418 1477 1477 1416 1416 1477 1477 1418 1418 1477 1477 1416 1416 1478 1478 1414 1414 1478 1478 1416 1416 1478 1478 1414 1414 1479 1479 1386 1386 1479 1479 1414 1414 1479 1479 1386 1386 1376 1376 1385 1385 1376 1376 1386 1386 1376 1376 1385 1385 1374 1374 1404 1404 1472 1472 1403 1403 1473 1473 1403 1403 1472 1472 1403 1403 1473 1473 1407 1407 1474 1474 1407 1407 1473 1473 1407 1407 1474 1474 1408 1408 1475 1475 1408 1408 1474 1474 1408 1408 1475 1475 1409 1409 1476 1476 1409 1409 1475 1475 1409 1409 1476 1476 1461 1461 1477 1477 1461 1461 1476 1476 1461 1461 1477 1477 1462 1462 1478 1478 1462 1462 1477 1477 1462 1462 1478 1478 1442 1442 1479 1479 1442 1442 1478 1478 1442 1442 1479 1479 1443 1443 1376 1376 1443 1443 1479 1479 1443 1443 1376 1376 1439 1439 1375 1375 1439 1439 1376 1376 1439 1439 1375 1375 1441 1441 1480 1480 1481 1481 1482 1482 1483 1483 1484 1484 1485 1485 1485 1485 1486 1486 1483 1483 1487 1487 1483 1483 1486 1486 1483 1483 1487 1487 1488 1488 1482 1482 1489 1489 1480 1480 1483 1483 1480 1480 1489 1489 1480 1480 1483 1483 1490 1490 1488 1488 1490 1490 1483 1483 1490 1490 1488 1488 1491 1491 1492 1492 1491 1491 1488 1488 1491 1491 1492 1492 1493 1493 1494 1494 1493 1493 1492 1492 1493 1493 1494 1494 1495 1495 1496 1496 1495 1495 1494 1494 1495 1495 1496 1496 1497 1497 1498 1498 1499 1499 1500 1500 1501 1501 1500 1500 1499 1499 1500 1500 1501 1501 1502 1502 1503 1503 1502 1502 1501 1501 1502 1502 1503 1503 1504 1504 1504 1504 1505 1505 1502 1502 1506 1506 1502 1502 1505 1505 1502 1502 1506 1506 1507 1507 1508 1508 1509 1509 1510 1510 1511 1511 1510 1510 1509 1509 1508 1508 1512 1512 1509 1509 1513 1513 1509 1509 1512 1512 1509 1509 1513 1513 1514 1514 1511 1511 1509 1509 1500 1500 1515 1515 1500 1500 1509 1509 1500 1500 1515 1515 1516 1516 1516 1516 1517 1517 1500 1500 1518 1518 1500 1500 1517 1517 1500 1500 1518 1518 1519 1519 1519 1519 1520 1520 1500 1500 1521 1521 1500 1500 1520 1520 1500 1500 1521 1521 1522 1522 1522 1522 1523 1523 1500 1500 1524 1524 1500 1500 1523 1523 1500 1500 1524 1524 1498 1498 1507 1507 1525 1525 1502 1502 1526 1526 1502 1502 1525 1525 1502 1502 1526 1526 1527 1527 1528 1528 1527 1527 1526 1526 1527 1527 1528 1528 1529 1529 1530 1530 1529 1529 1528 1528 1529 1529 1530 1530 1531 1531 128 128 127 127 1532 1532 975 975 1532 1532 127 127 1532 1532 975 975 973 973 802 802 805 805 1533 1533 1534 1534 1535 1535 1536 1536 1537 1537 1538 1538 1539 1539 1540 1540 736 736 733 733 1540 1540 1541 1541 1542 1542 1543 1543 1542 1542 1541 1541 1542 1542 1543 1543 1544 1544 1472 1472 1404 1404 1545 1545 1402 1402 1545 1545 1404 1404 1545 1545 1402 1402 1543 1543 1546 1546 1543 1543 1402 1402 1543 1543 1546 1546 1544 1544 1472 1472 1545 1545 1547 1547 1548 1548 1547 1547 1545 1545 1547 1547 1548 1548 1549 1549 1426 1426 1471 1471 1550 1550 1551 1551 1550 1550 1471 1471 1550 1550 1551 1551 1548 1548 1552 1552 1548 1548 1551 1551 1548 1548 1552 1552 1549 1549 1553 1553 1463 1463 1550 1550 1427 1427 1550 1550 1463 1463 1550 1550 1427 1427 1426 1426 1377 1377 1466 1466 1554 1554 1465 1465 1554 1554 1466 1466 1554 1554 1465 1465 1553 1553 1464 1464 1553 1553 1465 1465 1553 1553 1464 1464 1463 1463 1555 1555 1556 1556 1554 1554 1557 1557 1554 1554 1556 1556 1554 1554 1557 1557 1377 1377 1378 1378 1377 1377 1557 1557 1558 1558 1559 1559 1560 1560 1561 1561 1560 1560 1559 1559 1562 1562 1563 1563 1564 1564 1565 1565 1564 1564 1563 1563 1564 1564 1565 1565 1566 1566 1534 1534 1567 1567 1535 1535 1568 1568 1535 1535 1567 1567 1535 1535 1568 1568 1564 1564 1569 1569 1564 1564 1568 1568 1564 1564 1569 1569 1562 1562 1570 1570 1571 1571 1572 1572 1573 1573 1572 1572 1571 1571 1572 1572 1573 1573 1574 1574 1570 1570 1572 1572 1575 1575 1576 1576 1575 1575 1572 1572 1575 1575 1576 1576 1577 1577 1578 1578 1579 1579 1580 1580 1581 1581 1580 1580 1579 1579 1580 1580 1581 1581 1576 1576 1582 1582 1576 1576 1581 1581 1576 1576 1582 1582 1577 1577 1583 1583 1584 1584 1585 1585 1586 1586 1585 1585 1584 1584 1585 1585 1586 1586 1580 1580 1587 1587 1580 1580 1586 1586 1580 1580 1587 1587 1578 1578 1583 1583 1585 1585 1588 1588 1589 1589 1588 1588 1585 1585 1588 1588 1589 1589 1590 1590 807 807 1591 1591 1589 1589 1592 1592 1589 1589 1591 1591 1589 1589 1592 1592 838 838 829 829 1593 1593 838 838 1594 1594 838 838 1593 1593 838 838 1594 1594 1589 1589 1595 1595 1589 1589 1594 1594 1589 1589 1595 1595 1590 1590 752 752 798 798 1596 1596 800 800 1596 1596 798 798 793 793 795 795 1597 1597 753 753 1597 1597 795 795 1540 1540 733 733 1541 1541 789 789 1541 1541 733 733 1541 1541 789 789 791 791 805 805 807 807 1533 1533 1589 1589 1533 1533 807 807 1533 1533 1589 1589 1598 1598 1585 1585 1598 1598 1589 1589 1598 1598 1585 1585 1599 1599 1580 1580 1599 1599 1585 1585 1599 1599 1580 1580 1600 1600 1576 1576 1600 1600 1580 1580 1600 1600 1576 1576 1536 1536 1572 1572 1536 1536 1576 1576 1536 1536 1572 1572 1534 1534 1574 1574 1534 1534 1572 1572 791 791 793 793 1541 1541 1597 1597 1541 1541 793 793 1541 1541 1597 1597 1543 1543 1601 1601 1543 1543 1597 1597 1543 1543 1601 1601 1545 1545 1602 1602 1545 1545 1601 1601 1545 1545 1602 1602 1548 1548 1603 1603 1548 1548 1602 1602 1548 1548 1603 1603 1550 1550 1604 1604 1550 1550 1603 1603 1550 1550 1604 1604 1553 1553 1605 1605 1553 1553 1604 1604 1553 1553 1605 1605 1554 1554 1560 1560 1554 1554 1605 1605 1554 1554 1560 1560 1555 1555 1561 1561 1555 1555 1560 1560 753 753 752 752 1597 1597 1596 1596 1597 1597 752 752 1597 1597 1596 1596 1601 1601 1606 1606 1601 1601 1596 1596 1601 1601 1606 1606 1602 1602 1607 1607 1602 1602 1606 1606 1602 1602 1607 1607 1603 1603 1608 1608 1603 1603 1607 1607 1603 1603 1608 1608 1604 1604 1609 1609 1604 1604 1608 1608 1604 1604 1609 1609 1605 1605 1610 1610 1605 1605 1609 1609 1605 1605 1610 1610 1560 1560 1539 1539 1560 1560 1610 1610 1560 1560 1539 1539 1558 1558 1538 1538 1558 1558 1539 1539 800 800 802 802 1596 1596 1533 1533 1596 1596 802 802 1596 1596 1533 1533 1606 1606 1598 1598 1606 1606 1533 1533 1606 1606 1598 1598 1607 1607 1599 1599 1607 1607 1598 1598 1607 1607 1599 1599 1608 1608 1600 1600 1608 1608 1599 1599 1608 1608 1600 1600 1609 1609 1536 1536 1609 1609 1600 1600 1609 1609 1536 1536 1610 1610 1535 1535 1610 1610 1536 1536 1610 1610 1535 1535 1539 1539 1564 1564 1539 1539 1535 1535 1539 1539 1564 1564 1537 1537 1566 1566 1537 1537 1564 1564 1611 1611 1612 1612 1613 1613 1614 1614 1613 1613 1612 1612 1613 1613 1614 1614 1254 1254 1615 1615 1255 1255 1616 1616 1254 1254 1616 1616 1255 1255 1616 1616 1254 1254 1617 1617 1614 1614 1617 1617 1254 1254 1615 1615 1618 1618 1255 1255 1619 1619 1255 1255 1618 1618 1255 1255 1619 1619 1273 1273 1619 1619 1620 1620 1273 1273 1621 1621 1273 1273 1620 1620 1273 1273 1621 1621 1622 1622 1623 1623 1622 1622 1621 1621 1623 1623 1624 1624 1622 1622 1625 1625 1622 1622 1624 1624 1622 1622 1625 1625 1626 1626 1626 1626 1627 1627 1622 1622 1628 1628 1622 1622 1627 1627 1622 1622 1628 1628 1629 1629 1630 1630 1629 1629 1628 1628 1630 1630 1631 1631 1629 1629 1632 1632 1629 1629 1631 1631 1629 1629 1632 1632 1633 1633 1633 1633 1634 1634 1629 1629 1635 1635 1629 1629 1634 1634 1629 1629 1635 1635 1636 1636 1635 1635 1637 1637 1636 1636 1638 1638 1636 1636 1637 1637 1636 1636 1638 1638 1639 1639 1638 1638 1640 1640 1639 1639 1641 1641 1639 1639 1640 1640 1639 1639 1641 1641 1642 1642 1641 1641 1643 1643 1642 1642 1644 1644 1642 1642 1643 1643 1642 1642 1644 1644 1645 1645 1644 1644 1646 1646 1645 1645 1647 1647 1645 1645 1646 1646 1645 1645 1647 1647 1648 1648 1647 1647 1649 1649 1648 1648 1650 1650 1648 1648 1649 1649 1648 1648 1650 1650 1651 1651 1652 1652 1651 1651 1650 1650 1651 1651 1652 1652 1653 1653 1654 1654 1655 1655 1656 1656 1653 1653 1657 1657 1651 1651 1658 1658 1651 1651 1657 1657 1651 1651 1658 1658 1659 1659 1654 1654 1659 1659 1658 1658 1659 1659 1654 1654 1660 1660 1656 1656 1660 1660 1654 1654 1655 1655 1654 1654 1661 1661 1662 1662 1661 1661 1654 1654 1661 1661 1662 1662 1663 1663 1663 1663 1664 1664 1661 1661 1665 1665 1661 1661 1664 1664 1661 1661 1665 1665 1666 1666 1667 1667 1668 1668 1669 1669 1670 1670 1669 1669 1668 1668 1670 1670 1671 1671 1669 1669 1672 1672 1669 1669 1671 1671 1669 1669 1672 1672 1252 1252 1673 1673 1252 1252 1672 1672 1252 1252 1673 1673 1674 1674 1673 1673 1675 1675 1674 1674 1676 1676 1674 1674 1675 1675 1674 1674 1676 1676 1275 1275 1677 1677 1275 1275 1676 1676 1275 1275 1677 1677 1613 1613 1678 1678 1613 1613 1677 1677 1613 1613 1678 1678 1611 1611 1200 1200 1679 1679 1201 1201 1680 1680 1201 1201 1679 1679 1201 1201 1680 1680 1216 1216 1214 1214 1216 1216 1680 1680 1681 1681 1682 1682 1683 1683 1684 1684 1683 1683 1682 1682 1683 1683 1684 1684 1244 1244 1685 1685 1244 1244 1684 1684 1244 1244 1685 1685 1200 1200 1686 1686 1200 1200 1685 1685 1200 1200 1686 1686 1679 1679 1629 1629 1687 1687 1622 1622 1688 1688 1622 1622 1687 1687 1622 1622 1688 1688 1271 1271 1689 1689 1271 1271 1688 1688 1271 1271 1689 1689 1270 1270 1690 1690 1270 1270 1689 1689 1270 1270 1690 1690 1681 1681 1691 1691 1681 1681 1690 1690 1681 1681 1691 1691 1682 1682 1692 1692 1693 1693 1694 1694 1695 1695 1694 1694 1693 1693 1694 1694 1695 1695 1696 1696 1697 1697 1696 1696 1695 1695 1696 1696 1697 1697 1698 1698 1699 1699 1698 1698 1697 1697 1698 1698 1699 1699 1700 1700 1692 1692 1694 1694 1701 1701 1702 1702 1701 1701 1694 1694 1701 1701 1702 1702 1703 1703 1704 1704 1705 1705 1706 1706 1707 1707 1706 1706 1705 1705 1706 1706 1707 1707 1708 1708 1708 1708 1709 1709 1706 1706 1710 1710 1706 1706 1709 1709 1706 1706 1710 1710 1711 1711 1711 1711 1712 1712 1706 1706 1713 1713 1706 1706 1712 1712 1706 1706 1713 1713 1714 1714 1713 1713 1715 1715 1714 1714 1716 1716 1714 1714 1715 1715 1714 1714 1716 1716 1717 1717 1716 1716 1718 1718 1717 1717 1719 1719 1717 1717 1718 1718 1717 1717 1719 1719 1720 1720 1719 1719 1721 1721 1720 1720 1722 1722 1720 1720 1721 1721 1720 1720 1722 1722 1723 1723 1724 1724 1725 1725 1703 1703 1722 1722 1726 1726 1723 1723 1727 1727 1723 1723 1726 1726 1723 1723 1727 1727 1703 1703 1728 1728 1703 1703 1727 1727 1703 1703 1728 1728 1724 1724 1725 1725 1729 1729 1703 1703 1730 1730 1703 1703 1729 1729 1703 1703 1730 1730 1731 1731 1732 1732 1733 1733 1701 1701 1731 1731 1734 1734 1703 1703 1735 1735 1703 1703 1734 1734 1703 1703 1735 1735 1701 1701 1736 1736 1701 1701 1735 1735 1701 1701 1736 1736 1732 1732 1733 1733 1737 1737 1701 1701 1738 1738 1701 1701 1737 1737 1701 1701 1738 1738 1739 1739 1739 1739 1740 1740 1701 1701 1741 1741 1701 1701 1740 1740 1701 1701 1741 1741 1742 1742 1743 1743 1742 1742 1741 1741 1742 1742 1743 1743 1744 1744 1743 1743 1745 1745 1744 1744 1746 1746 1744 1744 1745 1745 1744 1744 1746 1746 1747 1747 1746 1746 1748 1748 1747 1747 1749 1749 1747 1747 1748 1748 1747 1747 1749 1749 1750 1750 1749 1749 1751 1751 1750 1750 1752 1752 1750 1750 1751 1751 1750 1750 1752 1752 1753 1753 1752 1752 1754 1754 1753 1753 1755 1755 1753 1753 1754 1754 1753 1753 1755 1755 1756 1756 1757 1757 1756 1756 1755 1755 1756 1756 1757 1757 1758 1758 1758 1758 1759 1759 1756 1756 1760 1760 1756 1756 1759 1759 1756 1756 1760 1760 1761 1761 1761 1761 1762 1762 1756 1756 1763 1763 1756 1756 1762 1762 1756 1756 1763 1763 1764 1764 1764 1764 1704 1704 1756 1756 1706 1706 1756 1756 1704 1704 1756 1756 1706 1706 1765 1765 1765 1765 1706 1706 1766 1766 1767 1767 1766 1766 1706 1706 1766 1766 1767 1767 1768 1768 1769 1769 1770 1770 1771 1771 1772 1772 1771 1771 1770 1770 1771 1771 1772 1772 1773 1773 1768 1768 1767 1767 1771 1771 1774 1774 1771 1771 1767 1767 1771 1771 1774 1774 1769 1769 1775 1775 1776 1776 1777 1777 1778 1778 1777 1777 1776 1776 1777 1777 1778 1778 1772 1772 1779 1779 1772 1772 1778 1778 1772 1772 1779 1779 1773 1773 161 161 1780 1780 1781 1781 161 161 1781 1781 167 167 1782 1782 167 167 1781 1781 167 167 1782 1782 168 168 1783 1783 168 168 1782 1782 168 168 1783 1783 1775 1775 1784 1784 1775 1775 1783 1783 1775 1775 1784 1784 1776 1776 170 170 1785 1785 171 171 1780 1780 171 171 1785 1785 171 171 1780 1780 160 160 161 161 160 160 1780 1780 1786 1786 1787 1787 1788 1788 1788 1788 1789 1789 1786 1786 1790 1790 1786 1786 1789 1789 1786 1786 1790 1790 1791 1791 1792 1792 1791 1791 1790 1790 1791 1791 1792 1792 1793 1793 1794 1794 1793 1793 1792 1792 1793 1793 1794 1794 1795 1795 1796 1796 1795 1795 1794 1794 1795 1795 1796 1796 1797 1797 1798 1798 1797 1797 1796 1796 1797 1797 1798 1798 1700 1700 1799 1799 1700 1700 1798 1798 1700 1700 1799 1799 1698 1698 1800 1800 1801 1801 1802 1802 1803 1803 1802 1802 1801 1801 1802 1802 1803 1803 1804 1804 1805 1805 1804 1804 1803 1803 1804 1804 1805 1805 1787 1787 1806 1806 1787 1787 1805 1805 1787 1787 1806 1806 1788 1788 1807 1807 1808 1808 1809 1809 1800 1800 1809 1809 1808 1808 1809 1809 1800 1800 1810 1810 1802 1802 1810 1810 1800 1800 1811 1811 1812 1812 1813 1813 1814 1814 1813 1813 1812 1812 1813 1813 1814 1814 1815 1815 1816 1816 1815 1815 1814 1814 1815 1815 1816 1816 1817 1817 1818 1818 1817 1817 1816 1816 1817 1817 1818 1818 1819 1819 1820 1820 1819 1819 1818 1818 1819 1819 1820 1820 1821 1821 1822 1822 1821 1821 1820 1820 1821 1821 1822 1822 1823 1823 1824 1824 1823 1823 1822 1822 1823 1823 1824 1824 1807 1807 1825 1825 1807 1807 1824 1824 1807 1807 1825 1825 1808 1808 1826 1826 1827 1827 1828 1828 1828 1828 1829 1829 1826 1826 1830 1830 1826 1826 1829 1829 1826 1826 1830 1830 1831 1831 1813 1813 1832 1832 1811 1811 1833 1833 1811 1811 1832 1832 1811 1811 1833 1833 1834 1834 1835 1835 1834 1834 1833 1833 1834 1834 1835 1835 1836 1836 1828 1828 1836 1836 1835 1835 1836 1836 1828 1828 1837 1837 1827 1827 1837 1837 1828 1828 1838 1838 1839 1839 1840 1840 1841 1841 1840 1840 1839 1839 1840 1840 1841 1841 1842 1842 1843 1843 1842 1842 1841 1841 1842 1842 1843 1843 1844 1844 1843 1843 1845 1845 1844 1844 1846 1846 1844 1844 1845 1845 1844 1844 1846 1846 1847 1847 1848 1848 1847 1847 1846 1846 1847 1847 1848 1848 1849 1849 1850 1850 1849 1849 1848 1848 1849 1849 1850 1850 1831 1831 1851 1851 1831 1831 1850 1850 1831 1831 1851 1851 1826 1826 1852 1852 1853 1853 1854 1854 1855 1855 1854 1854 1853 1853 1854 1854 1855 1855 1856 1856 1857 1857 1856 1856 1855 1855 1856 1856 1857 1857 1838 1838 1858 1858 1838 1838 1857 1857 1838 1838 1858 1858 1839 1839 1859 1859 1860 1860 1861 1861 1862 1862 1861 1861 1860 1860 1861 1861 1862 1862 1863 1863 1864 1864 1863 1863 1862 1862 1863 1863 1864 1864 1865 1865 1866 1866 1865 1865 1864 1864 1865 1865 1866 1866 1852 1852 1867 1867 1852 1852 1866 1866 1852 1852 1867 1867 1853 1853 1868 1868 1869 1869 1870 1870 1859 1859 1861 1861 1870 1870 1871 1871 1870 1870 1861 1861 1870 1870 1871 1871 1868 1868 1869 1869 1868 1868 1260 1260 1872 1872 1260 1260 1868 1868 1260 1260 1872 1872 1873 1873 1874 1874 1873 1873 1872 1872 1873 1873 1874 1874 1258 1258 1875 1875 1258 1258 1874 1874 1258 1258 1875 1875 1279 1279 1876 1876 1279 1279 1875 1875 1279 1279 1876 1876 1280 1280 1661 1661 1280 1280 1876 1876 1280 1280 1661 1661 1669 1669 1666 1666 1669 1669 1661 1661 1669 1669 1666 1666 1667 1667 1877 1877 1878 1878 1879 1879 1880 1880 1879 1879 1878 1878 1879 1879 1880 1880 1881 1881 1882 1882 1881 1881 1880 1880 1881 1881 1882 1882 1883 1883 1884 1884 1883 1883 1882 1882 1883 1883 1884 1884 1885 1885 1886 1886 1885 1885 1884 1884 1885 1885 1886 1886 1887 1887 1888 1888 1887 1887 1886 1886 1887 1887 1888 1888 1889 1889 1890 1890 1889 1889 1888 1888 1889 1889 1890 1890 1891 1891 1892 1892 1891 1891 1890 1890 1891 1891 1892 1892 1893 1893 1894 1894 1893 1893 1892 1892 1893 1893 1894 1894 1895 1895 1896 1896 1895 1895 1894 1894 1895 1895 1896 1896 1897 1897 1898 1898 1897 1897 1896 1896 1897 1897 1898 1898 1899 1899 1900 1900 1899 1899 1898 1898 1899 1899 1900 1900 1901 1901 1902 1902 1901 1901 1900 1900 1901 1901 1902 1902 1903 1903 1904 1904 1903 1903 1902 1902 1903 1903 1904 1904 1905 1905 1906 1906 1905 1905 1904 1904 1905 1905 1906 1906 1907 1907 1908 1908 1907 1907 1906 1906 1907 1907 1908 1908 1909 1909 1910 1910 1909 1909 1908 1908 1909 1909 1910 1910 1911 1911 1912 1912 1911 1911 1910 1910 1911 1911 1912 1912 1913 1913 1914 1914 1913 1913 1912 1912 1913 1913 1914 1914 1915 1915 1916 1916 1915 1915 1914 1914 1915 1915 1916 1916 1917 1917 1918 1918 1917 1917 1916 1916 1917 1917 1918 1918 1919 1919 1920 1920 1919 1919 1918 1918 1919 1919 1920 1920 1921 1921 1922 1922 1921 1921 1920 1920 1921 1921 1922 1922 1923 1923 1924 1924 1923 1923 1922 1922 1923 1923 1924 1924 1877 1877 1878 1878 1877 1877 1924 1924 1925 1925 1926 1926 1927 1927 1928 1928 1929 1929 1930 1930 1931 1931 1932 1932 1933 1933 1934 1934 1935 1935 1936 1936 1937 1937 1938 1938 1939 1939 1940 1940 1941 1941 1942 1942 1943 1943 1944 1944 1945 1945 1946 1946 1945 1945 1944 1944 1945 1945 1946 1946 1947 1947 1948 1948 1947 1947 1946 1946 1947 1947 1948 1948 1949 1949 1950 1950 1949 1949 1948 1948 1949 1949 1950 1950 1951 1951 1943 1943 1945 1945 1952 1952 1953 1953 1952 1952 1945 1945 1952 1952 1953 1953 1954 1954 1954 1954 1953 1953 1955 1955 1956 1956 1955 1955 1953 1953 1955 1955 1956 1956 1957 1957 1958 1958 1959 1959 1956 1956 1960 1960 1956 1956 1959 1959 1956 1956 1960 1960 1957 1957 1961 1961 1962 1962 1963 1963 1964 1964 1963 1963 1962 1962 1963 1963 1964 1964 1958 1958 1965 1965 1958 1958 1964 1964 1958 1958 1965 1965 1959 1959 1966 1966 1967 1967 1968 1968 1969 1969 1968 1968 1967 1967 1961 1961 1963 1963 1970 1970 1968 1968 1970 1970 1963 1963 1970 1970 1968 1968 1971 1971 1969 1969 1971 1971 1968 1968 1971 1971 1969 1969 1972 1972 1973 1973 1974 1974 1975 1975 1976 1976 1975 1975 1974 1974 1977 1977 1978 1978 1979 1979 1980 1980 1979 1979 1978 1978 1979 1979 1980 1980 1981 1981 1982 1982 1983 1983 1984 1984 1985 1985 1984 1984 1983 1983 1986 1986 1987 1987 1988 1988 1940 1940 1942 1942 1989 1989 1990 1990 1987 1987 1991 1991 1992 1992 1991 1991 1987 1987 1993 1993 1994 1994 1986 1986 1994 1994 1995 1995 1986 1986 1996 1996 1986 1986 1995 1995 1986 1986 1996 1996 1987 1987 1997 1997 1987 1987 1996 1996 1987 1987 1997 1997 1992 1992 1939 1939 1938 1938 1998 1998 1938 1938 1999 1999 1998 1998 2000 2000 1998 1998 1999 1999 1998 1998 2000 2000 1986 1986 2001 2001 1986 1986 2000 2000 1986 1986 2001 2001 1993 1993 1935 1935 2002 2002 1936 1936 2003 2003 1936 1936 2002 2002 1936 1936 2003 2003 1939 1939 2004 2004 1939 1939 2003 2003 1939 1939 2004 2004 1937 1937 2005 2005 2006 2006 2007 2007 2008 2008 2007 2007 2006 2006 2007 2007 2008 2008 2009 2009 2010 2010 2009 2009 2008 2008 2011 2011 2012 2012 2013 2013 2014 2014 2013 2013 2012 2012 2013 2013 2014 2014 2008 2008 2015 2015 2008 2008 2014 2014 2008 2008 2015 2015 2010 2010 2016 2016 2017 2017 2018 2018 2019 2019 2018 2018 2017 2017 2018 2018 2019 2019 2020 2020 2020 2020 2021 2021 2018 2018 2022 2022 2018 2018 2021 2021 2018 2018 2022 2022 2013 2013 2023 2023 2013 2013 2022 2022 2013 2013 2023 2023 2011 2011 1931 1931 1933 1933 2024 2024 1925 1925 1927 1927 2025 2025 1988 1988 1989 1989 1986 1986 1942 1942 1986 1986 1989 1989 1986 1986 1942 1942 1998 1998 2026 2026 1998 1998 1942 1942 1998 1998 2026 2026 1939 1939 2027 2027 1939 1939 2026 2026 1939 1939 2027 2027 1936 1936 2006 2006 1936 1936 2027 2027 1936 1936 2006 2006 1934 1934 2005 2005 1934 1934 2006 2006 1941 1941 1985 1985 1942 1942 1983 1983 1942 1942 1985 1985 1942 1942 1983 1983 2026 2026 2028 2028 2026 2026 1983 1983 2026 2026 2028 2028 2027 2027 2029 2029 2027 2027 2028 2028 2027 2027 2029 2029 2006 2006 2030 2030 2006 2006 2029 2029 2006 2006 2030 2030 2008 2008 2031 2031 2008 2008 2030 2030 2008 2008 2031 2031 2013 2013 2032 2032 2013 2013 2031 2031 2013 2013 2032 2032 2018 2018 1933 1933 2018 2018 2032 2032 2018 2018 1933 1933 2016 2016 1932 1932 2016 2016 1933 1933 1982 1982 1977 1977 1983 1983 1979 1979 1983 1983 1977 1977 1983 1983 1979 1979 2028 2028 2033 2033 2028 2028 1979 1979 2028 2028 2033 2033 2029 2029 2034 2034 2029 2029 2033 2033 2029 2029 2034 2034 2030 2030 2035 2035 2030 2030 2034 2034 2030 2030 2035 2035 2031 2031 2036 2036 2031 2031 2035 2035 2031 2031 2036 2036 2032 2032 2037 2037 2032 2032 2036 2036 2032 2032 2037 2037 1933 1933 1930 1930 1933 1933 2037 2037 1933 1933 1930 1930 2024 2024 1929 1929 2024 2024 1930 1930 1981 1981 1973 1973 1979 1979 1975 1975 1979 1979 1973 1973 1979 1979 1975 1975 2033 2033 2038 2038 2033 2033 1975 1975 2033 2033 2038 2038 2034 2034 2039 2039 2034 2034 2038 2038 2034 2034 2039 2039 2035 2035 2040 2040 2035 2035 2039 2039 2035 2035 2040 2040 2036 2036 2041 2041 2036 2036 2040 2040 2036 2036 2041 2041 2037 2037 2042 2042 2037 2037 2041 2041 2037 2037 2042 2042 1930 1930 1927 1927 1930 1930 2042 2042 1930 1930 1927 1927 1928 1928 1926 1926 1928 1928 1927 1927 1976 1976 1966 1966 1975 1975 1968 1968 1975 1975 1966 1966 1975 1975 1968 1968 2038 2038 1963 1963 2038 2038 1968 1968 2038 2038 1963 1963 2039 2039 1958 1958 2039 2039 1963 1963 2039 2039 1958 1958 2040 2040 1956 1956 2040 2040 1958 1958 2040 2040 1956 1956 2041 2041 1953 1953 2041 2041 1956 1956 2041 2041 1953 1953 2042 2042 1945 1945 2042 2042 1953 1953 2042 2042 1945 1945 1927 1927 1947 1947 1927 1927 1945 1945 1927 1927 1947 1947 2025 2025 1949 1949 2025 2025 1947 1947 2043 2043 2044 2044 2045 2045 2046 2046 2047 2047 2045 2045 2048 2048 2045 2045 2047 2047 2045 2045 2048 2048 2043 2043 2049 2049 2050 2050 2051 2051 2049 2049 2051 2051 2052 2052 2050 2050 2053 2053 2051 2051 2054 2054 2051 2051 2053 2053 2051 2051 2054 2054 2048 2048 2055 2055 2048 2048 2054 2054 2048 2048 2055 2055 2043 2043 2051 2051 2056 2056 2052 2052 2057 2057 2052 2052 2056 2056 2052 2052 2057 2057 2058 2058 2059 2059 2058 2058 2057 2057 2058 2058 2059 2059 2060 2060 2060 2060 2059 2059 2061 2061 2062 2062 2061 2061 2059 2059 2061 2061 2062 2062 2063 2063 2064 2064 2063 2063 2062 2062 2063 2063 2064 2064 2065 2065 2066 2066 2065 2065 2064 2064 2065 2065 2066 2066 2067 2067 2068 2068 2069 2069 2070 2070 2071 2071 2072 2072 2073 2073 2074 2074 2073 2073 2072 2072 2073 2073 2074 2074 2075 2075 2071 2071 2073 2073 2076 2076 2077 2077 2076 2076 2073 2073 2076 2076 2077 2077 2078 2078 2078 2078 2077 2077 2079 2079 2080 2080 2079 2079 2077 2077 2079 2079 2080 2080 2081 2081 2081 2081 2080 2080 2082 2082 2083 2083 2082 2082 2080 2080 2082 2082 2083 2083 2084 2084 2084 2084 2083 2083 2085 2085 2086 2086 2085 2085 2083 2083 2085 2085 2086 2086 2087 2087 2087 2087 2086 2086 2088 2088 2089 2089 2088 2088 2086 2086 2088 2088 2089 2089 2090 2090 2070 2070 2069 2069 2091 2091 2069 2069 2092 2092 2091 2091 2093 2093 2091 2091 2092 2092 2091 2091 2093 2093 2089 2089 2094 2094 2089 2089 2093 2093 2089 2089 2094 2094 2090 2090 2068 2068 2070 2070 2095 2095 2096 2096 2095 2095 2070 2070 2095 2095 2096 2096 2097 2097 2098 2098 2099 2099 2100 2100 2100 2100 2101 2101 2098 2098 2102 2102 2098 2098 2101 2101 2098 2098 2102 2102 2096 2096 2103 2103 2096 2096 2102 2102 2096 2096 2103 2103 2097 2097 2104 2104 2105 2105 2106 2106 2107 2107 2106 2106 2105 2105 2106 2106 2107 2107 2099 2099 2108 2108 2099 2099 2107 2107 2099 2099 2108 2108 2100 2100 2109 2109 2110 2110 2104 2104 2111 2111 2104 2104 2110 2110 2104 2104 2111 2111 2105 2105 2112 2112 2113 2113 2109 2109 2114 2114 2109 2109 2113 2113 2109 2109 2114 2114 2110 2110 2112 2112 2109 2109 2115 2115 2116 2116 2115 2115 2109 2109 2115 2115 2116 2116 2117 2117 2118 2118 2117 2117 2116 2116 2117 2117 2118 2118 2119 2119 2120 2120 2121 2121 2118 2118 2122 2122 2118 2118 2121 2121 2118 2118 2122 2122 2119 2119 2123 2123 2124 2124 2120 2120 2125 2125 2120 2120 2124 2124 2120 2120 2125 2125 2121 2121 2126 2126 2127 2127 2123 2123 2128 2128 2123 2123 2127 2127 2123 2123 2128 2128 2124 2124 2129 2129 2130 2130 2126 2126 2131 2131 2126 2126 2130 2130 2126 2126 2131 2131 2127 2127 2132 2132 2133 2133 2129 2129 2134 2134 2129 2129 2133 2133 2129 2129 2134 2134 2130 2130 2135 2135 2136 2136 2132 2132 2137 2137 2132 2132 2136 2136 2132 2132 2137 2137 2133 2133 2138 2138 2139 2139 2135 2135 2140 2140 2135 2135 2139 2139 2135 2135 2140 2140 2136 2136 2074 2074 2141 2141 2075 2075 2142 2142 2075 2075 2141 2141 2075 2075 2142 2142 2138 2138 2143 2143 2138 2138 2142 2142 2138 2138 2143 2143 2139 2139 2144 2144 2145 2145 2146 2146 2147 2147 2148 2148 2149 2149 2150 2150 2149 2149 2148 2148 2149 2149 2150 2150 2151 2151 2152 2152 2151 2151 2150 2150 2151 2151 2152 2152 2153 2153 2154 2154 2153 2153 2152 2152 2153 2153 2154 2154 2155 2155 2156 2156 2155 2155 2154 2154 2155 2155 2156 2156 2157 2157 2158 2158 2157 2157 2156 2156 2157 2157 2158 2158 2159 2159 2160 2160 2159 2159 2158 2158 2159 2159 2160 2160 2161 2161 2162 2162 2161 2161 2160 2160 2161 2161 2162 2162 2163 2163 2164 2164 2163 2163 2162 2162 2163 2163 2164 2164 2165 2165 2166 2166 2165 2165 2164 2164 2145 2145 2144 2144 2164 2164 2167 2167 2164 2164 2144 2144 2164 2164 2167 2167 2166 2166 2146 2146 2168 2168 2144 2144 2169 2169 2144 2144 2168 2168 2144 2144 2169 2169 2170 2170 2171 2171 2172 2172 2173 2173 2174 2174 2173 2173 2172 2172 2173 2173 2174 2174 2175 2175 2176 2176 2175 2175 2174 2174 2175 2175 2176 2176 2177 2177 2178 2178 2177 2177 2176 2176 2177 2177 2178 2178 2179 2179 2180 2180 2179 2179 2178 2178 2179 2179 2180 2180 2170 2170 2181 2181 2170 2170 2180 2180 2170 2170 2181 2181 2144 2144 2182 2182 2183 2183 2184 2184 2183 2183 2185 2185 2184 2184 2186 2186 2184 2184 2185 2185 2184 2184 2186 2186 2171 2171 2187 2187 2171 2171 2186 2186 2171 2171 2187 2187 2172 2172 2184 2184 2188 2188 2182 2182 2189 2189 2182 2182 2188 2188 2182 2182 2189 2189 2190 2190 2191 2191 2190 2190 2189 2189 2190 2190 2191 2191 2192 2192 2193 2193 2192 2192 2191 2191 2192 2192 2193 2193 1563 1563 2019 2019 1563 1563 2193 2193 2194 2194 2195 2195 2196 2196 2197 2197 2196 2196 2195 2195 2196 2196 2197 2197 2198 2198 2199 2199 2198 2198 2197 2197 2198 2198 2199 2199 2200 2200 2201 2201 2200 2200 2199 2199 2200 2200 2201 2201 2202 2202 2203 2203 2202 2202 2201 2201 2202 2202 2203 2203 2204 2204 2205 2205 2204 2204 2203 2203 2204 2204 2205 2205 2206 2206 2207 2207 2206 2206 2205 2205 2206 2206 2207 2207 2208 2208 2209 2209 2208 2208 2207 2207 2208 2208 2209 2209 2210 2210 2211 2211 2210 2210 2209 2209 2210 2210 2211 2211 2212 2212 2213 2213 2212 2212 2211 2211 2212 2212 2213 2213 2214 2214 2215 2215 2214 2214 2213 2213 2214 2214 2215 2215 2216 2216 2217 2217 2216 2216 2215 2215 2216 2216 2217 2217 2218 2218 2219 2219 2218 2218 2217 2217 2218 2218 2219 2219 2220 2220 2221 2221 2220 2220 2219 2219 2220 2220 2221 2221 2222 2222 2223 2223 2222 2222 2221 2221 2222 2222 2223 2223 2224 2224 2225 2225 2224 2224 2223 2223 2224 2224 2225 2225 2226 2226 2227 2227 2226 2226 2225 2225 2226 2226 2227 2227 2228 2228 2229 2229 2228 2228 2227 2227 2228 2228 2229 2229 2230 2230 2231 2231 2230 2230 2229 2229 2230 2230 2231 2231 2232 2232 2233 2233 2232 2232 2231 2231 2232 2232 2233 2233 2234 2234 2235 2235 2234 2234 2233 2233 2234 2234 2235 2235 2236 2236 2237 2237 2236 2236 2235 2235 2236 2236 2237 2237 2238 2238 2239 2239 2238 2238 2237 2237 2238 2238 2239 2239 2240 2240 2241 2241 2240 2240 2239 2239 2240 2240 2241 2241 2194 2194 2195 2195 2194 2194 2241 2241 2242 2242 2243 2243 2244 2244 2245 2245 2244 2244 2243 2243 2244 2244 2245 2245 2246 2246 2247 2247 2246 2246 2245 2245 2246 2246 2247 2247 2248 2248 2249 2249 2248 2248 2247 2247 2250 2250 2251 2251 2252 2252 2253 2253 2252 2252 2251 2251 2252 2252 2253 2253 2254 2254 2255 2255 2254 2254 2253 2253 2244 2244 2256 2256 2242 2242 2257 2257 2242 2242 2256 2256 2242 2242 2257 2257 2258 2258 2259 2259 2258 2258 2257 2257 2258 2258 2259 2259 2255 2255 2260 2260 2255 2255 2259 2259 2255 2255 2260 2260 2254 2254 2261 2261 2262 2262 2263 2263 2262 2262 2264 2264 2263 2263 2265 2265 2263 2263 2264 2264 2263 2263 2265 2265 2266 2266 2267 2267 2266 2266 2265 2265 2266 2266 2267 2267 2268 2268 2269 2269 2268 2268 2267 2267 2268 2268 2269 2269 2270 2270 2250 2250 2270 2270 2269 2269 2270 2270 2250 2250 2271 2271 2252 2252 2271 2271 2250 2250 2272 2272 2273 2273 2274 2274 2275 2275 2274 2274 2273 2273 2261 2261 2263 2263 2276 2276 2277 2277 2276 2276 2263 2263 2276 2276 2277 2277 2278 2278 2277 2277 2279 2279 2278 2278 2280 2280 2278 2278 2279 2279 2278 2278 2280 2280 2276 2276 2281 2281 2276 2276 2280 2280 2276 2276 2281 2281 2282 2282 2273 2273 2282 2282 2281 2281 2282 2282 2273 2273 2283 2283 2272 2272 2283 2283 2273 2273 2284 2284 2285 2285 2286 2286 2287 2287 2286 2286 2285 2285 2286 2286 2287 2287 2288 2288 2289 2289 2288 2288 2287 2287 2288 2288 2289 2289 2290 2290 2291 2291 2290 2290 2289 2289 2290 2290 2291 2291 2292 2292 2293 2293 2292 2292 2291 2291 2292 2292 2293 2293 2294 2294 2295 2295 2294 2294 2293 2293 2294 2294 2295 2295 2296 2296 2297 2297 2296 2296 2295 2295 2296 2296 2297 2297 2298 2298 2299 2299 2298 2298 2297 2297 2298 2298 2299 2299 2300 2300 2301 2301 2300 2300 2299 2299 2300 2300 2301 2301 2302 2302 2303 2303 2302 2302 2301 2301 2302 2302 2303 2303 2304 2304 2305 2305 2304 2304 2303 2303 2304 2304 2305 2305 2306 2306 2307 2307 2306 2306 2305 2305 2306 2306 2307 2307 2308 2308 2309 2309 2308 2308 2307 2307 2308 2308 2309 2309 2310 2310 2311 2311 2310 2310 2309 2309 2310 2310 2311 2311 2312 2312 2313 2313 2312 2312 2311 2311 2312 2312 2313 2313 2314 2314 2315 2315 2314 2314 2313 2313 2314 2314 2315 2315 2316 2316 2317 2317 2316 2316 2315 2315 2316 2316 2317 2317 2318 2318 2319 2319 2318 2318 2317 2317 2318 2318 2319 2319 2320 2320 2321 2321 2320 2320 2319 2319 2320 2320 2321 2321 2322 2322 2323 2323 2322 2322 2321 2321 2322 2322 2323 2323 2324 2324 2325 2325 2324 2324 2323 2323 2324 2324 2325 2325 2326 2326 2327 2327 2326 2326 2325 2325 2326 2326 2327 2327 2328 2328 2329 2329 2328 2328 2327 2327 2328 2328 2329 2329 2330 2330 2331 2331 2330 2330 2329 2329 2330 2330 2331 2331 2284 2284 2285 2285 2284 2284 2331 2331 2332 2332 2333 2333 2334 2334 2335 2335 2334 2334 2333 2333 2334 2334 2335 2335 2336 2336 2337 2337 2338 2338 2339 2339 1972 1972 2339 2339 2338 2338 2339 2339 1972 1972 2340 2340 2341 2341 2340 2340 1972 1972 2337 2337 2342 2342 2338 2338 2343 2343 2338 2338 2342 2342 2338 2338 2343 2343 2344 2344 2345 2345 2344 2344 2343 2343 2344 2344 2345 2345 2346 2346 2347 2347 2346 2346 2345 2345 2346 2346 2347 2347 2348 2348 2348 2348 2349 2349 2346 2346 2350 2350 2346 2346 2349 2349 2346 2346 2350 2350 2351 2351 2352 2352 2353 2353 643 643 2354 2354 643 643 2353 2353 643 643 2354 2354 2355 2355 2355 2355 2356 2356 643 643 2357 2357 643 643 2356 2356 643 643 2357 2357 644 644 2358 2358 645 645 2359 2359 644 644 2359 2359 645 645 2359 2359 644 644 2360 2360 2357 2357 2360 2360 644 644 2358 2358 2361 2361 645 645 2362 2362 645 645 2361 2361 645 645 2362 2362 646 646 2363 2363 647 647 2364 2364 646 646 2364 2364 647 647 2364 2364 646 646 2365 2365 2362 2362 2365 2365 646 646 649 649 2366 2366 2367 2367 649 649 2367 2367 606 606 2368 2368 606 606 2367 2367 606 606 2368 2368 607 607 2369 2369 607 607 2368 2368 607 607 2369 2369 648 648 2370 2370 648 648 2369 2369 648 648 2370 2370 609 609 2371 2371 609 609 2370 2370 609 609 2371 2371 610 610 2372 2372 610 610 2371 2371 610 610 2372 2372 639 639 2373 2373 639 639 2372 2372 639 639 2373 2373 640 640 2374 2374 640 640 2373 2373 640 640 2374 2374 642 642 2346 2346 642 642 2374 2374 642 642 2346 2346 643 643 2351 2351 643 643 2346 2346 643 643 2351 2351 2352 2352 649 649 2375 2375 2366 2366 654 654 2366 2366 2375 2375 2366 2366 654 654 2376 2376 653 653 2376 2376 654 654 2376 2376 653 653 2377 2377 2377 2377 653 653 2378 2378 652 652 2378 2378 653 653 2378 2378 652 652 2379 2379 604 604 2379 2379 652 652 2379 2379 604 604 2380 2380 604 604 603 603 2380 2380 601 601 2380 2380 603 603 2380 2380 601 601 2381 2381 600 600 2381 2381 601 601 2381 2381 600 600 2382 2382 598 598 2382 2382 600 600 2382 2382 598 598 2383 2383 597 597 2383 2383 598 598 2383 2383 597 597 2384 2384 655 655 2384 2384 597 597 2384 2384 655 655 2385 2385 2386 2386 2385 2385 655 655 2385 2385 2386 2386 2387 2387 2388 2388 2387 2387 2386 2386 2387 2387 2388 2388 2389 2389 2390 2390 2389 2389 2388 2388 2391 2391 2392 2392 2393 2393 2394 2394 2393 2393 2392 2392 2393 2393 2394 2394 2395 2395 2396 2396 2395 2395 2394 2394 2395 2395 2396 2396 2397 2397 2398 2398 2397 2397 2396 2396 2397 2397 2398 2398 2399 2399 2400 2400 2399 2399 2398 2398 2399 2399 2400 2400 2401 2401 2402 2402 2401 2401 2400 2400 2401 2401 2402 2402 2403 2403 2404 2404 2403 2403 2402 2402 2403 2403 2404 2404 2405 2405 2406 2406 2405 2405 2404 2404 2405 2405 2406 2406 2407 2407 2408 2408 2407 2407 2406 2406 2407 2407 2408 2408 2409 2409 2410 2410 2409 2409 2408 2408 2409 2409 2410 2410 2411 2411 2412 2412 2411 2411 2410 2410 2411 2411 2412 2412 2413 2413 2414 2414 2413 2413 2412 2412 2413 2413 2414 2414 2415 2415 2416 2416 2415 2415 2414 2414 2415 2415 2416 2416 2417 2417 2418 2418 2417 2417 2416 2416 2417 2417 2418 2418 2419 2419 2420 2420 2419 2419 2418 2418 2419 2419 2420 2420 2421 2421 2422 2422 2421 2421 2420 2420 2421 2421 2422 2422 2423 2423 2424 2424 2423 2423 2422 2422 2423 2423 2424 2424 2425 2425 2426 2426 2425 2425 2424 2424 2425 2425 2426 2426 2427 2427 2428 2428 2427 2427 2426 2426 2427 2427 2428 2428 2429 2429 2430 2430 2429 2429 2428 2428 2429 2429 2430 2430 2431 2431 2432 2432 2431 2431 2430 2430 2431 2431 2432 2432 2433 2433 2434 2434 2433 2433 2432 2432 2433 2433 2434 2434 2435 2435 2436 2436 2435 2435 2434 2434 2435 2435 2436 2436 2437 2437 2438 2438 2437 2437 2436 2436 2437 2437 2438 2438 2391 2391 2392 2392 2391 2391 2438 2438 2439 2439 2440 2440 2441 2441 2442 2442 2441 2441 2440 2440 2441 2441 2442 2442 2443 2443 2444 2444 2443 2443 2442 2442 2443 2443 2444 2444 2445 2445 2446 2446 2445 2445 2444 2444 2445 2445 2446 2446 2447 2447 2448 2448 2447 2447 2446 2446 2447 2447 2448 2448 2449 2449 2450 2450 2449 2449 2448 2448 2449 2449 2450 2450 2451 2451 2452 2452 2451 2451 2450 2450 2451 2451 2452 2452 2453 2453 2454 2454 2453 2453 2452 2452 2453 2453 2454 2454 2455 2455 2456 2456 2455 2455 2454 2454 2455 2455 2456 2456 2457 2457 2458 2458 2457 2457 2456 2456 2457 2457 2458 2458 2459 2459 2460 2460 2459 2459 2458 2458 2459 2459 2460 2460 2461 2461 2462 2462 2461 2461 2460 2460 2461 2461 2462 2462 2463 2463 2464 2464 2463 2463 2462 2462 2463 2463 2464 2464 2465 2465 2466 2466 2465 2465 2464 2464 2465 2465 2466 2466 2467 2467 2468 2468 2467 2467 2466 2466 2467 2467 2468 2468 2469 2469 2470 2470 2469 2469 2468 2468 2469 2469 2470 2470 2471 2471 2472 2472 2471 2471 2470 2470 2471 2471 2472 2472 2473 2473 2474 2474 2473 2473 2472 2472 2473 2473 2474 2474 2475 2475 2476 2476 2475 2475 2474 2474 2475 2475 2476 2476 2477 2477 2478 2478 2477 2477 2476 2476 2477 2477 2478 2478 2479 2479 2480 2480 2479 2479 2478 2478 2479 2479 2480 2480 2481 2481 2482 2482 2481 2481 2480 2480 2481 2481 2482 2482 2483 2483 2484 2484 2483 2483 2482 2482 2483 2483 2484 2484 2485 2485 2486 2486 2485 2485 2484 2484 2485 2485 2486 2486 2439 2439 2440 2440 2439 2439 2486 2486 2487 2487 2488 2488 2489 2489 2490 2490 2489 2489 2488 2488 2489 2489 2490 2490 2491 2491 2492 2492 2491 2491 2490 2490 2491 2491 2492 2492 2493 2493 2494 2494 2493 2493 2492 2492 2493 2493 2494 2494 2495 2495 2496 2496 2495 2495 2494 2494 2495 2495 2496 2496 2497 2497 2498 2498 2497 2497 2496 2496 2497 2497 2498 2498 2499 2499 2500 2500 2499 2499 2498 2498 2499 2499 2500 2500 2501 2501 2502 2502 2501 2501 2500 2500 2501 2501 2502 2502 2503 2503 2504 2504 2503 2503 2502 2502 2503 2503 2504 2504 2505 2505 2506 2506 2505 2505 2504 2504 2505 2505 2506 2506 2507 2507 2508 2508 2507 2507 2506 2506 2507 2507 2508 2508 2509 2509 2510 2510 2509 2509 2508 2508 2509 2509 2510 2510 2511 2511 2512 2512 2511 2511 2510 2510 2511 2511 2512 2512 2513 2513 2514 2514 2513 2513 2512 2512 2513 2513 2514 2514 2515 2515 2516 2516 2515 2515 2514 2514 2515 2515 2516 2516 2517 2517 2518 2518 2517 2517 2516 2516 2517 2517 2518 2518 2519 2519 2520 2520 2519 2519 2518 2518 2519 2519 2520 2520 2521 2521 2522 2522 2521 2521 2520 2520 2521 2521 2522 2522 2523 2523 2524 2524 2523 2523 2522 2522 2523 2523 2524 2524 2525 2525 2526 2526 2525 2525 2524 2524 2525 2525 2526 2526 2527 2527 2528 2528 2527 2527 2526 2526 2527 2527 2528 2528 2529 2529 2530 2530 2529 2529 2528 2528 2529 2529 2530 2530 2531 2531 2532 2532 2531 2531 2530 2530 2531 2531 2532 2532 2533 2533 2534 2534 2533 2533 2532 2532 2533 2533 2534 2534 2487 2487 2488 2488 2487 2487 2534 2534 2535 2535 2536 2536 2537 2537 2538 2538 2537 2537 2536 2536 2539 2539 2540 2540 2541 2541 2542 2542 2541 2541 2540 2540 2541 2541 2542 2542 2538 2538 2543 2543 2538 2538 2542 2542 2538 2538 2543 2543 2537 2537 2544 2544 2545 2545 2546 2546 2547 2547 2548 2548 2549 2549 2550 2550 2551 2551 2552 2552 2553 2553 2552 2552 2551 2551 2553 2553 2554 2554 2552 2552 2555 2555 2552 2552 2554 2554 2552 2552 2555 2555 2548 2548 2556 2556 2548 2548 2555 2555 2548 2548 2556 2556 2549 2549 2546 2546 2545 2545 2557 2557 2545 2545 2558 2558 2557 2557 2559 2559 2557 2557 2558 2558 2557 2557 2559 2559 2550 2550 2560 2560 2550 2550 2559 2559 2550 2550 2560 2560 2551 2551 2544 2544 2546 2546 2561 2561 2562 2562 2561 2561 2546 2546 2561 2561 2562 2562 2563 2563 2564 2564 2563 2563 2562 2562 2563 2563 2564 2564 2565 2565 2565 2565 2564 2564 2566 2566 2567 2567 2566 2566 2564 2564 2566 2566 2567 2567 2568 2568 2568 2568 2567 2567 2569 2569 2570 2570 2569 2569 2567 2567 2569 2569 2570 2570 2571 2571 2571 2571 2570 2570 2572 2572 2573 2573 2572 2572 2570 2570 2572 2572 2573 2573 2574 2574 2574 2574 2573 2573 2575 2575 2576 2576 2575 2575 2573 2573 2575 2575 2576 2576 2577 2577 2577 2577 2576 2576 2578 2578 2579 2579 2578 2578 2576 2576 2578 2578 2579 2579 2580 2580 2580 2580 2579 2579 2581 2581 2582 2582 2581 2581 2579 2579 2581 2581 2582 2582 2583 2583 2583 2583 2582 2582 2584 2584 2585 2585 2584 2584 2582 2582 2584 2584 2585 2585 2586 2586 2586 2586 2585 2585 2587 2587 2588 2588 2587 2587 2585 2585 2587 2587 2588 2588 2589 2589 2589 2589 2588 2588 2590 2590 2591 2591 2590 2590 2588 2588 2590 2590 2591 2591 2592 2592 2592 2592 2591 2591 2593 2593 2594 2594 2593 2593 2591 2591 2593 2593 2594 2594 2595 2595 2595 2595 2594 2594 2596 2596 2597 2597 2596 2596 2594 2594 2596 2596 2597 2597 2598 2598 2598 2598 2597 2597 2599 2599 2600 2600 2599 2599 2597 2597 2599 2599 2600 2600 2601 2601 2601 2601 2600 2600 2602 2602 2603 2603 2602 2602 2600 2600 2602 2602 2603 2603 2604 2604 2604 2604 2603 2603 2605 2605 2606 2606 2605 2605 2603 2603 2605 2605 2606 2606 2607 2607 2607 2607 2606 2606 2608 2608 2609 2609 2608 2608 2606 2606 2608 2608 2609 2609 2610 2610 2611 2611 2612 2612 2609 2609 2613 2613 2609 2609 2612 2612 2609 2609 2613 2613 2610 2610 2549 2549 2614 2614 2547 2547 2615 2615 2547 2547 2614 2614 2547 2547 2615 2615 2611 2611 2616 2616 2611 2611 2615 2615 2611 2611 2616 2616 2612 2612 2617 2617 2618 2618 2619 2619 2620 2620 2619 2619 2618 2618 2619 2619 2620 2620 2621 2621 2622 2622 2623 2623 2624 2624 2625 2625 2624 2624 2623 2623 2624 2624 2625 2625 2619 2619 2626 2626 2619 2619 2625 2625 2619 2619 2626 2626 2617 2617 2627 2627 2628 2628 2622 2622 2629 2629 2622 2622 2628 2628 2622 2622 2629 2629 2623 2623 2630 2630 2631 2631 2627 2627 2632 2632 2627 2627 2631 2631 2627 2627 2632 2632 2628 2628 2633 2633 2634 2634 2630 2630 2635 2635 2630 2630 2634 2634 2630 2630 2635 2635 2631 2631 2636 2636 2637 2637 2633 2633 2638 2638 2633 2633 2637 2637 2633 2633 2638 2638 2634 2634 2639 2639 2640 2640 2636 2636 2641 2641 2636 2636 2640 2640 2636 2636 2641 2641 2637 2637 2642 2642 2643 2643 2639 2639 2644 2644 2639 2639 2643 2643 2639 2639 2644 2644 2640 2640 2645 2645 2646 2646 2642 2642 2647 2647 2642 2642 2646 2646 2642 2642 2647 2647 2643 2643 2648 2648 2649 2649 2645 2645 2650 2650 2645 2645 2649 2649 2645 2645 2650 2650 2646 2646 2651 2651 2652 2652 2653 2653 2654 2654 2653 2653 2652 2652 2653 2653 2654 2654 2648 2648 2655 2655 2648 2648 2654 2654 2648 2648 2655 2655 2649 2649 2651 2651 2653 2653 2656 2656 2657 2657 2656 2656 2653 2653 2656 2656 2657 2657 2658 2658 2658 2658 2657 2657 2659 2659 2660 2660 2659 2659 2657 2657 2659 2659 2660 2660 2661 2661 2661 2661 2660 2660 2662 2662 2663 2663 2662 2662 2660 2660 2662 2662 2663 2663 2664 2664 2664 2664 2663 2663 2665 2665 2666 2666 2665 2665 2663 2663 2665 2665 2666 2666 2667 2667 2667 2667 2666 2666 2668 2668 2669 2669 2668 2668 2666 2666 2668 2668 2669 2669 2670 2670 2671 2671 2672 2672 2669 2669 2673 2673 2669 2669 2672 2672 2669 2669 2673 2673 2670 2670 2674 2674 2675 2675 2676 2676 2676 2676 2677 2677 2674 2674 2678 2678 2674 2674 2677 2677 2674 2674 2678 2678 2671 2671 2679 2679 2671 2671 2678 2678 2671 2671 2679 2679 2672 2672 2680 2680 2681 2681 2682 2682 2682 2682 2683 2683 2680 2680 2684 2684 2680 2680 2683 2683 2680 2680 2684 2684 2675 2675 2685 2685 2675 2675 2684 2684 2675 2675 2685 2685 2676 2676 2620 2620 2686 2686 2621 2621 2687 2687 2621 2621 2686 2686 2621 2621 2687 2687 2688 2688 2689 2689 2688 2688 2687 2687 2688 2688 2689 2689 2681 2681 2690 2690 2681 2681 2689 2689 2681 2681 2690 2690 2682 2682 2691 2691 2692 2692 2693 2693 2694 2694 2693 2693 2692 2692 2693 2693 2694 2694 2695 2695 2696 2696 2697 2697 2698 2698 2699 2699 2698 2698 2697 2697 2698 2698 2699 2699 2700 2700 2701 2701 2702 2702 2703 2703 2704 2704 2705 2705 2706 2706 2707 2707 2706 2706 2705 2705 2706 2706 2707 2707 2708 2708 2709 2709 2710 2710 2711 2711 2712 2712 2711 2711 2710 2710 2713 2713 2714 2714 2715 2715 2716 2716 2715 2715 2714 2714 2715 2715 2716 2716 2717 2717 2718 2718 2719 2719 2720 2720 2721 2721 2720 2720 2719 2719 2720 2720 2721 2721 2722 2722 2723 2723 2724 2724 2710 2710 2725 2725 2710 2710 2724 2724 2710 2710 2725 2725 2726 2726 2726 2726 2727 2727 2710 2710 2728 2728 2710 2710 2727 2727 2710 2710 2728 2728 2712 2712 2708 2708 2729 2729 2706 2706 2730 2730 2706 2706 2729 2729 2706 2706 2730 2730 2731 2731 2732 2732 2731 2731 2730 2730 2731 2731 2732 2732 2733 2733 2717 2717 2734 2734 2715 2715 2735 2735 2715 2715 2734 2734 2715 2715 2735 2735 2736 2736 2722 2722 2715 2715 2720 2720 2736 2736 2720 2720 2715 2715 2720 2720 2736 2736 2700 2700 2737 2737 2700 2700 2736 2736 2700 2700 2737 2737 2698 2698 2723 2723 2710 2710 2720 2720 2738 2738 2720 2720 2710 2710 2720 2720 2738 2738 2718 2718 2739 2739 2740 2740 2741 2741 2711 2711 2742 2742 2709 2709 2743 2743 2709 2709 2742 2742 2709 2709 2743 2743 2744 2744 2706 2706 2745 2745 2704 2704 2746 2746 2704 2704 2745 2745 2704 2704 2746 2746 2747 2747 2728 2728 2748 2748 2712 2712 2749 2749 2712 2712 2748 2748 2712 2712 2749 2749 2750 2750 2733 2733 2732 2732 2741 2741 2751 2751 2741 2741 2732 2732 2741 2741 2751 2751 2739 2739 2750 2750 2752 2752 2712 2712 2741 2741 2712 2712 2752 2752 2712 2712 2741 2741 2753 2753 2740 2740 2753 2753 2741 2741 2754 2754 2755 2755 2756 2756 2701 2701 2703 2703 2757 2757 2757 2757 2703 2703 2756 2756 2758 2758 2756 2756 2703 2703 2756 2756 2758 2758 2754 2754 2744 2744 2759 2759 2709 2709 2760 2760 2709 2709 2759 2759 2709 2709 2760 2760 2761 2761 2756 2756 2761 2761 2760 2760 2761 2761 2756 2756 2762 2762 2755 2755 2762 2762 2756 2756 2147 2147 2763 2763 2703 2703 2764 2764 2703 2703 2763 2763 2703 2703 2764 2764 2765 2765 2765 2765 2766 2766 2703 2703 2767 2767 2703 2703 2766 2766 2703 2703 2767 2767 2768 2768 2768 2768 2769 2769 2703 2703 2770 2770 2703 2703 2769 2769 2703 2703 2770 2770 2771 2771 2702 2702 2772 2772 2703 2703 2773 2773 2703 2703 2772 2772 2703 2703 2773 2773 2147 2147 2704 2704 2147 2147 2773 2773 2147 2147 2704 2704 2148 2148 2148 2148 2704 2704 2774 2774 2747 2747 2774 2774 2704 2704 2774 2774 2747 2747 2775 2775 2776 2776 2775 2775 2747 2747 2775 2775 2776 2776 2698 2698 2777 2777 2698 2698 2776 2776 2698 2698 2777 2777 2696 2696 2778 2778 2779 2779 2780 2780 2781 2781 2780 2780 2779 2779 2780 2780 2781 2781 2782 2782 2783 2783 2782 2782 2781 2781 2782 2782 2783 2783 2784 2784 2785 2785 2784 2784 2783 2783 2784 2784 2785 2785 2786 2786 2787 2787 2786 2786 2785 2785 2786 2786 2787 2787 2788 2788 2789 2789 2788 2788 2787 2787 2788 2788 2789 2789 2790 2790 2791 2791 2790 2790 2789 2789 2790 2790 2791 2791 2792 2792 2793 2793 2792 2792 2791 2791 2792 2792 2793 2793 2794 2794 2795 2795 2794 2794 2793 2793 2794 2794 2795 2795 2796 2796 2797 2797 2796 2796 2795 2795 2796 2796 2797 2797 2798 2798 2799 2799 2798 2798 2797 2797 2798 2798 2799 2799 2800 2800 2801 2801 2800 2800 2799 2799 2800 2800 2801 2801 2802 2802 2803 2803 2802 2802 2801 2801 2802 2802 2803 2803 2804 2804 2805 2805 2804 2804 2803 2803 2804 2804 2805 2805 2806 2806 2807 2807 2806 2806 2805 2805 2806 2806 2807 2807 2808 2808 2809 2809 2808 2808 2807 2807 2808 2808 2809 2809 2810 2810 2811 2811 2810 2810 2809 2809 2810 2810 2811 2811 2812 2812 2813 2813 2812 2812 2811 2811 2812 2812 2813 2813 2814 2814 2815 2815 2814 2814 2813 2813 2814 2814 2815 2815 2816 2816 2817 2817 2816 2816 2815 2815 2816 2816 2817 2817 2818 2818 2819 2819 2818 2818 2817 2817 2818 2818 2819 2819 2820 2820 2821 2821 2820 2820 2819 2819 2820 2820 2821 2821 2822 2822 2823 2823 2822 2822 2821 2821 2822 2822 2823 2823 2824 2824 2825 2825 2824 2824 2823 2823 2824 2824 2825 2825 2778 2778 2779 2779 2778 2778 2825 2825 2826 2826 2827 2827 2828 2828 2829 2829 2828 2828 2827 2827 2830 2830 2831 2831 2832 2832 2833 2833 2832 2832 2831 2831 2832 2832 2833 2833 2834 2834 2835 2835 2834 2834 2833 2833 2834 2834 2835 2835 2836 2836 2837 2837 2836 2836 2835 2835 2836 2836 2837 2837 2838 2838 2839 2839 2838 2838 2837 2837 2838 2838 2839 2839 2840 2840 2841 2841 2840 2840 2839 2839 2840 2840 2841 2841 2842 2842 2841 2841 2843 2843 2842 2842 2844 2844 2842 2842 2843 2843 2842 2842 2844 2844 2845 2845 2846 2846 2845 2845 2844 2844 2845 2845 2846 2846 2847 2847 2848 2848 2847 2847 2846 2846 2847 2847 2848 2848 2849 2849 2850 2850 2849 2849 2848 2848 2849 2849 2850 2850 2851 2851 2852 2852 2851 2851 2850 2850 2851 2851 2852 2852 2853 2853 2854 2854 2853 2853 2852 2852 2853 2853 2854 2854 2855 2855 2856 2856 2855 2855 2854 2854 2855 2855 2856 2856 2857 2857 2858 2858 2857 2857 2856 2856 2857 2857 2858 2858 2859 2859 2860 2860 2859 2859 2858 2858 2859 2859 2860 2860 2861 2861 2862 2862 2861 2861 2860 2860 2861 2861 2862 2862 2863 2863 2864 2864 2863 2863 2862 2862 2863 2863 2864 2864 2865 2865 2866 2866 2865 2865 2864 2864 2865 2865 2866 2866 2867 2867 2868 2868 2867 2867 2866 2866 2867 2867 2868 2868 2869 2869 2870 2870 2869 2869 2868 2868 2869 2869 2870 2870 2871 2871 2872 2872 2871 2871 2870 2870 2871 2871 2872 2872 2873 2873 2874 2874 2873 2873 2872 2872 2873 2873 2874 2874 2875 2875 2876 2876 2875 2875 2874 2874 2875 2875 2876 2876 2877 2877 2878 2878 2877 2877 2876 2876 2877 2877 2878 2878 2830 2830 2879 2879 2830 2830 2878 2878 2830 2830 2879 2879 2831 2831 2880 2880 2881 2881 2882 2882 2883 2883 2882 2882 2881 2881 2880 2880 2882 2882 2884 2884 2885 2885 2884 2884 2882 2882 2884 2884 2885 2885 2886 2886 2886 2886 2885 2885 2887 2887 2888 2888 2887 2887 2885 2885 2887 2887 2888 2888 2889 2889 2890 2890 2889 2889 2888 2888 2889 2889 2890 2890 2891 2891 2892 2892 2891 2891 2890 2890 2891 2891 2892 2892 2893 2893 2894 2894 2893 2893 2892 2892 2893 2893 2894 2894 2895 2895 2896 2896 2895 2895 2894 2894 2895 2895 2896 2896 2897 2897 2898 2898 2897 2897 2896 2896 2897 2897 2898 2898 2899 2899 2900 2900 2899 2899 2898 2898 2899 2899 2900 2900 2901 2901 2902 2902 2903 2903 2904 2904 2904 2904 2905 2905 2902 2902 2906 2906 2902 2902 2905 2905 2902 2902 2906 2906 2900 2900 2907 2907 2900 2900 2906 2906 2900 2900 2907 2907 2901 2901 2908 2908 2909 2909 2910 2910 2911 2911 2910 2910 2909 2909 2910 2910 2911 2911 2903 2903 2912 2912 2903 2903 2911 2911 2903 2903 2912 2912 2904 2904 2913 2913 2914 2914 2908 2908 2915 2915 2908 2908 2914 2914 2908 2908 2915 2915 2909 2909 2916 2916 2917 2917 2918 2918 2919 2919 2918 2918 2917 2917 2918 2918 2919 2919 2920 2920 2921 2921 2920 2920 2919 2919 2920 2920 2921 2921 2922 2922 2923 2923 2922 2922 2921 2921 2922 2922 2923 2923 2924 2924 2925 2925 2924 2924 2923 2923 2924 2924 2925 2925 2926 2926 2927 2927 2926 2926 2925 2925 2926 2926 2927 2927 2928 2928 2929 2929 2928 2928 2927 2927 2928 2928 2929 2929 2913 2913 2930 2930 2913 2913 2929 2929 2913 2913 2930 2930 2914 2914 2931 2931 2932 2932 2916 2916 2933 2933 2916 2916 2932 2932 2916 2916 2933 2933 2917 2917 2934 2934 2935 2935 2931 2931 2936 2936 2931 2931 2935 2935 2931 2931 2936 2936 2932 2932 2881 2881 2937 2937 2883 2883 2938 2938 2883 2883 2937 2937 2883 2883 2938 2938 2934 2934 2939 2939 2934 2934 2938 2938 2934 2934 2939 2939 2935 2935 515 515 514 514 1227 1227 2940 2940 1227 1227 514 514 2941 2941 1225 1225 2940 2940 1226 1226 2940 2940 1225 1225 2940 2940 1226 1226 1227 1227 2942 2942 1235 1235 2943 2943 1237 1237 2943 2943 1235 1235 2943 2943 1237 1237 2944 2944 1238 1238 2944 2944 1237 1237 2944 2944 1238 1238 2945 2945 1207 1207 2945 2945 1238 1238 2945 2945 1207 1207 2941 2941 1206 1206 2941 2941 1207 1207 2941 2941 1206 1206 1225 1225 2946 2946 2947 2947 2948 2948 2949 2949 2948 2948 2947 2947 2948 2948 2949 2949 2950 2950 2950 2950 2951 2951 2948 2948 2952 2952 2948 2948 2951 2951 2948 2948 2952 2952 2953 2953 2953 2953 2954 2954 2948 2948 2955 2955 2948 2948 2954 2954 2948 2948 2955 2955 365 365 2956 2956 2957 2957 2958 2958 2946 2946 2948 2948 2958 2958 2959 2959 2958 2958 2948 2948 2958 2958 2959 2959 2956 2956 2957 2957 2960 2960 2958 2958 2961 2961 2958 2958 2960 2960 2958 2958 2961 2961 2962 2962 2962 2962 2963 2963 2958 2958 2964 2964 2958 2958 2963 2963 2958 2958 2964 2964 2965 2965 2965 2965 2966 2966 2958 2958 2967 2967 2958 2958 2966 2966 2958 2958 2967 2967 2968 2968 1940 1940 1989 1989 2969 2969 365 365 2970 2970 2948 2948 2971 2971 2948 2948 2970 2970 2948 2948 2971 2971 1987 1987 2972 2972 1987 1987 2971 2971 1987 1987 2972 2972 1988 1988 2973 2973 1988 1988 2972 2972 1988 1988 2973 2973 1989 1989 2974 2974 1989 1989 2973 2973 1989 1989 2974 2974 2969 2969 1981 1981 1980 1980 2975 2975 1978 1978 2975 2975 1980 1980 2975 2975 1978 1978 2976 2976 2977 2977 2976 2976 1978 1978 2976 2976 2977 2977 2978 2978 2979 2979 2978 2978 2977 2977 2978 2978 2979 2979 2980 2980 1984 1984 2980 2980 2979 2979 2980 2980 1984 1984 2981 2981 1985 1985 2981 2981 1984 1984 2981 2981 1985 1985 2982 2982 1941 1941 2982 2982 1985 1985 2982 2982 1941 1941 2983 2983 1940 1940 2983 2983 1941 1941 2983 2983 1940 1940 2984 2984 2969 2969 2984 2984 1940 1940 2985 2985 2986 2986 2987 2987 647 647 2363 2363 2988 2988 2989 2989 2988 2988 2363 2363 2988 2988 2989 2989 2990 2990 2991 2991 2990 2990 2989 2989 2990 2990 2991 2991 2987 2987 2992 2992 2987 2987 2991 2991 2987 2987 2992 2992 2985 2985 2986 2986 2993 2993 2987 2987 2994 2994 2987 2987 2993 2993 2987 2987 2994 2994 2995 2995 2995 2995 2996 2996 2987 2987 2997 2997 2987 2987 2996 2996 2987 2987 2997 2997 2998 2998 2975 2975 2999 2999 1981 1981 3000 3000 1981 1981 2999 2999 1981 1981 3000 3000 1973 1973 3001 3001 1973 1973 3000 3000 1973 1973 3001 3001 1974 1974 2987 2987 1974 1974 3001 3001 1974 1974 2987 2987 1976 1976 2998 2998 1976 1976 2987 2987 1976 1976 2998 2998 3002 3002 3002 3002 3003 3003 1976 1976 3004 3004 1976 1976 3003 3003 1976 1976 3004 3004 3005 3005 3005 3005 3006 3006 1976 1976 3007 3007 1976 1976 3006 3006 1976 1976 3007 3007 3008 3008 2341 2341 1972 1972 3009 3009 1969 1969 3009 3009 1972 1972 3009 3009 1969 1969 3010 3010 1967 1967 3010 3010 1969 1969 3010 3010 1967 1967 3011 3011 1966 1966 3011 3011 1967 1967 3011 3011 1966 1966 3012 3012 1976 1976 3012 3012 1966 1966 3012 3012 1976 1976 3013 3013 3008 3008 3013 3013 1976 1976 3014 3014 1231 1231 1172 1172 1172 1172 1231 1231 1170 1170 1184 1184 3015 3015 1182 1182 1214 1214 1182 1182 3015 3015 1182 1182 1214 1214 1181 1181 1185 1185 3016 3016 1184 1184 3017 3017 1184 1184 3016 3016 1184 1184 3017 3017 3015 3015 1167 1167 1210 1210 1188 1188 1209 1209 1188 1188 1210 1210 1188 1188 1209 1209 1185 1185 1234 1234 1185 1185 1209 1209 1185 1185 1234 1234 3016 3016 1231 1231 1230 1230 1170 1170 3018 3018 1170 1170 1230 1230 1170 1170 3018 3018 1169 1169 3019 3019 1169 1169 3018 3018 1169 1169 3019 3019 1167 1167 1220 1220 1167 1167 3019 3019 1167 1167 1220 1220 1210 1210 3014 3014 1172 1172 3020 3020 1174 1174 3020 3020 1172 1172 3020 3020 1174 1174 1197 1197 1176 1176 1197 1197 1174 1174 1197 1197 1176 1176 3021 3021 1178 1178 3021 3021 1176 1176 3021 3021 1178 1178 3022 3022 3022 3022 1178 1178 1222 1222 1180 1180 1222 1222 1178 1178 1222 1222 1180 1180 1224 1224 515 515 1224 1224 1180 1180 1224 1224 515 515 1227 1227 2390 2390 2388 2388 3023 3023 3024 3024 3023 3023 2388 2388 3023 3023 3024 3024 3025 3025 3026 3026 3025 3025 3024 3024 3025 3025 3026 3026 3027 3027 3026 3026 3028 3028 3027 3027 3029 3029 3027 3027 3028 3028 3027 3027 3029 3029 3030 3030 3031 3031 3030 3030 3029 3029 3030 3030 3031 3031 3032 3032 3033 3033 3032 3032 3031 3031 3032 3032 3033 3033 3034 3034 3035 3035 3034 3034 3033 3033 3034 3034 3035 3035 3036 3036 3037 3037 3036 3036 3035 3035 3036 3036 3037 3037 3038 3038 3039 3039 3038 3038 3037 3037 3038 3038 3039 3039 3040 3040 3041 3041 3042 3042 3043 3043 3044 3044 3043 3043 3042 3042 3043 3043 3044 3044 3045 3045 3046 3046 3045 3045 3044 3044 3045 3045 3046 3046 3047 3047 3048 3048 3047 3047 3046 3046 3047 3047 3048 3048 3049 3049 3050 3050 3049 3049 3048 3048 3049 3049 3050 3050 3051 3051 3052 3052 3051 3051 3050 3050 3051 3051 3052 3052 3053 3053 3054 3054 3053 3053 3052 3052 3053 3053 3054 3054 3055 3055 3056 3056 3055 3055 3054 3054 3055 3055 3056 3056 3057 3057 3058 3058 3057 3057 3056 3056 3057 3057 3058 3058 3059 3059 3060 3060 3059 3059 3058 3058 3059 3059 3060 3060 3061 3061 3062 3062 3061 3061 3060 3060 3061 3061 3062 3062 3063 3063 3064 3064 3063 3063 3062 3062 3063 3063 3064 3064 3065 3065 3066 3066 3065 3065 3064 3064 3065 3065 3066 3066 3067 3067 3068 3068 3067 3067 3066 3066 3067 3067 3068 3068 3069 3069 3070 3070 3069 3069 3068 3068 3069 3069 3070 3070 3071 3071 3072 3072 3071 3071 3070 3070 3071 3071 3072 3072 3073 3073 3074 3074 3073 3073 3072 3072 3073 3073 3074 3074 3075 3075 3076 3076 3075 3075 3074 3074 3075 3075 3076 3076 3077 3077 3078 3078 3077 3077 3076 3076 3077 3077 3078 3078 3079 3079 3080 3080 3079 3079 3078 3078 3079 3079 3080 3080 3081 3081 3082 3082 3081 3081 3080 3080 3081 3081 3082 3082 3083 3083 3084 3084 3083 3083 3082 3082 3083 3083 3084 3084 3085 3085 3086 3086 3085 3085 3084 3084 3085 3085 3086 3086 3087 3087 3088 3088 3087 3087 3086 3086 3087 3087 3088 3088 3041 3041 3042 3042 3041 3041 3088 3088 3089 3089 3090 3090 3091 3091 3092 3092 3091 3091 3090 3090 3091 3091 3092 3092 3093 3093 3094 3094 3095 3095 3091 3091 3096 3096 3091 3091 3095 3095 3091 3091 3096 3096 3089 3089 3097 3097 3098 3098 3091 3091 3099 3099 3091 3091 3098 3098 3091 3091 3099 3099 3094 3094 3100 3100 3101 3101 3091 3091 3102 3102 3091 3091 3101 3101 3091 3091 3102 3102 3097 3097 3103 3103 3104 3104 3091 3091 3105 3105 3091 3091 3104 3104 3091 3091 3105 3105 3100 3100 3106 3106 3107 3107 3091 3091 3108 3108 3091 3091 3107 3107 3091 3091 3108 3108 3103 3103 3109 3109 3110 3110 3091 3091 3111 3111 3091 3091 3110 3110 3091 3091 3111 3111 3106 3106 3093 3093 3112 3112 3091 3091 3113 3113 3091 3091 3112 3112 3091 3091 3113 3113 3109 3109 3114 3114 3115 3115 3116 3116 3117 3117 3116 3116 3115 3115 3116 3116 3117 3117 3118 3118 3119 3119 3118 3118 3117 3117 3118 3118 3119 3119 3120 3120 3121 3121 3120 3120 3119 3119 3120 3120 3121 3121 3122 3122 3123 3123 3122 3122 3121 3121 3122 3122 3123 3123 3124 3124 3125 3125 3124 3124 3123 3123 3124 3124 3125 3125 3126 3126 3127 3127 3126 3126 3125 3125 3126 3126 3127 3127 3128 3128 3129 3129 3128 3128 3127 3127 3128 3128 3129 3129 3130 3130 3131 3131 3130 3130 3129 3129 3130 3130 3131 3131 3132 3132 3133 3133 3132 3132 3131 3131 3132 3132 3133 3133 3134 3134 3135 3135 3134 3134 3133 3133 3134 3134 3135 3135 3136 3136 3137 3137 3136 3136 3135 3135 3136 3136 3137 3137 3138 3138 3139 3139 3138 3138 3137 3137 3138 3138 3139 3139 3140 3140 3141 3141 3140 3140 3139 3139 3140 3140 3141 3141 3142 3142 3143 3143 3142 3142 3141 3141 3142 3142 3143 3143 3144 3144 3145 3145 3144 3144 3143 3143 3144 3144 3145 3145 3146 3146 3147 3147 3146 3146 3145 3145 3146 3146 3147 3147 3148 3148 3149 3149 3148 3148 3147 3147 3148 3148 3149 3149 3150 3150 3151 3151 3150 3150 3149 3149 3150 3150 3151 3151 3152 3152 3153 3153 3152 3152 3151 3151 3152 3152 3153 3153 3154 3154 3155 3155 3154 3154 3153 3153 3154 3154 3155 3155 3156 3156 3157 3157 3156 3156 3155 3155 3156 3156 3157 3157 3158 3158 3159 3159 3158 3158 3157 3157 3158 3158 3159 3159 3160 3160 3161 3161 3160 3160 3159 3159 3160 3160 3161 3161 3114 3114 3115 3115 3114 3114 3161 3161 3162 3162 3163 3163 3164 3164 3165 3165 3164 3164 3163 3163 3164 3164 3165 3165 3166 3166 3167 3167 3166 3166 3165 3165 3166 3166 3167 3167 3168 3168 3169 3169 3168 3168 3167 3167 3168 3168 3169 3169 3170 3170 3171 3171 3170 3170 3169 3169 3170 3170 3171 3171 3172 3172 3173 3173 3172 3172 3171 3171 3172 3172 3173 3173 3174 3174 3175 3175 3174 3174 3173 3173 3174 3174 3175 3175 3176 3176 3177 3177 3176 3176 3175 3175 3176 3176 3177 3177 3178 3178 3179 3179 3178 3178 3177 3177 3178 3178 3179 3179 3180 3180 3181 3181 3180 3180 3179 3179 3180 3180 3181 3181 3182 3182 3183 3183 3182 3182 3181 3181 3182 3182 3183 3183 3184 3184 3185 3185 3184 3184 3183 3183 3184 3184 3185 3185 3186 3186 3187 3187 3186 3186 3185 3185 3186 3186 3187 3187 3188 3188 3189 3189 3188 3188 3187 3187 3188 3188 3189 3189 3190 3190 3191 3191 3190 3190 3189 3189 3190 3190 3191 3191 3192 3192 3193 3193 3192 3192 3191 3191 3192 3192 3193 3193 3194 3194 3195 3195 3194 3194 3193 3193 3194 3194 3195 3195 3196 3196 3197 3197 3196 3196 3195 3195 3196 3196 3197 3197 3198 3198 3199 3199 3198 3198 3197 3197 3198 3198 3199 3199 3200 3200 3201 3201 3200 3200 3199 3199 3200 3200 3201 3201 3202 3202 3203 3203 3202 3202 3201 3201 3202 3202 3203 3203 3204 3204 3205 3205 3204 3204 3203 3203 3204 3204 3205 3205 3206 3206 3207 3207 3206 3206 3205 3205 3206 3206 3207 3207 3208 3208 3209 3209 3208 3208 3207 3207 3208 3208 3209 3209 3162 3162 3163 3163 3162 3162 3209 3209 3210 3210 3211 3211 3212 3212 1390 1390 1438 1438 3213 3213 3214 3214 3215 3215 1438 1438 3216 3216 1438 1438 3215 3215 1438 1438 3216 3216 3213 3213 3217 3217 3218 3218 3219 3219 1388 1388 3219 3219 3218 3218 3219 3219 1388 1388 3213 3213 1387 1387 3213 3213 1388 1388 3213 3213 1387 1387 1390 1390 3220 3220 3221 3221 3222 3222 3223 3223 3222 3222 3221 3221 3222 3222 3223 3223 3217 3217 3224 3224 3217 3217 3223 3223 3217 3217 3224 3224 3218 3218 3225 3225 3226 3226 3227 3227 3228 3228 3227 3227 3226 3226 3227 3227 3228 3228 3229 3229 3220 3220 3230 3230 3221 3221 3231 3231 3221 3221 3230 3230 3221 3221 3231 3231 3232 3232 3226 3226 3232 3232 3231 3231 3232 3232 3226 3226 3233 3233 3225 3225 3233 3233 3226 3226 3234 3234 3235 3235 3236 3236 3228 3228 3237 3237 3229 3229 3238 3238 3229 3229 3237 3237 3229 3229 3238 3238 3239 3239 3240 3240 3239 3239 3238 3238 3239 3239 3240 3240 3241 3241 3242 3242 3241 3241 3240 3240 3241 3241 3242 3242 3243 3243 3244 3244 3243 3243 3242 3242 3234 3234 3236 3236 3242 3242 3245 3245 3242 3242 3236 3236 3242 3242 3245 3245 3244 3244 3235 3235 3246 3246 3236 3236 3247 3247 3236 3236 3246 3246 3236 3236 3247 3247 3211 3211 3248 3248 3211 3211 3247 3247 3211 3211 3248 3248 3212 3212 3249 3249 3250 3250 3251 3251 3252 3252 3251 3251 3250 3250 3251 3251 3252 3252 3212 3212 3253 3253 3212 3212 3252 3252 3212 3212 3253 3253 3210 3210 3254 3254 3255 3255 3249 3249 3256 3256 3249 3249 3255 3255 3249 3249 3256 3256 3250 3250 3254 3254 3249 3249 3257 3257 3258 3258 3257 3257 3249 3249 3257 3257 3258 3258 3259 3259 3260 3260 3261 3261 3262 3262 3263 3263 3262 3262 3261 3261 3259 3259 3264 3264 3257 3257 3263 3263 3257 3257 3264 3264 3257 3257 3263 3263 3265 3265 3261 3261 3265 3265 3263 3263 3265 3265 3261 3261 3266 3266 3214 3214 1438 1438 3267 3267 1440 1440 3267 3267 1438 1438 3267 3267 1440 1440 3268 3268 1374 1374 3269 3269 3270 3270 1441 1441 3271 3271 1440 1440 3272 3272 1440 1440 3271 3271 1440 1440 3272 3272 3268 3268 3270 3270 3273 3273 1374 1374 3271 3271 1374 1374 3273 3273 1374 1374 3271 3271 1375 1375 1441 1441 1375 1375 3271 3271 3274 3274 3275 3275 1412 1412 3276 3276 1412 1412 3275 3275 1412 1412 3276 3276 3277 3277 1374 1374 1385 1385 3269 3269 3278 3278 3269 3269 1385 1385 3269 3269 3278 3278 3279 3279 1412 1412 3279 3279 3278 3278 3279 3279 1412 1412 3280 3280 3277 3277 3280 3280 1412 1412 3274 3274 1412 1412 3281 3281 1411 1411 3281 3281 1412 1412 3281 3281 1411 1411 1382 1382 1382 1382 1381 1381 3281 3281 1379 1379 3281 3281 1381 1381 3281 3281 1379 1379 1378 1378 3282 3282 3283 3283 3284 3284 3285 3285 3284 3284 3283 3283 1030 1030 1033 1033 3286 3286 146 146 145 145 1037 1037 3287 3287 1037 1037 145 145 1037 1037 3287 3287 1036 1036 3286 3286 1036 1036 3287 3287 1036 1036 3286 3286 1032 1032 1033 1033 1032 1032 3286 3286 3288 3288 3289 3289 3290 3290 3291 3291 3290 3290 3289 3289 3290 3290 3291 3291 3292 3292 3293 3293 3292 3292 3291 3291 3292 3292 3293 3293 3294 3294 3295 3295 3296 3296 989 989 1018 1018 1019 1019 3297 3297 1021 1021 3297 3297 1019 1019 3297 3297 1021 1021 3298 3298 3289 3289 990 990 991 991 1006 1006 1007 1007 3299 3299 1009 1009 3299 3299 1007 1007 3299 3299 1009 1009 3300 3300 1010 1010 3300 3300 1009 1009 3300 3300 1010 1010 1012 1012 1012 1012 1013 1013 3300 3300 1015 1015 3300 3300 1013 1013 3300 3300 1015 1015 3297 3297 1016 1016 3297 3297 1015 1015 3297 3297 1016 1016 1018 1018 1021 1021 1022 1022 3298 3298 1024 1024 3298 3298 1022 1022 3298 3298 1024 1024 3301 3301 3288 3288 3302 3302 3289 3289 3295 3295 3289 3289 3302 3302 3289 3289 3295 3295 990 990 989 989 990 990 3295 3295 3303 3303 3304 3304 3289 3289 3305 3305 3289 3289 3304 3304 3289 3289 3305 3305 3299 3299 1004 1004 3299 3299 3305 3305 3299 3299 1004 1004 1006 1006 991 991 992 992 3289 3289 994 994 3289 3289 992 992 3289 3289 994 994 995 995 995 995 997 997 3289 3289 3306 3306 3289 3289 997 997 3289 3289 3306 3306 3303 3303 1030 1030 3286 3286 1028 1028 3307 3307 1028 1028 3286 3286 1028 1028 3307 3307 3308 3308 1024 1024 1025 1025 3301 3301 1027 1027 3301 3301 1025 1025 3301 3301 1027 1027 3309 3309 1028 1028 3309 3309 1027 1027 3309 3309 1028 1028 3310 3310 3308 3308 3310 3310 1028 1028 3311 3311 3312 3312 3313 3313 3314 3314 3313 3313 3312 3312 3315 3315 3316 3316 3317 3317 3318 3318 3317 3317 3316 3316 3317 3317 3318 3318 3319 3319 3320 3320 3321 3321 3317 3317 3322 3322 3317 3317 3321 3321 3317 3317 3322 3322 3315 3315 3323 3323 3324 3324 3317 3317 3325 3325 3317 3317 3324 3324 3317 3317 3325 3325 3320 3320 3326 3326 3327 3327 3317 3317 3328 3328 3317 3317 3327 3327 3317 3317 3328 3328 3323 3323 3329 3329 3330 3330 3317 3317 3331 3331 3317 3317 3330 3330 3317 3317 3331 3331 3326 3326 3332 3332 3333 3333 3317 3317 3334 3334 3317 3317 3333 3333 3317 3317 3334 3334 3329 3329 3335 3335 3336 3336 3317 3317 3337 3337 3317 3317 3336 3336 3317 3317 3337 3337 3332 3332 3319 3319 3338 3338 3317 3317 3339 3339 3317 3317 3338 3338 3317 3317 3339 3339 3335 3335 3340 3340 3341 3341 3342 3342 3343 3343 3344 3344 3345 3345 3340 3340 3345 3345 3344 3344 3345 3345 3340 3340 3346 3346 3342 3342 3346 3346 3340 3340 3343 3343 3347 3347 3344 3344 3348 3348 3344 3344 3347 3347 3344 3344 3348 3348 3349 3349 3350 3350 3349 3349 3348 3348 3349 3349 3350 3350 3351 3351 3352 3352 3351 3351 3350 3350 3351 3351 3352 3352 3353 3353 3354 3354 3353 3353 3352 3352 3353 3353 3354 3354 3355 3355 3294 3294 3293 3293 3356 3356 3355 3355 3356 3356 3293 3293 3356 3356 3355 3355 3357 3357 3354 3354 3357 3357 3355 3355 3342 3342 3358 3358 3346 3346 3359 3359 3346 3346 3358 3358 3346 3346 3359 3359 3360 3360 3361 3361 3360 3360 3359 3359 3360 3360 3361 3361 3362 3362 3362 3362 3361 3361 3363 3363 212 212 3363 3363 3361 3361 3363 3363 212 212 213 213 3364 3364 3365 3365 3366 3366 3367 3367 3366 3366 3365 3365 3366 3366 3367 3367 3368 3368 3369 3369 3370 3370 3366 3366 3371 3371 3366 3366 3370 3370 3366 3366 3371 3371 3364 3364 3372 3372 3373 3373 3366 3366 3374 3374 3366 3366 3373 3373 3366 3366 3374 3374 3369 3369 3375 3375 3376 3376 3366 3366 3377 3377 3366 3366 3376 3376 3366 3366 3377 3377 3372 3372 3378 3378 3379 3379 3366 3366 3380 3380 3366 3366 3379 3379 3366 3366 3380 3380 3375 3375 3381 3381 3382 3382 3366 3366 3383 3383 3366 3366 3382 3382 3366 3366 3383 3383 3378 3378 3384 3384 3385 3385 3366 3366 3386 3386 3366 3366 3385 3385 3366 3366 3386 3386 3381 3381 3368 3368 3387 3387 3366 3366 3388 3388 3366 3366 3387 3387 3366 3366 3388 3388 3384 3384 3389 3389 3390 3390 3391 3391 3392 3392 3391 3391 3390 3390 3391 3391 3392 3392 3393 3393 3394 3394 3395 3395 3391 3391 3396 3396 3391 3391 3395 3395 3391 3391 3396 3396 3389 3389 3397 3397 3398 3398 3391 3391 3399 3399 3391 3391 3398 3398 3391 3391 3399 3399 3394 3394 3400 3400 3401 3401 3391 3391 3402 3402 3391 3391 3401 3401 3391 3391 3402 3402 3397 3397 3403 3403 3404 3404 3391 3391 3405 3405 3391 3391 3404 3404 3391 3391 3405 3405 3400 3400 3406 3406 3407 3407 3391 3391 3408 3408 3391 3391 3407 3407 3391 3391 3408 3408 3403 3403 3409 3409 3410 3410 3391 3391 3411 3411 3391 3391 3410 3410 3391 3391 3411 3411 3406 3406 3393 3393 3412 3412 3391 3391 3413 3413 3391 3391 3412 3412 3391 3391 3413 3413 3409 3409 3414 3414 3415 3415 3416 3416 3417 3417 3418 3418 3419 3419 3420 3420 3421 3421 3422 3422 3423 3423 3424 3424 3425 3425 3424 3424 3426 3426 3427 3427 3428 3428 3429 3429 3430 3430 3431 3431 3432 3432 3433 3433 3434 3434 3435 3435 3436 3436 3437 3437 3436 3436 3435 3435 3436 3436 3437 3437 3438 3438 3428 3428 3430 3430 3439 3439 3440 3440 3441 3441 3442 3442 3440 3440 3442 3442 3443 3443 3444 3444 3445 3445 3446 3446 3447 3447 3446 3446 3445 3445 3448 3448 3449 3449 3447 3447 3450 3450 3447 3447 3449 3449 3447 3447 3450 3450 3446 3446 3448 3448 3451 3451 3452 3452 3452 3452 3453 3453 3448 3448 3454 3454 3448 3448 3453 3453 3448 3448 3454 3454 3449 3449 3455 3455 3456 3456 3457 3457 3436 3436 3457 3457 3456 3456 3457 3457 3436 3436 3433 3433 3438 3438 3433 3433 3436 3436 3433 3433 3438 3438 3431 3431 3456 3456 3458 3458 3436 3436 3430 3430 3436 3436 3458 3458 3436 3436 3430 3430 3434 3434 3429 3429 3434 3434 3430 3430 3441 3441 3439 3439 3442 3442 3430 3430 3442 3442 3439 3439 3442 3442 3430 3430 3459 3459 3458 3458 3459 3459 3430 3430 3459 3459 3458 3458 3460 3460 3456 3456 3460 3460 3458 3458 3460 3460 3456 3456 3425 3425 3455 3455 3425 3425 3456 3456 3425 3425 3455 3455 3423 3423 3424 3424 3427 3427 3425 3425 3461 3461 3425 3425 3427 3427 3425 3425 3461 3461 3460 3460 3462 3462 3460 3460 3461 3461 3460 3460 3462 3462 3459 3459 3445 3445 3459 3459 3462 3462 3459 3459 3445 3445 3442 3442 3444 3444 3442 3442 3445 3445 3442 3442 3444 3444 3443 3443 3415 3415 3463 3463 3416 3416 3464 3464 3416 3416 3463 3463 3416 3416 3464 3464 3465 3465 3465 3465 3464 3464 3466 3466 3467 3467 3466 3466 3464 3464 3466 3466 3467 3467 3422 3422 3468 3468 3422 3422 3467 3467 3422 3422 3468 3468 3420 3420 3417 3417 3419 3419 3469 3469 3470 3470 3469 3469 3471 3471 3419 3419 3471 3471 3469 3469 3471 3471 3419 3419 3472 3472 3473 3473 3472 3472 3419 3419 3474 3474 3475 3475 3476 3476 3477 3477 3476 3476 3475 3475 3478 3478 3479 3479 3480 3480 3481 3481 3480 3480 3479 3479 3477 3477 3478 3478 3476 3476 3480 3480 3476 3476 3478 3478 3476 3476 3480 3480 3482 3482 3483 3483 3482 3482 3480 3480 3482 3482 3483 3483 3484 3484 3485 3485 3486 3486 3487 3487 3488 3488 3487 3487 3486 3486 3487 3487 3488 3488 3473 3473 3489 3489 3473 3473 3488 3488 3473 3473 3489 3489 3472 3472 3418 3418 3474 3474 3419 3419 3476 3476 3419 3419 3474 3474 3419 3419 3476 3476 3473 3473 3482 3482 3473 3473 3476 3476 3473 3473 3482 3482 3487 3487 3484 3484 3487 3487 3482 3482 3481 3481 3414 3414 3480 3480 3416 3416 3480 3480 3414 3414 3480 3480 3416 3416 3483 3483 3465 3465 3483 3483 3416 3416 3483 3483 3465 3465 3490 3490 3466 3466 3490 3490 3465 3465 3490 3490 3466 3466 3491 3491 3422 3422 3491 3491 3466 3466 3491 3491 3422 3422 3492 3492 3421 3421 3492 3492 3422 3422 3492 3492 3421 3421 3493 3493 3494 3494 3493 3493 3421 3421 3493 3493 3494 3494 3213 3213 3213 3213 3451 3451 3493 3493 3448 3448 3493 3493 3451 3451 3493 3493 3448 3448 3492 3492 3447 3447 3492 3492 3448 3448 3492 3492 3447 3447 3491 3491 3445 3445 3491 3491 3447 3447 3491 3491 3445 3445 3490 3490 3462 3462 3490 3490 3445 3445 3490 3490 3462 3462 3483 3483 3461 3461 3483 3483 3462 3462 3483 3483 3461 3461 3484 3484 3427 3427 3484 3484 3461 3461 3484 3484 3427 3427 3487 3487 3426 3426 3487 3487 3427 3427 3487 3487 3426 3426 3485 3485 3495 3495 3496 3496 3497 3497 3497 3497 3498 3498 3495 3495 3499 3499 3495 3495 3498 3498 3495 3495 3499 3499 3500 3500 3501 3501 3502 3502 3503 3503 3504 3504 3505 3505 3506 3506 3507 3507 3508 3508 3509 3509 3510 3510 3511 3511 3512 3512 3513 3513 3514 3514 3515 3515 2388 2388 3516 3516 3517 3517 3518 3518 3517 3517 3516 3516 3517 3517 3518 3518 3026 3026 3519 3519 3026 3026 3518 3518 3031 3031 3029 3029 3520 3520 3031 3031 3520 3520 3521 3521 3035 3035 3522 3522 3037 3037 3523 3523 3037 3037 3522 3522 3037 3037 3523 3523 3039 3039 3524 3524 3525 3525 3522 3522 3526 3526 3522 3522 3525 3525 3522 3522 3526 3526 3523 3523 3527 3527 3528 3528 3529 3529 3530 3530 3529 3529 3528 3528 3529 3529 3530 3530 3515 3515 3531 3531 3515 3515 3530 3530 3515 3515 3531 3531 3513 3513 3532 3532 3533 3533 3534 3534 3534 3534 3535 3535 3536 3536 3534 3534 3536 3536 3532 3532 3537 3537 3532 3532 3536 3536 3532 3532 3537 3537 3538 3538 3539 3539 3540 3540 3541 3541 3542 3542 3541 3541 3540 3540 3541 3541 3542 3542 3543 3543 3544 3544 3545 3545 3546 3546 3547 3547 3546 3546 3545 3545 3546 3546 3547 3547 3541 3541 3548 3548 3541 3541 3547 3547 3541 3541 3548 3548 3539 3539 3549 3549 3550 3550 3551 3551 3552 3552 3551 3551 3550 3550 3551 3551 3552 3552 3553 3553 3512 3512 3554 3554 3555 3555 3556 3556 3555 3555 3554 3554 3555 3555 3556 3556 3552 3552 3557 3557 3552 3552 3556 3556 3552 3552 3557 3557 3553 3553 3558 3558 3559 3559 3502 3502 3560 3560 3502 3502 3559 3559 3558 3558 3502 3502 686 686 3501 3501 686 686 3502 3502 686 686 3501 3501 3561 3561 3562 3562 3563 3563 3564 3564 3565 3565 3564 3564 3563 3563 666 666 665 665 3566 3566 3567 3567 3566 3566 665 665 3509 3509 3508 3508 3566 3566 667 667 3566 3566 3508 3508 3566 3566 667 667 666 666 3568 3568 588 588 3509 3509 586 586 3509 3509 588 588 3509 3509 586 586 3507 3507 3569 3569 3570 3570 3571 3571 3571 3571 592 592 3569 3569 3572 3572 3569 3569 592 592 3569 3569 3572 3572 3568 3568 3573 3573 3568 3568 3572 3572 3568 3568 3573 3573 588 588 660 660 659 659 3570 3570 3574 3574 3570 3570 659 659 3570 3570 3574 3574 3571 3571 3575 3575 3527 3527 3576 3576 3529 3529 3576 3576 3527 3527 3576 3576 3529 3529 3577 3577 3515 3515 3577 3577 3529 3529 3577 3577 3515 3515 3578 3578 3514 3514 3578 3578 3515 3515 3578 3578 3514 3514 3524 3524 3579 3579 3524 3524 3514 3514 3524 3524 3579 3579 3525 3525 3580 3580 3505 3505 3581 3581 3504 3504 3581 3581 3505 3505 3581 3581 3504 3504 3582 3582 3583 3583 3544 3544 3584 3584 3546 3546 3584 3584 3544 3544 3584 3584 3546 3546 3580 3580 3541 3541 3580 3580 3546 3546 3580 3580 3541 3541 3505 3505 3543 3543 3505 3505 3541 3541 3505 3505 3543 3543 3506 3506 3585 3585 3506 3506 3543 3543 3586 3586 3587 3587 3588 3588 3589 3589 3588 3588 3587 3587 3588 3588 3589 3589 3590 3590 3582 3582 3590 3590 3589 3589 3590 3590 3582 3582 3591 3591 3504 3504 3591 3591 3582 3582 3591 3591 3504 3504 3592 3592 3506 3506 3592 3592 3504 3504 3592 3592 3506 3506 3532 3532 3585 3585 3532 3532 3506 3506 3532 3532 3585 3585 3533 3533 3538 3538 3575 3575 3532 3532 3576 3576 3532 3532 3575 3575 3532 3532 3576 3576 3592 3592 3577 3577 3592 3592 3576 3576 3592 3592 3577 3577 3591 3591 3578 3578 3591 3591 3577 3577 3591 3591 3578 3578 3590 3590 3524 3524 3590 3590 3578 3578 3590 3590 3524 3524 3588 3588 3522 3522 3588 3588 3524 3524 3588 3588 3522 3522 3586 3586 3593 3593 3594 3594 3595 3595 3564 3564 3595 3595 3594 3594 3595 3595 3564 3564 3596 3596 3565 3565 3596 3596 3564 3564 3596 3596 3565 3565 3561 3561 3503 3503 3597 3597 3598 3598 3510 3510 3512 3512 3560 3560 3555 3555 3560 3560 3512 3512 3560 3560 3555 3555 3502 3502 3552 3552 3502 3502 3555 3555 3502 3502 3552 3552 3503 3503 3550 3550 3503 3503 3552 3552 3503 3503 3550 3550 3597 3597 3516 3516 660 660 3518 3518 3570 3570 3518 3518 660 660 3518 3518 3570 3570 3599 3599 3569 3569 3599 3599 3570 3570 3561 3561 3501 3501 3596 3596 3503 3503 3596 3596 3501 3501 3596 3596 3503 3503 3595 3595 3598 3598 3595 3595 3503 3503 3595 3595 3598 3598 3593 3593 3600 3600 3593 3593 3598 3598 3593 3593 3600 3600 3601 3601 3602 3602 3601 3601 3600 3600 3601 3601 3602 3602 3603 3603 3604 3604 3603 3603 3602 3602 3603 3603 3604 3604 3605 3605 3606 3606 3605 3605 3604 3604 3605 3605 3606 3606 3607 3607 3608 3608 3607 3607 3606 3606 3607 3607 3608 3608 3520 3520 3029 3029 3519 3519 3520 3520 3518 3518 3520 3520 3519 3519 3520 3520 3518 3518 3607 3607 3599 3599 3607 3607 3518 3518 3607 3607 3599 3599 3605 3605 3569 3569 3605 3605 3599 3599 3605 3605 3569 3569 3603 3603 3568 3568 3603 3603 3569 3569 3603 3603 3568 3568 3601 3601 3509 3509 3601 3601 3568 3568 3601 3601 3509 3509 3593 3593 3566 3566 3593 3593 3509 3509 3593 3593 3566 3566 3594 3594 3567 3567 3594 3594 3566 3566 3594 3594 3567 3567 3564 3564 3609 3609 3564 3564 3567 3567 3564 3564 3609 3609 3562 3562 3549 3549 3610 3610 3550 3550 3583 3583 3550 3550 3610 3610 3550 3550 3583 3583 3597 3597 3584 3584 3597 3597 3583 3583 3597 3597 3584 3584 3598 3598 3580 3580 3598 3598 3584 3584 3598 3598 3580 3580 3600 3600 3581 3581 3600 3600 3580 3580 3600 3600 3581 3581 3602 3602 3582 3582 3602 3602 3581 3581 3602 3602 3582 3582 3604 3604 3589 3589 3604 3604 3582 3582 3604 3604 3589 3589 3606 3606 3587 3587 3606 3606 3589 3589 3606 3606 3587 3587 3608 3608 3586 3586 3608 3608 3587 3587 3608 3608 3586 3586 3520 3520 3522 3522 3520 3520 3586 3586 3520 3520 3522 3522 3521 3521 3035 3035 3521 3521 3522 3522 671 671 3611 3611 3612 3612 3613 3613 3612 3612 3611 3611 3612 3612 3613 3613 3614 3614 3615 3615 3614 3614 3613 3613 3616 3616 3617 3617 3618 3618 3619 3619 3618 3618 3617 3617 3618 3618 3619 3619 3620 3620 3621 3621 3620 3620 3619 3619 3620 3620 3621 3621 3622 3622 3557 3557 3622 3622 3621 3621 3622 3622 3557 3557 3615 3615 3623 3623 3615 3615 3557 3557 3615 3615 3623 3623 3614 3614 3545 3545 3624 3624 3625 3625 3545 3545 3626 3626 3624 3624 3627 3627 3624 3624 3626 3626 3624 3624 3627 3627 3616 3616 3628 3628 3616 3616 3627 3627 3616 3616 3628 3628 3617 3617 3629 3629 3630 3630 3625 3625 3631 3631 3625 3625 3630 3630 3625 3625 3631 3631 3545 3545 3629 3629 3625 3625 3632 3632 3633 3633 3632 3632 3625 3625 3632 3632 3633 3633 3634 3634 3635 3635 3634 3634 3633 3633 3634 3634 3635 3635 3636 3636 3637 3637 3636 3636 3635 3635 3636 3636 3637 3637 3638 3638 3639 3639 3638 3638 3637 3637 3638 3638 3639 3639 3640 3640 3641 3641 3640 3640 3639 3639 3640 3640 3641 3641 3642 3642 422 422 3642 3642 3641 3641 3642 3642 422 422 3643 3643 3644 3644 3645 3645 3646 3646 445 445 444 444 3647 3647 438 438 436 436 3648 3648 3649 3649 3650 3650 3651 3651 3652 3652 3653 3653 3654 3654 3655 3655 3656 3656 3657 3657 3658 3658 3659 3659 3660 3660 3661 3661 3662 3662 3663 3663 3664 3664 3665 3665 3666 3666 3667 3667 3666 3666 3665 3665 3667 3667 3668 3668 3669 3669 3670 3670 3669 3669 3668 3668 3669 3669 3670 3670 3671 3671 3672 3672 3671 3671 3670 3670 3671 3671 3672 3672 3673 3673 3674 3674 3673 3673 3672 3672 3673 3673 3674 3674 3661 3661 3675 3675 3661 3661 3674 3674 3661 3661 3675 3675 3662 3662 3658 3658 3660 3660 3676 3676 3677 3677 3676 3676 3660 3660 3676 3676 3677 3677 3678 3678 3678 3678 3677 3677 3679 3679 3680 3680 3679 3679 3677 3677 3679 3679 3680 3680 3681 3681 3682 3682 3683 3683 3684 3684 3685 3685 3684 3684 3683 3683 3684 3684 3685 3685 3680 3680 3686 3686 3680 3680 3685 3685 3680 3680 3686 3686 3681 3681 3687 3687 3688 3688 3689 3689 3690 3690 3689 3689 3688 3688 3691 3691 3657 3657 3692 3692 3656 3656 3692 3692 3657 3657 3692 3692 3656 3656 3693 3693 3637 3637 3687 3687 3694 3694 3689 3689 3694 3694 3687 3687 3694 3694 3689 3689 3695 3695 3696 3696 3697 3697 3698 3698 423 423 3698 3698 3697 3697 3698 3698 423 423 422 422 3696 3696 3637 3637 3697 3697 3694 3694 3697 3697 3637 3637 3697 3697 3694 3694 3699 3699 3695 3695 3699 3699 3694 3694 3699 3699 3695 3695 3700 3700 430 430 3699 3699 433 433 3700 3700 433 433 3699 3699 433 433 3700 3700 435 435 430 430 428 428 3699 3699 427 427 3699 3699 428 428 3699 3699 427 427 3697 3697 425 425 3697 3697 427 427 3697 3697 425 425 423 423 3648 3648 3691 3691 3701 3701 3692 3692 3701 3701 3691 3691 3701 3701 3692 3692 3702 3702 3693 3693 3702 3702 3692 3692 3702 3702 3693 3693 3703 3703 3703 3703 3652 3652 3704 3704 3653 3653 3649 3649 3705 3705 3706 3706 442 442 440 440 3703 3703 3704 3704 3702 3702 3707 3707 3702 3702 3704 3704 3702 3702 3707 3707 3701 3701 3706 3706 3701 3701 3707 3707 3701 3701 3706 3706 3648 3648 440 440 3648 3648 3706 3706 3648 3648 440 440 438 438 450 450 448 448 3708 3708 447 447 3708 3708 448 448 3653 3653 3705 3705 3654 3654 3709 3709 3654 3654 3705 3705 3654 3654 3709 3709 3710 3710 3708 3708 3710 3710 3709 3709 3710 3710 3708 3708 3647 3647 447 447 3647 3647 3708 3708 3647 3647 447 447 445 445 3652 3652 3654 3654 3704 3704 3710 3710 3704 3704 3654 3654 3704 3704 3710 3710 3707 3707 3647 3647 3707 3707 3710 3710 3707 3707 3647 3647 3706 3706 444 444 3706 3706 3647 3647 3706 3706 444 444 442 442 436 436 435 435 3648 3648 3700 3700 3648 3648 435 435 3648 3648 3700 3700 3691 3691 3695 3695 3691 3691 3700 3700 3691 3691 3695 3695 3657 3657 3689 3689 3657 3657 3695 3695 3657 3657 3689 3689 3655 3655 3690 3690 3655 3655 3689 3689 3655 3655 3690 3690 3624 3624 3651 3651 3650 3650 3711 3711 3712 3712 3711 3711 3650 3650 3711 3711 3712 3712 3713 3713 3714 3714 3713 3713 3712 3712 3713 3713 3714 3714 3715 3715 3716 3716 3715 3715 3714 3714 3715 3715 3716 3716 3717 3717 3718 3718 3717 3717 3716 3716 3717 3717 3718 3718 3719 3719 3720 3720 3719 3719 3718 3718 3719 3719 3720 3720 3721 3721 3722 3722 3721 3721 3720 3720 3721 3721 3722 3722 3723 3723 3724 3724 3723 3723 3722 3722 3723 3723 3724 3724 544 544 452 452 3725 3725 454 454 3726 3726 454 454 3725 3725 454 454 3726 3726 456 456 3727 3727 3728 3728 464 464 464 464 462 462 3727 3727 461 461 3727 3727 462 462 3727 3727 461 461 3726 3726 458 458 3726 3726 461 461 3726 3726 458 458 456 456 3729 3729 3730 3730 3731 3731 3728 3728 3731 3731 3730 3730 3731 3731 3728 3728 3732 3732 3727 3727 3732 3732 3728 3728 3732 3732 3727 3727 3733 3733 3726 3726 3733 3733 3727 3727 3733 3733 3726 3726 3734 3734 3725 3725 3734 3734 3726 3726 3735 3735 3736 3736 3737 3737 3738 3738 3737 3737 3736 3736 3737 3737 3738 3738 3739 3739 3740 3740 3739 3739 3738 3738 471 471 3730 3730 3740 3740 3729 3729 3740 3740 3730 3730 3740 3740 3729 3729 3739 3739 481 481 483 483 3738 3738 484 484 3738 3738 483 483 3738 3738 484 484 3740 3740 473 473 3740 3740 484 484 3740 3740 473 473 471 471 471 471 469 469 3730 3730 467 467 3730 3730 469 469 3730 3730 467 467 3728 3728 465 465 3728 3728 467 467 3728 3728 465 465 464 464 544 544 3741 3741 3723 3723 3742 3742 3723 3723 3741 3741 3723 3723 3742 3742 3743 3743 3743 3743 3744 3744 3723 3723 3735 3735 3723 3723 3744 3744 3723 3723 3735 3735 3721 3721 3737 3737 3721 3721 3735 3735 3721 3721 3737 3737 3719 3719 3739 3739 3719 3719 3737 3737 3719 3719 3739 3739 3717 3717 3729 3729 3717 3717 3739 3739 3717 3717 3729 3729 3715 3715 3731 3731 3715 3715 3729 3729 3715 3715 3731 3731 3713 3713 3732 3732 3713 3713 3731 3731 3713 3713 3732 3732 3711 3711 3733 3733 3711 3711 3732 3732 3711 3711 3733 3733 3651 3651 3734 3734 3651 3651 3733 3733 3659 3659 3664 3664 3660 3660 3666 3666 3660 3660 3664 3664 3660 3660 3666 3666 3745 3745 3746 3746 3745 3745 3666 3666 3667 3667 3669 3669 3666 3666 3747 3747 3666 3666 3669 3669 3666 3666 3747 3747 3746 3746 3661 3661 3748 3748 3673 3673 3749 3749 3673 3673 3748 3748 3673 3673 3749 3749 3671 3671 3750 3750 3671 3671 3749 3749 3671 3671 3750 3750 3669 3669 3751 3751 3669 3669 3750 3750 3669 3669 3751 3751 3747 3747 3748 3748 3752 3752 3749 3749 3753 3753 3749 3749 3752 3752 3749 3749 3753 3753 3750 3750 3754 3754 3750 3750 3753 3753 3750 3750 3754 3754 3751 3751 3755 3755 3751 3751 3754 3754 3751 3751 3755 3755 3747 3747 3756 3756 3747 3747 3755 3755 3747 3747 3756 3756 3746 3746 3757 3757 3746 3746 3756 3756 3746 3746 3757 3757 3745 3745 3663 3663 3758 3758 3661 3661 3759 3759 3661 3661 3758 3758 3661 3661 3759 3759 3748 3748 529 529 3748 3748 3759 3759 3748 3748 529 529 539 539 3760 3760 3682 3682 3761 3761 3684 3684 3761 3761 3682 3682 3761 3761 3684 3684 3762 3762 3763 3763 3762 3762 3684 3684 3764 3764 3765 3765 3766 3766 3767 3767 3766 3766 3765 3765 3766 3766 3767 3767 3763 3763 3622 3622 3763 3763 3767 3767 3763 3763 3622 3622 3762 3762 3768 3768 3769 3769 3770 3770 3771 3771 3770 3770 3769 3769 3772 3772 3773 3773 3771 3771 3774 3774 3771 3771 3773 3773 3771 3771 3774 3774 3770 3770 3646 3646 3645 3645 3775 3775 3776 3776 3775 3775 3645 3645 3775 3775 3776 3776 3772 3772 3777 3777 3772 3772 3776 3776 3772 3772 3777 3777 3773 3773 3757 3757 3644 3644 3745 3745 3646 3646 3745 3745 3644 3644 3745 3745 3646 3646 3660 3660 3775 3775 3660 3660 3646 3646 3660 3660 3775 3775 3677 3677 3772 3772 3677 3677 3775 3775 3677 3677 3772 3772 3680 3680 3771 3771 3680 3680 3772 3772 3680 3680 3771 3771 3684 3684 3769 3769 3684 3684 3771 3771 3684 3684 3769 3769 3763 3763 3768 3768 3763 3763 3769 3769 3763 3763 3768 3768 3766 3766 3778 3778 3779 3779 3736 3736 3744 3744 550 550 3735 3735 549 549 3735 3735 550 550 3735 3735 549 549 3736 3736 3780 3780 3736 3736 549 549 3736 3736 3780 3780 3778 3778 481 481 3738 3738 479 479 3736 3736 479 479 3738 3738 479 479 3736 3736 477 477 3779 3779 477 477 3736 3736 477 477 3779 3779 475 475 3649 3649 3651 3651 3705 3705 3734 3734 3705 3705 3651 3651 3705 3705 3734 3734 3709 3709 3725 3725 3709 3709 3734 3734 3709 3709 3725 3725 3708 3708 452 452 3708 3708 3725 3725 3708 3708 452 452 450 450 3781 3781 3782 3782 3724 3724 3782 3782 540 540 3724 3724 542 542 3724 3724 540 540 3724 3724 542 542 544 544 539 539 3783 3783 3748 3748 3781 3781 3748 3748 3783 3783 3748 3748 3781 3781 3752 3752 3724 3724 3752 3752 3781 3781 3752 3752 3724 3724 3753 3753 3722 3722 3753 3753 3724 3724 3753 3753 3722 3722 3754 3754 3720 3720 3754 3754 3722 3722 3754 3754 3720 3720 3755 3755 3718 3718 3755 3755 3720 3720 3755 3755 3718 3718 3756 3756 3716 3716 3756 3756 3718 3718 3756 3756 3716 3716 3757 3757 3714 3714 3757 3757 3716 3716 3757 3757 3714 3714 3644 3644 3712 3712 3644 3644 3714 3714 3644 3644 3712 3712 3645 3645 3650 3650 3645 3645 3712 3712 3645 3645 3650 3650 3776 3776 3649 3649 3776 3776 3650 3650 3776 3776 3649 3649 3777 3777 3653 3653 3777 3777 3649 3649 3777 3777 3653 3653 3773 3773 3652 3652 3773 3773 3653 3653 3773 3773 3652 3652 3774 3774 3703 3703 3774 3774 3652 3652 3774 3774 3703 3703 3770 3770 3693 3693 3770 3770 3703 3703 3770 3770 3693 3693 3768 3768 3656 3656 3768 3768 3693 3693 3768 3768 3656 3656 3766 3766 3655 3655 3766 3766 3656 3656 3766 3766 3655 3655 3764 3764 3624 3624 3764 3764 3655 3655 393 393 530 530 388 388 534 534 388 388 530 530 388 388 534 534 389 389 326 326 334 334 3784 3784 563 563 3784 3784 334 334 3784 3784 563 563 400 400 562 562 402 402 563 563 401 401 563 563 402 402 563 563 401 401 400 400 394 394 399 399 561 561 398 398 561 561 399 399 561 561 398 398 562 562 403 403 562 562 398 398 562 562 403 403 402 402 394 394 561 561 395 395 531 531 395 395 561 561 395 395 531 531 413 413 393 393 392 392 530 530 391 391 530 530 392 392 530 530 391 391 531 531 3785 3785 531 531 391 391 531 531 3785 3785 413 413 476 476 475 475 3786 3786 557 557 3786 3786 475 475 3787 3787 3788 3788 524 524 3789 3789 524 524 3788 3788 524 524 3789 3789 526 526 3790 3790 526 526 3789 3789 526 526 3790 3790 527 527 3791 3791 527 527 3790 3790 527 527 3791 3791 556 556 3792 3792 556 556 3791 3791 556 556 3792 3792 557 557 3793 3793 557 557 3792 3792 557 557 3793 3793 3786 3786 524 524 523 523 3787 3787 334 334 3787 3787 523 523 3787 3787 334 334 335 335 3794 3794 3795 3795 3796 3796 3797 3797 476 476 3786 3786 3798 3798 3799 3799 3800 3800 3801 3801 3802 3802 3803 3803 3804 3804 3805 3805 3806 3806 3807 3807 3806 3806 3805 3805 3806 3806 3807 3807 490 490 3803 3803 3802 3802 3808 3808 3809 3809 3808 3808 3802 3802 3808 3808 3809 3809 3810 3810 3798 3798 3800 3800 3811 3811 3812 3812 3813 3813 3814 3814 3795 3795 3814 3814 3813 3813 3814 3814 3795 3795 3815 3815 3816 3816 3817 3817 3794 3794 3818 3818 3794 3794 3817 3817 3794 3794 3818 3818 3795 3795 3819 3819 3795 3795 3818 3818 3795 3795 3819 3819 3815 3815 3820 3820 3821 3821 3822 3822 315 315 314 314 3823 3823 3824 3824 3823 3823 314 314 315 315 3823 3823 317 317 3825 3825 317 317 3823 3823 317 317 3825 3825 3826 3826 3826 3826 3825 3825 3827 3827 3828 3828 3827 3827 3825 3825 3827 3827 3828 3828 3829 3829 3829 3829 3828 3828 3830 3830 3831 3831 3830 3830 3828 3828 3830 3830 3831 3831 3832 3832 3832 3832 3831 3831 3833 3833 3834 3834 3833 3833 3831 3831 3833 3833 3834 3834 3835 3835 3790 3790 3789 3789 3831 3831 3788 3788 3831 3831 3789 3789 3831 3831 3788 3788 3834 3834 3797 3797 3786 3786 3836 3836 3837 3837 3836 3836 3786 3786 3836 3836 3837 3837 3838 3838 3839 3839 3840 3840 3837 3837 3841 3841 3837 3837 3840 3840 3837 3837 3841 3841 3838 3838 3842 3842 3843 3843 3844 3844 3845 3845 3844 3844 3843 3843 3844 3844 3845 3845 3839 3839 3846 3846 3839 3839 3845 3845 3839 3839 3846 3846 3840 3840 3842 3842 3844 3844 3847 3847 3848 3848 3847 3847 3844 3844 3847 3847 3848 3848 3849 3849 3850 3850 3851 3851 3848 3848 3852 3852 3848 3848 3851 3851 3848 3848 3852 3852 3849 3849 3853 3853 3854 3854 3809 3809 3855 3855 3809 3809 3854 3854 3809 3809 3855 3855 3850 3850 3856 3856 3850 3850 3855 3855 3850 3850 3856 3856 3851 3851 3853 3853 3809 3809 3857 3857 3802 3802 3857 3857 3809 3809 3857 3857 3802 3802 3804 3804 3801 3801 3804 3804 3802 3802 3804 3804 3801 3801 3805 3805 3858 3858 3859 3859 3860 3860 3861 3861 3860 3860 3862 3862 3859 3859 3862 3862 3860 3860 3862 3862 3859 3859 3863 3863 3812 3812 3864 3864 3813 3813 3865 3865 3813 3813 3864 3864 3813 3813 3865 3865 3795 3795 3866 3866 3795 3795 3865 3865 3795 3795 3866 3866 3796 3796 3867 3867 3796 3796 3866 3866 3796 3796 3867 3867 3868 3868 3869 3869 3868 3868 3867 3867 3868 3868 3869 3869 3870 3870 3864 3864 3811 3811 3865 3865 3800 3800 3865 3865 3811 3811 3865 3865 3800 3800 3866 3866 3871 3871 3866 3866 3800 3800 3866 3866 3871 3871 3867 3867 3872 3872 3867 3867 3871 3871 3867 3867 3872 3872 3869 3869 3837 3837 3870 3870 3839 3839 3869 3869 3839 3839 3870 3870 3839 3839 3869 3869 3844 3844 3872 3872 3844 3844 3869 3869 3844 3844 3872 3872 3848 3848 3871 3871 3848 3848 3872 3872 3848 3848 3871 3871 3850 3850 3800 3800 3850 3850 3871 3871 3850 3850 3800 3800 3809 3809 3799 3799 3809 3809 3800 3800 3809 3809 3799 3799 3810 3810 3822 3822 3816 3816 3820 3820 3794 3794 3820 3820 3816 3816 3820 3820 3794 3794 3873 3873 3796 3796 3873 3873 3794 3794 3873 3873 3796 3796 3861 3861 3868 3868 3861 3861 3796 3796 3861 3861 3868 3868 3860 3860 3870 3870 3860 3860 3868 3868 3860 3860 3870 3870 3858 3858 3837 3837 3858 3858 3870 3870 3858 3858 3837 3837 3793 3793 3786 3786 3793 3793 3837 3837 3793 3793 3792 3792 3858 3858 3791 3791 3858 3858 3792 3792 3858 3858 3791 3791 3859 3859 3790 3790 3859 3859 3791 3791 3859 3859 3790 3790 3863 3863 3831 3831 3863 3863 3790 3790 3863 3863 3831 3831 3862 3862 3828 3828 3862 3862 3831 3831 3862 3862 3828 3828 3861 3861 3825 3825 3861 3861 3828 3828 3861 3861 3825 3825 3873 3873 3823 3823 3873 3873 3825 3825 3873 3873 3823 3823 3820 3820 3824 3824 3820 3820 3823 3823 3820 3820 3824 3824 3821 3821 3874 3874 3875 3875 3876 3876 2003 2003 2002 2002 3877 3877 3878 3878 3879 3879 3880 3880 2170 2170 2169 2169 3881 3881 3882 3882 3883 3883 3884 3884 1991 1991 1992 1992 3885 3885 2948 2948 1991 1991 3886 3886 3885 3885 3886 3886 1991 1991 3886 3886 3885 3885 3887 3887 3887 3887 3888 3888 3889 3889 3890 3890 3889 3889 3888 3888 3888 3888 3891 3891 3890 3890 3892 3892 3890 3890 3891 3891 3890 3890 3892 3892 3893 3893 3894 3894 3893 3893 3892 3892 3893 3893 3894 3894 3895 3895 3896 3896 3897 3897 3898 3898 2716 2716 2714 2714 3899 3899 2713 2713 3899 3899 2714 2714 3898 3898 3900 3900 3896 3896 3899 3899 3896 3896 3900 3900 3896 3896 3899 3899 3901 3901 2713 2713 3901 3901 3899 3899 3902 3902 3903 3903 3904 3904 3905 3905 3904 3904 3903 3903 3906 3906 3907 3907 3902 3902 3908 3908 3909 3909 3910 3910 3911 3911 3912 3912 2150 2150 3909 3909 2150 2150 3912 3912 2150 2150 3909 3909 2152 2152 3908 3908 2152 2152 3909 3909 2152 2152 3908 3908 2154 2154 2154 2154 3908 3908 2156 2156 3913 3913 2156 2156 3908 3908 2156 2156 3913 3913 2158 2158 2145 2145 2164 2164 3914 3914 2162 2162 3914 3914 2164 2164 3914 3914 2162 2162 3913 3913 2160 2160 3913 3913 2162 2162 3913 3913 2160 2160 2158 2158 3915 3915 2170 2170 3916 3916 3881 3881 3916 3916 2170 2170 3916 3916 3881 3881 3917 3917 3918 3918 2184 2184 3919 3919 2171 2171 3919 3919 2184 2184 3919 3919 2171 2171 3920 3920 3921 3921 3922 3922 3923 3923 3924 3924 3923 3923 3922 3922 3923 3923 3924 3924 2019 2019 2011 2011 3925 3925 3926 3926 2022 2022 3926 3926 3925 3925 3926 3926 2022 2022 3922 3922 2021 2021 3922 3922 2022 2022 3922 3922 2021 2021 3924 3924 2012 2012 3927 3927 2014 2014 3928 3928 2014 2014 3927 3927 2014 2014 3928 3928 3929 3929 3930 3930 3929 3929 3928 3928 3929 3929 3930 3930 2010 2010 3931 3931 2010 2010 3930 3930 2010 2010 3931 3931 2009 2009 1935 1935 3932 3932 3933 3933 2005 2005 3933 3933 3932 3932 3933 3933 2005 2005 3931 3931 3934 3934 3931 3931 2005 2005 3931 3931 3934 3934 2009 2009 3874 3874 3876 3876 1938 1938 1993 1993 2001 2001 3935 3935 2000 2000 3936 3936 3937 3937 3935 3935 3938 3938 1993 1993 3939 3939 1993 1993 3938 3938 1993 1993 3939 3939 3940 3940 1992 1992 3941 3941 3885 3885 1996 1996 3885 3885 3941 3941 3885 3885 1996 1996 3939 3939 1995 1995 3939 3939 1996 1996 3939 3939 1995 1995 3940 3940 3942 3942 2716 2716 3943 3943 3899 3899 3943 3943 2716 2716 3943 3943 3899 3899 3944 3944 3900 3900 3944 3944 3899 3899 3944 3944 3900 3900 3945 3945 3898 3898 3945 3945 3900 3900 3945 3945 3898 3898 3946 3946 3947 3947 3948 3948 3949 3949 2169 2169 2168 2168 3881 3881 2146 2146 3881 3881 2168 2168 3881 3881 2146 2146 3917 3917 3950 3950 3917 3917 2146 2146 3917 3917 3950 3950 3951 3951 3948 3948 3951 3951 3950 3950 3948 3948 3950 3950 3949 3949 3952 3952 3949 3949 3950 3950 3949 3949 3952 3952 3947 3947 3902 3902 3904 3904 3906 3906 3953 3953 3906 3906 3904 3904 3906 3906 3953 3953 3954 3954 3955 3955 3954 3954 3953 3953 3954 3954 3955 3955 3952 3952 3956 3956 3952 3952 3955 3955 3952 3952 3956 3956 3947 3947 2146 2146 2145 2145 3950 3950 3914 3914 3950 3950 2145 2145 3950 3950 3914 3914 3952 3952 3913 3913 3952 3952 3914 3914 3952 3952 3913 3913 3954 3954 3908 3908 3954 3954 3913 3913 3954 3954 3908 3908 3906 3906 3910 3910 3906 3906 3908 3908 3906 3906 3910 3910 3907 3907 3957 3957 3956 3956 3946 3946 3955 3955 3946 3946 3956 3956 3946 3946 3955 3955 3945 3945 3953 3953 3945 3945 3955 3955 3945 3945 3953 3953 3944 3944 3904 3904 3944 3944 3953 3953 3944 3944 3904 3904 3943 3943 3905 3905 3943 3943 3904 3904 3943 3943 3905 3905 3942 3942 2012 2012 2011 2011 3927 3927 3926 3926 3927 3927 2011 2011 3927 3927 3926 3926 3958 3958 3922 3922 3958 3958 3926 3926 3958 3958 3922 3922 3959 3959 3921 3921 3959 3959 3922 3922 3959 3959 3921 3921 3960 3960 3920 3920 3878 3878 3919 3919 3880 3880 3919 3919 3878 3878 3919 3919 3880 3880 3961 3961 3962 3962 3961 3961 3880 3880 3961 3961 3962 3962 3963 3963 3964 3964 3963 3963 3962 3962 3963 3963 3964 3964 3965 3965 3966 3966 3965 3965 3964 3964 3965 3965 3966 3966 3967 3967 3968 3968 3967 3967 3966 3966 3967 3967 3968 3968 3969 3969 3970 3970 3969 3969 3968 3968 3969 3969 3970 3970 3971 3971 3972 3972 3971 3971 3970 3970 3971 3971 3972 3972 3973 3973 3879 3879 3915 3915 3880 3880 3916 3916 3880 3880 3915 3915 3880 3880 3916 3916 3962 3962 3917 3917 3962 3962 3916 3916 3962 3962 3917 3917 3964 3964 3951 3951 3964 3964 3917 3917 3964 3964 3951 3951 3966 3966 3948 3948 3966 3966 3951 3951 3966 3966 3948 3948 3968 3968 3947 3947 3968 3968 3948 3948 3968 3968 3947 3947 3970 3970 3956 3956 3970 3970 3947 3947 3970 3970 3956 3956 3972 3972 3957 3957 3972 3972 3956 3956 3972 3972 3957 3957 3973 3973 2001 2001 2000 2000 3935 3935 3937 3937 3935 3935 2000 2000 3935 3935 3937 3937 3876 3876 3936 3936 3876 3876 3937 3937 3876 3876 3936 3936 1938 1938 3877 3877 3974 3974 3975 3975 3976 3976 3975 3975 3974 3974 3975 3975 3976 3976 3977 3977 3891 3891 3977 3977 3976 3976 3887 3887 3885 3885 3888 3888 3939 3939 3888 3888 3885 3885 3888 3888 3939 3939 3891 3891 3938 3938 3891 3891 3939 3939 3891 3891 3938 3938 3977 3977 3935 3935 3977 3977 3938 3938 3977 3977 3935 3935 3975 3975 3876 3876 3975 3975 3935 3935 3975 3975 3876 3876 3877 3877 3875 3875 3877 3877 3876 3876 3877 3877 3875 3875 2003 2003 2002 2002 1935 1935 3877 3877 3933 3933 3877 3877 1935 1935 3877 3877 3933 3933 3974 3974 3978 3978 3974 3974 3933 3933 3974 3974 3978 3978 3976 3976 3979 3979 3976 3976 3978 3978 3976 3976 3979 3979 3891 3891 3980 3980 3891 3891 3979 3979 3891 3891 3980 3980 3892 3892 3981 3981 3892 3892 3980 3980 3892 3892 3981 3981 3894 3894 3884 3884 3894 3894 3981 3981 3894 3894 3884 3884 3895 3895 3883 3883 3895 3895 3884 3884 3960 3960 3918 3918 3959 3959 3919 3919 3959 3959 3918 3918 3959 3959 3919 3919 3958 3958 3961 3961 3958 3958 3919 3919 3958 3958 3961 3961 3927 3927 3963 3963 3927 3927 3961 3961 3927 3927 3963 3963 3928 3928 3965 3965 3928 3928 3963 3963 3928 3928 3965 3965 3930 3930 3967 3967 3930 3930 3965 3965 3930 3930 3967 3967 3931 3931 3969 3969 3931 3931 3967 3967 3931 3931 3969 3969 3933 3933 3971 3971 3933 3933 3969 3969 3933 3933 3971 3971 3978 3978 3973 3973 3978 3978 3971 3971 3978 3978 3973 3973 3979 3979 3957 3957 3979 3979 3973 3973 3979 3979 3957 3957 3980 3980 3946 3946 3980 3980 3957 3957 3980 3980 3946 3946 3981 3981 3898 3898 3981 3981 3946 3946 3981 3981 3898 3898 3884 3884 3897 3897 3884 3884 3898 3898 3884 3884 3897 3897 3882 3882 3982 3982 3983 3983 3984 3984 3985 3985 3986 3986 3987 3987 3988 3988 2766 2766 3989 3989 3984 3984 1595 1595 3990 3990 3991 3991 3992 3992 3993 3993 3994 3994 3993 3993 3992 3992 3995 3995 3996 3996 3997 3997 3998 3998 3997 3997 3996 3996 3999 3999 4000 4000 1579 1579 1575 1575 4001 4001 4002 4002 4003 4003 4002 4002 4001 4001 4000 4000 3999 3999 4003 4003 4004 4004 4003 4003 3999 3999 4003 4003 4004 4004 4002 4002 1573 1573 4005 4005 4006 4006 4007 4007 4006 4006 4005 4005 1568 1568 4008 4008 4009 4009 4010 4010 4009 4009 4008 4008 4009 4009 4010 4010 1574 1574 4011 4011 4012 4012 4013 4013 4011 4011 4013 4013 4014 4014 4015 4015 4012 4012 2192 2192 4011 4011 2192 2192 4012 4012 2192 2192 4011 4011 2190 2190 4014 4014 4016 4016 4011 4011 2182 2182 4011 4011 4016 4016 4011 4011 2182 2182 2190 2190 2172 2172 2187 2187 4017 4017 2186 2186 4017 4017 2187 2187 4017 4017 2186 2186 4018 4018 4019 4019 4018 4018 2186 2186 4018 4018 4019 4019 4016 4016 4020 4020 4016 4016 4019 4019 4016 4016 4020 4020 2182 2182 2172 2172 4017 4017 2174 2174 4021 4021 2174 2174 4017 4017 2174 2174 4021 4021 4022 4022 4023 4023 4022 4022 4021 4021 4022 4022 4023 4023 2178 2178 2166 2166 2167 2167 4024 4024 4025 4025 4024 4024 2167 2167 4024 4024 4025 4025 4026 4026 2167 2167 2144 2144 4025 4025 2181 2181 4025 4025 2144 2144 4025 4025 2181 2181 4023 4023 2180 2180 4023 4023 2181 2181 4023 4023 2180 2180 2178 2178 2165 2165 4027 4027 2163 2163 4028 4028 2163 2163 4027 4027 4029 4029 4030 4030 2149 2149 2149 2149 2151 2151 4029 4029 4031 4031 4029 4029 2151 2151 4029 4029 4031 4031 4032 4032 4033 4033 2770 2770 4034 4034 2771 2771 2770 2770 4035 4035 4033 4033 4035 4035 2770 2770 4035 4035 4033 4033 4036 4036 4037 4037 4036 4036 4033 4033 3987 3987 3986 3986 4038 4038 4039 4039 4038 4038 3986 3986 4038 4038 4039 4039 4040 4040 4041 4041 4042 4042 4043 4043 3983 3983 4043 4043 4042 4042 4043 4043 3983 3983 4044 4044 3982 3982 4044 4044 3983 3983 829 829 4045 4045 4046 4046 4047 4047 4046 4046 4045 4045 4046 4046 4047 4047 3990 3990 4048 4048 3990 3990 4047 4047 3990 3990 4048 4048 3984 3984 4049 4049 3984 3984 4048 4048 3984 3984 4049 4049 3982 3982 4026 4026 4050 4050 4024 4024 4027 4027 4024 4024 4050 4050 4024 4024 4027 4027 2166 2166 2165 2165 2166 2166 4027 4027 2153 2153 2155 2155 4051 4051 4052 4052 4051 4051 2155 2155 4051 4051 4052 4052 4053 4053 2765 2765 4032 4032 4054 4054 4031 4031 4054 4054 4032 4032 4054 4054 4031 4031 4055 4055 2766 2766 2765 2765 3989 3989 4054 4054 3989 3989 2765 2765 3989 3989 4054 4054 4056 4056 4055 4055 4056 4056 4054 4054 4056 4056 4055 4055 4057 4057 2768 2768 3988 3988 4058 4058 3989 3989 4058 4058 3988 3988 4058 4058 3989 3989 4059 4059 4056 4056 4059 4059 3989 3989 4059 4059 4056 4056 4060 4060 4057 4057 4060 4060 4056 4056 4060 4060 4057 4057 4061 4061 4041 4041 4040 4040 4042 4042 4039 4039 4042 4042 4040 4040 4042 4042 4039 4039 4062 4062 3986 3986 4062 4062 4039 4039 4062 4062 3986 3986 4063 4063 3985 3985 4063 4063 3986 3986 4063 4063 3985 3985 4037 4037 4064 4064 4037 4037 3985 3985 4037 4037 4064 4064 4036 4036 4065 4065 4066 4066 4067 4067 4068 4068 4067 4067 4066 4066 4067 4067 4068 4068 3999 3999 4069 4069 3999 3999 4068 4068 3999 3999 4069 4069 4004 4004 1578 1578 3995 3995 4070 4070 3997 3997 4070 4070 3995 3995 4070 4070 3997 3997 4071 4071 4072 4072 4071 4071 4073 4073 3997 3997 4073 4073 4071 4071 4073 4073 3997 3997 4074 4074 3998 3998 4074 4074 3997 3997 4074 4074 3998 3998 3991 3991 4042 4042 4075 4075 3983 3983 3993 3993 3983 3983 4075 4075 3983 3983 3993 3993 3984 3984 3994 3994 3984 3984 3993 3993 3984 3984 3994 3994 1595 1595 3991 3991 3993 3993 4074 4074 4075 4075 4074 4074 3993 3993 4074 4074 4075 4075 4073 4073 4042 4042 4073 4073 4075 4075 4073 4073 4042 4042 4072 4072 4062 4062 4072 4072 4042 4042 4072 4072 4062 4062 4061 4061 4063 4063 4061 4061 4062 4062 4061 4061 4063 4063 4060 4060 4037 4037 4060 4060 4063 4063 4060 4060 4037 4037 4059 4059 4033 4033 4059 4059 4037 4037 4059 4059 4033 4033 4058 4058 4034 4034 4058 4058 4033 4033 4058 4058 4034 4034 2768 2768 1574 1574 1573 1573 4009 4009 4006 4006 4009 4009 1573 1573 4009 4009 4006 4006 4076 4076 4077 4077 4076 4076 4006 4006 4076 4076 4077 4077 4078 4078 4079 4079 4078 4078 4077 4077 4078 4078 4079 4079 4080 4080 4081 4081 4080 4080 4079 4079 4080 4080 4081 4081 4082 4082 4083 4083 4082 4082 4081 4081 4082 4082 4083 4083 4084 4084 4085 4085 4084 4084 4083 4083 4084 4084 4085 4085 4086 4086 4087 4087 4086 4086 4085 4085 4086 4086 4087 4087 4088 4088 4013 4013 1568 1568 4014 4014 4009 4009 4014 4014 1568 1568 4014 4014 4009 4009 4016 4016 4076 4076 4016 4016 4009 4009 4016 4016 4076 4076 4018 4018 4078 4078 4018 4018 4076 4076 4018 4018 4078 4078 4017 4017 4080 4080 4017 4017 4078 4078 4017 4017 4080 4080 4021 4021 4082 4082 4021 4021 4080 4080 4021 4021 4082 4082 4023 4023 4084 4084 4023 4023 4082 4082 4023 4023 4084 4084 4025 4025 4086 4086 4025 4025 4084 4084 4025 4025 4086 4086 4026 4026 4088 4088 4026 4026 4086 4086 4026 4026 4088 4088 4050 4050 2151 2151 2153 2153 4031 4031 4051 4051 4031 4031 2153 2153 4031 4031 4051 4051 4055 4055 4089 4089 4055 4055 4051 4051 4055 4055 4089 4089 4057 4057 4090 4090 4057 4057 4089 4089 4057 4057 4090 4090 4061 4061 4065 4065 4061 4061 4090 4090 4061 4061 4065 4065 4072 4072 4067 4067 4072 4072 4065 4065 4072 4072 4067 4067 4071 4071 3999 3999 4071 4071 4067 4067 4071 4071 3999 3999 4070 4070 1579 1579 4070 4070 3999 3999 4070 4070 1579 1579 1578 1578 4007 4007 1575 1575 4006 4006 4002 4002 4006 4006 1575 1575 4006 4006 4002 4002 4077 4077 4004 4004 4077 4077 4002 4002 4077 4077 4004 4004 4079 4079 4069 4069 4079 4079 4004 4004 4079 4079 4069 4069 4081 4081 4068 4068 4081 4081 4069 4069 4081 4081 4068 4068 4083 4083 4066 4066 4083 4083 4068 4068 4083 4083 4066 4066 4085 4085 4065 4065 4085 4085 4066 4066 4085 4085 4065 4065 4087 4087 4090 4090 4087 4087 4065 4065 4087 4087 4090 4090 4088 4088 4089 4089 4088 4088 4090 4090 4088 4088 4089 4089 4050 4050 4051 4051 4050 4050 4089 4089 4050 4050 4051 4051 4027 4027 4053 4053 4027 4027 4051 4051 4027 4027 4053 4053 4028 4028 4091 4091 4092 4092 4093 4093 4094 4094 4093 4093 4092 4092 4093 4093 4094 4094 4095 4095 4096 4096 4095 4095 4094 4094 4095 4095 4096 4096 4097 4097 4098 4098 4097 4097 4096 4096 4097 4097 4098 4098 4099 4099 4100 4100 4099 4099 4098 4098 4099 4099 4100 4100 4101 4101 4102 4102 4101 4101 4100 4100 4101 4101 4102 4102 4103 4103 4104 4104 4103 4103 4102 4102 4103 4103 4104 4104 4105 4105 4106 4106 4105 4105 4104 4104 4105 4105 4106 4106 4107 4107 4108 4108 4107 4107 4106 4106 4107 4107 4108 4108 4109 4109 4110 4110 4109 4109 4108 4108 4109 4109 4110 4110 4111 4111 4112 4112 4111 4111 4110 4110 4111 4111 4112 4112 4113 4113 4114 4114 4113 4113 4112 4112 4113 4113 4114 4114 4115 4115 4116 4116 4115 4115 4114 4114 4115 4115 4116 4116 4117 4117 4118 4118 4117 4117 4116 4116 4117 4117 4118 4118 4119 4119 4120 4120 4119 4119 4118 4118 4119 4119 4120 4120 4121 4121 4122 4122 4121 4121 4120 4120 4121 4121 4122 4122 4123 4123 4124 4124 4123 4123 4122 4122 4123 4123 4124 4124 4125 4125 4126 4126 4125 4125 4124 4124 4125 4125 4126 4126 4127 4127 4128 4128 4127 4127 4126 4126 4127 4127 4128 4128 4129 4129 4130 4130 4129 4129 4128 4128 4129 4129 4130 4130 4131 4131 4132 4132 4131 4131 4130 4130 4131 4131 4132 4132 4133 4133 4134 4134 4133 4133 4132 4132 4133 4133 4134 4134 4135 4135 4136 4136 4135 4135 4134 4134 4135 4135 4136 4136 4137 4137 4138 4138 4137 4137 4136 4136 4137 4137 4138 4138 4091 4091 4092 4092 4091 4091 4138 4138 159 159 158 158 4139 4139 4140 4140 4139 4139 158 158 4139 4139 4140 4140 4141 4141 4142 4142 4141 4141 4140 4140 4141 4141 4142 4142 4143 4143 2249 2249 4143 4143 4142 4142 4143 4143 2249 2249 2247 2247 1744 1744 1747 1747 4144 4144 1701 1701 1742 1742 4145 4145 3245 3245 3236 3236 4146 4146 4147 4147 4148 4148 4149 4149 4150 4150 4151 4151 4152 4152 3227 3227 3229 3229 4153 4153 4154 4154 3225 3225 4155 4155 4156 4156 3243 3243 4157 4157 1779 1779 1778 1778 4158 4158 3221 3221 3232 3232 4159 4159 4160 4160 4161 4161 1692 1692 4162 4162 4163 4163 4160 4160 4164 4164 4165 4165 4159 4159 4166 4166 4159 4159 4165 4165 4159 4159 4166 4166 3221 3221 3223 3223 3221 3221 4166 4166 1783 1783 4167 4167 1784 1784 1776 1776 1784 1784 4167 4167 4168 4168 4167 4167 4169 4169 1783 1783 4169 4169 4167 4167 4169 4169 1783 1783 1782 1782 1785 1785 4170 4170 4171 4171 4169 4169 4171 4171 4170 4170 4171 4171 4169 4169 1781 1781 1782 1782 1781 1781 4169 4169 4168 4168 4172 4172 4173 4173 1778 1778 1776 1776 4158 4158 4167 4167 4158 4158 1776 1776 4158 4158 4167 4167 4174 4174 4168 4168 4174 4174 4167 4167 4174 4174 4168 4168 4175 4175 4173 4173 4175 4175 4168 4168 4170 4170 4176 4176 4169 4169 4177 4177 4169 4169 4176 4176 4169 4169 4177 4177 4168 4168 4178 4178 4168 4168 4177 4177 4168 4168 4178 4178 4172 4172 4156 4156 4157 4157 3239 3239 4179 4179 4180 4180 4181 4181 4182 4182 4181 4181 4180 4180 4181 4181 4182 4182 4183 4183 4184 4184 4183 4183 4182 4182 4183 4183 4184 4184 4185 4185 4186 4186 4185 4185 4184 4184 4185 4185 4186 4186 4159 4159 4187 4187 4159 4159 4186 4186 4159 4159 4187 4187 4164 4164 4188 4188 4189 4189 4190 4190 4191 4191 4190 4190 4189 4189 4190 4190 4191 4191 4192 4192 4193 4193 4194 4194 4190 4190 4195 4195 4190 4190 4194 4194 4190 4190 4195 4195 4188 4188 4196 4196 4197 4197 4198 4198 4199 4199 4198 4198 4197 4197 4200 4200 4201 4201 4202 4202 4203 4203 4150 4150 4204 4204 4205 4205 4206 4206 4194 4194 4207 4207 4194 4194 4206 4206 4194 4194 4207 4207 4195 4195 4208 4208 4209 4209 4205 4205 4210 4210 4205 4205 4209 4209 4205 4205 4210 4210 4206 4206 4208 4208 4205 4205 4211 4211 4212 4212 4211 4211 4205 4205 4211 4211 4212 4212 3266 3266 4213 4213 4214 4214 4215 4215 3265 3265 4215 4215 4214 4214 4193 4193 4216 4216 4194 4194 4217 4217 4194 4194 4216 4216 4194 4194 4217 4217 4205 4205 4215 4215 4205 4205 4217 4217 4205 4205 4215 4215 4212 4212 3265 3265 4212 4212 4215 4215 4212 4212 3265 3265 3266 3266 3256 3256 3255 3255 4213 4213 3254 3254 4213 4213 3255 3255 4213 4213 3254 3254 4214 4214 4148 4148 4196 4196 4218 4218 4198 4198 4218 4218 4196 4196 4218 4218 4198 4198 4146 4146 4201 4201 4200 4200 4219 4219 4220 4220 4219 4219 4200 4200 4219 4219 4220 4220 4221 4221 3244 3244 3245 3245 4221 4221 4146 4146 4221 4221 3245 3245 4221 4221 4146 4146 4219 4219 4198 4198 4219 4219 4146 4146 4219 4219 4198 4198 4201 4201 4199 4199 4201 4201 4198 4198 3236 3236 3211 3211 4146 4146 4222 4222 4146 4146 3211 3211 4146 4146 4222 4222 4218 4218 3253 3253 4218 4218 4222 4222 4218 4218 3253 3253 4148 4148 3252 3252 4148 4148 3253 3253 4148 4148 3252 3252 4149 4149 1701 1701 4145 4145 1692 1692 4223 4223 4224 4224 4225 4225 4226 4226 4225 4225 4224 4224 4227 4227 1756 1756 4228 4228 4229 4229 4230 4230 4231 4231 4191 4191 4232 4232 4192 4192 4233 4233 4192 4192 4232 4232 4192 4192 4233 4233 4229 4229 4234 4234 4229 4229 4233 4233 4229 4229 4234 4234 4230 4230 4229 4229 4235 4235 4192 4192 4236 4236 4192 4192 4235 4235 4192 4192 4236 4236 4190 4190 4237 4237 4190 4190 4236 4236 4190 4190 4237 4237 4193 4193 4199 4199 4238 4238 4201 4201 4239 4239 4201 4201 4238 4238 4201 4201 4239 4239 4202 4202 4240 4240 4202 4202 4239 4239 4202 4202 4240 4240 4241 4241 4242 4242 4241 4241 4240 4240 4241 4241 4242 4242 4243 4243 4225 4225 4243 4243 4242 4242 4243 4243 4225 4225 4162 4162 4226 4226 4162 4162 4225 4225 4162 4162 4226 4226 4163 4163 4149 4149 3256 3256 4147 4147 4213 4213 4147 4147 3256 3256 4147 4147 4213 4213 4148 4148 4215 4215 4148 4148 4213 4213 4148 4148 4215 4215 4196 4196 4217 4217 4196 4196 4215 4215 4196 4196 4217 4217 4197 4197 4216 4216 4197 4197 4217 4217 4197 4197 4216 4216 4199 4199 4193 4193 4199 4199 4216 4216 4199 4199 4193 4193 4238 4238 4237 4237 4238 4238 4193 4193 4238 4238 4237 4237 4239 4239 4236 4236 4239 4239 4237 4237 4239 4239 4236 4236 4240 4240 4235 4235 4240 4240 4236 4236 4240 4240 4235 4235 4242 4242 4229 4229 4242 4242 4235 4235 4242 4242 4229 4229 4225 4225 4231 4231 4225 4225 4229 4229 4225 4225 4231 4231 4223 4223 1773 1773 4244 4244 4245 4245 4246 4246 4245 4245 4244 4244 1756 1756 1765 1765 4228 4228 4247 4247 4228 4228 1765 1765 4228 4228 4247 4247 4246 4246 1768 1768 4246 4246 4247 4247 4246 4246 1768 1768 4245 4245 3225 3225 3227 3227 4155 4155 4153 4153 4155 4155 3227 3227 4155 4155 4153 4153 4248 4248 4249 4249 4248 4248 4153 4153 4248 4248 4249 4249 4250 4250 4251 4251 4250 4250 4249 4249 4250 4250 4251 4251 4252 4252 4253 4253 4252 4252 4251 4251 4252 4252 4253 4253 4254 4254 4255 4255 4254 4254 4253 4253 4254 4254 4255 4255 4256 4256 4257 4257 4256 4256 4255 4255 4256 4256 4257 4257 4258 4258 4259 4259 4258 4258 4257 4257 4258 4258 4259 4259 4260 4260 4261 4261 4260 4260 4259 4259 4260 4260 4261 4261 4262 4262 4144 4144 4262 4262 4261 4261 4262 4262 4144 4144 4263 4263 1747 1747 4263 4263 4144 4144 4263 4263 4227 4227 4262 4262 4228 4228 4262 4262 4227 4227 4262 4262 4228 4228 4260 4260 4246 4246 4260 4260 4228 4228 4260 4260 4246 4246 4258 4258 4244 4244 4258 4258 4246 4246 4258 4258 4244 4244 4256 4256 4264 4264 4256 4256 4244 4244 4256 4256 4264 4264 4254 4254 4265 4265 4254 4254 4264 4264 4254 4254 4265 4265 4252 4252 4181 4181 4252 4252 4265 4265 4252 4252 4181 4181 4250 4250 4183 4183 4250 4250 4181 4181 4250 4250 4183 4183 4248 4248 4185 4185 4248 4248 4183 4183 4248 4248 4185 4185 4155 4155 4159 4159 4155 4155 4185 4185 4155 4155 4159 4159 4154 4154 3232 3232 4154 4154 4159 4159 4160 4160 1692 1692 4162 4162 4145 4145 4162 4162 1692 1692 4162 4162 4145 4145 4243 4243 4266 4266 4243 4243 4145 4145 4243 4243 4266 4266 4241 4241 4267 4267 4241 4241 4266 4266 4241 4241 4267 4267 4202 4202 4203 4203 4202 4202 4267 4267 4202 4202 4203 4203 4200 4200 4204 4204 4200 4200 4203 4203 4200 4200 4204 4204 4220 4220 4173 4173 4268 4268 4175 4175 4269 4269 4175 4175 4268 4268 4175 4175 4269 4269 4270 4270 1773 1773 1779 1779 4244 4244 4158 4158 4244 4244 1779 1779 4244 4244 4158 4158 4264 4264 4174 4174 4264 4264 4158 4158 4264 4264 4174 4174 4265 4265 4175 4175 4265 4265 4174 4174 4265 4265 4175 4175 4181 4181 4270 4270 4181 4181 4175 4175 4181 4181 4270 4270 4179 4179 4150 4150 4152 4152 4204 4204 4271 4271 4204 4204 4152 4152 4204 4204 4271 4271 4220 4220 4157 4157 4220 4220 4271 4271 4220 4220 4157 4157 4221 4221 3243 3243 4221 4221 4157 4157 4221 4221 3243 3243 3244 3244 1742 1742 1744 1744 4145 4145 4144 4144 4145 4145 1744 1744 4145 4145 4144 4144 4266 4266 4261 4261 4266 4266 4144 4144 4266 4266 4261 4261 4267 4267 4259 4259 4267 4267 4261 4261 4267 4267 4259 4259 4203 4203 4257 4257 4203 4203 4259 4259 4203 4203 4257 4257 4150 4150 4255 4255 4150 4150 4257 4257 4150 4150 4255 4255 4151 4151 4253 4253 4151 4151 4255 4255 4151 4151 4253 4253 4152 4152 4251 4251 4152 4152 4253 4253 4152 4152 4251 4251 4271 4271 4249 4249 4271 4271 4251 4251 4271 4271 4249 4249 4157 4157 4153 4153 4157 4157 4249 4249 4157 4157 4153 4153 3239 3239 3229 3229 3239 3239 4153 4153 4272 4272 4273 4273 4274 4274 4275 4275 4276 4276 4277 4277 1340 1340 1339 1339 4278 4278 1345 1345 1344 1344 4279 4279 1265 1265 1283 1283 4280 4280 1286 1286 1285 1285 4281 4281 4282 4282 4283 4283 4284 4284 1261 1261 1262 1262 4285 4285 4285 4285 1870 1870 1261 1261 1869 1869 1261 1261 1870 1870 1261 1261 1869 1869 1260 1260 4286 4286 4287 4287 4285 4285 4288 4288 4285 4285 4287 4287 4285 4285 4288 4288 1870 1870 4289 4289 4290 4290 4291 4291 4292 4292 4291 4291 4290 4290 4291 4291 4292 4292 4286 4286 4293 4293 4286 4286 4292 4292 4286 4286 4293 4293 4287 4287 4289 4289 4291 4291 4294 4294 4295 4295 4294 4294 4291 4291 4294 4294 4295 4295 4296 4296 4297 4297 4298 4298 4299 4299 4300 4300 4299 4299 4298 4298 4299 4299 4300 4300 4295 4295 4301 4301 4295 4295 4300 4300 4295 4295 4301 4301 4296 4296 4297 4297 4299 4299 4302 4302 4303 4303 4302 4302 4299 4299 4302 4302 4303 4303 4304 4304 4305 4305 4306 4306 4303 4303 4307 4307 4303 4303 4306 4306 4303 4303 4307 4307 4304 4304 4308 4308 4305 4305 1827 1827 4309 4309 1827 1827 4305 4305 4308 4308 4310 4310 4305 4305 4311 4311 4305 4305 4310 4310 4305 4305 4311 4311 4306 4306 1834 1834 4309 4309 4312 4312 1834 1834 1836 1836 4309 4309 1837 1837 4309 4309 1836 1836 4309 4309 1837 1837 1827 1827 4313 4313 4314 4314 4315 4315 1812 1812 4315 4315 4314 4314 4315 4315 1812 1812 4312 4312 4316 4316 4312 4312 1812 1812 4312 4312 4316 4316 1834 1834 4284 4284 4283 4283 4315 4315 4317 4317 4315 4315 4283 4283 4315 4315 4317 4317 4313 4313 4318 4318 4319 4319 4320 4320 4318 4318 4320 4320 4284 4284 4321 4321 4284 4284 4320 4320 4284 4284 4321 4321 4282 4282 4319 4319 4318 4318 4322 4322 4323 4323 4322 4322 4318 4318 4322 4322 4323 4323 4324 4324 4325 4325 4326 4326 4327 4327 4328 4328 4327 4327 4326 4326 4327 4327 4328 4328 4323 4323 4329 4329 4323 4323 4328 4328 4323 4323 4329 4329 4324 4324 4325 4325 4327 4327 1789 1789 4330 4330 1789 1789 4327 4327 1789 1789 4330 4330 1790 1790 4331 4331 4332 4332 4333 4333 4334 4334 4333 4333 4332 4332 4333 4333 4334 4334 4335 4335 4336 4336 4335 4335 4334 4334 4335 4335 4336 4336 4337 4337 4338 4338 4337 4337 4336 4336 4331 4331 4333 4333 4339 4339 4340 4340 4339 4339 4333 4333 4339 4339 4340 4340 4341 4341 4342 4342 4341 4341 4340 4340 4341 4341 4342 4342 4343 4343 4343 4343 4342 4342 4344 4344 4345 4345 4344 4344 4342 4342 4344 4344 4345 4345 4346 4346 4347 4347 4346 4346 4345 4345 4346 4346 4347 4347 4348 4348 4349 4349 4350 4350 4351 4351 4352 4352 4351 4351 4350 4350 4351 4351 4352 4352 4347 4347 4353 4353 4347 4347 4352 4352 4347 4347 4353 4353 4348 4348 4354 4354 4355 4355 4349 4349 4356 4356 4349 4349 4355 4355 4349 4349 4356 4356 4350 4350 4357 4357 4358 4358 4359 4359 4360 4360 4359 4359 4358 4358 4359 4359 4360 4360 4361 4361 4362 4362 4361 4361 4360 4360 4361 4361 4362 4362 4354 4354 4363 4363 4354 4354 4362 4362 4354 4354 4363 4363 4355 4355 4357 4357 4359 4359 4364 4364 4365 4365 4364 4364 4359 4359 4364 4364 4365 4365 4366 4366 4367 4367 4366 4366 4365 4365 4366 4366 4367 4367 4368 4368 4369 4369 4368 4368 4367 4367 4368 4368 4369 4369 4370 4370 1286 1286 4281 4281 1282 1282 1265 1265 4280 4280 1263 1263 1338 1338 4370 4370 1337 1337 4369 4369 1337 1337 4370 4370 1337 1337 4369 4369 1336 1336 1335 1335 1336 1336 4369 4369 1340 1340 4278 4278 1341 1341 4371 4371 4372 4372 4373 4373 4374 4374 4373 4373 4372 4372 1346 1346 1345 1345 4375 4375 4279 4279 4375 4375 1345 1345 4375 4375 4279 4279 4376 4376 4377 4377 4376 4376 4279 4279 4376 4376 4377 4377 4378 4378 4379 4379 4378 4378 4377 4377 4378 4378 4379 4379 4380 4380 4381 4381 4380 4380 4379 4379 4380 4380 4381 4381 4382 4382 4383 4383 4382 4382 4381 4381 4382 4382 4383 4383 4384 4384 4385 4385 4384 4384 4383 4383 4384 4384 4385 4385 4386 4386 4387 4387 4386 4386 4385 4385 4386 4386 4387 4387 4388 4388 4389 4389 4388 4388 4387 4387 4388 4388 4389 4389 4390 4390 4391 4391 4390 4390 4389 4389 4390 4390 4391 4391 4392 4392 4393 4393 4392 4392 4391 4391 4392 4392 4393 4393 4394 4394 4395 4395 4394 4394 4393 4393 4394 4394 4395 4395 4396 4396 4397 4397 4396 4396 4395 4395 4396 4396 4397 4397 4398 4398 4399 4399 4398 4398 4397 4397 4398 4398 4399 4399 4400 4400 4401 4401 4400 4400 4399 4399 4400 4400 4401 4401 4277 4277 4274 4274 4277 4277 4401 4401 4277 4277 4274 4274 4275 4275 4273 4273 4275 4275 4274 4274 4338 4338 2273 2273 4337 4337 4402 4402 4337 4337 2273 2273 4337 4337 4402 4402 4403 4403 1339 1339 1335 1335 4278 4278 4369 4369 4278 4278 1335 1335 4278 4278 4369 4369 4404 4404 4367 4367 4404 4404 4369 4369 4404 4404 4367 4367 4405 4405 4365 4365 4405 4405 4367 4367 4405 4405 4365 4365 4406 4406 4359 4359 4406 4406 4365 4365 4406 4406 4359 4359 4407 4407 4361 4361 4407 4407 4359 4359 4407 4407 4361 4361 4408 4408 4354 4354 4408 4408 4361 4361 4408 4408 4354 4354 4409 4409 4349 4349 4409 4409 4354 4354 4409 4409 4349 4349 4410 4410 4351 4351 4410 4410 4349 4349 4410 4410 4351 4351 4411 4411 4347 4347 4411 4411 4351 4351 4411 4411 4347 4347 4412 4412 4345 4345 4412 4412 4347 4347 4412 4412 4345 4345 4413 4413 4342 4342 4413 4413 4345 4345 4413 4413 4342 4342 4414 4414 4340 4340 4414 4414 4342 4342 4414 4414 4340 4340 4415 4415 4333 4333 4415 4415 4340 4340 4415 4415 4333 4333 4416 4416 4335 4335 4416 4416 4333 4333 4416 4416 4335 4335 4373 4373 4337 4337 4373 4373 4335 4335 4373 4373 4337 4337 4371 4371 4403 4403 4371 4371 4337 4337 1344 1344 1341 1341 4279 4279 4278 4278 4279 4279 1341 1341 4279 4279 4278 4278 4377 4377 4404 4404 4377 4377 4278 4278 4377 4377 4404 4404 4379 4379 4405 4405 4379 4379 4404 4404 4379 4379 4405 4405 4381 4381 4406 4406 4381 4381 4405 4405 4381 4381 4406 4406 4383 4383 4407 4407 4383 4383 4406 4406 4383 4383 4407 4407 4385 4385 4408 4408 4385 4385 4407 4407 4385 4385 4408 4408 4387 4387 4409 4409 4387 4387 4408 4408 4387 4387 4409 4409 4389 4389 4410 4410 4389 4389 4409 4409 4389 4389 4410 4410 4391 4391 4411 4411 4391 4391 4410 4410 4391 4391 4411 4411 4393 4393 4412 4412 4393 4393 4411 4411 4393 4393 4412 4412 4395 4395 4413 4413 4395 4395 4412 4412 4395 4395 4413 4413 4397 4397 4414 4414 4397 4397 4413 4413 4397 4397 4414 4414 4399 4399 4415 4415 4399 4399 4414 4414 4399 4399 4415 4415 4401 4401 4416 4416 4401 4401 4415 4415 4401 4401 4416 4416 4274 4274 4373 4373 4274 4274 4416 4416 4274 4274 4373 4373 4272 4272 4374 4374 4272 4272 4373 4373 4417 4417 4418 4418 4330 4330 4418 4418 4419 4419 4330 4330 4420 4420 4330 4330 4419 4419 4330 4330 4420 4420 1790 1790 4421 4421 1790 1790 4420 4420 1790 1790 4421 4421 1792 1792 4422 4422 4423 4423 4424 4424 4425 4425 4424 4424 4423 4423 1283 1283 1282 1282 4280 4280 4281 4281 4280 4280 1282 1282 4280 4280 4281 4281 4426 4426 4427 4427 4426 4426 4281 4281 4426 4426 4427 4427 4428 4428 4429 4429 4428 4428 4427 4427 4428 4428 4429 4429 4430 4430 4431 4431 4430 4430 4429 4429 4430 4430 4431 4431 4432 4432 4433 4433 4432 4432 4431 4431 4432 4432 4433 4433 4434 4434 4435 4435 4434 4434 4433 4433 4434 4434 4435 4435 4436 4436 4437 4437 4436 4436 4435 4435 4436 4436 4437 4437 4438 4438 4439 4439 4438 4438 4437 4437 4438 4438 4439 4439 4440 4440 4441 4441 4440 4440 4439 4439 4440 4440 4441 4441 4442 4442 4443 4443 4442 4442 4441 4441 4442 4442 4443 4443 4444 4444 4445 4445 4444 4444 4443 4443 4444 4444 4445 4445 4446 4446 4447 4447 4446 4446 4445 4445 4446 4446 4447 4447 4448 4448 4449 4449 4448 4448 4447 4447 4448 4448 4449 4449 4450 4450 4451 4451 4450 4450 4449 4449 4450 4450 4451 4451 4424 4424 4452 4452 4424 4424 4451 4451 4424 4424 4452 4452 4422 4422 1262 1262 1263 1263 4285 4285 4280 4280 4285 4285 1263 1263 4285 4285 4280 4280 4286 4286 4426 4426 4286 4286 4280 4280 4286 4286 4426 4426 4291 4291 4428 4428 4291 4291 4426 4426 4291 4291 4428 4428 4295 4295 4430 4430 4295 4295 4428 4428 4295 4295 4430 4430 4299 4299 4432 4432 4299 4299 4430 4430 4299 4299 4432 4432 4303 4303 4434 4434 4303 4303 4432 4432 4303 4303 4434 4434 4305 4305 4436 4436 4305 4305 4434 4434 4305 4305 4436 4436 4309 4309 4438 4438 4309 4309 4436 4436 4309 4309 4438 4438 4312 4312 4440 4440 4312 4312 4438 4438 4312 4312 4440 4440 4315 4315 4442 4442 4315 4315 4440 4440 4315 4315 4442 4442 4284 4284 4444 4444 4284 4284 4442 4442 4284 4284 4444 4444 4318 4318 4446 4446 4318 4318 4444 4444 4318 4318 4446 4446 4323 4323 4448 4448 4323 4323 4446 4446 4323 4323 4448 4448 4327 4327 4450 4450 4327 4327 4448 4448 4327 4327 4450 4450 4330 4330 4424 4424 4330 4330 4450 4450 4330 4330 4424 4424 4417 4417 4425 4425 4417 4417 4424 4424 1285 1285 1346 1346 4281 4281 4375 4375 4281 4281 1346 1346 4281 4281 4375 4375 4427 4427 4376 4376 4427 4427 4375 4375 4427 4427 4376 4376 4429 4429 4378 4378 4429 4429 4376 4376 4429 4429 4378 4378 4431 4431 4380 4380 4431 4431 4378 4378 4431 4431 4380 4380 4433 4433 4382 4382 4433 4433 4380 4380 4433 4433 4382 4382 4435 4435 4384 4384 4435 4435 4382 4382 4435 4435 4384 4384 4437 4437 4386 4386 4437 4437 4384 4384 4437 4437 4386 4386 4439 4439 4388 4388 4439 4439 4386 4386 4439 4439 4388 4388 4441 4441 4390 4390 4441 4441 4388 4388 4441 4441 4390 4390 4443 4443 4392 4392 4443 4443 4390 4390 4443 4443 4392 4392 4445 4445 4394 4394 4445 4445 4392 4392 4445 4445 4394 4394 4447 4447 4396 4396 4447 4447 4394 4394 4447 4447 4396 4396 4449 4449 4398 4398 4449 4449 4396 4396 4449 4449 4398 4398 4451 4451 4400 4400 4451 4451 4398 4398 4451 4451 4400 4400 4452 4452 4277 4277 4452 4452 4400 4400 4452 4452 4277 4277 4422 4422 4276 4276 4422 4422 4277 4277 4453 4453 4454 4454 4455 4455 4456 4456 4455 4455 4454 4454 4455 4455 4456 4456 4457 4457 4458 4458 4457 4457 4456 4456 4457 4457 4458 4458 4459 4459 4460 4460 4459 4459 4458 4458 4459 4459 4460 4460 4461 4461 4462 4462 4461 4461 4460 4460 4461 4461 4462 4462 4463 4463 4464 4464 4463 4463 4462 4462 4463 4463 4464 4464 4465 4465 4466 4466 4465 4465 4464 4464 4465 4465 4466 4466 4467 4467 4468 4468 4467 4467 4466 4466 4467 4467 4468 4468 4469 4469 4470 4470 4469 4469 4468 4468 4469 4469 4470 4470 4471 4471 4472 4472 4471 4471 4470 4470 4471 4471 4472 4472 4473 4473 4474 4474 4473 4473 4472 4472 4473 4473 4474 4474 4475 4475 4476 4476 4475 4475 4474 4474 4475 4475 4476 4476 4477 4477 4478 4478 4477 4477 4476 4476 4477 4477 4478 4478 4479 4479 4480 4480 4479 4479 4478 4478 4479 4479 4480 4480 4481 4481 4482 4482 4481 4481 4480 4480 4481 4481 4482 4482 4483 4483 4484 4484 4483 4483 4482 4482 4483 4483 4484 4484 4485 4485 4486 4486 4485 4485 4484 4484 4485 4485 4486 4486 4487 4487 4488 4488 4487 4487 4486 4486 4487 4487 4488 4488 4489 4489 4490 4490 4489 4489 4488 4488 4489 4489 4490 4490 4491 4491 4492 4492 4491 4491 4490 4490 4491 4491 4492 4492 4493 4493 4494 4494 4493 4493 4492 4492 4493 4493 4494 4494 4495 4495 4496 4496 4495 4495 4494 4494 4495 4495 4496 4496 4497 4497 4498 4498 4497 4497 4496 4496 4497 4497 4498 4498 4499 4499 4500 4500 4499 4499 4498 4498 4499 4499 4500 4500 4453 4453 4454 4454 4453 4453 4500 4500 4501 4501 4502 4502 4503 4503 4504 4504 4503 4503 4502 4502 4503 4503 4504 4504 4505 4505 4506 4506 4505 4505 4504 4504 4505 4505 4506 4506 4507 4507 4508 4508 4507 4507 4506 4506 4507 4507 4508 4508 4509 4509 4510 4510 4509 4509 4508 4508 4509 4509 4510 4510 4511 4511 4512 4512 4511 4511 4510 4510 4511 4511 4512 4512 4513 4513 4514 4514 4513 4513 4512 4512 4513 4513 4514 4514 4515 4515 4516 4516 4515 4515 4514 4514 4515 4515 4516 4516 4517 4517 4518 4518 4517 4517 4516 4516 4517 4517 4518 4518 4519 4519 4520 4520 4519 4519 4518 4518 4519 4519 4520 4520 4521 4521 4522 4522 4521 4521 4520 4520 4521 4521 4522 4522 4523 4523 4524 4524 4523 4523 4522 4522 4523 4523 4524 4524 4525 4525 4526 4526 4525 4525 4524 4524 4525 4525 4526 4526 4527 4527 4528 4528 4527 4527 4526 4526 4527 4527 4528 4528 4529 4529 4530 4530 4529 4529 4528 4528 4529 4529 4530 4530 4531 4531 4532 4532 4531 4531 4530 4530 4531 4531 4532 4532 4533 4533 4534 4534 4533 4533 4532 4532 4533 4533 4534 4534 4535 4535 4536 4536 4535 4535 4534 4534 4535 4535 4536 4536 4537 4537 4538 4538 4537 4537 4536 4536 4537 4537 4538 4538 4539 4539 4540 4540 4539 4539 4538 4538 4539 4539 4540 4540 4541 4541 4542 4542 4541 4541 4540 4540 4541 4541 4542 4542 4543 4543 4544 4544 4543 4543 4542 4542 4543 4543 4544 4544 4545 4545 4546 4546 4545 4545 4544 4544 4545 4545 4546 4546 4547 4547 4548 4548 4547 4547 4546 4546 4547 4547 4548 4548 4501 4501 4502 4502 4501 4501 4548 4548 4549 4549 1455 1455 4550 4550 3218 3218 3224 3224 4551 4551 4270 4270 4269 4269 4550 4550 4552 4552 4553 4553 4554 4554 4177 4177 4552 4552 4178 4178 4555 4555 4178 4178 4552 4552 1785 1785 4553 4553 4170 4170 4552 4552 4170 4170 4553 4553 4170 4170 4552 4552 4176 4176 4177 4177 4176 4176 4552 4552 4268 4268 4173 4173 4555 4555 4172 4172 4555 4555 4173 4173 4555 4555 4172 4172 4178 4178 4270 4270 4550 4550 4179 4179 4556 4556 4179 4179 4550 4550 4179 4179 4556 4556 4180 4180 4557 4557 4558 4558 4556 4556 4558 4558 4559 4559 4556 4556 4560 4560 4556 4556 4559 4559 4556 4556 4560 4560 4180 4180 4166 4166 4165 4165 4561 4561 4562 4562 4561 4561 4165 4165 4561 4561 4562 4562 4557 4557 4563 4563 1391 1391 4551 4551 1389 1389 4551 4551 1391 1391 4551 4551 1389 1389 3218 3218 1388 1388 3218 3218 1389 1389 4564 4564 4561 4561 1437 1437 1433 1433 1437 1437 4561 4561 4564 4564 4563 4563 4561 4561 4551 4551 4561 4561 4563 4563 4561 4561 4551 4551 4166 4166 3224 3224 4166 4166 4551 4551 4166 4166 3224 3224 3223 3223 4557 4557 4556 4556 4561 4561 4565 4565 4561 4561 4556 4556 4561 4561 4565 4565 1433 1433 1455 1455 1454 1454 4550 4550 1428 1428 4550 4550 1454 1454 4550 4550 1428 1428 4556 4556 4566 4566 4556 4556 1428 1428 4556 4556 4566 4566 4565 4565 1453 1453 4549 4549 4555 4555 4550 4550 4555 4555 4549 4549 4555 4555 4550 4550 4268 4268 4269 4269 4268 4268 4550 4550 1445 1445 4552 4552 1447 1447 4554 4554 1447 1447 4552 4552 1447 1447 4554 4554 719 719 1445 1445 4567 4567 4552 4552 1449 1449 4552 4552 4567 4567 4552 4552 1449 1449 4555 4555 1451 1451 4555 4555 1449 1449 4555 4555 1451 1451 1453 1453 1373 1373 1372 1372 4568 4568 1373 1373 4568 4568 4569 4569 4570 4570 4569 4569 4568 4568 4569 4569 4570 4570 4571 4571 4572 4572 4571 4571 4570 4570 4571 4571 4572 4572 4573 4573 4574 4574 4573 4573 4572 4572 4573 4573 4574 4574 4575 4575 4576 4576 4575 4575 4574 4574 4575 4575 4576 4576 4577 4577 4578 4578 4577 4577 4576 4576 4577 4577 4578 4578 4579 4579 2536 2536 2535 2535 4580 4580 4581 4581 4582 4582 4583 4583 4584 4584 4585 4585 4586 4586 2536 2536 4580 4580 4583 4583 4587 4587 4583 4583 4580 4580 4583 4583 4587 4587 4581 4581 4588 4588 4582 4582 4589 4589 4588 4588 4590 4590 4582 4582 4591 4591 4582 4582 4590 4590 4582 4582 4591 4591 4583 4583 4592 4592 4593 4593 4585 4585 4586 4586 4585 4585 4594 4594 4589 4589 4595 4595 4588 4588 4596 4596 4588 4588 4595 4595 4588 4588 4596 4596 4597 4597 4598 4598 4597 4597 4596 4596 4599 4599 4600 4600 4601 4601 4602 4602 4603 4603 4604 4604 4605 4605 4604 4604 4603 4603 4602 4602 4606 4606 4603 4603 4607 4607 4603 4603 4606 4606 4603 4603 4607 4607 4608 4608 4609 4609 4610 4610 4585 4585 4605 4605 4603 4603 4596 4596 4611 4611 4596 4596 4603 4603 4596 4596 4611 4611 4598 4598 4585 4585 4612 4612 4613 4613 4593 4593 4614 4614 4585 4585 4615 4615 4585 4585 4614 4614 4585 4585 4615 4615 4616 4616 4616 4616 4617 4617 4585 4585 4618 4618 4585 4585 4617 4617 4585 4585 4618 4618 4594 4594 4619 4619 4599 4599 4620 4620 4586 4586 4620 4620 4599 4599 4609 4609 4585 4585 4621 4621 4610 4610 4622 4622 4585 4585 4623 4623 4585 4585 4622 4622 4585 4585 4623 4623 4612 4612 4613 4613 4624 4624 4585 4585 4625 4625 4585 4585 4624 4624 4585 4585 4625 4625 4626 4626 4626 4626 4627 4627 4585 4585 4628 4628 4585 4585 4627 4627 4585 4585 4628 4628 4592 4592 4629 4629 4630 4630 4586 4586 4631 4631 4586 4586 4630 4630 4586 4586 4631 4631 4584 4584 4608 4608 4632 4632 4603 4603 4633 4633 4603 4603 4632 4632 4603 4603 4633 4633 4634 4634 4635 4635 4634 4634 4633 4633 4599 4599 4601 4601 4586 4586 4636 4636 4586 4586 4601 4601 4586 4586 4636 4636 4629 4629 4635 4635 4637 4637 4634 4634 4638 4638 4634 4634 4637 4637 4634 4634 4638 4638 4585 4585 4639 4639 4585 4585 4638 4638 4585 4585 4639 4639 4621 4621 4640 4640 4641 4641 4642 4642 4643 4643 4642 4642 4641 4641 4644 4644 4640 4640 4645 4645 4642 4642 4645 4645 4640 4640 4645 4645 4642 4642 4646 4646 4647 4647 4646 4646 4642 4642 1370 1370 1369 1369 4648 4648 1370 1370 4648 4648 4649 4649 4650 4650 4649 4649 4648 4648 4649 4649 4650 4650 4651 4651 4652 4652 4651 4651 4650 4650 4651 4651 4652 4652 4653 4653 4654 4654 4653 4653 4652 4652 4653 4653 4654 4654 4655 4655 4656 4656 4655 4655 4654 4654 4655 4655 4656 4656 4657 4657 4640 4640 4657 4657 4656 4656 4657 4657 4640 4640 4644 4644 4658 4658 4659 4659 4660 4660 4661 4661 4660 4660 4659 4659 4660 4660 4661 4661 4662 4662 4663 4663 4662 4662 4661 4661 4662 4662 4663 4663 4664 4664 4665 4665 4664 4664 4663 4663 4664 4664 4665 4665 4666 4666 4667 4667 4668 4668 4658 4658 4669 4669 4658 4658 4668 4668 4658 4658 4669 4669 4659 4659 4670 4670 4671 4671 4667 4667 4672 4672 4667 4667 4671 4671 4672 4672 4673 4673 4667 4667 4674 4674 4667 4667 4673 4673 4667 4667 4674 4674 4675 4675 4675 4675 4676 4676 4667 4667 4677 4677 4667 4667 4676 4676 4667 4667 4677 4677 4668 4668 4667 4667 4678 4678 4670 4670 2692 2692 4670 4670 4678 4678 4670 4670 2692 2692 2691 2691 4643 4643 4641 4641 4679 4679 4643 4643 4679 4679 4680 4680 4681 4681 4680 4680 4679 4679 4680 4680 4681 4681 4682 4682 4683 4683 4682 4682 4681 4681 4682 4682 4683 4683 4684 4684 4685 4685 4684 4684 4683 4683 4684 4684 4685 4685 4686 4686 4687 4687 4686 4686 4685 4685 4686 4686 4687 4687 4688 4688 2695 2695 4688 4688 4687 4687 4688 4688 2695 2695 2694 2694 4689 4689 4579 4579 4578 4578 4690 4690 4691 4691 4692 4692 4693 4693 4692 4692 4691 4691 4689 4689 4578 4578 4694 4694 4692 4692 4694 4694 4578 4578 4694 4694 4692 4692 4665 4665 4693 4693 4665 4665 4692 4692 4665 4665 4693 4693 4666 4666 1155 1155 1157 1157 170 170 170 170 4695 4695 1155 1155 4696 4696 1155 1155 4695 4695 1155 1155 4696 4696 1156 1156 4696 4696 4697 4697 1156 1156 179 179 1156 1156 4697 4697 1156 1156 179 179 1160 1160 179 179 177 177 1160 1160 175 175 1160 1160 177 177 1160 1160 175 175 1162 1162 175 175 4698 4698 1162 1162 4699 4699 1162 1162 4698 4698 1162 1162 4699 4699 1165 1165 4699 4699 4700 4700 1165 1165 4701 4701 1165 1165 4700 4700 1165 1165 4701 4701 1153 1153 4701 4701 169 169 1153 1153 144 144 1153 1153 169 169 1153 1153 144 144 146 146 4702 4702 4703 4703 4704 4704 4705 4705 4704 4704 4703 4703 4704 4704 4705 4705 4706 4706 4707 4707 4706 4706 4705 4705 4706 4706 4707 4707 534 534 4708 4708 534 534 4707 4707 534 534 4708 4708 389 389 677 677 613 613 4709 4709 612 612 4709 4709 613 613 4709 4709 612 612 4710 4710 612 612 4711 4711 4710 4710 4712 4712 4710 4710 4711 4711 4710 4710 4712 4712 4713 4713 4714 4714 4713 4713 4712 4712 4713 4713 4714 4714 4715 4715 4716 4716 4715 4715 4714 4714 4715 4715 4716 4716 4717 4717 4718 4718 4717 4717 4716 4716 4717 4717 4718 4718 4719 4719 4720 4720 4719 4719 4718 4718 4719 4719 4720 4720 4721 4721 4722 4722 4721 4721 4720 4720 4721 4721 4722 4722 4702 4702 4723 4723 4702 4702 4722 4722 4702 4702 4723 4723 4703 4703 671 671 676 676 3611 3611 675 675 3611 3611 676 676 4724 4724 4725 4725 573 573 573 573 4725 4725 574 574 4726 4726 574 574 4725 4725 574 574 4726 4726 576 576 4727 4727 576 576 4726 4726 576 576 4727 4727 577 577 573 573 571 571 4724 4724 570 570 4724 4724 571 571 4724 4724 570 570 4728 4728 677 677 4728 4728 570 570 4728 4728 677 677 4729 4729 4709 4709 4729 4729 677 677 4727 4727 4730 4730 577 577 4731 4731 577 577 4730 4730 577 577 4731 4731 579 579 4732 4732 579 579 4731 4731 675 675 674 674 3611 3611 4733 4733 3611 3611 674 674 3611 3611 4733 4733 4732 4732 4734 4734 4732 4732 4733 4733 4732 4732 4734 4734 579 579 4735 4735 4140 4140 4736 4736 1775 1775 1777 1777 4737 4737 1772 1772 1770 1770 4738 4738 192 192 4739 4739 4740 4740 4735 4735 4736 4736 2249 2249 4741 4741 4742 4742 4743 4743 4744 4744 4743 4743 4742 4742 4743 4743 4744 4744 4736 4736 4745 4745 4736 4736 4744 4744 4736 4736 4745 4745 2249 2249 4746 4746 4747 4747 4748 4748 4749 4749 4748 4748 4747 4747 4748 4748 4749 4749 4750 4750 4750 4750 4749 4749 4751 4751 4740 4740 4751 4751 4749 4749 4751 4751 4740 4740 4752 4752 4739 4739 4752 4752 4740 4740 4752 4752 4739 4739 4753 4753 4753 4753 4739 4739 4754 4754 4737 4737 4754 4754 4739 4739 4754 4754 4737 4737 4738 4738 1777 1777 4738 4738 4737 4737 4738 4738 1777 1777 1772 1772 186 186 4743 4743 187 187 4736 4736 187 187 4743 4743 187 187 4736 4736 183 183 4140 4140 183 183 4736 4736 183 183 4140 4140 158 158 186 186 190 190 4743 4743 4747 4747 4743 4743 190 190 4743 4743 4747 4747 4741 4741 4746 4746 4741 4741 4747 4747 190 190 189 189 4747 4747 197 197 4747 4747 189 189 4747 4747 197 197 4749 4749 196 196 4749 4749 197 197 4749 4749 196 196 4740 4740 194 194 4740 4740 196 196 4740 4740 194 194 192 192 168 168 1775 1775 198 198 4737 4737 198 198 1775 1775 198 198 4737 4737 199 199 4739 4739 199 199 4737 4737 199 199 4739 4739 200 200 192 192 200 200 4739 4739 4422 4422 4276 4276 4755 4755 4272 4272 4374 4374 4756 4756 4402 4402 2273 2273 2281 2281 4748 4748 4750 4750 4757 4757 4758 4758 1714 1714 1717 1717 4425 4425 4423 4423 4759 4759 4754 4754 4738 4738 4760 4760 1770 1770 4760 4760 4738 4738 4761 4761 4759 4759 4762 4762 4763 4763 4764 4764 4765 4765 1798 1798 4765 4765 4764 4764 4765 4765 1798 1798 4766 4766 4767 4767 4766 4766 1798 1798 4766 4766 4767 4767 4421 4421 4768 4768 4421 4421 4767 4767 4421 4421 4768 4768 1792 1792 4769 4769 1694 1694 4765 4765 1696 1696 4765 4765 1694 1694 4765 4765 1696 1696 4763 4763 1720 1720 1723 1723 4770 4770 4771 4771 4770 4770 1723 1723 4770 4770 4771 4771 4769 4769 1702 1702 4769 4769 4771 4771 4769 4769 1702 1702 1694 1694 4772 4772 4773 4773 2257 2257 1720 1720 4770 4770 1717 1717 4774 4774 1717 1717 4770 4770 1717 1717 4774 4774 4758 4758 4775 4775 4744 4744 4776 4776 4777 4777 4741 4741 4778 4778 4748 4748 4757 4757 4746 4746 4761 4761 4762 4762 4779 4779 4780 4780 4779 4779 4762 4762 4779 4779 4780 4780 4781 4781 4782 4782 4781 4781 4780 4780 4781 4781 4782 4782 4783 4783 4784 4784 4783 4783 4782 4782 4783 4783 4784 4784 4785 4785 4786 4786 4785 4785 4784 4784 4785 4785 4786 4786 4787 4787 4788 4788 4787 4787 4786 4786 4787 4787 4788 4788 4789 4789 4790 4790 4789 4789 4788 4788 4789 4789 4790 4790 4791 4791 4750 4750 4751 4751 4790 4790 4752 4752 4790 4790 4751 4751 4790 4790 4752 4752 4791 4791 4753 4753 4791 4791 4752 4752 4791 4791 4753 4753 4754 4754 1770 1770 1769 1769 4760 4760 1774 1774 4760 4760 1769 1769 4760 4760 1774 1774 4792 4792 1767 1767 4792 4792 1774 1774 4792 4792 1767 1767 4758 4758 4793 4793 4758 4758 1767 1767 4758 4758 4793 4793 1714 1714 4372 4372 4371 4371 4794 4794 4403 4403 4794 4794 4371 4371 4794 4794 4403 4403 4402 4402 4795 4795 4275 4275 4273 4273 4420 4420 4419 4419 4761 4761 4418 4418 4761 4761 4419 4419 4761 4761 4418 4418 4759 4759 4417 4417 4759 4759 4418 4418 4759 4759 4417 4417 4425 4425 4402 4402 2281 2281 4794 4794 2280 2280 4794 4794 2281 2281 4794 4794 2280 2280 4796 4796 2279 2279 4796 4796 2280 2280 4796 4796 2279 2279 2277 2277 2277 2277 2263 2263 4796 4796 2266 2266 4796 4796 2263 2263 4796 4796 2266 2266 4797 4797 2271 2271 4798 4798 2270 2270 4797 4797 2270 2270 4798 4798 2270 2270 4797 4797 2268 2268 2266 2266 2268 2268 4797 4797 2271 2271 2252 2252 4798 4798 2254 2254 4798 4798 2252 2252 4798 4798 2254 2254 4799 4799 2260 2260 4799 4799 2254 2254 4799 4799 2260 2260 4773 4773 2259 2259 4773 4773 2260 2260 4773 4773 2259 2259 2257 2257 2257 2257 2256 2256 4772 4772 2244 2244 4772 4772 2256 2256 4772 4772 2244 2244 4800 4800 2246 2246 4800 4800 2244 2244 4800 4800 2246 2246 2248 2248 4374 4374 4372 4372 4756 4756 4794 4794 4756 4756 4372 4372 4756 4756 4794 4794 4801 4801 4796 4796 4801 4801 4794 4794 4801 4801 4796 4796 4802 4802 4797 4797 4802 4802 4796 4796 4802 4802 4797 4797 4803 4803 4798 4798 4803 4803 4797 4797 4803 4803 4798 4798 4804 4804 4799 4799 4804 4804 4798 4798 4804 4804 4799 4799 4805 4805 4773 4773 4805 4805 4799 4799 4805 4805 4773 4773 4806 4806 4772 4772 4806 4806 4773 4773 4806 4806 4772 4772 4776 4776 4800 4800 4776 4776 4772 4772 4776 4776 4800 4800 4775 4775 2248 2248 4775 4775 4800 4800 4775 4775 2248 2248 2249 2249 4273 4273 4272 4272 4795 4795 4756 4756 4795 4795 4272 4272 4795 4795 4756 4756 4807 4807 4801 4801 4807 4807 4756 4756 4807 4807 4801 4801 4808 4808 4802 4802 4808 4808 4801 4801 4808 4808 4802 4802 4809 4809 4803 4803 4809 4809 4802 4802 4809 4809 4803 4803 4810 4810 4804 4804 4810 4810 4803 4803 4810 4810 4804 4804 4811 4811 4805 4805 4811 4811 4804 4804 4811 4811 4805 4805 4812 4812 4806 4806 4812 4812 4805 4805 4812 4812 4806 4806 4778 4778 4776 4776 4778 4778 4806 4806 4778 4778 4776 4776 4777 4777 4744 4744 4777 4777 4776 4776 4276 4276 4275 4275 4755 4755 4795 4795 4755 4755 4275 4275 4755 4755 4795 4795 4813 4813 4807 4807 4813 4813 4795 4795 4813 4813 4807 4807 4814 4814 4808 4808 4814 4814 4807 4807 4814 4814 4808 4808 4815 4815 4809 4809 4815 4815 4808 4808 4815 4815 4809 4809 4816 4816 4810 4810 4816 4816 4809 4809 4816 4816 4810 4810 4817 4817 4811 4811 4817 4817 4810 4810 4817 4817 4811 4811 4818 4818 4812 4812 4818 4818 4811 4811 4818 4818 4812 4812 4757 4757 4778 4778 4757 4757 4812 4812 4757 4757 4778 4778 4746 4746 4741 4741 4746 4746 4778 4778 4750 4750 4790 4790 4757 4757 4788 4788 4757 4757 4790 4790 4757 4757 4788 4788 4818 4818 4786 4786 4818 4818 4788 4788 4818 4818 4786 4786 4817 4817 4784 4784 4817 4817 4786 4786 4817 4817 4784 4784 4816 4816 4782 4782 4816 4816 4784 4784 4816 4816 4782 4782 4815 4815 4780 4780 4815 4815 4782 4782 4815 4815 4780 4780 4814 4814 4762 4762 4814 4814 4780 4780 4814 4814 4762 4762 4813 4813 4759 4759 4813 4813 4762 4762 4813 4813 4759 4759 4755 4755 4423 4423 4755 4755 4759 4759 4755 4755 4423 4423 4422 4422 4754 4754 4760 4760 4791 4791 4792 4792 4791 4791 4760 4760 4791 4791 4792 4792 4789 4789 4758 4758 4789 4789 4792 4792 4789 4789 4758 4758 4787 4787 4774 4774 4787 4787 4758 4758 4787 4787 4774 4774 4785 4785 4770 4770 4785 4785 4774 4774 4785 4785 4770 4770 4783 4783 4769 4769 4783 4783 4770 4770 4783 4783 4769 4769 4781 4781 4765 4765 4781 4781 4769 4769 4781 4781 4765 4765 4779 4779 4766 4766 4779 4779 4765 4765 4779 4779 4766 4766 4761 4761 4421 4421 4761 4761 4766 4766 4761 4761 4421 4421 4420 4420 1681 1681 1683 1683 4819 4819 1244 1244 4819 4819 1683 1683 4820 4820 4821 4821 1298 1298 1236 1236 4822 4822 1191 1191 4823 4823 1191 1191 4822 4822 1191 1191 4823 4823 1192 1192 1239 1239 1192 1192 4823 4823 1240 1240 4824 4824 1241 1241 4825 4825 1241 1241 4824 4824 4820 4820 1219 1219 4821 4821 1243 1243 4821 4821 1219 1219 4821 4821 1243 1243 4825 4825 1242 1242 4825 4825 1243 1243 4825 4825 1242 1242 1241 1241 1244 1244 1245 1245 4819 4819 1246 1246 4819 4819 1245 1245 4819 4819 1246 1246 4820 4820 1247 1247 4820 4820 1246 1246 4820 4820 1247 1247 1219 1219 1236 1236 1235 1235 4822 4822 4826 4826 4822 4822 1235 1235 4822 4822 4826 4826 4827 4827 1288 1288 4823 4823 1289 1289 4822 4822 1289 1289 4823 4823 1289 1289 4822 4822 1300 1300 4827 4827 1300 1300 4822 4822 1300 1300 4827 4827 1301 1301 1288 1288 1293 1293 4823 4823 4824 4824 4823 4823 1293 1293 4823 4823 4824 4824 1239 1239 1240 1240 1239 1239 4824 4824 1293 1293 1291 1291 4824 4824 1290 1290 4824 4824 1291 1291 4824 4824 1290 1290 4825 4825 1294 1294 4825 4825 1290 1290 4825 4825 1294 1294 4821 4821 1296 1296 4821 4821 1294 1294 4821 4821 1296 1296 1298 1298 1270 1270 1681 1681 1267 1267 4819 4819 1267 1267 1681 1681 1267 1267 4819 4819 1268 1268 4820 4820 1268 1268 4819 4819 1268 1268 4820 4820 1299 1299 1298 1298 1299 1299 4820 4820 1349 1349 1301 1301 4828 4828 4827 4827 4828 4828 1301 1301 4828 4828 4827 4827 4829 4829 4826 4826 4829 4829 4827 4827 4829 4829 4826 4826 4830 4830 1235 1235 4830 4830 4826 4826 4830 4830 1235 1235 2942 2942 1171 1171 4831 4831 4832 4832 468 468 470 470 4833 4833 4834 4834 4835 4835 4836 4836 4837 4837 4838 4838 4839 4839 4840 4840 4841 4841 4842 4842 4843 4843 4844 4844 4845 4845 4846 4846 1189 1189 1187 1187 426 426 429 429 4847 4847 432 432 434 434 4848 4848 1189 1189 4846 4846 1190 1190 3841 3841 3840 3840 4849 4849 3855 3855 3854 3854 4850 4850 1179 1179 4851 4851 4852 4852 516 516 1179 1179 500 500 4852 4852 500 500 1179 1179 500 500 4852 4852 501 501 4853 4853 501 501 4852 4852 501 501 4853 4853 517 517 4854 4854 517 517 4853 4853 517 517 4854 4854 518 518 4855 4855 504 504 4854 4854 519 519 4854 4854 504 504 4854 4854 519 519 518 518 4856 4856 508 508 4857 4857 507 507 4857 4857 508 508 4857 4857 507 507 4855 4855 505 505 4855 4855 507 507 4855 4855 505 505 504 504 486 486 485 485 4858 4858 499 499 4858 4858 485 485 4858 4858 499 499 4859 4859 492 492 4859 4859 499 499 4859 4859 492 492 4856 4856 491 491 4856 4856 492 492 4856 4856 491 491 508 508 486 486 4858 4858 520 520 4860 4860 520 520 4858 4858 520 520 4860 4860 521 521 4861 4861 521 521 4860 4860 521 521 4861 4861 522 522 522 522 4861 4861 509 509 4862 4862 509 509 4861 4861 509 509 4862 4862 510 510 510 510 4862 4862 512 512 4863 4863 512 512 4862 4862 512 512 4863 4863 513 513 4864 4864 513 513 4863 4863 513 513 4864 4864 494 494 494 494 4864 4864 495 495 4865 4865 495 495 4864 4864 495 495 4865 4865 497 497 497 497 4865 4865 498 498 4866 4866 498 498 4865 4865 498 498 4866 4866 488 488 3853 3853 3857 3857 4866 4866 3804 3804 4866 4866 3857 3857 4866 4866 3804 3804 3806 3806 488 488 4866 4866 489 489 3806 3806 489 489 4866 4866 489 489 3806 3806 490 490 3852 3852 3851 3851 4867 4867 3856 3856 4867 4867 3851 3851 3849 3849 4843 4843 3847 3847 4868 4868 3847 3847 4843 4843 3847 3847 4868 4868 3842 3842 3840 3840 3846 3846 4849 4849 3845 3845 4849 4849 3846 3846 4849 4849 3845 3845 4868 4868 3843 3843 4868 4868 3845 3845 4868 4868 3843 3843 3842 3842 4869 4869 478 478 476 476 476 476 3797 3797 4869 4869 3836 3836 4869 4869 3797 3797 4869 4869 3836 3836 4849 4849 4870 4870 4849 4849 3836 3836 4849 4849 4870 4870 3841 3841 4836 4836 4835 4835 4871 4871 4872 4872 4871 4871 4835 4835 4871 4871 4872 4872 4873 4873 4874 4874 4836 4836 4875 4875 4871 4871 4875 4875 4836 4836 4875 4875 4871 4871 4876 4876 4873 4873 4876 4876 4871 4871 4876 4876 4873 4873 4877 4877 453 453 4878 4878 451 451 4879 4879 451 451 4878 4878 451 451 4879 4879 449 449 4878 4878 4874 4874 4879 4879 4875 4875 4879 4879 4874 4874 4879 4879 4875 4875 4880 4880 4876 4876 4880 4880 4875 4875 4880 4880 4876 4876 4881 4881 4877 4877 4881 4881 4876 4876 4881 4881 4877 4877 4848 4848 4882 4882 4832 4832 4846 4846 4832 4832 4831 4831 4846 4846 4831 4831 4846 4846 4831 4831 4846 4846 4831 4831 1190 1190 431 431 432 432 4883 4883 4848 4848 4883 4883 432 432 4883 4883 4848 4848 4884 4884 4877 4877 4884 4884 4848 4848 4884 4884 4877 4877 4885 4885 4873 4873 4885 4885 4877 4877 4885 4885 4873 4873 4886 4886 4872 4872 4886 4886 4873 4873 426 426 4847 4847 424 424 429 429 431 431 4847 4847 4883 4883 4847 4847 431 431 4847 4847 4883 4883 4887 4887 4884 4884 4887 4887 4883 4883 4887 4887 4884 4884 4888 4888 4885 4885 4888 4888 4884 4884 4888 4888 4885 4885 4889 4889 4886 4886 4889 4889 4885 4885 4890 4890 4882 4882 4891 4891 4846 4846 4891 4891 4882 4882 4891 4891 4846 4846 4892 4892 1187 1187 4892 4892 4846 4846 4892 4892 1187 1187 4893 4893 434 434 437 437 4848 4848 439 439 4848 4848 437 437 4848 4848 439 439 4881 4881 441 441 4881 4881 439 439 4881 4881 441 441 4880 4880 443 443 4880 4880 441 441 4880 4880 443 443 4879 4879 446 446 4879 4879 443 443 4879 4879 446 446 449 449 4844 4844 4840 4840 4894 4894 4841 4841 4837 4837 4895 4895 4838 4838 4834 4834 4896 4896 4844 4844 4894 4894 4845 4845 4897 4897 4845 4845 4894 4894 4845 4845 4897 4897 4898 4898 4899 4899 4898 4898 4897 4897 4898 4898 4899 4899 4900 4900 4899 4899 472 472 474 474 4899 4899 474 474 4900 4900 482 482 4900 4900 474 474 4900 4900 482 482 480 480 4843 4843 4845 4845 4868 4868 4898 4898 4868 4868 4845 4845 4868 4868 4898 4898 4849 4849 4900 4900 4849 4849 4898 4898 4849 4849 4900 4900 4869 4869 480 480 4869 4869 4900 4900 4869 4869 480 480 478 478 4901 4901 463 463 466 466 4841 4841 4895 4895 4842 4842 4902 4902 4842 4842 4895 4895 4842 4842 4902 4902 4903 4903 4901 4901 4903 4903 4902 4902 4903 4903 4901 4901 4833 4833 466 466 4833 4833 4901 4901 4833 4833 466 466 468 468 455 455 457 457 4904 4904 459 459 4904 4904 457 457 4838 4838 4896 4896 4839 4839 4905 4905 4839 4839 4896 4896 4839 4839 4905 4905 4906 4906 4904 4904 4906 4906 4905 4905 4906 4906 4904 4904 4907 4907 459 459 4907 4907 4904 4904 4907 4907 459 459 460 460 4837 4837 4839 4839 4895 4895 4906 4906 4895 4895 4839 4839 4895 4895 4906 4906 4902 4902 4907 4907 4902 4902 4906 4906 4902 4902 4907 4907 4901 4901 460 460 4901 4901 4907 4907 4901 4901 460 460 463 463 4840 4840 4842 4842 4894 4894 4903 4903 4894 4894 4842 4842 4894 4894 4903 4903 4897 4897 4833 4833 4897 4897 4903 4903 4897 4897 4833 4833 4899 4899 470 470 4899 4899 4833 4833 4899 4899 470 470 472 472 4908 4908 4909 4909 4910 4910 4911 4911 4910 4910 4909 4909 4910 4910 4911 4911 4912 4912 4913 4913 4912 4912 4911 4911 4912 4912 4913 4913 4914 4914 4915 4915 4914 4914 4913 4913 4914 4914 4915 4915 4916 4916 4917 4917 4916 4916 4915 4915 4916 4916 4917 4917 4918 4918 4919 4919 4918 4918 4917 4917 4918 4918 4919 4919 4920 4920 4921 4921 4920 4920 4919 4919 4920 4920 4921 4921 4922 4922 4923 4923 4922 4922 4921 4921 4922 4922 4923 4923 4924 4924 4925 4925 4924 4924 4923 4923 4924 4924 4925 4925 4926 4926 4927 4927 4926 4926 4925 4925 4926 4926 4927 4927 4928 4928 4929 4929 4928 4928 4927 4927 4928 4928 4929 4929 4930 4930 4931 4931 4930 4930 4929 4929 4930 4930 4931 4931 4932 4932 4933 4933 4932 4932 4931 4931 4932 4932 4933 4933 4934 4934 4935 4935 4934 4934 4933 4933 4934 4934 4935 4935 4936 4936 4937 4937 4936 4936 4935 4935 4936 4936 4937 4937 4850 4850 4867 4867 4850 4850 4937 4937 4850 4850 4867 4867 3855 3855 3856 3856 3855 3855 4867 4867 4851 4851 4908 4908 4852 4852 4910 4910 4852 4852 4908 4908 4852 4852 4910 4910 4853 4853 4912 4912 4853 4853 4910 4910 4853 4853 4912 4912 4854 4854 4914 4914 4854 4854 4912 4912 4854 4854 4914 4914 4855 4855 4916 4916 4855 4855 4914 4914 4855 4855 4916 4916 4857 4857 4918 4918 4857 4857 4916 4916 4857 4857 4918 4918 4856 4856 4920 4920 4856 4856 4918 4918 4856 4856 4920 4920 4859 4859 4922 4922 4859 4859 4920 4920 4859 4859 4922 4922 4858 4858 4924 4924 4858 4858 4922 4922 4858 4858 4924 4924 4860 4860 4926 4926 4860 4860 4924 4924 4860 4860 4926 4926 4861 4861 4928 4928 4861 4861 4926 4926 4861 4861 4928 4928 4862 4862 4930 4930 4862 4862 4928 4928 4862 4862 4930 4930 4863 4863 4932 4932 4863 4863 4930 4930 4863 4863 4932 4932 4864 4864 4934 4934 4864 4864 4932 4932 4864 4864 4934 4934 4865 4865 4936 4936 4865 4865 4934 4934 4865 4865 4936 4936 4866 4866 4850 4850 4866 4866 4936 4936 4866 4866 4850 4850 3853 3853 3854 3854 3853 3853 4850 4850 4938 4938 4890 4890 4939 4939 4891 4891 4939 4939 4890 4890 4939 4939 4891 4891 4940 4940 4892 4892 4940 4940 4891 4891 4940 4940 4892 4892 4941 4941 4893 4893 4941 4941 4892 4892 4941 4941 4893 4893 1183 1183 4889 4889 4938 4938 4888 4888 4939 4939 4888 4888 4938 4938 4888 4888 4939 4939 4887 4887 4940 4940 4887 4887 4939 4939 4887 4887 4940 4940 4847 4847 4941 4941 4847 4847 4940 4940 4847 4847 4941 4941 424 424 1183 1183 424 424 4941 4941 424 424 1183 1183 421 421 4834 4834 4836 4836 4896 4896 4874 4874 4896 4896 4836 4836 4896 4896 4874 4874 4905 4905 4878 4878 4905 4905 4874 4874 4905 4905 4878 4878 4904 4904 453 453 4904 4904 4878 4878 4904 4904 453 453 455 455 4909 4909 1171 1171 4911 4911 4832 4832 4911 4911 1171 1171 4911 4911 4832 4832 4913 4913 4882 4882 4913 4913 4832 4832 4913 4913 4882 4882 4915 4915 4890 4890 4915 4915 4882 4882 4915 4915 4890 4890 4917 4917 4938 4938 4917 4917 4890 4890 4917 4917 4938 4938 4919 4919 4889 4889 4919 4919 4938 4938 4919 4919 4889 4889 4921 4921 4886 4886 4921 4921 4889 4889 4921 4921 4886 4886 4923 4923 4872 4872 4923 4923 4886 4886 4923 4923 4872 4872 4925 4925 4835 4835 4925 4925 4872 4872 4925 4925 4835 4835 4927 4927 4834 4834 4927 4927 4835 4835 4927 4927 4834 4834 4929 4929 4838 4838 4929 4929 4834 4834 4929 4929 4838 4838 4931 4931 4837 4837 4931 4931 4838 4838 4931 4931 4837 4837 4933 4933 4841 4841 4933 4933 4837 4837 4933 4933 4841 4841 4935 4935 4840 4840 4935 4935 4841 4841 4935 4935 4840 4840 4937 4937 4844 4844 4937 4937 4840 4840 4937 4937 4844 4844 4867 4867 4843 4843 4867 4867 4844 4844 4867 4867 4843 4843 3852 3852 3849 3849 3852 3852 4843 4843 4942 4942 3040 3040 4943 4943 3039 3039 4943 4943 3040 3040 4943 4943 3039 3039 4944 4944 4945 4945 4946 4946 4947 4947 4948 4948 4947 4947 4946 4946 4947 4947 4948 4948 4949 4949 4944 4944 3039 3039 4950 4950 3523 3523 4950 4950 3039 3039 4950 4950 3523 3523 4951 4951 3526 3526 4951 4951 3523 3523 4951 4951 3526 3526 3525 3525 4942 4942 4952 4952 3040 3040 4953 4953 3040 3040 4952 4952 3040 3040 4953 4953 3470 3470 4954 4954 3470 3470 4953 4953 3470 3470 4954 4954 4955 4955 4956 4956 1214 1214 4957 4957 1680 1680 4957 4957 1214 1214 4957 4957 1680 1680 4958 4958 4959 4959 4958 4958 1680 1680 4960 4960 4961 4961 1181 1181 4946 4946 1181 1181 4961 4961 3525 3525 3579 3579 4951 4951 3514 3514 4951 4951 3579 3579 4951 4951 3514 3514 3513 3513 3513 3513 3531 3531 4951 4951 4962 4962 4951 4951 3531 3531 4951 4951 4962 4962 4949 4949 4963 4963 4949 4949 4962 4962 4949 4949 4963 4963 4947 4947 4954 4954 4964 4964 4955 4955 4965 4965 4955 4955 4964 4964 4955 4955 4965 4965 4966 4966 4967 4967 4966 4966 4965 4965 4966 4966 4967 4967 1680 1680 4968 4968 1680 1680 4967 4967 1680 1680 4968 4968 4959 4959 4956 4956 4969 4969 1214 1214 4970 4970 1214 1214 4969 4969 1214 1214 4970 4970 1181 1181 4971 4971 1181 1181 4970 4970 1181 1181 4971 4971 4960 4960 4945 4945 4972 4972 4946 4946 4973 4973 4946 4946 4972 4972 4946 4946 4973 4973 1181 1181 4974 4974 1181 1181 4973 4973 1181 1181 4974 4974 421 421 3643 3643 421 421 4974 4974 421 421 3643 3643 422 422 716 716 4975 4975 720 720 4976 4976 720 720 4975 4975 720 720 4976 4976 4977 4977 4977 4977 4978 4978 720 720 4979 4979 720 720 4978 4978 720 720 4979 4979 1157 1157 4980 4980 170 170 4981 4981 1157 1157 4981 4981 170 170 4981 4981 1157 1157 4982 4982 4979 4979 4982 4982 1157 1157 4980 4980 4983 4983 170 170 4984 4984 170 170 4983 4983 170 170 4984 4984 1785 1785 4985 4985 1785 1785 4984 4984 1785 1785 4985 4985 4986 4986 717 717 719 719 4987 4987 4988 4988 4987 4987 719 719 4986 4986 4989 4989 1785 1785 4990 4990 1785 1785 4989 4989 1785 1785 4990 4990 4991 4991 4992 4992 4991 4991 4990 4990 4991 4991 4992 4992 4554 4554 4993 4993 4554 4554 4992 4992 4554 4554 4993 4993 719 719 4994 4994 719 719 4993 4993 719 719 4994 4994 4988 4988 4995 4995 896 896 902 902 4996 4996 4997 4997 901 901 4998 4998 901 901 4997 4997 901 901 4998 4998 902 902 4999 4999 902 902 4998 4998 902 902 4999 4999 4995 4995 849 849 5000 5000 5001 5001 849 849 5001 5001 901 901 5002 5002 901 901 5001 5001 901 901 5002 5002 5003 5003 5003 5003 5004 5004 901 901 5005 5005 901 901 5004 5004 901 901 5005 5005 4996 4996 855 855 854 854 5006 5006 5007 5007 5008 5008 848 848 5009 5009 848 848 5008 5008 848 848 5009 5009 849 849 5010 5010 849 849 5009 5009 849 849 5010 5010 5000 5000 855 855 5006 5006 848 848 5011 5011 848 848 5006 5006 848 848 5011 5011 5007 5007 4722 4722 5012 5012 5013 5013 4718 4718 4716 4716 5014 5014 4714 4714 5015 5015 5016 5016 3001 3001 3000 3000 5017 5017 5018 5018 2981 2981 5019 5019 2982 2982 5019 5019 2981 2981 2984 2984 2969 2969 5020 5020 2971 2971 5021 5021 5022 5022 5021 5021 5023 5023 5024 5024 5024 5024 5025 5025 5021 5021 362 362 5021 5021 5025 5025 5021 5021 362 362 5022 5022 2974 2974 2973 2973 5026 5026 2972 2972 5026 5026 2973 2973 5026 5026 2972 2972 2971 2971 2999 2999 2975 2975 5027 5027 2976 2976 5027 5027 2975 2975 5027 5027 2976 2976 2978 2978 3001 3001 5017 5017 2987 2987 5028 5028 2988 2988 2990 2990 647 647 2988 2988 635 635 5028 5028 635 635 2988 2988 635 635 5028 5028 5029 5029 634 634 632 632 5030 5030 5031 5031 5030 5030 632 632 5030 5030 5031 5031 5028 5028 5032 5032 5028 5028 5031 5031 5028 5028 5032 5032 5029 5029 634 634 5030 5030 629 629 5033 5033 629 629 5030 5030 629 629 5033 5033 5034 5034 5034 5034 5033 5033 5035 5035 5036 5036 5035 5035 5033 5033 5035 5035 5036 5036 5037 5037 5038 5038 621 621 5039 5039 5040 5040 5039 5039 621 621 5039 5039 5040 5040 5036 5036 5041 5041 5036 5036 5040 5040 5036 5036 5041 5041 5037 5037 5016 5016 5042 5042 5043 5043 5016 5016 5043 5043 5039 5039 5044 5044 5039 5039 5043 5043 5039 5039 5044 5044 5038 5038 4711 4711 612 612 614 614 5042 5042 5016 5016 614 614 5015 5015 614 614 5016 5016 614 614 5015 5015 4711 4711 4705 4705 4703 4703 5045 5045 4723 4723 5045 5045 4703 4703 384 384 5046 5046 5047 5047 5046 5046 389 389 5047 5047 4708 4708 5047 5047 389 389 5047 5047 4708 4708 5048 5048 5049 5049 387 387 385 385 387 387 5049 5049 379 379 5050 5050 379 379 5049 5049 379 379 5050 5050 5051 5051 5052 5052 377 377 5053 5053 5054 5054 5053 5053 377 377 5053 5053 5054 5054 5050 5050 5055 5055 5050 5050 5054 5054 5050 5050 5055 5055 5051 5051 5056 5056 5057 5057 5058 5058 375 375 5058 5058 5057 5057 5058 5058 375 375 5053 5053 5059 5059 5053 5053 375 375 5053 5053 5059 5059 5052 5052 2971 2971 5022 5022 5026 5026 5060 5060 5026 5026 5022 5022 5026 5026 5060 5060 5061 5061 5061 5061 5062 5062 5026 5026 5063 5063 5026 5026 5062 5062 5026 5026 5063 5063 5058 5058 5064 5064 5058 5058 5063 5063 5058 5058 5064 5064 5056 5056 385 385 384 384 5049 5049 5047 5047 5049 5049 384 384 5049 5049 5047 5047 5050 5050 5065 5065 5050 5050 5047 5047 5050 5050 5065 5065 5053 5053 5066 5066 5053 5053 5065 5065 5053 5053 5066 5066 5058 5058 5067 5067 5058 5058 5066 5066 5058 5058 5067 5067 5026 5026 5020 5020 5026 5026 5067 5067 5026 5026 5020 5020 2974 2974 2969 2969 2974 2974 5020 5020 5048 5048 4705 4705 5047 5047 5045 5045 5047 5047 4705 4705 5047 5047 5045 5045 5065 5065 5068 5068 5065 5065 5045 5045 5065 5065 5068 5068 5066 5066 5069 5069 5066 5066 5068 5068 5066 5066 5069 5069 5067 5067 5070 5070 5067 5067 5069 5069 5067 5067 5070 5070 5020 5020 5071 5071 5020 5020 5070 5070 5020 5020 5071 5071 2984 2984 5019 5019 2984 2984 5071 5071 2984 2984 5019 5019 2983 2983 2982 2982 2983 2983 5019 5019 4723 4723 4722 4722 5045 5045 5013 5013 5045 5045 4722 4722 5045 5045 5013 5013 5068 5068 5072 5072 5068 5068 5013 5013 5068 5068 5072 5072 5069 5069 5073 5073 5069 5069 5072 5072 5069 5069 5073 5073 5070 5070 5074 5074 5070 5070 5073 5073 5070 5070 5074 5074 5071 5071 5075 5075 5071 5071 5074 5074 5071 5071 5075 5075 5019 5019 5027 5027 5019 5019 5075 5075 5019 5019 5027 5027 5018 5018 2978 2978 5018 5018 5027 5027 5012 5012 4718 4718 5013 5013 5014 5014 5013 5013 4718 4718 5013 5013 5014 5014 5072 5072 5076 5076 5072 5072 5014 5014 5072 5072 5076 5076 5073 5073 5077 5077 5073 5073 5076 5076 5073 5073 5077 5077 5074 5074 5078 5078 5074 5074 5077 5077 5074 5074 5078 5078 5075 5075 5079 5079 5075 5075 5078 5078 5075 5075 5079 5079 5027 5027 5017 5017 5027 5027 5079 5079 5027 5027 5017 5017 2999 2999 3000 3000 2999 2999 5017 5017 4716 4716 4714 4714 5014 5014 5016 5016 5014 5014 4714 4714 5014 5014 5016 5016 5076 5076 5039 5039 5076 5076 5016 5016 5076 5076 5039 5039 5077 5077 5036 5036 5077 5077 5039 5039 5077 5077 5036 5036 5078 5078 5033 5033 5078 5078 5036 5036 5078 5078 5033 5033 5079 5079 5030 5030 5079 5079 5033 5033 5079 5079 5030 5030 5017 5017 5028 5028 5017 5017 5030 5030 5017 5017 5028 5028 2987 2987 2990 2990 2987 2987 5028 5028 3277 3277 3276 3276 5080 5080 5081 5081 5082 5082 5083 5083 5084 5084 3213 3213 3216 3216 2372 2372 2371 2371 5085 5085 5086 5086 5087 5087 5088 5088 5089 5089 5090 5090 5091 5091 5092 5092 5089 5089 5093 5093 5091 5091 5093 5093 5089 5089 5093 5093 5091 5091 5094 5094 5095 5095 5094 5094 5091 5091 5086 5086 5096 5096 5087 5087 5097 5097 5087 5087 5096 5096 5087 5087 5097 5097 5095 5095 5098 5098 5095 5095 5097 5097 5095 5095 5098 5098 5094 5094 2378 2378 5099 5099 5100 5100 5101 5101 5100 5100 5099 5099 5100 5100 5101 5101 5088 5088 5102 5102 5088 5088 5101 5101 5088 5088 5102 5102 5086 5086 2378 2378 5100 5100 2377 2377 5103 5103 2377 2377 5100 5100 2377 2377 5103 5103 5104 5104 5105 5105 2367 2367 5103 5103 2366 2366 5103 5103 2367 2367 5103 5103 2366 2366 5104 5104 2370 2370 2369 2369 5106 5106 2372 2372 5085 5085 5107 5107 2374 2374 5108 5108 2346 2346 5109 5109 2346 2346 5108 5108 2346 2346 5109 5109 2344 2344 5084 5084 3216 3216 5110 5110 5111 5111 5112 5112 5113 5113 5111 5111 5113 5113 3449 3449 5114 5114 3450 3450 5115 5115 5116 5116 3443 3443 5117 5117 5118 5118 5117 5117 3443 3443 5119 5119 5120 5120 5121 5121 5122 5122 5121 5121 5120 5120 5123 5123 5124 5124 5125 5125 5126 5126 5125 5125 5124 5124 5127 5127 5128 5128 5129 5129 5130 5130 5129 5129 5128 5128 5090 5090 5127 5127 5091 5091 5129 5129 5091 5091 5127 5127 5091 5091 5129 5129 5095 5095 5131 5131 5095 5095 5129 5129 5095 5095 5131 5131 5087 5087 5132 5132 5087 5087 5131 5131 5087 5087 5132 5132 5088 5088 5133 5133 5088 5088 5132 5132 5088 5088 5133 5133 5100 5100 5134 5134 5100 5100 5133 5133 5100 5100 5134 5134 5103 5103 5135 5135 5103 5103 5134 5134 5136 5136 5082 5082 5137 5137 5081 5081 5137 5137 5082 5082 5137 5137 5081 5081 5138 5138 5139 5139 5138 5138 5140 5140 5081 5081 5140 5140 5138 5138 5140 5140 5081 5081 5141 5141 5083 5083 5141 5141 5081 5081 5141 5141 5083 5083 5142 5142 5143 5143 5142 5142 5083 5083 5142 5142 5143 5143 5144 5144 5145 5145 5144 5144 5143 5143 5144 5144 5145 5145 5117 5117 5121 5121 5117 5117 5145 5145 5117 5117 5121 5121 5116 5116 5122 5122 5116 5116 5121 5121 5118 5118 5114 5114 5117 5117 5115 5115 5117 5117 5114 5114 5117 5117 5115 5115 5144 5144 5146 5146 5144 5144 5115 5115 5144 5144 5146 5146 5142 5142 5147 5147 5142 5142 5146 5146 5142 5142 5147 5147 5141 5141 5148 5148 5141 5141 5147 5147 5141 5141 5148 5148 5140 5140 5149 5149 5140 5140 5148 5148 5140 5140 5149 5149 5139 5139 5112 5112 5110 5110 5113 5113 3216 3216 5113 5113 5110 5110 5113 5113 3216 3216 5150 5150 3216 3216 3215 3215 5150 5150 3214 3214 5150 5150 3215 3215 5150 5150 3214 3214 5151 5151 3267 3267 5151 5151 3214 3214 5151 5151 3267 3267 5152 5152 3268 3268 5152 5152 3267 3267 5152 5152 3268 3268 3272 3272 3450 3450 3449 3449 5115 5115 5113 5113 5115 5115 3449 3449 5115 5115 5113 5113 5146 5146 5150 5150 5146 5146 5113 5113 5146 5146 5150 5150 5147 5147 5151 5151 5147 5147 5150 5150 5147 5147 5151 5151 5148 5148 5152 5152 5148 5148 5151 5151 5148 5148 5152 5152 5149 5149 3272 3272 5149 5149 5152 5152 5153 5153 5154 5154 5155 5155 5156 5156 5155 5155 5154 5154 5153 5153 5155 5155 5157 5157 5158 5158 5157 5157 5155 5155 5157 5157 5158 5158 5159 5159 5159 5159 5158 5158 5160 5160 5161 5161 5160 5160 5158 5158 5160 5160 5161 5161 5162 5162 5161 5161 3275 3275 3274 3274 3274 3274 3281 3281 5163 5163 3274 3274 5163 5163 5161 5161 5164 5164 5161 5161 5163 5163 5161 5161 5164 5164 5162 5162 5156 5156 5165 5165 5155 5155 5166 5166 5155 5155 5165 5165 5155 5155 5166 5166 5158 5158 5080 5080 5158 5158 5166 5166 5158 5158 5080 5080 5161 5161 3276 3276 5161 5161 5080 5080 5161 5161 3276 3276 3275 3275 5167 5167 5168 5168 5169 5169 5170 5170 5169 5169 5168 5168 5169 5169 5170 5170 5108 5108 5171 5171 5108 5108 5170 5170 5108 5108 5171 5171 5109 5109 5167 5167 5169 5169 5172 5172 5173 5173 5172 5172 5169 5169 5172 5172 5173 5173 5174 5174 5154 5154 5175 5175 5156 5156 5176 5176 5156 5156 5175 5175 5156 5156 5176 5176 5173 5173 5177 5177 5173 5173 5176 5176 5173 5173 5177 5177 5174 5174 2371 2371 2370 2370 5085 5085 5106 5106 5085 5085 2370 2370 5085 5085 5106 5106 5178 5178 5179 5179 5178 5178 5106 5106 5178 5178 5179 5179 5180 5180 5181 5181 5180 5180 5179 5179 5180 5180 5181 5181 5182 5182 2369 2369 5105 5105 5106 5106 5103 5103 5106 5106 5105 5105 5106 5106 5103 5103 5179 5179 5135 5135 5179 5179 5103 5103 5179 5179 5135 5135 5181 5181 2374 2374 5107 5107 5108 5108 5085 5085 5108 5108 5107 5107 5108 5108 5085 5085 5169 5169 5178 5178 5169 5169 5085 5085 5169 5169 5178 5178 5173 5173 5180 5180 5173 5173 5178 5178 5173 5173 5180 5180 5156 5156 5182 5182 5156 5156 5180 5180 5156 5156 5182 5182 5165 5165 3269 3269 3279 3279 5139 5139 3272 3272 3271 3271 5149 5149 3273 3273 5149 5149 3271 3271 5149 5149 3273 3273 5139 5139 3270 3270 5139 5139 3273 3273 5139 5139 3270 3270 3269 3269 5126 5126 5119 5119 5125 5125 5121 5121 5125 5125 5119 5119 5125 5125 5121 5121 5183 5183 5145 5145 5183 5183 5121 5121 5183 5183 5145 5145 5184 5184 5143 5143 5184 5184 5145 5145 5184 5184 5143 5143 5185 5185 5083 5083 5185 5185 5143 5143 5185 5185 5083 5083 5186 5186 5082 5082 5186 5186 5083 5083 5186 5186 5082 5082 5187 5187 5136 5136 5187 5187 5082 5082 5187 5187 5136 5136 5188 5188 5137 5137 5188 5188 5136 5136 5188 5188 5137 5137 5189 5189 5138 5138 5189 5189 5137 5137 5189 5189 5138 5138 5190 5190 5139 5139 5190 5190 5138 5138 5190 5190 5139 5139 5191 5191 3279 3279 5191 5191 5139 5139 5191 5191 3279 3279 3280 3280 5130 5130 5123 5123 5129 5129 5125 5125 5129 5129 5123 5123 5129 5129 5125 5125 5131 5131 5183 5183 5131 5131 5125 5125 5131 5131 5183 5183 5132 5132 5184 5184 5132 5132 5183 5183 5132 5132 5184 5184 5133 5133 5185 5185 5133 5133 5184 5184 5133 5133 5185 5185 5134 5134 5186 5186 5134 5134 5185 5185 5134 5134 5186 5186 5135 5135 5187 5187 5135 5135 5186 5186 5135 5135 5187 5187 5181 5181 5188 5188 5181 5181 5187 5187 5181 5181 5188 5188 5182 5182 5189 5189 5182 5182 5188 5188 5182 5182 5189 5189 5165 5165 5190 5190 5165 5165 5189 5189 5165 5165 5190 5190 5166 5166 5191 5191 5166 5166 5190 5190 5166 5166 5191 5191 5080 5080 3280 3280 5080 5080 5191 5191 5080 5080 3280 3280 3277 3277 5192 5192 5193 5193 3222 3222 5194 5194 5195 5195 5196 5196 5197 5197 5196 5196 5195 5195 5197 5197 5198 5198 5196 5196 5199 5199 5196 5196 5198 5198 5196 5196 5199 5199 5192 5192 5200 5200 5192 5192 5199 5199 5192 5192 5200 5200 5193 5193 5201 5201 5202 5202 5203 5203 5204 5204 5203 5203 5202 5202 5203 5203 5204 5204 5205 5205 5206 5206 5205 5205 5204 5204 5205 5205 5206 5206 5194 5194 5201 5201 5203 5203 5207 5207 5208 5208 5207 5207 5203 5203 5207 5207 5208 5208 5209 5209 5210 5210 5211 5211 5212 5212 5212 5212 5213 5213 5210 5210 5214 5214 5210 5210 5213 5213 5210 5210 5214 5214 5208 5208 5215 5215 5208 5208 5214 5214 5208 5208 5215 5215 5209 5209 1680 1680 5211 5211 4966 4966 5210 5210 4966 4966 5211 5211 4966 4966 5210 5210 5216 5216 5217 5217 5216 5216 5210 5210 5216 5216 5217 5217 3470 3470 5208 5208 5218 5218 5219 5219 5219 5219 5220 5220 5208 5208 5221 5221 5208 5208 5220 5220 5208 5208 5221 5221 5210 5210 5222 5222 5210 5210 5221 5221 5210 5210 5222 5222 5217 5217 5218 5218 5208 5208 5223 5223 5203 5203 5223 5223 5208 5208 5223 5223 5203 5203 5224 5224 5225 5225 5226 5226 5205 5205 5227 5227 5205 5205 5226 5226 5205 5205 5227 5227 5203 5203 5228 5228 5203 5203 5227 5227 5203 5203 5228 5228 5224 5224 5194 5194 5196 5196 5205 5205 5229 5229 5205 5205 5196 5196 5205 5205 5229 5229 5225 5225 5192 5192 5230 5230 5231 5231 5231 5231 5232 5232 5192 5192 5233 5233 5192 5192 5232 5232 5192 5192 5233 5233 5196 5196 5234 5234 5196 5196 5233 5233 5196 5196 5234 5234 5229 5229 3222 3222 3217 3217 5192 5192 3219 3219 5192 5192 3217 3217 5192 5192 3219 3219 5230 5230 5235 5235 5230 5230 3219 3219 1972 1972 2338 2338 1971 1971 2344 2344 1971 1971 2338 2338 1971 1971 2344 2344 1970 1970 2344 2344 5109 5109 1970 1970 5171 5171 1970 1970 5109 5109 1970 1970 5171 5171 1961 1961 5170 5170 1961 1961 5171 5171 1961 1961 5170 5170 1962 1962 5236 5236 1962 1962 5170 5170 1962 1962 5236 5236 5237 5237 5236 5236 5167 5167 5237 5237 5238 5238 5237 5237 5167 5167 5237 5237 5238 5238 1965 1965 5174 5174 1965 1965 5238 5238 1965 1965 5174 5174 1959 1959 5164 5164 1946 1946 5239 5239 1944 1944 5239 5239 1946 1946 5239 5239 1944 1944 5160 5160 1943 1943 5160 5160 1944 1944 5160 5160 1943 1943 5159 5159 1952 1952 5159 5159 1943 1943 5159 5159 1952 1952 5157 5157 1954 1954 5157 5157 1952 1952 5157 5157 1954 1954 5153 5153 1955 1955 5153 5153 1954 1954 5153 5153 1955 1955 5154 5154 1957 1957 5154 5154 1955 1955 5154 5154 1957 1957 5175 5175 1960 1960 5175 5175 1957 1957 5175 5175 1960 1960 5176 5176 1959 1959 5176 5176 1960 1960 5176 5176 1959 1959 5177 5177 5174 5174 5177 5177 1959 1959 5163 5163 3281 3281 5240 5240 5240 5240 1951 1951 1950 1950 5164 5164 5163 5163 1946 1946 5240 5240 1946 1946 5163 5163 1946 1946 5240 5240 1948 1948 1950 1950 1948 1948 5240 5240 5241 5241 3238 3238 5242 5242 5243 5243 1689 1689 5244 5244 5245 5245 1684 1684 5246 5246 1645 1645 1648 1648 5247 5247 1651 1651 1659 1659 5248 5248 5193 5193 5249 5249 5250 5250 3222 3222 5193 5193 3220 3220 5250 5250 3220 3220 5193 5193 3220 3220 5250 5250 5251 5251 5252 5252 5253 5253 1660 1660 5254 5254 1660 1660 5253 5253 1689 1689 1688 1688 5255 5255 1687 1687 5255 5255 1688 1688 5255 5255 1687 1687 1629 1629 1629 1629 1636 1636 5256 5256 1639 1639 5256 5256 1636 1636 1645 1645 5247 5247 5257 5257 1689 1689 5255 5255 5244 5244 5258 5258 5244 5244 5255 5255 5244 5244 5258 5258 5259 5259 5260 5260 5259 5259 5258 5258 5259 5259 5260 5260 5261 5261 5262 5262 5261 5261 5260 5260 5261 5261 5262 5262 5263 5263 5264 5264 5265 5265 5266 5266 5267 5267 5266 5266 5265 5265 5266 5266 5267 5267 5268 5268 5269 5269 5268 5268 5267 5267 5268 5268 5269 5269 5270 5270 5247 5247 5270 5270 5269 5269 5270 5270 5247 5247 5248 5248 1648 1648 5248 5248 5247 5247 5248 5248 1648 1648 1651 1651 1629 1629 5256 5256 5255 5255 5271 5271 5255 5255 5256 5256 5255 5255 5271 5271 5258 5258 5272 5272 5258 5258 5271 5271 5258 5258 5272 5272 5260 5260 5273 5273 5260 5260 5272 5272 5260 5260 5273 5273 5262 5262 5274 5274 5275 5275 5276 5276 5254 5254 5276 5276 5275 5275 5276 5276 5254 5254 5277 5277 5253 5253 5277 5277 5254 5254 5278 5278 5273 5273 5279 5279 5272 5272 5279 5279 5273 5273 5279 5279 5272 5272 5280 5280 5271 5271 5280 5280 5272 5272 5280 5280 5271 5271 5281 5281 5256 5256 5281 5281 5271 5271 5281 5281 5256 5256 5282 5282 1639 1639 5282 5282 5256 5256 5282 5282 1639 1639 5257 5257 5283 5283 5284 5284 5285 5285 5286 5286 5285 5285 5284 5284 5285 5285 5286 5286 5287 5287 5287 5287 5264 5264 5285 5285 5266 5266 5285 5285 5264 5264 5285 5285 5266 5266 5283 5283 5268 5268 5283 5283 5266 5266 5283 5283 5268 5268 5288 5288 5270 5270 5288 5288 5268 5268 5288 5288 5270 5270 5275 5275 5248 5248 5275 5275 5270 5270 5275 5275 5248 5248 5254 5254 1659 1659 5254 5254 5248 5248 5254 5254 1659 1659 1660 1660 5289 5289 5290 5290 5291 5291 5292 5292 5291 5291 5290 5290 5291 5291 5292 5292 5293 5293 5294 5294 5295 5295 5296 5296 3264 3264 5296 5296 5295 5295 3264 3264 5297 5297 5296 5296 5298 5298 5296 5296 5297 5297 5296 5296 5298 5298 5294 5294 5299 5299 5294 5294 5298 5298 5300 5300 5301 5301 5302 5302 5300 5300 5302 5302 5303 5303 5304 5304 5305 5305 3251 3251 5299 5299 3251 3251 5305 5305 3251 3251 5299 5299 5306 5306 5298 5298 5306 5306 5299 5299 5306 5306 5298 5298 3258 3258 5297 5297 3258 3258 5298 5298 5307 5307 5308 5308 5283 5283 5309 5309 5283 5283 5308 5308 5283 5283 5309 5309 5284 5284 5310 5310 5284 5284 5309 5309 5284 5284 5310 5310 5311 5311 5257 5257 5247 5247 5282 5282 5269 5269 5282 5282 5247 5247 5282 5282 5269 5269 5281 5281 5267 5267 5281 5281 5269 5269 5281 5281 5267 5267 5280 5280 5265 5265 5280 5280 5267 5267 5280 5280 5265 5265 5279 5279 5264 5264 5279 5279 5265 5265 5279 5279 5264 5264 5278 5278 5287 5287 5278 5278 5264 5264 5278 5278 5287 5287 5312 5312 5286 5286 5312 5312 5287 5287 5312 5312 5286 5286 5313 5313 5284 5284 5313 5313 5286 5286 5313 5313 5284 5284 5300 5300 5311 5311 5300 5300 5284 5284 5300 5300 5311 5311 5301 5301 3248 3248 3247 3247 5314 5314 3246 3246 5314 5314 3247 3247 5314 5314 3246 3246 5315 5315 3235 3235 5315 5315 3246 3246 5315 5315 3235 3235 5316 5316 3234 3234 5316 5316 3235 3235 5316 5316 3234 3234 3242 3242 5317 5317 5318 5318 5206 5206 5319 5319 5198 5198 5320 5320 5321 5321 5320 5320 5198 5198 5320 5320 5321 5321 5195 5195 5249 5249 5319 5319 5250 5250 5320 5320 5250 5250 5319 5319 5250 5250 5320 5320 5322 5322 3238 3238 3237 3237 5242 5242 5322 5322 5242 5242 3237 3237 5242 5242 5322 5322 5323 5323 5320 5320 5323 5323 5322 5322 5323 5323 5320 5320 5317 5317 5195 5195 5317 5317 5320 5320 5317 5317 5195 5195 5318 5318 3237 3237 3228 3228 5322 5322 3226 3226 5322 5322 3228 3228 5322 5322 3226 3226 5250 5250 3231 3231 5250 5250 3226 3226 5250 5250 3231 3231 5251 5251 1680 1680 1679 1679 5211 5211 5324 5324 5211 5211 1679 1679 5211 5211 5324 5324 5212 5212 5245 5245 5246 5246 1686 1686 5212 5212 5324 5324 5325 5325 5326 5326 5325 5325 5324 5324 5325 5325 5326 5326 5214 5214 5327 5327 5209 5209 5326 5326 5328 5328 5326 5326 5209 5209 5326 5326 5328 5328 5214 5214 5329 5329 5204 5204 5327 5327 5202 5202 5327 5327 5204 5204 5202 5202 5330 5330 5327 5327 5207 5207 5327 5327 5330 5330 5327 5327 5207 5207 5209 5209 5331 5331 1682 1682 1691 1691 1684 1684 1682 1682 5246 5246 5331 5331 5246 5246 1682 1682 5246 5246 5331 5331 5332 5332 5333 5333 5332 5332 5331 5331 5332 5332 5333 5333 5334 5334 5335 5335 5334 5334 5333 5333 5334 5334 5335 5335 5336 5336 5337 5337 5336 5336 5335 5335 5336 5336 5337 5337 5338 5338 5339 5339 5338 5338 5337 5337 5338 5338 5339 5339 5340 5340 5341 5341 5340 5340 5339 5339 5340 5340 5341 5341 5342 5342 5343 5343 5342 5342 5341 5341 5342 5342 5343 5343 5344 5344 5289 5289 5344 5344 5343 5343 5344 5344 5289 5289 5305 5305 5291 5291 5305 5305 5289 5289 5305 5305 5291 5291 5299 5299 5293 5293 5299 5299 5291 5291 5299 5299 5293 5293 5294 5294 5304 5304 3248 3248 5305 5305 5314 5314 5305 5305 3248 3248 5305 5305 5314 5314 5344 5344 5315 5315 5344 5344 5314 5314 5344 5344 5315 5315 5342 5342 5316 5316 5342 5342 5315 5315 5342 5342 5316 5316 5340 5340 5345 5345 5340 5340 5316 5316 5340 5340 5345 5345 5338 5338 5346 5346 5338 5338 5345 5345 5338 5338 5346 5346 5336 5336 5329 5329 5336 5336 5346 5346 5336 5336 5329 5329 5334 5334 5327 5327 5334 5334 5329 5329 5334 5334 5327 5327 5332 5332 5326 5326 5332 5332 5327 5327 5332 5332 5326 5326 5246 5246 5324 5324 5246 5246 5326 5326 5246 5246 5324 5324 1686 1686 1679 1679 1686 1686 5324 5324 3260 3260 3262 3262 5347 5347 5348 5348 5347 5347 3262 3262 5347 5347 5348 5348 5349 5349 5303 5303 5349 5349 5348 5348 5349 5349 5303 5303 5350 5350 5302 5302 5350 5350 5303 5303 5274 5274 5351 5351 5275 5275 5352 5352 5275 5275 5351 5351 5275 5275 5352 5352 5288 5288 5353 5353 5288 5288 5352 5352 5288 5288 5353 5353 5283 5283 5354 5354 5283 5283 5353 5353 5283 5283 5354 5354 5307 5307 3242 3242 5241 5241 5316 5316 5242 5242 5316 5316 5241 5241 5316 5316 5242 5242 5345 5345 5323 5323 5345 5345 5242 5242 5345 5345 5323 5323 5346 5346 5317 5317 5346 5346 5323 5323 5346 5346 5317 5317 5329 5329 5206 5206 5329 5329 5317 5317 5329 5329 5206 5206 5204 5204 3262 3262 5295 5295 5348 5348 5294 5294 5348 5348 5295 5295 5348 5348 5294 5294 5303 5303 5293 5293 5303 5303 5294 5294 5303 5303 5293 5293 5300 5300 5292 5292 5300 5300 5293 5293 5300 5300 5292 5292 5313 5313 5290 5290 5313 5313 5292 5292 5313 5313 5290 5290 5312 5312 5289 5289 5312 5312 5290 5290 5312 5312 5289 5289 5278 5278 5343 5343 5278 5278 5289 5289 5278 5278 5343 5343 5273 5273 5341 5341 5273 5273 5343 5343 5273 5273 5341 5341 5262 5262 5339 5339 5262 5262 5341 5341 5262 5262 5339 5339 5263 5263 5337 5337 5263 5263 5339 5339 5263 5263 5337 5337 5261 5261 5335 5335 5261 5261 5337 5337 5261 5261 5335 5335 5259 5259 5333 5333 5259 5259 5335 5335 5259 5259 5333 5333 5244 5244 5331 5331 5244 5244 5333 5333 5244 5244 5331 5331 5243 5243 1691 1691 5243 5243 5331 5331 1874 1874 1872 1872 5355 5355 1863 1863 1865 1865 5356 5356 1847 1847 1849 1849 5357 5357 1831 1831 1830 1830 5358 5358 5359 5359 1817 1817 5360 5360 5361 5361 5362 5362 5363 5363 1802 1802 1804 1804 5364 5364 1793 1793 1795 1795 5365 5365 5365 5365 5366 5366 5367 5367 5368 5368 5369 5369 5370 5370 5371 5371 5372 5372 5373 5373 5374 5374 5375 5375 5376 5376 5377 5377 5378 5378 5379 5379 3260 3260 5347 5347 5380 5380 5381 5381 5380 5380 5347 5347 5380 5380 5381 5381 5382 5382 5383 5383 5384 5384 5382 5382 5385 5385 5386 5386 5387 5387 5388 5388 5389 5389 5390 5390 5391 5391 5392 5392 5393 5393 5394 5394 5395 5395 5396 5396 5397 5397 5398 5398 5399 5399 5400 5400 5399 5399 5398 5398 5377 5377 5379 5379 5401 5401 5368 5368 5370 5370 5402 5402 3266 3266 5403 5403 4211 4211 5404 5404 4211 4211 5403 5403 4211 4211 5404 5404 4208 4208 5347 5347 5349 5349 5381 5381 5350 5350 5381 5381 5349 5349 5381 5381 5350 5350 5405 5405 5350 5350 5406 5406 5405 5405 5301 5301 5405 5405 5406 5406 5405 5405 5301 5301 5407 5407 5301 5301 5311 5311 5407 5407 5310 5310 5407 5407 5311 5311 5407 5407 5310 5310 5408 5408 5409 5409 5408 5408 5310 5310 5408 5408 5409 5409 5410 5410 5411 5411 5410 5410 5409 5409 5410 5410 5411 5411 5412 5412 5412 5412 5413 5413 5410 5410 5414 5414 5410 5410 5413 5413 5410 5410 5414 5414 5415 5415 5414 5414 5352 5352 5415 5415 5416 5416 5415 5415 5352 5352 5415 5415 5416 5416 5417 5417 5416 5416 5418 5418 5417 5417 5419 5419 5417 5417 5418 5418 5417 5417 5419 5419 5420 5420 5277 5277 5420 5420 5419 5419 5420 5420 5277 5277 5421 5421 5422 5422 4210 4210 5423 5423 4209 4209 5423 5423 4210 4210 4188 4188 4195 4195 5424 5424 5425 5425 5424 5424 4195 4195 5426 5426 4191 4191 5427 5427 5428 5428 5427 5427 4191 4191 5427 5427 5428 5428 4188 4188 5429 5429 4233 4233 5426 5426 5430 5430 5431 5431 5432 5432 5433 5433 5434 5434 5367 5367 4231 4231 5367 5367 5434 5434 5433 5433 5367 5367 4226 4226 5366 5366 4226 4226 5367 5367 4226 4226 5366 5366 4163 4163 5366 5366 1697 1697 5435 5435 4163 4163 5366 5366 5436 5436 5435 5435 5436 5436 5366 5366 5436 5436 5435 5435 4161 4161 1795 1795 1797 1797 5365 5365 1700 1700 5365 5365 1797 1797 5365 5365 1700 1700 5366 5366 1699 1699 5366 5366 1700 1700 5366 5366 1699 1699 1697 1697 1787 1787 1786 1786 5437 5437 1791 1791 5437 5437 1786 1786 1791 1791 1793 1793 5437 5437 5365 5365 5437 5437 1793 1793 5437 5437 5365 5365 5438 5438 5367 5367 5438 5438 5365 5365 5438 5438 5367 5367 5430 5430 4231 4231 5430 5430 5367 5367 5430 5430 4231 4231 5431 5431 4188 4188 5424 5424 5427 5427 5439 5439 5427 5427 5424 5424 5427 5427 5439 5439 5440 5440 5441 5441 5440 5440 5439 5439 5440 5440 5441 5441 5442 5442 5443 5443 5442 5442 5441 5441 5442 5442 5443 5443 5444 5444 5426 5426 5427 5427 5429 5429 5440 5440 5429 5429 5427 5427 5429 5429 5440 5440 5445 5445 5442 5442 5445 5445 5440 5440 5445 5445 5442 5442 5446 5446 5444 5444 5446 5446 5442 5442 5446 5446 5444 5444 5364 5364 1804 1804 1787 1787 5364 5364 5437 5437 5364 5364 1787 1787 5364 5364 5437 5437 5446 5446 5438 5438 5446 5446 5437 5437 5446 5446 5438 5438 5445 5445 5430 5430 5445 5445 5438 5438 5445 5445 5430 5430 5429 5429 5432 5432 5429 5429 5430 5430 5429 5429 5432 5432 4233 4233 5362 5362 5447 5447 5448 5448 5443 5443 5363 5363 5444 5444 5362 5362 5444 5444 5363 5363 5444 5444 5362 5362 5364 5364 5448 5448 5364 5364 5362 5362 5364 5364 5448 5448 1802 1802 1819 1819 1821 1821 5361 5361 1823 1823 5361 5361 1821 1821 5361 5361 1823 1823 5362 5362 5449 5449 5362 5362 1823 1823 5362 5362 5449 5449 5447 5447 1817 1817 1819 1819 5360 5360 5361 5361 5360 5360 1819 1819 5360 5360 5361 5361 5450 5450 5363 5363 5450 5450 5361 5361 5450 5450 5363 5363 5451 5451 5443 5443 5451 5451 5363 5363 5451 5451 5443 5443 5452 5452 5441 5441 5452 5452 5443 5443 5452 5452 5441 5441 5453 5453 5439 5439 5453 5453 5441 5441 5453 5453 5439 5439 5454 5454 5424 5424 5454 5454 5439 5439 5454 5454 5424 5424 5423 5423 5425 5425 5423 5423 5424 5424 5423 5423 5425 5425 5422 5422 1833 1833 1832 1832 5455 5455 1813 1813 5455 5455 1832 1832 1813 1813 5359 5359 5455 5455 5360 5360 5455 5455 5359 5359 5455 5455 5360 5360 5456 5456 5450 5450 5456 5456 5360 5360 5456 5456 5450 5450 5457 5457 5451 5451 5457 5457 5450 5450 5457 5457 5451 5451 5458 5458 5452 5452 5458 5458 5451 5451 5458 5458 5452 5452 5459 5459 5453 5453 5459 5459 5452 5452 5459 5459 5453 5453 5460 5460 5454 5454 5460 5460 5453 5453 5460 5460 5454 5454 5461 5461 5423 5423 5461 5461 5454 5454 5461 5461 5423 5423 5404 5404 4209 4209 5404 5404 5423 5423 5404 5404 4209 4209 4208 4208 1829 1829 5462 5462 5463 5463 5464 5464 5463 5463 5462 5462 5464 5464 1833 1833 5463 5463 5455 5455 5463 5463 1833 1833 5463 5463 5455 5455 5465 5465 5456 5456 5465 5465 5455 5455 5465 5465 5456 5456 5466 5466 5457 5457 5466 5466 5456 5456 5466 5466 5457 5457 5467 5467 5458 5458 5467 5467 5457 5457 5467 5467 5458 5458 5468 5468 5459 5459 5468 5468 5458 5458 5468 5468 5459 5459 5469 5469 5460 5460 5469 5469 5459 5459 5469 5469 5460 5460 5470 5470 5461 5461 5470 5470 5460 5460 5470 5470 5461 5461 5471 5471 5404 5404 5471 5471 5461 5461 5471 5471 5404 5404 5472 5472 5403 5403 5472 5472 5404 5404 1830 1830 1829 1829 5358 5358 5463 5463 5358 5358 1829 1829 5358 5358 5463 5463 5473 5473 5465 5465 5473 5473 5463 5463 5473 5473 5465 5465 5474 5474 5466 5466 5474 5474 5465 5465 5474 5474 5466 5466 5475 5475 5467 5467 5475 5475 5466 5466 5475 5475 5467 5467 5476 5476 5468 5468 5476 5476 5467 5467 5476 5476 5468 5468 5477 5477 5469 5469 5477 5477 5468 5468 5477 5477 5469 5469 5478 5478 5470 5470 5478 5478 5469 5469 5478 5478 5470 5470 5370 5370 5471 5471 5370 5370 5470 5470 5370 5370 5471 5471 5402 5402 5472 5472 5402 5402 5471 5471 5479 5479 5399 5399 5480 5480 5400 5400 5480 5480 5399 5399 5480 5480 5400 5400 5481 5481 5482 5482 5357 5357 5483 5483 5484 5484 5483 5483 5357 5357 5483 5483 5484 5484 5485 5485 5486 5486 5485 5485 5484 5484 5485 5485 5486 5486 5487 5487 5488 5488 5487 5487 5486 5486 5487 5487 5488 5488 5489 5489 5490 5490 5489 5489 5488 5488 5489 5489 5490 5490 5491 5491 5492 5492 5491 5491 5490 5490 5491 5491 5492 5492 5493 5493 5494 5494 5493 5493 5492 5492 5493 5493 5494 5494 5373 5373 5495 5495 5373 5373 5494 5494 5373 5373 5495 5495 5371 5371 5496 5496 5371 5371 5495 5495 1849 1849 1831 1831 5357 5357 5358 5358 5357 5357 1831 1831 5357 5357 5358 5358 5484 5484 5473 5473 5484 5484 5358 5358 5484 5484 5473 5473 5486 5486 5474 5474 5486 5486 5473 5473 5486 5486 5474 5474 5488 5488 5475 5475 5488 5488 5474 5474 5488 5488 5475 5475 5490 5490 5476 5476 5490 5490 5475 5475 5490 5490 5476 5476 5492 5492 5477 5477 5492 5492 5476 5476 5492 5492 5477 5477 5494 5494 5478 5478 5494 5494 5477 5477 5494 5494 5478 5478 5495 5495 5370 5370 5495 5495 5478 5478 5495 5495 5370 5370 5496 5496 5369 5369 5496 5496 5370 5370 5497 5497 5479 5479 5498 5498 5480 5480 5498 5498 5479 5479 5498 5498 5480 5480 5394 5394 5481 5481 5394 5394 5480 5480 5394 5394 5481 5481 5395 5395 5499 5499 5497 5497 5500 5500 5498 5498 5500 5500 5497 5497 5500 5500 5498 5498 5501 5501 5394 5394 5501 5501 5498 5498 5501 5501 5394 5394 5391 5391 5396 5396 5391 5391 5394 5394 5391 5391 5396 5396 5392 5392 5372 5372 5374 5374 5373 5373 5376 5376 5373 5373 5374 5374 5373 5373 5376 5376 5493 5493 5502 5502 5493 5493 5376 5376 5493 5493 5502 5502 5491 5491 5503 5503 5491 5491 5502 5502 5491 5491 5503 5503 5489 5489 5504 5504 5489 5489 5503 5503 5489 5489 5504 5504 5487 5487 5505 5505 5487 5487 5504 5504 5487 5487 5505 5505 5485 5485 5506 5506 5485 5485 5505 5505 5485 5485 5506 5506 5483 5483 5507 5507 5483 5483 5506 5506 5483 5483 5507 5507 5482 5482 5508 5508 5482 5482 5507 5507 5482 5482 5508 5508 1838 1838 1838 1838 1840 1840 5482 5482 1842 1842 5482 5482 1840 1840 5482 5482 1842 1842 5357 5357 1844 1844 5357 5357 1842 1842 5357 5357 1844 1844 1847 1847 5509 5509 5499 5499 5510 5510 5500 5500 5510 5510 5499 5499 5510 5510 5500 5500 5511 5511 5501 5501 5511 5511 5500 5500 5511 5511 5501 5501 5512 5512 5391 5391 5512 5512 5501 5501 5512 5512 5391 5391 5388 5388 5393 5393 5388 5388 5391 5391 5388 5388 5393 5393 5389 5389 1852 1852 1854 1854 5508 5508 1856 1856 5508 5508 1854 1854 5508 5508 1856 1856 1838 1838 1865 1865 1852 1852 5356 5356 5508 5508 5356 5356 1852 1852 5356 5356 5508 5508 5513 5513 5507 5507 5513 5513 5508 5508 5513 5513 5507 5507 5514 5514 5506 5506 5514 5514 5507 5507 5514 5514 5506 5506 5515 5515 5505 5505 5515 5515 5506 5506 5515 5515 5505 5505 5516 5516 5504 5504 5516 5516 5505 5505 5516 5516 5504 5504 5517 5517 5503 5503 5517 5517 5504 5504 5517 5517 5503 5503 5518 5518 5502 5502 5518 5518 5503 5503 5518 5518 5502 5502 5519 5519 5376 5376 5519 5519 5502 5502 5519 5519 5376 5376 5520 5520 5375 5375 5520 5520 5376 5376 5521 5521 5509 5509 5522 5522 5510 5510 5522 5522 5509 5509 5522 5522 5510 5510 5523 5523 5511 5511 5523 5523 5510 5510 5523 5523 5511 5511 5524 5524 5512 5512 5524 5524 5511 5511 5524 5524 5512 5512 5525 5525 5388 5388 5525 5525 5512 5512 5525 5525 5388 5388 5385 5385 5390 5390 5385 5385 5388 5388 5385 5385 5390 5390 5386 5386 1868 1868 1871 1871 5526 5526 1861 1861 5526 5526 1871 1871 5520 5520 5401 5401 5519 5519 5379 5379 5519 5519 5401 5401 5519 5519 5379 5379 5518 5518 5527 5527 5518 5518 5379 5379 5518 5518 5527 5527 5517 5517 5528 5528 5517 5517 5527 5527 5517 5517 5528 5528 5516 5516 5529 5529 5516 5516 5528 5528 5516 5516 5529 5529 5515 5515 5530 5530 5515 5515 5529 5529 5515 5515 5530 5530 5514 5514 5531 5531 5514 5514 5530 5530 5514 5514 5531 5531 5513 5513 5532 5532 5513 5513 5531 5531 5513 5513 5532 5532 5356 5356 5526 5526 5356 5356 5532 5532 5356 5356 5526 5526 1863 1863 1861 1861 1863 1863 5526 5526 5533 5533 5521 5521 5534 5534 5522 5522 5534 5534 5521 5521 5534 5534 5522 5522 5535 5535 5523 5523 5535 5535 5522 5522 5535 5535 5523 5523 5536 5536 5524 5524 5536 5536 5523 5523 5536 5536 5524 5524 5537 5537 5525 5525 5537 5537 5524 5524 5537 5537 5525 5525 5538 5538 5385 5385 5538 5538 5525 5525 5538 5538 5385 5385 5539 5539 5387 5387 5539 5539 5385 5385 5539 5539 5387 5387 5540 5540 1872 1872 1868 1868 5355 5355 5526 5526 5355 5355 1868 1868 5355 5355 5526 5526 5541 5541 5532 5532 5541 5541 5526 5526 5541 5541 5532 5532 5542 5542 5531 5531 5542 5542 5532 5532 5542 5542 5531 5531 5543 5543 5530 5530 5543 5543 5531 5531 5543 5543 5530 5530 5544 5544 5529 5529 5544 5544 5530 5530 5544 5544 5529 5529 5545 5545 5528 5528 5545 5545 5529 5529 5545 5545 5528 5528 5546 5546 5527 5527 5546 5546 5528 5528 5546 5546 5527 5527 5547 5547 5379 5379 5547 5547 5527 5527 5547 5547 5379 5379 5548 5548 5378 5378 5548 5548 5379 5379 5549 5549 5533 5533 5550 5550 5534 5534 5550 5550 5533 5533 5550 5550 5534 5534 5551 5551 5535 5535 5551 5551 5534 5534 5551 5551 5535 5535 5552 5552 5536 5536 5552 5552 5535 5535 5552 5552 5536 5536 5553 5553 5537 5537 5553 5553 5536 5536 5553 5553 5537 5537 5554 5554 5538 5538 5554 5554 5537 5537 5554 5554 5538 5538 5555 5555 5539 5539 5555 5555 5538 5538 5555 5555 5539 5539 5383 5383 5540 5540 5383 5383 5539 5539 5383 5383 5540 5540 5384 5384 5549 5549 1876 1876 1875 1875 5548 5548 5397 5397 5547 5547 5399 5399 5547 5547 5397 5397 5547 5547 5399 5399 5546 5546 5479 5479 5546 5546 5399 5399 5546 5546 5479 5479 5545 5545 5497 5497 5545 5545 5479 5479 5545 5545 5497 5497 5544 5544 5499 5499 5544 5544 5497 5497 5544 5544 5499 5499 5543 5543 5509 5509 5543 5543 5499 5499 5543 5543 5509 5509 5542 5542 5521 5521 5542 5542 5509 5509 5542 5542 5521 5521 5541 5541 5533 5533 5541 5541 5521 5521 5541 5541 5533 5533 5355 5355 5549 5549 5355 5355 5533 5533 5355 5355 5549 5549 1874 1874 1875 1875 1874 1874 5549 5549 5421 5421 5252 5252 5420 5420 1655 1655 5420 5420 5252 5252 5420 5420 1655 1655 1661 1661 5382 5382 5381 5381 5383 5383 5405 5405 5383 5383 5381 5381 5383 5383 5405 5405 5555 5555 5407 5407 5555 5555 5405 5405 5555 5555 5407 5407 5554 5554 5408 5408 5554 5554 5407 5407 5554 5554 5408 5408 5553 5553 5410 5410 5553 5553 5408 5408 5553 5553 5410 5410 5552 5552 5415 5415 5552 5552 5410 5410 5552 5552 5415 5415 5551 5551 5417 5417 5551 5551 5415 5415 5551 5551 5417 5417 5550 5550 5420 5420 5550 5550 5417 5417 5550 5550 5420 5420 5549 5549 1661 1661 5549 5549 5420 5420 5549 5549 1661 1661 1876 1876 5556 5556 967 967 966 966 5556 5556 966 966 5557 5557 5558 5558 5557 5557 966 966 5557 5557 5558 5558 5559 5559 5559 5559 5560 5560 5557 5557 5561 5561 5557 5557 5560 5560 5557 5557 5561 5561 5562 5562 5562 5562 5561 5561 5563 5563 5564 5564 5563 5563 5561 5561 5563 5563 5564 5564 5565 5565 5565 5565 5564 5564 5566 5566 2539 2539 5566 5566 5564 5564 5566 5566 2539 2539 2541 2541 5540 5540 5387 5387 3261 3261 5386 5386 3261 3261 5387 5387 3261 3261 3260 3260 5380 5380 5386 5386 5390 5390 3261 3261 5389 5389 3261 3261 5390 5390 3261 3261 5389 5389 5393 5393 5374 5374 5372 5372 3261 3261 5371 5371 3261 3261 5372 5372 3261 3261 5371 5371 5496 5496 5380 5380 5382 5382 3261 3261 5384 5384 3261 3261 5382 5382 3261 3261 5384 5384 5540 5540 5401 5401 3261 3261 5377 5377 5378 5378 5377 5377 3261 3261 5401 5401 5520 5520 3261 3261 5375 5375 3261 3261 5520 5520 3261 3261 5375 5375 5374 5374 5496 5496 5369 5369 3261 3261 5368 5368 3261 3261 5369 5369 3261 3261 5368 5368 5402 5402 5402 5402 5472 5472 3261 3261 5403 5403 3261 3261 5472 5472 3261 3261 5403 5403 3266 3266 5393 5393 5392 5392 3261 3261 5396 5396 3261 3261 5392 5392 3261 3261 5396 5396 5395 5395 5395 5395 5481 5481 3261 3261 5400 5400 3261 3261 5481 5481 3261 3261 5400 5400 5398 5398 5398 5398 5397 5397 3261 3261 5548 5548 3261 3261 5397 5397 3261 3261 5548 5548 5378 5378 1563 1563 2019 2019 5567 5567 5567 5567 2016 2016 1563 1563 5568 5568 1563 1563 2016 2016 1563 1563 5568 5568 1931 1931 5569 5569 1951 1951 1555 1555 5569 5569 1555 1555 2025 2025 1561 1561 2025 2025 1555 1555 2025 2025 1561 1561 5570 5570 5570 5570 1558 1558 2025 2025 5571 5571 2025 2025 1558 1558 2025 2025 5571 5571 1537 1537 1537 1537 5572 5572 2025 2025 1565 1565 2025 2025 5572 5572 2025 2025 1565 1565 1563 1563 1931 1931 2024 2024 1563 1563 5573 5573 1563 1563 2024 2024 1563 1563 5573 5573 1928 1928 1928 1928 5574 5574 1563 1563 1925 1925 1563 1563 5574 5574 1563 1563 1925 1925 2025 2025 3281 3281 1378 1378 5240 5240 1557 1557 5240 5240 1378 1378 5240 5240 1557 1557 1951 1951 5575 5575 1951 1951 1557 1557 1951 1951 5575 5575 1555 1555 5576 5576 5577 5577 5578 5578 5579 5579 5578 5578 5577 5577 5578 5578 5579 5579 5580 5580 5581 5581 5582 5582 5578 5578 5583 5583 5578 5578 5582 5582 5578 5578 5583 5583 5576 5576 5584 5584 5585 5585 5578 5578 5586 5586 5578 5578 5585 5585 5578 5578 5586 5586 5581 5581 5587 5587 5588 5588 5578 5578 5589 5589 5578 5578 5588 5588 5578 5578 5589 5589 5584 5584 5590 5590 5591 5591 5578 5578 5592 5592 5578 5578 5591 5591 5578 5578 5592 5592 5587 5587 5593 5593 5594 5594 5578 5578 5595 5595 5578 5578 5594 5594 5578 5578 5595 5595 5590 5590 5596 5596 5597 5597 5578 5578 5598 5598 5578 5578 5597 5597 5578 5578 5598 5598 5593 5593 5580 5580 5599 5599 5578 5578 5600 5600 5578 5578 5599 5599 5578 5578 5600 5600 5596 5596 5601 5601 5602 5602 5603 5603 5604 5604 5603 5603 5602 5602 5603 5603 5604 5604 5605 5605 5606 5606 5605 5605 5604 5604 5605 5605 5606 5606 5607 5607 5608 5608 5609 5609 5610 5610 5611 5611 5610 5610 5609 5609 5610 5610 5611 5611 5612 5612 5613 5613 5614 5614 5610 5610 5615 5615 5610 5610 5614 5614 5610 5610 5615 5615 5608 5608 5616 5616 5617 5617 5610 5610 5618 5618 5610 5610 5617 5617 5610 5610 5618 5618 5613 5613 5619 5619 5620 5620 5610 5610 5621 5621 5610 5610 5620 5620 5610 5610 5621 5621 5616 5616 5622 5622 5623 5623 5610 5610 5624 5624 5610 5610 5623 5623 5610 5610 5624 5624 5619 5619 5625 5625 5626 5626 5610 5610 5627 5627 5610 5610 5626 5626 5610 5610 5627 5627 5622 5622 5628 5628 5629 5629 5610 5610 5630 5630 5610 5610 5629 5629 5610 5610 5630 5630 5625 5625 5612 5612 5631 5631 5610 5610 5632 5632 5610 5610 5631 5631 5610 5610 5632 5632 5628 5628 3500 3500 3499 3499 5633 5633 5633 5633 5634 5634 3500 3500 5635 5635 3500 3500 5634 5634 3500 3500 5635 5635 5636 5636 2 2 5636 5636 5635 5635 5636 5636 2 2 1 1 5637 5637 5638 5638 5639 5639 5640 5640 5639 5639 5638 5638 5641 5641 5642 5642 5643 5643 5644 5644 5643 5643 5642 5642 5641 5641 5645 5645 5642 5642 5646 5646 5642 5642 5645 5645 5642 5642 5646 5646 5647 5647 5648 5648 5647 5647 5646 5646 4348 4348 4353 4353 5649 5649 5649 5649 4353 4353 5650 5650 4352 4352 5650 5650 4353 4353 5650 5650 4352 4352 5651 5651 4350 4350 5651 5651 4352 4352 5651 5651 4350 4350 5652 5652 4356 4356 5652 5652 4350 4350 5652 5652 4356 4356 5653 5653 4355 4355 5653 5653 4356 4356 5653 5653 4355 4355 5654 5654 4370 4370 1338 1338 1367 1367 5654 5654 4355 4355 5655 5655 4363 4363 5655 5655 4355 4355 5655 5655 4363 4363 5656 5656 4363 4363 5657 5657 5656 5656 5658 5658 5656 5656 5657 5657 5656 5656 5658 5658 5659 5659 4358 4358 5659 5659 5658 5658 5659 5659 4358 4358 5660 5660 2275 2275 2273 2273 4338 4338 5660 5660 4358 4358 5661 5661 4357 4357 5661 5661 4358 4358 5661 5661 4357 4357 5662 5662 4364 4364 5662 5662 4357 4357 5662 5662 4364 4364 5663 5663 4366 4366 5663 5663 4364 4364 5663 5663 4366 4366 1367 1367 4368 4368 1367 1367 4366 4366 1367 1367 4368 4368 4370 4370 5649 5649 5664 5664 4348 4348 5665 5665 4348 4348 5664 5664 4348 4348 5665 5665 4346 4346 5666 5666 4346 4346 5665 5665 4346 4346 5666 5666 4344 4344 5667 5667 4344 4344 5666 5666 4344 4344 5667 5667 4343 4343 5668 5668 4343 4343 5667 5667 4343 4343 5668 5668 5669 5669 5670 5670 5669 5669 5668 5668 5669 5669 5670 5670 4339 4339 5671 5671 4339 4339 5670 5670 4339 4339 5671 5671 4331 4331 5672 5672 4331 4331 5671 5671 4331 4331 5672 5672 4332 4332 5673 5673 4332 4332 5672 5672 4332 4332 5673 5673 4334 4334 2275 2275 4334 4334 5673 5673 4334 4334 2275 2275 4336 4336 4338 4338 4336 4336 2275 2275 5674 5674 5675 5675 5676 5676 5677 5677 5678 5678 5679 5679 5680 5680 5681 5681 5682 5682 5683 5683 5682 5682 5681 5681 5682 5682 5683 5683 5684 5684 5685 5685 5686 5686 5687 5687 5688 5688 5689 5689 5690 5690 5685 5685 5687 5687 5678 5678 5678 5678 5687 5687 5679 5679 5691 5691 5679 5679 5687 5687 5679 5679 5691 5691 5692 5692 5693 5693 5694 5694 5695 5695 5696 5696 5695 5695 5694 5694 5697 5697 5694 5694 5698 5698 5699 5699 5698 5698 5694 5694 5700 5700 5701 5701 5702 5702 5703 5703 5702 5702 5701 5701 5704 5704 5705 5705 5706 5706 5686 5686 5707 5707 5687 5687 5708 5708 5687 5687 5707 5707 5687 5687 5708 5708 5709 5709 5684 5684 5710 5710 5682 5682 5711 5711 5682 5682 5710 5710 5682 5682 5711 5711 5712 5712 5713 5713 5712 5712 5711 5711 5712 5712 5713 5713 5709 5709 5714 5714 5709 5709 5713 5713 5709 5709 5714 5714 5687 5687 5705 5705 5715 5715 5706 5706 5716 5716 5706 5706 5715 5715 5706 5706 5716 5716 5717 5717 5702 5702 5717 5717 5716 5716 5717 5717 5702 5702 5718 5718 5703 5703 5718 5718 5702 5702 5719 5719 5720 5720 5679 5679 5721 5721 5679 5679 5720 5720 5679 5679 5721 5721 5677 5677 5692 5692 5722 5722 5679 5679 5723 5723 5679 5679 5722 5722 5679 5679 5723 5723 5694 5694 5724 5724 5694 5694 5723 5723 5694 5694 5724 5724 5696 5696 5725 5725 5699 5699 5726 5726 5694 5694 5726 5726 5699 5699 5726 5726 5694 5694 5727 5727 5693 5693 5727 5727 5694 5694 5697 5697 5728 5728 5694 5694 5729 5729 5694 5694 5728 5728 5694 5694 5729 5729 5730 5730 5731 5731 5730 5730 5729 5729 5730 5730 5731 5731 5732 5732 5733 5733 5734 5734 5679 5679 5735 5735 5679 5679 5734 5734 5679 5679 5735 5735 5719 5719 5736 5736 5737 5737 5738 5738 5739 5739 5738 5738 5737 5737 5738 5738 5739 5739 5740 5740 5690 5690 5741 5741 5742 5742 5740 5740 5743 5743 5738 5738 5744 5744 5738 5738 5743 5743 5738 5738 5744 5744 5679 5679 5745 5745 5679 5679 5744 5744 5679 5679 5745 5745 5733 5733 5746 5746 5733 5733 5745 5745 5742 5742 5747 5747 5690 5690 5748 5748 5690 5690 5747 5747 5690 5690 5748 5748 5688 5688 5749 5749 5750 5750 5736 5736 5746 5746 5745 5745 5751 5751 5752 5752 5751 5751 5745 5745 5751 5751 5752 5752 5753 5753 5754 5754 5755 5755 5706 5706 5756 5756 5706 5706 5755 5755 5706 5706 5756 5756 5704 5704 5726 5726 5757 5757 5725 5725 5758 5758 5725 5725 5757 5757 5725 5725 5758 5758 5759 5759 5700 5700 5702 5702 5760 5760 5761 5761 5760 5760 5702 5702 5760 5760 5761 5761 5762 5762 5763 5763 5764 5764 5749 5749 5765 5765 5749 5749 5764 5764 5749 5749 5765 5765 5750 5750 5736 5736 5738 5738 5749 5749 5766 5766 5749 5749 5738 5738 5749 5749 5766 5766 5767 5767 5767 5767 5768 5768 5749 5749 5769 5769 5749 5749 5768 5768 5749 5749 5769 5769 5770 5770 5680 5680 5771 5771 5772 5772 5725 5725 5772 5772 5771 5771 5772 5772 5725 5725 5773 5773 5759 5759 5773 5773 5725 5725 5732 5732 5774 5774 5730 5730 5775 5775 5730 5730 5774 5774 5730 5730 5775 5775 5776 5776 5754 5754 5690 5690 5755 5755 5689 5689 5755 5755 5690 5690 5755 5755 5689 5689 5777 5777 5751 5751 5777 5777 5689 5689 5777 5777 5751 5751 5778 5778 5753 5753 5778 5778 5751 5751 5741 5741 5690 5690 5779 5779 5780 5780 5779 5779 5690 5690 5779 5779 5780 5780 5682 5682 5781 5781 5682 5682 5780 5780 5682 5682 5781 5781 5680 5680 5782 5782 5680 5680 5781 5781 5680 5680 5782 5782 5771 5771 5783 5783 5762 5762 5763 5763 5784 5784 5763 5763 5762 5762 5763 5763 5784 5784 5764 5764 5783 5783 5785 5785 5762 5762 5786 5786 5762 5762 5785 5785 5762 5762 5786 5786 5787 5787 5776 5776 5760 5760 5730 5730 5762 5762 5730 5730 5760 5760 5730 5730 5762 5762 5788 5788 5787 5787 5788 5788 5762 5762 5789 5789 5790 5790 5791 5791 5792 5792 5791 5791 5790 5790 5791 5791 5792 5792 5793 5793 5794 5794 5795 5795 5791 5791 5796 5796 5791 5791 5795 5795 5791 5791 5796 5796 5789 5789 5797 5797 5789 5789 5796 5796 5789 5789 5797 5797 5798 5798 5798 5798 5799 5799 5789 5789 5800 5800 5789 5789 5799 5799 5789 5789 5800 5800 5801 5801 5792 5792 5802 5802 5803 5803 5803 5803 5804 5804 5792 5792 5805 5805 5792 5792 5804 5804 5792 5792 5805 5805 5793 5793</p>
        </triangles>
      </mesh>
    </geometry>
    <geometry id="3a7e92965792449ea691e794436f360d" name="f2e0ae6fc5ce40ca88a3a476b81d92b2">
      <mesh>
        <source id="verts-array">
          <float_array count="5928" id="verts-array-array">0.004955436 -0.0003730408 0.001146713 0.00409853 -0.001009454 0.00473346 -0.000863222 -0.000638677 0.003613841 0.005243452 -0.0001591343 -5.883712e-05 0.02372841 -0.001540462 0.004112289 0.004961801 -0.000368313 0.001120068 0.02344676 -0.00174964 0.005291194 0.02907932 -0.001940319 0.005319721 0.02879767 -0.002149498 0.006498626 0.02840851 -0.002120418 0.006410812 -0.0003891073 3.154491e-05 -8.736346e-05 -0.0001074564 0.0002407236 -0.001266268 4.966193e-08 2.464336e-06 4.4973e-07 0.005194808 -0.0001554992 -6.981377e-05 0.004913157 -0.0003646779 0.001109091 0.02754524 -0.002761559 0.0100242 0.0234954 -0.001753275 0.005302171 0.02377705 -0.001544097 0.004123266 0.02258349 -0.002390782 0.008904586 0.02344039 -0.001754368 0.005317839 0.03136506 0.001312897 -0.003732521 0.0309759 0.001341978 -0.003820334 0.03136167 0.001327929 -0.00371255 0.03097252 0.00135701 -0.003800363 0.03135959 0.001347568 -0.003696804 0.03097043 0.001376649 -0.003784617 0.03135893 0.001370472 -0.003686303 0.03096977 0.001399553 -0.003774116 0.03135975 0.001395336 -0.003681696 0.03097059 0.001424416 -0.003769509 0.03136199 0.00142039 -0.00368331 0.03097283 0.00144947 -0.003771123 0.0313655 0.001444188 -0.003691007 0.03097634 0.001473269 -0.003778821 0.03137007 0.001465125 -0.003704314 0.03098091 0.001494205 -0.003792127 0.02572036 0.001241385 -0.003566318 0.02557407 0.00113274 -0.002954006 0.02567171 0.00124502 -0.003577294 0.02552543 0.001136375 -0.002964983 0.007420892 0.004573973 -0.008141046 0.007372248 0.004577608 -0.008152023 0.007402888 0.004026976 -0.008242404 0.007354244 0.004030611 -0.00825338 0.02025147 0.005513552 0.007298714 0.02056089 0.005800413 0.007342532 0.02019488 0.005578724 0.006957056 0.02049168 0.005880071 0.006924934 0.02005012 0.005641874 0.006641969 0.02031484 0.00595725 0.006539838 0.01982723 0.005698688 0.00637495 0.02004235 0.006026692 0.006213484 0.01954143 0.005745287 0.006174234 0.01969298 0.006083653 0.00596814 0.01921194 0.005778519 0.006053418 0.01929033 0.006124265 0.005820493 0.01886148 0.005796098 0.006020803 0.01886204 0.006145747 0.005780637 0.01851382 0.005796835 0.00607858 0.01843708 0.006146649 0.005851255 0.01819277 0.005780668 0.006222858 0.0180446 0.006126898 0.006027558 0.01791996 0.005748721 0.006443722 0.01771126 0.006087845 0.006297531 0.01771417 0.005703158 0.006726172 0.0174598 0.006032149 0.006642771 0.0175894 0.00564708 0.007050969 0.01730724 0.005963616 0.007039721 0.01755415 0.005584315 0.007395953 0.01726422 0.005886897 0.007461391 0.01761084 0.005519135 0.007737642 0.01733343 0.005807239 0.007878989 0.0177556 0.005455985 0.00805273 0.01751027 0.005730063 0.008264075 0.01797839 0.005399179 0.008319717 0.01778267 0.005660626 0.008590417 0.01826428 0.005352571 0.008520464 0.01813213 0.005603658 0.008835783 0.01859368 0.005319347 0.008641258 0.01853468 0.005563053 0.008983408 0.01894424 0.00530176 0.008673896 0.01896308 0.005541564 0.009023286 0.0192918 0.005301033 0.008616087 0.01938794 0.005540669 0.008952646 0.01961295 0.005317191 0.00847184 0.01978052 0.005560414 0.008776355 0.01988575 0.005349137 0.008250976 0.02011386 0.005599466 0.008506392 0.02009145 0.00539471 0.007968495 0.02036532 0.005655162 0.008161152 0.02021621 0.005450786 0.007643708 0.02051778 0.005723702 0.00776418 -0.0002273639 0.001707295 -0.0002492049 0.0001617931 0.001678215 -0.0001613917 -0.0002227945 0.001728234 -0.0002625208 0.0001663625 0.001699153 -0.0001747076 -0.0002192814 0.001752031 -0.0002702088 0.0001698756 0.00172295 -0.0001823956 -0.000217045 0.001777084 -0.0002718229 0.000172112 0.001748004 -0.0001840098 -0.0002162266 0.001801948 -0.0002672158 0.0001729304 0.001772867 -0.0001794026 -0.0002168845 0.001824852 -0.000256715 0.0001722725 0.001795772 -0.0001689019 -0.0002189679 0.001844493 -0.0002409782 0.0001701891 0.001815412 -0.000153165 -0.0002223534 0.001859523 -0.0002209973 0.0001668036 0.001830442 -0.0001331841 0.01052255 0.006240567 0.005103384 0.01083197 0.006527428 0.005147202 0.01046595 0.006305738 0.004761727 0.01076276 0.006607086 0.004729605 0.01032119 0.006368888 0.004446639 0.01058592 0.006684264 0.004344509 0.0100983 0.006425702 0.00417962 0.01031343 0.006753706 0.004018155 0.009812408 0.006472309 0.003978882 0.009964058 0.006810667 0.00377281 0.009483013 0.006505534 0.003858089 0.009561409 0.006851279 0.003625163 0.009132551 0.006523113 0.003825473 0.00913311 0.006872761 0.003585307 0.008784896 0.006523849 0.003883251 0.008708153 0.006873663 0.003655925 0.008463747 0.00650769 0.004027507 0.008315674 0.006853913 0.003832228 0.00819104 0.006475736 0.004248393 0.007982331 0.006814859 0.004102201 0.007985241 0.006430172 0.004530842 0.007730874 0.006759163 0.004447441 0.007860479 0.006374094 0.004855639 0.007578312 0.006690631 0.004844391 0.007825225 0.00631133 0.005200623 0.007535298 0.006613912 0.005266061 0.007881911 0.006246149 0.005542313 0.007604506 0.006534254 0.005683659 0.008026574 0.006183007 0.005857378 0.00778135 0.006457077 0.006068745 0.008249469 0.006126194 0.006124387 0.008053743 0.006387641 0.006395087 0.008535359 0.006079586 0.006325135 0.008403208 0.006330672 0.006640454 0.008864755 0.006046361 0.006445929 0.00880576 0.006290068 0.006788079 0.009215217 0.006028782 0.006478544 0.009234156 0.006268578 0.006827957 0.009562874 0.006028047 0.006420757 0.009659016 0.006267683 0.006757316 0.009884021 0.006044205 0.00627651 0.01005159 0.006287428 0.006581026 0.01015683 0.006076152 0.006055647 0.01038494 0.00632648 0.006311062 0.01036253 0.006121724 0.005773165 0.01063639 0.006382176 0.005965823 0.01048729 0.0061778 0.005448378 0.01078886 0.006450716 0.00556885 0.01395731 0.008791527 -0.009273506 0.01426674 0.009078388 -0.009229688 0.01390072 0.008856698 -0.009615164 0.01419753 0.009158046 -0.009647286 0.01375596 0.008919848 -0.009930251 0.01402069 0.009235224 -0.01003238 0.01353307 0.008976663 -0.01019727 0.01374819 0.009304666 -0.01035874 0.01324718 0.009023269 -0.01039801 0.01339883 0.009361627 -0.01060408 0.01291778 0.009056494 -0.0105188 0.01299618 0.009402239 -0.01075173 0.01256732 0.009074073 -0.01055142 0.01256788 0.009423722 -0.01079158 0.01221966 0.00907481 -0.01049364 0.01214292 0.009424623 -0.01072096 0.01189851 0.00905865 -0.01034938 0.01175044 0.009404873 -0.01054466 0.01162581 0.009026696 -0.0101285 0.0114171 0.009365819 -0.01027469 0.01142001 0.008981132 -0.009846048 0.01116564 0.009310124 -0.009929449 0.01129525 0.008925054 -0.009521251 0.01101308 0.009241591 -0.009532499 0.01125999 0.00886229 -0.009176267 0.01097007 0.009164872 -0.009110829 0.01131668 0.00879711 -0.008834578 0.01103927 0.009085214 -0.008693231 0.01146134 0.008733967 -0.008519512 0.01121612 0.009008035 -0.008308135 0.01168424 0.008677154 -0.008252503 0.01148851 0.008938601 -0.007981803 0.01197013 0.008630546 -0.008051755 0.01183798 0.008881632 -0.007736437 0.01229952 0.008597321 -0.007930961 0.01224053 0.008841028 -0.007588811 0.01264998 0.008579742 -0.007898346 0.01266892 0.008819538 -0.007548933 0.01299764 0.008579007 -0.007956133 0.01309378 0.008818644 -0.007619574 0.01331879 0.008595165 -0.00810038 0.01348636 0.008838387 -0.007795855 0.01359159 0.008627112 -0.008321244 0.0138197 0.00887744 -0.008065828 0.0137973 0.008672684 -0.008603725 0.01407116 0.008933136 -0.008411068 0.01392206 0.008728761 -0.008928512 0.01422363 0.009001676 -0.00880804 0.02590585 0.003192646 -0.00396992 0.0258944 0.003184142 -0.003921997 0.02588785 0.002645648 -0.004071277 0.02587801 0.002686282 -0.004014249 0.02582686 0.0024809 -0.003855579 0.02580905 0.002480902 -0.003776648 0.02577256 0.002301847 -0.00367425 0.02576017 0.002308557 -0.003617103 0.02572637 0.002081929 -0.003542359 0.02571814 0.002104385 -0.003498441 0.02569112 0.001834669 -0.003468033 0.02568495 0.00187812 -0.003426313 0.02554483 0.001726023 -0.002855722 0.02553501 0.001766756 -0.002798675 0.02552543 0.001136375 -0.002964983 0.02551236 0.001078832 -0.002926146 0.02567171 0.00124502 -0.003577294 0.02566231 0.001190197 -0.003553784 0.02569205 0.001039136 -0.003735587 0.02568189 0.00100302 -0.003702522 0.02572572 0.0008785333 -0.003937988 0.02571225 0.0008526162 -0.003886887 0.02577065 0.0007731792 -0.004172017 0.02575195 0.0007460581 -0.004098112 0.02582358 0.0006931254 -0.004433077 0.02581051 0.0006353866 -0.004394277 0.02580234 4.78534e-05 -0.004552644 0.02578927 -9.885457e-06 -0.004513845 0.02607254 0.0002485289 -0.005683627 0.02607092 0.0001992933 -0.00569275 0.005457754 0.001294398 -0.0005271874 0.005607702 0.001405763 -0.001154825 0.005409109 0.001298033 -0.0005381641 0.005559057 0.001409398 -0.001165802 0.01239906 0.002459195 -0.01040481 0.01377294 0.003189866 -0.01031148 0.01371635 0.003255037 -0.01065314 0.01373768 0.0031271 -0.009966491 0.01239906 0.002459195 -0.01040481 0.01239906 0.002459195 -0.01040481 0.01334869 0.003375002 -0.01123525 0.0130628 0.003421608 -0.01143599 0.01357158 0.003318187 -0.01096823 0.01239906 0.002459195 -0.01040481 0.01239906 0.002459195 -0.01040481 0.01239906 0.002459195 -0.01040481 0.01238294 0.003472412 -0.0115894 0.01203529 0.003473149 -0.01153162 0.0127334 0.003454833 -0.01155678 0.01239906 0.002459195 -0.01040481 0.01239906 0.002459195 -0.01040481 0.01239906 0.002459195 -0.01040481 0.01144143 0.003425035 -0.01116648 0.01123563 0.003379471 -0.01088403 0.01171414 0.003456989 -0.01138736 0.01239906 0.002459195 -0.01040481 0.01239906 0.002459195 -0.01040481 0.01239906 0.002459195 -0.01040481 0.01107562 0.003260629 -0.01021425 0.0111323 0.003195449 -0.009872556 0.01111087 0.003323393 -0.01055923 0.01239906 0.002459195 -0.01040481 0.01239906 0.002459195 -0.01040481 0.01239906 0.002459195 -0.01040481 0.01149986 0.003075493 -0.009290481 0.01178575 0.003028885 -0.009089734 0.01127697 0.003132306 -0.009557491 0.01239906 0.002459195 -0.01040481 0.01239906 0.002459195 -0.01040481 0.01239906 0.002459195 -0.01040481 0.01246561 0.002978081 -0.008936324 0.01281327 0.002977346 -0.008994112 0.01211515 0.00299566 -0.00896894 0.01239906 0.002459195 -0.01040481 0.01239906 0.002459195 -0.01040481 0.01239906 0.002459195 -0.01040481 0.01340722 0.003025451 -0.009359222 0.01361292 0.003071023 -0.009641703 0.01313441 0.002993504 -0.009138358 0.01239906 0.002459195 -0.01040481 0.01239906 0.002459195 -0.01040481 0.01239906 0.002459195 -0.01040481 0.02368624 0.008064513 -0.007078176 0.02399566 0.008351373 -0.007034358 0.02362965 0.008129684 -0.007419834 0.02392645 0.008431032 -0.007451956 0.02348489 0.008192834 -0.007734921 0.02374961 0.00850821 -0.007837052 0.02326199 0.008249648 -0.00800194 0.02347712 0.008577652 -0.008163406 0.0229762 0.008296247 -0.008202656 0.02312775 0.008634613 -0.00840875 0.02264671 0.00832948 -0.008323472 0.0227251 0.008675225 -0.008556398 0.02229624 0.008347058 -0.008356088 0.0222968 0.008696707 -0.008596254 0.02194859 0.008347795 -0.00829831 0.02187185 0.008697609 -0.008525635 0.02162754 0.008331628 -0.008154032 0.02147937 0.008677859 -0.008349332 0.02135473 0.008299682 -0.007933168 0.02114602 0.008638805 -0.008079359 0.02114893 0.008254118 -0.007650718 0.02089457 0.008583109 -0.007734119 0.02102417 0.00819804 -0.007325921 0.020742 0.008514576 -0.007337169 0.02098892 0.008135275 -0.006980937 0.02069899 0.008437858 -0.006915499 0.0210456 0.008070095 -0.006639248 0.0207682 0.008358199 -0.006497901 0.02119036 0.008006945 -0.00632416 0.02094504 0.008281021 -0.006112805 0.02141316 0.00795014 -0.006057173 0.02121744 0.008211587 -0.005786473 0.02169905 0.007903532 -0.005856426 0.0215669 0.008154618 -0.005541107 0.02202845 0.007870307 -0.005735632 0.02196945 0.008114014 -0.005393482 0.02237901 0.007852721 -0.005702994 0.02239785 0.008092524 -0.005353604 0.02272657 0.007851993 -0.005760804 0.02282271 0.008091629 -0.005424244 0.02304771 0.007868151 -0.00590505 0.02321529 0.008111372 -0.005600525 0.02332052 0.007900097 -0.006125914 0.02354863 0.008150426 -0.005870498 0.02352622 0.00794567 -0.006408395 0.02380009 0.008206122 -0.006215738 0.02365098 0.008001746 -0.006733182 0.02395255 0.008274662 -0.00661271 0.02580059 0.000742423 -0.004087135 0.02585915 0.0006317515 -0.0043833 0.02575195 0.0007460581 -0.004098112 0.02581051 0.0006353866 -0.004394277 0.02612119 0.0002448939 -0.00567265 0.02611957 0.0001956582 -0.005681773 0.02585098 4.421832e-05 -0.004541668 0.02583791 -1.352053e-05 -0.004502868 0.02587222 0.0006894904 -0.0044221 0.02585915 0.0006317515 -0.0043833 0.0258193 0.0007695441 -0.00416104 0.02580059 0.000742423 -0.004087135 0.02577436 0.0008748982 -0.003927011 0.02576089 0.0008489811 -0.00387591 0.02574069 0.001035501 -0.003724611 0.02573053 0.000999385 -0.003691546 0.02572036 0.001241385 -0.003566318 0.02571096 0.001186562 -0.003542807 0.02557407 0.00113274 -0.002954006 0.02556101 0.001075197 -0.00291517 0.02559348 0.001722388 -0.002844745 0.02558365 0.001763121 -0.002787699 0.02573977 0.001831034 -0.003457057 0.0257336 0.001874485 -0.003415336 0.02577501 0.002078294 -0.003531383 0.02576678 0.00210075 -0.003487464 0.02582121 0.002298211 -0.003663274 0.02580882 0.002304922 -0.003606127 0.02587551 0.002477265 -0.003844603 0.0258577 0.002477267 -0.003765672 0.02593649 0.002642013 -0.004060301 0.02592666 0.002682647 -0.004003273 0.02595449 0.00318901 -0.003958943 0.02594304 0.003180507 -0.00391102 0.02346661 0.002400085 -0.007771161 0.02365098 0.008001746 -0.006733182 0.02350186 0.002462852 -0.008116155 0.02368624 0.008064513 -0.007078176 0.02344527 0.002528023 -0.008457813 0.02362965 0.008129684 -0.007419834 0.02330051 0.002591173 -0.0087729 0.02348489 0.008192834 -0.007734921 0.02307762 0.002647987 -0.009039919 0.02326199 0.008249648 -0.00800194 0.02279182 0.002694586 -0.009240635 0.0229762 0.008296247 -0.008202656 0.02246233 0.002727819 -0.009361451 0.02264671 0.00832948 -0.008323472 0.02211187 0.002745398 -0.009394066 0.02229624 0.008347058 -0.008356088 0.02176421 0.002746134 -0.009336288 0.02194859 0.008347795 -0.00829831 0.02144316 0.002729967 -0.00919201 0.02162754 0.008331628 -0.008154032 0.02117036 0.002698021 -0.008971146 0.02135473 0.008299682 -0.007933168 0.02096456 0.002652457 -0.008688697 0.02114893 0.008254118 -0.007650718 0.0208398 0.002596379 -0.0083639 0.02102417 0.00819804 -0.007325921 0.02080454 0.002533614 -0.008018916 0.02098892 0.008135275 -0.006980937 0.02086123 0.002468434 -0.007677226 0.0210456 0.008070095 -0.006639248 0.02100599 0.002405284 -0.007362139 0.02119036 0.008006945 -0.00632416 0.02122879 0.002348479 -0.007095152 0.02141316 0.00795014 -0.006057173 0.02151468 0.002301871 -0.006894404 0.02169905 0.007903532 -0.005856426 0.02184407 0.002268646 -0.00677361 0.02202845 0.007870307 -0.005735632 0.02219463 0.00225106 -0.006740973 0.02237901 0.007852721 -0.005702994 0.02254219 0.002250332 -0.006798782 0.02272657 0.007851993 -0.005760804 0.02286334 0.00226649 -0.006943029 0.02304771 0.007868151 -0.00590505 0.02313614 0.002298436 -0.007163892 0.02332052 0.007900097 -0.006125914 0.02334184 0.002344009 -0.007446374 0.02352622 0.00794567 -0.006408395 0.02212799 0.00173218 -0.008209479 0.02350186 0.002462852 -0.008116155 0.02344527 0.002528023 -0.008457813 0.02346661 0.002400085 -0.007771161 0.02212799 0.00173218 -0.008209479 0.02212799 0.00173218 -0.008209479 0.02307762 0.002647987 -0.009039919 0.02279182 0.002694586 -0.009240635 0.02330051 0.002591173 -0.0087729 0.02212799 0.00173218 -0.008209479 0.02212799 0.00173218 -0.008209479 0.02212799 0.00173218 -0.008209479 0.02211187 0.002745398 -0.009394066 0.02176421 0.002746134 -0.009336288 0.02246233 0.002727819 -0.009361451 0.02212799 0.00173218 -0.008209479 0.02212799 0.00173218 -0.008209479 0.02212799 0.00173218 -0.008209479 0.02117036 0.002698021 -0.008971146 0.02096456 0.002652457 -0.008688697 0.02144316 0.002729967 -0.00919201 0.02212799 0.00173218 -0.008209479 0.02212799 0.00173218 -0.008209479 0.02212799 0.00173218 -0.008209479 0.02080454 0.002533614 -0.008018916 0.02086123 0.002468434 -0.007677226 0.0208398 0.002596379 -0.0083639 0.02212799 0.00173218 -0.008209479 0.02212799 0.00173218 -0.008209479 0.02212799 0.00173218 -0.008209479 0.02122879 0.002348479 -0.007095152 0.02151468 0.002301871 -0.006894404 0.02100599 0.002405284 -0.007362139 0.02212799 0.00173218 -0.008209479 0.02212799 0.00173218 -0.008209479 0.02212799 0.00173218 -0.008209479 0.02219463 0.00225106 -0.006740973 0.02254219 0.002250332 -0.006798782 0.02184407 0.002268646 -0.00677361 0.02212799 0.00173218 -0.008209479 0.02212799 0.00173218 -0.008209479 0.02212799 0.00173218 -0.008209479 0.02313614 0.002298436 -0.007163892 0.02334184 0.002344009 -0.007446374 0.02286334 0.00226649 -0.006943029 0.02212799 0.00173218 -0.008209479 0.02212799 0.00173218 -0.008209479 0.02212799 0.00173218 -0.008209479 0.01373768 0.0031271 -0.009966491 0.01392206 0.008728761 -0.008928512 0.01377294 0.003189866 -0.01031148 0.01395731 0.008791527 -0.009273506 0.01371635 0.003255037 -0.01065314 0.01390072 0.008856698 -0.009615164 0.01357158 0.003318187 -0.01096823 0.01375596 0.008919848 -0.009930251 0.01334869 0.003375002 -0.01123525 0.01353307 0.008976663 -0.01019727 0.0130628 0.003421608 -0.01143599 0.01324718 0.009023269 -0.01039801 0.0127334 0.003454833 -0.01155678 0.01291778 0.009056494 -0.0105188 0.01238294 0.003472412 -0.0115894 0.01256732 0.009074073 -0.01055142 0.01203529 0.003473149 -0.01153162 0.01221966 0.00907481 -0.01049364 0.01171414 0.003456989 -0.01138736 0.01189851 0.00905865 -0.01034938 0.01144143 0.003425035 -0.01116648 0.01162581 0.009026696 -0.0101285 0.01123563 0.003379471 -0.01088403 0.01142001 0.008981132 -0.009846048 0.01111087 0.003323393 -0.01055923 0.01129525 0.008925054 -0.009521251 0.01107562 0.003260629 -0.01021425 0.01125999 0.00886229 -0.009176267 0.0111323 0.003195449 -0.009872556 0.01131668 0.00879711 -0.008834578 0.01127697 0.003132306 -0.009557491 0.01146134 0.008733967 -0.008519512 0.01149986 0.003075493 -0.009290481 0.01168424 0.008677154 -0.008252503 0.01178575 0.003028885 -0.009089734 0.01197013 0.008630546 -0.008051755 0.01211515 0.00299566 -0.00896894 0.01229952 0.008597321 -0.007930961 0.01246561 0.002978081 -0.008936324 0.01264998 0.008579742 -0.007898346 0.01281327 0.002977346 -0.008994112 0.01299764 0.008579007 -0.007956133 0.01313441 0.002993504 -0.009138358 0.01331879 0.008595165 -0.00810038 0.01340722 0.003025451 -0.009359222 0.01359159 0.008627112 -0.008321244 0.01361292 0.003071023 -0.009641703 0.0137973 0.008672684 -0.008603725 0.03135532 0.003876578 -0.002840361 0.03128269 0.003919849 -0.002504147 0.03122892 0.002286425 -0.002806818 0.03116142 0.0002355287 -0.003186846 0.03114018 -0.0004097434 -0.003306413 0.03142183 -0.0002005646 -0.004485318 0.03144176 0.0004050044 -0.004373108 0.03144373 0.0006800861 -0.004290733 0.03143108 0.0009309824 -0.004151571 0.0314227 0.001700947 -0.003859482 0.03146517 0.0019667 -0.003959655 0.03149538 0.002249436 -0.003999936 0.03151188 0.002535306 -0.003978366 0.03136167 0.001327929 -0.00371255 0.03082367 -1.531574e-05 -0.001773118 0.03136506 0.001312897 -0.003732521 0.03140442 0.0011454 -0.003962424 0.03151661 0.002678984 -0.003951743 0.03151857 0.003010531 -0.003850649 0.03150209 0.003310831 -0.003678138 0.03146803 0.003563661 -0.003443472 0.03141822 0.003755709 -0.003159145 0.03135959 0.001347568 -0.003696804 0.03135893 0.001370472 -0.003686303 0.03089117 0.00203558 -0.00139309 0.03135975 0.001395336 -0.003681696 0.03136199 0.00142039 -0.00368331 0.0313655 0.001444188 -0.003691007 0.03137007 0.001465125 -0.003704314 0.02587222 0.0006894904 -0.0044221 0.0258193 0.0007695441 -0.00416104 0.02582358 0.0006931254 -0.004433077 0.02577065 0.0007731792 -0.004172017 0.01030291 0.0005761394 0.0044104 0.01048729 0.0061778 0.005448378 0.01033817 0.0006389057 0.004065406 0.01052255 0.006240567 0.005103384 0.01028158 0.000704077 0.003723748 0.01046595 0.006305738 0.004761727 0.01013682 0.0007672269 0.003408661 0.01032119 0.006368888 0.004446639 0.009913925 0.0008240415 0.003141642 0.0100983 0.006425702 0.00417962 0.009628032 0.0008706479 0.002940904 0.009812408 0.006472309 0.003978882 0.009298637 0.0009038727 0.00282011 0.009483013 0.006505534 0.003858089 0.008948175 0.0009214517 0.002787494 0.009132551 0.006523113 0.003825473 0.00860052 0.0009221884 0.002845272 0.008784896 0.006523849 0.003883251 0.008279371 0.0009060285 0.002989528 0.008463747 0.00650769 0.004027507 0.008006663 0.0008740748 0.003210414 0.00819104 0.006475736 0.004248393 0.007800865 0.0008285111 0.003492864 0.007985241 0.006430172 0.004530842 0.007676103 0.0007724333 0.003817661 0.007860479 0.006374094 0.004855639 0.007640849 0.0007096686 0.004162645 0.007825225 0.00631133 0.005200623 0.007697534 0.0006444884 0.004504334 0.007881911 0.006246149 0.005542313 0.007842198 0.0005813457 0.0048194 0.008026574 0.006183007 0.005857378 0.008065092 0.0005245329 0.005086409 0.008249469 0.006126194 0.006124387 0.008350983 0.0004779247 0.005287156 0.008535359 0.006079586 0.006325135 0.008680378 0.0004446999 0.00540795 0.008864755 0.006046361 0.006445929 0.00903084 0.000427121 0.005440566 0.009215217 0.006028782 0.006478544 0.009378497 0.0004263859 0.005382778 0.009562874 0.006028047 0.006420757 0.009699644 0.0004425441 0.005238532 0.009884021 0.006044205 0.00627651 0.009972449 0.0004744906 0.005017668 0.01015683 0.006076152 0.006055647 0.01017815 0.0005200633 0.004735187 0.01036253 0.006121724 0.005773165 0.02011386 0.005599466 0.008506392 0.01978052 0.005560414 0.008776355 0.02278676 0.005142362 0.01049846 0.01938794 0.005540669 0.008952646 0.01038494 0.00632648 0.006311062 0.01005159 0.006287428 0.006581026 0.01726422 0.005886897 0.007461391 0.02379429 0.005890643 0.006281238 0.02004235 0.006026692 0.006213484 0.02031484 0.00595725 0.006539838 0.02051778 0.005723702 0.00776418 0.02036532 0.005655162 0.008161152 0.01813213 0.005603658 0.008835783 0.004301802 0.006523689 0.006327333 0.01853468 0.005563053 0.008983408 0.01896308 0.005541564 0.009023286 0.008053743 0.006387641 0.006395087 0.00778135 0.006457077 0.006068745 0.009964058 0.006810667 0.00377281 0.01031343 0.006753706 0.004018155 0.01730724 0.005963616 0.007039721 0.01058592 0.006684264 0.004344509 0.01076276 0.006607086 0.004729605 0.02049168 0.005880071 0.006924934 0.02056089 0.005800413 0.007342532 0.01771126 0.006087845 0.006297531 0.0180446 0.006126898 0.006027558 0.005309334 0.007271971 0.002110112 0.01843708 0.006146649 0.005851255 0.01886204 0.006145747 0.005780637 0.01929033 0.006124265 0.005820493 0.01969298 0.006083653 0.00596814 0.01778267 0.005660626 0.008590417 0.01751027 0.005730063 0.008264075 0.01733343 0.005807239 0.007878989 0.007604506 0.006534254 0.005683659 0.007535298 0.006613912 0.005266061 0.007578312 0.006690631 0.004844391 0.007730874 0.006759163 0.004447441 0.01083197 0.006527428 0.005147202 0.01078886 0.006450716 0.00556885 0.01063639 0.006382176 0.005965823 0.007982331 0.006814859 0.004102201 0.008315674 0.006853913 0.003832228 0.008708153 0.006873663 0.003655925 0.009659016 0.006267683 0.006757316 0.009234156 0.006268578 0.006827957 0.00880576 0.006290068 0.006788079 0.008403208 0.006330672 0.006640454 0.0174598 0.006032149 0.006642771 0.009561409 0.006851279 0.003625163 0.00913311 0.006872761 0.003585307 0.005206218 0.0005305053 0.0001068003 0.005267198 0.0006951557 -0.000108916 0.005254862 0.0005268702 0.000117777 0.005315843 0.0006915206 -9.793939e-05 0.01869322 -0.0008187798 0.006167412 0.02006709 -8.810865e-05 0.006260735 0.0200105 -2.293735e-05 0.005919078 0.02003184 -0.000150875 0.006605729 0.01869322 -0.0008187798 0.006167412 0.01869322 -0.0008187798 0.006167412 0.01964285 9.702713e-05 0.005336971 0.01935705 0.0001436263 0.005136256 0.01986574 4.021257e-05 0.00560399 0.01869322 -0.0008187798 0.006167412 0.01869322 -0.0008187798 0.006167412 0.01869322 -0.0008187798 0.006167412 0.0186771 0.0001944373 0.004982824 0.01832944 0.0001951741 0.005040602 0.01902756 0.0001768584 0.00501544 0.01869322 -0.0008187798 0.006167412 0.01869322 -0.0008187798 0.006167412 0.01869322 -0.0008187798 0.006167412 0.01773559 0.0001470604 0.005405744 0.01752979 0.0001014967 0.005688193 0.01800839 0.0001790069 0.00518488 0.01869322 -0.0008187798 0.006167412 0.01869322 -0.0008187798 0.006167412 0.01869322 -0.0008187798 0.006167412 0.01736977 -1.734573e-05 0.006357974 0.01742646 -8.2526e-05 0.006699664 0.01740503 4.54189e-05 0.00601299 0.01869322 -0.0008187798 0.006167412 0.01869322 -0.0008187798 0.006167412 0.01869322 -0.0008187798 0.006167412 0.01779402 -0.0002024815 0.007281739 0.01807991 -0.0002490896 0.007482486 0.01757122 -0.0001456759 0.007014751 0.01869322 -0.0008187798 0.006167412 0.01869322 -0.0008187798 0.006167412 0.01869322 -0.0008187798 0.006167412 0.01875986 -0.0002999007 0.007635918 0.01910742 -0.0003006285 0.007578108 0.0184093 -0.0002823145 0.00760328 0.01869322 -0.0008187798 0.006167412 0.01869322 -0.0008187798 0.006167412 0.01869322 -0.0008187798 0.006167412 0.01970137 -0.0002525238 0.007212998 0.01990708 -0.0002069511 0.006930516 0.01942857 -0.0002844702 0.007433862 0.01869322 -0.0008187798 0.006167412 0.01869322 -0.0008187798 0.006167412 0.01869322 -0.0008187798 0.006167412 0.007157519 0.003219631 -0.007650137 0.007206164 0.003215996 -0.00763916 0.007241413 0.003463256 -0.007713486 0.007192768 0.003466892 -0.007724463 0.007287608 0.003683174 -0.007845377 0.007238963 0.003686809 -0.007856353 0.007341905 0.003862227 -0.008026706 0.00729326 0.003865862 -0.008037682 0.008964293 -9.176538e-05 0.003972082 0.01033817 0.0006389057 0.004065406 0.01028158 0.000704077 0.003723748 0.01030291 0.0005761394 0.0044104 0.008964293 -9.176538e-05 0.003972082 0.008964293 -9.176538e-05 0.003972082 0.009913925 0.0008240415 0.003141642 0.009628032 0.0008706479 0.002940904 0.01013682 0.0007672269 0.003408661 0.008964293 -9.176538e-05 0.003972082 0.008964293 -9.176538e-05 0.003972082 0.008964293 -9.176538e-05 0.003972082 0.008948175 0.0009214517 0.002787494 0.00860052 0.0009221884 0.002845272 0.009298637 0.0009038727 0.00282011 0.008964293 -9.176538e-05 0.003972082 0.008964293 -9.176538e-05 0.003972082 0.008964293 -9.176538e-05 0.003972082 0.008006663 0.0008740748 0.003210414 0.007800865 0.0008285111 0.003492864 0.008279371 0.0009060285 0.002989528 0.008964293 -9.176538e-05 0.003972082 0.008964293 -9.176538e-05 0.003972082 0.008964293 -9.176538e-05 0.003972082 0.007640849 0.0007096686 0.004162645 0.007697534 0.0006444884 0.004504334 0.007676103 0.0007724333 0.003817661 0.008964293 -9.176538e-05 0.003972082 0.008964293 -9.176538e-05 0.003972082 0.008964293 -9.176538e-05 0.003972082 0.008065092 0.0005245329 0.005086409 0.008350983 0.0004779247 0.005287156 0.007842198 0.0005813457 0.0048194 0.008964293 -9.176538e-05 0.003972082 0.008964293 -9.176538e-05 0.003972082 0.008964293 -9.176538e-05 0.003972082 0.00903084 0.000427121 0.005440566 0.009378497 0.0004263859 0.005382778 0.008680378 0.0004446999 0.00540795 0.008964293 -9.176538e-05 0.003972082 0.008964293 -9.176538e-05 0.003972082 0.008964293 -9.176538e-05 0.003972082 0.009972449 0.0004744906 0.005017668 0.01017815 0.0005200633 0.004735187 0.009699644 0.0004425441 0.005238532 0.008964293 -9.176538e-05 0.003972082 0.008964293 -9.176538e-05 0.003972082 0.008964293 -9.176538e-05 0.003972082 0.0257336 0.001874485 -0.003415336 0.02558365 0.001763121 -0.002787699 0.02568495 0.00187812 -0.003426313 0.02553501 0.001766756 -0.002798675 0.02003184 -0.000150875 0.006605729 0.02021621 0.005450786 0.007643708 0.02006709 -8.810865e-05 0.006260735 0.02025147 0.005513552 0.007298714 0.0200105 -2.293735e-05 0.005919078 0.02019488 0.005578724 0.006957056 0.01986574 4.021257e-05 0.00560399 0.02005012 0.005641874 0.006641969 0.01964285 9.702713e-05 0.005336971 0.01982723 0.005698688 0.00637495 0.01935705 0.0001436263 0.005136256 0.01954143 0.005745287 0.006174234 0.01902756 0.0001768584 0.00501544 0.01921194 0.005778519 0.006053418 0.0186771 0.0001944373 0.004982824 0.01886148 0.005796098 0.006020803 0.01832944 0.0001951741 0.005040602 0.01851382 0.005796835 0.00607858 0.01800839 0.0001790069 0.00518488 0.01819277 0.005780668 0.006222858 0.01773559 0.0001470604 0.005405744 0.01791996 0.005748721 0.006443722 0.01752979 0.0001014967 0.005688193 0.01771417 0.005703158 0.006726172 0.01740503 4.54189e-05 0.00601299 0.0175894 0.00564708 0.007050969 0.01736977 -1.734573e-05 0.006357974 0.01755415 0.005584315 0.007395953 0.01742646 -8.2526e-05 0.006699664 0.01761084 0.005519135 0.007737642 0.01757122 -0.0001456759 0.007014751 0.0177556 0.005455985 0.00805273 0.01779402 -0.0002024815 0.007281739 0.01797839 0.005399179 0.008319717 0.01807991 -0.0002490896 0.007482486 0.01826428 0.005352571 0.008520464 0.0184093 -0.0002823145 0.00760328 0.01859368 0.005319347 0.008641258 0.01875986 -0.0002999007 0.007635918 0.01894424 0.00530176 0.008673896 0.01910742 -0.0003006285 0.007578108 0.0192918 0.005301033 0.008616087 0.01942857 -0.0002844702 0.007433862 0.01961295 0.005317191 0.00847184 0.01970137 -0.0002525238 0.007212998 0.01988575 0.005349137 0.008250976 0.01990708 -0.0002069511 0.006930516 0.02009145 0.00539471 0.007968495 0.02572036 0.001241385 -0.003566318 0.02567171 0.00124502 -0.003577294 0.02569205 0.001039136 -0.003735587 0.02574069 0.001035501 -0.003724611 0.02572572 0.0008785333 -0.003937988 0.02577436 0.0008748982 -0.003927011 0.007372248 0.004577608 -0.008152023 0.007360798 0.004569105 -0.0081041 0.007354244 0.004030611 -0.00825338 0.007344412 0.004071245 -0.008196352 0.00729326 0.003865862 -0.008037682 0.00727545 0.003865865 -0.007958751 0.007238963 0.003686809 -0.007856353 0.007226569 0.003693519 -0.007799206 0.007192768 0.003466892 -0.007724463 0.007184536 0.003489348 -0.007680544 0.007157519 0.003219631 -0.007650137 0.007151352 0.003263083 -0.007608416 0.007011233 0.003110986 -0.007037825 0.007001404 0.003151718 -0.006980779 0.006991825 0.002521337 -0.007147086 0.006978761 0.002463795 -0.00710825 0.007138111 0.002629982 -0.007759397 0.00712871 0.002575159 -0.007735887 0.007158445 0.002424098 -0.00791769 0.007148285 0.002387982 -0.007884625 0.007192115 0.002263496 -0.008120091 0.007178648 0.002237579 -0.00806899 0.007237051 0.002158142 -0.00835412 0.007218348 0.00213102 -0.008280215 0.007289977 0.002078088 -0.00861518 0.007276907 0.002020349 -0.00857638 0.007268738 0.001432816 -0.008734748 0.007255668 0.001375077 -0.008695948 0.00753894 0.001633491 -0.00986573 0.007537319 0.001584256 -0.009874853 0.002235055 0.001980478 -0.01107131 0.001953404 0.0017713 -0.009892403 0.002254987 0.002586048 -0.0109591 0.001974643 0.002416572 -0.009772835 0.002172815 0.003528611 -0.01028279 0.0021749 0.003508972 -0.01029854 0.001636891 0.002165727 -0.008359107 0.002217644 0.003326443 -0.01054841 0.002244303 0.003112026 -0.01073756 0.002256956 0.002861129 -0.01087672 0.002178283 0.00349394 -0.01031851 0.002278393 0.004147743 -0.01054564 0.002042148 0.004467468 -0.009392807 0.00230861 0.004430479 -0.01058592 0.002325105 0.004716349 -0.01056436 0.002095911 0.006100892 -0.009090136 0.002168544 0.006057621 -0.00942635 0.002178727 0.003625231 -0.010277 0.001704395 0.004216623 -0.00797908 0.002183294 0.003646168 -0.0102903 0.00223593 0.00388199 -0.01044547 0.002231446 0.005936753 -0.009745134 0.002281253 0.005744704 -0.01002946 0.002315312 0.005491874 -0.01026413 0.002331798 0.005191574 -0.01043664 0.002329834 0.004860027 -0.01053773 0.002175212 0.003601433 -0.0102693 0.002172975 0.003576379 -0.01026768 0.002172157 0.003551515 -0.01027229 0.007199997 0.003259448 -0.007597439 0.007151352 0.003263083 -0.007608416 0.007233181 0.003485713 -0.007669568 0.007184536 0.003489348 -0.007680544 0.007275214 0.003689884 -0.00778823 0.007226569 0.003693519 -0.007799206 0.007324094 0.00386223 -0.007947775 0.00727545 0.003865865 -0.007958751 0.03089117 0.00203558 -0.00139309 0.03122892 0.002286425 -0.002806818 0.02592666 0.002682647 -0.004003273 0.02587801 0.002686282 -0.004014249 0.007393056 0.00406761 -0.008185376 0.001704395 0.004216623 -0.00797908 0.007344412 0.004071245 -0.008196352 0.002042148 0.004467468 -0.009392807 0.007354244 0.004030611 -0.00825338 0.007402888 0.004026976 -0.008242404 0.02888772 0.0005863727 0.007005578 0.02889245 0.0007300504 0.007032201 0.02849856 0.0006154532 0.006917765 0.02850329 0.0007591309 0.006944388 0.007372248 0.004577608 -0.008152023 0.007420892 0.004573973 -0.008141046 0.007360798 0.004569105 -0.0081041 0.007409443 0.00456547 -0.008093123 0.02379829 -0.0008988246 0.004242834 0.02386725 -0.0006934445 0.004005233 0.02374965 -0.0008951895 0.004231857 0.02381861 -0.0006898094 0.003994256 0.005321497 0.0008742104 -0.0002902545 0.005370142 0.0008705754 -0.0002792779 0.005367692 0.001094128 -0.0004221454 0.005416337 0.001090493 -0.0004111687 0.005402935 0.001341288 -0.00049648 0.00545158 0.001337653 -0.0004855034 0.0055817 0.002097321 -0.001038331 0.005559057 0.001409398 -0.001165802 0.005630345 0.002093686 -0.001027354 0.005607702 0.001405763 -0.001154825 0.007587585 0.001629856 -0.009854753 0.007585964 0.001580621 -0.009863876 0.007317383 0.001429181 -0.008723771 0.007304313 0.001371442 -0.008684971 0.007338622 0.002074453 -0.008604203 0.007325552 0.002016714 -0.008565403 0.007285696 0.002154506 -0.008343143 0.007266992 0.002127385 -0.008269238 0.00724076 0.002259861 -0.008109114 0.007227292 0.002233943 -0.008058013 0.00720709 0.002420463 -0.007906714 0.00719693 0.002384347 -0.007873649 0.007186756 0.002626347 -0.007748421 0.007177354 0.002571524 -0.00772491 0.007040469 0.002517702 -0.007136109 0.007027406 0.00246016 -0.007097273 0.007059877 0.003107351 -0.007026848 0.007050049 0.003148083 -0.006969802 0.007206164 0.003215996 -0.00763916 0.007199997 0.003259448 -0.007597439 0.007241413 0.003463256 -0.007713486 0.007233181 0.003485713 -0.007669568 0.007287608 0.003683174 -0.007845377 0.007275214 0.003689884 -0.00778823 0.007341905 0.003862227 -0.008026706 0.007324094 0.00386223 -0.007947775 0.007402888 0.004026976 -0.008242404 0.007393056 0.00406761 -0.008185376 0.007420892 0.004573973 -0.008141046 0.007409443 0.00456547 -0.008093123 4.966193e-08 2.464336e-06 4.4973e-07 1.998171e-05 0.0006080334 0.0001126607 -0.0003891073 3.154491e-05 -8.736346e-05 -0.0003691753 0.0006371139 2.484749e-05 0.02378846 -0.0008580922 0.00429988 0.02376723 -0.001503364 0.004180312 0.02373982 -0.0008544571 0.004288903 0.02371858 -0.001499729 0.004169336 0.02595449 0.00318901 -0.003958943 0.02594304 0.003180507 -0.00391102 0.02590585 0.003192646 -0.00396992 0.0258944 0.003184142 -0.003921997 0.02380009 0.008206122 -0.006215738 0.02622153 0.007693322 -0.003878431 0.02395255 0.008274662 -0.00661271 0.02722906 0.008441603 -0.008095652 0.02354863 0.008150426 -0.005870498 0.02321529 0.008111372 -0.005600525 0.02282271 0.008091629 -0.005424244 0.0138197 0.00887744 -0.008065828 0.01348636 0.008838387 -0.007795855 0.02069899 0.008437858 -0.006915499 0.01175044 0.009404873 -0.01054466 0.01214292 0.009424623 -0.01072096 0.008744102 0.009822931 -0.01226678 0.02114602 0.008638805 -0.008079359 0.02147937 0.008677859 -0.008349332 0.02187185 0.008697609 -0.008525635 0.02347712 0.008577652 -0.008163406 0.02374961 0.00850821 -0.007837052 0.01339883 0.009361627 -0.01060408 0.01374819 0.009304666 -0.01035874 0.020742 0.008514576 -0.007337169 0.01402069 0.009235224 -0.01003238 0.01419753 0.009158046 -0.009647286 0.0114171 0.009365819 -0.01027469 0.0222968 0.008696707 -0.008596254 0.0227251 0.008675225 -0.008556398 0.02312775 0.008634613 -0.00840875 0.02392645 0.008431032 -0.007451956 0.02399566 0.008351373 -0.007034358 0.0215669 0.008154618 -0.005541107 0.00773657 0.009074649 -0.008049557 0.02196945 0.008114014 -0.005393482 0.02239785 0.008092524 -0.005353604 0.01426674 0.009078388 -0.009229688 0.01422363 0.009001676 -0.00880804 0.01407116 0.008933136 -0.008411068 0.02121744 0.008211587 -0.005786473 0.02094504 0.008281021 -0.006112805 0.0207682 0.008358199 -0.006497901 0.01148851 0.008938601 -0.007981803 0.01121612 0.009008035 -0.008308135 0.01103927 0.009085214 -0.008693231 0.02089457 0.008583109 -0.007734119 0.01299618 0.009402239 -0.01075173 0.01256788 0.009423722 -0.01079158 0.01097007 0.009164872 -0.009110829 0.01101308 0.009241591 -0.009532499 0.01116564 0.009310124 -0.009929449 0.01309378 0.008818644 -0.007619574 0.01266892 0.008819538 -0.007548933 0.01224053 0.008841028 -0.007588811 0.01183798 0.008881632 -0.007736437 0.007266992 0.002127385 -0.008269238 0.007218348 0.00213102 -0.008280215 0.007227292 0.002233943 -0.008058013 0.007178648 0.002237579 -0.00806899 0.00719693 0.002384347 -0.007873649 0.007148285 0.002387982 -0.007884625 0.007177354 0.002571524 -0.00772491 0.00712871 0.002575159 -0.007735887 0.02910056 -0.001295047 0.005439288 0.02890677 -0.00070957 0.006491952 0.02886431 -0.0009753229 0.006592125 0.02889245 0.0007300504 0.007032201 0.02888772 0.0005863727 0.007005578 0.02916806 0.0007558484 0.005819316 0.02888575 0.000311291 0.006923204 0.0288984 6.039469e-05 0.006784042 0.02879767 -0.002149498 0.006498626 0.02907932 -0.001940319 0.005319721 0.0288176 -0.001543929 0.006610837 0.02883409 -0.001258059 0.006632406 0.02896781 -0.0003365504 0.006345011 0.02950581 0.001006693 0.004405589 0.02896442 -0.0003215201 0.006364992 0.02892506 -0.0001540228 0.006594894 0.02896973 -0.0004039587 0.006314166 0.02943831 -0.001044203 0.004025561 0.02897055 -0.0003790952 0.006318773 0.02896989 -0.0003561909 0.006329274 0.02896749 -0.0004290125 0.00631578 0.02896398 -0.0004528094 0.006323468 0.02895941 -0.0004737477 0.006336784 0.02922182 0.002389273 0.006121987 0.02914263 0.002233243 0.00642127 0.02906842 0.002010543 0.006676392 0.02900316 0.001733034 0.006873711 0.02895033 0.001415675 0.007002722 0.02891276 0.001075223 0.007056503 0.02840851 -0.002120418 0.006410812 0.02879767 -0.002149498 0.006498626 0.02842844 -0.001514849 0.006523023 0.0288176 -0.001543929 0.006610837 0.03112272 0.002564387 -0.004066179 0.03112745 0.002708065 -0.004039556 0.03151188 0.002535306 -0.003978366 0.03151661 0.002678984 -0.003951743 0.002624212 0.001951398 -0.01098349 0.002235055 0.001980478 -0.01107131 0.002644144 0.002556967 -0.01087128 0.002254987 0.002586048 -0.0109591 9.009968e-05 0.002738335 0.0005074021 9.482877e-05 0.002882013 0.0005340253 -0.0002990573 0.002767416 0.0004195889 -0.0002943282 0.002911093 0.0004462122 0.0257336 0.001874485 -0.003415336 0.02568495 0.00187812 -0.003426313 0.02576678 0.00210075 -0.003487464 0.02571814 0.002104385 -0.003498441 0.02580882 0.002304922 -0.003606127 0.02576017 0.002308557 -0.003617103 0.0258577 0.002477267 -0.003765672 0.02580905 0.002480902 -0.003776648 0.02387073 0.001641428 0.004763037 0.02385273 0.001094431 0.004661679 0.02382209 0.001645063 0.00475206 0.02380409 0.001098066 0.004650703 0.02592666 0.002682647 -0.004003273 0.02587801 0.002686282 -0.004014249 0.007537319 0.001584256 -0.009874853 0.007255668 0.001375077 -0.008695948 0.002624212 0.001951398 -0.01098349 0.001953404 0.0017713 -0.009892403 0.002235055 0.001980478 -0.01107131 0.003487484 0.002592539 -0.01459689 0.008449236 0.002221762 -0.01347727 0.00759233 0.001585348 -0.009890521 0.02607729 0.0002040211 -0.005719395 0.02693419 0.0008404346 -0.009306142 0.03189594 0.0004696573 -0.008186523 0.007585964 0.001580621 -0.009863876 0.007304313 0.001371442 -0.008684971 0.02578927 -9.885457e-06 -0.004513845 0.02607092 0.0001992933 -0.00569275 0.02611957 0.0001956582 -0.005681773 0.02583791 -1.352053e-05 -0.004502868 0.03103267 -0.0001714841 -0.004573132 0.03114018 -0.0004097434 -0.003306413 0.03142183 -0.0002005646 -0.004485318 0.003726853 0.009864969 -0.01324932 -0.0006238531 0.006633753 0.004961411 0.008688605 0.009494192 -0.0121297 0.004337899 0.006262976 0.006081029 0.007325552 0.002016714 -0.008565403 0.007276907 0.002020349 -0.00857638 0.02778461 0.004510871 0.01137177 0.03213531 0.007742087 -0.006838954 0.02282286 0.004881648 0.01025216 0.02717356 0.008112865 -0.007958572 0.02728806 0.0081979 -0.008437821 0.02705516 0.00112202 -0.00974897 0.008803101 0.009579227 -0.01260895 0.008570202 0.002503347 -0.0139201 0.004223406 0.006177944 0.006560259 0.003990507 -0.0008979368 0.00524911 0.02270836 0.004796616 0.01073139 0.02247546 -0.002279264 0.009420236 0.001636891 0.002165727 -0.008359107 0.001974643 0.002416572 -0.009772835 0.007276907 0.002020349 -0.00857638 0.007325552 0.002016714 -0.008565403 0.02581051 0.0006353866 -0.004394277 0.03082367 -1.531574e-05 -0.001773118 0.02585915 0.0006317515 -0.0043833 0.03116142 0.0002355287 -0.003186846 0.005216047 0.0004897728 4.975408e-05 -8.621751e-05 0.0008859957 -0.001146701 0.0002515347 0.00113684 -0.002560428 0.02910056 -0.001295047 0.005439288 0.02379829 -0.0008988246 0.004242834 0.02943831 -0.001044203 0.004025561 0.02374965 -0.0008951895 0.004231857 0.005264691 0.0004861378 6.073073e-05 0.0238658 0.001152071 0.004622861 0.02916806 0.0007558484 0.005819316 0.02950581 0.001006693 0.004405589 -1.871315e-05 0.002936892 -0.000766673 0.005283551 0.002540669 0.0004297817 0.000319039 0.003187736 -0.002180401 0.005332195 0.002537034 0.0004407584 0.02381715 0.001155706 0.004611885 0.007338622 0.002074453 -0.008604203 0.007289977 0.002078088 -0.00861518 0.007317383 0.001429181 -0.008723771 0.007268738 0.001432816 -0.008734748 0.02387073 0.001641428 0.004763037 0.02388218 0.001649931 0.004715114 0.02385273 0.001094431 0.004661679 0.0238658 0.001152071 0.004622861 0.02390565 0.001014279 0.004400601 0.02392436 0.0010414 0.004326697 0.02395059 0.0009089262 0.004166563 0.02396406 0.0009348417 0.004115471 0.02398426 0.0007483238 0.003964162 0.02399442 0.0007844377 0.003931107 0.02400459 0.0005423395 0.003805861 0.024014 0.000597359 0.003782387 0.02415088 0.0006509849 0.003193549 0.02416395 0.0007087237 0.003154749 0.02413147 6.133634e-05 0.003084288 0.0241413 2.080043e-05 0.003027278 0.02398518 -4.730906e-05 0.0036966 0.02399136 -9.056428e-05 0.003654916 0.02394994 -0.0002944696 0.003770934 0.02395817 -0.0003169274 0.003727026 0.02390374 -0.000514387 0.003902825 0.02391614 -0.0005210988 0.003845688 0.02384944 -0.0006934418 0.004084164 0.02386725 -0.0006934445 0.004005233 0.02378846 -0.0008580922 0.00429988 0.02379829 -0.0008988246 0.004242834 0.02376723 -0.001503364 0.004180312 0.02377705 -0.001544097 0.004123266 0.02349702 -0.00170404 0.005311294 0.0234954 -0.001753275 0.005302171 0.005337133 0.00302639 0.0005809339 0.005348582 0.003034894 0.000533011 0.005319129 0.002479393 0.0004795762 0.005332195 0.002537034 0.0004407584 0.005372052 0.002399241 0.0002184984 0.005390755 0.002426362 0.0001445934 0.00541699 0.002293889 -1.554025e-05 0.005430455 0.002319804 -6.663198e-05 0.00545066 0.002133286 -0.0002179408 0.005460818 0.0021694 -0.0002509963 0.005470988 0.001927302 -0.0003762425 0.005480396 0.001982321 -0.0003997164 0.005617275 0.002035947 -0.0009885542 0.005630345 0.002093686 -0.001027354 0.005597867 0.001446299 -0.001097815 0.005607702 0.001405763 -0.001154825 0.00545158 0.001337653 -0.0004855034 0.005457754 0.001294398 -0.0005271874 0.005416337 0.001090493 -0.0004111687 0.005424567 0.001068035 -0.0004550775 0.005370142 0.0008705754 -0.0002792779 0.005382533 0.0008638636 -0.0003364154 0.005315843 0.0006915206 -9.793939e-05 0.005333653 0.0006915179 -0.0001768704 0.005254862 0.0005268702 0.000117777 0.005264691 0.0004861378 6.073073e-05 0.005233624 -0.0001184018 -1.790865e-06 0.005243452 -0.0001591343 -5.883712e-05 0.004963422 -0.0003190773 0.001129191 0.004961801 -0.000368313 0.001120068 0.02344838 -0.001700405 0.005300318 0.02344676 -0.00174964 0.005291194 0.02371858 -0.001499729 0.004169336 0.02372841 -0.001540462 0.004112289 0.02373982 -0.0008544571 0.004288903 0.02374965 -0.0008951895 0.004231857 0.0238008 -0.0006898067 0.004073187 0.02381861 -0.0006898094 0.003994256 0.0238551 -0.000510752 0.003891849 0.02386749 -0.0005174637 0.003834711 0.02390129 -0.0002908346 0.003759958 0.02390952 -0.0003132924 0.003716049 0.02393654 -4.367399e-05 0.003685623 0.02394271 -8.692921e-05 0.003643939 0.02408282 6.497141e-05 0.003073311 0.02409266 2.443551e-05 0.003016301 0.02410223 0.0006546199 0.003182572 0.0241153 0.0007123588 0.003143773 0.02395595 0.0005459745 0.003794884 0.02396535 0.0006009941 0.00377141 0.02393562 0.0007519589 0.003953186 0.02394577 0.0007880728 0.00392013 0.02390195 0.0009125613 0.004155586 0.02391541 0.0009384767 0.004104494 0.02385701 0.001017914 0.004389625 0.02387571 0.001045035 0.00431572 0.02380409 0.001098066 0.004650703 0.02381715 0.001155706 0.004611885 0.02382209 0.001645063 0.00475206 0.02383354 0.001653566 0.004704137 0.005337133 0.00302639 0.0005809339 0.005288488 0.003030025 0.0005699573 0.005348582 0.003034894 0.000533011 0.005299938 0.003038529 0.0005220343 0.004914777 -0.0003154423 0.001118215 0.004913157 -0.0003646779 0.001109091 0.005184979 -0.0001147667 -1.276751e-05 0.005194808 -0.0001554992 -6.981377e-05 0.005206218 0.0005305053 0.0001068003 0.005216047 0.0004897728 4.975408e-05 0.005267198 0.0006951557 -0.000108916 0.005285009 0.000695153 -0.000187847 0.005321497 0.0008742104 -0.0002902545 0.005333889 0.0008674986 -0.000347392 0.005367692 0.001094128 -0.0004221454 0.005375922 0.00107167 -0.0004660541 0.005402935 0.001341288 -0.00049648 0.005409109 0.001298033 -0.0005381641 0.005549222 0.001449934 -0.001108792 0.005559057 0.001409398 -0.001165802 0.00556863 0.002039582 -0.0009995309 0.0055817 0.002097321 -0.001038331 0.005422343 0.001930937 -0.0003872191 0.005431752 0.001985956 -0.000410693 0.005402015 0.002136921 -0.0002289175 0.005412173 0.002173035 -0.000261973 0.005368345 0.002297524 -2.65169e-05 0.00538181 0.002323439 -7.760863e-05 0.005323407 0.002402876 0.0002075217 0.00534211 0.002429997 0.0001336168 0.005270484 0.002483028 0.0004685996 0.005283551 0.002540669 0.0004297817 0.005288488 0.003030025 0.0005699573 0.005299938 0.003038529 0.0005220343 0.007237051 0.002158142 -0.00835412 0.007285696 0.002154506 -0.008343143 0.00724076 0.002259861 -0.008109114 0.007192115 0.002263496 -0.008120091 0.00720709 0.002420463 -0.007906714 0.007158445 0.002424098 -0.00791769 0.007186756 0.002626347 -0.007748421 0.007138111 0.002629982 -0.007759397 -4.414258e-05 0.004414286 -0.0001647187 3.505032e-05 0.004570316 -0.0004640021 -1.871315e-05 0.002936892 -0.000766673 -0.0002168845 0.001824852 -0.000256715 -0.0002189679 0.001844493 -0.0002409782 0.000319039 0.003187736 -0.002180401 -8.621751e-05 0.0008859957 -0.001146701 -0.0001074564 0.0002407236 -0.001266268 -0.0003891073 3.154491e-05 -8.736346e-05 -0.0002617142 0.00202702 8.905213e-06 -0.0002883726 0.002241438 0.0001980529 -0.0003010257 0.002492334 0.0003372148 -0.0002990573 0.002767416 0.0004195889 -0.0002223534 0.001859523 -0.0002209973 -0.0003691753 0.0006371139 2.484749e-05 -0.0003526801 0.0009229845 4.641693e-05 -0.0003224628 0.00120572 6.136106e-06 -0.0002943282 0.002911093 0.0004462122 -0.0002740181 0.003256266 0.0004705138 -0.0002364415 0.003596718 0.0004167328 -0.0001836147 0.003914078 0.0002877215 -0.0001183525 0.004191586 9.040308e-05 -0.0002227945 0.001728234 -0.0002625208 0.0002515347 0.00113684 -0.002560428 -0.0002273639 0.001707295 -0.0002492049 -0.0002799998 0.001471473 -9.403677e-05 -0.0002192814 0.001752031 -0.0002702088 -0.000217045 0.001777084 -0.0002718229 -0.0002162266 0.001801948 -0.0002672158 0.007011233 0.003110986 -0.007037825 0.007059877 0.003107351 -0.007026848 0.007157519 0.003219631 -0.007650137 0.007206164 0.003215996 -0.00763916 0.02392436 0.0010414 0.004326697 0.02387571 0.001045035 0.00431572 0.02396406 0.0009348417 0.004115471 0.02391541 0.0009384767 0.004104494 0.02399442 0.0007844377 0.003931107 0.02394577 0.0007880728 0.00392013 0.024014 0.000597359 0.003782387 0.02396535 0.0006009941 0.00377141 0.002325105 0.004716349 -0.01056436 0.002329834 0.004860027 -0.01053773 0.002714262 0.004687269 -0.01047654 0.002718991 0.004830946 -0.01044992 0.001953404 0.0017713 -0.009892403 0.007255668 0.001375077 -0.008695948 0.001974643 0.002416572 -0.009772835 0.007276907 0.002020349 -0.00857638 -8.621751e-05 0.0008859957 -0.001146701 0.005216047 0.0004897728 4.975408e-05 -0.0001074564 0.0002407236 -0.001266268 0.005194808 -0.0001554992 -6.981377e-05 0.007040469 0.002517702 -0.007136109 0.006991825 0.002521337 -0.007147086 0.007186756 0.002626347 -0.007748421 0.007138111 0.002629982 -0.007759397 0.005206218 0.0005305053 0.0001068003 0.005254862 0.0005268702 0.000117777 0.005184979 -0.0001147667 -1.276751e-05 0.005233624 -0.0001184018 -1.790865e-06 0.02415088 0.0006509849 0.003193549 0.02410223 0.0006546199 0.003182572 0.02400459 0.0005423395 0.003805861 0.02395595 0.0005459745 0.003794884 0.02558365 0.001763121 -0.002787699 0.02556101 0.001075197 -0.00291517 0.02553501 0.001766756 -0.002798675 0.02551236 0.001078832 -0.002926146 0.005402935 0.001341288 -0.00049648 0.005549222 0.001449934 -0.001108792 0.00545158 0.001337653 -0.0004855034 0.005597867 0.001446299 -0.001097815 0.005390755 0.002426362 0.0001445934 0.00534211 0.002429997 0.0001336168 0.005430455 0.002319804 -6.663198e-05 0.00538181 0.002323439 -7.760863e-05 0.005460818 0.0021694 -0.0002509963 0.005412173 0.002173035 -0.000261973 0.005480396 0.001982321 -0.0003997164 0.005431752 0.001985956 -0.000410693 0.02349702 -0.00170404 0.005311294 0.02344838 -0.001700405 0.005300318 0.02376723 -0.001503364 0.004180312 0.02371858 -0.001499729 0.004169336 0.02590585 0.003192646 -0.00396992 0.02588785 0.002645648 -0.004071277 0.02595449 0.00318901 -0.003958943 0.02593649 0.002642013 -0.004060301 0.005549222 0.001449934 -0.001108792 0.00556863 0.002039582 -0.0009995309 0.005597867 0.001446299 -0.001097815 0.005617275 0.002035947 -0.0009885542 0.005617275 0.002035947 -0.0009885542 0.00556863 0.002039582 -0.0009995309 0.005470988 0.001927302 -0.0003762425 0.005422343 0.001930937 -0.0003872191 0.02408282 6.497141e-05 0.003073311 0.02413147 6.133634e-05 0.003084288 0.02393654 -4.367399e-05 0.003685623 0.02398518 -4.730906e-05 0.0036966 0.007011233 0.003110986 -0.007037825 0.006991825 0.002521337 -0.007147086 0.007059877 0.003107351 -0.007026848 0.007040469 0.002517702 -0.007136109 0.005288488 0.003030025 0.0005699573 0.005337133 0.00302639 0.0005809339 0.005270484 0.002483028 0.0004685996 0.005319129 0.002479393 0.0004795762 0.02374965 -0.0008951895 0.004231857 0.02372841 -0.001540462 0.004112289 0.005264691 0.0004861378 6.073073e-05 0.005243452 -0.0001591343 -5.883712e-05 0.02922182 0.002389273 0.006121987 0.02916806 0.0007558484 0.005819316 0.02883267 0.002418354 0.006034174 0.0238658 0.001152071 0.004622861 0.0288436 0.002750424 0.006095706 0.02388218 0.001649931 0.004715114 0.02381715 0.001155706 0.004611885 0.005332195 0.002537034 0.0004407584 0.02383354 0.001653566 0.004704137 0.005348582 0.003034894 0.000533011 0.0004351373 0.004873306 -0.0003146568 0.005299938 0.003038529 0.0005220343 0.0004242073 0.004541236 -0.0003761889 0.005283551 0.002540669 0.0004297817 3.505032e-05 0.004570316 -0.0004640021 -1.871315e-05 0.002936892 -0.000766673 0.03213531 0.007742087 -0.006838954 0.02778461 0.004510871 0.01137177 0.0288436 0.002750424 0.006095706 0.02883267 0.002418354 0.006034174 0.02875347 0.002262323 0.006333457 0.02867926 0.002039624 0.006588579 0.03090446 0.004281 -0.002530428 0.03089353 0.00394893 -0.00259196 0.03096616 0.003905659 -0.002928174 0.0277062 0.004164929 0.01160466 0.02856118 0.001444755 0.006914909 0.028614 0.001762115 0.006785897 0.03102906 0.00378479 -0.003246958 0.03107887 0.003592742 -0.003531285 0.0321943 0.007498184 -0.007181141 0.02748625 -0.002517656 0.01036639 0.02754524 -0.002761559 0.0100242 0.02840851 -0.002120418 0.006410812 0.02842844 -0.001514849 0.006523023 0.02844494 -0.001228978 0.006544593 0.02847515 -0.0009462424 0.006504312 0.02851762 -0.0006804894 0.006404139 0.02849856 0.0006154532 0.006917765 0.02850329 0.0007591309 0.006944388 0.0285236 0.001104304 0.00696869 0.03111293 0.003339911 -0.003765951 0.03112942 0.003039612 -0.003938463 0.03197435 0.000815599 -0.008419413 0.03112745 0.002708065 -0.004039556 0.03112272 0.002564387 -0.004066179 0.03103355 0.001730028 -0.003947295 0.03189594 0.0004696573 -0.008186523 0.03107601 0.001995781 -0.004047468 0.03110623 0.002278516 -0.004087749 0.03103267 -0.0001714841 -0.004573132 0.0310526 0.000434085 -0.004460921 0.03105457 0.0007091667 -0.004378547 0.03098091 0.001494205 -0.003792127 0.0309759 0.001341978 -0.003820334 0.03101526 0.00117448 -0.004050237 0.03104192 0.000960063 -0.004239385 0.02857526 -0.0002924395 0.006277179 0.0285359 -0.0001249422 0.006507081 0.02850924 8.947526e-05 0.006696229 0.02849659 0.0003403715 0.006835391 0.03097634 0.001473269 -0.003778821 0.03097283 0.00144947 -0.003771123 0.03097059 0.001424416 -0.003769509 0.03096977 0.001399553 -0.003774116 0.03097043 0.001376649 -0.003784617 0.03097252 0.00135701 -0.003800363 0.02857025 -0.0004446671 0.006248971 0.02857482 -0.0004237288 0.006235655 0.02857865 -0.0003074698 0.006257198 0.02858073 -0.0003271103 0.006241461 0.02857834 -0.0003999319 0.006227967 0.02858057 -0.0003748781 0.006226353 0.02858139 -0.0003500146 0.00623096 0.007409443 0.00456547 -0.008093123 0.03090446 0.004281 -0.002530428 0.002495998 0.006403882 -0.008940791 0.002095911 0.006100892 -0.009090136 0.002042148 0.004467468 -0.009392807 0.002485068 0.006071812 -0.009002323 0.007344412 0.004071245 -0.008196352 0.007360798 0.004569105 -0.0081041 0.007393056 0.00406761 -0.008185376 0.02587801 0.002686282 -0.004014249 0.0258944 0.003184142 -0.003921997 0.02594304 0.003180507 -0.00391102 0.03089353 0.00394893 -0.00259196 0.02592666 0.002682647 -0.004003273 0.03128269 0.003919849 -0.002504147 0.03122892 0.002286425 -0.002806818 0.005630345 0.002093686 -0.001027354 0.005480396 0.001982321 -0.0003997164 0.0055817 0.002097321 -0.001038331 0.005431752 0.001985956 -0.000410693 0.02582358 0.0006931254 -0.004433077 0.02580234 4.78534e-05 -0.004552644 0.02587222 0.0006894904 -0.0044221 0.02585098 4.421832e-05 -0.004541668 0.02578927 -9.885457e-06 -0.004513845 0.02581051 0.0006353866 -0.004394277 0.007304313 0.001371442 -0.008684971 0.007325552 0.002016714 -0.008565403 0.02382209 0.001645063 0.00475206 0.02383354 0.001653566 0.004704137 0.02387073 0.001641428 0.004763037 0.02388218 0.001649931 0.004715114 0.02556101 0.001075197 -0.00291517 0.02571096 0.001186562 -0.003542807 0.02551236 0.001078832 -0.002926146 0.02566231 0.001190197 -0.003553784 0.02559348 0.001722388 -0.002844745 0.02573977 0.001831034 -0.003457057 0.02554483 0.001726023 -0.002855722 0.02569112 0.001834669 -0.003468033 0.02576089 0.0008489811 -0.00387591 0.02571225 0.0008526162 -0.003886887 0.02573053 0.000999385 -0.003691546 0.02568189 0.00100302 -0.003702522 0.02571096 0.001186562 -0.003542807 0.02566231 0.001190197 -0.003553784 0.02557407 0.00113274 -0.002954006 0.02559348 0.001722388 -0.002844745 0.02552543 0.001136375 -0.002964983 0.02554483 0.001726023 -0.002855722 0.02399136 -9.056428e-05 0.003654916 0.0241413 2.080043e-05 0.003027278 0.02394271 -8.692921e-05 0.003643939 0.02409266 2.443551e-05 0.003016301 0.005264691 0.0004861378 6.073073e-05 0.005333653 0.0006915179 -0.0001768704 0.005216047 0.0004897728 4.975408e-05 0.005285009 0.000695153 -0.000187847 0.02399136 -9.056428e-05 0.003654916 0.02394271 -8.692921e-05 0.003643939 0.02395817 -0.0003169274 0.003727026 0.02390952 -0.0003132924 0.003716049 0.02391614 -0.0005210988 0.003845688 0.02386749 -0.0005174637 0.003834711 0.02416395 0.0007087237 0.003154749 0.024014 0.000597359 0.003782387 0.0241153 0.0007123588 0.003143773 0.02396535 0.0006009941 0.00377141 0.005457754 0.001294398 -0.0005271874 0.005409109 0.001298033 -0.0005381641 0.005424567 0.001068035 -0.0004550775 0.005375922 0.00107167 -0.0004660541 0.005382533 0.0008638636 -0.0003364154 0.005333889 0.0008674986 -0.000347392 0.005323407 0.002402876 0.0002075217 0.005372052 0.002399241 0.0002184984 0.00541699 0.002293889 -1.554025e-05 0.005368345 0.002297524 -2.65169e-05 0.00545066 0.002133286 -0.0002179408 0.005402015 0.002136921 -0.0002289175 0.005470988 0.001927302 -0.0003762425 0.005422343 0.001930937 -0.0003872191 0.008491798 0.0021575 -0.01368717 0.008570202 0.002503347 -0.0139201 0.02697676 0.0007761727 -0.009516044 0.02705516 0.00112202 -0.00974897 0.007393056 0.00406761 -0.008185376 0.007344412 0.004071245 -0.008196352 0.007199997 0.003259448 -0.007597439 0.007050049 0.003148083 -0.006969802 0.007151352 0.003263083 -0.007608416 0.007001404 0.003151718 -0.006980779 0.007027406 0.00246016 -0.007097273 0.007177354 0.002571524 -0.00772491 0.006978761 0.002463795 -0.00710825 0.00712871 0.002575159 -0.007735887 0.0238658 0.001152071 0.004622861 0.02381715 0.001155706 0.004611885 0.005332195 0.002537034 0.0004407584 0.005283551 0.002540669 0.0004297817 0.03114018 -0.0004097434 -0.003306413 0.03116142 0.0002355287 -0.003186846 0.02583791 -1.352053e-05 -0.004502868 0.02585915 0.0006317515 -0.0043833 0.02400459 0.0005423395 0.003805861 0.02395595 0.0005459745 0.003794884 0.02393562 0.0007519589 0.003953186 0.02398426 0.0007483238 0.003964162 0.02390195 0.0009125613 0.004155586 0.02395059 0.0009089262 0.004166563 0.02385701 0.001017914 0.004389625 0.02390565 0.001014279 0.004400601 0.02910056 -0.001295047 0.005439288 0.02907932 -0.001940319 0.005319721 0.02379829 -0.0008988246 0.004242834 0.02377705 -0.001544097 0.004123266 -0.0006238531 0.006633753 0.004961411 0.003726853 0.009864969 -0.01324932 0.002495998 0.006403882 -0.008940791 0.002485068 0.006071812 -0.009002323 0.002557701 0.006028541 -0.009338537 0.002620603 0.005907672 -0.009657321 0.0004351373 0.004873306 -0.0003146568 0.0004242073 0.004541236 -0.0003761889 0.0003450144 0.004385205 -7.690553e-05 0.003785841 0.009621066 -0.0135915 0.002704469 0.005462793 -0.01017631 0.00267041 0.005715624 -0.009941648 0.0002708045 0.004162506 0.0001782163 0.0002055422 0.003884997 0.0003755347 -0.0007022557 0.006287811 0.0051943 0.0001091572 0.001442393 -6.223578e-06 6.669422e-05 0.00117664 9.394929e-05 -0.0009222101 -0.0003947737 0.003956028 0.0001527155 0.003567637 0.000504546 0.0001151389 0.003227186 0.000558327 9.482877e-05 0.002882013 0.0005340253 0.002697767 0.004401398 -0.01049811 0.002714262 0.004687269 -0.01047654 0.003565887 0.002938481 -0.01482978 0.002718991 0.004830946 -0.01044992 0.002720955 0.005162494 -0.01034883 0.0001007844 0.002212357 0.0002858661 8.813132e-05 0.002463254 0.000425028 9.009968e-05 0.002738335 0.0005074021 0.002625087 0.00385291 -0.01035766 0.003487484 0.002592539 -0.01459689 0.00263346 0.003082945 -0.01064975 0.00266755 0.004118663 -0.01045783 4.966193e-08 2.464336e-06 4.4973e-07 -0.000863222 -0.000638677 0.003613841 1.998171e-05 0.0006080334 0.0001126607 3.647685e-05 0.000893904 0.0001342301 0.002624212 0.001951398 -0.01098349 0.002644144 0.002556967 -0.01087128 0.002646113 0.002832049 -0.01078891 0.0001274428 0.00199794 9.67184e-05 0.0001668036 0.001830442 -0.0001331841 0.0001617931 0.001678215 -0.0001613917 0.002606801 0.003297362 -0.0104606 0.00256744 0.00346486 -0.0102307 0.002572451 0.003617087 -0.01020249 0.002567884 0.003596151 -0.01018918 0.002561314 0.003522435 -0.01018448 0.002561972 0.003499531 -0.01019498 0.002564057 0.003479892 -0.01021073 0.0001701891 0.001815412 -0.000153165 0.0001722725 0.001795772 -0.0001689019 0.0001729304 0.001772867 -0.0001794026 0.000172112 0.001748004 -0.0001840098 0.002562132 0.003547298 -0.01017987 0.002564369 0.003572352 -0.01018149 0.0001698756 0.00172295 -0.0001823956 0.0001663625 0.001699153 -0.0001747076 0.02896442 -0.0003215201 0.006364992 0.02857526 -0.0002924395 0.006277179 0.02896781 -0.0003365504 0.006345011 0.02857865 -0.0003074698 0.006257198 0.02896989 -0.0003561909 0.006329274 0.02858073 -0.0003271103 0.006241461 0.02897055 -0.0003790952 0.006318773 0.02858139 -0.0003500146 0.00623096 0.02896973 -0.0004039587 0.006314166 0.02858057 -0.0003748781 0.006226353 0.02896749 -0.0004290125 0.00631578 0.02857834 -0.0003999319 0.006227967 0.02896398 -0.0004528094 0.006323468 0.02857482 -0.0004237288 0.006235655 0.02895941 -0.0004737477 0.006336784 0.02857025 -0.0004446671 0.006248971 0.007289977 0.002078088 -0.00861518 0.007338622 0.002074453 -0.008604203 0.03103267 -0.0001714841 -0.004573132 0.0310526 0.000434085 -0.004460921 0.03142183 -0.0002005646 -0.004485318 0.03144176 0.0004050044 -0.004373108 0.02338805 -0.001889113 0.005505171 0.004903095 -0.0005077858 0.001334045 0.02344039 -0.001754368 0.005317839 0.004955436 -0.0003730408 0.001146713 0.0238778 0.005712982 0.005852329 0.02379429 0.005890643 0.006281238 0.02278676 0.005142362 0.01049846 0.02622153 0.007693322 -0.003878431 0.02612185 0.007379609 -0.003540572 0.02717356 0.008112865 -0.007958572 0.02282286 0.004881648 0.01025216 0.02274445 0.004535707 0.01048504 0.02270836 0.004796616 0.01073139 0.0225245 -0.002146878 0.009246773 0.02247546 -0.002279264 0.009420236 0.02258349 -0.002390782 0.008904586 0.02253446 -0.002523069 0.009078068 0.02344039 -0.001754368 0.005317839 0.02338805 -0.001889113 0.005505171 0.02607729 0.0002040211 -0.005719395 0.02612316 0.0001422165 -0.005943147 0.02693419 0.0008404346 -0.009306142 0.02697676 0.0007761727 -0.009516044 0.0270126 0.001186376 -0.009539031 0.02705516 0.00112202 -0.00974897 0.02723255 0.007868961 -0.008300759 0.02728806 0.0081979 -0.008437821 0.02722906 0.008441603 -0.008095652 0.0321943 0.007498184 -0.007181141 0.03197435 0.000815599 -0.008419413 0.02723255 0.007868961 -0.008300759 0.0270126 0.001186376 -0.009539031 0.003565887 0.002938481 -0.01482978 0.003785841 0.009621066 -0.0135915 0.008527638 0.002567704 -0.01371016 0.008747593 0.009250289 -0.01247189 0.00763689 0.008760937 -0.007711699 0.00773657 0.009074649 -0.008049557 0.008744102 0.009822931 -0.01226678 0.004955436 -0.0003730408 0.001146713 0.004903095 -0.0005077858 0.001334045 0.00409853 -0.001009454 0.00473346 0.004049498 -0.001141742 0.004906941 0.004039542 -0.000765551 0.005075646 0.003990507 -0.0008979368 0.00524911 0.004259496 0.005917034 0.006313918 0.004223406 0.006177944 0.006560259 0.004337899 0.006262976 0.006081029 0.004301802 0.006523689 0.006327333 0.005309334 0.007271971 0.002110112 0.005392841 0.007094309 0.001681203 0.008688605 0.009494192 -0.0121297 0.008747593 0.009250289 -0.01247189 0.008803101 0.009579227 -0.01260895 0.008527638 0.002567704 -0.01371016 0.008570202 0.002503347 -0.0139201 0.008449236 0.002221762 -0.01347727 0.008491798 0.0021575 -0.01368717 0.00759233 0.001585348 -0.009890521 0.007638201 0.001523544 -0.01011427 0.004039542 -0.000765551 0.005075646 0.004259496 0.005917034 0.006313918 -0.0009222101 -0.0003947737 0.003956028 -0.0007022557 0.006287811 0.0051943 0.02274445 0.004535707 0.01048504 0.0225245 -0.002146878 0.009246773 0.0277062 0.004164929 0.01160466 0.02748625 -0.002517656 0.01036639 0.007638201 0.001523544 -0.01011427 0.02612316 0.0001422165 -0.005943147 0.00759233 0.001585348 -0.009890521 0.02607729 0.0002040211 -0.005719395 0.007638201 0.001523544 -0.01011427 0.008491798 0.0021575 -0.01368717 0.02612316 0.0001422165 -0.005943147 0.02697676 0.0007761727 -0.009516044 0.02338805 -0.001889113 0.005505171 0.02253446 -0.002523069 0.009078068 0.004903095 -0.0005077858 0.001334045 0.004049498 -0.001141742 0.004906941 0.005270484 0.002483028 0.0004685996 0.005319129 0.002479393 0.0004795762 0.02587551 0.002477265 -0.003844603 0.02582686 0.0024809 -0.003855579 0.02577256 0.002301847 -0.00367425 0.02582121 0.002298211 -0.003663274 0.02572637 0.002081929 -0.003542359 0.02577501 0.002078294 -0.003531383 0.02569112 0.001834669 -0.003468033 0.02573977 0.001831034 -0.003457057 0.02593649 0.002642013 -0.004060301 0.02588785 0.002645648 -0.004071277 0.02415088 0.0006509849 0.003193549 0.02413147 6.133634e-05 0.003084288 0.02410223 0.0006546199 0.003182572 0.02408282 6.497141e-05 0.003073311 0.02385273 0.001094431 0.004661679 0.02380409 0.001098066 0.004650703 0.02384944 -0.0006934418 0.004084164 0.0238008 -0.0006898067 0.004073187 0.0238551 -0.000510752 0.003891849 0.02390374 -0.000514387 0.003902825 0.02390129 -0.0002908346 0.003759958 0.02394994 -0.0002944696 0.003770934 0.02393654 -4.367399e-05 0.003685623 0.02398518 -4.730906e-05 0.0036966 0.02378846 -0.0008580922 0.00429988 0.02373982 -0.0008544571 0.004288903 0.0234954 -0.001753275 0.005302171 0.02344676 -0.00174964 0.005291194 0.02349702 -0.00170404 0.005311294 0.02344838 -0.001700405 0.005300318 0.02607254 0.0002485289 -0.005683627 0.02612119 0.0002448939 -0.00567265 0.02580234 4.78534e-05 -0.004552644 0.02585098 4.421832e-05 -0.004541668 0.02607254 0.0002485289 -0.005683627 0.02607092 0.0001992933 -0.00569275 0.02612119 0.0002448939 -0.00567265 0.02611957 0.0001956582 -0.005681773 0.005233624 -0.0001184018 -1.790865e-06 0.004963422 -0.0003190773 0.001129191 0.005184979 -0.0001147667 -1.276751e-05 0.004914777 -0.0003154423 0.001118215 0.004963422 -0.0003190773 0.001129191 0.004961801 -0.000368313 0.001120068 0.004914777 -0.0003154423 0.001118215 0.004913157 -0.0003646779 0.001109091 0.007268738 0.001432816 -0.008734748 0.00753894 0.001633491 -0.00986573 0.007317383 0.001429181 -0.008723771 0.007587585 0.001629856 -0.009854753 0.007585964 0.001580621 -0.009863876 0.007587585 0.001629856 -0.009854753 0.007537319 0.001584256 -0.009874853 0.00753894 0.001633491 -0.00986573 -0.0003010257 0.002492334 0.0003372148 8.813132e-05 0.002463254 0.000425028 -0.0002883726 0.002241438 0.0001980529 0.0001007844 0.002212357 0.0002858661 -0.0002617142 0.00202702 8.905213e-06 0.0001274428 0.00199794 9.67184e-05 -0.0002799998 0.001471473 -9.403677e-05 0.0001091572 0.001442393 -6.223578e-06 -0.0003224628 0.00120572 6.136106e-06 6.669422e-05 0.00117664 9.394929e-05 -0.0003526801 0.0009229845 4.641693e-05 3.647685e-05 0.000893904 0.0001342301 0.002256956 0.002861129 -0.01087672 0.002646113 0.002832049 -0.01078891 0.002244303 0.003112026 -0.01073756 0.00263346 0.003082945 -0.01064975 0.002217644 0.003326443 -0.01054841 0.002606801 0.003297362 -0.0104606 0.002178283 0.00349394 -0.01031851 0.00256744 0.00346486 -0.0102307 0.002572451 0.003617087 -0.01020249 0.002183294 0.003646168 -0.0102903 0.00223593 0.00388199 -0.01044547 0.002625087 0.00385291 -0.01035766 0.002278393 0.004147743 -0.01054564 0.00266755 0.004118663 -0.01045783 0.00230861 0.004430479 -0.01058592 0.002697767 0.004401398 -0.01049811 0.03140442 0.0011454 -0.003962424 0.03101526 0.00117448 -0.004050237 0.03143108 0.0009309824 -0.004151571 0.03104192 0.000960063 -0.004239385 0.03144373 0.0006800861 -0.004290733 0.03105457 0.0007091667 -0.004378547 0.03149538 0.002249436 -0.003999936 0.03110623 0.002278516 -0.004087749 0.03146517 0.0019667 -0.003959655 0.03107601 0.001995781 -0.004047468 0.0314227 0.001700947 -0.003859482 0.03103355 0.001730028 -0.003947295 0.02892506 -0.0001540228 0.006594894 0.0285359 -0.0001249422 0.006507081 0.0288984 6.039469e-05 0.006784042 0.02850924 8.947526e-05 0.006696229 0.02888575 0.000311291 0.006923204 0.02849659 0.0003403715 0.006835391 0.02883409 -0.001258059 0.006632406 0.02844494 -0.001228978 0.006544593 0.02886431 -0.0009753229 0.006592125 0.02847515 -0.0009462424 0.006504312 0.02890677 -0.00070957 0.006491952 0.02851762 -0.0006804894 0.006404139 0.02612185 0.007379609 -0.003540572 0.00763689 0.008760937 -0.007711699 0.0238778 0.005712982 0.005852329 0.005392841 0.007094309 0.001681203 0.02622153 0.007693322 -0.003878431 0.00773657 0.009074649 -0.008049557 0.02612185 0.007379609 -0.003540572 0.00763689 0.008760937 -0.007711699 0.0238778 0.005712982 0.005852329 0.005392841 0.007094309 0.001681203 0.02379429 0.005890643 0.006281238 0.005309334 0.007271971 0.002110112 0.02253446 -0.002523069 0.009078068 0.02247546 -0.002279264 0.009420236 0.004049498 -0.001141742 0.004906941 0.003990507 -0.0008979368 0.00524911 0.004259496 0.005917034 0.006313918 0.004337899 0.006262976 0.006081029 -0.0007022557 0.006287811 0.0051943 -0.0006238531 0.006633753 0.004961411 0.004301802 0.006523689 0.006327333 0.004223406 0.006177944 0.006560259 0.02278676 0.005142362 0.01049846 0.02270836 0.004796616 0.01073139 0.02693419 0.0008404346 -0.009306142 0.0270126 0.001186376 -0.009539031 0.03189594 0.0004696573 -0.008186523 0.03197435 0.000815599 -0.008419413 0.003785841 0.009621066 -0.0135915 0.003726853 0.009864969 -0.01324932 0.008747593 0.009250289 -0.01247189 0.008688605 0.009494192 -0.0121297 0.003487484 0.002592539 -0.01459689 0.003565887 0.002938481 -0.01482978 0.008449236 0.002221762 -0.01347727 0.008527638 0.002567704 -0.01371016 0.02722906 0.008441603 -0.008095652 0.02728806 0.0081979 -0.008437821 0.008744102 0.009822931 -0.01226678 0.008803101 0.009579227 -0.01260895 0.00409853 -0.001009454 0.00473346 0.004039542 -0.000765551 0.005075646 -0.000863222 -0.000638677 0.003613841 -0.0009222101 -0.0003947737 0.003956028 0.02723255 0.007868961 -0.008300759 0.02717356 0.008112865 -0.007958572 0.0321943 0.007498184 -0.007181141 0.03213531 0.007742087 -0.006838954 0.02754524 -0.002761559 0.0100242 0.02748625 -0.002517656 0.01036639 0.02258349 -0.002390782 0.008904586 0.0225245 -0.002146878 0.009246773 0.0277062 0.004164929 0.01160466 0.02778461 0.004510871 0.01137177 0.02274445 0.004535707 0.01048504 0.02282286 0.004881648 0.01025216 0.002178727 0.003625231 -0.010277 0.002567884 0.003596151 -0.01018918 0.002175212 0.003601433 -0.0102693 0.002564369 0.003572352 -0.01018149 0.002172975 0.003576379 -0.01026768 0.002562132 0.003547298 -0.01017987 0.002172157 0.003551515 -0.01027229 0.002561314 0.003522435 -0.01018448 0.002172815 0.003528611 -0.01028279 0.002561972 0.003499531 -0.01019498 0.0021749 0.003508972 -0.01029854 0.002564057 0.003479892 -0.01021073 0.002095911 0.006100892 -0.009090136 0.002485068 0.006071812 -0.009002323 0.002557701 0.006028541 -0.009338537 0.002168544 0.006057621 -0.00942635 0.002620603 0.005907672 -0.009657321 0.002231446 0.005936753 -0.009745134 0.00267041 0.005715624 -0.009941648 0.002281253 0.005744704 -0.01002946 0.002704469 0.005462793 -0.01017631 0.002315312 0.005491874 -0.01026413 0.002720955 0.005162494 -0.01034883 0.002331798 0.005191574 -0.01043664 0.0004242073 0.004541236 -0.0003761889 3.505032e-05 0.004570316 -0.0004640021 -4.414258e-05 0.004414286 -0.0001647187 0.0003450144 0.004385205 -7.690553e-05 -0.0001183525 0.004191586 9.040308e-05 0.0002708045 0.004162506 0.0001782163 -0.0001836147 0.003914078 0.0002877215 0.0002055422 0.003884997 0.0003755347 -0.0002364415 0.003596718 0.0004167328 0.0001527155 0.003567637 0.000504546 -0.0002740181 0.003256266 0.0004705138 0.0001151389 0.003227186 0.000558327 0.03089353 0.00394893 -0.00259196 0.03128269 0.003919849 -0.002504147 0.03135532 0.003876578 -0.002840361 0.03096616 0.003905659 -0.002928174 0.03141822 0.003755709 -0.003159145 0.03102906 0.00378479 -0.003246958 0.03146803 0.003563661 -0.003443472 0.03107887 0.003592742 -0.003531285 0.03150209 0.003310831 -0.003678138 0.03111293 0.003339911 -0.003765951 0.03151857 0.003010531 -0.003850649 0.03112942 0.003039612 -0.003938463 0.02922182 0.002389273 0.006121987 0.02883267 0.002418354 0.006034174 0.02875347 0.002262323 0.006333457 0.02914263 0.002233243 0.00642127 0.02867926 0.002039624 0.006588579 0.02906842 0.002010543 0.006676392 0.028614 0.001762115 0.006785897 0.02900316 0.001733034 0.006873711 0.02856118 0.001444755 0.006914909 0.02895033 0.001415675 0.007002722 0.0285236 0.001104304 0.00696869 0.02891276 0.001075223 0.007056503 0.002495998 0.006403882 -0.008940791 0.03090446 0.004281 -0.002530428 0.0004351373 0.004873306 -0.0003146568 0.0288436 0.002750424 0.006095706 0.006978761 0.002463795 -0.00710825 0.007001404 0.003151718 -0.006980779 0.007027406 0.00246016 -0.007097273 0.007050049 0.003148083 -0.006969802 0.03082367 -1.531574e-05 -0.001773118 0.03089117 0.00203558 -0.00139309 0.001636891 0.002165727 -0.008359107 0.001704395 0.004216623 -0.00797908 0.02409266 2.443551e-05 0.003016301 0.0241413 2.080043e-05 0.003027278 0.0241153 0.0007123588 0.003143773 0.02416395 0.0007087237 0.003154749 0.0002515347 0.00113684 -0.002560428 0.000319039 0.003187736 -0.002180401 0.02943831 -0.001044203 0.004025561 0.02950581 0.001006693 0.004405589</float_array>
          <technique_common>
            <accessor count="1976" source="#verts-array-array" stride="3">
              <param type="float" name="X"/>
              <param type="float" name="Y"/>
              <param type="float" name="Z"/>
            </accessor>
          </technique_common>
        </source>
        <source id="normals-array">
          <float_array count="5928" id="normals-array-array">-0.03234671 -0.9827475 -0.1821015 -0.03234671 -0.9827475 -0.1821015 -0.03234671 -0.9827475 -0.1821015 -0.03234671 -0.9827475 -0.1821015 -0.03234671 -0.9827475 -0.1821015 -0.03234671 -0.9827475 -0.1821015 -0.03234671 -0.9827475 -0.1821015 -0.03234671 -0.9827475 -0.1821015 -0.03234671 -0.9827475 -0.1821015 -0.03234671 -0.9827475 -0.1821015 -0.03234671 -0.9827475 -0.1821015 -0.03234671 -0.9827475 -0.1821015 -0.03234671 -0.9827475 -0.1821015 -0.03234671 -0.9827475 -0.1821015 -0.03234671 -0.9827475 -0.1821015 -0.03234671 -0.9827475 -0.1821015 -0.03234671 -0.9827475 -0.1821015 -0.03234671 -0.9827475 -0.1821015 -0.03234671 -0.9827475 -0.1821015 -0.03234671 -0.9827475 -0.1821015 0.1873291 0.8043933 -0.5637901 0.1873291 0.8043933 -0.5637901 0.203838 0.7179527 -0.665578 0.203838 0.7179527 -0.665578 0.2246783 0.5219827 -0.8228328 0.2246783 0.5219827 -0.8228328 0.2312365 0.2929042 -0.927759 0.2312365 0.2929042 -0.927759 0.2230603 0.04449641 -0.9737886 0.2230603 0.04449641 -0.9737886 0.2007155 -0.2060479 -0.9577356 0.2007155 -0.2060479 -0.9577356 0.165607 -0.4435703 -0.8808063 0.165607 -0.4435703 -0.8808063 0.1424378 -0.5594794 -0.8165135 0.1424378 -0.5594794 -0.8165135 -0.03234671 -0.9827475 -0.1821015 -0.03234671 -0.9827475 -0.1821015 -0.03234671 -0.9827475 -0.1821015 -0.03234671 -0.9827475 -0.1821015 -0.2289845 -0.170064 0.9584593 -0.2289845 -0.170064 0.9584593 -0.2289845 -0.170064 0.9584593 -0.2289845 -0.170064 0.9584593 -0.6833951 0.713582 0.154181 -0.683399 0.7135754 0.1541945 -0.6537359 0.6794217 0.3331898 -0.6537324 0.6794345 0.3331707 -0.577915 0.6463896 0.4981915 -0.5779174 0.6464005 0.4981746 -0.4612389 0.6166085 0.6380067 -0.4612335 0.6165824 0.6380359 -0.3115396 0.5921843 0.7431425 -0.3115263 0.5921793 0.7431521 -0.139003 0.5747869 0.8064107 -0.1390047 0.5747881 0.8064095 0.04452636 0.5655716 0.8234963 0.04451283 0.5655729 0.8234962 0.2266461 0.5651885 0.7932172 0.2266042 0.5652115 0.7932128 0.3947288 0.5737092 0.7176677 0.3947478 0.5737101 0.7176565 0.5375578 0.5904041 0.602042 0.5376327 0.5903635 0.602015 0.645422 0.6141821 0.4541044 0.6454174 0.6141796 0.4541143 0.7107143 0.6435941 0.2840277 0.7107142 0.643598 0.2840191 0.7292243 0.6764406 0.103248 0.7292278 0.6764363 0.1032506 0.6995054 0.7106095 -0.07567264 0.6994867 0.710636 -0.07559601 0.6237035 0.7437224 -0.240564 0.6237046 0.7437264 -0.2405485 0.5070069 0.773458 -0.3804033 0.5069968 0.7734455 -0.3804423 0.3572754 0.7978515 -0.4855793 0.3572624 0.7978498 -0.4855916 0.1847813 0.8152547 -0.5488312 0.1847782 0.8152543 -0.5488328 0.001187729 0.8244563 -0.5659243 0.001213563 0.8244599 -0.5659191 -0.1808629 0.8248431 -0.5356515 -0.1808288 0.824858 -0.53564 -0.3489215 0.8164271 -0.4601093 -0.3489595 0.8164179 -0.4600968 -0.4918739 0.7996584 -0.3443929 -0.491881 0.799651 -0.3444 -0.5996199 0.775795 -0.1964639 -0.5996089 0.7758023 -0.1964689 -0.6649431 0.7464269 -0.02640939 -0.6649436 0.7464264 -0.02641168 -0.1424116 0.5595981 0.8164367 -0.1424116 0.5595981 0.8164367 -0.1656118 0.443544 0.8808186 -0.1656118 0.443544 0.8808186 -0.2007354 0.2058789 0.9577678 -0.2007354 0.2058789 0.9577678 -0.2230603 -0.04449641 0.9737886 -0.2230603 -0.04449641 0.9737886 -0.2312365 -0.2929042 0.927759 -0.2312365 -0.2929042 0.927759 -0.2246878 -0.5218354 0.8229236 -0.2246878 -0.5218354 0.8229236 -0.2038413 -0.7179323 0.665599 -0.2038413 -0.7179323 0.665599 -0.1873096 -0.804478 0.5636756 -0.1873096 -0.804478 0.5636756 -0.6833951 0.713582 0.154181 -0.683399 0.7135754 0.1541945 -0.6537359 0.6794217 0.3331898 -0.6537324 0.6794345 0.3331707 -0.577915 0.6463896 0.4981915 -0.5779174 0.6464005 0.4981746 -0.4612092 0.6166025 0.638034 -0.4612131 0.6165939 0.6380395 -0.3115133 0.5922009 0.7431404 -0.3115286 0.5922109 0.743126 -0.1390082 0.5747928 0.8064056 -0.1390047 0.5747881 0.8064095 0.04452636 0.5655716 0.8234963 0.04451283 0.5655729 0.8234962 0.2265839 0.565187 0.793236 0.2265858 0.5651874 0.7932352 0.3948139 0.5736427 0.7176741 0.3947956 0.5736458 0.7176816 0.5376054 0.5903764 0.6020267 0.5376327 0.5903635 0.602015 0.645422 0.6141821 0.4541044 0.6454174 0.6141796 0.4541143 0.7107143 0.6435941 0.2840277 0.7107142 0.643598 0.2840191 0.7292243 0.6764406 0.103248 0.7292278 0.6764363 0.1032506 0.6995298 0.710594 -0.07559304 0.6995203 0.7106049 -0.07557818 0.623741 0.7436747 -0.2406141 0.6237385 0.7436745 -0.2406211 0.5069986 0.7734435 -0.3804439 0.5069968 0.7734455 -0.3804423 0.3572754 0.7978515 -0.4855793 0.3572624 0.7978498 -0.4855916 0.1847677 0.8152557 -0.5488343 0.1847722 0.8152582 -0.548829 0.00123817 0.8244757 -0.565896 0.001217866 0.8244741 -0.5658985 -0.1808398 0.8248545 -0.5356417 -0.1808288 0.824858 -0.53564 -0.3489215 0.8164271 -0.4601093 -0.3489595 0.8164179 -0.4600968 -0.4918739 0.7996584 -0.3443929 -0.491881 0.799651 -0.3444 -0.5996199 0.775795 -0.1964639 -0.5996089 0.7758023 -0.1964689 -0.6649431 0.7464269 -0.02640939 -0.6649436 0.7464264 -0.02641168 -0.6833951 0.713582 0.154181 -0.683399 0.7135754 0.1541945 -0.6537359 0.6794217 0.3331898 -0.6537324 0.6794345 0.3331707 -0.577915 0.6463896 0.4981915 -0.5779174 0.6464005 0.4981746 -0.4612092 0.6166025 0.638034 -0.4612131 0.6165939 0.6380395 -0.3115133 0.5922009 0.7431404 -0.3115286 0.5922109 0.743126 -0.1390082 0.5747928 0.8064056 -0.1390047 0.5747881 0.8064095 0.04452636 0.5655716 0.8234963 0.04451283 0.5655729 0.8234962 0.2265839 0.565187 0.793236 0.2265858 0.5651874 0.7932352 0.3948139 0.5736427 0.7176741 0.3947956 0.5736458 0.7176816 0.5376054 0.5903764 0.6020267 0.5376327 0.5903635 0.602015 0.645422 0.6141821 0.4541044 0.6454174 0.6141796 0.4541143 0.7107143 0.6435941 0.2840277 0.7107142 0.643598 0.2840191 0.7292243 0.6764406 0.103248 0.7292278 0.6764363 0.1032506 0.6995298 0.710594 -0.07559304 0.6995195 0.710606 -0.07557486 0.6237377 0.74368 -0.2406063 0.6237336 0.7436801 -0.2406165 0.5069944 0.7734461 -0.3804442 0.5069923 0.7734464 -0.3804464 0.3572754 0.7978515 -0.4855793 0.3572624 0.7978498 -0.4855916 0.1847677 0.8152557 -0.5488343 0.1847722 0.8152582 -0.548829 0.00123817 0.8244757 -0.565896 0.001217866 0.8244741 -0.5658985 -0.1808398 0.8248545 -0.5356417 -0.1808247 0.8248598 -0.5356386 -0.348916 0.8164321 -0.4601045 -0.3489521 0.8164236 -0.4600923 -0.4918744 0.7996596 -0.3443893 -0.4918842 0.7996505 -0.3443966 -0.5996199 0.775795 -0.1964639 -0.5996089 0.7758023 -0.1964689 -0.6649431 0.7464269 -0.02640939 -0.6649436 0.7464264 -0.02641168 0.9728925 -0.07270144 0.219533 0.9728925 -0.07270144 0.219533 0.9728925 -0.07270144 0.219533 0.9728925 -0.07270144 0.219533 0.9728925 -0.07270144 0.219533 0.9728925 -0.07270144 0.219533 0.9728925 -0.07270144 0.219533 0.9728925 -0.07270144 0.219533 0.9728925 -0.07270144 0.219533 0.9728925 -0.07270144 0.219533 0.9728925 -0.07270144 0.219533 0.9728925 -0.07270144 0.219533 0.9728925 -0.07270144 0.219533 0.9728925 -0.07270144 0.219533 0.9728925 -0.07270144 0.219533 0.9728925 -0.07270144 0.219533 0.9728925 -0.07270144 0.219533 0.9728925 -0.07270144 0.219533 0.9728925 -0.07270144 0.219533 0.9728925 -0.07270144 0.219533 0.9728925 -0.07270144 0.219533 0.9728925 -0.07270144 0.219533 0.9728925 -0.07270144 0.219533 0.9728925 -0.07270144 0.219533 0.9728925 -0.07270144 0.219533 0.9728925 -0.07270144 0.219533 0.9728925 -0.07270144 0.219533 0.9728925 -0.07270144 0.219533 0.9728925 -0.07270144 0.219533 0.9728925 -0.07270144 0.219533 0.03234671 0.9827475 0.1821015 0.03234671 0.9827475 0.1821015 0.03234671 0.9827475 0.1821015 0.03234671 0.9827475 0.1821015 -0.4685033 0.8502958 0.2397951 -0.4715293 0.8641759 0.1756707 -0.4505306 0.8400377 0.3022564 -0.4584698 0.8874168 0.04792516 -0.4725213 0.8743289 0.1107817 -0.2658762 0.7841537 0.5607253 -0.3143869 0.7955953 0.5178697 -0.2084939 0.7783307 0.5922259 -0.3969307 0.8166329 0.4189949 -0.361539 0.8035992 0.4727768 -0.4306069 0.8261422 0.3634099 0.1088438 0.7561519 0.6452808 0.04331945 0.7595135 0.6490476 0.1720906 0.7592422 0.6276433 -0.08648838 0.766025 0.6369659 -0.02239243 0.7595947 0.6500112 -0.1502107 0.7691462 0.621169 0.4361774 0.7826605 0.4440629 0.3920718 0.7770549 0.4924078 0.4682726 0.7939361 0.3877966 0.291062 0.7652282 0.5742027 0.3462751 0.7680972 0.5386281 0.2345937 0.759052 0.6072939 0.5244001 0.8481801 0.07480053 0.527553 0.8379615 0.1396722 0.5065764 0.8620951 0.01313179 0.5144949 0.81471 0.2674744 0.5284254 0.8241216 0.2039365 0.498342 0.8017791 0.3298568 0.3217915 0.9142947 -0.2459988 0.370414 0.9065316 -0.2024695 0.264524 0.9237947 -0.2768219 0.4529804 0.8854859 -0.1035542 0.4174364 0.894853 -0.158066 0.4865675 0.8722906 -0.0485927 -0.05295329 0.9422983 -0.3305599 0.01269918 0.9426128 -0.3336462 -0.1160675 0.942885 -0.312244 0.1425131 0.9361016 -0.3215646 0.07829619 0.9388554 -0.3352911 0.2061145 0.929304 -0.306449 -0.3803437 0.9157726 -0.1292252 -0.3360378 0.925071 -0.1769807 -0.4122784 0.9081813 -0.07234077 -0.234988 0.9369028 -0.2588317 -0.2902766 0.9303638 -0.2239702 -0.17868 0.9393991 -0.2925795 -0.4424378 0.8966714 -0.01513855 -0.6833951 0.713582 0.154181 -0.683399 0.7135754 0.1541945 -0.6537359 0.6794217 0.3331898 -0.6537324 0.6794345 0.3331707 -0.577915 0.6463896 0.4981915 -0.5779174 0.6464005 0.4981746 -0.4612389 0.6166085 0.6380067 -0.4612335 0.6165824 0.6380359 -0.3115396 0.5921843 0.7431425 -0.3115263 0.5921793 0.7431521 -0.139003 0.5747869 0.8064107 -0.1390047 0.5747881 0.8064095 0.04452636 0.5655716 0.8234963 0.04451283 0.5655729 0.8234962 0.2266461 0.5651885 0.7932172 0.2266042 0.5652115 0.7932128 0.3947288 0.5737092 0.7176677 0.3947478 0.5737101 0.7176565 0.5375578 0.5904041 0.602042 0.5376327 0.5903635 0.602015 0.645422 0.6141821 0.4541044 0.6454174 0.6141796 0.4541143 0.7107143 0.6435941 0.2840277 0.7107142 0.643598 0.2840191 0.7292243 0.6764406 0.103248 0.7292278 0.6764363 0.1032506 0.6995054 0.7106095 -0.07567264 0.699486 0.7106371 -0.07559269 0.6237001 0.7437277 -0.2405562 0.6236997 0.743732 -0.2405439 0.5070027 0.7734606 -0.3804037 0.5069923 0.7734464 -0.3804464 0.3572754 0.7978515 -0.4855793 0.3572624 0.7978498 -0.4855916 0.1847813 0.8152547 -0.5488312 0.1847782 0.8152543 -0.5488328 0.001187729 0.8244563 -0.5659243 0.001213563 0.8244599 -0.5659191 -0.1808629 0.8248431 -0.5356515 -0.1808247 0.8248598 -0.5356386 -0.348916 0.8164321 -0.4601045 -0.3489521 0.8164236 -0.4600923 -0.4918744 0.7996596 -0.3443893 -0.4918842 0.7996505 -0.3443966 -0.5996199 0.775795 -0.1964639 -0.5996089 0.7758023 -0.1964689 -0.6649431 0.7464269 -0.02640939 -0.6649436 0.7464264 -0.02641168 0.152254 0.9158945 -0.3714243 0.1425234 0.9360822 -0.3216165 0.152254 0.9158945 -0.3714243 0.1425234 0.9360822 -0.3216165 -0.9728925 0.07270144 -0.219533 -0.9728925 0.07270144 -0.219533 -0.9728925 0.07270144 -0.219533 -0.9728925 0.07270144 -0.219533 -0.9728925 0.07270144 -0.219533 -0.9728925 0.07270144 -0.219533 -0.9728925 0.07270144 -0.219533 -0.9728925 0.07270144 -0.219533 -0.9728925 0.07270144 -0.219533 -0.9728925 0.07270144 -0.219533 -0.9728925 0.07270144 -0.219533 -0.9728925 0.07270144 -0.219533 -0.9728925 0.07270144 -0.219533 -0.9728925 0.07270144 -0.219533 -0.9728925 0.07270144 -0.219533 -0.9728925 0.07270144 -0.219533 -0.9728925 0.07270144 -0.219533 -0.9728925 0.07270144 -0.219533 -0.9728925 0.07270144 -0.219533 -0.9728925 0.07270144 -0.219533 -0.9728925 0.07270144 -0.219533 -0.9728925 0.07270144 -0.219533 -0.9728925 0.07270144 -0.219533 -0.9728925 0.07270144 -0.219533 -0.9728925 0.07270144 -0.219533 -0.9728925 0.07270144 -0.219533 -0.9728925 0.07270144 -0.219533 -0.9728925 0.07270144 -0.219533 -0.9728925 0.07270144 -0.219533 -0.9728925 0.07270144 -0.219533 -0.9728921 0.07270175 -0.2195347 -0.9728921 0.07270175 -0.2195347 -0.9990101 0.02622388 0.03593183 -0.9990101 0.02622388 0.03593183 -0.9570455 -0.02206839 0.2890966 -0.9570455 -0.02206839 0.2890966 -0.8498212 -0.06885688 0.5225539 -0.8498212 -0.06885688 0.5225539 -0.684789 -0.1109216 0.7202502 -0.684789 -0.1109216 0.7202502 -0.4730083 -0.1454497 0.8689692 -0.4730083 -0.1454497 0.8689692 -0.2289665 -0.1700654 0.9584634 -0.2289665 -0.1700654 0.9584634 0.03061151 -0.1830855 0.9826203 0.03061151 -0.1830855 0.9826203 0.2882183 -0.1836287 0.9397929 0.2882183 -0.1836287 0.9397929 0.5260406 -0.1716596 0.8329551 0.5260406 -0.1716596 0.8329551 0.7279762 -0.1480064 0.6694361 0.7279762 -0.1480064 0.6694361 0.8804544 -0.1142468 0.4601605 0.8804544 -0.1142468 0.4601605 0.9728929 -0.07270112 0.2195312 0.9728929 -0.07270112 0.2195312 0.9990062 -0.02620054 -0.03605712 0.9990062 -0.02620054 -0.03605712 0.9570093 0.02209146 -0.2892147 0.9570093 0.02209146 -0.2892147 0.8498608 0.06884398 -0.5224913 0.8498608 0.06884398 -0.5224913 0.6848137 0.1109166 -0.7202275 0.6848137 0.1109166 -0.7202275 0.4729883 0.1454523 -0.8689797 0.4729883 0.1454523 -0.8689797 0.2290025 0.1700627 -0.9584553 0.2290025 0.1700627 -0.9584553 -0.03066036 0.1830868 -0.9826185 -0.03066036 0.1830868 -0.9826185 -0.2881894 0.1836293 -0.9398016 -0.2881894 0.1836293 -0.9398016 -0.5259576 0.1716663 -0.8330061 -0.5259576 0.1716663 -0.8330061 -0.7280697 0.1479913 -0.6693378 -0.7280697 0.1479913 -0.6693378 -0.8805181 0.1142272 -0.4600435 -0.8805181 0.1142272 -0.4600435 -0.4685033 0.8502958 0.2397951 -0.4715293 0.8641759 0.1756707 -0.4505306 0.8400377 0.3022564 -0.4584698 0.8874168 0.04792516 -0.4725213 0.8743289 0.1107817 -0.2659173 0.7841647 0.5606904 -0.3144053 0.795599 0.5178528 -0.2085071 0.778338 0.5922117 -0.3969307 0.8166329 0.4189949 -0.361539 0.8035992 0.4727768 -0.4306069 0.8261422 0.3634099 0.1088438 0.7561519 0.6452808 0.04331945 0.7595135 0.6490476 0.1721293 0.7592431 0.6276316 -0.08647996 0.7660243 0.6369678 -0.02239243 0.7595947 0.6500112 -0.1501926 0.7691457 0.6211739 0.4361774 0.7826605 0.4440629 0.3920357 0.777049 0.4924457 0.4682726 0.7939361 0.3877966 0.2910601 0.7652127 0.5742243 0.3461943 0.7680788 0.5387063 0.2346762 0.7590495 0.6072651 0.5244001 0.8481801 0.07480053 0.527553 0.8379615 0.1396722 0.5065612 0.8621047 0.01308234 0.5144949 0.81471 0.2674744 0.5284254 0.8241216 0.2039365 0.498342 0.8017791 0.3298568 0.3217915 0.9142947 -0.2459988 0.3704434 0.9065256 -0.2024425 0.264524 0.9237947 -0.2768219 0.4529894 0.8854785 -0.1035781 0.4174979 0.8948349 -0.1580064 0.4865309 0.872305 -0.04869972 -0.05300625 0.9423005 -0.3305451 0.01268049 0.9426161 -0.3336377 -0.1160918 0.9428844 -0.3122366 0.1425216 0.936101 -0.3215627 0.07831457 0.9388552 -0.3352874 0.2061145 0.929304 -0.306449 -0.3803437 0.9157726 -0.1292252 -0.3360378 0.925071 -0.1769807 -0.4122784 0.9081813 -0.07234077 -0.234988 0.9369028 -0.2588317 -0.2902766 0.9303638 -0.2239702 -0.17868 0.9393991 -0.2925795 -0.4424378 0.8966714 -0.01513855 -0.9728921 0.07270175 -0.2195347 -0.9728921 0.07270175 -0.2195347 -0.9990101 0.02622388 0.03593183 -0.9990101 0.02622388 0.03593183 -0.9570455 -0.02206839 0.2890966 -0.9570455 -0.02206839 0.2890966 -0.8498212 -0.06885688 0.5225539 -0.8498212 -0.06885688 0.5225539 -0.6847495 -0.1109297 0.7202866 -0.6847495 -0.1109297 0.7202866 -0.4729768 -0.1454538 0.8689857 -0.4729768 -0.1454538 0.8689857 -0.2289845 -0.170064 0.9584593 -0.2289845 -0.170064 0.9584593 0.03061151 -0.1830855 0.9826203 0.03061151 -0.1830855 0.9826203 0.2881357 -0.1836306 0.9398179 0.2881357 -0.1836306 0.9398179 0.5260628 -0.1716578 0.8329415 0.5260628 -0.1716578 0.8329415 0.7280533 -0.1479939 0.669355 0.7280533 -0.1479939 0.669355 0.8804544 -0.1142468 0.4601605 0.8804544 -0.1142468 0.4601605 0.9728929 -0.07270112 0.2195312 0.9728929 -0.07270112 0.2195312 0.9990062 -0.02620054 -0.03605712 0.9990062 -0.02620054 -0.03605712 0.9570417 0.02207079 -0.2891089 0.9570417 0.02207079 -0.2891089 0.8498745 0.06883949 -0.5224695 0.8498745 0.06883949 -0.5224695 0.6847508 0.1109294 -0.7202853 0.6847508 0.1109294 -0.7202853 0.4729883 0.1454523 -0.8689797 0.4729883 0.1454523 -0.8689797 0.2289845 0.170064 -0.9584593 0.2289845 0.170064 -0.9584593 -0.0306246 0.1830858 -0.9826198 -0.0306246 0.1830858 -0.9826198 -0.2881374 0.1836305 -0.9398174 -0.2881374 0.1836305 -0.9398174 -0.5259576 0.1716663 -0.8330061 -0.5259576 0.1716663 -0.8330061 -0.7280697 0.1479913 -0.6693378 -0.7280697 0.1479913 -0.6693378 -0.8805181 0.1142272 -0.4600435 -0.8805181 0.1142272 -0.4600435 0.9728925 -0.07270144 0.219533 0.9728925 -0.07270144 0.219533 0.9728925 -0.07270144 0.219533 0.9728925 -0.07270144 0.219533 0.9728925 -0.07270144 0.219533 0.9728925 -0.07270144 0.219533 0.9728925 -0.07270144 0.219533 0.9728925 -0.07270144 0.219533 0.9728925 -0.07270144 0.219533 0.9728925 -0.07270144 0.219533 0.9728925 -0.07270144 0.219533 0.9728925 -0.07270144 0.219533 0.9728925 -0.07270144 0.219533 0.9728925 -0.07270144 0.219533 0.9728925 -0.07270144 0.219533 0.9728925 -0.07270144 0.219533 0.9728925 -0.07270144 0.219533 0.9728925 -0.07270144 0.219533 0.9728925 -0.07270144 0.219533 0.9728925 -0.07270144 0.219533 0.9728925 -0.07270144 0.219533 0.9728925 -0.07270144 0.219533 0.9728925 -0.07270144 0.219533 0.9728925 -0.07270144 0.219533 0.9728925 -0.07270144 0.219533 0.9728925 -0.07270144 0.219533 0.9728925 -0.07270144 0.219533 0.9728925 -0.07270144 0.219533 0.9728925 -0.07270144 0.219533 -0.1314225 -0.9549216 0.2661821 -0.143023 -0.9351335 0.3241446 -0.1314225 -0.9549216 0.2661821 -0.143023 -0.9351335 0.3241446 -0.9728921 0.07270175 -0.2195347 -0.9728921 0.07270175 -0.2195347 -0.9990101 0.02622388 0.03593183 -0.9990101 0.02622388 0.03593183 -0.9570455 -0.02206839 0.2890966 -0.9570455 -0.02206839 0.2890966 -0.8498212 -0.06885688 0.5225539 -0.8498212 -0.06885688 0.5225539 -0.6847495 -0.1109297 0.7202866 -0.6847495 -0.1109297 0.7202866 -0.4729768 -0.1454538 0.8689857 -0.4729768 -0.1454538 0.8689857 -0.2289845 -0.170064 0.9584593 -0.2289845 -0.170064 0.9584593 0.03061151 -0.1830855 0.9826203 0.03061151 -0.1830855 0.9826203 0.2881357 -0.1836306 0.9398179 0.2881357 -0.1836306 0.9398179 0.5260628 -0.1716578 0.8329415 0.5260628 -0.1716578 0.8329415 0.7280533 -0.1479939 0.669355 0.7280533 -0.1479939 0.669355 0.8804544 -0.1142468 0.4601605 0.8804544 -0.1142468 0.4601605 0.9728929 -0.07270112 0.2195312 0.9728929 -0.07270112 0.2195312 0.9990062 -0.02620054 -0.03605712 0.9990062 -0.02620054 -0.03605712 0.9570417 0.02207079 -0.2891089 0.9570417 0.02207079 -0.2891089 0.8498745 0.06883949 -0.5224695 0.8498745 0.06883949 -0.5224695 0.6847508 0.1109294 -0.7202853 0.6847508 0.1109294 -0.7202853 0.4729883 0.1454523 -0.8689797 0.4729883 0.1454523 -0.8689797 0.2289845 0.170064 -0.9584593 0.2289845 0.170064 -0.9584593 -0.0306246 0.1830858 -0.9826198 -0.0306246 0.1830858 -0.9826198 -0.2881374 0.1836305 -0.9398174 -0.2881374 0.1836305 -0.9398174 -0.5259576 0.1716663 -0.8330061 -0.5259576 0.1716663 -0.8330061 -0.7280697 0.1479913 -0.6693378 -0.7280697 0.1479913 -0.6693378 -0.8805181 0.1142272 -0.4600435 -0.8805181 0.1142272 -0.4600435 0.03234671 0.9827475 0.1821015 0.03234671 0.9827475 0.1821015 0.03234671 0.9827475 0.1821015 0.03234671 0.9827475 0.1821015 0.03234671 0.9827475 0.1821015 0.03234671 0.9827475 0.1821015 0.03234671 0.9827475 0.1821015 0.03234671 0.9827475 0.1821015 0.03234671 0.9827475 0.1821015 0.03234671 0.9827475 0.1821015 0.03234671 0.9827475 0.1821015 0.03234671 0.9827475 0.1821015 0.03234671 0.9827475 0.1821015 0.03234671 0.9827475 0.1821015 0.03234671 0.9827475 0.1821015 0.03234671 0.9827475 0.1821015 0.03234671 0.9827475 0.1821015 0.03234671 0.9827475 0.1821015 0.03234671 0.9827475 0.1821015 0.03234671 0.9827475 0.1821015 0.03234671 0.9827475 0.1821015 0.03234671 0.9827475 0.1821015 0.03234671 0.9827475 0.1821015 0.03234671 0.9827475 0.1821015 0.03234671 0.9827475 0.1821015 0.03234671 0.9827475 0.1821015 0.03234671 0.9827475 0.1821015 0.03234671 0.9827475 0.1821015 0.03234671 0.9827475 0.1821015 0.03234671 0.9827475 0.1821015 0.03234671 0.9827475 0.1821015 0.03234671 0.9827475 0.1821015 0.03234671 0.9827475 0.1821015 0.03234671 0.9827475 0.1821015 0.03234671 0.9827475 0.1821015 0.03234671 0.9827475 0.1821015 0.03234671 0.9827475 0.1821015 0.03234671 0.9827475 0.1821015 0.03234671 0.9827475 0.1821015 0.03234671 0.9827475 0.1821015 0.03234671 0.9827475 0.1821015 0.03234671 0.9827475 0.1821015 0.03234671 0.9827475 0.1821015 0.03234671 0.9827475 0.1821015 0.03234671 0.9827475 0.1821015 0.03234671 0.9827475 0.1821015 0.03234671 0.9827475 0.1821015 0.03234671 0.9827475 0.1821015 0.03234671 0.9827475 0.1821015 0.03234671 0.9827475 0.1821015 0.03234671 0.9827475 0.1821015 0.03234671 0.9827475 0.1821015 0.07357192 -0.8026748 -0.5918618 0.08708681 -0.7642389 -0.6390264 0.07357192 -0.8026748 -0.5918618 0.08708681 -0.7642389 -0.6390264 -0.4685033 0.8502958 0.2397951 -0.4715293 0.8641759 0.1756707 -0.4505306 0.8400377 0.3022564 -0.4584698 0.8874168 0.04792516 -0.4725213 0.8743289 0.1107817 -0.2659173 0.7841647 0.5606904 -0.3144053 0.795599 0.5178528 -0.2085071 0.778338 0.5922117 -0.3969307 0.8166329 0.4189949 -0.361539 0.8035992 0.4727768 -0.4306069 0.8261422 0.3634099 0.1088438 0.7561519 0.6452808 0.04331945 0.7595135 0.6490476 0.1721293 0.7592431 0.6276316 -0.08647996 0.7660243 0.6369678 -0.02239243 0.7595947 0.6500112 -0.1501926 0.7691457 0.6211739 0.4361774 0.7826605 0.4440629 0.3920357 0.777049 0.4924457 0.4682726 0.7939361 0.3877966 0.2910601 0.7652127 0.5742243 0.3461943 0.7680788 0.5387063 0.2346762 0.7590495 0.6072651 0.5244001 0.8481801 0.07480053 0.527553 0.8379615 0.1396722 0.5065612 0.8621047 0.01308234 0.5144949 0.81471 0.2674744 0.5284254 0.8241216 0.2039365 0.498342 0.8017791 0.3298568 0.3217915 0.9142947 -0.2459988 0.3704434 0.9065256 -0.2024425 0.264524 0.9237947 -0.2768219 0.4529894 0.8854785 -0.1035781 0.4174979 0.8948349 -0.1580064 0.4865309 0.872305 -0.04869972 -0.05300625 0.9423005 -0.3305451 0.01268049 0.9426161 -0.3336377 -0.1160918 0.9428844 -0.3122366 0.1425216 0.936101 -0.3215627 0.07831457 0.9388552 -0.3352874 0.2061145 0.929304 -0.306449 -0.3803437 0.9157726 -0.1292252 -0.3360378 0.925071 -0.1769807 -0.4122784 0.9081813 -0.07234077 -0.234988 0.9369028 -0.2588317 -0.2902766 0.9303638 -0.2239702 -0.17868 0.9393991 -0.2925795 -0.4424378 0.8966714 -0.01513855 -0.1875711 0.3071913 0.9329794 -0.1875711 0.3071913 0.9329794 -0.1693382 0.4225493 0.8903801 -0.1693382 0.4225493 0.8903801 -0.1253464 0.6319807 0.7647801 -0.1253464 0.6319807 0.7647801 -0.08712352 0.7641291 0.6391528 -0.08712352 0.7641291 0.6391528 -0.4685033 0.8502958 0.2397951 -0.4715293 0.8641759 0.1756707 -0.4505306 0.8400377 0.3022564 -0.4584698 0.8874168 0.04792516 -0.4725213 0.8743289 0.1107817 -0.2658762 0.7841537 0.5607253 -0.3143869 0.7955953 0.5178697 -0.2084939 0.7783307 0.5922259 -0.3969307 0.8166329 0.4189949 -0.361539 0.8035992 0.4727768 -0.4306069 0.8261422 0.3634099 0.1088438 0.7561519 0.6452808 0.04331945 0.7595135 0.6490476 0.1720906 0.7592422 0.6276433 -0.08648838 0.766025 0.6369659 -0.02239243 0.7595947 0.6500112 -0.1502107 0.7691462 0.621169 0.4361774 0.7826605 0.4440629 0.3920718 0.7770549 0.4924078 0.4682726 0.7939361 0.3877966 0.291062 0.7652282 0.5742027 0.3462751 0.7680972 0.5386281 0.2345937 0.759052 0.6072939 0.5244001 0.8481801 0.07480053 0.527553 0.8379615 0.1396722 0.5065764 0.8620951 0.01313179 0.5144949 0.81471 0.2674744 0.5284254 0.8241216 0.2039365 0.498342 0.8017791 0.3298568 0.3217915 0.9142947 -0.2459988 0.370414 0.9065316 -0.2024695 0.264524 0.9237947 -0.2768219 0.4529804 0.8854859 -0.1035542 0.4174364 0.894853 -0.158066 0.4865675 0.8722906 -0.0485927 -0.05295329 0.9422983 -0.3305599 0.01269918 0.9426128 -0.3336462 -0.1160675 0.942885 -0.312244 0.1425131 0.9361016 -0.3215646 0.07829619 0.9388554 -0.3352911 0.2061145 0.929304 -0.306449 -0.3803437 0.9157726 -0.1292252 -0.3360378 0.925071 -0.1769807 -0.4122784 0.9081813 -0.07234077 -0.234988 0.9369028 -0.2588317 -0.2902766 0.9303638 -0.2239702 -0.17868 0.9393991 -0.2925795 -0.4424378 0.8966714 -0.01513855 -0.03234671 -0.9827475 -0.1821015 -0.03234671 -0.9827475 -0.1821015 -0.03234671 -0.9827475 -0.1821015 -0.03234671 -0.9827475 -0.1821015 -0.9728921 0.07270175 -0.2195347 -0.9728921 0.07270175 -0.2195347 -0.9990101 0.02622388 0.03593183 -0.9990101 0.02622388 0.03593183 -0.9570455 -0.02206839 0.2890966 -0.9570455 -0.02206839 0.2890966 -0.8498212 -0.06885688 0.5225539 -0.8498212 -0.06885688 0.5225539 -0.684789 -0.1109216 0.7202502 -0.684789 -0.1109216 0.7202502 -0.4730083 -0.1454497 0.8689692 -0.4730083 -0.1454497 0.8689692 -0.2289665 -0.1700654 0.9584634 -0.2289665 -0.1700654 0.9584634 0.03061151 -0.1830855 0.9826203 0.03061151 -0.1830855 0.9826203 0.2882183 -0.1836287 0.9397929 0.2882183 -0.1836287 0.9397929 0.5260406 -0.1716596 0.8329551 0.5260406 -0.1716596 0.8329551 0.7279762 -0.1480064 0.6694361 0.7279762 -0.1480064 0.6694361 0.8804544 -0.1142468 0.4601605 0.8804544 -0.1142468 0.4601605 0.9728929 -0.07270112 0.2195312 0.9728929 -0.07270112 0.2195312 0.9990062 -0.02620054 -0.03605712 0.9990062 -0.02620054 -0.03605712 0.9570093 0.02209146 -0.2892147 0.9570093 0.02209146 -0.2892147 0.8498608 0.06884398 -0.5224913 0.8498608 0.06884398 -0.5224913 0.6848137 0.1109166 -0.7202275 0.6848137 0.1109166 -0.7202275 0.4729883 0.1454523 -0.8689797 0.4729883 0.1454523 -0.8689797 0.2290025 0.1700627 -0.9584553 0.2290025 0.1700627 -0.9584553 -0.03066036 0.1830868 -0.9826185 -0.03066036 0.1830868 -0.9826185 -0.2881894 0.1836293 -0.9398016 -0.2881894 0.1836293 -0.9398016 -0.5259576 0.1716663 -0.8330061 -0.5259576 0.1716663 -0.8330061 -0.7280697 0.1479913 -0.6693378 -0.7280697 0.1479913 -0.6693378 -0.8805181 0.1142272 -0.4600435 -0.8805181 0.1142272 -0.4600435 -0.2176862 -0.6083226 0.7632538 -0.2176862 -0.6083226 0.7632538 -0.2063284 -0.7016226 0.6820222 -0.2063284 -0.7016226 0.6820222 -0.1742734 -0.8545047 0.4893368 -0.1742734 -0.8545047 0.4893368 0.9728925 -0.07270144 0.219533 0.9728925 -0.07270144 0.219533 0.9728925 -0.07270144 0.219533 0.9728925 -0.07270144 0.219533 0.9728925 -0.07270144 0.219533 0.9728925 -0.07270144 0.219533 0.9728925 -0.07270144 0.219533 0.9728925 -0.07270144 0.219533 0.9728925 -0.07270144 0.219533 0.9728925 -0.07270144 0.219533 0.9728925 -0.07270144 0.219533 0.9728925 -0.07270144 0.219533 0.9728925 -0.07270144 0.219533 0.9728925 -0.07270144 0.219533 0.9728925 -0.07270144 0.219533 0.9728925 -0.07270144 0.219533 0.9728925 -0.07270144 0.219533 0.9728925 -0.07270144 0.219533 0.9728925 -0.07270144 0.219533 0.9728925 -0.07270144 0.219533 0.9728925 -0.07270144 0.219533 0.9728925 -0.07270144 0.219533 0.9728925 -0.07270144 0.219533 0.9728925 -0.07270144 0.219533 0.9728925 -0.07270144 0.219533 0.9728925 -0.07270144 0.219533 0.9728925 -0.07270144 0.219533 0.9728925 -0.07270144 0.219533 0.9728925 -0.07270144 0.219533 0.9728925 -0.07270144 0.219533 -0.9728925 0.07270144 -0.219533 -0.9728925 0.07270144 -0.219533 -0.9728925 0.07270144 -0.219533 -0.9728925 0.07270144 -0.219533 -0.9728925 0.07270144 -0.219533 -0.9728925 0.07270144 -0.219533 -0.9728925 0.07270144 -0.219533 -0.9728925 0.07270144 -0.219533 -0.9728925 0.07270144 -0.219533 -0.9728925 0.07270144 -0.219533 -0.9728925 0.07270144 -0.219533 -0.9728925 0.07270144 -0.219533 -0.9728925 0.07270144 -0.219533 -0.9728925 0.07270144 -0.219533 -0.9728925 0.07270144 -0.219533 -0.9728925 0.07270144 -0.219533 -0.9728925 0.07270144 -0.219533 -0.9728925 0.07270144 -0.219533 -0.9728925 0.07270144 -0.219533 -0.9728925 0.07270144 -0.219533 -0.9728925 0.07270144 -0.219533 -0.9728925 0.07270144 -0.219533 -0.9728925 0.07270144 -0.219533 -0.9728925 0.07270144 -0.219533 -0.9728925 0.07270144 -0.219533 -0.9728925 0.07270144 -0.219533 -0.9728925 0.07270144 -0.219533 -0.9728925 0.07270144 -0.219533 -0.9728925 0.07270144 -0.219533 0.1852817 -0.3230233 -0.9280768 0.1852817 -0.3230233 -0.9280768 0.1690986 -0.423922 -0.8897729 0.1690986 -0.423922 -0.8897729 0.1309142 -0.6094031 -0.7819779 0.1309142 -0.6094031 -0.7819779 0.0980809 -0.7299739 -0.676401 0.0980809 -0.7299739 -0.676401 0.03234671 0.9827475 0.1821015 0.03234671 0.9827475 0.1821015 0.03234671 0.9827475 0.1821015 0.03234671 0.9827475 0.1821015 0.03234671 0.9827475 0.1821015 0.03234671 0.9827475 0.1821015 0.03234671 0.9827475 0.1821015 0.03234671 0.9827475 0.1821015 -0.0736424 0.8024844 0.5921111 -0.0736424 0.8024844 0.5921111 -0.2304232 -0.224165 0.9469188 -0.2267283 -0.1128943 0.967393 -0.2304232 -0.224165 0.9469188 -0.2267283 -0.1128943 0.967393 -0.03234671 -0.9827475 -0.1821015 -0.03234671 -0.9827475 -0.1821015 -0.03234671 -0.9827475 -0.1821015 -0.03234671 -0.9827475 -0.1821015 -0.08650046 0.765989 0.6370075 -0.0980809 0.7299739 0.676401 -0.08650046 0.765989 0.6370075 -0.0980809 0.7299739 0.676401 0.1253443 -0.6319889 -0.7647737 0.1253443 -0.6319889 -0.7647737 0.1693268 -0.4226148 -0.8903512 0.1693268 -0.4226148 -0.8903512 0.1875515 -0.3073287 -0.9329381 0.1875515 -0.3073287 -0.9329381 -0.2289845 -0.170064 0.9584593 -0.2289845 -0.170064 0.9584593 -0.2289845 -0.170064 0.9584593 -0.2289845 -0.170064 0.9584593 -0.9728925 0.07270144 -0.219533 -0.9728925 0.07270144 -0.219533 -0.9728925 0.07270144 -0.219533 -0.9728925 0.07270144 -0.219533 -0.9728925 0.07270144 -0.219533 -0.9728925 0.07270144 -0.219533 -0.9728925 0.07270144 -0.219533 -0.9728925 0.07270144 -0.219533 -0.9728925 0.07270144 -0.219533 -0.9728925 0.07270144 -0.219533 -0.9728925 0.07270144 -0.219533 -0.9728925 0.07270144 -0.219533 -0.9728925 0.07270144 -0.219533 -0.9728925 0.07270144 -0.219533 -0.9728925 0.07270144 -0.219533 -0.9728925 0.07270144 -0.219533 -0.9728925 0.07270144 -0.219533 -0.9728925 0.07270144 -0.219533 -0.9728925 0.07270144 -0.219533 -0.9728925 0.07270144 -0.219533 -0.9728925 0.07270144 -0.219533 -0.9728925 0.07270144 -0.219533 -0.9728925 0.07270144 -0.219533 -0.9728925 0.07270144 -0.219533 -0.9728925 0.07270144 -0.219533 -0.9728925 0.07270144 -0.219533 -0.9728925 0.07270144 -0.219533 -0.9728925 0.07270144 -0.219533 -0.9728925 0.07270144 -0.219533 -0.9728925 0.07270144 -0.219533 -0.2289845 -0.170064 0.9584593 -0.2268446 -0.1154422 0.9670649 -0.2289845 -0.170064 0.9584593 -0.2268446 -0.1154422 0.9670649 0.2289845 0.170064 -0.9584593 0.2289845 0.170064 -0.9584593 0.2289845 0.170064 -0.9584593 0.2289845 0.170064 -0.9584593 -0.03234671 -0.9827475 -0.1821015 -0.03234671 -0.9827475 -0.1821015 -0.03234671 -0.9827475 -0.1821015 -0.03234671 -0.9827475 -0.1821015 0.03234671 0.9827475 0.1821015 0.03234671 0.9827475 0.1821015 0.03234671 0.9827475 0.1821015 0.03234671 0.9827475 0.1821015 0.03234671 0.9827475 0.1821015 0.03234671 0.9827475 0.1821015 0.03234671 0.9827475 0.1821015 0.03234671 0.9827475 0.1821015 0.03234671 0.9827475 0.1821015 0.03234671 0.9827475 0.1821015 0.03234671 0.9827475 0.1821015 0.03234671 0.9827475 0.1821015 0.03234671 0.9827475 0.1821015 0.03234671 0.9827475 0.1821015 0.03234671 0.9827475 0.1821015 0.03234671 0.9827475 0.1821015 0.03234671 0.9827475 0.1821015 0.03234671 0.9827475 0.1821015 0.03234671 0.9827475 0.1821015 0.03234671 0.9827475 0.1821015 0.03234671 0.9827475 0.1821015 0.03234671 0.9827475 0.1821015 0.03234671 0.9827475 0.1821015 0.03234671 0.9827475 0.1821015 0.03234671 0.9827475 0.1821015 0.03234671 0.9827475 0.1821015 0.03234671 0.9827475 0.1821015 0.03234671 0.9827475 0.1821015 0.03234671 0.9827475 0.1821015 0.03234671 0.9827475 0.1821015 0.03234671 0.9827475 0.1821015 0.03234671 0.9827475 0.1821015 0.03234671 0.9827475 0.1821015 0.03234671 0.9827475 0.1821015 0.03234671 0.9827475 0.1821015 0.03234671 0.9827475 0.1821015 0.03234671 0.9827475 0.1821015 0.03234671 0.9827475 0.1821015 0.03234671 0.9827475 0.1821015 0.03234671 0.9827475 0.1821015 0.03234671 0.9827475 0.1821015 0.03234671 0.9827475 0.1821015 0.03234671 0.9827475 0.1821015 0.03234671 0.9827475 0.1821015 0.03234671 0.9827475 0.1821015 0.03234671 0.9827475 0.1821015 0.03234671 0.9827475 0.1821015 0.03234671 0.9827475 0.1821015 0.03234671 0.9827475 0.1821015 0.03234671 0.9827475 0.1821015 0.03234671 0.9827475 0.1821015 0.03234671 0.9827475 0.1821015 0.152254 0.9158945 -0.3714243 0.152254 0.9158945 -0.3714243 0.1785968 0.8392731 -0.5135406 0.1785968 0.8392731 -0.5135406 0.2061892 0.702565 -0.6810935 0.2061892 0.702565 -0.6810935 0.2163808 0.6211647 -0.7532156 0.2163808 0.6211647 -0.7532156 0.9728925 -0.07270144 0.219533 0.9728925 -0.07270144 0.219533 0.9728925 -0.07270144 0.219533 0.9728925 -0.07270144 0.219533 0.9728925 -0.07270144 0.219533 0.9728925 -0.07270144 0.219533 0.9728925 -0.07270144 0.219533 0.9728925 -0.07270144 0.219533 0.9728925 -0.07270144 0.219533 0.9728925 -0.07270144 0.219533 0.9728925 -0.07270144 0.219533 0.9728925 -0.07270144 0.219533 0.9728925 -0.07270144 0.219533 0.9728925 -0.07270144 0.219533 0.9728925 -0.07270144 0.219533 0.9728925 -0.07270144 0.219533 0.9728925 -0.07270144 0.219533 0.9728925 -0.07270144 0.219533 0.9728925 -0.07270144 0.219533 0.9728925 -0.07270144 0.219533 0.9728925 -0.07270144 0.219533 0.9728925 -0.07270144 0.219533 0.9728925 -0.07270144 0.219533 0.9728925 -0.07270144 0.219533 0.9728925 -0.07270144 0.219533 0.9728925 -0.07270144 0.219533 0.9728925 -0.07270144 0.219533 0.9728925 -0.07270144 0.219533 0.9728925 -0.07270144 0.219533 -0.2289845 -0.170064 0.9584593 -0.2289845 -0.170064 0.9584593 -0.2268446 -0.1154422 0.9670649 -0.2268446 -0.1154422 0.9670649 0.2268446 0.1154422 -0.9670649 0.2304729 0.2266635 -0.9463117 0.2268446 0.1154422 -0.9670649 0.2304729 0.2266635 -0.9463117 0.2289845 0.170064 -0.9584593 0.2289845 0.170064 -0.9584593 0.2304232 0.224165 -0.9469188 0.2304232 0.224165 -0.9469188 -0.2304232 -0.224165 0.9469188 -0.2267283 -0.1128943 0.967393 -0.2304232 -0.224165 0.9469188 -0.2267283 -0.1128943 0.967393 0.1852817 -0.3230233 -0.9280768 0.1852817 -0.3230233 -0.9280768 0.1690986 -0.423922 -0.8897729 0.1690986 -0.423922 -0.8897729 0.1309142 -0.6094031 -0.7819779 0.1309142 -0.6094031 -0.7819779 0.0980809 -0.7299739 -0.676401 0.0980809 -0.7299739 -0.676401 0.2289845 0.170064 -0.9584593 0.2289845 0.170064 -0.9584593 0.2289845 0.170064 -0.9584593 0.2289845 0.170064 -0.9584593 0.08650046 -0.765989 -0.6370075 0.08650046 -0.765989 -0.6370075 -0.03234671 -0.9827475 -0.1821015 -0.03234671 -0.9827475 -0.1821015 -0.03234671 -0.9827475 -0.1821015 -0.03234671 -0.9827475 -0.1821015 -0.03234671 -0.9827475 -0.1821015 -0.03234671 -0.9827475 -0.1821015 -0.03234671 -0.9827475 -0.1821015 -0.03234671 -0.9827475 -0.1821015 -0.03234671 -0.9827475 -0.1821015 -0.03234671 -0.9827475 -0.1821015 -0.03234671 -0.9827475 -0.1821015 -0.03234671 -0.9827475 -0.1821015 -0.03234671 -0.9827475 -0.1821015 -0.03234671 -0.9827475 -0.1821015 -0.03234671 -0.9827475 -0.1821015 -0.03234671 -0.9827475 -0.1821015 -0.03234671 -0.9827475 -0.1821015 -0.03234671 -0.9827475 -0.1821015 -0.03234671 -0.9827475 -0.1821015 -0.03234671 -0.9827475 -0.1821015 0.03234671 0.9827475 0.1821015 0.03234671 0.9827475 0.1821015 0.03234671 0.9827475 0.1821015 0.03234671 0.9827475 0.1821015 0.1425234 0.9360822 -0.3216165 0.1425234 0.9360822 -0.3216165 0.03234671 0.9827475 0.1821015 0.03234671 0.9827475 0.1821015 0.03234671 0.9827475 0.1821015 0.03234671 0.9827475 0.1821015 0.2289845 0.170064 -0.9584593 0.2289845 0.170064 -0.9584593 0.2289845 0.170064 -0.9584593 0.2289845 0.170064 -0.9584593 -0.2289845 -0.170064 0.9584593 -0.2289845 -0.170064 0.9584593 -0.2289845 -0.170064 0.9584593 -0.2289845 -0.170064 0.9584593 -0.03234671 -0.9827475 -0.1821015 -0.03234671 -0.9827475 -0.1821015 -0.03234671 -0.9827475 -0.1821015 -0.03234671 -0.9827475 -0.1821015 -0.03234671 -0.9827475 -0.1821015 -0.03234671 -0.9827475 -0.1821015 -0.03234671 -0.9827475 -0.1821015 -0.03234671 -0.9827475 -0.1821015 -0.03234671 -0.9827475 -0.1821015 -0.03234671 -0.9827475 -0.1821015 -0.03234671 -0.9827475 -0.1821015 -0.03234671 -0.9827475 -0.1821015 -0.03234671 -0.9827475 -0.1821015 -0.03234671 -0.9827475 -0.1821015 -0.03234671 -0.9827475 -0.1821015 -0.03234671 -0.9827475 -0.1821015 0.03234671 0.9827475 0.1821015 0.03234671 0.9827475 0.1821015 0.03234671 0.9827475 0.1821015 0.03234671 0.9827475 0.1821015 0.03234671 0.9827475 0.1821015 0.03234671 0.9827475 0.1821015 0.03234671 0.9827475 0.1821015 0.03234671 0.9827475 0.1821015 -0.2289845 -0.170064 0.9584593 -0.2289845 -0.170064 0.9584593 -0.2289845 -0.170064 0.9584593 -0.2289845 -0.170064 0.9584593 -0.9728925 0.07270144 -0.219533 -0.9728925 0.07270144 -0.219533 -0.9728925 0.07270144 -0.219533 -0.9728925 0.07270144 -0.219533 -0.9728925 0.07270144 -0.219533 -0.9728925 0.07270144 -0.219533 -0.9728925 0.07270144 -0.219533 -0.9728925 0.07270144 -0.219533 -0.9728925 0.07270144 -0.219533 -0.9728925 0.07270144 -0.219533 -0.9728925 0.07270144 -0.219533 -0.9728925 0.07270144 -0.219533 -0.9728925 0.07270144 -0.219533 -0.9728925 0.07270144 -0.219533 -0.9728925 0.07270144 -0.219533 -0.9728925 0.07270144 -0.219533 -0.9728925 0.07270144 -0.219533 -0.9728925 0.07270144 -0.219533 -0.9728925 0.07270144 -0.219533 -0.9728925 0.07270144 -0.219533 -0.9728925 0.07270144 -0.219533 -0.9728925 0.07270144 -0.219533 -0.9728925 0.07270144 -0.219533 -0.9728925 0.07270144 -0.219533 -0.9728925 0.07270144 -0.219533 -0.9728925 0.07270144 -0.219533 -0.9728925 0.07270144 -0.219533 -0.9728925 0.07270144 -0.219533 -0.9728925 0.07270144 -0.219533 -0.9728925 0.07270144 -0.219533 -0.9728925 0.07270144 -0.219533 -0.9728925 0.07270144 -0.219533 -0.9728925 0.07270144 -0.219533 -0.9728925 0.07270144 -0.219533 -0.9728925 0.07270144 -0.219533 -0.9728925 0.07270144 -0.219533 -0.9728925 0.07270144 -0.219533 -0.9728925 0.07270144 -0.219533 -0.9728925 0.07270144 -0.219533 -0.9728925 0.07270144 -0.219533 -0.9728925 0.07270144 -0.219533 -0.9728925 0.07270144 -0.219533 -0.9728925 0.07270144 -0.219533 -0.9728925 0.07270144 -0.219533 -0.9728925 0.07270144 -0.219533 -0.9728925 0.07270144 -0.219533 -0.9728925 0.07270144 -0.219533 -0.9728925 0.07270144 -0.219533 -0.9728925 0.07270144 -0.219533 -0.9728925 0.07270144 -0.219533 -0.9728925 0.07270144 -0.219533 -0.9728925 0.07270144 -0.219533 -0.9728925 0.07270144 -0.219533 -0.9728925 0.07270144 -0.219533 -0.9728925 0.07270144 -0.219533 -0.9728925 0.07270144 -0.219533 -0.9728925 0.07270144 -0.219533 -0.9728925 0.07270144 -0.219533 -0.9728925 0.07270144 -0.219533 -0.9728925 0.07270144 -0.219533 0.9728925 -0.07270144 0.219533 0.9728925 -0.07270144 0.219533 0.9728925 -0.07270144 0.219533 0.9728925 -0.07270144 0.219533 0.9728925 -0.07270144 0.219533 0.9728925 -0.07270144 0.219533 0.9728925 -0.07270144 0.219533 0.9728925 -0.07270144 0.219533 0.9728925 -0.07270144 0.219533 0.9728925 -0.07270144 0.219533 0.9728925 -0.07270144 0.219533 0.9728925 -0.07270144 0.219533 0.9728925 -0.07270144 0.219533 0.9728925 -0.07270144 0.219533 0.9728925 -0.07270144 0.219533 0.9728925 -0.07270144 0.219533 0.9728925 -0.07270144 0.219533 0.9728925 -0.07270144 0.219533 0.9728925 -0.07270144 0.219533 0.9728925 -0.07270144 0.219533 0.9728925 -0.07270144 0.219533 0.9728925 -0.07270144 0.219533 0.9728925 -0.07270144 0.219533 0.9728925 -0.07270144 0.219533 0.9728925 -0.07270144 0.219533 0.9728925 -0.07270144 0.219533 0.9728925 -0.07270144 0.219533 0.9728925 -0.07270144 0.219533 0.9728925 -0.07270144 0.219533 0.9728925 -0.07270144 0.219533 -0.03234671 -0.9827475 -0.1821015 -0.03234671 -0.9827475 -0.1821015 -0.03234671 -0.9827475 -0.1821015 -0.03234671 -0.9827475 -0.1821015 0.9728925 -0.07270144 0.219533 0.9728925 -0.07270144 0.219533 0.9728925 -0.07270144 0.219533 0.9728925 -0.07270144 0.219533 0.9728925 -0.07270144 0.219533 0.9728925 -0.07270144 0.219533 0.9728925 -0.07270144 0.219533 0.9728925 -0.07270144 0.219533 0.9728925 -0.07270144 0.219533 0.9728925 -0.07270144 0.219533 0.9728925 -0.07270144 0.219533 0.9728925 -0.07270144 0.219533 0.9728925 -0.07270144 0.219533 0.9728925 -0.07270144 0.219533 0.9728925 -0.07270144 0.219533 0.9728925 -0.07270144 0.219533 0.9728925 -0.07270144 0.219533 0.9728925 -0.07270144 0.219533 0.9728925 -0.07270144 0.219533 0.9728925 -0.07270144 0.219533 0.9728925 -0.07270144 0.219533 0.9728925 -0.07270144 0.219533 0.9728925 -0.07270144 0.219533 0.9728925 -0.07270144 0.219533 0.9728925 -0.07270144 0.219533 0.9728925 -0.07270144 0.219533 0.9728925 -0.07270144 0.219533 0.9728925 -0.07270144 0.219533 0.9728925 -0.07270144 0.219533 0.9728925 -0.07270144 0.219533 -0.143023 -0.9351335 0.3241446 -0.143023 -0.9351335 0.3241446 -0.1742734 -0.8545047 0.4893368 -0.1742734 -0.8545047 0.4893368 -0.2063284 -0.7016226 0.6820222 -0.2063284 -0.7016226 0.6820222 -0.2176862 -0.6083226 0.7632538 -0.2176862 -0.6083226 0.7632538 -0.9728925 0.07270144 -0.219533 -0.9728925 0.07270144 -0.219533 -0.9728925 0.07270144 -0.219533 -0.9728925 0.07270144 -0.219533 -0.9728925 0.07270144 -0.219533 -0.9728925 0.07270144 -0.219533 -0.9728925 0.07270144 -0.219533 -0.9728925 0.07270144 -0.219533 -0.9728925 0.07270144 -0.219533 -0.9728925 0.07270144 -0.219533 -0.9728925 0.07270144 -0.219533 -0.9728925 0.07270144 -0.219533 -0.9728925 0.07270144 -0.219533 -0.9728925 0.07270144 -0.219533 -0.9728925 0.07270144 -0.219533 -0.9728925 0.07270144 -0.219533 -0.9728925 0.07270144 -0.219533 -0.9728925 0.07270144 -0.219533 -0.9728925 0.07270144 -0.219533 -0.9728925 0.07270144 -0.219533 -0.9728925 0.07270144 -0.219533 -0.9728925 0.07270144 -0.219533 -0.9728925 0.07270144 -0.219533 -0.9728925 0.07270144 -0.219533 -0.9728925 0.07270144 -0.219533 -0.9728925 0.07270144 -0.219533 -0.9728925 0.07270144 -0.219533 -0.9728925 0.07270144 -0.219533 -0.9728925 0.07270144 -0.219533 0.03234671 0.9827475 0.1821015 0.03234671 0.9827475 0.1821015 0.03234671 0.9827475 0.1821015 0.03234671 0.9827475 0.1821015 -0.152254 -0.9158945 0.3714243 -0.152254 -0.9158945 0.3714243 -0.1785968 -0.8392731 0.5135406 -0.1785968 -0.8392731 0.5135406 -0.2061788 -0.7026359 0.6810236 -0.2061788 -0.7026359 0.6810236 -0.2163644 -0.621321 0.7530914 -0.2163644 -0.621321 0.7530914 0.2268446 0.1154422 -0.9670649 0.2304729 0.2266635 -0.9463117 0.2268446 0.1154422 -0.9670649 0.2304729 0.2266635 -0.9463117 -0.2289845 -0.170064 0.9584593 -0.2289845 -0.170064 0.9584593 -0.2289845 -0.170064 0.9584593 -0.2289845 -0.170064 0.9584593 0.2289845 0.170064 -0.9584593 0.2289845 0.170064 -0.9584593 0.2289845 0.170064 -0.9584593 0.2289845 0.170064 -0.9584593 -0.03234671 -0.9827475 -0.1821015 -0.03234671 -0.9827475 -0.1821015 -0.03234671 -0.9827475 -0.1821015 -0.03234671 -0.9827475 -0.1821015 0.2289845 0.170064 -0.9584593 0.2289845 0.170064 -0.9584593 0.2289845 0.170064 -0.9584593 0.2289845 0.170064 -0.9584593 0.03234671 0.9827475 0.1821015 0.03234671 0.9827475 0.1821015 0.03234671 0.9827475 0.1821015 0.03234671 0.9827475 0.1821015 0.2289845 0.170064 -0.9584593 0.2289845 0.170064 -0.9584593 0.2289845 0.170064 -0.9584593 0.2289845 0.170064 -0.9584593 -0.03234671 -0.9827475 -0.1821015 -0.03234671 -0.9827475 -0.1821015 -0.03234671 -0.9827475 -0.1821015 -0.03234671 -0.9827475 -0.1821015 -0.152254 -0.9158945 0.3714243 -0.152254 -0.9158945 0.3714243 -0.1785968 -0.8392731 0.5135406 -0.1785968 -0.8392731 0.5135406 -0.2061788 -0.7026359 0.6810236 -0.2061788 -0.7026359 0.6810236 -0.2163644 -0.621321 0.7530914 -0.2163644 -0.621321 0.7530914 -0.03234671 -0.9827475 -0.1821015 -0.03234671 -0.9827475 -0.1821015 -0.03234671 -0.9827475 -0.1821015 -0.03234671 -0.9827475 -0.1821015 -0.2289845 -0.170064 0.9584593 -0.2289845 -0.170064 0.9584593 -0.2289845 -0.170064 0.9584593 -0.2289845 -0.170064 0.9584593 0.2289845 0.170064 -0.9584593 0.2289845 0.170064 -0.9584593 0.2289845 0.170064 -0.9584593 0.2289845 0.170064 -0.9584593 0.03234671 0.9827475 0.1821015 0.03234671 0.9827475 0.1821015 0.03234671 0.9827475 0.1821015 0.03234671 0.9827475 0.1821015 -0.03234671 -0.9827475 -0.1821015 -0.03234671 -0.9827475 -0.1821015 -0.03234671 -0.9827475 -0.1821015 -0.03234671 -0.9827475 -0.1821015 -0.2289845 -0.170064 0.9584593 -0.2289845 -0.170064 0.9584593 -0.2289845 -0.170064 0.9584593 -0.2289845 -0.170064 0.9584593 0.2289845 0.170064 -0.9584593 0.2289845 0.170064 -0.9584593 0.2289845 0.170064 -0.9584593 0.2289845 0.170064 -0.9584593 0.2289845 0.170064 -0.9584593 0.2289845 0.170064 -0.9584593 0.2289845 0.170064 -0.9584593 0.2289845 0.170064 -0.9584593 0.2289845 0.170064 -0.9584593 0.2289845 0.170064 -0.9584593 0.2289845 0.170064 -0.9584593 0.2289845 0.170064 -0.9584593 0.2289845 0.170064 -0.9584593 0.2289845 0.170064 -0.9584593 0.2289845 0.170064 -0.9584593 0.2289845 0.170064 -0.9584593 0.2289845 0.170064 -0.9584593 0.2289845 0.170064 -0.9584593 0.2289845 0.170064 -0.9584593 0.2289845 0.170064 -0.9584593 0.2289845 0.170064 -0.9584593 0.2289845 0.170064 -0.9584593 0.2289845 0.170064 -0.9584593 0.2289845 0.170064 -0.9584593 0.9728925 -0.07270144 0.219533 0.9728925 -0.07270144 0.219533 0.9728925 -0.07270144 0.219533 0.9728925 -0.07270144 0.219533 0.9728925 -0.07270144 0.219533 0.9728925 -0.07270144 0.219533 0.9728925 -0.07270144 0.219533 0.9728925 -0.07270144 0.219533 0.9728925 -0.07270144 0.219533 0.9728925 -0.07270144 0.219533 0.9728925 -0.07270144 0.219533 0.9728925 -0.07270144 0.219533 0.9728925 -0.07270144 0.219533 0.9728925 -0.07270144 0.219533 0.9728925 -0.07270144 0.219533 0.9728925 -0.07270144 0.219533 0.9728925 -0.07270144 0.219533 0.9728925 -0.07270144 0.219533 0.9728925 -0.07270144 0.219533 0.9728925 -0.07270144 0.219533 0.9728925 -0.07270144 0.219533 0.9728925 -0.07270144 0.219533 0.9728925 -0.07270144 0.219533 0.9728925 -0.07270144 0.219533 0.9728925 -0.07270144 0.219533 0.9728925 -0.07270144 0.219533 0.9728925 -0.07270144 0.219533 0.9728925 -0.07270144 0.219533 0.9728925 -0.07270144 0.219533 0.9728925 -0.07270144 0.219533 0.9728925 -0.07270144 0.219533 0.9728925 -0.07270144 0.219533 0.9728925 -0.07270144 0.219533 0.9728925 -0.07270144 0.219533 0.9728925 -0.07270144 0.219533 0.9728925 -0.07270144 0.219533 0.9728925 -0.07270144 0.219533 0.9728925 -0.07270144 0.219533 0.9728925 -0.07270144 0.219533 0.9728925 -0.07270144 0.219533 0.9728925 -0.07270144 0.219533 0.9728925 -0.07270144 0.219533 0.9728925 -0.07270144 0.219533 0.9728925 -0.07270144 0.219533 0.9728925 -0.07270144 0.219533 0.9728925 -0.07270144 0.219533 0.9728925 -0.07270144 0.219533 0.9728925 -0.07270144 0.219533 0.9728925 -0.07270144 0.219533 0.9728925 -0.07270144 0.219533 0.9728925 -0.07270144 0.219533 0.9728925 -0.07270144 0.219533 0.9728925 -0.07270144 0.219533 0.9728925 -0.07270144 0.219533 0.9728925 -0.07270144 0.219533 0.9728925 -0.07270144 0.219533 0.9728925 -0.07270144 0.219533 0.9728925 -0.07270144 0.219533 -0.2289845 -0.170064 0.9584593 -0.2289845 -0.170064 0.9584593 -0.2289845 -0.170064 0.9584593 -0.2289845 -0.170064 0.9584593 -0.2289845 -0.170064 0.9584593 -0.2289845 -0.170064 0.9584593 -0.2289845 -0.170064 0.9584593 -0.2289845 -0.170064 0.9584593 -0.2289845 -0.170064 0.9584593 -0.2289845 -0.170064 0.9584593 -0.2289845 -0.170064 0.9584593 -0.2289845 -0.170064 0.9584593 -0.2289845 -0.170064 0.9584593 -0.2289845 -0.170064 0.9584593 -0.2289845 -0.170064 0.9584593 -0.2289845 -0.170064 0.9584593 -0.03234671 -0.9827475 -0.1821015 -0.03234671 -0.9827475 -0.1821015 -0.03234671 -0.9827475 -0.1821015 -0.03234671 -0.9827475 -0.1821015 -0.2289845 -0.170064 0.9584593 -0.2289845 -0.170064 0.9584593 -0.2289845 -0.170064 0.9584593 -0.2289845 -0.170064 0.9584593 -0.2289845 -0.170064 0.9584593 -0.2289845 -0.170064 0.9584593 -0.2289845 -0.170064 0.9584593 -0.2289845 -0.170064 0.9584593 -0.03234671 -0.9827475 -0.1821015 -0.03234671 -0.9827475 -0.1821015 -0.03234671 -0.9827475 -0.1821015 -0.03234671 -0.9827475 -0.1821015 0.03234671 0.9827475 0.1821015 0.03234671 0.9827475 0.1821015 0.03234671 0.9827475 0.1821015 0.03234671 0.9827475 0.1821015 0.03234671 0.9827475 0.1821015 0.03234671 0.9827475 0.1821015 0.03234671 0.9827475 0.1821015 0.03234671 0.9827475 0.1821015 0.1785968 0.8392731 -0.5135406 0.1785968 0.8392731 -0.5135406 0.2061892 0.702565 -0.6810935 0.2061892 0.702565 -0.6810935 0.2163808 0.6211647 -0.7532156 0.2163808 0.6211647 -0.7532156 -0.2289845 -0.170064 0.9584593 -0.2289845 -0.170064 0.9584593 -0.2289845 -0.170064 0.9584593 -0.2289845 -0.170064 0.9584593 0.03234671 0.9827475 0.1821015 0.03234671 0.9827475 0.1821015 0.03234671 0.9827475 0.1821015 0.03234671 0.9827475 0.1821015 -0.08650046 0.765989 0.6370075 -0.0980809 0.7299739 0.676401 -0.08650046 0.765989 0.6370075 -0.0980809 0.7299739 0.676401 -0.1853095 0.3228343 0.9281371 -0.1853095 0.3228343 0.9281371 -0.1691144 0.4238316 0.889813 -0.1691144 0.4238316 0.889813 -0.1309142 0.6094031 0.7819779 -0.1309142 0.6094031 0.7819779 -0.03234671 -0.9827475 -0.1821015 -0.03234671 -0.9827475 -0.1821015 -0.03234671 -0.9827475 -0.1821015 -0.03234671 -0.9827475 -0.1821015 -0.1853095 0.3228343 0.9281371 -0.1853095 0.3228343 0.9281371 -0.1691144 0.4238316 0.889813 -0.1691144 0.4238316 0.889813 -0.1309142 0.6094031 0.7819779 -0.1309142 0.6094031 0.7819779 0.1430503 0.9350815 -0.3242827 0.1430503 0.9350815 -0.3242827 0.1742718 0.8545102 -0.4893278 0.1742718 0.8545102 -0.4893278 0.2063395 0.7015472 -0.6820964 0.2063395 0.7015472 -0.6820964 0.2177028 0.6081545 -0.763383 0.2177028 0.6081545 -0.763383 0.1390378 -0.5746812 -0.80648 0.1390378 -0.5746812 -0.80648 0.1390378 -0.5746812 -0.80648 0.1390378 -0.5746812 -0.80648 0.08650046 -0.765989 -0.6370075 0.08650046 -0.765989 -0.6370075 -0.03234671 -0.9827475 -0.1821015 -0.03234671 -0.9827475 -0.1821015 -0.03234671 -0.9827475 -0.1821015 -0.03234671 -0.9827475 -0.1821015 0.03234671 0.9827475 0.1821015 0.03234671 0.9827475 0.1821015 0.03234671 0.9827475 0.1821015 0.03234671 0.9827475 0.1821015 -0.1425234 -0.9360822 0.3216165 -0.1425234 -0.9360822 0.3216165 -0.1425234 -0.9360822 0.3216165 -0.1425234 -0.9360822 0.3216165 -0.2289845 -0.170064 0.9584593 -0.2289845 -0.170064 0.9584593 -0.2289845 -0.170064 0.9584593 -0.2289845 -0.170064 0.9584593 0.2177028 0.6081545 -0.763383 0.2177028 0.6081545 -0.763383 0.2063395 0.7015472 -0.6820964 0.2063395 0.7015472 -0.6820964 0.1742718 0.8545102 -0.4893278 0.1742718 0.8545102 -0.4893278 0.1430503 0.9350815 -0.3242827 0.1430503 0.9350815 -0.3242827 0.2289845 0.170064 -0.9584593 0.2289845 0.170064 -0.9584593 0.2289845 0.170064 -0.9584593 0.2289845 0.170064 -0.9584593 -0.9728925 0.07270144 -0.219533 -0.9728925 0.07270144 -0.219533 -0.9728925 0.07270144 -0.219533 -0.9728925 0.07270144 -0.219533 -0.9728925 0.07270144 -0.219533 -0.9728925 0.07270144 -0.219533 -0.9728925 0.07270144 -0.219533 -0.9728925 0.07270144 -0.219533 -0.9728925 0.07270144 -0.219533 -0.9728925 0.07270144 -0.219533 -0.9728925 0.07270144 -0.219533 -0.9728925 0.07270144 -0.219533 -0.9728925 0.07270144 -0.219533 -0.9728925 0.07270144 -0.219533 -0.9728925 0.07270144 -0.219533 -0.9728925 0.07270144 -0.219533 -0.9728925 0.07270144 -0.219533 -0.9728925 0.07270144 -0.219533 -0.9728925 0.07270144 -0.219533 -0.9728925 0.07270144 -0.219533 -0.9728925 0.07270144 -0.219533 -0.9728925 0.07270144 -0.219533 -0.9728925 0.07270144 -0.219533 -0.9728925 0.07270144 -0.219533 -0.9728925 0.07270144 -0.219533 -0.9728925 0.07270144 -0.219533 -0.9728925 0.07270144 -0.219533 -0.9728925 0.07270144 -0.219533 -0.9728925 0.07270144 -0.219533 -0.9728925 0.07270144 -0.219533 -0.9728925 0.07270144 -0.219533 -0.9728925 0.07270144 -0.219533 -0.9728925 0.07270144 -0.219533 -0.9728925 0.07270144 -0.219533 -0.9728925 0.07270144 -0.219533 -0.9728925 0.07270144 -0.219533 -0.9728925 0.07270144 -0.219533 -0.9728925 0.07270144 -0.219533 -0.9728925 0.07270144 -0.219533 -0.9728925 0.07270144 -0.219533 -0.9728925 0.07270144 -0.219533 -0.9728925 0.07270144 -0.219533 -0.9728925 0.07270144 -0.219533 -0.9728925 0.07270144 -0.219533 -0.9728925 0.07270144 -0.219533 -0.9728925 0.07270144 -0.219533 -0.9728925 0.07270144 -0.219533 -0.9728925 0.07270144 -0.219533 -0.9728925 0.07270144 -0.219533 -0.9728925 0.07270144 -0.219533 -0.9728925 0.07270144 -0.219533 -0.9728925 0.07270144 -0.219533 -0.9728925 0.07270144 -0.219533 -0.9728925 0.07270144 -0.219533 -0.9728925 0.07270144 -0.219533 -0.9728925 0.07270144 -0.219533 -0.9728925 0.07270144 -0.219533 -0.9728925 0.07270144 -0.219533 -0.1873096 -0.804478 0.5636756 -0.1873096 -0.804478 0.5636756 -0.2038413 -0.7179323 0.665599 -0.2038413 -0.7179323 0.665599 -0.2246878 -0.5218354 0.8229236 -0.2246878 -0.5218354 0.8229236 -0.2312365 -0.2929042 0.927759 -0.2312365 -0.2929042 0.927759 -0.2230603 -0.04449641 0.9737886 -0.2230603 -0.04449641 0.9737886 -0.2007354 0.2058789 0.9577678 -0.2007354 0.2058789 0.9577678 -0.1656118 0.443544 0.8808186 -0.1656118 0.443544 0.8808186 -0.1424116 0.5595981 0.8164367 -0.1424116 0.5595981 0.8164367 -0.1314225 -0.9549216 0.2661821 -0.1314225 -0.9549216 0.2661821 0.2289845 0.170064 -0.9584593 0.2304232 0.224165 -0.9469188 0.2289845 0.170064 -0.9584593 0.2304232 0.224165 -0.9469188 0.06745724 -0.8187989 -0.5701034 0.06745724 -0.8187989 -0.5701034 0.06745724 -0.8187989 -0.5701034 0.06745724 -0.8187989 -0.5701034 0.9728925 -0.07270144 0.219533 0.9728925 -0.07270144 0.219533 0.9728925 -0.07270144 0.219533 0.9728925 -0.07270144 0.219533 0.9728925 -0.07270144 0.219533 0.9728925 -0.07270144 0.219533 0.9728925 -0.07270144 0.219533 0.9728925 -0.07270144 0.219533 0.9728925 -0.07270144 0.219533 0.9728925 -0.07270144 0.219533 0.9728925 -0.07270144 0.219533 0.9728925 -0.07270144 0.219533 0.9728925 -0.07270144 0.219533 0.9728925 -0.07270144 0.219533 0.9728925 -0.07270144 0.219533 0.9728925 -0.07270144 0.219533 0.9728925 -0.07270144 0.219533 0.9728925 -0.07270144 0.219533 0.9728925 -0.07270144 0.219533 0.9728925 -0.07270144 0.219533 0.9728925 -0.07270144 0.219533 0.9728925 -0.07270144 0.219533 0.9728925 -0.07270144 0.219533 0.9728925 -0.07270144 0.219533 0.2289845 0.170064 -0.9584593 0.2289845 0.170064 -0.9584593 0.2289845 0.170064 -0.9584593 0.2289845 0.170064 -0.9584593 0.2289845 0.170064 -0.9584593 0.2289845 0.170064 -0.9584593 0.2289845 0.170064 -0.9584593 0.2289845 0.170064 -0.9584593 -0.9728925 0.07270144 -0.219533 -0.9728925 0.07270144 -0.219533 -0.9728925 0.07270144 -0.219533 -0.9728925 0.07270144 -0.219533 -0.9728925 0.07270144 -0.219533 -0.9728925 0.07270144 -0.219533 -0.9728925 0.07270144 -0.219533 -0.9728925 0.07270144 -0.219533 -0.9728925 0.07270144 -0.219533 -0.9728925 0.07270144 -0.219533 -0.9728925 0.07270144 -0.219533 -0.9728925 0.07270144 -0.219533 -0.9728925 0.07270144 -0.219533 -0.9728925 0.07270144 -0.219533 -0.9728925 0.07270144 -0.219533 -0.9728925 0.07270144 -0.219533 -0.9728925 0.07270144 -0.219533 -0.9728925 0.07270144 -0.219533 -0.9728925 0.07270144 -0.219533 -0.9728925 0.07270144 -0.219533 -0.9728925 0.07270144 -0.219533 -0.9728925 0.07270144 -0.219533 -0.9728925 0.07270144 -0.219533 -0.9728925 0.07270144 -0.219533 -0.2289845 -0.170064 0.9584593 -0.2289845 -0.170064 0.9584593 -0.2289845 -0.170064 0.9584593 -0.2289845 -0.170064 0.9584593 -0.2289845 -0.170064 0.9584593 -0.2289845 -0.170064 0.9584593 -0.2289845 -0.170064 0.9584593 -0.2289845 -0.170064 0.9584593 -0.1260894 -0.9625436 0.2400236 -0.1260894 -0.9625436 0.2400236 -0.1260894 -0.9625436 0.2400236 -0.1260894 -0.9625436 0.2400236 -0.03234671 -0.9827475 -0.1821015 -0.03234671 -0.9827475 -0.1821015 -0.03234671 -0.9827475 -0.1821015 -0.03234671 -0.9827475 -0.1821015 -0.03234671 -0.9827475 -0.1821015 -0.03234671 -0.9827475 -0.1821015 -0.03234671 -0.9827475 -0.1821015 -0.03234671 -0.9827475 -0.1821015 0.1314836 0.954829 -0.2664838 0.1314836 0.954829 -0.2664838 -0.08712352 0.7641291 0.6391528 -0.08712352 0.7641291 0.6391528 -0.1253464 0.6319807 0.7647801 -0.1253464 0.6319807 0.7647801 -0.1693382 0.4225493 0.8903801 -0.1693382 0.4225493 0.8903801 -0.1875711 0.3071913 0.9329794 -0.1875711 0.3071913 0.9329794 -0.0736424 0.8024844 0.5921111 -0.0736424 0.8024844 0.5921111 0.2289845 0.170064 -0.9584593 0.2289845 0.170064 -0.9584593 0.2289845 0.170064 -0.9584593 0.2289845 0.170064 -0.9584593 0.1314836 0.954829 -0.2664838 0.1314836 0.954829 -0.2664838 0.08708681 -0.7642389 -0.6390264 0.08708681 -0.7642389 -0.6390264 0.1253443 -0.6319889 -0.7647737 0.1253443 -0.6319889 -0.7647737 0.1693268 -0.4226148 -0.8903512 0.1693268 -0.4226148 -0.8903512 0.1875515 -0.3073287 -0.9329381 0.1875515 -0.3073287 -0.9329381 0.07357192 -0.8026748 -0.5918618 0.07357192 -0.8026748 -0.5918618 0.2289845 0.170064 -0.9584593 0.2289845 0.170064 -0.9584593 0.2289845 0.170064 -0.9584593 0.2289845 0.170064 -0.9584593 -0.03234671 -0.9827475 -0.1821015 -0.03234671 -0.9827475 -0.1821015 -0.03234671 -0.9827475 -0.1821015 -0.03234671 -0.9827475 -0.1821015 -0.2289845 -0.170064 0.9584593 -0.2289845 -0.170064 0.9584593 -0.2289845 -0.170064 0.9584593 -0.2289845 -0.170064 0.9584593 -0.03234671 -0.9827475 -0.1821015 -0.03234671 -0.9827475 -0.1821015 -0.03234671 -0.9827475 -0.1821015 -0.03234671 -0.9827475 -0.1821015 0.2289845 0.170064 -0.9584593 0.2289845 0.170064 -0.9584593 0.2289845 0.170064 -0.9584593 0.2289845 0.170064 -0.9584593 -0.03234671 -0.9827475 -0.1821015 -0.03234671 -0.9827475 -0.1821015 -0.03234671 -0.9827475 -0.1821015 -0.03234671 -0.9827475 -0.1821015 -0.2289845 -0.170064 0.9584593 -0.2289845 -0.170064 0.9584593 -0.2289845 -0.170064 0.9584593 -0.2289845 -0.170064 0.9584593 -0.2304993 -0.3816796 0.8950926 -0.2304993 -0.3816796 0.8950926 -0.2207656 -0.5746734 0.7880438 -0.2207656 -0.5746734 0.7880438 -0.2002575 -0.7396275 0.6425325 -0.2002575 -0.7396275 0.6425325 -0.1603845 0.4717831 0.8670049 -0.1603845 0.4717831 0.8670049 -0.1930512 0.2673367 0.9440669 -0.1930512 0.2673367 0.9440669 -0.2162956 0.04985049 0.9750544 -0.2162956 0.04985049 0.9750544 0.2304993 0.3816796 -0.8950926 0.2304993 0.3816796 -0.8950926 0.2207656 0.5746734 -0.7880438 0.2207656 0.5746734 -0.7880438 0.2002575 0.7396275 -0.6425325 0.2002575 0.7396275 -0.6425325 0.1873291 0.8043933 -0.5637901 0.1873291 0.8043933 -0.5637901 0.1424378 -0.5594794 -0.8165135 0.1424378 -0.5594794 -0.8165135 0.1603845 -0.4717831 -0.8670049 0.1603845 -0.4717831 -0.8670049 0.1930512 -0.2673367 -0.9440669 0.1930512 -0.2673367 -0.9440669 0.2162956 -0.04985049 -0.9750544 0.2162956 -0.04985049 -0.9750544 0.2002575 0.7396275 -0.6425325 0.2002575 0.7396275 -0.6425325 0.2207656 0.5746734 -0.7880438 0.2207656 0.5746734 -0.7880438 0.2304993 0.3816796 -0.8950926 0.2304993 0.3816796 -0.8950926 0.2162956 -0.04985049 -0.9750544 0.2162956 -0.04985049 -0.9750544 0.1930512 -0.2673367 -0.9440669 0.1930512 -0.2673367 -0.9440669 0.1603845 -0.4717831 -0.8670049 0.1603845 -0.4717831 -0.8670049 -0.2002575 -0.7396275 0.6425325 -0.2002575 -0.7396275 0.6425325 -0.2207656 -0.5746734 0.7880438 -0.2207656 -0.5746734 0.7880438 -0.2304993 -0.3816796 0.8950926 -0.2304993 -0.3816796 0.8950926 -0.2162956 0.04985049 0.9750544 -0.2162956 0.04985049 0.9750544 -0.1930512 0.2673367 0.9440669 -0.1930512 0.2673367 0.9440669 -0.1603845 0.4717831 0.8670049 -0.1603845 0.4717831 0.8670049 0.03234671 0.9827475 0.1821015 0.03234671 0.9827475 0.1821015 0.03234671 0.9827475 0.1821015 0.03234671 0.9827475 0.1821015 -0.0939316 0.7432345 0.6624042 -0.0939316 0.7432345 0.6624042 -0.0939316 0.7432345 0.6624042 -0.0939316 0.7432345 0.6624042 0.1487915 0.923502 -0.3535607 0.1487915 0.923502 -0.3535607 0.1487915 0.923502 -0.3535607 0.1487915 0.923502 -0.3535607 -0.1847891 -0.8151609 0.5489679 -0.1847891 -0.8151609 0.5489679 -0.1847891 -0.8151609 0.5489679 -0.1847891 -0.8151609 0.5489679 -0.1390747 0.5745182 0.8065898 -0.1390747 0.5745182 0.8065898 -0.1390747 0.5745182 0.8065898 -0.1390747 0.5745182 0.8065898 -0.1390131 0.5747899 0.8064068 -0.1390131 0.5747899 0.8064068 -0.1390131 0.5747899 0.8064068 -0.1390131 0.5747899 0.8064068 0.1390747 -0.5745182 -0.8065898 0.1390747 -0.5745182 -0.8065898 0.1390747 -0.5745182 -0.8065898 0.1390747 -0.5745182 -0.8065898 0.1848123 0.8150651 -0.5491023 0.1848123 0.8150651 -0.5491023 0.1848123 0.8150651 -0.5491023 0.1848123 0.8150651 -0.5491023 0.1390747 -0.5745182 -0.8065898 0.1390747 -0.5745182 -0.8065898 0.1390747 -0.5745182 -0.8065898 0.1390747 -0.5745182 -0.8065898 0.1847613 0.8152758 -0.5488066 0.1847613 0.8152758 -0.5488066 0.1847613 0.8152758 -0.5488066 0.1847613 0.8152758 -0.5488066 -0.1848123 -0.8150651 0.5491023 -0.1848123 -0.8150651 0.5491023 -0.1848123 -0.8150651 0.5491023 -0.1848123 -0.8150651 0.5491023 0.1848123 0.8150651 -0.5491023 0.1848123 0.8150651 -0.5491023 0.1848123 0.8150651 -0.5491023 0.1848123 0.8150651 -0.5491023 -0.1848123 -0.8150651 0.5491023 -0.1848123 -0.8150651 0.5491023 -0.1848123 -0.8150651 0.5491023 -0.1848123 -0.8150651 0.5491023 -0.1390747 0.5745182 0.8065898 -0.1390747 0.5745182 0.8065898 -0.1390747 0.5745182 0.8065898 -0.1390747 0.5745182 0.8065898 0.165607 -0.4435703 -0.8808063 0.165607 -0.4435703 -0.8808063 0.2007155 -0.2060479 -0.9577356 0.2007155 -0.2060479 -0.9577356 0.2230603 0.04449641 -0.9737886 0.2230603 0.04449641 -0.9737886 0.2312365 0.2929042 -0.927759 0.2312365 0.2929042 -0.927759 0.2246783 0.5219827 -0.8228328 0.2246783 0.5219827 -0.8228328 0.203838 0.7179527 -0.665578 0.203838 0.7179527 -0.665578 0.09790744 0.9895129 -0.1062 0.09790744 0.9895129 -0.1062 0.1214622 0.9684603 -0.2175583 0.1214622 0.9684603 -0.2175583 0.163403 0.8878624 -0.430116 0.163403 0.8878624 -0.430116 0.1966003 0.7598838 -0.6196167 0.1966003 0.7598838 -0.6196167 0.2193015 0.5913276 -0.7760403 0.2193015 0.5913276 -0.7760403 0.2302948 0.3911256 -0.8910584 0.2302948 0.3911256 -0.8910584 -0.03604311 0.8900294 0.4544761 -0.03604311 0.8900294 0.4544761 -0.06219894 0.8320574 0.5511912 -0.06219894 0.8320574 0.5511912 -0.1116802 0.6835615 0.7212983 -0.1116802 0.6835615 0.7212983 -0.1551771 0.4986231 0.852816 -0.1551771 0.4986231 0.852816 -0.1903899 0.2870548 0.9388031 -0.1903899 0.2870548 0.9388031 -0.2154435 0.06008117 0.9746663 -0.2154435 0.06008117 0.9746663 0.09790744 0.9895129 -0.1062 0.09790744 0.9895129 -0.1062 0.1214622 0.9684603 -0.2175583 0.1214622 0.9684603 -0.2175583 0.163403 0.8878624 -0.430116 0.163403 0.8878624 -0.430116 0.1966003 0.7598838 -0.6196167 0.1966003 0.7598838 -0.6196167 0.2193015 0.5913276 -0.7760403 0.2193015 0.5913276 -0.7760403 0.2302948 0.3911256 -0.8910584 0.2302948 0.3911256 -0.8910584 -0.03604311 0.8900294 0.4544761 -0.03604311 0.8900294 0.4544761 -0.06219894 0.8320574 0.5511912 -0.06219894 0.8320574 0.5511912 -0.1116802 0.6835615 0.7212983 -0.1116802 0.6835615 0.7212983 -0.1551771 0.4986231 0.852816 -0.1551771 0.4986231 0.852816 -0.1903899 0.2870548 0.9388031 -0.1903899 0.2870548 0.9388031 -0.2154435 0.06008117 0.9746663 -0.2154435 0.06008117 0.9746663 -0.03234671 -0.9827475 -0.1821015 -0.03234671 -0.9827475 -0.1821015 -0.03234671 -0.9827475 -0.1821015 -0.03234671 -0.9827475 -0.1821015 0.2289845 0.170064 -0.9584593 0.2289845 0.170064 -0.9584593 0.2289845 0.170064 -0.9584593 0.2289845 0.170064 -0.9584593 -0.2289845 -0.170064 0.9584593 -0.2289845 -0.170064 0.9584593 -0.2289845 -0.170064 0.9584593 -0.2289845 -0.170064 0.9584593 -0.2289845 -0.170064 0.9584593 -0.2289845 -0.170064 0.9584593 -0.2289845 -0.170064 0.9584593 -0.2289845 -0.170064 0.9584593 0.2289845 0.170064 -0.9584593 0.2289845 0.170064 -0.9584593 0.2289845 0.170064 -0.9584593 0.2289845 0.170064 -0.9584593</float_array>
          <technique_common>
            <accessor count="1976" source="#normals-array-array" stride="3">
              <param type="float" name="X"/>
              <param type="float" name="Y"/>
              <param type="float" name="Z"/>
            </accessor>
          </technique_common>
        </source>
        <vertices id="verts-array-vertices">
          <input semantic="POSITION" source="#verts-array"/>
        </vertices>
        <triangles count="1636" material="material1">
          <input offset="0" semantic="VERTEX" source="#verts-array-vertices"/>
          <input offset="1" semantic="NORMAL" source="#normals-array"/>
          <p>0 0 1 1 2 2 3 3 4 4 5 5 6 6 5 5 4 4 7 7 8 8 9 9 10 10 11 11 12 12 13 13 12 12 11 11 12 12 13 13 2 2 14 14 2 2 13 13 2 2 14 14 0 0 15 15 16 16 9 9 17 17 9 9 16 16 9 9 17 17 7 7 15 15 18 18 16 16 19 19 16 16 18 18 16 16 19 19 6 6 0 0 6 6 19 19 6 6 0 0 5 5 14 14 5 5 0 0 20 20 21 21 22 22 23 23 22 22 21 21 22 22 23 23 24 24 25 25 24 24 23 23 24 24 25 25 26 26 27 27 26 26 25 25 26 26 27 27 28 28 29 29 28 28 27 27 28 28 29 29 30 30 31 31 30 30 29 29 30 30 31 31 32 32 33 33 32 32 31 31 32 32 33 33 34 34 35 35 34 34 33 33 36 36 37 37 38 38 39 39 38 38 37 37 40 40 41 41 42 42 43 43 42 42 41 41 44 44 45 45 46 46 47 47 46 46 45 45 46 46 47 47 48 48 49 49 48 48 47 47 48 48 49 49 50 50 51 51 50 50 49 49 50 50 51 51 52 52 53 53 52 52 51 51 52 52 53 53 54 54 55 55 54 54 53 53 54 54 55 55 56 56 57 57 56 56 55 55 56 56 57 57 58 58 59 59 58 58 57 57 58 58 59 59 60 60 61 61 60 60 59 59 60 60 61 61 62 62 63 63 62 62 61 61 62 62 63 63 64 64 65 65 64 64 63 63 64 64 65 65 66 66 67 67 66 66 65 65 66 66 67 67 68 68 69 69 68 68 67 67 68 68 69 69 70 70 71 71 70 70 69 69 70 70 71 71 72 72 73 73 72 72 71 71 72 72 73 73 74 74 75 75 74 74 73 73 74 74 75 75 76 76 77 77 76 76 75 75 76 76 77 77 78 78 79 79 78 78 77 77 78 78 79 79 80 80 81 81 80 80 79 79 80 80 81 81 82 82 83 83 82 82 81 81 82 82 83 83 84 84 85 85 84 84 83 83 84 84 85 85 86 86 87 87 86 86 85 85 86 86 87 87 88 88 89 89 88 88 87 87 88 88 89 89 90 90 91 91 90 90 89 89 90 90 91 91 44 44 45 45 44 44 91 91 92 92 93 93 94 94 95 95 94 94 93 93 94 94 95 95 96 96 97 97 96 96 95 95 96 96 97 97 98 98 99 99 98 98 97 97 98 98 99 99 100 100 101 101 100 100 99 99 100 100 101 101 102 102 103 103 102 102 101 101 102 102 103 103 104 104 105 105 104 104 103 103 104 104 105 105 106 106 107 107 106 106 105 105 108 108 109 109 110 110 111 111 110 110 109 109 110 110 111 111 112 112 113 113 112 112 111 111 112 112 113 113 114 114 115 115 114 114 113 113 114 114 115 115 116 116 117 117 116 116 115 115 116 116 117 117 118 118 119 119 118 118 117 117 118 118 119 119 120 120 121 121 120 120 119 119 120 120 121 121 122 122 123 123 122 122 121 121 122 122 123 123 124 124 125 125 124 124 123 123 124 124 125 125 126 126 127 127 126 126 125 125 126 126 127 127 128 128 129 129 128 128 127 127 128 128 129 129 130 130 131 131 130 130 129 129 130 130 131 131 132 132 133 133 132 132 131 131 132 132 133 133 134 134 135 135 134 134 133 133 134 134 135 135 136 136 137 137 136 136 135 135 136 136 137 137 138 138 139 139 138 138 137 137 138 138 139 139 140 140 141 141 140 140 139 139 140 140 141 141 142 142 143 143 142 142 141 141 142 142 143 143 144 144 145 145 144 144 143 143 144 144 145 145 146 146 147 147 146 146 145 145 146 146 147 147 148 148 149 149 148 148 147 147 148 148 149 149 150 150 151 151 150 150 149 149 150 150 151 151 152 152 153 153 152 152 151 151 152 152 153 153 154 154 155 155 154 154 153 153 154 154 155 155 108 108 109 109 108 108 155 155 156 156 157 157 158 158 159 159 158 158 157 157 158 158 159 159 160 160 161 161 160 160 159 159 160 160 161 161 162 162 163 163 162 162 161 161 162 162 163 163 164 164 165 165 164 164 163 163 164 164 165 165 166 166 167 167 166 166 165 165 166 166 167 167 168 168 169 169 168 168 167 167 168 168 169 169 170 170 171 171 170 170 169 169 170 170 171 171 172 172 173 173 172 172 171 171 172 172 173 173 174 174 175 175 174 174 173 173 174 174 175 175 176 176 177 177 176 176 175 175 176 176 177 177 178 178 179 179 178 178 177 177 178 178 179 179 180 180 181 181 180 180 179 179 180 180 181 181 182 182 183 183 182 182 181 181 182 182 183 183 184 184 185 185 184 184 183 183 184 184 185 185 186 186 187 187 186 186 185 185 186 186 187 187 188 188 189 189 188 188 187 187 188 188 189 189 190 190 191 191 190 190 189 189 190 190 191 191 192 192 193 193 192 192 191 191 192 192 193 193 194 194 195 195 194 194 193 193 194 194 195 195 196 196 197 197 196 196 195 195 196 196 197 197 198 198 199 199 198 198 197 197 198 198 199 199 200 200 201 201 200 200 199 199 200 200 201 201 202 202 203 203 202 202 201 201 202 202 203 203 156 156 157 157 156 156 203 203 204 204 205 205 206 206 207 207 206 206 205 205 206 206 207 207 208 208 209 209 208 208 207 207 208 208 209 209 210 210 211 211 210 210 209 209 210 210 211 211 212 212 213 213 212 212 211 211 212 212 213 213 214 214 215 215 214 214 213 213 214 214 215 215 216 216 217 217 216 216 215 215 216 216 217 217 218 218 219 219 218 218 217 217 218 218 219 219 220 220 221 221 220 220 219 219 220 220 221 221 222 222 223 223 222 222 221 221 222 222 223 223 224 224 225 225 224 224 223 223 224 224 225 225 226 226 227 227 226 226 225 225 226 226 227 227 228 228 229 229 228 228 227 227 228 228 229 229 230 230 231 231 230 230 229 229 230 230 231 231 232 232 233 233 232 232 231 231 234 234 235 235 236 236 237 237 236 236 235 235 238 238 239 239 240 240 241 241 239 239 242 242 243 243 244 244 245 245 246 246 244 244 247 247 240 240 246 246 248 248 249 249 250 250 251 251 252 252 250 250 253 253 245 245 252 252 254 254 255 255 256 256 257 257 258 258 256 256 259 259 251 251 258 258 260 260 261 261 262 262 263 263 264 264 262 262 265 265 257 257 264 264 266 266 267 267 268 268 269 269 270 270 268 268 271 271 263 263 270 270 272 272 273 273 274 274 275 275 276 276 274 274 277 277 269 269 276 276 278 278 279 279 280 280 281 281 282 282 280 280 283 283 275 275 282 282 284 284 281 281 241 241 285 285 286 286 287 287 288 288 289 289 288 288 287 287 288 288 289 289 290 290 291 291 290 290 289 289 290 290 291 291 292 292 293 293 292 292 291 291 292 292 293 293 294 294 295 295 294 294 293 293 294 294 295 295 296 296 297 297 296 296 295 295 296 296 297 297 298 298 299 299 298 298 297 297 298 298 299 299 300 300 301 301 300 300 299 299 300 300 301 301 302 302 303 303 302 302 301 301 302 302 303 303 304 304 305 305 304 304 303 303 304 304 305 305 306 306 307 307 306 306 305 305 306 306 307 307 308 308 309 309 308 308 307 307 308 308 309 309 310 310 311 311 310 310 309 309 310 310 311 311 312 312 313 313 312 312 311 311 312 312 313 313 314 314 315 315 314 314 313 313 314 314 315 315 316 316 317 317 316 316 315 315 316 316 317 317 318 318 319 319 318 318 317 317 318 318 319 319 320 320 321 321 320 320 319 319 320 320 321 321 322 322 323 323 322 322 321 321 322 322 323 323 324 324 325 325 324 324 323 323 324 324 325 325 326 326 327 327 326 326 325 325 326 326 327 327 328 328 329 329 328 328 327 327 328 328 329 329 330 330 331 331 330 330 329 329 330 330 331 331 332 332 333 333 332 332 331 331 332 332 333 333 286 286 287 287 286 286 333 333 334 334 335 335 336 336 337 337 336 336 335 335 338 338 339 339 340 340 341 341 340 340 339 339 340 340 341 341 342 342 343 343 342 342 341 341 342 342 343 343 344 344 345 345 344 344 343 343 344 344 345 345 346 346 347 347 346 346 345 345 346 346 347 347 348 348 349 349 348 348 347 347 348 348 349 349 350 350 351 351 350 350 349 349 350 350 351 351 352 352 353 353 352 352 351 351 352 352 353 353 354 354 355 355 354 354 353 353 354 354 355 355 356 356 357 357 356 356 355 355 356 356 357 357 358 358 359 359 358 358 357 357 358 358 359 359 360 360 361 361 360 360 359 359 360 360 361 361 362 362 363 363 362 362 361 361 362 362 363 363 364 364 365 365 364 364 363 363 364 364 365 365 366 366 367 367 366 366 365 365 368 368 369 369 370 370 371 371 370 370 369 369 370 370 371 371 372 372 373 373 372 372 371 371 372 372 373 373 374 374 375 375 374 374 373 373 374 374 375 375 376 376 377 377 376 376 375 375 376 376 377 377 378 378 379 379 378 378 377 377 378 378 379 379 380 380 381 381 380 380 379 379 380 380 381 381 382 382 383 383 382 382 381 381 382 382 383 383 384 384 385 385 384 384 383 383 384 384 385 385 386 386 387 387 386 386 385 385 386 386 387 387 388 388 389 389 388 388 387 387 388 388 389 389 390 390 391 391 390 390 389 389 390 390 391 391 392 392 393 393 392 392 391 391 392 392 393 393 394 394 395 395 394 394 393 393 394 394 395 395 396 396 397 397 396 396 395 395 396 396 397 397 398 398 399 399 398 398 397 397 398 398 399 399 400 400 401 401 400 400 399 399 400 400 401 401 402 402 403 403 402 402 401 401 402 402 403 403 404 404 405 405 404 404 403 403 404 404 405 405 406 406 407 407 406 406 405 405 406 406 407 407 408 408 409 409 408 408 407 407 408 408 409 409 410 410 411 411 410 410 409 409 410 410 411 411 412 412 413 413 412 412 411 411 412 412 413 413 414 414 415 415 414 414 413 413 414 414 415 415 368 368 369 369 368 368 415 415 416 416 417 417 418 418 419 419 417 417 420 420 421 421 422 422 423 423 424 424 422 422 425 425 418 418 424 424 426 426 427 427 428 428 429 429 430 430 428 428 431 431 423 423 430 430 432 432 433 433 434 434 435 435 436 436 434 434 437 437 429 429 436 436 438 438 439 439 440 440 441 441 442 442 440 440 443 443 435 435 442 442 444 444 445 445 446 446 447 447 448 448 446 446 449 449 441 441 448 448 450 450 451 451 452 452 453 453 454 454 452 452 455 455 447 447 454 454 456 456 457 457 458 458 459 459 460 460 458 458 461 461 453 453 460 460 462 462 459 459 419 419 463 463 464 464 465 465 466 466 467 467 466 466 465 465 466 466 467 467 468 468 469 469 468 468 467 467 468 468 469 469 470 470 471 471 470 470 469 469 470 470 471 471 472 472 473 473 472 472 471 471 472 472 473 473 474 474 475 475 474 474 473 473 474 474 475 475 476 476 477 477 476 476 475 475 476 476 477 477 478 478 479 479 478 478 477 477 478 478 479 479 480 480 481 481 480 480 479 479 480 480 481 481 482 482 483 483 482 482 481 481 482 482 483 483 484 484 485 485 484 484 483 483 484 484 485 485 486 486 487 487 486 486 485 485 486 486 487 487 488 488 489 489 488 488 487 487 488 488 489 489 490 490 491 491 490 490 489 489 490 490 491 491 492 492 493 493 492 492 491 491 492 492 493 493 494 494 495 495 494 494 493 493 494 494 495 495 496 496 497 497 496 496 495 495 496 496 497 497 498 498 499 499 498 498 497 497 498 498 499 499 500 500 501 501 500 500 499 499 500 500 501 501 502 502 503 503 502 502 501 501 502 502 503 503 504 504 505 505 504 504 503 503 504 504 505 505 506 506 507 507 506 506 505 505 506 506 507 507 508 508 509 509 508 508 507 507 508 508 509 509 510 510 511 511 510 510 509 509 510 510 511 511 464 464 465 465 464 464 511 511 512 512 513 513 514 514 515 515 516 516 517 517 517 517 518 518 515 515 519 519 515 515 518 518 515 515 519 519 520 520 521 521 522 522 514 514 523 523 514 514 522 522 514 514 523 523 524 524 525 525 526 526 527 527 515 515 527 527 526 526 527 527 515 515 528 528 520 520 528 528 515 515 524 524 529 529 514 514 530 530 514 514 529 529 514 514 530 530 531 531 531 531 532 532 514 514 533 533 514 514 532 532 514 514 533 533 512 512 525 525 534 534 526 526 535 535 526 526 534 534 526 526 535 535 536 536 537 537 536 536 535 535 537 537 538 538 536 536 539 539 536 536 538 538 536 536 539 539 514 514 540 540 514 514 539 539 514 514 540 540 521 521 541 541 542 542 543 543 544 544 543 543 542 542 545 545 546 546 547 547 548 548 547 547 546 546 547 547 548 548 549 549 550 550 549 549 548 548 549 549 550 550 551 551 552 552 551 551 550 550 551 551 552 552 553 553 554 554 553 553 552 552 553 553 554 554 555 555 556 556 555 555 554 554 555 555 556 556 557 557 558 558 557 557 556 556 557 557 558 558 559 559 560 560 559 559 558 558 559 559 560 560 561 561 562 562 561 561 560 560 561 561 562 562 563 563 564 564 563 563 562 562 563 563 564 564 565 565 566 566 565 565 564 564 565 565 566 566 567 567 568 568 567 567 566 566 567 567 568 568 569 569 570 570 569 569 568 568 569 569 570 570 571 571 572 572 571 571 570 570 571 571 572 572 573 573 574 574 573 573 572 572 573 573 574 574 575 575 576 576 575 575 574 574 575 575 576 576 577 577 578 578 577 577 576 576 577 577 578 578 579 579 580 580 579 579 578 578 579 579 580 580 581 581 582 582 581 581 580 580 581 581 582 582 583 583 584 584 583 583 582 582 583 583 584 584 585 585 586 586 585 585 584 584 585 585 586 586 587 587 588 588 587 587 586 586 587 587 588 588 589 589 590 590 589 589 588 588 589 589 590 590 591 591 592 592 591 591 590 590 591 591 592 592 545 545 546 546 545 545 592 592 593 593 594 594 595 595 596 596 595 595 594 594 597 597 598 598 599 599 600 600 601 601 602 602 600 600 603 603 595 595 604 604 595 595 603 603 595 595 604 604 593 593 605 605 606 606 607 607 595 595 607 607 606 606 607 607 595 595 608 608 596 596 608 608 595 595 609 609 610 610 606 606 611 611 612 612 613 613 614 614 613 613 612 612 613 613 614 614 615 615 602 602 616 616 600 600 617 617 600 600 616 616 600 600 617 617 603 603 618 618 619 619 620 620 621 621 620 620 619 619 621 621 622 622 620 620 623 623 620 620 622 622 620 620 623 623 600 600 624 624 600 600 623 623 600 600 624 624 601 601 605 605 625 625 606 606 626 626 606 606 625 625 606 606 626 626 627 627 610 610 628 628 606 606 629 629 606 606 628 628 606 606 629 629 620 620 630 630 620 620 629 629 620 620 630 630 631 631 615 615 632 632 613 613 633 633 613 613 632 632 613 613 633 633 599 599 634 634 599 599 633 633 599 599 634 634 597 597 631 631 635 635 620 620 636 636 620 620 635 635 620 620 636 636 637 637 598 598 638 638 599 599 639 639 599 599 638 638 599 599 639 639 627 627 640 640 627 627 639 639 627 627 640 640 606 606 641 641 606 606 640 640 606 606 641 641 609 609 613 613 642 642 611 611 618 618 611 611 642 642 611 611 618 618 643 643 620 620 643 643 618 618 643 643 620 620 644 644 637 637 644 644 620 620 645 645 646 646 647 647 648 648 647 647 646 646 649 649 650 650 651 651 652 652 650 650 653 653 654 654 655 655 656 656 657 657 655 655 658 658 651 651 657 657 659 659 660 660 661 661 662 662 663 663 661 661 664 664 656 656 663 663 665 665 666 666 667 667 668 668 669 669 667 667 670 670 662 662 669 669 671 671 672 672 673 673 674 674 675 675 673 673 676 676 668 668 675 675 677 677 678 678 679 679 680 680 681 681 679 679 682 682 674 674 681 681 683 683 684 684 685 685 686 686 687 687 685 685 688 688 680 680 687 687 689 689 690 690 691 691 692 692 693 693 691 691 694 694 686 686 693 693 695 695 692 692 652 652 696 696 697 697 698 698 699 699 697 697 699 699 700 700 701 701 700 700 699 699 700 700 701 701 702 702 703 703 702 702 701 701 702 702 703 703 704 704 705 705 706 706 707 707 708 708 706 706 709 709 710 710 711 711 712 712 713 713 711 711 714 714 707 707 713 713 715 715 716 716 717 717 718 718 719 719 717 717 720 720 712 712 719 719 721 721 722 722 723 723 724 724 725 725 723 723 726 726 718 718 725 725 727 727 728 728 729 729 730 730 731 731 729 729 732 732 724 724 731 731 733 733 734 734 735 735 736 736 737 737 735 735 738 738 730 730 737 737 739 739 740 740 741 741 742 742 743 743 741 741 744 744 736 736 743 743 745 745 746 746 747 747 748 748 749 749 747 747 750 750 742 742 749 749 751 751 748 748 708 708 752 752 753 753 754 754 755 755 756 756 755 755 754 754 757 757 758 758 759 759 760 760 759 759 758 758 759 759 760 760 761 761 762 762 761 761 760 760 761 761 762 762 763 763 764 764 763 763 762 762 763 763 764 764 765 765 766 766 765 765 764 764 765 765 766 766 767 767 768 768 767 767 766 766 767 767 768 768 769 769 770 770 769 769 768 768 769 769 770 770 771 771 772 772 771 771 770 770 771 771 772 772 773 773 774 774 773 773 772 772 773 773 774 774 775 775 776 776 775 775 774 774 775 775 776 776 777 777 778 778 777 777 776 776 777 777 778 778 779 779 780 780 779 779 778 778 779 779 780 780 781 781 782 782 781 781 780 780 781 781 782 782 783 783 784 784 783 783 782 782 783 783 784 784 785 785 786 786 785 785 784 784 785 785 786 786 787 787 788 788 787 787 786 786 787 787 788 788 789 789 790 790 789 789 788 788 789 789 790 790 791 791 792 792 791 791 790 790 791 791 792 792 793 793 794 794 793 793 792 792 793 793 794 794 795 795 796 796 795 795 794 794 795 795 796 796 797 797 798 798 797 797 796 796 797 797 798 798 799 799 800 800 799 799 798 798 799 799 800 800 801 801 802 802 801 801 800 800 801 801 802 802 803 803 804 804 803 803 802 802 803 803 804 804 757 757 758 758 757 757 804 804 805 805 806 806 807 807 805 805 807 807 808 808 809 809 808 808 807 807 808 808 809 809 810 810 544 544 810 810 809 809 810 810 544 544 542 542 811 811 812 812 813 813 814 814 813 813 812 812 813 813 814 814 815 815 816 816 815 815 814 814 815 815 816 816 817 817 818 818 817 817 816 816 817 817 818 818 819 819 820 820 819 819 818 818 819 819 820 820 821 821 822 822 821 821 820 820 821 821 822 822 823 823 824 824 823 823 822 822 823 823 824 824 825 825 826 826 825 825 824 824 825 825 826 826 827 827 828 828 827 827 826 826 827 827 828 828 829 829 830 830 829 829 828 828 829 829 830 830 831 831 832 832 831 831 830 830 831 831 832 832 833 833 834 834 833 833 832 832 833 833 834 834 835 835 836 836 835 835 834 834 835 835 836 836 837 837 838 838 837 837 836 836 837 837 838 838 839 839 840 840 839 839 838 838 841 841 842 842 843 843 844 844 843 843 842 842 845 845 846 846 847 847 848 848 849 849 844 844 850 850 844 844 849 849 844 844 850 850 843 843 847 847 846 846 844 844 851 851 844 844 846 846 844 844 851 851 848 848 852 852 853 853 854 854 855 855 854 854 853 853 853 853 856 856 857 857 858 858 859 859 860 860 853 853 860 860 859 859 860 860 853 853 861 861 852 852 861 861 853 853 857 857 862 862 853 853 863 863 853 853 862 862 853 853 863 863 864 864 864 864 865 865 853 853 866 866 853 853 865 865 853 853 866 866 855 855 858 858 867 867 859 859 868 868 859 859 867 867 859 859 868 868 847 847 869 869 847 847 868 868 847 847 869 869 845 845 870 870 871 871 872 872 873 873 872 872 871 871 872 872 873 873 874 874 875 875 874 874 873 873 874 874 875 875 876 876 877 877 876 876 875 875 878 878 879 879 880 880 880 880 881 881 878 878 882 882 878 878 881 881 878 878 882 882 883 883 884 884 883 883 882 882 883 883 884 884 885 885 886 886 704 704 887 887 703 703 887 887 704 704 888 888 889 889 890 890 891 891 890 890 889 889 892 892 893 893 894 894 895 895 894 894 893 893 896 896 897 897 898 898 899 899 898 898 897 897 648 648 646 646 900 900 648 648 900 900 901 901 902 902 901 901 900 900 901 901 902 902 903 903 904 904 903 903 902 902 903 903 904 904 905 905 906 906 907 907 908 908 909 909 908 908 907 907 910 910 911 911 912 912 913 913 912 912 911 911 912 912 913 913 914 914 915 915 914 914 913 913 914 914 915 915 916 916 917 917 916 916 915 915 916 916 917 917 918 918 919 919 918 918 917 917 918 918 919 919 920 920 921 921 920 920 919 919 920 920 921 921 922 922 923 923 922 922 921 921 922 922 923 923 924 924 925 925 924 924 923 923 924 924 925 925 926 926 927 927 926 926 925 925 926 926 927 927 928 928 929 929 928 928 927 927 928 928 929 929 930 930 931 931 930 930 929 929 930 930 931 931 932 932 933 933 932 932 931 931 932 932 933 933 934 934 935 935 934 934 933 933 934 934 935 935 936 936 937 937 936 936 935 935 936 936 937 937 938 938 939 939 938 938 937 937 940 940 941 941 942 942 943 943 942 942 941 941 944 944 945 945 946 946 947 947 946 946 945 945 948 948 949 949 950 950 951 951 950 950 949 949 952 952 953 953 954 954 955 955 954 954 953 953 952 952 956 956 953 953 957 957 953 953 956 956 953 953 957 957 958 958 959 959 960 960 961 961 962 962 963 963 964 964 965 965 966 966 964 964 967 967 964 964 966 966 955 955 968 968 969 969 970 970 971 971 972 972 973 973 972 972 971 971 972 972 973 973 974 974 962 962 964 964 975 975 967 967 976 976 964 964 977 977 964 964 976 976 964 964 977 977 955 955 978 978 955 955 977 977 955 955 978 978 968 968 969 969 979 979 955 955 980 980 955 955 979 979 955 955 980 980 954 954 981 981 982 982 983 983 953 953 983 983 982 982 983 983 953 953 984 984 958 958 984 984 953 953 974 974 985 985 972 972 986 986 972 972 985 985 972 972 986 986 961 961 987 987 961 961 986 986 961 961 987 987 959 959 981 981 988 988 982 982 989 989 982 982 988 988 982 982 989 989 990 990 991 991 992 992 982 982 993 993 982 982 992 992 972 972 994 994 970 970 965 965 970 970 994 994 970 970 965 965 995 995 964 964 995 995 965 965 995 995 964 964 996 996 963 963 996 996 964 964 993 993 997 997 982 982 998 998 982 982 997 997 982 982 998 998 964 964 999 999 964 964 998 998 964 964 999 999 975 975 960 960 1000 1000 961 961 1001 1001 961 961 1000 1000 961 961 1001 1001 990 990 1002 1002 990 990 1001 1001 990 990 1002 1002 982 982 1003 1003 982 982 1002 1002 982 982 1003 1003 991 991 1004 1004 1005 1005 1006 1006 1007 1007 1006 1006 1005 1005 1006 1006 1007 1007 1008 1008 1009 1009 1008 1008 1007 1007 1008 1008 1009 1009 1010 1010 1011 1011 1010 1010 1009 1009 1012 1012 1013 1013 1014 1014 1015 1015 1016 1016 1017 1017 1018 1018 1017 1017 1016 1016 1017 1017 1018 1018 1019 1019 1020 1020 1021 1021 1022 1022 1012 1012 1022 1022 1021 1021 1022 1022 1012 1012 1023 1023 1014 1014 1023 1023 1012 1012 1024 1024 1025 1025 1026 1026 1017 1017 1026 1026 1025 1025 1026 1026 1017 1017 1027 1027 1019 1019 1027 1027 1017 1017 1028 1028 1029 1029 1030 1030 1025 1025 1030 1030 1029 1029 1030 1030 1025 1025 1031 1031 1024 1024 1031 1031 1025 1025 1028 1028 1032 1032 1029 1029 1033 1033 1029 1029 1032 1032 1029 1029 1033 1033 1012 1012 1034 1034 1012 1012 1033 1033 1012 1012 1034 1034 1013 1013 1035 1035 1036 1036 1017 1017 1037 1037 1017 1017 1036 1036 1017 1017 1037 1037 1038 1038 1038 1038 1039 1039 1017 1017 1040 1040 1017 1017 1039 1039 1017 1017 1040 1040 1015 1015 1041 1041 1042 1042 1043 1043 1044 1044 1043 1043 1042 1042 1045 1045 1046 1046 1047 1047 1048 1048 1047 1047 1046 1046 1049 1049 1050 1050 1051 1051 1052 1052 1051 1051 1050 1050 1053 1053 1054 1054 1055 1055 1056 1056 1055 1055 1054 1054 1057 1057 1058 1058 1059 1059 1060 1060 1059 1059 1058 1058 1059 1059 1060 1060 1061 1061 1062 1062 1061 1061 1060 1060 1061 1061 1062 1062 1063 1063 1064 1064 1063 1063 1062 1062 1065 1065 1066 1066 1067 1067 1068 1068 1067 1067 1066 1066 1069 1069 1063 1063 1070 1070 1064 1064 1070 1070 1063 1063 1071 1071 1072 1072 1073 1073 1074 1074 1073 1073 1072 1072 1073 1073 1074 1074 1075 1075 1076 1076 1077 1077 1078 1078 1079 1079 1080 1080 1081 1081 1073 1073 1076 1076 1071 1071 1078 1078 1071 1071 1076 1076 1071 1071 1078 1078 1082 1082 1079 1079 1082 1082 1078 1078 1082 1082 1079 1079 1083 1083 1084 1084 1083 1083 1085 1085 1079 1079 1085 1085 1083 1083 1085 1085 1079 1079 1086 1086 1081 1081 1086 1086 1079 1079 1086 1086 1081 1081 1087 1087 1088 1088 1087 1087 1081 1081 1087 1087 1088 1088 1089 1089 1090 1090 1089 1089 1088 1088 1091 1091 1092 1092 1093 1093 1094 1094 1093 1093 1092 1092 1004 1004 1095 1095 1005 1005 1096 1096 1005 1005 1095 1095 1097 1097 1098 1098 1099 1099 1100 1100 1099 1099 1098 1098 1101 1101 1102 1102 1103 1103 1104 1104 1103 1103 1102 1102 1105 1105 1106 1106 1107 1107 1108 1108 1107 1107 1106 1106 1109 1109 1110 1110 1111 1111 1111 1111 1112 1112 1109 1109 1113 1113 1109 1109 1112 1112 1109 1109 1113 1113 1114 1114 1115 1115 1114 1114 1113 1113 1114 1114 1115 1115 1116 1116 1117 1117 1118 1118 1119 1119 1120 1120 1121 1121 1122 1122 1123 1123 1122 1122 1121 1121 1122 1122 1123 1123 1119 1119 1124 1124 1119 1119 1123 1123 1119 1119 1124 1124 1117 1117 1125 1125 1126 1126 1127 1127 1128 1128 1129 1129 1130 1130 1131 1131 1130 1130 1129 1129 1130 1130 1131 1131 1127 1127 1132 1132 1127 1127 1131 1131 1127 1127 1132 1132 1125 1125 1133 1133 1134 1134 1135 1135 1136 1136 1135 1135 1134 1134 1137 1137 1138 1138 1139 1139 1140 1140 1139 1139 1138 1138 1139 1139 1140 1140 1141 1141 1142 1142 1141 1141 1140 1140 1141 1141 1142 1142 1143 1143 1144 1144 1143 1143 1142 1142 1143 1143 1144 1144 1145 1145 1146 1146 1145 1145 1144 1144 1145 1145 1146 1146 1147 1147 1148 1148 1147 1147 1146 1146 1147 1147 1148 1148 1149 1149 1150 1150 1149 1149 1148 1148 1149 1149 1150 1150 1151 1151 1152 1152 1151 1151 1150 1150 1151 1151 1152 1152 1153 1153 1154 1154 1153 1153 1152 1152 1153 1153 1154 1154 1155 1155 1156 1156 1155 1155 1154 1154 1155 1155 1156 1156 1157 1157 1158 1158 1157 1157 1156 1156 1157 1157 1158 1158 1159 1159 1160 1160 1159 1159 1158 1158 1159 1159 1160 1160 1161 1161 1162 1162 1161 1161 1160 1160 1161 1161 1162 1162 1163 1163 1164 1164 1163 1163 1162 1162 1163 1163 1164 1164 1165 1165 1166 1166 1165 1165 1164 1164 1167 1167 1168 1168 1169 1169 1170 1170 1169 1169 1168 1168 1169 1169 1170 1170 1171 1171 1172 1172 1171 1171 1170 1170 1171 1171 1172 1172 1173 1173 1174 1174 1173 1173 1172 1172 1173 1173 1174 1174 1175 1175 1176 1176 1175 1175 1174 1174 1175 1175 1176 1176 1177 1177 1178 1178 1177 1177 1176 1176 1177 1177 1178 1178 1179 1179 1180 1180 1179 1179 1178 1178 1179 1179 1180 1180 1181 1181 1182 1182 1181 1181 1180 1180 1181 1181 1182 1182 1183 1183 1184 1184 1183 1183 1182 1182 1183 1183 1184 1184 1185 1185 1186 1186 1185 1185 1184 1184 1185 1185 1186 1186 1187 1187 1188 1188 1187 1187 1186 1186 1187 1187 1188 1188 1189 1189 1190 1190 1189 1189 1188 1188 1189 1189 1190 1190 1191 1191 1192 1192 1191 1191 1190 1190 1191 1191 1192 1192 1193 1193 1194 1194 1193 1193 1192 1192 1193 1193 1194 1194 1195 1195 1196 1196 1195 1195 1194 1194 1197 1197 1198 1198 1199 1199 1200 1200 1199 1199 1198 1198 1199 1199 1200 1200 1201 1201 1202 1202 1201 1201 1200 1200 1201 1201 1202 1202 1203 1203 1204 1204 1203 1203 1202 1202 1203 1203 1204 1204 1205 1205 1206 1206 1205 1205 1204 1204 1205 1205 1206 1206 1207 1207 1208 1208 1207 1207 1206 1206 1207 1207 1208 1208 1209 1209 1210 1210 1209 1209 1208 1208 1209 1209 1210 1210 1211 1211 1212 1212 1211 1211 1210 1210 1211 1211 1212 1212 1213 1213 1214 1214 1213 1213 1212 1212 1213 1213 1214 1214 1215 1215 1216 1216 1215 1215 1214 1214 1215 1215 1216 1216 1217 1217 1218 1218 1217 1217 1216 1216 1217 1217 1218 1218 1219 1219 1220 1220 1219 1219 1218 1218 1219 1219 1220 1220 1221 1221 1222 1222 1221 1221 1220 1220 1221 1221 1222 1222 1223 1223 1224 1224 1223 1223 1222 1222 1223 1223 1224 1224 1225 1225 1226 1226 1225 1225 1224 1224 1227 1227 1228 1228 1229 1229 1230 1230 1229 1229 1228 1228 1231 1231 1232 1232 1233 1233 1234 1234 1233 1233 1232 1232 1233 1233 1234 1234 1235 1235 1236 1236 1235 1235 1234 1234 1235 1235 1236 1236 1237 1237 1238 1238 1237 1237 1236 1236 1237 1237 1238 1238 1239 1239 1240 1240 1239 1239 1238 1238 1239 1239 1240 1240 1241 1241 1242 1242 1241 1241 1240 1240 1241 1241 1242 1242 1243 1243 1244 1244 1243 1243 1242 1242 1243 1243 1244 1244 1245 1245 1246 1246 1245 1245 1244 1244 1245 1245 1246 1246 1247 1247 1248 1248 1247 1247 1246 1246 1247 1247 1248 1248 1249 1249 1250 1250 1249 1249 1248 1248 1249 1249 1250 1250 1251 1251 1252 1252 1251 1251 1250 1250 1251 1251 1252 1252 1253 1253 1254 1254 1253 1253 1252 1252 1253 1253 1254 1254 1255 1255 1256 1256 1255 1255 1254 1254 1255 1255 1256 1256 1257 1257 1258 1258 1257 1257 1256 1256 1257 1257 1258 1258 1259 1259 1260 1260 1259 1259 1258 1258 1261 1261 1262 1262 1263 1263 1261 1261 1263 1263 1264 1264 1265 1265 1264 1264 1263 1263 1264 1264 1265 1265 1266 1266 1267 1267 1266 1266 1265 1265 1266 1266 1267 1267 1268 1268 1269 1269 1270 1270 1271 1271 1272 1272 1273 1273 1274 1274 1275 1275 1276 1276 1277 1277 1278 1278 1279 1279 1271 1271 1280 1280 1271 1271 1279 1279 1271 1271 1280 1280 1281 1281 1274 1274 1273 1273 1271 1271 1282 1282 1271 1271 1273 1273 1271 1271 1282 1282 1278 1278 1277 1277 1283 1283 1275 1275 1284 1284 1275 1275 1283 1283 1275 1275 1284 1284 1285 1285 1281 1281 1286 1286 1271 1271 1287 1287 1271 1271 1286 1286 1271 1271 1287 1287 1288 1288 1288 1288 1289 1289 1271 1271 1290 1290 1271 1271 1289 1289 1271 1271 1290 1290 1269 1269 1291 1291 1292 1292 1293 1293 1275 1275 1293 1293 1292 1292 1293 1293 1275 1275 1294 1294 1285 1285 1294 1294 1275 1275 1291 1291 1295 1295 1292 1292 1296 1296 1292 1292 1295 1295 1292 1292 1296 1296 1274 1274 1297 1297 1274 1274 1296 1296 1274 1274 1297 1297 1272 1272 1298 1298 1299 1299 1300 1300 1301 1301 1300 1300 1299 1299 1302 1302 1303 1303 1304 1304 1305 1305 1304 1304 1303 1303 1304 1304 1305 1305 1306 1306 1307 1307 1306 1306 1305 1305 1306 1306 1307 1307 1308 1308 1309 1309 1308 1308 1307 1307 1310 1310 1311 1311 1312 1312 1313 1313 1312 1312 1311 1311 1314 1314 1315 1315 1316 1316 1317 1317 1316 1316 1315 1315 1318 1318 1319 1319 1320 1320 1321 1321 1320 1320 1319 1319 1322 1322 1323 1323 1324 1324 1325 1325 1324 1324 1323 1323 1326 1326 1327 1327 1328 1328 1329 1329 1328 1328 1327 1327 1330 1330 1331 1331 1332 1332 1333 1333 1332 1332 1331 1331 1334 1334 1335 1335 1336 1336 1337 1337 1336 1336 1335 1335 1338 1338 1339 1339 1340 1340 1341 1341 1340 1340 1339 1339 1342 1342 1343 1343 1344 1344 1345 1345 1344 1344 1343 1343 1344 1344 1345 1345 1346 1346 1347 1347 1346 1346 1345 1345 1346 1346 1347 1347 1348 1348 1349 1349 1348 1348 1347 1347 1350 1350 1351 1351 1352 1352 1353 1353 1352 1352 1351 1351 1354 1354 1355 1355 1356 1356 1357 1357 1356 1356 1355 1355 1358 1358 1359 1359 1360 1360 1361 1361 1360 1360 1359 1359 1362 1362 1363 1363 1364 1364 1365 1365 1364 1364 1363 1363 1366 1366 1367 1367 1368 1368 1369 1369 1368 1368 1367 1367 1370 1370 1371 1371 1372 1372 1373 1373 1372 1372 1371 1371 1374 1374 1375 1375 1376 1376 1377 1377 1376 1376 1375 1375 1378 1378 1379 1379 1380 1380 1381 1381 1380 1380 1379 1379 1382 1382 1383 1383 1384 1384 1385 1385 1384 1384 1383 1383 1384 1384 1385 1385 1386 1386 1387 1387 1386 1386 1385 1385 1388 1388 1389 1389 1390 1390 1391 1391 1390 1390 1389 1389 1387 1387 1390 1390 1386 1386 1391 1391 1386 1386 1390 1390 1386 1386 1391 1391 1392 1392 1393 1393 1392 1392 1391 1391 1392 1392 1393 1393 1394 1394 1395 1395 1394 1394 1393 1393 1394 1394 1395 1395 1396 1396 1397 1397 1396 1396 1395 1395 1398 1398 1399 1399 1400 1400 1401 1401 1400 1400 1402 1402 1399 1399 1402 1402 1400 1400 1402 1402 1399 1399 1403 1403 1400 1400 1404 1404 1398 1398 1405 1405 1398 1398 1404 1404 1398 1398 1405 1405 1406 1406 1407 1407 1408 1408 1399 1399 1409 1409 1399 1399 1408 1408 1399 1399 1409 1409 1403 1403 1406 1406 1410 1410 1398 1398 1411 1411 1398 1398 1410 1410 1398 1398 1411 1411 1412 1412 1413 1413 1414 1414 1415 1415 1415 1415 1416 1416 1413 1413 1417 1417 1413 1413 1416 1416 1413 1413 1417 1417 1407 1407 1418 1418 1407 1407 1417 1417 1407 1407 1418 1418 1419 1419 1420 1420 1421 1421 1407 1407 1422 1422 1407 1407 1421 1421 1407 1407 1422 1422 1408 1408 1411 1411 1423 1423 1412 1412 1424 1424 1412 1412 1423 1423 1412 1412 1424 1424 1425 1425 1426 1426 1425 1425 1424 1424 1425 1425 1426 1426 1427 1427 1428 1428 1429 1429 1430 1430 1425 1425 1430 1430 1429 1429 1430 1430 1425 1425 1431 1431 1427 1427 1431 1431 1425 1425 1432 1432 1429 1429 1433 1433 1434 1434 1433 1433 1429 1429 1435 1435 1436 1436 1428 1428 1437 1437 1428 1428 1436 1436 1428 1428 1437 1437 1429 1429 1438 1438 1429 1429 1437 1437 1429 1429 1438 1438 1434 1434 1439 1439 1440 1440 1419 1419 1441 1441 1419 1419 1440 1440 1419 1419 1441 1441 1407 1407 1442 1442 1407 1407 1441 1441 1407 1407 1442 1442 1420 1420 1435 1435 1443 1443 1436 1436 1444 1444 1436 1436 1443 1443 1436 1436 1444 1444 1445 1445 1445 1445 1446 1446 1436 1436 1447 1447 1436 1436 1446 1446 1436 1436 1447 1447 1448 1448 1419 1419 1449 1449 1439 1439 1450 1450 1439 1439 1449 1449 1439 1439 1450 1450 1451 1451 1452 1452 1451 1451 1450 1450 1453 1453 1454 1454 1450 1450 1455 1455 1450 1450 1454 1454 1450 1450 1455 1455 1452 1452 1456 1456 1457 1457 1458 1458 1459 1459 1460 1460 1461 1461 1462 1462 1461 1461 1460 1460 1461 1461 1462 1462 1458 1458 1463 1463 1458 1458 1462 1462 1458 1458 1463 1463 1456 1456 1464 1464 1465 1465 1456 1456 1466 1466 1456 1456 1465 1465 1456 1456 1466 1466 1457 1457 1467 1467 1457 1457 1466 1466 1457 1457 1467 1467 1468 1468 1469 1469 1468 1468 1467 1467 1468 1468 1469 1469 1470 1470 1471 1471 1470 1470 1469 1469 1472 1472 1473 1473 1474 1474 1475 1475 1474 1474 1473 1473 1476 1476 1477 1477 1478 1478 1479 1479 1478 1478 1477 1477 1480 1480 1481 1481 1482 1482 1483 1483 1482 1482 1481 1481 1484 1484 1485 1485 1486 1486 1487 1487 1486 1486 1485 1485 1488 1488 1489 1489 1490 1490 1491 1491 1490 1490 1489 1489 1492 1492 1493 1493 1494 1494 1495 1495 1494 1494 1493 1493 334 334 336 336 1496 1496 1497 1497 1496 1496 336 336 1496 1496 1497 1497 1498 1498 1499 1499 1498 1498 1497 1497 1498 1498 1499 1499 1500 1500 1501 1501 1500 1500 1499 1499 1502 1502 1503 1503 1504 1504 1505 1505 1504 1504 1503 1503 1506 1506 1507 1507 1508 1508 1509 1509 1508 1508 1507 1507 1510 1510 1511 1511 1512 1512 1513 1513 1512 1512 1511 1511 1514 1514 1515 1515 1516 1516 1517 1517 1516 1516 1515 1515 1516 1516 1517 1517 1518 1518 1519 1519 1518 1518 1517 1517 1518 1518 1519 1519 897 897 899 899 897 897 1519 1519 1520 1520 1521 1521 1522 1522 1523 1523 1522 1522 1521 1521 1524 1524 1525 1525 1526 1526 1527 1527 1526 1526 1525 1525 1526 1526 1527 1527 1528 1528 1529 1529 1528 1528 1527 1527 1528 1528 1529 1529 1511 1511 1513 1513 1511 1511 1529 1529 1530 1530 1531 1531 1532 1532 1530 1530 1532 1532 1533 1533 1534 1534 1533 1533 1532 1532 1533 1533 1534 1534 1535 1535 1536 1536 1535 1535 1534 1534 1535 1535 1536 1536 1537 1537 1538 1538 1539 1539 1540 1540 1541 1541 1540 1540 1539 1539 1542 1542 876 876 1543 1543 877 877 1543 1543 876 876 1544 1544 1545 1545 1546 1546 1547 1547 1546 1546 1545 1545 1548 1548 1549 1549 1550 1550 1551 1551 1550 1550 1549 1549 1302 1302 1552 1552 1303 1303 1553 1553 1303 1303 1552 1552 1342 1342 1554 1554 1343 1343 1555 1555 1343 1343 1554 1554 1556 1556 1557 1557 1558 1558 1559 1559 1558 1558 1557 1557 1560 1560 1561 1561 1562 1562 1560 1560 1562 1562 1563 1563 1564 1564 1563 1563 1562 1562 1563 1563 1564 1564 1565 1565 1566 1566 1565 1565 1564 1564 1565 1565 1566 1566 1567 1567 1568 1568 1569 1569 1570 1570 1571 1571 1570 1570 1569 1569 1572 1572 1573 1573 1574 1574 1575 1575 1574 1574 1576 1576 1573 1573 1576 1576 1574 1574 1576 1576 1573 1573 1577 1577 1574 1574 1578 1578 1572 1572 1579 1579 1572 1572 1578 1578 1572 1572 1579 1579 1580 1580 1581 1581 1582 1582 1573 1573 1583 1583 1573 1573 1582 1582 1573 1573 1583 1583 1577 1577 1580 1580 1584 1584 1572 1572 1585 1585 1572 1572 1584 1584 1572 1572 1585 1585 1586 1586 1587 1587 1588 1588 1589 1589 1585 1585 1590 1590 1586 1586 1591 1591 1586 1586 1590 1590 1586 1586 1591 1591 1589 1589 1592 1592 1589 1589 1591 1591 1593 1593 1594 1594 1595 1595 1596 1596 1595 1595 1594 1594 1595 1595 1596 1596 1581 1581 1597 1597 1581 1581 1596 1596 1581 1581 1597 1597 1582 1582 1598 1598 1587 1587 1599 1599 1589 1589 1599 1599 1587 1587 1599 1599 1589 1589 1600 1600 1592 1592 1600 1600 1589 1589 1601 1601 1602 1602 1603 1603 1602 1602 1601 1601 1595 1595 1604 1604 1595 1595 1601 1601 1595 1595 1604 1604 1593 1593 1605 1605 1606 1606 1607 1607 1589 1589 1607 1607 1606 1606 1607 1607 1589 1589 1608 1608 1588 1588 1608 1608 1589 1589 1609 1609 1610 1610 1602 1602 1611 1611 1602 1602 1610 1610 1602 1602 1611 1611 1603 1603 1598 1598 1612 1612 1587 1587 1613 1613 1587 1587 1612 1612 1587 1587 1613 1613 1614 1614 1603 1603 1615 1615 1601 1601 1616 1616 1601 1601 1615 1615 1601 1601 1616 1616 1617 1617 1618 1618 1617 1617 1616 1616 1619 1619 1616 1616 1620 1620 1621 1621 1620 1620 1616 1616 1622 1622 1623 1623 1613 1613 1624 1624 1613 1613 1623 1623 1613 1613 1624 1624 1625 1625 1619 1619 1626 1626 1616 1616 1627 1627 1616 1616 1626 1626 1616 1616 1627 1627 1618 1618 1625 1625 1628 1628 1613 1613 1629 1629 1613 1613 1628 1628 1613 1613 1629 1629 1614 1614 1630 1630 1631 1631 1632 1632 1633 1633 1632 1632 1631 1631 1632 1632 1633 1633 1634 1634 1635 1635 1634 1634 1633 1633 1634 1634 1635 1635 1636 1636 1637 1637 1636 1636 1635 1635 1636 1636 1637 1637 1638 1638 1639 1639 1638 1638 1637 1637 1638 1638 1639 1639 1640 1640 1641 1641 1640 1640 1639 1639 1640 1640 1641 1641 1642 1642 1643 1643 1642 1642 1641 1641 1642 1642 1643 1643 1644 1644 1645 1645 1644 1644 1643 1643 1261 1261 1646 1646 1262 1262 1647 1647 1262 1262 1646 1646 1648 1648 1649 1649 1650 1650 1651 1651 1650 1650 1649 1649 1652 1652 1653 1653 1654 1654 1655 1655 1654 1654 1653 1653 1656 1656 1657 1657 1658 1658 1659 1659 1660 1660 1661 1661 1656 1656 1661 1661 1660 1660 1661 1661 1656 1656 1662 1662 1658 1658 1662 1662 1656 1656 1662 1662 1658 1658 1663 1663 1664 1664 1663 1663 1658 1658 1663 1663 1664 1664 1665 1665 1666 1666 1665 1665 1664 1664 1665 1665 1666 1666 1667 1667 1668 1668 1667 1667 1666 1666 1667 1667 1668 1668 1669 1669 1670 1670 1669 1669 1668 1668 1671 1671 1672 1672 1673 1673 1674 1674 1673 1673 1672 1672 1673 1673 1674 1674 1675 1675 1676 1676 1675 1675 1674 1674 1675 1675 1676 1676 1677 1677 1678 1678 1677 1677 1676 1676 1677 1677 1678 1678 1661 1661 1679 1679 1661 1661 1678 1678 1661 1661 1679 1679 1659 1659 1680 1680 1681 1681 1682 1682 1683 1683 1682 1682 1681 1681 1684 1684 1685 1685 1686 1686 1687 1687 1686 1686 1685 1685 1688 1688 1689 1689 1690 1690 1691 1691 1692 1692 1693 1693 1694 1694 1693 1693 1692 1692 1693 1693 1694 1694 1695 1695 1696 1696 1695 1695 1694 1694 1695 1695 1696 1696 1697 1697 1698 1698 1697 1697 1696 1696 1697 1697 1698 1698 1699 1699 1700 1700 1699 1699 1698 1698 1699 1699 1700 1700 1701 1701 1701 1701 1702 1702 1699 1699 1688 1688 1699 1699 1702 1702 1699 1699 1688 1688 1703 1703 1690 1690 1703 1703 1688 1688 1703 1703 1690 1690 1704 1704 1705 1705 1704 1704 1690 1690 1704 1704 1705 1705 1706 1706 1707 1707 1706 1706 1705 1705 1706 1706 1707 1707 1708 1708 1709 1709 1708 1708 1707 1707 1708 1708 1709 1709 1710 1710 1711 1711 1710 1710 1709 1709 1712 1712 1713 1713 1714 1714 1715 1715 1714 1714 1713 1713 1716 1716 1717 1717 1718 1718 1719 1719 1718 1718 1717 1717 1720 1720 1721 1721 1722 1722 1723 1723 1722 1722 1721 1721 1724 1724 1725 1725 1726 1726 1727 1727 1726 1726 1725 1725 1728 1728 1729 1729 1730 1730 1731 1731 1730 1730 1729 1729 1530 1530 1732 1732 1531 1531 1733 1733 1531 1531 1732 1732 1734 1734 1735 1735 1736 1736 1734 1734 1736 1736 1737 1737 1738 1738 1737 1737 1736 1736 1737 1737 1738 1738 1739 1739 1740 1740 1739 1739 1738 1738 1739 1739 1740 1740 1741 1741 1734 1734 1742 1742 1735 1735 1743 1743 1735 1735 1742 1742 1744 1744 1745 1745 1746 1746 1747 1747 1746 1746 1745 1745 1748 1748 1567 1567 1749 1749 1566 1566 1749 1749 1567 1567 1750 1750 1751 1751 1752 1752 1750 1750 1752 1752 1753 1753 1754 1754 1753 1753 1752 1752 1753 1753 1754 1754 1755 1755 1756 1756 1755 1755 1754 1754 1755 1755 1756 1756 1757 1757 1750 1750 1758 1758 1751 1751 1759 1759 1751 1751 1758 1758 1760 1760 1761 1761 1762 1762 1763 1763 1762 1762 1761 1761 1764 1764 1765 1765 1766 1766 1767 1767 1766 1766 1765 1765 1768 1768 1769 1769 1770 1770 1771 1771 1770 1770 1769 1769 1772 1772 1773 1773 1774 1774 1775 1775 1774 1774 1773 1773 1776 1776 1777 1777 1778 1778 1779 1779 1778 1778 1777 1777 1780 1780 1781 1781 1782 1782 1783 1783 1782 1782 1781 1781 1784 1784 1785 1785 1786 1786 1787 1787 1786 1786 1785 1785 1053 1053 1055 1055 1788 1788 1053 1053 1788 1788 1789 1789 1790 1790 1789 1789 1788 1788 1789 1789 1790 1790 1791 1791 1792 1792 1791 1791 1790 1790 1791 1791 1792 1792 1793 1793 106 106 1793 1793 1792 1792 1793 1793 106 106 107 107 93 93 92 92 1794 1794 93 93 1794 1794 1795 1795 1796 1796 1795 1795 1794 1794 1795 1795 1796 1796 1797 1797 1798 1798 1797 1797 1796 1796 1797 1797 1798 1798 1799 1799 943 943 1799 1799 1798 1798 1799 1799 943 943 941 941 1051 1051 1052 1052 1800 1800 1051 1051 1800 1800 1801 1801 1802 1802 1801 1801 1800 1800 1801 1801 1802 1802 1803 1803 1804 1804 1803 1803 1802 1802 1803 1803 1804 1804 1805 1805 1806 1806 1805 1805 1804 1804 1805 1805 1806 1806 1807 1807 1808 1808 1809 1809 1810 1810 1808 1808 1810 1810 1811 1811 1812 1812 1811 1811 1810 1810 1811 1811 1812 1812 1813 1813 1814 1814 1813 1813 1812 1812 1813 1813 1814 1814 1815 1815 1310 1310 1815 1815 1814 1814 1815 1815 1310 1310 1312 1312 21 21 20 20 1816 1816 21 21 1816 1816 1817 1817 1818 1818 1817 1817 1816 1816 1817 1817 1818 1818 1819 1819 1820 1820 1819 1819 1818 1818 1819 1819 1820 1820 1821 1821 1651 1651 1821 1821 1820 1820 1821 1821 1651 1651 1649 1649 1045 1045 1047 1047 1822 1822 1045 1045 1822 1822 1823 1823 1824 1824 1823 1823 1822 1822 1823 1823 1824 1824 1825 1825 1826 1826 1825 1825 1824 1824 1825 1825 1826 1826 1827 1827 34 34 1827 1827 1826 1826 1827 1827 34 34 35 35 1631 1631 1630 1630 1828 1828 1631 1631 1828 1828 1829 1829 1830 1830 1829 1829 1828 1828 1829 1829 1830 1830 1831 1831 1832 1832 1831 1831 1830 1830 1831 1831 1832 1832 1833 1833 888 888 1833 1833 1832 1832 1833 1833 888 888 890 890 1043 1043 1044 1044 1834 1834 1043 1043 1834 1834 1835 1835 1836 1836 1835 1835 1834 1834 1835 1835 1836 1836 1837 1837 1838 1838 1837 1837 1836 1836 1837 1837 1838 1838 1839 1839 1644 1644 1839 1839 1838 1838 1839 1839 1644 1644 1645 1645 1840 1840 1841 1841 1842 1842 1843 1843 1842 1842 1841 1841 1844 1844 1845 1845 1846 1846 1847 1847 1846 1846 1845 1845 1848 1848 1849 1849 1850 1850 1851 1851 1850 1850 1849 1849 1852 1852 1853 1853 1854 1854 1855 1855 1854 1854 1853 1853 1856 1856 1857 1857 1858 1858 1859 1859 1858 1858 1857 1857 1860 1860 1861 1861 1862 1862 1863 1863 1862 1862 1861 1861 1864 1864 1865 1865 1866 1866 1867 1867 1866 1866 1865 1865 1868 1868 1869 1869 1870 1870 1871 1871 1870 1870 1869 1869 1872 1872 1873 1873 1874 1874 1875 1875 1874 1874 1873 1873 1876 1876 1877 1877 1878 1878 1879 1879 1878 1878 1877 1877 1880 1880 1881 1881 1882 1882 1883 1883 1882 1882 1881 1881 1884 1884 1885 1885 1886 1886 1887 1887 1886 1886 1885 1885 1888 1888 1889 1889 1890 1890 1891 1891 1890 1890 1889 1889 1892 1892 1893 1893 1894 1894 1895 1895 1894 1894 1893 1893 1809 1809 1808 1808 1896 1896 1897 1897 1896 1896 1808 1808 1896 1896 1897 1897 1898 1898 1899 1899 1898 1898 1897 1897 1898 1898 1899 1899 1900 1900 1901 1901 1900 1900 1899 1899 1900 1900 1901 1901 1902 1902 1903 1903 1902 1902 1901 1901 1902 1902 1903 1903 1904 1904 1905 1905 1904 1904 1903 1903 1904 1904 1905 1905 1906 1906 1907 1907 1906 1906 1905 1905 1906 1906 1907 1907 1806 1806 1807 1807 1806 1806 1907 1907 1908 1908 1909 1909 1910 1910 1908 1908 1910 1910 1911 1911 1912 1912 1911 1911 1910 1910 1911 1911 1912 1912 1913 1913 1914 1914 1913 1913 1912 1912 1913 1913 1914 1914 1915 1915 1916 1916 1915 1915 1914 1914 1915 1915 1916 1916 1917 1917 1918 1918 1917 1917 1916 1916 1917 1917 1918 1918 1919 1919 1313 1313 1919 1919 1918 1918 1919 1919 1313 1313 1311 1311 1920 1920 1921 1921 1922 1922 1920 1920 1922 1922 1923 1923 1924 1924 1923 1923 1922 1922 1923 1923 1924 1924 1925 1925 1926 1926 1925 1925 1924 1924 1925 1925 1926 1926 1927 1927 1928 1928 1927 1927 1926 1926 1927 1927 1928 1928 1929 1929 1930 1930 1929 1929 1928 1928 1929 1929 1930 1930 1931 1931 1056 1056 1931 1931 1930 1930 1931 1931 1056 1056 1054 1054 1932 1932 1933 1933 1934 1934 1932 1932 1934 1934 1935 1935 1936 1936 1935 1935 1934 1934 1935 1935 1936 1936 1937 1937 1938 1938 1937 1937 1936 1936 1937 1937 1938 1938 1939 1939 1940 1940 1939 1939 1938 1938 1939 1939 1940 1940 1941 1941 1942 1942 1941 1941 1940 1940 1941 1941 1942 1942 1943 1943 1048 1048 1943 1943 1942 1942 1943 1943 1048 1048 1046 1046 1944 1944 1945 1945 1946 1946 1944 1944 1946 1946 1947 1947 1948 1948 1947 1947 1946 1946 1947 1947 1948 1948 1949 1949 1950 1950 1949 1949 1948 1948 1949 1949 1950 1950 1951 1951 1952 1952 1951 1951 1950 1950 1951 1951 1952 1952 1953 1953 1954 1954 1953 1953 1952 1952 1953 1953 1954 1954 1955 1955 891 891 1955 1955 1954 1954 1955 1955 891 891 889 889 1956 1956 1957 1957 1958 1958 1959 1959 1958 1958 1957 1957 1960 1960 1961 1961 1962 1962 1963 1963 1962 1962 1961 1961 1964 1964 1965 1965 1966 1966 1967 1967 1966 1966 1965 1965 1968 1968 1969 1969 1970 1970 1971 1971 1970 1970 1969 1969 1972 1972 1973 1973 1974 1974 1975 1975 1974 1974 1973 1973</p>
        </triangles>
      </mesh>
    </geometry>
    <geometry id="a4232ce7eab94617861de64ce6c4db85" name="b88d0268da1e4e0eabf5eed787901bde">
      <mesh>
        <source id="verts-array">
          <float_array count="5937" id="verts-array-array">0.002389204 0.01200422 0.004547514 0.002227471 0.007090487 0.003637006 0.002513967 0.0120603 0.004222717 0.002352233 0.007146565 0.003312209 0.002719668 0.01210587 0.003940245 0.002557934 0.007192136 0.003029738 0.002992475 0.01213782 0.003719372 0.002830741 0.007224084 0.002808864 0.003313622 0.01215398 0.003575125 0.003151888 0.007240242 0.002664618 0.003661277 0.01215324 0.003517347 0.003499543 0.007239505 0.00260684 0.004011738 0.01213566 0.003549963 0.003850005 0.007221926 0.002639456 0.004341134 0.01210244 0.003670757 0.0041794 0.007188702 0.00276025 0.004627027 0.01205583 0.003871495 0.004465293 0.007142095 0.002960987 0.004849921 0.01199902 0.004138504 0.004688188 0.007085282 0.003227997 0.004994582 0.01193588 0.004453579 0.004832849 0.007022138 0.003543072 0.005051271 0.0118707 0.004795259 0.004889537 0.006956959 0.003884751 0.005016014 0.01180793 0.005140253 0.004854281 0.006894193 0.004229745 0.004891254 0.01175185 0.00546504 0.00472952 0.006838117 0.004554532 0.004685453 0.01170629 0.005747499 0.00452372 0.006792552 0.004836992 0.004412746 0.01167434 0.005968385 0.004251013 0.006760598 0.005057878 0.004091599 0.01165818 0.006112632 0.003929866 0.00674444 0.005202124 0.003743942 0.01165891 0.006170419 0.003582209 0.006745175 0.005259912 0.00339348 0.01167649 0.006137803 0.003231747 0.006762754 0.005227296 0.003064085 0.01170972 0.006017009 0.002902351 0.006795978 0.005106502 0.002778194 0.01175632 0.005816262 0.002616461 0.006842587 0.004905755 0.0025553 0.01181314 0.005549253 0.002393566 0.006899399 0.004638745 0.002410539 0.01187629 0.005234165 0.002248805 0.006962549 0.004323658 0.00235395 0.01194146 0.004892498 0.002192217 0.007027722 0.00398199 0.008790861 0.009831091 0.004155258 0.008829749 0.006882564 0.003586341 0.009228635 0.009830165 0.004082491 0.009131595 0.006881922 0.003536186 0.009669973 0.009808028 0.004123562 0.009572933 0.006859786 0.003577257 0.01008478 0.009766188 0.00427568 0.008476618 0.009271651 0.007230206 0.008131443 0.006363862 0.006509664 0.00811662 0.009330341 0.006977422 0.00801958 0.006382098 0.006431117 0.007835927 0.009401883 0.006641187 0.007738887 0.006453641 0.006094882 0.007653673 0.009481403 0.006244415 0.007556633 0.006533161 0.00569811 0.007582362 0.009563476 0.00581416 0.007485321 0.006615233 0.005267856 0.007626782 0.009642512 0.005379737 0.007529742 0.006694269 0.004833432 0.007783863 0.009713129 0.004970735 0.007686823 0.006764886 0.004424431 0.008042946 0.009770512 0.004615034 0.007945906 0.00682227 0.004068729 0.008386443 0.009810744 0.004336897 0.008289403 0.006862502 0.003790593 0.008693821 0.006882848 0.003608953 0.009770538 0.009206748 0.007350628 0.009537467 0.006258793 0.006826933 0.009332763 0.009207674 0.007423395 0.009235723 0.006259431 0.00687709 0.008891425 0.009229811 0.007382324 0.008794385 0.006281568 0.006836019 0.008379578 0.006323408 0.006683901 0.00998774 0.006817945 0.003729375 0.01023587 0.006777489 0.003903632 0.01044478 0.009707498 0.004528464 0.01034774 0.006759256 0.003982159 0.01072547 0.009635956 0.004864699 0.01062843 0.006687713 0.004318394 0.01090763 0.009556443 0.005261449 0.01081059 0.0066082 0.004715144 0.01097894 0.00947437 0.005691703 0.0108819 0.006526128 0.005145399 0.01093462 0.009395327 0.006126149 0.01083758 0.006447084 0.005579844 0.01077744 0.009324717 0.006535128 0.0106804 0.006376475 0.005988824 0.01051835 0.009267334 0.00689083 0.01042131 0.006319091 0.006344525 0.01017496 0.009227094 0.007168988 0.01007792 0.006278852 0.006622684 0.009673497 0.006258506 0.006804323 0.02683846 0.01298484 -0.005087493 0.02667672 0.008071101 -0.005998001 0.02696322 0.01304092 -0.00541228 0.02680148 0.008127177 -0.006322788 0.02716892 0.01308649 -0.005694762 0.02700719 0.00817275 -0.006605269 0.02744173 0.01311844 -0.005915635 0.02727999 0.008204698 -0.006826142 0.02776287 0.01313459 -0.006059843 0.02760113 0.00822085 -0.006970351 0.02811053 0.01313386 -0.006117659 0.0279488 0.00822012 -0.007028167 0.02846099 0.01311628 -0.006085044 0.02829926 0.008202541 -0.006995551 0.02879039 0.01308305 -0.00596425 0.02862865 0.008169316 -0.006874757 0.02907627 0.01303644 -0.005763474 0.02891454 0.008122703 -0.006673981 0.02929917 0.01297963 -0.005496503 0.02913744 0.008065897 -0.00640701 0.02944383 0.01291649 -0.005181428 0.0292821 0.008002752 -0.006091935 0.02950052 0.01285131 -0.004839738 0.02933879 0.007937572 -0.005750246 0.02946527 0.01278855 -0.004494754 0.02930353 0.007874807 -0.005405262 0.02934051 0.01273247 -0.004169967 0.02917877 0.007818731 -0.005080474 0.02913471 0.0126869 -0.003887507 0.02897297 0.007773166 -0.004798015 0.028862 0.01265495 -0.003666612 0.02870026 0.00774121 -0.00457712 0.02854084 0.01263878 -0.003522308 0.0283791 0.007725042 -0.004432816 0.02819319 0.01263953 -0.003464588 0.02803146 0.007725789 -0.004375095 0.02784273 0.01265711 -0.003497203 0.027681 0.007743368 -0.004407711 0.02751334 0.01269033 -0.003617997 0.0273516 0.007776593 -0.004528505 0.02722743 0.01273693 -0.003818678 0.0270657 0.007823189 -0.004729185 0.02700455 0.01279375 -0.004085744 0.02684282 0.007880012 -0.004996252 0.02685979 0.0128569 -0.004400841 0.02669806 0.007943164 -0.005311349 0.0268032 0.01292207 -0.004742509 0.02664147 0.008008337 -0.005653016 0.02700546 0.007869421 -0.01595087 0.02707015 0.009834916 -0.01558667 0.02668762 0.007710508 -0.01503681 0.02675231 0.009676003 -0.0146726 0.02655682 0.00753758 -0.01408033 0.02662152 0.009503075 -0.01371613 0.02661818 0.007357294 -0.01311828 0.02668287 0.009322789 -0.01275408 0.02686934 0.007176581 -0.01218764 0.02693404 0.009142076 -0.01182344 0.0273006 0.007002382 -0.01132414 0.0273653 0.008967877 -0.01095994 0.02789534 0.006841441 -0.01056124 0.02796003 0.008806936 -0.01019703 0.02863077 0.006699897 -0.009928002 0.02869546 0.008665392 -0.009563799 0.02947861 0.006583232 -0.009449001 0.02954331 0.008548727 -0.009084798 0.03040613 0.006495915 -0.009142533 0.03047082 0.008461411 -0.00877833 0.03422966 0.01181173 -0.02752666 0.0343914 0.01672546 -0.02661616 0.03512333 0.01665162 -0.02634766 0.03496159 0.01173788 -0.02725817 0.03575869 0.01654804 -0.02590156 0.03559695 0.01163431 -0.02681206 0.03625399 0.01642181 -0.02530826 0.03609225 0.01150807 -0.02621877 0.0365755 0.01628149 -0.02460812 0.03641376 0.01136775 -0.02551863 0.03670138 0.01613664 -0.02384878 0.03653965 0.0112229 -0.02475929 0.03662312 0.01599717 -0.02308218 0.03646139 0.01108343 -0.02399269 0.02427325 0.006387694 -0.01845199 0.02436034 0.005583439 -0.01961859 0.02439269 0.006566187 -0.01943648 0.02425437 0.005769399 -0.02060333 0.02428672 0.006752147 -0.02042123 0.02392818 0.005953473 -0.02153878 0.02396052 0.006936221 -0.02135668 0.02339814 0.006126443 -0.0223781 0.02343049 0.007109191 -0.022196 0.02269075 0.006279668 -0.02307935 0.0227231 0.007262415 -0.02289725 0.02184164 0.006405412 -0.02360713 0.02187399 0.007388159 -0.02342503 0.02089331 0.006497391 -0.02393506 0.02092566 0.007480138 -0.02375296 0.01989323 0.006551011 -0.02404679 0.01992558 0.007533758 -0.02386469 0.01889171 0.00656356 -0.02393661 0.01892405 0.007546307 -0.02375451 0.01793885 0.0065344 -0.02360999 0.0179712 0.007517148 -0.02342789 0.01708242 0.006465037 -0.02308353 0.01711477 0.007447784 -0.02290142 0.01636548 0.006358913 -0.02238346 0.01639783 0.007341661 -0.02220136 0.01582389 0.006221343 -0.02154483 0.01585624 0.007204091 -0.02136273 0.01548487 0.006059259 -0.02060989 0.01551721 0.007042007 -0.02042779 0.01536533 0.005880773 -0.01962542 0.01539767 0.006863521 -0.01944332 0.0154713 0.005694813 -0.01864068 0.01550364 0.006677561 -0.01845857 0.01579749 0.005510739 -0.01770523 0.01582984 0.006493487 -0.01752313 0.01632763 0.005337762 -0.01686589 0.01635997 0.006320509 -0.01668378 0.01703492 0.005184545 -0.01616465 0.01706726 0.006167292 -0.01598255 0.01788403 0.005058801 -0.01563688 0.01791638 0.006041549 -0.01545478 0.01883245 0.004966815 -0.01530893 0.0188648 0.005949562 -0.01512682 0.01983244 0.004913202 -0.01519722 0.01986479 0.005895949 -0.01501512 0.02083396 0.004900653 -0.0153074 0.02086631 0.0058834 -0.0151253 0.02178692 0.004929805 -0.015634 0.02181926 0.005912553 -0.0154519 0.02264325 0.004999176 -0.01616048 0.0226756 0.005981923 -0.01597838 0.02336019 0.005105299 -0.01686055 0.02339254 0.006088047 -0.01667845 0.02390178 0.005242869 -0.01769917 0.02393413 0.006225617 -0.01751707 0.0242409 0.005404946 -0.0186341 0.02428672 0.006752147 -0.02042123 0.02759564 0.00662267 -0.02031025 0.02439269 0.006566187 -0.01943648 0.02762659 0.00638227 -0.01901838 0.02427325 0.006387694 -0.01845199 0.02743515 0.006151414 -0.01773851 0.02393413 0.006225617 -0.01751707 0.0227231 0.007262415 -0.02289725 0.02535964 0.007541756 -0.0248731 0.02343049 0.007109191 -0.022196 0.0262088 0.007331986 -0.02389187 0.02396052 0.006936221 -0.02135668 0.02687643 0.007104466 -0.0227826 0.0273431 0.006865741 -0.02157717 0.01992558 0.007533758 -0.02386469 0.02069777 0.008093734 -0.02702387 0.02092566 0.007480138 -0.02375296 0.02198824 0.008007744 -0.02678904 0.02187399 0.007388159 -0.02342503 0.02321848 0.007884573 -0.02634284 0.02435315 0.007727719 -0.02569791 0.01223197 0.007164492 -0.02050525 0.01551721 0.007042007 -0.02042779 0.01539767 0.006863521 -0.01944332 0.01711477 0.007447784 -0.02290142 0.01567963 0.008033598 -0.02580796 0.0179712 0.007517148 -0.02342789 0.01683856 0.008109556 -0.02642375 0.01892405 0.007546307 -0.02375451 0.01808533 0.00814539 -0.02683859 0.01938419 0.008140064 -0.02704057 0.01235531 0.007278286 -0.02114127 0.01253295 0.007388024 -0.02176505 0.01585624 0.007204091 -0.02136273 0.0130457 0.007592212 -0.02295807 0.01639783 0.007341661 -0.02220136 0.01375563 0.007771146 -0.02404983 0.01464204 0.00791971 -0.02500903 0.01635997 0.006320509 -0.01668378 0.01322377 0.006209661 -0.01552848 0.01582984 0.006493487 -0.01752313 0.01265454 0.006443622 -0.01668999 0.01550364 0.006677561 -0.01845857 0.0122937 0.006685389 -0.01793064 0.01215138 0.00692801 -0.01921471 0.0188648 0.005949562 -0.01512682 0.01717727 0.005479101 -0.01228813 0.01791638 0.006041549 -0.01545478 0.0159905 0.005619613 -0.01283563 0.01706726 0.006167292 -0.01598255 0.01491609 0.005791636 -0.01357313 0.01398495 0.005990219 -0.01447943 0.02181926 0.005912553 -0.0154519 0.02233732 0.005297115 -0.01222258 0.02086631 0.0058834 -0.0151253 0.02105985 0.005281825 -0.01191315 0.01986479 0.005895949 -0.01501512 0.01974886 0.005307729 -0.01182008 0.01844219 0.005374133 -0.01194634 0.02702675 0.00593677 -0.0165076 0.02641326 0.005744528 -0.01536115 0.02339254 0.006088047 -0.01667845 0.02561216 0.005580193 -0.01433198 0.0226756 0.005981923 -0.01597838 0.02464672 0.005448484 -0.0134497 0.02354447 0.005353223 -0.01273981 0.02195138 0.00607044 -0.02181888 0.02339814 0.006126443 -0.0223781 0.02245487 0.005942092 -0.02121566 0.02392818 0.005953473 -0.02153878 0.02278179 0.005799424 -0.02050379 0.02425437 0.005769399 -0.02060333 0.02290979 0.005652173 -0.01973186 0.02436034 0.005583439 -0.01961859 0.02283021 0.005510363 -0.01895242 0.0242409 0.005404946 -0.0186341 0.02254826 0.005383676 -0.01821864 0.02390178 0.005242869 -0.01769917 0.02208338 0.005280729 -0.01758049 0.02336019 0.005105299 -0.01686055 0.02146717 0.005208538 -0.01708144 0.01764229 0.006183484 -0.02166352 0.01708242 0.006465037 -0.02308353 0.0182585 0.006255675 -0.02216257 0.01793885 0.0065344 -0.02360999 0.01898406 0.006292179 -0.02248846 0.01889171 0.00656356 -0.02393661 0.01976949 0.006290519 -0.02261901 0.01989323 0.006551011 -0.02404679 0.02056129 0.006250798 -0.02254529 0.02089331 0.006497391 -0.02393506 0.0213055 0.006175738 -0.02227241 0.02184164 0.006405412 -0.02360713 0.02269075 0.006279668 -0.02307935 0.0172708 0.005522121 -0.01802835 0.01579749 0.005510739 -0.01770523 0.01694388 0.005664789 -0.01874022 0.0154713 0.005694813 -0.01864068 0.01681589 0.00581204 -0.01951215 0.01536533 0.005880773 -0.01962542 0.01689556 0.005953842 -0.02029157 0.01548487 0.006059259 -0.02060989 0.01717741 0.006080537 -0.02102537 0.01582389 0.006221343 -0.02154483 0.01636548 0.006358913 -0.02238346 0.02264325 0.004999176 -0.01616048 0.02178692 0.004929805 -0.015634 0.02074171 0.005172026 -0.01675553 0.02083396 0.004900653 -0.0153074 0.01995627 0.005173687 -0.01662498 0.01983244 0.004913202 -0.01519722 0.01916448 0.005213407 -0.01669869 0.01883245 0.004966815 -0.01530893 0.01842027 0.005288468 -0.01697158 0.01788403 0.005058801 -0.01563688 0.01777438 0.005393765 -0.01742511 0.01703492 0.005184545 -0.01616465 0.01632763 0.005337762 -0.01686589 0.01436938 0.01194629 -0.008250741 0.01587737 0.0118336 -0.007910465 0.01441371 0.01202533 -0.008685196 0.01596219 0.01198471 -0.008741046 0.0143424 0.0121074 -0.009115441 0.01582587 0.01214161 -0.009563546 0.01416024 0.01218692 -0.009512211 0.0154775 0.01229363 -0.01032207 0.01387954 0.01225845 -0.009848388 0.01494092 0.0124304 -0.01096489 0.01351956 0.01231715 -0.01010124 0.01425262 0.01254261 -0.01144819 0.01310474 0.01235899 -0.01025333 0.01345967 0.01262259 -0.01173894 0.01266341 0.01238113 -0.01029443 0.01261592 0.01266492 -0.01181751 0.01222562 0.01238204 -0.01022159 0.01177902 0.01266668 -0.01167837 0.01182122 0.01236171 -0.01004001 0.01100589 0.01262778 -0.01133109 0.01147771 0.01232147 -0.009761856 0.01034926 0.01255086 -0.01079934 0.01121863 0.01226409 -0.009406165 0.009853887 0.01244117 -0.01011938 0.01106155 0.01219347 -0.008997154 0.009553567 0.01230616 -0.00933743 0.01101713 0.01211443 -0.00856272 0.009468644 0.01215505 -0.008506871 0.01108844 0.01203236 -0.008132475 0.009605064 0.01199815 -0.007684349 0.01127069 0.01195284 -0.007735684 0.009953434 0.01184613 -0.006925821 0.0115514 0.01188131 -0.007399507 0.01049002 0.01170936 -0.006283009 0.01191138 0.01182261 -0.007146656 0.01117822 0.01159715 -0.005799727 0.01232619 0.01178077 -0.006994567 0.01197127 0.01151717 -0.005508955 0.01276752 0.01175863 -0.006953467 0.01281492 0.01147485 -0.005430407 0.01320531 0.01175772 -0.007026301 0.01365192 0.01147308 -0.005569527 0.01360972 0.01177805 -0.007207883 0.01442504 0.01151198 -0.005916803 0.01395312 0.01181829 -0.007486061 0.01508167 0.0115889 -0.006448554 0.0142122 0.01187568 -0.007841752 0.01557695 0.0116986 -0.007128534 0.01204932 0.01090801 0.008747547 0.01198463 0.008942512 0.008383344 0.01197154 0.008919268 0.00851111 0.01203623 0.01088476 0.008875313 0.01199257 0.008895125 0.008637667 0.01205726 0.01086062 0.00900187 0.0120461 0.008871742 0.008754347 0.0121108 0.01083724 0.00911855 0.0121287 0.008850697 0.008853249 0.01219339 0.01081619 0.009217452 0.01223459 0.008833434 0.0089276 0.01229929 0.01079893 0.009291803 0.01235658 0.008821129 0.00897234 0.01242128 0.01078662 0.009336543 0.02249645 0.01103161 -0.004758137 0.02254384 0.01074783 -0.003235077 0.02293424 0.0110307 -0.004830971 0.02338084 0.01074606 -0.003374197 0.02333864 0.01105104 -0.005012553 0.02415397 0.01078497 -0.003721474 0.02368205 0.01109128 -0.005290731 0.0248106 0.01086189 -0.004253224 0.02394113 0.01114866 -0.005646423 0.02530587 0.01097158 -0.004933204 0.02409831 0.01121927 -0.006055412 0.02560629 0.01110659 -0.005715136 0.02414263 0.01129832 -0.006489867 0.02569112 0.0112577 -0.006545716 0.02407132 0.01138039 -0.006920112 0.02555479 0.01141459 -0.007368217 0.02388917 0.0114599 -0.007316881 0.02520643 0.01156661 -0.008126744 0.02360846 0.01153144 -0.007653059 0.02466984 0.01170339 -0.008769556 0.02324848 0.01159014 -0.007905909 0.02398154 0.0118156 -0.00925286 0.02283367 0.01163197 -0.008057999 0.02318859 0.01189557 -0.009543611 0.02239233 0.01165412 -0.008099098 0.02234485 0.0119379 -0.00962218 0.02195454 0.01165503 -0.008026265 0.02150794 0.01193967 -0.009483039 0.02155014 0.01163469 -0.007844682 0.02073482 0.01190076 -0.009135762 0.02120664 0.01159446 -0.007566527 0.02007819 0.01182384 -0.008604012 0.02094756 0.01153708 -0.007210835 0.01958281 0.01171415 -0.007924054 0.02079047 0.01146646 -0.006801824 0.01928249 0.01157914 -0.0071421 0.02074605 0.01138742 -0.006367391 0.01919757 0.01142804 -0.006311542 0.02081737 0.01130535 -0.005937146 0.01933399 0.01127114 -0.005489019 0.02099962 0.01122583 -0.005540354 0.01968236 0.01111912 -0.004730491 0.02128032 0.01115429 -0.005204177 0.02021894 0.01098234 -0.004087679 0.0216403 0.01109559 -0.004951326 0.02090714 0.01087014 -0.003604397 0.02205512 0.01105376 -0.004799237 0.02170019 0.01079016 -0.003313625 0.02131659 0.01067564 -0.01910179 0.02137328 0.01061046 -0.0187601 0.02002462 0.01064584 -0.01871149 0.02133802 0.01054769 -0.01841512 0.02121326 0.01049162 -0.01809033 0.02066314 0.0108422 -0.01988461 0.02094903 0.01079559 -0.01968384 0.02117193 0.01073878 -0.01941686 0.01963562 0.01089374 -0.01998021 0.01998328 0.01089301 -0.02003802 0.02033375 0.01087543 -0.02000541 0.01883597 0.01080006 -0.01933264 0.01904168 0.01084564 -0.01961512 0.01931448 0.01087758 -0.019836 0.01873255 0.01061605 -0.0183212 0.01867596 0.01068122 -0.01866287 0.01871121 0.01074399 -0.01900786 0.01938609 0.01044948 -0.01753836 0.01910021 0.01049609 -0.01773914 0.01887731 0.0105529 -0.01800611 0.02041361 0.01039795 -0.01744277 0.02006595 0.01039867 -0.01738495 0.01971549 0.01041625 -0.01741757 0.02100746 0.01044605 -0.01780787 0.02073475 0.0104141 -0.01758697 0.02020436 0.006944437 -0.02073381 0.02059363 0.007233545 -0.02236319 0.02053376 0.006911212 -0.02061302 0.02133784 0.007158485 -0.02209031 0.02081964 0.006864599 -0.02041224 0.02198373 0.007053188 -0.02163678 0.02104254 0.006807792 -0.02014527 0.02248722 0.006924839 -0.02103356 0.0211872 0.006744648 -0.0198302 0.02281413 0.006782171 -0.02032169 0.02124389 0.006679468 -0.01948851 0.02294213 0.00663492 -0.01954976 0.02120864 0.006616703 -0.01914352 0.02286255 0.006493111 -0.01877032 0.02108388 0.006560627 -0.01881874 0.02258061 0.006366423 -0.01803654 0.02087807 0.006515062 -0.01853628 0.02211573 0.006263476 -0.01739839 0.02060537 0.006483106 -0.01831538 0.02149952 0.006191285 -0.01689934 0.02028423 0.006466955 -0.01817117 0.02077405 0.006154773 -0.01657343 0.01993656 0.006467685 -0.01811336 0.01998862 0.006156434 -0.01644288 0.0195861 0.006485264 -0.01814597 0.01919683 0.006196155 -0.01651659 0.01925671 0.006518489 -0.01826677 0.01845262 0.006271215 -0.01678947 0.01897082 0.006565102 -0.01846754 0.01780673 0.006376513 -0.01724301 0.01874792 0.006621908 -0.01873451 0.01730314 0.006504868 -0.01784625 0.01860316 0.006685059 -0.01904961 0.01697623 0.006647536 -0.01855812 0.01854657 0.006750232 -0.01939128 0.01684823 0.006794787 -0.01933005 0.01858183 0.006812997 -0.01973626 0.01692791 0.00693659 -0.02010947 0.01870659 0.006869073 -0.02006105 0.01720975 0.007063284 -0.02084327 0.01891229 0.006914646 -0.02034353 0.01767463 0.007166231 -0.02148142 0.0191851 0.006946594 -0.0205644 0.01829084 0.007238422 -0.02198047 0.01950623 0.006962745 -0.02070861 0.01901641 0.007274927 -0.02230635 0.0198539 0.006962016 -0.02076643 0.01980184 0.007273266 -0.02243691 0.01485351 0.01060487 0.009885375 0.01478882 0.008639375 0.009521172 0.01491861 0.008632866 0.009533248 0.0149833 0.01059836 0.009897451 0.01504738 0.008632593 0.009511848 0.01511207 0.01059809 0.009876051 0.01516627 0.008638581 0.009458411 0.01523096 0.01060408 0.009822614 0.01526732 0.008650412 0.009376615 0.01533202 0.01061591 0.009740818 0.01534348 0.008667292 0.009271989 0.01540818 0.01063279 0.009636192 0.01538975 0.008688057 0.009151709 0.01545445 0.01065355 0.009515912 0.005124584 0.01133188 0.007690045 0.005059891 0.00936639 0.007325842 0.005170948 0.009360438 0.007338235 0.005235642 0.01132593 0.007702438 0.005282251 0.009359042 0.007325996 0.005346944 0.01132454 0.007690199 0.005388119 0.009362279 0.007289722 0.005452813 0.01132777 0.007653925 0.005483301 0.009369985 0.007231228 0.005547994 0.01133548 0.007595431 0.005562995 0.009381776 0.007153441 0.005627689 0.01134727 0.007517644 0.005623094 0.009397066 0.007060251 0.005687788 0.01136256 0.007424454 0.00566083 0.009415071 0.006956379 0.005725523 0.01138057 0.007320582 0.001995529 0.006639887 0.006109962 0.002157262 0.01155362 0.00702047 0.001425218 0.01162746 0.006752029 0.001263485 0.006713723 0.005841521 0.0007899571 0.01173103 0.006305946 0.0006282236 0.006817291 0.005395439 0.0004887177 0.006852851 0.005228309 0.0006504513 0.01176659 0.006138817 0.0001328388 0.006943547 0.004802066 0.0002945724 0.01185728 0.005712574 8.309288e-05 0.006965291 0.004693555 -2.693276e-05 0.01199761 0.005012412 -0.0001886663 0.007083868 0.004101905 -0.0001528292 0.01214244 0.004253135 -0.0003145627 0.007228705 0.003342627 -7.446145e-05 0.01228192 0.003486493 -0.000236195 0.007368183 0.002575985 0.007663771 0.01323539 -0.03049086 0.007825505 0.01814913 -0.02958035 0.008102718 0.01827374 -0.03030207 0.007940984 0.01336 -0.03121257 0.008559987 0.01837501 -0.03092981 0.008398253 0.01346127 -0.03184032 0.009166033 0.01844601 -0.03142065 0.009004299 0.01353227 -0.03233116 0.009678759 0.0184718 -0.03165093 0.009718012 0.01356817 -0.03265164 0.009879745 0.0184819 -0.03174113 0.01065226 0.01848027 -0.03186955 0.01049053 0.01356653 -0.03278006 0.01143114 0.01844122 -0.03179713 0.0112694 0.01352748 -0.03270764 0.02856142 0.00521622 0.009074161 0.02872316 0.01012996 0.009984669 0.02844583 0.01000535 0.01070642 0.0282841 0.00509161 0.009795908 0.02798858 0.009904088 0.01133411 0.02782684 0.00499035 0.0104236 0.02731474 0.004930349 0.01083837 0.02738253 0.009833081 0.01182496 0.02722079 0.004919343 0.01091446 0.0266689 0.00979717 0.01214552 0.02650716 0.004883433 0.01123502 0.02589629 0.009798809 0.01227392 0.02573455 0.004885071 0.01136341 0.02511752 0.00983787 0.01220145 0.02495579 0.004924133 0.01129094 0.01692791 0.00693659 -0.02010947 0.01689556 0.005953842 -0.02029157 0.01720975 0.007063284 -0.02084327 0.01717741 0.006080537 -0.02102537 0.01767463 0.007166231 -0.02148142 0.01764229 0.006183484 -0.02166352 0.01829084 0.007238422 -0.02198047 0.0182585 0.006255675 -0.02216257 0.01901641 0.007274927 -0.02230635 0.01898406 0.006292179 -0.02248846 0.01980184 0.007273266 -0.02243691 0.01976949 0.006290519 -0.02261901 0.02059363 0.007233545 -0.02236319 0.02056129 0.006250798 -0.02254529 0.02133784 0.007158485 -0.02209031 0.0213055 0.006175738 -0.02227241 0.02198373 0.007053188 -0.02163678 0.02195138 0.00607044 -0.02181888 0.02248722 0.006924839 -0.02103356 0.02245487 0.005942092 -0.02121566 0.02281413 0.006782171 -0.02032169 0.02278179 0.005799424 -0.02050379 0.02294213 0.00663492 -0.01954976 0.02290979 0.005652173 -0.01973186 0.02286255 0.006493111 -0.01877032 0.02283021 0.005510363 -0.01895242 0.02258061 0.006366423 -0.01803654 0.02254826 0.005383676 -0.01821864 0.02211573 0.006263476 -0.01739839 0.02208338 0.005280729 -0.01758049 0.02149952 0.006191285 -0.01689934 0.02146717 0.005208538 -0.01708144 0.02077405 0.006154773 -0.01657343 0.02074171 0.005172026 -0.01675553 0.01998862 0.006156434 -0.01644288 0.01995627 0.005173687 -0.01662498 0.01919683 0.006196155 -0.01651659 0.01916448 0.005213407 -0.01669869 0.01845262 0.006271215 -0.01678947 0.01842027 0.005288468 -0.01697158 0.01780673 0.006376513 -0.01724301 0.01777438 0.005393765 -0.01742511 0.01730314 0.006504868 -0.01784625 0.0172708 0.005522121 -0.01802835 0.01697623 0.006647536 -0.01855812 0.01694388 0.005664789 -0.01874022 0.01684823 0.006794787 -0.01933005 0.01681589 0.00581204 -0.01951215 0.006078952 0.008313815 -0.01463195 0.006143645 0.01027931 -0.01426775 0.007050523 0.008259218 -0.01450989 0.007115217 0.01022471 -0.01414569 0.0080287 0.00823943 -0.01457685 0.008093394 0.01020492 -0.01421265 0.008975986 0.008255229 -0.01483038 0.00904068 0.01022072 -0.01446618 0.009855861 0.008305976 -0.01526055 0.009920555 0.01027147 -0.01489634 0.01063449 0.008389764 -0.01585103 0.01069918 0.01035526 -0.01548683 0.01128189 0.00850333 -0.01657891 0.01134658 0.01046883 -0.01621471 0.01177314 0.008642322 -0.01741627 0.01183783 0.01060782 -0.01705207 0.01208937 0.008801393 -0.0183309 0.01215406 0.01076689 -0.0179667 0.01221837 0.008974418 -0.01928758 0.01228306 0.01093991 -0.01892337 0.01871121 0.01074399 -0.01900786 0.01858183 0.006812997 -0.01973626 0.01883597 0.01080006 -0.01933264 0.01870659 0.006869073 -0.02006105 0.01904168 0.01084564 -0.01961512 0.01891229 0.006914646 -0.02034353 0.01931448 0.01087758 -0.019836 0.0191851 0.006946594 -0.0205644 0.01963562 0.01089374 -0.01998021 0.01950623 0.006962745 -0.02070861 0.01998328 0.01089301 -0.02003802 0.0198539 0.006962016 -0.02076643 0.02033375 0.01087543 -0.02000541 0.02020436 0.006944437 -0.02073381 0.02066314 0.0108422 -0.01988461 0.02053376 0.006911212 -0.02061302 0.02094903 0.01079559 -0.01968384 0.02081964 0.006864599 -0.02041224 0.02117193 0.01073878 -0.01941686 0.02104254 0.006807792 -0.02014527 0.02131659 0.01067564 -0.01910179 0.0211872 0.006744648 -0.0198302 0.02137328 0.01061046 -0.0187601 0.02124389 0.006679468 -0.01948851 0.02133802 0.01054769 -0.01841512 0.02120864 0.006616703 -0.01914352 0.02121326 0.01049162 -0.01809033 0.02108388 0.006560627 -0.01881874 0.02100746 0.01044605 -0.01780787 0.02087807 0.006515062 -0.01853628 0.02073475 0.0104141 -0.01758697 0.02060537 0.006483106 -0.01831538 0.02041361 0.01039795 -0.01744277 0.02028423 0.006466955 -0.01817117 0.02006595 0.01039867 -0.01738495 0.01993656 0.006467685 -0.01811336 0.01971549 0.01041625 -0.01741757 0.0195861 0.006485264 -0.01814597 0.01938609 0.01044948 -0.01753836 0.01925671 0.006518489 -0.01826677 0.01910021 0.01049609 -0.01773914 0.01897082 0.006565102 -0.01846754 0.01887731 0.0105529 -0.01800611 0.01874792 0.006621908 -0.01873451 0.01873255 0.01061605 -0.0183212 0.01860316 0.006685059 -0.01904961 0.01867596 0.01068122 -0.01866287 0.01854657 0.006750232 -0.01939128 0.02340368 0.01043387 0.009289426 0.02324195 0.005520136 0.008378918 0.02352844 0.01048995 0.008964629 0.02336671 0.005576214 0.008054122 0.02373415 0.01053552 0.008682157 0.02357241 0.005621785 0.00777165 0.02400695 0.01056747 0.008461284 0.02384522 0.005653733 0.007550776 0.0243281 0.01058363 0.008317038 0.02416637 0.005669891 0.00740653 0.02467575 0.01058289 0.00825926 0.02451402 0.005669154 0.007348752 0.02502622 0.01056531 0.008291875 0.02486448 0.005651575 0.007381368 0.02535561 0.01053209 0.008412669 0.02519388 0.005618351 0.007502162 0.0256415 0.01048548 0.008613407 0.02547977 0.005571744 0.0077029 0.0258644 0.01042867 0.008880416 0.02570267 0.005514931 0.007969909 0.02600906 0.01036552 0.009195491 0.02584733 0.005451787 0.008284984 0.02606575 0.01030035 0.009537171 0.02590401 0.005386608 0.008626664 0.02603049 0.01023758 0.009882165 0.02586876 0.005323842 0.008971657 0.02590573 0.0101815 0.01020695 0.025744 0.005267766 0.009296445 0.02569993 0.01013594 0.01048941 0.0255382 0.005222201 0.009578904 0.02542722 0.01010398 0.0107103 0.02526549 0.005190247 0.00979979 0.02510608 0.01008783 0.01085454 0.02494434 0.005174089 0.009944036 0.02475842 0.01008856 0.01091233 0.02459669 0.005174824 0.01000182 0.02440796 0.01010614 0.01087972 0.02424622 0.005192403 0.009969208 0.02407856 0.01013937 0.01075892 0.02391683 0.005225627 0.009848414 0.02379267 0.01018597 0.01055817 0.02363094 0.005272236 0.009647667 0.02356978 0.01024279 0.01029116 0.02340804 0.005329048 0.009380657 0.02342502 0.01030594 0.009976078 0.02326328 0.005392198 0.00906557 0.02336843 0.01037111 0.00963441 0.02320669 0.005457371 0.008723903 0.02466984 0.01170339 -0.008769556 0.02473454 0.01366888 -0.008405353 0.02398154 0.0118156 -0.00925286 0.02404624 0.01378109 -0.008888657 0.02318859 0.01189557 -0.009543611 0.02325329 0.01386107 -0.009179408 0.02234485 0.0119379 -0.00962218 0.02240954 0.0139034 -0.009257977 0.02150794 0.01193967 -0.009483039 0.02157263 0.01390516 -0.009118835 0.02080228 0.01386641 -0.008772853 0.02073482 0.01190076 -0.009135762 0.02079951 0.01386626 -0.008771559 0.02007819 0.01182384 -0.008604012 0.02014288 0.01378934 -0.008239809 0.01958281 0.01171415 -0.007924054 0.01964751 0.01367965 -0.007559851 0.01928249 0.01157914 -0.0071421 0.01934718 0.01354464 -0.006777897 0.01919757 0.01142804 -0.006311542 0.01926226 0.01339353 -0.005947339 0.01933399 0.01127114 -0.005489019 0.01939868 0.01323663 -0.005124816 0.01968236 0.01111912 -0.004730491 0.01974705 0.01308461 -0.004366288 0.02021894 0.01098234 -0.004087679 0.01974905 0.01308411 -0.004363918 0.02028364 0.01294784 -0.003723476 0.02090714 0.01087014 -0.003604397 0.02097184 0.01283563 -0.003240194 0.02170019 0.01079016 -0.003313625 0.02176489 0.01275565 -0.002949422 0.02254384 0.01074783 -0.003235077 0.02260853 0.01271333 -0.002870874 0.02338084 0.01074606 -0.003374197 0.02344554 0.01271156 -0.003009994 0.02421579 0.01275032 -0.003355998 0.02415397 0.01078497 -0.003721474 0.02421866 0.01275046 -0.003357271 0.0248106 0.01086189 -0.004253224 0.02487529 0.01282738 -0.003889021 0.02530587 0.01097158 -0.004933204 0.02537057 0.01293708 -0.004569001 0.02560629 0.01110659 -0.005715136 0.02567099 0.01307208 -0.005350933 0.02569112 0.0112577 -0.006545716 0.02575581 0.01322319 -0.006181513 0.02555479 0.01141459 -0.007368217 0.02561949 0.01338009 -0.007004014 0.02520643 0.01156661 -0.008126744 0.02527112 0.01353211 -0.007762541 0.02526912 0.01353261 -0.007764911 0.02217152 0.008555625 0.008661755 0.02171356 0.008215497 0.01057867 0.02223622 0.01052112 0.009025958 0.02177825 0.01018099 0.01094288 0.02195454 0.01165503 -0.008026265 0.02199344 0.008706512 -0.008595229 0.02239233 0.01165412 -0.008099098 0.02229529 0.008705873 -0.008645403 0.02283367 0.01163197 -0.008057999 0.02273663 0.008683731 -0.008604303 0.02324848 0.01159014 -0.007905909 0.02315144 0.008641896 -0.008452214 0.02339957 0.008601436 -0.008277938 0.02360846 0.01153144 -0.007653059 0.02351142 0.008583195 -0.008199363 0.02388917 0.0114599 -0.007316881 0.02379213 0.008511662 -0.007863186 0.02407132 0.01138039 -0.006920112 0.02397428 0.008432146 -0.007466416 0.02414263 0.01129832 -0.006489867 0.02404559 0.008350075 -0.007036171 0.02409831 0.01121927 -0.006055412 0.02400127 0.00827103 -0.006601716 0.02394113 0.01114866 -0.005646423 0.02384409 0.008200419 -0.006192727 0.02368205 0.01109128 -0.005290731 0.02358501 0.008143037 -0.005837035 0.02333864 0.01105104 -0.005012553 0.0232416 0.008102794 -0.005558858 0.02293424 0.0110307 -0.004830971 0.0228372 0.008082458 -0.005377275 0.02249645 0.01103161 -0.004758137 0.02239941 0.008083372 -0.005304442 0.02205512 0.01105376 -0.004799237 0.02195808 0.008105514 -0.005345541 0.0216403 0.01109559 -0.004951326 0.02154326 0.008147349 -0.005497631 0.02128032 0.01115429 -0.005204177 0.02118328 0.008206051 -0.005750481 0.02099962 0.01122583 -0.005540354 0.02090258 0.008277583 -0.006086659 0.02081737 0.01130535 -0.005937146 0.02072033 0.008357107 -0.00648345 0.02074605 0.01138742 -0.006367391 0.02064901 0.008439177 -0.006913695 0.02079047 0.01146646 -0.006801824 0.02069343 0.008518215 -0.007348128 0.02094756 0.01153708 -0.007210835 0.02085052 0.008588834 -0.007757139 0.02120664 0.01159446 -0.007566527 0.0211096 0.008646215 -0.008112831 0.02155014 0.01163469 -0.007844682 0.0214531 0.008686451 -0.008390987 0.0218575 0.008706787 -0.008572569 0.01494092 0.0124304 -0.01096489 0.01500561 0.0143959 -0.01060068 0.01425262 0.01254261 -0.01144819 0.01431731 0.01450811 -0.01108399 0.01345967 0.01262259 -0.01173894 0.01352436 0.01458808 -0.01137474 0.01261592 0.01266492 -0.01181751 0.01268061 0.01463041 -0.01145331 0.01177902 0.01266668 -0.01167837 0.01184371 0.01463218 -0.01131417 0.01107336 0.01459342 -0.01096818 0.01100589 0.01262778 -0.01133109 0.01107059 0.01459327 -0.01096689 0.01034926 0.01255086 -0.01079934 0.01041396 0.01451635 -0.01043514 0.009853887 0.01244117 -0.01011938 0.009918581 0.01440666 -0.00975518 0.009553567 0.01230616 -0.00933743 0.00961826 0.01427165 -0.008973227 0.009468644 0.01215505 -0.008506871 0.009533337 0.01412055 -0.008142668 0.009605064 0.01199815 -0.007684349 0.009669757 0.01396365 -0.007320146 0.009953434 0.01184613 -0.006925821 0.01001813 0.01381163 -0.006561618 0.01049002 0.01170936 -0.006283009 0.01002012 0.01381112 -0.006559248 0.01055471 0.01367485 -0.005918806 0.01117822 0.01159715 -0.005799727 0.01124291 0.01356265 -0.005435524 0.01197127 0.01151717 -0.005508955 0.01203596 0.01348267 -0.005144752 0.01281492 0.01147485 -0.005430407 0.01287961 0.01344034 -0.005066204 0.01365192 0.01147308 -0.005569527 0.01371661 0.01343857 -0.005205324 0.01448687 0.01347733 -0.005551328 0.01442504 0.01151198 -0.005916803 0.01448974 0.01347748 -0.0055526 0.01508167 0.0115889 -0.006448554 0.01514636 0.0135544 -0.006084351 0.01557695 0.0116986 -0.007128534 0.01564164 0.01366409 -0.006764331 0.01587737 0.0118336 -0.007910465 0.01594206 0.0137991 -0.007546262 0.01596219 0.01198471 -0.008741046 0.01602689 0.01395021 -0.008376843 0.01582587 0.01214161 -0.009563546 0.01589056 0.0141071 -0.009199343 0.0154775 0.01229363 -0.01032207 0.01554219 0.01425912 -0.009957871 0.0155402 0.01425963 -0.009960241 0.005823979 0.01455519 -0.009829405 0.005662246 0.009641452 -0.01073991 0.00594874 0.01461127 -0.01015419 0.005787006 0.009697528 -0.0110647 0.006154443 0.01465684 -0.01043667 0.005992709 0.009743101 -0.01134718 0.00642725 0.01468879 -0.01065755 0.006265516 0.009775049 -0.01156805 0.006748388 0.01470494 -0.01080176 0.006586654 0.009791201 -0.01171226 0.007096051 0.01470421 -0.01085957 0.006934318 0.009790471 -0.01177008 0.007446513 0.01468663 -0.01082696 0.00728478 0.009772892 -0.01173746 0.007775909 0.0146534 -0.01070616 0.007614175 0.009739667 -0.01161667 0.008061792 0.01460679 -0.01050539 0.007900059 0.009693054 -0.01141589 0.008284696 0.01454999 -0.01023841 0.008122962 0.009636248 -0.01114892 0.008429357 0.01448684 -0.00992334 0.008267624 0.009573103 -0.01083385 0.008486043 0.01442166 -0.00958165 0.00832431 0.009507923 -0.01049216 0.008450789 0.0143589 -0.009236666 0.008289055 0.009445158 -0.01014717 0.008326029 0.01430282 -0.008911879 0.008164295 0.009389082 -0.009822387 0.008120228 0.01425725 -0.00862942 0.007958495 0.009343517 -0.009539927 0.007847519 0.0142253 -0.008408524 0.007685785 0.009311561 -0.009319032 0.007526358 0.01420913 -0.00826422 0.007364624 0.009295393 -0.009174728 0.007178717 0.01420988 -0.0082065 0.007016983 0.00929614 -0.009117007 0.006828255 0.01422746 -0.008239116 0.006666521 0.009313719 -0.009149623 0.00649886 0.01426068 -0.00835991 0.006337126 0.009346944 -0.009270417 0.006212953 0.01430728 -0.00856059 0.006051219 0.00939354 -0.009471097 0.005990072 0.0143641 -0.008827657 0.005828339 0.009450363 -0.009738164 0.005845314 0.01442725 -0.009142754 0.00568358 0.009513515 -0.01005326 0.005788725 0.01449243 -0.009484421 0.005626992 0.009578688 -0.01039493 0.01222562 0.01238204 -0.01022159 0.01226452 0.009433526 -0.01079056 0.01266341 0.01238113 -0.01029443 0.01256637 0.009432888 -0.01084073 0.01310474 0.01235899 -0.01025333 0.0130077 0.009410746 -0.01079963 0.01351956 0.01231715 -0.01010124 0.01342252 0.00936891 -0.01064754 0.01367064 0.009328451 -0.01047327 0.01387954 0.01225845 -0.009848388 0.0137825 0.009310209 -0.01039469 0.01416024 0.01218692 -0.009512211 0.0140632 0.009238677 -0.01005852 0.0143424 0.0121074 -0.009115441 0.01424536 0.00915916 -0.009661746 0.01441371 0.01202533 -0.008685196 0.01431667 0.009077089 -0.009231501 0.01436938 0.01194629 -0.008250741 0.01427234 0.008998045 -0.008797046 0.0142122 0.01187568 -0.007841752 0.01411516 0.008927433 -0.008388057 0.01395312 0.01181829 -0.007486061 0.01385608 0.008870052 -0.008032365 0.01360972 0.01177805 -0.007207883 0.01351268 0.008829809 -0.007754187 0.01320531 0.01175772 -0.007026301 0.01310827 0.008809473 -0.007572605 0.01276752 0.01175863 -0.006953467 0.01267048 0.008810386 -0.007499771 0.01232619 0.01178077 -0.006994567 0.01222915 0.008832528 -0.007540871 0.01191138 0.01182261 -0.007146656 0.01181434 0.008874364 -0.00769296 0.0115514 0.01188131 -0.007399507 0.01145436 0.008933065 -0.007945811 0.01127069 0.01195284 -0.007735684 0.01117365 0.009004597 -0.008281989 0.01108844 0.01203236 -0.008132475 0.0109914 0.009084121 -0.00867878 0.01101713 0.01211443 -0.00856272 0.01092009 0.009166192 -0.009109025 0.01106155 0.01219347 -0.008997154 0.01096451 0.009245229 -0.009543458 0.01121863 0.01226409 -0.009406165 0.01112159 0.009315848 -0.009952469 0.01147771 0.01232147 -0.009761856 0.01138067 0.00937323 -0.01030816 0.01182122 0.01236171 -0.01004001 0.01172418 0.009413465 -0.01058632 0.01212858 0.009433801 -0.0107679 0.01851979 0.009104076 0.006350587 0.01855867 0.00615555 0.005781671 0.01895756 0.009103151 0.006277821 0.01886052 0.006154908 0.005731516 0.0193989 0.009081014 0.006318892 0.01930186 0.006132771 0.005772587 0.01981371 0.009039173 0.00647101 0.01820554 0.008544637 0.009425535 0.01786037 0.005636847 0.008704993 0.01784555 0.008603326 0.009172752 0.01774851 0.005655084 0.008626447 0.01756485 0.008674869 0.008836517 0.01746781 0.005726626 0.008290212 0.0173826 0.008754389 0.008439744 0.01728556 0.005806146 0.00789344 0.01731129 0.008836462 0.00800949 0.01721425 0.005888219 0.007463185 0.01735571 0.008915498 0.007575066 0.01725867 0.005967255 0.007028762 0.01751279 0.008986115 0.007166065 0.01741575 0.006037872 0.00661976 0.01777187 0.009043498 0.006810364 0.01767483 0.006095255 0.006264059 0.01811537 0.00908373 0.006532227 0.01801833 0.006135487 0.005985923 0.01842275 0.006155834 0.005804283 0.01949946 0.008479734 0.009545958 0.01926639 0.005531779 0.009022263 0.01906169 0.008480659 0.009618724 0.01896465 0.005532417 0.00907242 0.01862035 0.008502796 0.009577653 0.01852331 0.005554554 0.009031349 0.0181085 0.005596394 0.008879231 0.01971667 0.006090931 0.005924705 0.0199648 0.006050474 0.006098962 0.0201737 0.008980484 0.006723793 0.02007666 0.006032241 0.006177489 0.0204544 0.008908941 0.007060028 0.02035736 0.005960699 0.006513724 0.02063655 0.008829428 0.007456778 0.02053951 0.005881186 0.006910474 0.02070786 0.008747356 0.007887033 0.02061082 0.005799113 0.007340729 0.02066354 0.008668313 0.008321478 0.0205665 0.00572007 0.007775174 0.02050636 0.008597703 0.008730458 0.02040932 0.00564946 0.008184154 0.02024728 0.00854032 0.009086159 0.02015024 0.005592077 0.008539855 0.01990388 0.00850008 0.009364318 0.01980684 0.005551837 0.008818013 0.01940242 0.005531491 0.008999653 0.01236136 0.01109548 -0.01977684 0.01223197 0.007164492 -0.02050525 0.01215138 0.00692801 -0.01921471 0.01221607 0.008893505 -0.01885051 0.0122937 0.006685389 -0.01793064 0.01235839 0.008650884 -0.01756644 0.01265454 0.006443622 -0.01668999 0.01271923 0.008409117 -0.01632579 0.01322377 0.006209661 -0.01552848 0.01328847 0.008175156 -0.01516428 0.01398495 0.005990219 -0.01447943 0.01404964 0.007955714 -0.01411522 0.01491609 0.005791636 -0.01357313 0.01498079 0.007757131 -0.01320893 0.0159905 0.005619613 -0.01283563 0.0160552 0.007585109 -0.01247143 0.01717727 0.005479101 -0.01228813 0.01724196 0.007444596 -0.01192393 0.01844219 0.005374133 -0.01194634 0.01850688 0.007339628 -0.01158213 0.01974886 0.005307729 -0.01182008 0.01981356 0.007273224 -0.01145587 0.02105985 0.005281825 -0.01191315 0.02112454 0.00724732 -0.01154895 0.02233732 0.005297115 -0.01222258 0.02240201 0.00726261 -0.01185838 0.02354447 0.005353223 -0.01273981 0.02360916 0.007318718 -0.01237561 0.02464672 0.005448484 -0.0134497 0.02471141 0.007413979 -0.0130855 0.02561216 0.005580193 -0.01433198 0.02567685 0.007545688 -0.01396778 0.02641326 0.005744528 -0.01536115 0.02715613 0.009867761 -0.01577919 0.01235531 0.007278286 -0.02114127 0.01266233 0.01131901 -0.02103664 0.01253295 0.007388024 -0.02176505 0.01317508 0.0115232 -0.02222966 0.0130457 0.007592212 -0.02295807 0.01388502 0.01170214 -0.02332142 0.01375563 0.007771146 -0.02404983 0.01477142 0.0118507 -0.02428063 0.01464204 0.00791971 -0.02500903 0.01580902 0.01196459 -0.02507955 0.01567963 0.008033598 -0.02580796 0.01696794 0.01204055 -0.02569534 0.01683856 0.008109556 -0.02642375 0.01821472 0.01207638 -0.02611019 0.01808533 0.00814539 -0.02683859 0.01951358 0.01207105 -0.02631217 0.01938419 0.008140064 -0.02704057 0.02082715 0.01202472 -0.02629546 0.02069777 0.008093734 -0.02702387 0.02211763 0.01193873 -0.02606063 0.02198824 0.008007744 -0.02678904 0.02334787 0.01181556 -0.02561444 0.02321848 0.007884573 -0.02634284 0.02448254 0.01165871 -0.0249695 0.02435315 0.007727719 -0.02569791 0.02548903 0.01147275 -0.02414469 0.02535964 0.007541756 -0.0248731 0.02633818 0.01126298 -0.02316346 0.0262088 0.007331986 -0.02389187 0.02700582 0.01103546 -0.0220542 0.02687643 0.007104466 -0.0227826 0.02747248 0.01079673 -0.02084876 0.0273431 0.006865741 -0.02157717 0.02772503 0.01055366 -0.01958184 0.02759564 0.00662267 -0.02031025 0.02775598 0.01031326 -0.01828997 0.02762659 0.00638227 -0.01901838 0.02756453 0.0100824 -0.01701011 0.02743515 0.006151414 -0.01773851 0.02702675 0.00593677 -0.0165076 0.02647795 0.007710023 -0.01499695 0.003908425 0.01044634 -0.01477213 0.003843732 0.008480846 -0.01513633 0.03270604 0.008294379 -0.008273953 0.03241236 0.00615882 -0.007679696 0.03264135 0.006328884 -0.008638156 0.03247706 0.008124315 -0.007315493 0.0325701 0.01298703 -0.006117448 0.0322309 0.007941496 -0.00628515 0.03151677 0.01220474 -0.001708535 0.03016431 0.006406668 0.002364946 0.03010851 0.01115885 0.00418599 0.02879613 0.005390534 0.00809175 0.01430117 0.01822675 -0.03114951 0.02291127 0.01758334 -0.02920664 0.03152137 0.01693993 -0.02726378 0.003772479 0.015139 -0.01261562 0.003908425 0.01044634 -0.01477213 0.00271915 0.0143567 -0.008206711 0.003843732 0.008480846 -0.01513633 0.003614747 0.008310782 -0.01417787 0.00367944 0.01027628 -0.01381367 0.003433282 0.01009346 -0.01278333 0.001310895 0.01331081 -0.002312186 -1.488173e-06 0.007542497 0.001593574 0.001366697 0.008558631 -0.00413323 0.02224749 0.01005234 0.01155383 0.0221502 0.01005961 0.01153187 0.02208551 0.008094115 0.01116767 0.01363739 0.01069575 0.009610959 0.01347566 0.00578201 0.008700451 0.02133177 0.005194945 0.01047318 0.005027295 0.01133916 0.007668092 0.005619553 0.006369074 0.006927723 0.0080287 0.00823943 -0.01457685 0.008975986 0.008255229 -0.01483038 0.01724196 0.007444596 -0.01192393 0.009855861 0.008305976 -0.01526055 0.0160552 0.007585109 -0.01247143 0.01063449 0.008389764 -0.01585103 0.01498079 0.007757131 -0.01320893 0.01221837 0.008974418 -0.01928758 0.01221607 0.008893505 -0.01885051 0.01208937 0.008801393 -0.0183309 0.01235839 0.008650884 -0.01756644 0.01177314 0.008642322 -0.01741627 0.01271923 0.008409117 -0.01632579 0.01128189 0.00850333 -0.01657891 0.01328847 0.008175156 -0.01516428 0.01404964 0.007955714 -0.01411522 0.02360916 0.007318718 -0.01237561 0.02471141 0.007413979 -0.0130855 0.02655682 0.00753758 -0.01408033 0.02567685 0.007545688 -0.01396778 0.02668762 0.007710508 -0.01503681 0.02647795 0.007710023 -0.01499695 0.02700546 0.007869421 -0.01595087 0.02661818 0.007357294 -0.01311828 0.02686934 0.007176581 -0.01218764 0.02240201 0.00726261 -0.01185838 0.02112454 0.00724732 -0.01154895 0.0273006 0.007002382 -0.01132414 0.01981356 0.007273224 -0.01145587 0.02789534 0.006841441 -0.01056124 0.01850688 0.007339628 -0.01158213 0.02863077 0.006699897 -0.009928002 0.02947861 0.006583232 -0.009449001 0.003843732 0.008480846 -0.01513633 0.006078952 0.008313815 -0.01463195 0.003614747 0.008310782 -0.01417787 0.007050523 0.008259218 -0.01450989 0.03241236 0.00615882 -0.007679696 0.03040613 0.006495915 -0.009142533 0.03264135 0.006328884 -0.008638156 0.005788725 0.01449243 -0.009484421 0.005823979 0.01455519 -0.009829405 0.004008232 0.01426037 -0.00791583 0.0268032 0.01292207 -0.004742509 0.02683846 0.01298484 -0.005087493 0.02572806 0.01263731 -0.003014756 0.02336843 0.01037111 0.00963441 0.02340368 0.01043387 0.009289426 0.02224749 0.01005234 0.01155383 0.01107059 0.01459327 -0.01096689 0.01107336 0.01459342 -0.01096818 0.009561189 0.01470642 -0.0113094 0.02473454 0.01366888 -0.008405353 0.02526912 0.01353261 -0.007764911 0.02678139 0.01341961 -0.007423669 0.01964751 0.01367965 -0.007559851 0.02014288 0.01378934 -0.008239809 0.01817129 0.01406301 -0.009366536 0.02079951 0.01386626 -0.008771559 0.02080228 0.01386641 -0.008772853 0.01974705 0.01308461 -0.004366288 0.01939868 0.01323663 -0.005124816 0.01711796 0.01328072 -0.004957623 0.01926226 0.01339353 -0.005947339 0.01934718 0.01354464 -0.006777897 0.02421579 0.01275032 -0.003355998 0.0243198 0.01159142 0.002879769 0.02344554 0.01271156 -0.003009994 0.02260853 0.01271333 -0.002870874 0.02176489 0.01275565 -0.002949422 0.0157097 0.01223483 0.0009369019 0.02097184 0.01283563 -0.003240194 0.02028364 0.01294784 -0.003723476 0.01974905 0.01308411 -0.004363918 0.02567099 0.01307208 -0.005350933 0.02537057 0.01293708 -0.004569001 0.02487529 0.01282738 -0.003889021 0.02421866 0.01275046 -0.003357271 0.02575581 0.01322319 -0.006181513 0.02527112 0.01353211 -0.007762541 0.02561949 0.01338009 -0.007004014 0.02157263 0.01390516 -0.009118835 0.02291127 0.01758334 -0.02920664 0.02240954 0.0139034 -0.009257977 0.03152137 0.01693993 -0.02726378 0.02325329 0.01386107 -0.009179408 0.02404624 0.01378109 -0.008888657 0.01002012 0.01381112 -0.006559248 0.01001813 0.01381163 -0.006561618 0.00850786 0.01392413 -0.00690049 0.009669757 0.01396365 -0.007320146 0.009533337 0.01412055 -0.008142668 0.00961826 0.01427165 -0.008973227 0.009918581 0.01440666 -0.00975518 0.01041396 0.01451635 -0.01043514 0.01055471 0.01367485 -0.005918806 0.007099605 0.01287823 -0.001005965 0.01124291 0.01356265 -0.005435524 0.01287961 0.01344034 -0.005066204 0.01203596 0.01348267 -0.005144752 0.01514636 0.0135544 -0.006084351 0.01448974 0.01347748 -0.0055526 0.01448687 0.01347733 -0.005551328 0.01371661 0.01343857 -0.005205324 0.01589056 0.0141071 -0.009199343 0.01554219 0.01425912 -0.009957871 0.0155402 0.01425963 -0.009960241 0.01602689 0.01395021 -0.008376843 0.01594206 0.0137991 -0.007546262 0.01564164 0.01366409 -0.006764331 0.01500561 0.0143959 -0.01060068 0.01184371 0.01463218 -0.01131417 0.01268061 0.01463041 -0.01145331 0.01430117 0.01822675 -0.03114951 0.01352436 0.01458808 -0.01137474 0.01431731 0.01450811 -0.01108399 0.002389204 0.01200422 0.004547514 0.002513967 0.0120603 0.004222717 0.002599977 0.01321448 -0.002021305 0.002719668 0.01210587 0.003940245 0.005016014 0.01180793 0.005140253 0.004891254 0.01175185 0.00546504 0.005027295 0.01133916 0.007668092 0.004685453 0.01170629 0.005747499 0.002157262 0.01155362 0.00702047 0.003743942 0.01165891 0.006170419 0.004412746 0.01167434 0.005968385 0.004091599 0.01165818 0.006112632 0.002992475 0.01213782 0.003719372 0.003313622 0.01215398 0.003575125 0.003661277 0.01215324 0.003517347 0.004011738 0.01213566 0.003549963 0.004341134 0.01210244 0.003670757 0.004627027 0.01205583 0.003871495 0.00339348 0.01167649 0.006137803 0.003064085 0.01170972 0.006017009 0.001425218 0.01162746 0.006752029 0.002778194 0.01175632 0.005816262 0.0007899571 0.01173103 0.006305946 0.0025553 0.01181314 0.005549253 0.0006504513 0.01176659 0.006138817 0.002410539 0.01187629 0.005234165 0.00235395 0.01194146 0.004892498 0.004849921 0.01199902 0.004138504 0.004994582 0.01193588 0.004453579 0.005051271 0.0118707 0.004795259 0.001310895 0.01331081 -0.002312186 -7.446145e-05 0.01228192 0.003486493 -0.0001528292 0.01214244 0.004253135 -2.693276e-05 0.01199761 0.005012412 0.0002945724 0.01185728 0.005712574 0.008102718 0.01827374 -0.03030207 0.009678759 0.0184718 -0.03165093 0.008559987 0.01837501 -0.03092981 0.009166033 0.01844601 -0.03142065 0.01143114 0.01844122 -0.03179713 0.007825505 0.01814913 -0.02958035 0.005061561 0.01504267 -0.01232474 0.009879745 0.0184819 -0.03174113 0.01065226 0.01848027 -0.03186955 0.0343914 0.01672546 -0.02661616 0.0325701 0.01298703 -0.006117448 0.03662312 0.01599717 -0.02308218 0.03670138 0.01613664 -0.02384878 0.0365755 0.01628149 -0.02460812 0.03625399 0.01642181 -0.02530826 0.03575869 0.01654804 -0.02590156 0.03512333 0.01665162 -0.02634766 0.02352844 0.01048995 0.008964629 0.02373415 0.01053552 0.008682157 0.02400695 0.01056747 0.008461284 0.02502622 0.01056531 0.008291875 0.02535561 0.01053209 0.008412669 0.03010851 0.01115885 0.00418599 0.0243281 0.01058363 0.008317038 0.02467575 0.01058289 0.00825926 0.02872316 0.01012996 0.009984669 0.02606575 0.01030035 0.009537171 0.02844583 0.01000535 0.01070642 0.02603049 0.01023758 0.009882165 0.02798858 0.009904088 0.01133411 0.02590573 0.0101815 0.01020695 0.02738253 0.009833081 0.01182496 0.02569993 0.01013594 0.01048941 0.0266689 0.00979717 0.01214552 0.02542722 0.01010398 0.0107103 0.02589629 0.009798809 0.01227392 0.02510608 0.01008783 0.01085454 0.02511752 0.00983787 0.01220145 0.0256415 0.01048548 0.008613407 0.0258644 0.01042867 0.008880416 0.02600906 0.01036552 0.009195491 0.02475842 0.01008856 0.01091233 0.02440796 0.01010614 0.01087972 0.02407856 0.01013937 0.01075892 0.02379267 0.01018597 0.01055817 0.02356978 0.01024279 0.01029116 0.02342502 0.01030594 0.009976078 0.01591242 0.01099368 0.007598993 0.01363739 0.01069575 0.009610959 0.01545445 0.01065355 0.009515912 0.01485351 0.01060487 0.009885375 0.01736474 0.0113153 0.005605331 0.01670811 0.01123838 0.006137082 0.01621273 0.01112868 0.006817078 0.02223622 0.01052112 0.009025958 0.02177825 0.01018099 0.01094288 0.01523096 0.01060408 0.009822614 0.01540818 0.01063279 0.009636192 0.01533202 0.01061591 0.009740818 0.01981852 0.01131011 0.005197483 0.01897476 0.01135243 0.005118951 0.01813786 0.0113542 0.005258074 0.02061146 0.01123013 0.005488272 0.02129976 0.01111792 0.005971556 0.02183635 0.01098115 0.006614349 0.0149833 0.01059836 0.009897451 0.01511207 0.01059809 0.009876051 0.02218472 0.01082913 0.007372877 0.02232103 0.01067223 0.008195416 0.02176516 0.01015775 0.01107064 0.02178619 0.01013361 0.0111972 0.02183972 0.01011022 0.01131388 0.02192232 0.01008918 0.01141278 0.02202821 0.01007192 0.01148713 0.0221502 0.01005961 0.01153187 0.01259211 0.01139924 0.006000086 0.006183492 0.01172069 0.005403664 0.006483804 0.0118557 0.004621748 0.01250729 0.01124813 0.006830628 0.01204932 0.01090801 0.008747547 0.01242128 0.01078662 0.009336543 0.01229929 0.01079893 0.009291803 0.006979189 0.01196539 0.003941752 0.007635818 0.01204231 0.003410002 0.008408938 0.01208121 0.003062744 0.01203623 0.01088476 0.008875313 0.01205726 0.01086062 0.00900187 0.0121108 0.01083724 0.00911855 0.01157084 0.01184493 0.003776226 0.01210743 0.01170816 0.004419019 0.0124558 0.01155614 0.005177547 0.005124584 0.01133188 0.007690045 0.005725523 0.01138057 0.007320582 0.005687788 0.01136256 0.007424454 0.01219339 0.01081619 0.009217452 0.009245837 0.01207945 0.002923622 0.01008959 0.01203712 0.003002153 0.01088253 0.01195714 0.003292942 0.005452813 0.01132777 0.007653925 0.005547994 0.01133548 0.007595431 0.005627689 0.01134727 0.007517644 0.005346944 0.01132454 0.007690199 0.005235642 0.01132593 0.007702438 0.02934051 0.01273247 -0.004169967 0.02913471 0.0126869 -0.003887507 0.03151677 0.01220474 -0.001708535 0.02696322 0.01304092 -0.00541228 0.02716892 0.01308649 -0.005694762 0.02744173 0.01311844 -0.005915635 0.02776287 0.01313459 -0.006059843 0.02907627 0.01303644 -0.005763474 0.02929917 0.01297963 -0.005496503 0.028862 0.01265495 -0.003666612 0.02854084 0.01263878 -0.003522308 0.02819319 0.01263953 -0.003464588 0.02722743 0.01273693 -0.003818678 0.02751334 0.01269033 -0.003617997 0.02784273 0.01265711 -0.003497203 0.02700455 0.01279375 -0.004085744 0.02685979 0.0128569 -0.004400841 0.02811053 0.01313386 -0.006117659 0.02846099 0.01311628 -0.006085044 0.02879039 0.01308305 -0.00596425 0.02944383 0.01291649 -0.005181428 0.02950052 0.01285131 -0.004839738 0.02946527 0.01278855 -0.004494754 0.008450789 0.0143589 -0.009236666 0.008486043 0.01442166 -0.00958165 0.00649886 0.01426068 -0.00835991 0.006212953 0.01430728 -0.00856059 0.007775909 0.0146534 -0.01070616 0.008061792 0.01460679 -0.01050539 0.008326029 0.01430282 -0.008911879 0.008120228 0.01425725 -0.00862942 0.007847519 0.0142253 -0.008408524 0.005990072 0.0143641 -0.008827657 0.005845314 0.01442725 -0.009142754 0.00594874 0.01461127 -0.01015419 0.006154443 0.01465684 -0.01043667 0.00642725 0.01468879 -0.01065755 0.008284696 0.01454999 -0.01023841 0.008429357 0.01448684 -0.00992334 0.007526358 0.01420913 -0.00826422 0.007178717 0.01420988 -0.0082065 0.006828255 0.01422746 -0.008239116 0.006748388 0.01470494 -0.01080176 0.007096051 0.01470421 -0.01085957 0.007446513 0.01468663 -0.01082696 0.003772479 0.015139 -0.01261562 0.00271915 0.0143567 -0.008206711 0.02170046 0.008192253 0.01070644 0.02176516 0.01015775 0.01107064 0.02172149 0.00816811 0.010833 0.02178619 0.01013361 0.0111972 0.02177503 0.008144728 0.01094968 0.02183972 0.01011022 0.01131388 0.02185763 0.008123683 0.01104858 0.02192232 0.01008918 0.01141278 0.02196352 0.00810642 0.01112293 0.02202821 0.01007192 0.01148713 0.03264135 0.006328884 -0.008638156 0.03270604 0.008294379 -0.008273953 0.006143645 0.01027931 -0.01426775 0.003908425 0.01044634 -0.01477213 0.01228306 0.01093991 -0.01892337 0.03559695 0.01163431 -0.02681206 0.03609225 0.01150807 -0.02621877 0.02700582 0.01103546 -0.0220542 0.03270604 0.008294379 -0.008273953 0.02756453 0.0100824 -0.01701011 0.03646139 0.01108343 -0.02399269 0.02775598 0.01031326 -0.01828997 0.02448254 0.01165871 -0.0249695 0.03422966 0.01181173 -0.02752666 0.02548903 0.01147275 -0.02414469 0.02633818 0.01126298 -0.02316346 0.02334787 0.01181556 -0.02561444 0.02211763 0.01193873 -0.02606063 0.0112694 0.01352748 -0.03270764 0.02082715 0.01202472 -0.02629546 0.01951358 0.01207105 -0.02631217 0.01388502 0.01170214 -0.02332142 0.01317508 0.0115232 -0.02222966 0.007663771 0.01323539 -0.03049086 0.01266233 0.01131901 -0.02103664 0.01236136 0.01109548 -0.01977684 0.02662152 0.009503075 -0.01371613 0.02675231 0.009676003 -0.0146726 0.03047082 0.008461411 -0.00877833 0.02707015 0.009834916 -0.01558667 0.02715613 0.009867761 -0.01577919 0.01477142 0.0118507 -0.02428063 0.007940984 0.01336 -0.03121257 0.008398253 0.01346127 -0.03184032 0.01215406 0.01076689 -0.0179667 0.01183783 0.01060782 -0.01705207 0.01134658 0.01046883 -0.01621471 0.009920555 0.01027147 -0.01489634 0.00904068 0.01022072 -0.01446618 0.008093394 0.01020492 -0.01421265 0.02772503 0.01055366 -0.01958184 0.02747248 0.01079673 -0.02084876 0.03653965 0.0112229 -0.02475929 0.03641376 0.01136775 -0.02551863 0.03496159 0.01173788 -0.02725817 0.01821472 0.01207638 -0.02611019 0.01696794 0.01204055 -0.02569534 0.01049053 0.01356653 -0.03278006 0.01580902 0.01196459 -0.02507955 0.009718012 0.01356817 -0.03265164 0.009004299 0.01353227 -0.03233116 0.007115217 0.01022471 -0.01414569 0.01069918 0.01035526 -0.01548683 0.02668287 0.009322789 -0.01275408 0.02954331 0.008548727 -0.009084798 0.02869546 0.008665392 -0.009563799 0.02796003 0.008806936 -0.01019703 0.0273653 0.008967877 -0.01095994 0.02693404 0.009142076 -0.01182344 0.001366697 0.008558631 -0.00413323 0.003433282 0.01009346 -0.01278333 0.004722365 0.009997129 -0.01249244 0.0001328388 0.006943547 0.004802066 8.309288e-05 0.006965291 0.004693555 0.0005891916 0.006927472 0.004807756 -0.000236195 0.007368183 0.002575985 -1.488173e-06 0.007542497 0.001593574 0.001287594 0.007446167 0.001884455 0.0218575 0.008706787 -0.008572569 0.0214531 0.008686451 -0.008390987 0.01783209 0.009017477 -0.009534238 0.0211096 0.008646215 -0.008112831 0.02085052 0.008588834 -0.007757139 0.02404559 0.008350075 -0.007036171 0.02397428 0.008432146 -0.007466416 0.0256882 0.008430413 -0.007761509 0.02379213 0.008511662 -0.007863186 0.02239941 0.008083372 -0.005304442 0.0228372 0.008082458 -0.005377275 0.02362161 0.006895586 0.0008885867 0.02384409 0.008200419 -0.006192727 0.02400127 0.00827103 -0.006601716 0.02069343 0.008518215 -0.007348128 0.02064901 0.008439177 -0.006913695 0.01576551 0.00748265 -0.000884142 0.02072033 0.008357107 -0.00648345 0.02090258 0.008277583 -0.006086659 0.0232416 0.008102794 -0.005558858 0.02358501 0.008143037 -0.005837035 0.02118328 0.008206051 -0.005750481 0.02154326 0.008147349 -0.005497631 0.02195808 0.008105514 -0.005345541 0.02351142 0.008583195 -0.008199363 0.02339957 0.008601436 -0.008277938 0.02593436 0.008613232 -0.008791853 0.02315144 0.008641896 -0.008452214 0.02273663 0.008683731 -0.008604303 0.01807825 0.009200296 -0.01056458 0.02229529 0.008705873 -0.008645403 0.02199344 0.008706512 -0.008595229 0.01112159 0.009315848 -0.009952469 0.01096451 0.009245229 -0.009543458 0.009975984 0.009604542 -0.01130697 0.01256637 0.009432888 -0.01084073 0.01226452 0.009433526 -0.01079056 0.01212858 0.009433801 -0.0107679 0.01172418 0.009413465 -0.01058632 0.01138067 0.00937323 -0.01030816 0.007909399 0.008069714 -0.002656871 0.01117365 0.009004597 -0.008281989 0.01145436 0.008933065 -0.007945811 0.01181434 0.008874364 -0.00769296 0.01222915 0.008832528 -0.007540871 0.01267048 0.008810386 -0.007499771 0.01310827 0.008809473 -0.007572605 0.01427234 0.008998045 -0.008797046 0.01431667 0.009077089 -0.009231501 0.01424536 0.00915916 -0.009661746 0.0140632 0.009238677 -0.01005852 0.01092009 0.009166192 -0.009109025 0.0109914 0.009084121 -0.00867878 0.01351268 0.008829809 -0.007754187 0.01385608 0.008870052 -0.008032365 0.01411516 0.008927433 -0.008388057 0.01022214 0.00978736 -0.01233731 0.0130077 0.009410746 -0.01079963 0.0137825 0.009310209 -0.01039469 0.01367064 0.009328451 -0.01047327 0.01342252 0.00936891 -0.01064754 0.01741575 0.006037872 0.00661976 0.01725867 0.005967255 0.007028762 0.01439732 0.006466516 0.004842662 0.01369892 0.00594782 0.007765963 0.01842275 0.006155834 0.005804283 0.01801833 0.006135487 0.005985923 0.01767483 0.006095255 0.006264059 0.01721425 0.005888219 0.007463185 0.01728556 0.005806146 0.00789344 0.01746781 0.005726626 0.008290212 0.02225343 0.005879451 0.006615391 0.0199648 0.006050474 0.006098962 0.01971667 0.006090931 0.005924705 0.01930186 0.006132771 0.005772587 0.01886052 0.006154908 0.005731516 0.01855867 0.00615555 0.005781671 0.02061082 0.005799113 0.007340729 0.02053951 0.005881186 0.006910474 0.01896465 0.005532417 0.00907242 0.01926639 0.005531779 0.009022263 0.02155502 0.005360756 0.009538692 0.01940242 0.005531491 0.008999653 0.01980684 0.005551837 0.008818013 0.02015024 0.005592077 0.008539855 0.02040932 0.00564946 0.008184154 0.0205665 0.00572007 0.007775174 0.02035736 0.005960699 0.006513724 0.02007666 0.006032241 0.006177489 0.01852331 0.005554554 0.009031349 0.02133177 0.005194945 0.01047318 0.01347566 0.00578201 0.008700451 0.01774851 0.005655084 0.008626447 0.01786037 0.005636847 0.008704993 0.0181085 0.005596394 0.008879231 0.007686823 0.006764886 0.004424431 0.007529742 0.006694269 0.004833432 0.006541214 0.00705358 0.003069933 0.009131595 0.006881922 0.003536186 0.008829749 0.006882564 0.003586341 0.008693821 0.006882848 0.003608953 0.005842811 0.006534884 0.005993234 0.007738887 0.006453641 0.006094882 0.00801958 0.006382098 0.006431117 0.008289403 0.006862502 0.003790593 0.007945906 0.00682227 0.004068729 0.007485321 0.006615233 0.005267856 0.007556633 0.006533161 0.00569811 0.009572933 0.006859786 0.003577257 0.00998774 0.006817945 0.003729375 0.01023587 0.006777489 0.003903632 0.01034774 0.006759256 0.003982159 0.009673497 0.006258506 0.006804323 0.01007792 0.006278852 0.006622684 0.0108819 0.006526128 0.005145399 0.01081059 0.0066082 0.004715144 0.01062843 0.006687713 0.004318394 0.01042131 0.006319091 0.006344525 0.0106804 0.006376475 0.005988824 0.01083758 0.006447084 0.005579844 0.008131443 0.006363862 0.006509664 0.008379578 0.006323408 0.006683901 0.005619553 0.006369074 0.006927723 0.008794385 0.006281568 0.006836019 0.009235723 0.006259431 0.00687709 0.009537467 0.006258793 0.006826933 -0.0001886663 0.007083868 0.004101905 -0.0003145627 0.007228705 0.003342627 0.001995529 0.006639887 0.006109962 0.001263485 0.006713723 0.005841521 0.0006282236 0.006817291 0.005395439 0.0004887177 0.006852851 0.005228309 0.02650716 0.004883433 0.01123502 0.02573455 0.004885071 0.01136341 0.02495579 0.004924133 0.01129094 0.02722079 0.004919343 0.01091446 0.02731474 0.004930349 0.01083837 0.02486448 0.005651575 0.007381368 0.02451402 0.005669154 0.007348752 0.02416637 0.005669891 0.00740653 0.02384522 0.005653733 0.007550776 0.02320669 0.005457371 0.008723903 0.02326328 0.005392198 0.00906557 0.02340804 0.005329048 0.009380657 0.02363094 0.005272236 0.009647667 0.02570267 0.005514931 0.007969909 0.02547977 0.005571744 0.0077029 0.02879613 0.005390534 0.00809175 0.02519388 0.005618351 0.007502162 0.02357241 0.005621785 0.00777165 0.02336671 0.005576214 0.008054122 0.02324195 0.005520136 0.008378918 0.02494434 0.005174089 0.009944036 0.02526549 0.005190247 0.00979979 0.0255382 0.005222201 0.009578904 0.02782684 0.00499035 0.0104236 0.025744 0.005267766 0.009296445 0.0282841 0.00509161 0.009795908 0.02586876 0.005323842 0.008971657 0.02856142 0.00521622 0.009074161 0.02590401 0.005386608 0.008626664 0.02584733 0.005451787 0.008284984 0.02391683 0.005225627 0.009848414 0.02424622 0.005192403 0.009969208 0.02459669 0.005174824 0.01000182 0.002227471 0.007090487 0.003637006 0.002192217 0.007027722 0.00398199 0.00472952 0.006838117 0.004554532 0.004854281 0.006894193 0.004229745 0.004889537 0.006956959 0.003884751 0.002352233 0.007146565 0.003312209 0.002248805 0.006962549 0.004323658 0.002393566 0.006899399 0.004638745 0.002616461 0.006842587 0.004905755 0.004832849 0.007022138 0.003543072 0.004688188 0.007085282 0.003227997 0.004465293 0.007142095 0.002960987 0.003151888 0.007240242 0.002664618 0.002830741 0.007224084 0.002808864 0.002557934 0.007192136 0.003029738 0.003929866 0.00674444 0.005202124 0.004251013 0.006760598 0.005057878 0.00452372 0.006792552 0.004836992 0.0041794 0.007188702 0.00276025 0.003850005 0.007221926 0.002639456 0.003499543 0.007239505 0.00260684 0.002902351 0.006795978 0.005106502 0.003231747 0.006762754 0.005227296 0.003582209 0.006745175 0.005259912 0.002655779 0.008462302 -0.003842349 0.008289055 0.009445158 -0.01014717 0.00832431 0.009507923 -0.01049216 0.005787006 0.009697528 -0.0110647 0.005662246 0.009641452 -0.01073991 0.008164295 0.009389082 -0.009822387 0.005626992 0.009578688 -0.01039493 0.00568358 0.009513515 -0.01005326 0.005828339 0.009450363 -0.009738164 0.006051219 0.00939354 -0.009471097 0.008267624 0.009573103 -0.01083385 0.008122962 0.009636248 -0.01114892 0.007900059 0.009693054 -0.01141589 0.006586654 0.009791201 -0.01171226 0.006265516 0.009775049 -0.01156805 0.005992709 0.009743101 -0.01134718 0.007614175 0.009739667 -0.01161667 0.00728478 0.009772892 -0.01173746 0.006934318 0.009790471 -0.01177008 0.007364624 0.009295393 -0.009174728 0.007685785 0.009311561 -0.009319032 0.007958495 0.009343517 -0.009539927 0.006337126 0.009346944 -0.009270417 0.006666521 0.009313719 -0.009149623 0.007016983 0.00929614 -0.009117007 0.004968523 0.01017995 -0.01352279 0.00367944 0.01027628 -0.01381367 0.03016431 0.006406668 0.002364946 0.02913744 0.008065897 -0.00640701 0.02891454 0.008122703 -0.006673981 0.0322309 0.007941496 -0.00628515 0.02862865 0.008169316 -0.006874757 0.02930353 0.007874807 -0.005405262 0.02933879 0.007937572 -0.005750246 0.0292821 0.008002752 -0.006091935 0.02829926 0.008202541 -0.006995551 0.0279488 0.00822012 -0.007028167 0.02760113 0.00822085 -0.006970351 0.02727999 0.008204698 -0.006826142 0.02700719 0.00817275 -0.006605269 0.0270657 0.007823189 -0.004729185 0.02684282 0.007880012 -0.004996252 0.02669806 0.007943164 -0.005311349 0.0283791 0.007725042 -0.004432816 0.02870026 0.00774121 -0.00457712 0.02897297 0.007773166 -0.004798015 0.02917877 0.007818731 -0.005080474 0.02680148 0.008127177 -0.006322788 0.02667672 0.008071101 -0.005998001 0.02664147 0.008008337 -0.005653016 0.0273516 0.007776593 -0.004528505 0.027681 0.007743368 -0.004407711 0.02803146 0.007725789 -0.004375095 0.03247706 0.008124315 -0.007315493 0.004968523 0.01017995 -0.01352279 0.00367944 0.01027628 -0.01381367 0.003614747 0.008310782 -0.01417787 0.03247706 0.008124315 -0.007315493 0.02593436 0.008613232 -0.008791853 0.03241236 0.00615882 -0.007679696 0.01807825 0.009200296 -0.01056458 0.01022214 0.00978736 -0.01233731 0.0124426 0.00928264 0.006466425 0.01250729 0.01124813 0.006830628 0.01252742 0.009433746 0.005635883 0.01259211 0.01139924 0.006000086 0.0123911 0.009590648 0.004813344 0.0124558 0.01155614 0.005177547 0.01204273 0.009742668 0.004054816 0.01210743 0.01170816 0.004419019 0.01150614 0.009879438 0.003412023 0.01157084 0.01184493 0.003776226 0.01081784 0.009991645 0.002928739 0.01088253 0.01195714 0.003292942 0.0100249 0.01007163 0.00263795 0.01008959 0.01203712 0.003002153 0.009181144 0.01011395 0.002559419 0.009245837 0.01207945 0.002923622 0.008344244 0.01011572 0.002698541 0.008408938 0.01208121 0.003062744 0.007571124 0.01007682 0.003045799 0.007635818 0.01204231 0.003410002 0.006914496 0.009999899 0.003577549 0.006979189 0.01196539 0.003941752 0.00641911 0.009890202 0.004257545 0.006483804 0.0118557 0.004621748 0.006118799 0.009755199 0.005039461 0.006183492 0.01172069 0.005403664 0.01077744 0.009324717 0.006535128 0.01051835 0.009267334 0.00689083 0.01198463 0.008942512 0.008383344 0.01235658 0.008821129 0.00897234 0.01223459 0.008833434 0.0089276 0.005059891 0.00936639 0.007325842 0.0121287 0.008850697 0.008853249 0.0120461 0.008871742 0.008754347 0.01199257 0.008895125 0.008637667 0.01197154 0.008919268 0.00851111 0.005170948 0.009360438 0.007338235 0.01017496 0.009227094 0.007168988 0.009770538 0.009206748 0.007350628 0.005562995 0.009381776 0.007153441 0.005483301 0.009369985 0.007231228 0.007835927 0.009401883 0.006641187 0.005388119 0.009362279 0.007289722 0.005282251 0.009359042 0.007325996 0.01093462 0.009395327 0.006126149 0.0124426 0.00928264 0.006466425 0.01097894 0.00947437 0.005691703 0.01252742 0.009433746 0.005635883 0.01090763 0.009556443 0.005261449 0.0123911 0.009590648 0.004813344 0.01072547 0.009635956 0.004864699 0.01204273 0.009742668 0.004054816 0.01044478 0.009707498 0.004528464 0.01150614 0.009879438 0.003412023 0.01008478 0.009766188 0.00427568 0.01081784 0.009991645 0.002928739 0.009669973 0.009808028 0.004123562 0.0100249 0.01007163 0.00263795 0.009228635 0.009830165 0.004082491 0.009181144 0.01011395 0.002559419 0.008790861 0.009831091 0.004155258 0.008344244 0.01011572 0.002698541 0.008386443 0.009810744 0.004336897 0.007571124 0.01007682 0.003045799 0.008042946 0.009770512 0.004615034 0.006914496 0.009999899 0.003577549 0.007783863 0.009713129 0.004970735 0.00641911 0.009890202 0.004257545 0.007626782 0.009642512 0.005379737 0.006118799 0.009755199 0.005039461 0.007582362 0.009563476 0.00581416 0.00566083 0.009415071 0.006956379 0.007653673 0.009481403 0.006244415 0.009332763 0.009207674 0.007423395 0.008891425 0.009229811 0.007382324 0.008476618 0.009271651 0.007230206 0.00811662 0.009330341 0.006977422 0.005623094 0.009397066 0.007060251 0.02225634 0.008706732 0.007831213 0.02232103 0.01067223 0.008195416 0.02212003 0.008863634 0.007008673 0.02218472 0.01082913 0.007372877 0.02177166 0.009015654 0.006250146 0.02183635 0.01098115 0.006614349 0.02123507 0.009152424 0.005607353 0.02129976 0.01111792 0.005971556 0.02054677 0.009264631 0.005124069 0.02061146 0.01123013 0.005488272 0.01975382 0.009344613 0.00483328 0.01981852 0.01131011 0.005197483 0.01891007 0.009386937 0.004754748 0.01897476 0.01135243 0.005118951 0.01807317 0.009388704 0.004893871 0.01813786 0.0113542 0.005258074 0.01730005 0.009349804 0.005241128 0.01736474 0.0113153 0.005605331 0.01664342 0.009272885 0.005772879 0.01670811 0.01123838 0.006137082 0.01614804 0.009163188 0.006452875 0.01621273 0.01112868 0.006817078 0.01584772 0.009028185 0.00723479 0.01591242 0.01099368 0.007598993 0.01491861 0.008632866 0.009533248 0.01478882 0.008639375 0.009521172 0.02170046 0.008192253 0.01070644 0.02185763 0.008123683 0.01104858 0.02196352 0.00810642 0.01112293 0.02208551 0.008094115 0.01116767 0.02177503 0.008144728 0.01094968 0.02172149 0.00816811 0.010833 0.01534348 0.008667292 0.009271989 0.01526732 0.008650412 0.009376615 0.01516627 0.008638581 0.009458411 0.01504738 0.008632593 0.009511848 0.01784555 0.008603326 0.009172752 0.01756485 0.008674869 0.008836517 0.01538975 0.008688057 0.009151709 0.0173826 0.008754389 0.008439744 0.01731129 0.008836462 0.00800949 0.01584772 0.009028185 0.00723479 0.01735571 0.008915498 0.007575066 0.01614804 0.009163188 0.006452875 0.01751279 0.008986115 0.007166065 0.01664342 0.009272885 0.005772879 0.01777187 0.009043498 0.006810364 0.01730005 0.009349804 0.005241128 0.01811537 0.00908373 0.006532227 0.01807317 0.009388704 0.004893871 0.01851979 0.009104076 0.006350587 0.01891007 0.009386937 0.004754748 0.01895756 0.009103151 0.006277821 0.01975382 0.009344613 0.00483328 0.0193989 0.009081014 0.006318892 0.02054677 0.009264631 0.005124069 0.01981371 0.009039173 0.00647101 0.02123507 0.009152424 0.005607353 0.0201737 0.008980484 0.006723793 0.02177166 0.009015654 0.006250146 0.0204544 0.008908941 0.007060028 0.02212003 0.008863634 0.007008673 0.02063655 0.008829428 0.007456778 0.02225634 0.008706732 0.007831213 0.02070786 0.008747356 0.007887033 0.02217152 0.008555625 0.008661755 0.02066354 0.008668313 0.008321478 0.02171356 0.008215497 0.01057867 0.02050636 0.008597703 0.008730458 0.02024728 0.00854032 0.009086159 0.01990388 0.00850008 0.009364318 0.01949946 0.008479734 0.009545958 0.01906169 0.008480659 0.009618724 0.01862035 0.008502796 0.009577653 0.01820554 0.008544637 0.009425535</float_array>
          <technique_common>
            <accessor count="1979" source="#verts-array-array" stride="3">
              <param type="float" name="X"/>
              <param type="float" name="Y"/>
              <param type="float" name="Z"/>
            </accessor>
          </technique_common>
        </source>
        <source id="normals-array">
          <float_array count="5937" id="normals-array-array">0.9728929 -0.07270112 0.2195312 0.9728929 -0.07270112 0.2195312 0.8805164 -0.1142277 0.4600466 0.8805164 -0.1142277 0.4600466 0.7280719 -0.1479909 0.6693355 0.7280719 -0.1479909 0.6693355 0.525965 -0.1716657 0.8330016 0.525965 -0.1716657 0.8330016 0.2881249 -0.1836308 0.9398211 0.2881249 -0.1836308 0.9398211 0.03061151 -0.1830855 0.9826203 0.03061151 -0.1830855 0.9826203 -0.2289845 -0.170064 0.9584593 -0.2289845 -0.170064 0.9584593 -0.4729768 -0.1454538 0.8689857 -0.4729768 -0.1454538 0.8689857 -0.6847413 -0.1109313 0.7202941 -0.6847413 -0.1109313 0.7202941 -0.8498791 -0.06883801 0.5224623 -0.8498791 -0.06883801 0.5224623 -0.9570427 -0.0220702 0.2891059 -0.9570427 -0.0220702 0.2891059 -0.9990061 0.02619988 0.03606063 -0.9990061 0.02619988 0.03606063 -0.9728921 0.07270175 -0.2195347 -0.9728921 0.07270175 -0.2195347 -0.8804561 0.1142462 -0.4601574 -0.8804561 0.1142462 -0.4601574 -0.728057 0.1479933 -0.6693511 -0.728057 0.1479933 -0.6693511 -0.5260533 0.1716586 -0.8329473 -0.5260533 0.1716586 -0.8329473 -0.2881374 0.1836305 -0.9398174 -0.2881374 0.1836305 -0.9398174 -0.0306246 0.1830858 -0.9826198 -0.0306246 0.1830858 -0.9826198 0.2289845 0.170064 -0.9584593 0.2289845 0.170064 -0.9584593 0.4729883 0.1454523 -0.8689797 0.4729883 0.1454523 -0.8689797 0.6847508 0.1109294 -0.7202853 0.6847508 0.1109294 -0.7202853 0.8498153 0.06885881 -0.5225633 0.8498153 0.06885881 -0.5225633 0.9570471 0.02206739 -0.2890915 0.9570471 0.02206739 -0.2890915 0.9990102 -0.02622454 -0.03592832 0.9990102 -0.02622454 -0.03592832 0.2881305 -0.1836336 0.9398189 0.1607968 -0.1849407 0.9695057 0.03062478 -0.1830887 0.9826193 0.03059686 -0.1830851 0.9826208 -0.2289845 -0.170064 0.9584593 -0.2289845 -0.170064 0.9584593 -0.472992 -0.1454487 0.8689783 0.4729904 0.1454523 -0.8689786 0.5838657 0.1292968 -0.8014881 0.6847441 0.110931 -0.7202915 0.6847404 0.1109315 -0.7202949 0.8498294 0.06885423 -0.5225411 0.8498294 0.06885423 -0.5225411 0.9570412 0.02207114 -0.2891107 0.9570412 0.02207114 -0.2891107 0.9990094 -0.02621971 -0.03595424 0.9990094 -0.02621971 -0.03595424 0.9728925 -0.07270144 0.219533 0.9728925 -0.07270144 0.219533 0.8805056 -0.114231 0.4600664 0.8805056 -0.114231 0.4600664 0.7280558 -0.1479936 0.6693525 0.7280558 -0.1479936 0.6693525 0.5259803 -0.1716645 0.8329922 0.5259803 -0.1716645 0.8329922 0.2881924 -0.1836293 0.9398007 -0.2881286 0.183631 -0.93982 -0.1607579 0.1849403 -0.9695122 -0.03062695 0.1830861 -0.9826197 -0.03062917 0.183086 -0.9826197 0.2289845 0.170064 -0.9584593 0.2289845 0.170064 -0.9584593 0.4729923 0.1454518 -0.8689776 -0.4730189 -0.1454483 0.8689637 -0.5838359 -0.1293013 0.8015091 -0.6847426 -0.1109279 0.7202934 -0.6846916 -0.1109414 0.7203398 -0.8498764 -0.06883888 0.5224666 -0.8498764 -0.06883888 0.5224666 -0.957067 -0.02205473 0.2890267 -0.957067 -0.02205473 0.2890267 -0.999006 0.02619925 0.036064 -0.999006 0.02619925 0.036064 -0.9728925 0.07270144 -0.219533 -0.9728925 0.07270144 -0.219533 -0.8804528 0.1142473 -0.4601635 -0.8804528 0.1142473 -0.4601635 -0.728117 0.1479836 -0.6692881 -0.728117 0.1479836 -0.6692881 -0.5260563 0.1716583 -0.8329455 -0.5260563 0.1716583 -0.8329455 -0.2881237 0.1836308 -0.9398215 0.9728925 -0.07270144 0.219533 0.9728925 -0.07270144 0.219533 0.8805181 -0.1142272 0.4600435 0.8805181 -0.1142272 0.4600435 0.7280756 -0.1479903 0.6693315 0.7280756 -0.1479903 0.6693315 0.5259267 -0.1716688 0.8330252 0.5259267 -0.1716688 0.8330252 0.288132 -0.1836307 0.939819 0.288132 -0.1836307 0.939819 0.03066389 -0.1830869 0.9826184 0.03066389 -0.1830869 0.9826184 -0.2289845 -0.170064 0.9584593 -0.2289845 -0.170064 0.9584593 -0.4730229 -0.1454478 0.8689616 -0.4730229 -0.1454478 0.8689616 -0.6847467 -0.1109303 0.7202891 -0.6847467 -0.1109303 0.7202891 -0.8498554 -0.06884574 0.5224999 -0.8498554 -0.06884574 0.5224999 -0.9570442 -0.02206921 0.2891008 -0.9570442 -0.02206921 0.2891008 -0.9990062 0.02620054 0.03605712 -0.9990062 0.02620054 0.03605712 -0.9728925 0.07270144 -0.219533 -0.9728925 0.07270144 -0.219533 -0.8804561 0.1142462 -0.4601574 -0.8804561 0.1142462 -0.4601574 -0.728063 0.1479924 -0.6693449 -0.728063 0.1479924 -0.6693449 -0.526118 0.1716533 -0.8329075 -0.526118 0.1716533 -0.8329075 -0.2881142 0.1836311 -0.9398244 -0.2881142 0.1836311 -0.9398244 -0.03053294 0.1830834 -0.9826231 -0.03053294 0.1830834 -0.9826231 0.2289845 0.170064 -0.9584593 0.2289845 0.170064 -0.9584593 0.4729075 0.1454628 -0.8690219 0.4729075 0.1454628 -0.8690219 0.6847332 0.110933 -0.7203015 0.6847332 0.110933 -0.7203015 0.8498554 0.06884574 -0.5224999 0.8498554 0.06884574 -0.5224999 0.9570496 0.02206581 -0.2890834 0.9570496 0.02206581 -0.2890834 0.9990102 -0.02622454 -0.03592832 0.9990102 -0.02622454 -0.03592832 0.9146002 -0.1032926 0.3909438 0.9309005 -0.09594787 0.3524461 0.9726923 -0.0728498 0.2203692 0.9726923 -0.0728498 0.2203692 0.9988434 -0.0382699 0.02910655 0.9988434 -0.0382699 0.02910655 0.9865704 -0.0022093 -0.1633217 0.9865704 -0.0022093 -0.1633217 0.9363456 0.03393053 -0.3494361 0.9363456 0.03393053 -0.3494361 0.8500988 0.06876627 -0.5221142 0.8500988 0.06876627 -0.5221142 0.731144 0.1009577 -0.6747118 0.731144 0.1009577 -0.6747118 0.5840365 0.1292689 -0.8013681 0.5840365 0.1292689 -0.8013681 0.4144684 0.1526035 -0.8971779 0.4144684 0.1526035 -0.8971779 0.2764816 0.1662889 -0.9465231 0.2764816 0.1662889 -0.9465231 0.2921759 0.1649405 -0.9420339 0.2921759 0.1649405 -0.9420339 0.4730196 0.1454482 -0.8689633 0.4730196 0.1454482 -0.8689633 0.6847271 0.1109342 -0.7203071 0.6847271 0.1109342 -0.7203071 0.8498554 0.06884574 -0.5224999 0.8498554 0.06884574 -0.5224999 0.957052 0.02206427 -0.2890756 0.957052 0.02206427 -0.2890756 0.9990063 -0.02620123 -0.03605339 0.9990063 -0.02620123 -0.03605339 0.9857946 -0.06141367 0.1563245 0.9857946 -0.06141367 0.1563245 0.9728925 -0.07270144 0.219533 0.999454 -0.03303197 0.0007305662 0.999454 -0.03303197 0.0007305662 0.9759026 0.008282795 -0.2180495 0.9759026 0.008282795 -0.2180495 0.9034077 0.04919282 -0.4259514 0.9034077 0.04919282 -0.4259514 0.7856252 0.08763033 -0.6124655 0.7856252 0.08763033 -0.6124655 0.6284404 0.1216766 -0.7682822 0.6284404 0.1216766 -0.7682822 0.439722 0.1496238 -0.885583 0.439722 0.1496238 -0.885583 0.2289899 0.1700636 -0.9584581 0.2289899 0.1700636 -0.9584581 0.006771589 0.1819772 -0.9832794 0.006771589 0.1819772 -0.9832794 -0.2158529 0.184766 -0.9587852 -0.2158529 0.184766 -0.9587852 -0.4275671 0.1782897 -0.8862275 -0.4275671 0.1782897 -0.8862275 -0.6178412 0.1628765 -0.7692486 -0.6178412 0.1628765 -0.7692486 -0.777205 0.1392874 -0.6136378 -0.777205 0.1392874 -0.6136378 -0.8975585 0.1087173 -0.4272813 -0.8975585 0.1087173 -0.4272813 -0.9728925 0.07270144 -0.219533 -0.9728925 0.07270144 -0.219533 -0.9994537 0.03304095 -0.0007790504 -0.9994537 0.03304095 -0.0007790504 -0.9759026 -0.008282795 0.2180495 -0.9759026 -0.008282795 0.2180495 -0.9033927 -0.04919908 0.4259825 -0.9033927 -0.04919908 0.4259825 -0.7856198 -0.08763174 0.6124721 -0.7856198 -0.08763174 0.6124721 -0.6284609 -0.1216729 0.768266 -0.6284609 -0.1216729 0.768266 -0.439717 -0.1496244 0.8855854 -0.439717 -0.1496244 0.8855854 -0.2289791 -0.1700644 0.9584606 -0.2289791 -0.1700644 0.9584606 -0.006766038 -0.1819774 0.9832794 -0.006766038 -0.1819774 0.9832794 0.2158271 -0.1847662 0.958791 0.2158271 -0.1847662 0.958791 0.4275749 -0.1782893 0.8862238 0.4275749 -0.1782893 0.8862238 0.6178688 -0.1628734 0.7692271 0.6178688 -0.1628734 0.7692271 0.777205 -0.1392874 0.6136378 0.777205 -0.1392874 0.6136378 0.8975368 -0.1087247 0.427325 0.8975368 -0.1087247 0.427325 0.9728925 -0.07270144 0.219533 -0.03234671 -0.9827475 -0.1821015 -0.03234671 -0.9827475 -0.1821015 -0.03234671 -0.9827475 -0.1821015 -0.03234671 -0.9827475 -0.1821015 -0.03234671 -0.9827475 -0.1821015 -0.03234671 -0.9827475 -0.1821015 -0.03234671 -0.9827475 -0.1821015 -0.03234671 -0.9827475 -0.1821015 -0.03234671 -0.9827475 -0.1821015 -0.03234671 -0.9827475 -0.1821015 -0.03234671 -0.9827475 -0.1821015 -0.03234671 -0.9827475 -0.1821015 -0.03234671 -0.9827475 -0.1821015 -0.03234671 -0.9827475 -0.1821015 -0.03234671 -0.9827475 -0.1821015 -0.03234671 -0.9827475 -0.1821015 -0.03234671 -0.9827475 -0.1821015 -0.03234671 -0.9827475 -0.1821015 -0.03234671 -0.9827475 -0.1821015 -0.03234671 -0.9827475 -0.1821015 -0.03234671 -0.9827475 -0.1821015 -0.03234671 -0.9827475 -0.1821015 -0.03234671 -0.9827475 -0.1821015 -0.03234671 -0.9827475 -0.1821015 -0.03234671 -0.9827475 -0.1821015 -0.03234671 -0.9827475 -0.1821015 -0.03234671 -0.9827475 -0.1821015 -0.03234671 -0.9827475 -0.1821015 -0.03234671 -0.9827475 -0.1821015 -0.03234671 -0.9827475 -0.1821015 -0.03234671 -0.9827475 -0.1821015 -0.03234671 -0.9827475 -0.1821015 -0.03234671 -0.9827475 -0.1821015 -0.03234671 -0.9827475 -0.1821015 -0.03234671 -0.9827475 -0.1821015 -0.03234671 -0.9827475 -0.1821015 -0.03234671 -0.9827475 -0.1821015 -0.03234671 -0.9827475 -0.1821015 -0.03234671 -0.9827475 -0.1821015 -0.03234671 -0.9827475 -0.1821015 -0.03234671 -0.9827475 -0.1821015 -0.03234671 -0.9827475 -0.1821015 -0.03234671 -0.9827475 -0.1821015 -0.03234671 -0.9827475 -0.1821015 -0.03234671 -0.9827475 -0.1821015 -0.03234671 -0.9827475 -0.1821015 -0.03234671 -0.9827475 -0.1821015 -0.03234671 -0.9827475 -0.1821015 -0.03234671 -0.9827475 -0.1821015 -0.03234671 -0.9827475 -0.1821015 -0.03234671 -0.9827475 -0.1821015 -0.03234671 -0.9827475 -0.1821015 -0.03234671 -0.9827475 -0.1821015 -0.03234671 -0.9827475 -0.1821015 -0.03234671 -0.9827475 -0.1821015 -0.03234671 -0.9827475 -0.1821015 -0.03234671 -0.9827475 -0.1821015 -0.03234671 -0.9827475 -0.1821015 -0.03234671 -0.9827475 -0.1821015 -0.03234671 -0.9827475 -0.1821015 -0.03234671 -0.9827475 -0.1821015 -0.03234671 -0.9827475 -0.1821015 -0.03234671 -0.9827475 -0.1821015 -0.03234671 -0.9827475 -0.1821015 -0.03234671 -0.9827475 -0.1821015 -0.03234671 -0.9827475 -0.1821015 -0.03234671 -0.9827475 -0.1821015 -0.03234671 -0.9827475 -0.1821015 -0.03234671 -0.9827475 -0.1821015 -0.03234671 -0.9827475 -0.1821015 -0.03234671 -0.9827475 -0.1821015 -0.03234671 -0.9827475 -0.1821015 -0.03234671 -0.9827475 -0.1821015 -0.03234671 -0.9827475 -0.1821015 -0.03234671 -0.9827475 -0.1821015 -0.03234671 -0.9827475 -0.1821015 -0.03234671 -0.9827475 -0.1821015 -0.03234671 -0.9827475 -0.1821015 -0.03234671 -0.9827475 -0.1821015 -0.03234671 -0.9827475 -0.1821015 -0.03234671 -0.9827475 -0.1821015 -0.03234671 -0.9827475 -0.1821015 -0.03234671 -0.9827475 -0.1821015 -0.03234671 -0.9827475 -0.1821015 -0.03234671 -0.9827475 -0.1821015 -0.03234671 -0.9827475 -0.1821015 -0.03234671 -0.9827475 -0.1821015 -0.03234671 -0.9827475 -0.1821015 -0.03234671 -0.9827475 -0.1821015 -0.03234671 -0.9827475 -0.1821015 -0.03234671 -0.9827475 -0.1821015 -0.03234671 -0.9827475 -0.1821015 -0.03234671 -0.9827475 -0.1821015 -0.03234671 -0.9827475 -0.1821015 -0.03234671 -0.9827475 -0.1821015 -0.03234671 -0.9827475 -0.1821015 -0.03234671 -0.9827475 -0.1821015 -0.03234671 -0.9827475 -0.1821015 -0.03234671 -0.9827475 -0.1821015 -0.03234671 -0.9827475 -0.1821015 -0.03234671 -0.9827475 -0.1821015 -0.03234671 -0.9827475 -0.1821015 -0.03234671 -0.9827475 -0.1821015 -0.03234671 -0.9827475 -0.1821015 -0.03234671 -0.9827475 -0.1821015 -0.03234671 -0.9827475 -0.1821015 -0.03234671 -0.9827475 -0.1821015 -0.03234671 -0.9827475 -0.1821015 -0.03234671 -0.9827475 -0.1821015 -0.03234671 -0.9827475 -0.1821015 -0.03234671 -0.9827475 -0.1821015 -0.03234671 -0.9827475 -0.1821015 -0.03234671 -0.9827475 -0.1821015 -0.03234671 -0.9827475 -0.1821015 -0.03234671 -0.9827475 -0.1821015 -0.03234671 -0.9827475 -0.1821015 -0.03234671 -0.9827475 -0.1821015 -0.03234671 -0.9827475 -0.1821015 0.03234671 0.9827475 0.1821015 0.03234671 0.9827475 0.1821015 0.03234671 0.9827475 0.1821015 0.03234671 0.9827475 0.1821015 0.03234671 0.9827475 0.1821015 0.03234671 0.9827475 0.1821015 0.03234671 0.9827475 0.1821015 0.03234671 0.9827475 0.1821015 0.03234671 0.9827475 0.1821015 0.03234671 0.9827475 0.1821015 0.03234671 0.9827475 0.1821015 0.03234671 0.9827475 0.1821015 0.03234671 0.9827475 0.1821015 0.03234671 0.9827475 0.1821015 0.03234671 0.9827475 0.1821015 0.03234671 0.9827475 0.1821015 0.03234671 0.9827475 0.1821015 0.03234671 0.9827475 0.1821015 0.03234671 0.9827475 0.1821015 0.03234671 0.9827475 0.1821015 0.03234671 0.9827475 0.1821015 0.03234671 0.9827475 0.1821015 0.03234671 0.9827475 0.1821015 0.03234671 0.9827475 0.1821015 0.03234671 0.9827475 0.1821015 0.03234671 0.9827475 0.1821015 0.03234671 0.9827475 0.1821015 0.03234671 0.9827475 0.1821015 0.03234671 0.9827475 0.1821015 0.03234671 0.9827475 0.1821015 0.03234671 0.9827475 0.1821015 0.03234671 0.9827475 0.1821015 0.03234671 0.9827475 0.1821015 0.03234671 0.9827475 0.1821015 0.03234671 0.9827475 0.1821015 0.03234671 0.9827475 0.1821015 0.03234671 0.9827475 0.1821015 0.03234671 0.9827475 0.1821015 0.03234671 0.9827475 0.1821015 0.03234671 0.9827475 0.1821015 0.03234671 0.9827475 0.1821015 0.03234671 0.9827475 0.1821015 0.03234671 0.9827475 0.1821015 0.03234671 0.9827475 0.1821015 0.03234671 0.9827475 0.1821015 0.03234671 0.9827475 0.1821015 0.03234671 0.9827475 0.1821015 0.03234671 0.9827475 0.1821015 -0.9857625 0.06144767 -0.1565137 -0.9857625 0.06144767 -0.1565137 -0.9990064 0.02620184 0.03605013 -0.9990064 0.02620184 0.03605013 -0.9570406 -0.02207154 0.2891128 -0.9570406 -0.02207154 0.2891128 -0.84989 -0.06883444 0.522445 -0.84989 -0.06883444 0.522445 -0.6846644 -0.110947 0.7203648 -0.6846644 -0.110947 0.7203648 -0.4729862 -0.1454526 0.8689808 -0.4729862 -0.1454526 0.8689808 -0.2606678 -0.1675964 0.9507701 -0.2921396 -0.1649437 0.9420446 0.03234671 0.9827475 0.1821015 0.03234671 0.9827475 0.1821015 0.03234671 0.9827475 0.1821015 0.03234671 0.9827475 0.1821015 0.03234671 0.9827475 0.1821015 0.03234671 0.9827475 0.1821015 0.03234671 0.9827475 0.1821015 0.03234671 0.9827475 0.1821015 0.03234671 0.9827475 0.1821015 0.03234671 0.9827475 0.1821015 0.03234671 0.9827475 0.1821015 0.03234671 0.9827475 0.1821015 0.03234671 0.9827475 0.1821015 0.03234671 0.9827475 0.1821015 0.03234671 0.9827475 0.1821015 0.03234671 0.9827475 0.1821015 0.03234671 0.9827475 0.1821015 0.03234671 0.9827475 0.1821015 0.03234671 0.9827475 0.1821015 0.03234671 0.9827475 0.1821015 0.03234671 0.9827475 0.1821015 0.03234671 0.9827475 0.1821015 0.03234671 0.9827475 0.1821015 0.03234671 0.9827475 0.1821015 0.03234671 0.9827475 0.1821015 0.03234671 0.9827475 0.1821015 0.03234671 0.9827475 0.1821015 0.03234671 0.9827475 0.1821015 0.03234671 0.9827475 0.1821015 0.03234671 0.9827475 0.1821015 0.03234671 0.9827475 0.1821015 0.03234671 0.9827475 0.1821015 0.03234671 0.9827475 0.1821015 0.03234671 0.9827475 0.1821015 0.03234671 0.9827475 0.1821015 0.03234671 0.9827475 0.1821015 0.03234671 0.9827475 0.1821015 0.03234671 0.9827475 0.1821015 0.03234671 0.9827475 0.1821015 0.03234671 0.9827475 0.1821015 0.03234671 0.9827475 0.1821015 0.03234671 0.9827475 0.1821015 0.03234671 0.9827475 0.1821015 0.03234671 0.9827475 0.1821015 0.03234671 0.9827475 0.1821015 0.03234671 0.9827475 0.1821015 0.03234671 0.9827475 0.1821015 0.03234671 0.9827475 0.1821015 -0.03234671 -0.9827475 -0.1821015 -0.03234671 -0.9827475 -0.1821015 -0.03234671 -0.9827475 -0.1821015 -0.03234671 -0.9827475 -0.1821015 -0.03234671 -0.9827475 -0.1821015 -0.03234671 -0.9827475 -0.1821015 -0.03234671 -0.9827475 -0.1821015 -0.03234671 -0.9827475 -0.1821015 -0.03234671 -0.9827475 -0.1821015 -0.03234671 -0.9827475 -0.1821015 -0.03234671 -0.9827475 -0.1821015 -0.03234671 -0.9827475 -0.1821015 -0.03234671 -0.9827475 -0.1821015 -0.03234671 -0.9827475 -0.1821015 -0.03234671 -0.9827475 -0.1821015 -0.03234671 -0.9827475 -0.1821015 -0.03234671 -0.9827475 -0.1821015 -0.03234671 -0.9827475 -0.1821015 -0.03234671 -0.9827475 -0.1821015 -0.03234671 -0.9827475 -0.1821015 -0.03234671 -0.9827475 -0.1821015 -0.03234671 -0.9827475 -0.1821015 -0.03234671 -0.9827475 -0.1821015 -0.03234671 -0.9827475 -0.1821015 -0.03234671 -0.9827475 -0.1821015 -0.03234671 -0.9827475 -0.1821015 -0.03234671 -0.9827475 -0.1821015 -0.03234671 -0.9827475 -0.1821015 -0.03234671 -0.9827475 -0.1821015 -0.03234671 -0.9827475 -0.1821015 -0.03234671 -0.9827475 -0.1821015 -0.03234671 -0.9827475 -0.1821015 -0.03234671 -0.9827475 -0.1821015 -0.03234671 -0.9827475 -0.1821015 -0.03234671 -0.9827475 -0.1821015 -0.03234671 -0.9827475 -0.1821015 -0.03234671 -0.9827475 -0.1821015 -0.03234671 -0.9827475 -0.1821015 -0.03234671 -0.9827475 -0.1821015 -0.03234671 -0.9827475 -0.1821015 -0.03234671 -0.9827475 -0.1821015 -0.03234671 -0.9827475 -0.1821015 -0.03234671 -0.9827475 -0.1821015 -0.03234671 -0.9827475 -0.1821015 -0.03234671 -0.9827475 -0.1821015 -0.03234671 -0.9827475 -0.1821015 -0.03234671 -0.9827475 -0.1821015 -0.03234671 -0.9827475 -0.1821015 -0.03234671 -0.9827475 -0.1821015 -0.03234671 -0.9827475 -0.1821015 -0.03234671 -0.9827475 -0.1821015 -0.03234671 -0.9827475 -0.1821015 -0.03234671 -0.9827475 -0.1821015 -0.03234671 -0.9827475 -0.1821015 -0.03234671 -0.9827475 -0.1821015 -0.03234671 -0.9827475 -0.1821015 -0.03234671 -0.9827475 -0.1821015 -0.03234671 -0.9827475 -0.1821015 -0.03234671 -0.9827475 -0.1821015 -0.03234671 -0.9827475 -0.1821015 -0.03234671 -0.9827475 -0.1821015 -0.03234671 -0.9827475 -0.1821015 -0.03234671 -0.9827475 -0.1821015 -0.03234671 -0.9827475 -0.1821015 -0.03234671 -0.9827475 -0.1821015 -0.03234671 -0.9827475 -0.1821015 -0.03234671 -0.9827475 -0.1821015 -0.03234671 -0.9827475 -0.1821015 -0.03234671 -0.9827475 -0.1821015 -0.03234671 -0.9827475 -0.1821015 -0.03234671 -0.9827475 -0.1821015 -0.03234671 -0.9827475 -0.1821015 -0.03234671 -0.9827475 -0.1821015 -0.1648484 -0.1744558 0.9707678 -0.1970564 -0.1723499 0.965124 0.03062215 -0.1830858 0.9826199 0.03062215 -0.1830858 0.9826199 0.2882469 -0.183628 0.9397843 0.2882469 -0.183628 0.9397843 0.5260182 -0.1716614 0.8329689 0.5260182 -0.1716614 0.8329689 0.7280885 -0.1479883 0.669318 0.7280885 -0.1479883 0.669318 0.8804473 -0.114249 0.4601737 0.8804473 -0.114249 0.4601737 0.9557634 -0.08370786 0.281974 0.9557634 -0.08370786 0.281974 -0.1740267 -0.1738759 0.9692687 -0.2016067 -0.1720362 0.9642397 -0.006732074 -0.1819785 0.9832795 -0.006732074 -0.1819785 0.9832795 0.2157644 -0.1847668 0.958805 0.2157644 -0.1847668 0.958805 0.4274525 -0.1782959 0.8862815 0.4274525 -0.1782959 0.8862815 0.6177141 -0.1628907 0.7693478 0.6177141 -0.1628907 0.7693478 0.7773386 -0.1392616 0.6134745 0.7773386 -0.1392616 0.6134745 0.8975678 -0.1087141 0.4272625 0.8975678 -0.1087141 0.4272625 0.9584422 -0.0821697 0.2731971 0.9584422 -0.0821697 0.2731971 -0.2921195 -0.1649454 0.9420505 -0.2921195 -0.1649454 0.9420505 -0.4729892 -0.1454522 0.8689792 -0.4729892 -0.1454522 0.8689792 -0.6847699 -0.1109255 0.7202678 -0.6847699 -0.1109255 0.7202678 -0.773905 -0.09066813 0.6267777 -0.773905 -0.09066813 0.6267777 -0.8500055 -0.06879674 0.5222621 -0.8498489 -0.06885511 0.5225092 -0.9113691 -0.04579679 0.4090342 -0.9570489 -0.02207306 0.2890852 -0.957034 -0.02207573 0.2891342 -0.999008 0.02621105 0.03600068 -0.999008 0.02621105 0.03600068 -0.9857834 0.06142559 -0.1563908 -0.9857834 0.06142559 -0.1563908 -0.9558359 0.08366693 -0.2817402 -0.9558359 0.08366693 -0.2817402 -0.8804879 0.1142365 -0.4600991 -0.8804879 0.1142365 -0.4600991 -0.7280814 0.1479894 -0.6693255 -0.7280814 0.1479894 -0.6693255 -0.5260189 0.1716614 -0.8329685 -0.5259916 0.17166 -0.832986 -0.4104367 0.1791862 -0.8941107 -0.2880902 0.1836279 -0.9398324 -0.2880076 0.1836335 -0.9398566 -0.03067617 0.1830872 -0.982618 -0.03067617 0.1830872 -0.982618 0.1648192 0.1744576 -0.9707725 0.1648192 0.1744576 -0.9707725 0.9558189 -0.08367655 0.2817951 0.9558189 -0.08367655 0.2817951 0.8804534 -0.1142471 0.4601625 0.8804534 -0.1142471 0.4601625 0.7280769 -0.1479896 0.6693303 0.7280797 -0.1479897 0.6693273 0.632479 -0.161203 0.7576173 0.5260545 -0.1716579 0.8329467 0.5260344 -0.1716601 0.832959 0.2881353 -0.1836306 0.939818 0.2881353 -0.1836306 0.939818 0.0306095 -0.1830854 0.9826204 0.0306095 -0.1830854 0.9826204 -0.1648609 -0.174455 0.9707658 -0.1648609 -0.174455 0.9707658 0.9728925 -0.07270144 0.219533 0.9728925 -0.07270144 0.219533 0.880483 -0.114238 0.460108 0.880483 -0.114238 0.460108 0.7280625 -0.1479925 0.6693453 0.7280625 -0.1479925 0.6693453 0.5260224 -0.1716611 0.8329664 0.5260224 -0.1716611 0.8329664 0.2881326 -0.1836306 0.9398188 0.2881326 -0.1836306 0.9398188 0.03060717 -0.1830854 0.9826204 0.03060717 -0.1830854 0.9826204 -0.2289845 -0.170064 0.9584593 -0.2289845 -0.170064 0.9584593 -0.472973 -0.1454543 0.8689877 -0.472973 -0.1454543 0.8689877 -0.684775 -0.1109245 0.7202631 -0.684775 -0.1109245 0.7202631 -0.8498755 -0.06883917 0.522468 -0.8498755 -0.06883917 0.522468 -0.957044 -0.02206932 0.2891014 -0.957044 -0.02206932 0.2891014 -0.999006 0.02619953 0.03606251 -0.999006 0.02619953 0.03606251 -0.9728925 0.07270144 -0.219533 -0.9728925 0.07270144 -0.219533 -0.8804535 0.114247 -0.4601621 -0.8804535 0.114247 -0.4601621 -0.7280625 0.1479925 -0.6693453 -0.7280625 0.1479925 -0.6693453 -0.5260548 0.1716585 -0.8329464 -0.5260548 0.1716585 -0.8329464 -0.2881692 0.1836298 -0.9398078 -0.2881692 0.1836298 -0.9398078 -0.03060717 0.1830854 -0.9826204 -0.03060717 0.1830854 -0.9826204 0.2289845 0.170064 -0.9584593 0.2289845 0.170064 -0.9584593 0.472973 0.1454543 -0.8689877 0.472973 0.1454543 -0.8689877 0.6847471 0.1109302 -0.7202887 0.6847471 0.1109302 -0.7202887 0.8498554 0.06884574 -0.5224999 0.8498554 0.06884574 -0.5224999 0.957044 0.02206932 -0.2891014 0.957044 0.02206932 -0.2891014 0.999008 -0.02621093 -0.03600133 0.999008 -0.02621093 -0.03600133 0.180935 0.1734288 -0.9680831 0.180935 0.1734288 -0.9680831 0.03467809 0.1809836 -0.9828745 0.03467809 0.1809836 -0.9828745 -0.1609802 0.1849408 -0.9694753 -0.1609802 0.1849408 -0.9694753 -0.3504161 0.1817829 -0.9187837 -0.3504161 0.1817829 -0.9187837 -0.5263882 0.1716314 -0.8327413 -0.5263882 0.1716314 -0.8327413 -0.6821273 0.1548743 -0.7146442 -0.6821273 0.1548743 -0.7146442 -0.8115938 0.1321623 -0.569077 -0.8115938 0.1321623 -0.569077 -0.9098537 0.1043615 -0.4015905 -0.9098537 0.1043615 -0.4015905 -0.9731035 0.07254439 -0.218648 -0.9731035 0.07254439 -0.218648 -0.9970647 0.03370444 -0.06874523 -0.9933234 0.05179564 -0.1030815 0.9728925 -0.07270144 0.219533 0.9728925 -0.07270144 0.219533 0.8805181 -0.1142272 0.4600435 0.8805181 -0.1142272 0.4600435 0.7280756 -0.1479903 0.6693315 0.7280756 -0.1479903 0.6693315 0.5259267 -0.1716688 0.8330252 0.5259267 -0.1716688 0.8330252 0.288132 -0.1836307 0.939819 0.288132 -0.1836307 0.939819 0.03066389 -0.1830869 0.9826184 0.03066389 -0.1830869 0.9826184 -0.2289845 -0.170064 0.9584593 -0.2289845 -0.170064 0.9584593 -0.4730229 -0.1454478 0.8689616 -0.4730229 -0.1454478 0.8689616 -0.6847467 -0.1109303 0.7202891 -0.6847467 -0.1109303 0.7202891 -0.8498554 -0.06884574 0.5224999 -0.8498554 -0.06884574 0.5224999 -0.9570442 -0.02206921 0.2891008 -0.9570442 -0.02206921 0.2891008 -0.9990062 0.02620054 0.03605712 -0.9990062 0.02620054 0.03605712 -0.9728925 0.07270144 -0.219533 -0.9728925 0.07270144 -0.219533 -0.8804561 0.1142462 -0.4601574 -0.8804561 0.1142462 -0.4601574 -0.728063 0.1479924 -0.6693449 -0.728063 0.1479924 -0.6693449 -0.5260224 0.1716611 -0.8329664 -0.5260224 0.1716611 -0.8329664 -0.288132 0.1836307 -0.939819 -0.288132 0.1836307 -0.939819 -0.03066389 0.1830869 -0.9826184 -0.03066389 0.1830869 -0.9826184 0.2289845 0.170064 -0.9584593 0.2289845 0.170064 -0.9584593 0.4730229 0.1454478 -0.8689616 0.4730229 0.1454478 -0.8689616 0.6847467 0.1109303 -0.7202891 0.6847467 0.1109303 -0.7202891 0.8497962 0.06886506 -0.5225936 0.8497962 0.06886506 -0.5225936 0.9570496 0.02206581 -0.2890834 0.9570496 0.02206581 -0.2890834 0.9990102 -0.02622454 -0.03592832 0.9990102 -0.02622454 -0.03592832 0.9728929 -0.07270112 0.2195312 0.9728929 -0.07270112 0.2195312 0.8805164 -0.1142277 0.4600466 0.8805164 -0.1142277 0.4600466 0.7280719 -0.1479909 0.6693355 0.7280719 -0.1479909 0.6693355 0.525965 -0.1716657 0.8330016 0.525965 -0.1716657 0.8330016 0.2881249 -0.1836308 0.9398211 0.2881249 -0.1836308 0.9398211 0.03061151 -0.1830855 0.9826203 0.03061151 -0.1830855 0.9826203 -0.2289845 -0.170064 0.9584593 -0.2289845 -0.170064 0.9584593 -0.4729768 -0.1454538 0.8689857 -0.4729768 -0.1454538 0.8689857 -0.6847413 -0.1109313 0.7202941 -0.6847413 -0.1109313 0.7202941 -0.8498791 -0.06883801 0.5224623 -0.8498791 -0.06883801 0.5224623 -0.9570427 -0.0220702 0.2891059 -0.9570427 -0.0220702 0.2891059 -0.9990061 0.02619988 0.03606063 -0.9990061 0.02619988 0.03606063 -0.9728921 0.07270175 -0.2195347 -0.9728921 0.07270175 -0.2195347 -0.8804561 0.1142462 -0.4601574 -0.8804561 0.1142462 -0.4601574 -0.728057 0.1479933 -0.6693511 -0.728057 0.1479933 -0.6693511 -0.5260533 0.1716586 -0.8329473 -0.5260533 0.1716586 -0.8329473 -0.2881374 0.1836305 -0.9398174 -0.2881374 0.1836305 -0.9398174 -0.0306246 0.1830858 -0.9826198 -0.0306246 0.1830858 -0.9826198 0.2289845 0.170064 -0.9584593 0.2289845 0.170064 -0.9584593 0.4729883 0.1454523 -0.8689797 0.4729883 0.1454523 -0.8689797 0.6847508 0.1109294 -0.7202853 0.6847508 0.1109294 -0.7202853 0.8498153 0.06885881 -0.5225633 0.8498153 0.06885881 -0.5225633 0.9570471 0.02206739 -0.2890915 0.9570471 0.02206739 -0.2890915 0.9990102 -0.02622454 -0.03592832 0.9990102 -0.02622454 -0.03592832 -0.6847562 -0.1109291 0.7202803 -0.6847623 -0.1109271 0.7202748 -0.4729673 -0.145455 0.8689907 -0.4729673 -0.145455 0.8689907 -0.228992 -0.1700635 0.9584577 -0.228992 -0.1700635 0.9584577 0.03061557 -0.1830856 0.9826201 0.03061557 -0.1830856 0.9826201 0.2881594 -0.1836215 0.9398124 0.2881396 -0.1836305 0.9398167 0.4174603 -0.1788246 0.8909257 0.526029 -0.1716491 0.8329646 0.532436 -0.1711354 0.8289901 0.7280387 -0.1479963 0.6693704 0.7280387 -0.1479963 0.6693704 0.880479 -0.1142392 0.4601153 0.880479 -0.1142392 0.4601153 0.9728925 -0.07270144 0.219533 0.9728925 -0.07270144 0.219533 0.9990077 -0.02620939 -0.0360096 0.9990077 -0.02620939 -0.0360096 0.957034 0.0220757 -0.2891341 0.957034 0.0220757 -0.2891341 0.8498554 0.06884574 -0.5224999 0.8489214 0.06841565 -0.5240722 0.6847726 0.1109242 -0.7202655 0.772052 0.08991558 -0.6291668 0.6847787 0.1109237 -0.7202597 0.4729804 0.1454533 -0.8689838 0.4729804 0.1454533 -0.8689838 0.228977 0.1700646 -0.958461 0.228977 0.1700646 -0.958461 -0.03060072 0.1830852 -0.9826207 -0.03060072 0.1830852 -0.9826207 -0.2881464 0.1836276 -0.9398152 -0.2881525 0.1836302 -0.9398128 -0.4084973 0.1792827 -0.8949792 -0.5260205 0.1716576 -0.8329682 -0.5240495 0.1718203 -0.8341762 -0.728076 0.1479903 -0.6693311 -0.728076 0.1479903 -0.6693311 -0.8804771 0.1142398 -0.4601188 -0.8804771 0.1142398 -0.4601188 -0.9728925 0.07270144 -0.219533 -0.9728925 0.07270144 -0.219533 -0.9990076 0.02620866 0.0360135 -0.9990076 0.02620866 0.0360135 -0.9570497 -0.0220657 0.2890829 -0.9570497 -0.0220657 0.2890829 -0.8498554 -0.06884574 0.5224999 -0.8489693 -0.06986856 0.523803 -0.7721319 -0.09234211 0.6287172 -0.9857914 0.06141703 -0.1563431 -0.9857625 0.06144767 -0.1565137 -0.9857914 0.06141703 -0.1563431 -0.9857625 0.06144767 -0.1565137 0.2881514 -0.1836373 0.9398117 0.1609919 -0.1849415 0.9694732 0.0306612 -0.1830937 0.9826172 0.03059355 -0.183085 0.9826209 -0.2289845 -0.170064 0.9584593 -0.2289845 -0.170064 0.9584593 -0.4730244 -0.1454486 0.8689607 -0.473016 -0.1454487 0.8689652 -0.5839962 -0.1292755 0.8013964 -0.6847587 -0.1109288 0.7202779 -0.6847745 -0.1109246 0.7202636 -0.8498554 -0.06884574 0.5224999 -0.8498554 -0.06884574 0.5224999 -0.9570697 -0.022053 0.2890179 -0.9570697 -0.022053 0.2890179 -0.9990059 0.02619873 0.03606679 -0.9990059 0.02619873 0.03606679 -0.9728925 0.07270144 -0.219533 -0.9728925 0.07270144 -0.219533 -0.8804515 0.1142477 -0.4601659 -0.8804515 0.1142477 -0.4601659 -0.7281234 0.1479826 -0.6692813 -0.7281234 0.1479826 -0.6692813 -0.5260224 0.1716611 -0.8329664 -0.5260224 0.1716611 -0.8329664 -0.2881471 0.1836303 -0.9398144 -0.2881471 0.1836303 -0.9398144 -0.03066612 0.1830869 -0.9826183 -0.03066612 0.1830869 -0.9826183 0.2289845 0.170064 -0.9584593 0.2289845 0.170064 -0.9584593 0.4730249 0.1454475 -0.8689606 0.4730249 0.1454475 -0.8689606 0.6847582 0.1109279 -0.7202786 0.6847582 0.1109279 -0.7202786 0.8498084 0.06886108 -0.5225743 0.8498084 0.06886108 -0.5225743 0.9570439 0.02206941 -0.2891019 0.9570439 0.02206941 -0.2891019 0.9990093 -0.02621919 -0.03595703 0.9990093 -0.02621919 -0.03595703 0.9728925 -0.07270144 0.219533 0.9728925 -0.07270144 0.219533 0.8805043 -0.1142314 0.4600689 0.8805043 -0.1142314 0.4600689 0.7280622 -0.1479925 0.6693457 0.7280622 -0.1479925 0.6693457 0.5259464 -0.1716672 0.8330131 0.5259464 -0.1716672 0.8330131 0.2883015 -0.1836267 0.9397678 -0.6847562 -0.1109291 0.7202803 -0.6847623 -0.1109271 0.7202748 -0.4729673 -0.145455 0.8689907 -0.4729673 -0.145455 0.8689907 -0.228992 -0.1700635 0.9584577 -0.228992 -0.1700635 0.9584577 0.03061557 -0.1830856 0.9826201 0.03061557 -0.1830856 0.9826201 0.2881594 -0.1836215 0.9398124 0.2881396 -0.1836305 0.9398167 0.4174603 -0.1788246 0.8909257 0.526029 -0.1716491 0.8329646 0.532436 -0.1711354 0.8289901 0.7280387 -0.1479963 0.6693704 0.7280387 -0.1479963 0.6693704 0.880479 -0.1142392 0.4601153 0.880479 -0.1142392 0.4601153 0.9728925 -0.07270144 0.219533 0.9728925 -0.07270144 0.219533 0.9990077 -0.02620939 -0.0360096 0.9990077 -0.02620939 -0.0360096 0.957034 0.0220757 -0.2891341 0.957034 0.0220757 -0.2891341 0.8498554 0.06884574 -0.5224999 0.8489214 0.06841565 -0.5240722 0.6847726 0.1109242 -0.7202655 0.772052 0.08991558 -0.6291668 0.6847787 0.1109237 -0.7202597 0.4729804 0.1454533 -0.8689838 0.4729804 0.1454533 -0.8689838 0.228977 0.1700646 -0.958461 0.228977 0.1700646 -0.958461 -0.03060072 0.1830852 -0.9826207 -0.03060072 0.1830852 -0.9826207 -0.2881464 0.1836276 -0.9398152 -0.2881525 0.1836302 -0.9398128 -0.4084973 0.1792827 -0.8949792 -0.5260205 0.1716576 -0.8329682 -0.5240495 0.1718203 -0.8341762 -0.728076 0.1479903 -0.6693311 -0.728076 0.1479903 -0.6693311 -0.8804771 0.1142398 -0.4601188 -0.8804771 0.1142398 -0.4601188 -0.9728925 0.07270144 -0.219533 -0.9728925 0.07270144 -0.219533 -0.9990076 0.02620866 0.0360135 -0.9990076 0.02620866 0.0360135 -0.9570497 -0.0220657 0.2890829 -0.9570497 -0.0220657 0.2890829 -0.8498554 -0.06884574 0.5224999 -0.8489693 -0.06986856 0.523803 -0.7721319 -0.09234211 0.6287172 0.9728925 -0.07270144 0.219533 0.9728925 -0.07270144 0.219533 0.8805181 -0.1142272 0.4600435 0.8805181 -0.1142272 0.4600435 0.7280756 -0.1479903 0.6693315 0.7280756 -0.1479903 0.6693315 0.5259267 -0.1716688 0.8330252 0.5259267 -0.1716688 0.8330252 0.288132 -0.1836307 0.939819 0.288132 -0.1836307 0.939819 0.03066389 -0.1830869 0.9826184 0.03066389 -0.1830869 0.9826184 -0.2289845 -0.170064 0.9584593 -0.2289845 -0.170064 0.9584593 -0.4730229 -0.1454478 0.8689616 -0.4730229 -0.1454478 0.8689616 -0.6847467 -0.1109303 0.7202891 -0.6847467 -0.1109303 0.7202891 -0.8498554 -0.06884574 0.5224999 -0.8498554 -0.06884574 0.5224999 -0.9570442 -0.02206921 0.2891008 -0.9570442 -0.02206921 0.2891008 -0.9990062 0.02620054 0.03605712 -0.9990062 0.02620054 0.03605712 -0.9728925 0.07270144 -0.219533 -0.9728925 0.07270144 -0.219533 -0.8804561 0.1142462 -0.4601574 -0.8804561 0.1142462 -0.4601574 -0.728063 0.1479924 -0.6693449 -0.728063 0.1479924 -0.6693449 -0.526118 0.1716533 -0.8329075 -0.526118 0.1716533 -0.8329075 -0.2881142 0.1836311 -0.9398244 -0.2881142 0.1836311 -0.9398244 -0.03053294 0.1830834 -0.9826231 -0.03053294 0.1830834 -0.9826231 0.2289845 0.170064 -0.9584593 0.2289845 0.170064 -0.9584593 0.4729075 0.1454628 -0.8690219 0.4729075 0.1454628 -0.8690219 0.6847332 0.110933 -0.7203015 0.6847332 0.110933 -0.7203015 0.8498554 0.06884574 -0.5224999 0.8498554 0.06884574 -0.5224999 0.9570496 0.02206581 -0.2890834 0.9570496 0.02206581 -0.2890834 0.9990102 -0.02622454 -0.03592832 0.9990102 -0.02622454 -0.03592832 0.2881514 -0.1836373 0.9398117 0.1609919 -0.1849415 0.9694732 0.0306612 -0.1830937 0.9826172 0.03059355 -0.183085 0.9826209 -0.2289845 -0.170064 0.9584593 -0.2289845 -0.170064 0.9584593 -0.4730244 -0.1454486 0.8689607 -0.473016 -0.1454487 0.8689652 -0.5839962 -0.1292755 0.8013964 -0.6847587 -0.1109288 0.7202779 -0.6847745 -0.1109246 0.7202636 -0.8498554 -0.06884574 0.5224999 -0.8498554 -0.06884574 0.5224999 -0.9570697 -0.022053 0.2890179 -0.9570697 -0.022053 0.2890179 -0.9990059 0.02619873 0.03606679 -0.9990059 0.02619873 0.03606679 -0.9728925 0.07270144 -0.219533 -0.9728925 0.07270144 -0.219533 -0.8804515 0.1142477 -0.4601659 -0.8804515 0.1142477 -0.4601659 -0.7281234 0.1479826 -0.6692813 -0.7281234 0.1479826 -0.6692813 -0.5260224 0.1716611 -0.8329664 -0.5260224 0.1716611 -0.8329664 -0.2881471 0.1836303 -0.9398144 -0.2881471 0.1836303 -0.9398144 -0.03066612 0.1830869 -0.9826183 -0.03066612 0.1830869 -0.9826183 0.2289845 0.170064 -0.9584593 0.2289845 0.170064 -0.9584593 0.4730249 0.1454475 -0.8689606 0.4730249 0.1454475 -0.8689606 0.6847582 0.1109279 -0.7202786 0.6847582 0.1109279 -0.7202786 0.8498084 0.06886108 -0.5225743 0.8498084 0.06886108 -0.5225743 0.9570439 0.02206941 -0.2891019 0.9570439 0.02206941 -0.2891019 0.9990093 -0.02621919 -0.03595703 0.9990093 -0.02621919 -0.03595703 0.9728925 -0.07270144 0.219533 0.9728925 -0.07270144 0.219533 0.8805043 -0.1142314 0.4600689 0.8805043 -0.1142314 0.4600689 0.7280622 -0.1479925 0.6693457 0.7280622 -0.1479925 0.6693457 0.5259464 -0.1716672 0.8330131 0.5259464 -0.1716672 0.8330131 0.2883015 -0.1836267 0.9397678 0.2881305 -0.1836336 0.9398189 0.1607968 -0.1849407 0.9695057 0.03062478 -0.1830887 0.9826193 0.03059686 -0.1830851 0.9826208 -0.2289845 -0.170064 0.9584593 -0.2289845 -0.170064 0.9584593 -0.472992 -0.1454487 0.8689783 0.4729904 0.1454523 -0.8689786 0.5838657 0.1292968 -0.8014881 0.6847441 0.110931 -0.7202915 0.6847404 0.1109315 -0.7202949 0.8498294 0.06885423 -0.5225411 0.8498294 0.06885423 -0.5225411 0.9570412 0.02207114 -0.2891107 0.9570412 0.02207114 -0.2891107 0.9990094 -0.02621971 -0.03595424 0.9990094 -0.02621971 -0.03595424 0.9728925 -0.07270144 0.219533 0.9728925 -0.07270144 0.219533 0.8805056 -0.114231 0.4600664 0.8805056 -0.114231 0.4600664 0.7280558 -0.1479936 0.6693525 0.7280558 -0.1479936 0.6693525 0.5259803 -0.1716645 0.8329922 0.5259803 -0.1716645 0.8329922 0.2881924 -0.1836293 0.9398007 -0.2881286 0.183631 -0.93982 -0.1607579 0.1849403 -0.9695122 -0.03062695 0.1830861 -0.9826197 -0.03062917 0.183086 -0.9826197 0.2289845 0.170064 -0.9584593 0.2289845 0.170064 -0.9584593 0.4729923 0.1454518 -0.8689776 -0.4730189 -0.1454483 0.8689637 -0.5838359 -0.1293013 0.8015091 -0.6847426 -0.1109279 0.7202934 -0.6846916 -0.1109414 0.7203398 -0.8498764 -0.06883888 0.5224666 -0.8498764 -0.06883888 0.5224666 -0.957067 -0.02205473 0.2890267 -0.957067 -0.02205473 0.2890267 -0.999006 0.02619925 0.036064 -0.999006 0.02619925 0.036064 -0.9728925 0.07270144 -0.219533 -0.9728925 0.07270144 -0.219533 -0.8804528 0.1142473 -0.4601635 -0.8804528 0.1142473 -0.4601635 -0.728117 0.1479836 -0.6692881 -0.728117 0.1479836 -0.6692881 -0.5260563 0.1716583 -0.8329455 -0.5260563 0.1716583 -0.8329455 -0.2881237 0.1836308 -0.9398215 -0.9868571 0.06322644 -0.1487129 -0.9916486 0.0524235 -0.1178343 -0.9991989 0.02750076 0.02907441 -0.9989341 0.01279745 0.0443493 -0.9808456 -0.003802674 0.1947496 -0.9808456 -0.003802674 0.1947496 -0.9342838 -0.03499389 0.3548086 -0.9342838 -0.03499389 0.3548086 -0.8608258 -0.06518772 0.5047073 -0.8608258 -0.06518772 0.5047073 -0.7626224 -0.09349897 0.6400508 -0.7626224 -0.09349897 0.6400508 -0.6424667 -0.119124 0.7569981 -0.6424667 -0.119124 0.7569981 -0.5038152 -0.1413233 0.8521725 -0.5038152 -0.1413233 0.8521725 -0.3506952 -0.1594531 0.922815 -0.3506952 -0.1594531 0.922815 -0.1875134 -0.1729946 0.9669083 -0.1875134 -0.1729946 0.9669083 -0.01887006 -0.1815639 0.9831981 -0.01887006 -0.1815639 0.9831981 0.1502659 -0.1849077 0.9711999 0.1502659 -0.1849077 0.9711999 0.3150973 -0.1829327 0.9312622 0.3150973 -0.1829327 0.9312622 0.4708848 -0.1756936 0.8645225 0.4708848 -0.1756936 0.8645225 0.6131057 -0.1634005 0.7729176 0.6131057 -0.1634005 0.7729176 0.7376821 -0.1464074 0.6590827 0.7376821 -0.1464074 0.6590827 0.8397474 -0.1280384 0.5276651 0.9334509 -0.09482701 0.3459441 -0.9728688 0.07341265 -0.2194011 -0.9491824 0.09029997 -0.3014942 -0.9431713 0.09030285 -0.3198019 -0.8837949 0.1132099 -0.4539715 -0.8837949 0.1132099 -0.4539715 -0.792206 0.1362977 -0.5948383 -0.792206 0.1362977 -0.5948383 -0.6778407 0.1554633 -0.7185841 -0.6778407 0.1554633 -0.7185841 -0.5439372 0.1701616 -0.8216918 -0.5439372 0.1701616 -0.8216918 -0.3944189 0.1799613 -0.9011369 -0.3944189 0.1799613 -0.9011369 -0.2335344 0.184585 -0.9546675 -0.2335344 0.184585 -0.9546675 -0.06591779 0.1838978 -0.9807326 -0.06591779 0.1838978 -0.9807326 0.1035651 0.1779204 -0.9785799 0.1035651 0.1779204 -0.9785799 0.2700436 0.1668273 -0.9482854 0.2700436 0.1668273 -0.9482854 0.4288193 0.1509296 -0.8906931 0.4288193 0.1509296 -0.8906931 0.5752123 0.1306948 -0.807496 0.5752123 0.1306948 -0.807496 0.7050739 0.1066982 -0.7010609 0.7050739 0.1066982 -0.7010609 0.8146655 0.07962812 -0.5744384 0.8146655 0.07962812 -0.5744384 0.9008051 0.05027031 -0.431304 0.9008051 0.05027031 -0.431304 0.9610266 0.01946784 -0.2757694 0.9610266 0.01946784 -0.2757694 0.9936001 -0.01188981 -0.1123276 0.9936001 -0.01188981 -0.1123276 0.9975973 -0.0429136 0.05438858 0.9975973 -0.0429136 0.05438858 0.9728925 -0.07270144 0.219533 0.9728925 -0.07270144 0.219533 0.9210101 -0.1035006 0.3755369 0.8372973 -0.1261377 0.5319985 0.2289845 0.170064 -0.9584593 0.2289845 0.170064 -0.9584593 0.9728925 -0.07270144 0.219533 0.9728925 -0.07270144 0.219533 0.9728925 -0.07270144 0.219533 0.9728925 -0.07270144 0.219533 0.9728925 -0.07270144 0.219533 0.9728925 -0.07270144 0.219533 0.9728925 -0.07270144 0.219533 0.9728925 -0.07270144 0.219533 0.9728925 -0.07270144 0.219533 0.9728925 -0.07270144 0.219533 0.2289845 0.170064 -0.9584593 0.2289845 0.170064 -0.9584593 0.2289845 0.170064 -0.9584593 -0.9728925 0.07270144 -0.219533 -0.9728925 0.07270144 -0.219533 -0.9728925 0.07270144 -0.219533 -0.9728925 0.07270144 -0.219533 -0.9728925 0.07270144 -0.219533 -0.9728925 0.07270144 -0.219533 -0.9728925 0.07270144 -0.219533 -0.9728925 0.07270144 -0.219533 -0.9728925 0.07270144 -0.219533 -0.9728925 0.07270144 -0.219533 -0.2289845 -0.170064 0.9584593 -0.2921396 -0.1649437 0.9420446 -0.2606678 -0.1675964 0.9507701 -0.2289845 -0.170064 0.9584593 -0.2289845 -0.170064 0.9584593 -0.2289845 -0.170064 0.9584593 -0.2289845 -0.170064 0.9584593 -0.2289845 -0.170064 0.9584593 -0.03234671 -0.9827475 -0.1821015 -0.03234671 -0.9827475 -0.1821015 -0.03234671 -0.9827475 -0.1821015 -0.03234671 -0.9827475 -0.1821015 -0.03234671 -0.9827475 -0.1821015 -0.03234671 -0.9827475 -0.1821015 -0.03234671 -0.9827475 -0.1821015 -0.03234671 -0.9827475 -0.1821015 -0.03234671 -0.9827475 -0.1821015 -0.03234671 -0.9827475 -0.1821015 -0.03234671 -0.9827475 -0.1821015 -0.03234671 -0.9827475 -0.1821015 -0.03234671 -0.9827475 -0.1821015 -0.03234671 -0.9827475 -0.1821015 -0.03234671 -0.9827475 -0.1821015 -0.03234671 -0.9827475 -0.1821015 -0.03234671 -0.9827475 -0.1821015 -0.03234671 -0.9827475 -0.1821015 -0.03234671 -0.9827475 -0.1821015 -0.03234671 -0.9827475 -0.1821015 -0.03234671 -0.9827475 -0.1821015 -0.03234671 -0.9827475 -0.1821015 -0.03234671 -0.9827475 -0.1821015 -0.03234671 -0.9827475 -0.1821015 -0.03234671 -0.9827475 -0.1821015 -0.03234671 -0.9827475 -0.1821015 -0.03234671 -0.9827475 -0.1821015 -0.03234671 -0.9827475 -0.1821015 -0.03234671 -0.9827475 -0.1821015 -0.03234671 -0.9827475 -0.1821015 -0.03234671 -0.9827475 -0.1821015 -0.03234671 -0.9827475 -0.1821015 -0.03234671 -0.9827475 -0.1821015 -0.03234671 -0.9827475 -0.1821015 -0.03234671 -0.9827475 -0.1821015 -0.03234671 -0.9827475 -0.1821015 -0.03234671 -0.9827475 -0.1821015 -0.03234671 -0.9827475 -0.1821015 -0.03234671 -0.9827475 -0.1821015 -0.03234671 -0.9827475 -0.1821015 0.03234671 0.9827475 0.1821015 0.03234671 0.9827475 0.1821015 0.03234671 0.9827475 0.1821015 0.03234671 0.9827475 0.1821015 0.03234671 0.9827475 0.1821015 0.03234671 0.9827475 0.1821015 0.03234671 0.9827475 0.1821015 0.03234671 0.9827475 0.1821015 0.03234671 0.9827475 0.1821015 0.03234671 0.9827475 0.1821015 0.03234671 0.9827475 0.1821015 0.03234671 0.9827475 0.1821015 0.03234671 0.9827475 0.1821015 0.03234671 0.9827475 0.1821015 0.03234671 0.9827475 0.1821015 0.03234671 0.9827475 0.1821015 0.03234671 0.9827475 0.1821015 0.03234671 0.9827475 0.1821015 0.03234671 0.9827475 0.1821015 0.03234671 0.9827475 0.1821015 0.03234671 0.9827475 0.1821015 0.03234671 0.9827475 0.1821015 0.03234671 0.9827475 0.1821015 0.03234671 0.9827475 0.1821015 0.03234671 0.9827475 0.1821015 0.03234671 0.9827475 0.1821015 0.03234671 0.9827475 0.1821015 0.03234671 0.9827475 0.1821015 0.03234671 0.9827475 0.1821015 0.03234671 0.9827475 0.1821015 0.03234671 0.9827475 0.1821015 0.03234671 0.9827475 0.1821015 0.03234671 0.9827475 0.1821015 0.03234671 0.9827475 0.1821015 0.03234671 0.9827475 0.1821015 0.03234671 0.9827475 0.1821015 0.03234671 0.9827475 0.1821015 0.03234671 0.9827475 0.1821015 0.03234671 0.9827475 0.1821015 0.03234671 0.9827475 0.1821015 0.03234671 0.9827475 0.1821015 0.03234671 0.9827475 0.1821015 0.03234671 0.9827475 0.1821015 0.03234671 0.9827475 0.1821015 0.03234671 0.9827475 0.1821015 0.03234671 0.9827475 0.1821015 0.03234671 0.9827475 0.1821015 0.03234671 0.9827475 0.1821015 0.03234671 0.9827475 0.1821015 0.03234671 0.9827475 0.1821015 0.03234671 0.9827475 0.1821015 0.03234671 0.9827475 0.1821015 0.03234671 0.9827475 0.1821015 0.03234671 0.9827475 0.1821015 0.03234671 0.9827475 0.1821015 0.03234671 0.9827475 0.1821015 0.03234671 0.9827475 0.1821015 0.03234671 0.9827475 0.1821015 0.03234671 0.9827475 0.1821015 0.03234671 0.9827475 0.1821015 0.03234671 0.9827475 0.1821015 0.03234671 0.9827475 0.1821015 0.03234671 0.9827475 0.1821015 0.03234671 0.9827475 0.1821015 0.03234671 0.9827475 0.1821015 0.03234671 0.9827475 0.1821015 0.03234671 0.9827475 0.1821015 0.03234671 0.9827475 0.1821015 0.03234671 0.9827475 0.1821015 0.03234671 0.9827475 0.1821015 0.03234671 0.9827475 0.1821015 0.03234671 0.9827475 0.1821015 0.03234671 0.9827475 0.1821015 0.03234671 0.9827475 0.1821015 0.03234671 0.9827475 0.1821015 0.03234671 0.9827475 0.1821015 0.03234671 0.9827475 0.1821015 0.03234671 0.9827475 0.1821015 0.03234671 0.9827475 0.1821015 0.03234671 0.9827475 0.1821015 0.03234671 0.9827475 0.1821015 0.03234671 0.9827475 0.1821015 0.03234671 0.9827475 0.1821015 0.03234671 0.9827475 0.1821015 0.03234671 0.9827475 0.1821015 0.03234671 0.9827475 0.1821015 0.03234671 0.9827475 0.1821015 0.03234671 0.9827475 0.1821015 0.03234671 0.9827475 0.1821015 0.03234671 0.9827475 0.1821015 0.03234671 0.9827475 0.1821015 0.03234671 0.9827475 0.1821015 0.03234671 0.9827475 0.1821015 0.03234671 0.9827475 0.1821015 0.03234671 0.9827475 0.1821015 0.03234671 0.9827475 0.1821015 0.03234671 0.9827475 0.1821015 0.03234671 0.9827475 0.1821015 0.03234671 0.9827475 0.1821015 0.03234671 0.9827475 0.1821015 0.03234671 0.9827475 0.1821015 0.03234671 0.9827475 0.1821015 0.03234671 0.9827475 0.1821015 0.03234671 0.9827475 0.1821015 0.03234671 0.9827475 0.1821015 0.03234671 0.9827475 0.1821015 0.03234671 0.9827475 0.1821015 0.03234671 0.9827475 0.1821015 0.03234671 0.9827475 0.1821015 0.03234671 0.9827475 0.1821015 0.03234671 0.9827475 0.1821015 0.03234671 0.9827475 0.1821015 0.03234671 0.9827475 0.1821015 0.03234671 0.9827475 0.1821015 0.03234671 0.9827475 0.1821015 0.03234671 0.9827475 0.1821015 0.03234671 0.9827475 0.1821015 0.03234671 0.9827475 0.1821015 0.03234671 0.9827475 0.1821015 0.03234671 0.9827475 0.1821015 0.03234671 0.9827475 0.1821015 0.03234671 0.9827475 0.1821015 0.03234671 0.9827475 0.1821015 0.03234671 0.9827475 0.1821015 0.03234671 0.9827475 0.1821015 0.03234671 0.9827475 0.1821015 0.03234671 0.9827475 0.1821015 0.03234671 0.9827475 0.1821015 0.03234671 0.9827475 0.1821015 0.03234671 0.9827475 0.1821015 0.03234671 0.9827475 0.1821015 0.03234671 0.9827475 0.1821015 0.03234671 0.9827475 0.1821015 0.03234671 0.9827475 0.1821015 0.03234671 0.9827475 0.1821015 0.03234671 0.9827475 0.1821015 0.03234671 0.9827475 0.1821015 0.03234671 0.9827475 0.1821015 0.03234671 0.9827475 0.1821015 0.03234671 0.9827475 0.1821015 0.03234671 0.9827475 0.1821015 0.03234671 0.9827475 0.1821015 0.03234671 0.9827475 0.1821015 0.03234671 0.9827475 0.1821015 0.03234671 0.9827475 0.1821015 0.03234671 0.9827475 0.1821015 0.03234671 0.9827475 0.1821015 0.03234671 0.9827475 0.1821015 0.03234671 0.9827475 0.1821015 0.03234671 0.9827475 0.1821015 0.03234671 0.9827475 0.1821015 0.03234671 0.9827475 0.1821015 0.03234671 0.9827475 0.1821015 0.03234671 0.9827475 0.1821015 0.03234671 0.9827475 0.1821015 0.03234671 0.9827475 0.1821015 0.03234671 0.9827475 0.1821015 0.03234671 0.9827475 0.1821015 0.03234671 0.9827475 0.1821015 0.03234671 0.9827475 0.1821015 0.03234671 0.9827475 0.1821015 0.03234671 0.9827475 0.1821015 0.03234671 0.9827475 0.1821015 0.03234671 0.9827475 0.1821015 0.03234671 0.9827475 0.1821015 0.03234671 0.9827475 0.1821015 0.03234671 0.9827475 0.1821015 0.03234671 0.9827475 0.1821015 0.03234671 0.9827475 0.1821015 0.03234671 0.9827475 0.1821015 0.03234671 0.9827475 0.1821015 0.03234671 0.9827475 0.1821015 0.03234671 0.9827475 0.1821015 0.03234671 0.9827475 0.1821015 0.03234671 0.9827475 0.1821015 0.03234671 0.9827475 0.1821015 0.03234671 0.9827475 0.1821015 0.03234671 0.9827475 0.1821015 0.03234671 0.9827475 0.1821015 0.03234671 0.9827475 0.1821015 0.03234671 0.9827475 0.1821015 0.03234671 0.9827475 0.1821015 0.03234671 0.9827475 0.1821015 0.03234671 0.9827475 0.1821015 0.03234671 0.9827475 0.1821015 0.03234671 0.9827475 0.1821015 0.03234671 0.9827475 0.1821015 0.03234671 0.9827475 0.1821015 0.03234671 0.9827475 0.1821015 0.03234671 0.9827475 0.1821015 0.03234671 0.9827475 0.1821015 0.03234671 0.9827475 0.1821015 0.03234671 0.9827475 0.1821015 0.03234671 0.9827475 0.1821015 0.03234671 0.9827475 0.1821015 0.03234671 0.9827475 0.1821015 0.03234671 0.9827475 0.1821015 0.03234671 0.9827475 0.1821015 0.03234671 0.9827475 0.1821015 0.03234671 0.9827475 0.1821015 0.03234671 0.9827475 0.1821015 0.03234671 0.9827475 0.1821015 0.03234671 0.9827475 0.1821015 0.03234671 0.9827475 0.1821015 0.03234671 0.9827475 0.1821015 0.03234671 0.9827475 0.1821015 0.03234671 0.9827475 0.1821015 0.03234671 0.9827475 0.1821015 0.03234671 0.9827475 0.1821015 0.03234671 0.9827475 0.1821015 0.03234671 0.9827475 0.1821015 0.03234671 0.9827475 0.1821015 0.03234671 0.9827475 0.1821015 0.03234671 0.9827475 0.1821015 0.03234671 0.9827475 0.1821015 0.03234671 0.9827475 0.1821015 0.03234671 0.9827475 0.1821015 0.03234671 0.9827475 0.1821015 0.03234671 0.9827475 0.1821015 0.03234671 0.9827475 0.1821015 0.03234671 0.9827475 0.1821015 0.03234671 0.9827475 0.1821015 0.03234671 0.9827475 0.1821015 0.03234671 0.9827475 0.1821015 0.03234671 0.9827475 0.1821015 0.03234671 0.9827475 0.1821015 0.03234671 0.9827475 0.1821015 0.03234671 0.9827475 0.1821015 0.03234671 0.9827475 0.1821015 0.03234671 0.9827475 0.1821015 0.03234671 0.9827475 0.1821015 0.03234671 0.9827475 0.1821015 0.03234671 0.9827475 0.1821015 0.03234671 0.9827475 0.1821015 0.03234671 0.9827475 0.1821015 0.03234671 0.9827475 0.1821015 0.03234671 0.9827475 0.1821015 0.03234671 0.9827475 0.1821015 0.03234671 0.9827475 0.1821015 0.03234671 0.9827475 0.1821015 0.03234671 0.9827475 0.1821015 0.03234671 0.9827475 0.1821015 0.03234671 0.9827475 0.1821015 0.03234671 0.9827475 0.1821015 0.03234671 0.9827475 0.1821015 0.03234671 0.9827475 0.1821015 0.03234671 0.9827475 0.1821015 0.03234671 0.9827475 0.1821015 0.03234671 0.9827475 0.1821015 0.03234671 0.9827475 0.1821015 0.03234671 0.9827475 0.1821015 0.03234671 0.9827475 0.1821015 0.03234671 0.9827475 0.1821015 0.03234671 0.9827475 0.1821015 0.03234671 0.9827475 0.1821015 0.03234671 0.9827475 0.1821015 0.03234671 0.9827475 0.1821015 0.03234671 0.9827475 0.1821015 0.03234671 0.9827475 0.1821015 0.03234671 0.9827475 0.1821015 0.03234671 0.9827475 0.1821015 -0.9990064 0.02620184 0.03605013 -0.9990064 0.02620184 0.03605013 -0.9570406 -0.02207154 0.2891128 -0.9570406 -0.02207154 0.2891128 -0.84989 -0.06883444 0.522445 -0.84989 -0.06883444 0.522445 -0.6846644 -0.110947 0.7203648 -0.6846644 -0.110947 0.7203648 -0.4729862 -0.1454526 0.8689808 -0.4729862 -0.1454526 0.8689808 0.2289845 0.170064 -0.9584593 0.2289845 0.170064 -0.9584593 -0.03234671 -0.9827475 -0.1821015 -0.03234671 -0.9827475 -0.1821015 -0.03234671 -0.9827475 -0.1821015 -0.03234671 -0.9827475 -0.1821015 -0.03234671 -0.9827475 -0.1821015 -0.03234671 -0.9827475 -0.1821015 -0.03234671 -0.9827475 -0.1821015 -0.03234671 -0.9827475 -0.1821015 -0.03234671 -0.9827475 -0.1821015 -0.03234671 -0.9827475 -0.1821015 -0.03234671 -0.9827475 -0.1821015 -0.03234671 -0.9827475 -0.1821015 -0.03234671 -0.9827475 -0.1821015 -0.03234671 -0.9827475 -0.1821015 -0.03234671 -0.9827475 -0.1821015 -0.03234671 -0.9827475 -0.1821015 -0.03234671 -0.9827475 -0.1821015 -0.03234671 -0.9827475 -0.1821015 -0.03234671 -0.9827475 -0.1821015 -0.03234671 -0.9827475 -0.1821015 -0.03234671 -0.9827475 -0.1821015 -0.03234671 -0.9827475 -0.1821015 -0.03234671 -0.9827475 -0.1821015 -0.03234671 -0.9827475 -0.1821015 -0.03234671 -0.9827475 -0.1821015 -0.03234671 -0.9827475 -0.1821015 -0.03234671 -0.9827475 -0.1821015 -0.03234671 -0.9827475 -0.1821015 -0.03234671 -0.9827475 -0.1821015 -0.03234671 -0.9827475 -0.1821015 -0.03234671 -0.9827475 -0.1821015 -0.03234671 -0.9827475 -0.1821015 -0.03234671 -0.9827475 -0.1821015 -0.03234671 -0.9827475 -0.1821015 -0.03234671 -0.9827475 -0.1821015 -0.03234671 -0.9827475 -0.1821015 -0.03234671 -0.9827475 -0.1821015 -0.03234671 -0.9827475 -0.1821015 -0.03234671 -0.9827475 -0.1821015 -0.03234671 -0.9827475 -0.1821015 -0.03234671 -0.9827475 -0.1821015 -0.03234671 -0.9827475 -0.1821015 -0.03234671 -0.9827475 -0.1821015 -0.03234671 -0.9827475 -0.1821015 -0.03234671 -0.9827475 -0.1821015 -0.03234671 -0.9827475 -0.1821015 -0.03234671 -0.9827475 -0.1821015 -0.03234671 -0.9827475 -0.1821015 -0.03234671 -0.9827475 -0.1821015 -0.03234671 -0.9827475 -0.1821015 -0.03234671 -0.9827475 -0.1821015 -0.03234671 -0.9827475 -0.1821015 -0.03234671 -0.9827475 -0.1821015 -0.03234671 -0.9827475 -0.1821015 -0.03234671 -0.9827475 -0.1821015 -0.03234671 -0.9827475 -0.1821015 -0.03234671 -0.9827475 -0.1821015 -0.03234671 -0.9827475 -0.1821015 -0.03234671 -0.9827475 -0.1821015 -0.03234671 -0.9827475 -0.1821015 -0.03234671 -0.9827475 -0.1821015 -0.03234671 -0.9827475 -0.1821015 -0.03234671 -0.9827475 -0.1821015 -0.03234671 -0.9827475 -0.1821015 -0.03234671 -0.9827475 -0.1821015 -0.03234671 -0.9827475 -0.1821015 -0.03234671 -0.9827475 -0.1821015 -0.03234671 -0.9827475 -0.1821015 -0.03234671 -0.9827475 -0.1821015 -0.03234671 -0.9827475 -0.1821015 -0.03234671 -0.9827475 -0.1821015 -0.03234671 -0.9827475 -0.1821015 -0.03234671 -0.9827475 -0.1821015 -0.03234671 -0.9827475 -0.1821015 -0.03234671 -0.9827475 -0.1821015 -0.03234671 -0.9827475 -0.1821015 -0.03234671 -0.9827475 -0.1821015 -0.03234671 -0.9827475 -0.1821015 -0.03234671 -0.9827475 -0.1821015 -0.03234671 -0.9827475 -0.1821015 -0.03234671 -0.9827475 -0.1821015 -0.03234671 -0.9827475 -0.1821015 -0.03234671 -0.9827475 -0.1821015 -0.03234671 -0.9827475 -0.1821015 -0.03234671 -0.9827475 -0.1821015 -0.03234671 -0.9827475 -0.1821015 -0.03234671 -0.9827475 -0.1821015 -0.03234671 -0.9827475 -0.1821015 -0.03234671 -0.9827475 -0.1821015 -0.03234671 -0.9827475 -0.1821015 -0.03234671 -0.9827475 -0.1821015 -0.03234671 -0.9827475 -0.1821015 -0.03234671 -0.9827475 -0.1821015 -0.03234671 -0.9827475 -0.1821015 -0.03234671 -0.9827475 -0.1821015 -0.03234671 -0.9827475 -0.1821015 -0.03234671 -0.9827475 -0.1821015 -0.03234671 -0.9827475 -0.1821015 -0.03234671 -0.9827475 -0.1821015 -0.03234671 -0.9827475 -0.1821015 -0.03234671 -0.9827475 -0.1821015 -0.03234671 -0.9827475 -0.1821015 -0.03234671 -0.9827475 -0.1821015 -0.03234671 -0.9827475 -0.1821015 -0.03234671 -0.9827475 -0.1821015 -0.03234671 -0.9827475 -0.1821015 -0.03234671 -0.9827475 -0.1821015 -0.03234671 -0.9827475 -0.1821015 -0.03234671 -0.9827475 -0.1821015 -0.03234671 -0.9827475 -0.1821015 -0.03234671 -0.9827475 -0.1821015 -0.03234671 -0.9827475 -0.1821015 -0.03234671 -0.9827475 -0.1821015 -0.03234671 -0.9827475 -0.1821015 -0.03234671 -0.9827475 -0.1821015 -0.03234671 -0.9827475 -0.1821015 -0.03234671 -0.9827475 -0.1821015 -0.03234671 -0.9827475 -0.1821015 -0.03234671 -0.9827475 -0.1821015 -0.03234671 -0.9827475 -0.1821015 -0.03234671 -0.9827475 -0.1821015 -0.03234671 -0.9827475 -0.1821015 -0.03234671 -0.9827475 -0.1821015 -0.03234671 -0.9827475 -0.1821015 -0.03234671 -0.9827475 -0.1821015 -0.03234671 -0.9827475 -0.1821015 -0.03234671 -0.9827475 -0.1821015 -0.03234671 -0.9827475 -0.1821015 -0.03234671 -0.9827475 -0.1821015 -0.03234671 -0.9827475 -0.1821015 -0.03234671 -0.9827475 -0.1821015 -0.03234671 -0.9827475 -0.1821015 -0.03234671 -0.9827475 -0.1821015 -0.03234671 -0.9827475 -0.1821015 -0.03234671 -0.9827475 -0.1821015 -0.03234671 -0.9827475 -0.1821015 -0.03234671 -0.9827475 -0.1821015 -0.03234671 -0.9827475 -0.1821015 -0.03234671 -0.9827475 -0.1821015 -0.03234671 -0.9827475 -0.1821015 -0.03234671 -0.9827475 -0.1821015 -0.03234671 -0.9827475 -0.1821015 -0.03234671 -0.9827475 -0.1821015 -0.03234671 -0.9827475 -0.1821015 -0.03234671 -0.9827475 -0.1821015 -0.03234671 -0.9827475 -0.1821015 -0.03234671 -0.9827475 -0.1821015 -0.03234671 -0.9827475 -0.1821015 -0.03234671 -0.9827475 -0.1821015 -0.03234671 -0.9827475 -0.1821015 -0.03234671 -0.9827475 -0.1821015 -0.03234671 -0.9827475 -0.1821015 -0.03234671 -0.9827475 -0.1821015 -0.03234671 -0.9827475 -0.1821015 -0.03234671 -0.9827475 -0.1821015 -0.03234671 -0.9827475 -0.1821015 -0.03234671 -0.9827475 -0.1821015 -0.03234671 -0.9827475 -0.1821015 -0.03234671 -0.9827475 -0.1821015 -0.03234671 -0.9827475 -0.1821015 -0.03234671 -0.9827475 -0.1821015 -0.03234671 -0.9827475 -0.1821015 -0.03234671 -0.9827475 -0.1821015 -0.03234671 -0.9827475 -0.1821015 -0.03234671 -0.9827475 -0.1821015 -0.03234671 -0.9827475 -0.1821015 -0.03234671 -0.9827475 -0.1821015 -0.03234671 -0.9827475 -0.1821015 -0.03234671 -0.9827475 -0.1821015 -0.03234671 -0.9827475 -0.1821015 -0.03234671 -0.9827475 -0.1821015 -0.03234671 -0.9827475 -0.1821015 -0.03234671 -0.9827475 -0.1821015 -0.03234671 -0.9827475 -0.1821015 -0.03234671 -0.9827475 -0.1821015 -0.03234671 -0.9827475 -0.1821015 -0.03234671 -0.9827475 -0.1821015 -0.03234671 -0.9827475 -0.1821015 -0.03234671 -0.9827475 -0.1821015 -0.03234671 -0.9827475 -0.1821015 -0.03234671 -0.9827475 -0.1821015 -0.03234671 -0.9827475 -0.1821015 -0.03234671 -0.9827475 -0.1821015 -0.03234671 -0.9827475 -0.1821015 -0.03234671 -0.9827475 -0.1821015 -0.03234671 -0.9827475 -0.1821015 -0.03234671 -0.9827475 -0.1821015 -0.03234671 -0.9827475 -0.1821015 -0.03234671 -0.9827475 -0.1821015 -0.03234671 -0.9827475 -0.1821015 -0.03234671 -0.9827475 -0.1821015 -0.03234671 -0.9827475 -0.1821015 -0.03234671 -0.9827475 -0.1821015 -0.03234671 -0.9827475 -0.1821015 -0.03234671 -0.9827475 -0.1821015 -0.03234671 -0.9827475 -0.1821015 -0.03234671 -0.9827475 -0.1821015 -0.03234671 -0.9827475 -0.1821015 -0.03234671 -0.9827475 -0.1821015 -0.03234671 -0.9827475 -0.1821015 -0.03234671 -0.9827475 -0.1821015 -0.03234671 -0.9827475 -0.1821015 -0.03234671 -0.9827475 -0.1821015 -0.03234671 -0.9827475 -0.1821015 -0.03234671 -0.9827475 -0.1821015 -0.03234671 -0.9827475 -0.1821015 -0.03234671 -0.9827475 -0.1821015 -0.03234671 -0.9827475 -0.1821015 -0.03234671 -0.9827475 -0.1821015 -0.03234671 -0.9827475 -0.1821015 -0.03234671 -0.9827475 -0.1821015 -0.03234671 -0.9827475 -0.1821015 -0.03234671 -0.9827475 -0.1821015 -0.03234671 -0.9827475 -0.1821015 -0.03234671 -0.9827475 -0.1821015 -0.03234671 -0.9827475 -0.1821015 -0.03234671 -0.9827475 -0.1821015 -0.03234671 -0.9827475 -0.1821015 -0.03234671 -0.9827475 -0.1821015 -0.03234671 -0.9827475 -0.1821015 -0.03234671 -0.9827475 -0.1821015 -0.03234671 -0.9827475 -0.1821015 -0.03234671 -0.9827475 -0.1821015 -0.03234671 -0.9827475 -0.1821015 -0.03234671 -0.9827475 -0.1821015 -0.03234671 -0.9827475 -0.1821015 -0.03234671 -0.9827475 -0.1821015 -0.03234671 -0.9827475 -0.1821015 -0.03234671 -0.9827475 -0.1821015 -0.03234671 -0.9827475 -0.1821015 -0.03234671 -0.9827475 -0.1821015 -0.03234671 -0.9827475 -0.1821015 -0.03234671 -0.9827475 -0.1821015 -0.03234671 -0.9827475 -0.1821015 -0.03234671 -0.9827475 -0.1821015 -0.03234671 -0.9827475 -0.1821015 -0.03234671 -0.9827475 -0.1821015 -0.03234671 -0.9827475 -0.1821015 -0.03234671 -0.9827475 -0.1821015 -0.03234671 -0.9827475 -0.1821015 -0.03234671 -0.9827475 -0.1821015 -0.03234671 -0.9827475 -0.1821015 -0.03234671 -0.9827475 -0.1821015 -0.03234671 -0.9827475 -0.1821015 -0.03234671 -0.9827475 -0.1821015 -0.03234671 -0.9827475 -0.1821015 -0.03234671 -0.9827475 -0.1821015 -0.03234671 -0.9827475 -0.1821015 -0.03234671 -0.9827475 -0.1821015 -0.03234671 -0.9827475 -0.1821015 -0.03234671 -0.9827475 -0.1821015 -0.03234671 -0.9827475 -0.1821015 -0.03234671 -0.9827475 -0.1821015 -0.03234671 -0.9827475 -0.1821015 -0.03234671 -0.9827475 -0.1821015 -0.03234671 -0.9827475 -0.1821015 -0.03234671 -0.9827475 -0.1821015 -0.03234671 -0.9827475 -0.1821015 -0.03234671 -0.9827475 -0.1821015 -0.03234671 -0.9827475 -0.1821015 -0.03234671 -0.9827475 -0.1821015 -0.03234671 -0.9827475 -0.1821015 -0.03234671 -0.9827475 -0.1821015 -0.03234671 -0.9827475 -0.1821015 -0.03234671 -0.9827475 -0.1821015 -0.03234671 -0.9827475 -0.1821015 -0.03234671 -0.9827475 -0.1821015 -0.03234671 -0.9827475 -0.1821015 -0.03234671 -0.9827475 -0.1821015 -0.03234671 -0.9827475 -0.1821015 -0.03234671 -0.9827475 -0.1821015 -0.03234671 -0.9827475 -0.1821015 -0.03234671 -0.9827475 -0.1821015 -0.03234671 -0.9827475 -0.1821015 -0.03234671 -0.9827475 -0.1821015 -0.03234671 -0.9827475 -0.1821015 -0.03234671 -0.9827475 -0.1821015 -0.03234671 -0.9827475 -0.1821015 -0.03234671 -0.9827475 -0.1821015 -0.03234671 -0.9827475 -0.1821015 -0.03234671 -0.9827475 -0.1821015 -0.03234671 -0.9827475 -0.1821015 -0.03234671 -0.9827475 -0.1821015 -0.03234671 -0.9827475 -0.1821015 -0.03234671 -0.9827475 -0.1821015 -0.03234671 -0.9827475 -0.1821015 -0.03234671 -0.9827475 -0.1821015 -0.03234671 -0.9827475 -0.1821015 -0.03234671 -0.9827475 -0.1821015 -0.03234671 -0.9827475 -0.1821015 -0.03234671 -0.9827475 -0.1821015 -0.03234671 -0.9827475 -0.1821015 -0.03234671 -0.9827475 -0.1821015 -0.03234671 -0.9827475 -0.1821015 -0.03234671 -0.9827475 -0.1821015 -0.03234671 -0.9827475 -0.1821015 -0.03234671 -0.9827475 -0.1821015 -0.03234671 -0.9827475 -0.1821015 -0.03234671 -0.9827475 -0.1821015 -0.03234671 -0.9827475 -0.1821015 -0.03234671 -0.9827475 -0.1821015 -0.03234671 -0.9827475 -0.1821015 -0.03234671 -0.9827475 -0.1821015 -0.03234671 -0.9827475 -0.1821015 -0.03234671 -0.9827475 -0.1821015 -0.03234671 -0.9827475 -0.1821015 -0.03234671 -0.9827475 -0.1821015 -0.03234671 -0.9827475 -0.1821015 -0.03234671 -0.9827475 -0.1821015 -0.2289845 -0.170064 0.9584593 -0.2289845 -0.170064 0.9584593 -0.2289845 -0.170064 0.9584593 -0.2289845 -0.170064 0.9584593 -0.2289845 -0.170064 0.9584593 -0.2289845 -0.170064 0.9584593 -0.2289845 -0.170064 0.9584593 -0.2289845 -0.170064 0.9584593 -0.9857914 0.06141703 -0.1563431 -0.9857914 0.06141703 -0.1563431 -0.9990078 0.02620975 0.03600767 -0.9990078 0.02620975 0.03600767 -0.9570523 -0.02206405 0.2890744 -0.9570523 -0.02206405 0.2890744 -0.8498505 -0.06884734 0.5225076 -0.8498505 -0.06884734 0.5225076 -0.6847413 -0.1109313 0.7202941 -0.6847413 -0.1109313 0.7202941 -0.4729783 -0.1454536 0.8689849 -0.4729783 -0.1454536 0.8689849 -0.228992 -0.1700635 0.9584577 -0.228992 -0.1700635 0.9584577 0.03062804 -0.1830859 0.9826197 0.03062804 -0.1830859 0.9826197 0.2881464 -0.1836303 0.9398146 0.2881464 -0.1836303 0.9398146 0.5260144 -0.1716617 0.8329712 0.5260144 -0.1716617 0.8329712 0.7280449 -0.1479953 0.6693639 0.7280449 -0.1479953 0.6693639 0.8804818 -0.1142383 0.4601102 0.8804818 -0.1142383 0.4601102 0.9558401 -0.08366456 0.2817267 0.9558401 -0.08366456 0.2817267 0.03234671 0.9827475 0.1821015 0.03234671 0.9827475 0.1821015 0.03234671 0.9827475 0.1821015 0.03234671 0.9827475 0.1821015 0.03234671 0.9827475 0.1821015 0.03234671 0.9827475 0.1821015 0.03234671 0.9827475 0.1821015 0.03234671 0.9827475 0.1821015 0.03234671 0.9827475 0.1821015 0.03234671 0.9827475 0.1821015 0.03234671 0.9827475 0.1821015 0.03234671 0.9827475 0.1821015 0.03234671 0.9827475 0.1821015 0.03234671 0.9827475 0.1821015 0.03234671 0.9827475 0.1821015 0.03234671 0.9827475 0.1821015 0.03234671 0.9827475 0.1821015 0.03234671 0.9827475 0.1821015 0.03234671 0.9827475 0.1821015 0.03234671 0.9827475 0.1821015 0.03234671 0.9827475 0.1821015 0.03234671 0.9827475 0.1821015 0.03234671 0.9827475 0.1821015 0.03234671 0.9827475 0.1821015 0.03234671 0.9827475 0.1821015 0.03234671 0.9827475 0.1821015 0.03234671 0.9827475 0.1821015 0.03234671 0.9827475 0.1821015 0.03234671 0.9827475 0.1821015 0.03234671 0.9827475 0.1821015 0.03234671 0.9827475 0.1821015 0.03234671 0.9827475 0.1821015 0.03234671 0.9827475 0.1821015 0.03234671 0.9827475 0.1821015 0.03234671 0.9827475 0.1821015 0.03234671 0.9827475 0.1821015 0.03234671 0.9827475 0.1821015 0.03234671 0.9827475 0.1821015 0.03234671 0.9827475 0.1821015 0.03234671 0.9827475 0.1821015 0.03234671 0.9827475 0.1821015 0.03234671 0.9827475 0.1821015 0.03234671 0.9827475 0.1821015 0.03234671 0.9827475 0.1821015 0.03234671 0.9827475 0.1821015 0.03234671 0.9827475 0.1821015 0.03234671 0.9827475 0.1821015 0.03234671 0.9827475 0.1821015 0.03234671 0.9827475 0.1821015 0.03234671 0.9827475 0.1821015 0.03234671 0.9827475 0.1821015 0.03234671 0.9827475 0.1821015 -0.9990078 0.02620975 0.03600767 -0.9990078 0.02620975 0.03600767 -0.9570523 -0.02206405 0.2890744 -0.9570523 -0.02206405 0.2890744 -0.8498505 -0.06884734 0.5225076 -0.8498505 -0.06884734 0.5225076 -0.6847413 -0.1109313 0.7202941 -0.6847413 -0.1109313 0.7202941 -0.4729783 -0.1454536 0.8689849 -0.4729783 -0.1454536 0.8689849 -0.228992 -0.1700635 0.9584577 -0.228992 -0.1700635 0.9584577 0.03062804 -0.1830859 0.9826197 0.03062804 -0.1830859 0.9826197 0.2881464 -0.1836303 0.9398146 0.2881464 -0.1836303 0.9398146 0.5260144 -0.1716617 0.8329712 0.5260144 -0.1716617 0.8329712 0.7280449 -0.1479953 0.6693639 0.7280449 -0.1479953 0.6693639 0.8804818 -0.1142383 0.4601102 0.8804818 -0.1142383 0.4601102 0.9558401 -0.08366456 0.2817267 0.9558401 -0.08366456 0.2817267 0.03234671 0.9827475 0.1821015 0.03234671 0.9827475 0.1821015 0.03234671 0.9827475 0.1821015 0.03234671 0.9827475 0.1821015 0.03234671 0.9827475 0.1821015 0.03234671 0.9827475 0.1821015 0.03234671 0.9827475 0.1821015 0.03234671 0.9827475 0.1821015 0.03234671 0.9827475 0.1821015 0.03234671 0.9827475 0.1821015 0.03234671 0.9827475 0.1821015 0.03234671 0.9827475 0.1821015 0.03234671 0.9827475 0.1821015 0.03234671 0.9827475 0.1821015 0.03234671 0.9827475 0.1821015 0.03234671 0.9827475 0.1821015 0.03234671 0.9827475 0.1821015 0.03234671 0.9827475 0.1821015 0.03234671 0.9827475 0.1821015 0.03234671 0.9827475 0.1821015 0.03234671 0.9827475 0.1821015 0.03234671 0.9827475 0.1821015 0.03234671 0.9827475 0.1821015 0.03234671 0.9827475 0.1821015 0.03234671 0.9827475 0.1821015 0.03234671 0.9827475 0.1821015 0.03234671 0.9827475 0.1821015 0.03234671 0.9827475 0.1821015 0.03234671 0.9827475 0.1821015 0.03234671 0.9827475 0.1821015 0.03234671 0.9827475 0.1821015 0.03234671 0.9827475 0.1821015 0.03234671 0.9827475 0.1821015 0.03234671 0.9827475 0.1821015 0.03234671 0.9827475 0.1821015 0.03234671 0.9827475 0.1821015 0.03234671 0.9827475 0.1821015 0.03234671 0.9827475 0.1821015 0.03234671 0.9827475 0.1821015 0.03234671 0.9827475 0.1821015 0.03234671 0.9827475 0.1821015 0.03234671 0.9827475 0.1821015 0.03234671 0.9827475 0.1821015 0.03234671 0.9827475 0.1821015 0.03234671 0.9827475 0.1821015 0.03234671 0.9827475 0.1821015 0.03234671 0.9827475 0.1821015 0.03234671 0.9827475 0.1821015 0.03234671 0.9827475 0.1821015 0.03234671 0.9827475 0.1821015 0.03234671 0.9827475 0.1821015</float_array>
          <technique_common>
            <accessor count="1979" source="#normals-array-array" stride="3">
              <param type="float" name="X"/>
              <param type="float" name="Y"/>
              <param type="float" name="Z"/>
            </accessor>
          </technique_common>
        </source>
        <vertices id="verts-array-vertices">
          <input semantic="POSITION" source="#verts-array"/>
        </vertices>
        <triangles count="2028" material="material2">
          <input offset="0" semantic="VERTEX" source="#verts-array-vertices"/>
          <input offset="1" semantic="NORMAL" source="#normals-array"/>
          <p>0 0 1 1 2 2 3 3 2 2 1 1 2 2 3 3 4 4 5 5 4 4 3 3 4 4 5 5 6 6 7 7 6 6 5 5 6 6 7 7 8 8 9 9 8 8 7 7 8 8 9 9 10 10 11 11 10 10 9 9 10 10 11 11 12 12 13 13 12 12 11 11 12 12 13 13 14 14 15 15 14 14 13 13 14 14 15 15 16 16 17 17 16 16 15 15 16 16 17 17 18 18 19 19 18 18 17 17 18 18 19 19 20 20 21 21 20 20 19 19 20 20 21 21 22 22 23 23 22 22 21 21 22 22 23 23 24 24 25 25 24 24 23 23 24 24 25 25 26 26 27 27 26 26 25 25 26 26 27 27 28 28 29 29 28 28 27 27 28 28 29 29 30 30 31 31 30 30 29 29 30 30 31 31 32 32 33 33 32 32 31 31 32 32 33 33 34 34 35 35 34 34 33 33 34 34 35 35 36 36 37 37 36 36 35 35 36 36 37 37 38 38 39 39 38 38 37 37 38 38 39 39 40 40 41 41 40 40 39 39 40 40 41 41 42 42 43 43 42 42 41 41 42 42 43 43 44 44 45 45 44 44 43 43 44 44 45 45 46 46 47 47 46 46 45 45 46 46 47 47 0 0 1 1 0 0 47 47 48 48 49 49 50 50 51 51 50 50 49 49 50 50 51 51 52 52 53 53 52 52 51 51 52 52 53 53 54 54 55 55 56 56 57 57 58 58 57 57 56 56 57 57 58 58 59 59 60 60 59 59 58 58 59 59 60 60 61 61 62 62 61 61 60 60 61 61 62 62 63 63 64 64 63 63 62 62 63 63 64 64 65 65 66 66 65 65 64 64 65 65 66 66 67 67 68 68 67 67 66 66 67 67 68 68 69 69 70 70 69 69 68 68 69 69 70 70 71 71 72 72 71 71 70 70 71 71 72 72 48 48 73 73 48 48 72 72 48 48 73 73 49 49 74 74 75 75 76 76 77 77 76 76 75 75 76 76 77 77 78 78 79 79 78 78 77 77 78 78 79 79 55 55 80 80 55 55 79 79 55 55 80 80 56 56 53 53 81 81 54 54 82 82 54 54 81 81 54 54 82 82 83 83 84 84 83 83 82 82 83 83 84 84 85 85 86 86 85 85 84 84 85 85 86 86 87 87 88 88 87 87 86 86 87 87 88 88 89 89 90 90 89 89 88 88 89 89 90 90 91 91 92 92 91 91 90 90 91 91 92 92 93 93 94 94 93 93 92 92 93 93 94 94 95 95 96 96 95 95 94 94 95 95 96 96 97 97 98 98 97 97 96 96 97 97 98 98 74 74 99 99 74 74 98 98 74 74 99 99 75 75 100 100 101 101 102 102 103 103 102 102 101 101 102 102 103 103 104 104 105 105 104 104 103 103 104 104 105 105 106 106 107 107 106 106 105 105 106 106 107 107 108 108 109 109 108 108 107 107 108 108 109 109 110 110 111 111 110 110 109 109 110 110 111 111 112 112 113 113 112 112 111 111 112 112 113 113 114 114 115 115 114 114 113 113 114 114 115 115 116 116 117 117 116 116 115 115 116 116 117 117 118 118 119 119 118 118 117 117 118 118 119 119 120 120 121 121 120 120 119 119 120 120 121 121 122 122 123 123 122 122 121 121 122 122 123 123 124 124 125 125 124 124 123 123 124 124 125 125 126 126 127 127 126 126 125 125 126 126 127 127 128 128 129 129 128 128 127 127 128 128 129 129 130 130 131 131 130 130 129 129 130 130 131 131 132 132 133 133 132 132 131 131 132 132 133 133 134 134 135 135 134 134 133 133 134 134 135 135 136 136 137 137 136 136 135 135 136 136 137 137 138 138 139 139 138 138 137 137 138 138 139 139 140 140 141 141 140 140 139 139 140 140 141 141 142 142 143 143 142 142 141 141 142 142 143 143 144 144 145 145 144 144 143 143 144 144 145 145 146 146 147 147 146 146 145 145 146 146 147 147 100 100 101 101 100 100 147 147 148 148 149 149 150 150 151 151 150 150 149 149 150 150 151 151 152 152 153 153 152 152 151 151 152 152 153 153 154 154 155 155 154 154 153 153 154 154 155 155 156 156 157 157 156 156 155 155 156 156 157 157 158 158 159 159 158 158 157 157 158 158 159 159 160 160 161 161 160 160 159 159 160 160 161 161 162 162 163 163 162 162 161 161 162 162 163 163 164 164 165 165 164 164 163 163 164 164 165 165 166 166 167 167 166 166 165 165 168 168 169 169 170 170 168 168 170 170 171 171 172 172 171 171 170 170 171 171 172 172 173 173 174 174 173 173 172 172 173 173 174 174 175 175 176 176 175 175 174 174 175 175 176 176 177 177 178 178 177 177 176 176 177 177 178 178 179 179 180 180 179 179 178 178 179 179 180 180 181 181 182 182 183 183 184 184 185 185 184 184 183 183 184 184 185 185 186 186 187 187 186 186 185 185 186 186 187 187 188 188 189 189 188 188 187 187 188 188 189 189 190 190 191 191 190 190 189 189 190 190 191 191 192 192 193 193 192 192 191 191 192 192 193 193 194 194 195 195 194 194 193 193 194 194 195 195 196 196 197 197 196 196 195 195 196 196 197 197 198 198 199 199 198 198 197 197 198 198 199 199 200 200 201 201 200 200 199 199 200 200 201 201 202 202 203 203 202 202 201 201 202 202 203 203 204 204 205 205 204 204 203 203 204 204 205 205 206 206 207 207 206 206 205 205 206 206 207 207 208 208 209 209 208 208 207 207 208 208 209 209 210 210 211 211 210 210 209 209 210 210 211 211 212 212 213 213 212 212 211 211 212 212 213 213 214 214 215 215 214 214 213 213 214 214 215 215 216 216 217 217 216 216 215 215 216 216 217 217 218 218 219 219 218 218 217 217 218 218 219 219 220 220 221 221 220 220 219 219 220 220 221 221 222 222 223 223 222 222 221 221 222 222 223 223 224 224 225 225 224 224 223 223 224 224 225 225 226 226 227 227 226 226 225 225 226 226 227 227 228 228 229 229 228 228 227 227 228 228 229 229 230 230 231 231 230 230 229 229 230 230 231 231 232 232 233 233 232 232 231 231 232 232 233 233 234 234 235 235 234 234 233 233 234 234 235 235 236 236 237 237 236 236 235 235 236 236 237 237 182 182 183 183 182 182 237 237 238 238 239 239 240 240 241 241 240 240 239 239 240 240 241 241 242 242 243 243 242 242 241 241 242 242 243 243 244 244 245 245 246 246 247 247 248 248 247 247 246 246 247 247 248 248 249 249 250 250 249 249 248 248 249 249 250 250 238 238 251 251 238 238 250 250 238 238 251 251 239 239 252 252 253 253 254 254 255 255 254 254 253 253 254 254 255 255 256 256 257 257 256 256 255 255 256 256 257 257 245 245 258 258 245 245 257 257 245 245 258 258 246 246 259 259 260 260 261 261 262 262 263 263 264 264 265 265 264 264 263 263 264 264 265 265 266 266 267 267 266 266 265 265 266 266 267 267 252 252 268 268 252 252 267 267 252 252 268 268 253 253 259 259 269 269 260 260 270 270 260 260 269 269 260 260 270 270 271 271 272 272 271 271 270 270 271 271 272 272 273 273 274 274 273 273 272 272 273 273 274 274 262 262 275 275 262 262 274 274 262 262 275 275 263 263 276 276 277 277 278 278 279 279 278 278 277 277 278 278 279 279 280 280 281 281 280 280 279 279 280 280 281 281 261 261 282 282 261 261 281 281 261 261 282 282 259 259 283 283 284 284 285 285 286 286 285 285 284 284 285 285 286 286 287 287 288 288 287 287 286 286 287 287 288 288 276 276 289 289 276 276 288 288 276 276 289 289 277 277 290 290 291 291 292 292 293 293 292 292 291 291 292 292 293 293 294 294 295 295 294 294 293 293 294 294 295 295 283 283 296 296 283 283 295 295 283 283 296 296 284 284 243 243 297 297 244 244 298 298 244 244 297 297 244 244 298 298 299 299 300 300 299 299 298 298 299 299 300 300 301 301 302 302 301 301 300 300 301 301 302 302 290 290 303 303 290 290 302 302 290 290 303 303 291 291 304 304 305 305 306 306 307 307 306 306 305 305 306 306 307 307 308 308 309 309 308 308 307 307 308 308 309 309 310 310 311 311 310 310 309 309 310 310 311 311 312 312 313 313 312 312 311 311 312 312 313 313 314 314 315 315 314 314 313 313 314 314 315 315 316 316 317 317 316 316 315 315 316 316 317 317 318 318 319 319 320 320 321 321 322 322 321 321 320 320 321 321 322 322 323 323 324 324 323 323 322 322 323 323 324 324 325 325 326 326 325 325 324 324 325 325 326 326 327 327 328 328 327 327 326 326 327 327 328 328 329 329 330 330 329 329 328 328 329 329 330 330 304 304 331 331 304 304 330 330 304 304 331 331 305 305 332 332 333 333 334 334 335 335 334 334 333 333 334 334 335 335 336 336 337 337 336 336 335 335 336 336 337 337 338 338 339 339 338 338 337 337 338 338 339 339 340 340 341 341 340 340 339 339 340 340 341 341 319 319 342 342 319 319 341 341 319 319 342 342 320 320 317 317 343 343 318 318 344 344 318 318 343 343 318 318 344 344 345 345 346 346 345 345 344 344 345 345 346 346 347 347 348 348 347 347 346 346 347 347 348 348 349 349 350 350 349 349 348 348 349 349 350 350 351 351 352 352 351 351 350 350 351 351 352 352 353 353 354 354 353 353 352 352 353 353 354 354 332 332 355 355 332 332 354 354 332 332 355 355 333 333 356 356 357 357 358 358 359 359 358 358 357 357 358 358 359 359 360 360 361 361 360 360 359 359 360 360 361 361 362 362 363 363 362 362 361 361 362 362 363 363 364 364 365 365 364 364 363 363 364 364 365 365 366 366 367 367 366 366 365 365 366 366 367 367 368 368 369 369 368 368 367 367 368 368 369 369 370 370 371 371 370 370 369 369 370 370 371 371 372 372 373 373 372 372 371 371 372 372 373 373 374 374 375 375 374 374 373 373 374 374 375 375 376 376 377 377 376 376 375 375 376 376 377 377 378 378 379 379 378 378 377 377 378 378 379 379 380 380 381 381 380 380 379 379 380 380 381 381 382 382 383 383 382 382 381 381 382 382 383 383 384 384 385 385 384 384 383 383 384 384 385 385 386 386 387 387 386 386 385 385 386 386 387 387 388 388 389 389 388 388 387 387 388 388 389 389 390 390 391 391 390 390 389 389 390 390 391 391 392 392 393 393 392 392 391 391 392 392 393 393 394 394 395 395 394 394 393 393 394 394 395 395 396 396 397 397 396 396 395 395 396 396 397 397 398 398 399 399 398 398 397 397 398 398 399 399 400 400 401 401 400 400 399 399 400 400 401 401 402 402 403 403 402 402 401 401 402 402 403 403 356 356 357 357 356 356 403 403 404 404 405 405 406 406 404 404 406 406 407 407 408 408 407 407 406 406 407 407 408 408 409 409 410 410 409 409 408 408 409 409 410 410 411 411 412 412 411 411 410 410 411 411 412 412 413 413 414 414 413 413 412 412 413 413 414 414 415 415 416 416 415 415 414 414 415 415 416 416 417 417 418 418 419 419 420 420 421 421 420 420 419 419 420 420 421 421 422 422 423 423 422 422 421 421 422 422 423 423 424 424 425 425 424 424 423 423 424 424 425 425 426 426 427 427 426 426 425 425 426 426 427 427 428 428 429 429 428 428 427 427 428 428 429 429 430 430 431 431 430 430 429 429 430 430 431 431 432 432 433 433 432 432 431 431 432 432 433 433 434 434 435 435 434 434 433 433 434 434 435 435 436 436 437 437 436 436 435 435 436 436 437 437 438 438 439 439 438 438 437 437 438 438 439 439 440 440 441 441 440 440 439 439 440 440 441 441 442 442 443 443 442 442 441 441 442 442 443 443 444 444 445 445 444 444 443 443 444 444 445 445 446 446 447 447 446 446 445 445 446 446 447 447 448 448 449 449 448 448 447 447 448 448 449 449 450 450 451 451 450 450 449 449 450 450 451 451 452 452 453 453 452 452 451 451 452 452 453 453 454 454 455 455 454 454 453 453 454 454 455 455 456 456 457 457 456 456 455 455 456 456 457 457 458 458 459 459 458 458 457 457 458 458 459 459 460 460 461 461 460 460 459 459 460 460 461 461 462 462 463 463 462 462 461 461 462 462 463 463 464 464 465 465 464 464 463 463 464 464 465 465 418 418 419 419 418 418 465 465 466 466 467 467 468 468 469 469 468 468 467 467 468 468 469 469 470 470 471 471 472 472 468 468 473 473 468 468 472 472 468 468 473 473 466 466 474 474 475 475 468 468 476 476 468 468 475 475 468 468 476 476 471 471 477 477 478 478 468 468 479 479 468 468 478 478 468 468 479 479 474 474 480 480 481 481 468 468 482 482 468 468 481 481 468 468 482 482 477 477 483 483 484 484 468 468 485 485 468 468 484 484 468 468 485 485 480 480 486 486 487 487 468 468 488 488 468 468 487 487 468 468 488 488 483 483 470 470 489 489 468 468 490 490 468 468 489 489 468 468 490 490 486 486 491 491 492 492 493 493 494 494 493 493 492 492 493 493 494 494 495 495 496 496 495 495 494 494 495 495 496 496 497 497 498 498 497 497 496 496 497 497 498 498 499 499 500 500 499 499 498 498 499 499 500 500 501 501 502 502 501 501 500 500 501 501 502 502 503 503 504 504 503 503 502 502 503 503 504 504 505 505 506 506 505 505 504 504 505 505 506 506 507 507 508 508 507 507 506 506 507 507 508 508 509 509 510 510 509 509 508 508 509 509 510 510 511 511 512 512 511 511 510 510 511 511 512 512 513 513 514 514 513 513 512 512 513 513 514 514 515 515 516 516 515 515 514 514 515 515 516 516 517 517 518 518 517 517 516 516 517 517 518 518 519 519 520 520 519 519 518 518 519 519 520 520 521 521 522 522 521 521 520 520 521 521 522 522 523 523 524 524 523 523 522 522 523 523 524 524 525 525 526 526 525 525 524 524 525 525 526 526 527 527 528 528 527 527 526 526 527 527 528 528 529 529 530 530 529 529 528 528 529 529 530 530 531 531 532 532 531 531 530 530 531 531 532 532 533 533 534 534 533 533 532 532 533 533 534 534 535 535 536 536 535 535 534 534 535 535 536 536 537 537 538 538 537 537 536 536 537 537 538 538 491 491 492 492 491 491 538 538 539 539 540 540 541 541 539 539 541 541 542 542 543 543 542 542 541 541 542 542 543 543 544 544 545 545 544 544 543 543 544 544 545 545 546 546 547 547 546 546 545 545 546 546 547 547 548 548 549 549 548 548 547 547 548 548 549 549 550 550 551 551 550 550 549 549 550 550 551 551 552 552 553 553 554 554 555 555 553 553 555 555 556 556 557 557 556 556 555 555 556 556 557 557 558 558 559 559 558 558 557 557 558 558 559 559 560 560 561 561 560 560 559 559 560 560 561 561 562 562 563 563 562 562 561 561 562 562 563 563 564 564 565 565 564 564 563 563 564 564 565 565 566 566 567 567 566 566 565 565 566 566 567 567 568 568 569 569 570 570 571 571 569 569 571 571 572 572 573 573 572 572 571 571 572 572 573 573 574 574 574 574 573 573 575 575 576 576 575 575 573 573 575 575 576 576 577 577 578 578 577 577 576 576 577 577 578 578 579 579 580 580 579 579 578 578 579 579 580 580 581 581 582 582 581 581 580 580 581 581 582 582 583 583 584 584 583 583 582 582 583 583 584 584 585 585 586 586 587 587 588 588 586 586 588 588 589 589 590 590 589 589 588 588 589 589 590 590 591 591 592 592 591 591 590 590 591 591 592 592 593 593 594 594 593 593 592 592 593 593 594 594 595 595 594 594 596 596 595 595 597 597 595 595 596 596 595 595 597 597 598 598 599 599 598 598 597 597 598 598 599 599 600 600 601 601 602 602 603 603 601 601 603 603 604 604 605 605 604 604 603 603 604 604 605 605 606 606 606 606 605 605 607 607 608 608 607 607 605 605 607 607 608 608 609 609 610 610 609 609 608 608 609 609 610 610 611 611 612 612 611 611 610 610 611 611 612 612 613 613 614 614 613 613 612 612 613 613 614 614 615 615 616 616 617 617 618 618 619 619 618 618 617 617 618 618 619 619 620 620 621 621 620 620 619 619 620 620 621 621 622 622 623 623 622 622 621 621 622 622 623 623 624 624 625 625 624 624 623 623 624 624 625 625 626 626 627 627 626 626 625 625 626 626 627 627 628 628 629 629 628 628 627 627 628 628 629 629 630 630 631 631 630 630 629 629 630 630 631 631 632 632 633 633 632 632 631 631 632 632 633 633 634 634 635 635 634 634 633 633 634 634 635 635 636 636 637 637 636 636 635 635 636 636 637 637 638 638 639 639 638 638 637 637 638 638 639 639 640 640 641 641 640 640 639 639 640 640 641 641 642 642 643 643 642 642 641 641 642 642 643 643 644 644 645 645 644 644 643 643 644 644 645 645 646 646 647 647 646 646 645 645 646 646 647 647 648 648 649 649 648 648 647 647 648 648 649 649 650 650 651 651 650 650 649 649 650 650 651 651 652 652 653 653 652 652 651 651 652 652 653 653 654 654 655 655 654 654 653 653 654 654 655 655 656 656 657 657 656 656 655 655 656 656 657 657 658 658 659 659 658 658 657 657 658 658 659 659 660 660 661 661 660 660 659 659 660 660 661 661 662 662 663 663 662 662 661 661 662 662 663 663 616 616 617 617 616 616 663 663 664 664 665 665 666 666 667 667 666 666 665 665 666 666 667 667 668 668 669 669 668 668 667 667 668 668 669 669 670 670 671 671 670 670 669 669 670 670 671 671 672 672 673 673 672 672 671 671 672 672 673 673 674 674 675 675 674 674 673 673 674 674 675 675 676 676 677 677 676 676 675 675 676 676 677 677 678 678 679 679 678 678 677 677 678 678 679 679 680 680 681 681 680 680 679 679 680 680 681 681 682 682 683 683 682 682 681 681 684 684 685 685 686 686 687 687 686 686 685 685 686 686 687 687 688 688 689 689 688 688 687 687 688 688 689 689 690 690 691 691 690 690 689 689 690 690 691 691 692 692 693 693 692 692 691 691 692 692 693 693 694 694 695 695 694 694 693 693 694 694 695 695 696 696 697 697 696 696 695 695 696 696 697 697 698 698 699 699 698 698 697 697 698 698 699 699 700 700 701 701 700 700 699 699 700 700 701 701 702 702 703 703 702 702 701 701 702 702 703 703 704 704 705 705 704 704 703 703 704 704 705 705 706 706 707 707 706 706 705 705 706 706 707 707 708 708 709 709 708 708 707 707 708 708 709 709 710 710 711 711 710 710 709 709 710 710 711 711 712 712 713 713 712 712 711 711 712 712 713 713 714 714 715 715 714 714 713 713 714 714 715 715 716 716 717 717 716 716 715 715 716 716 717 717 718 718 719 719 718 718 717 717 718 718 719 719 720 720 721 721 720 720 719 719 720 720 721 721 722 722 723 723 722 722 721 721 722 722 723 723 724 724 725 725 724 724 723 723 724 724 725 725 726 726 727 727 726 726 725 725 726 726 727 727 728 728 729 729 728 728 727 727 728 728 729 729 730 730 731 731 730 730 729 729 730 730 731 731 684 684 685 685 684 684 731 731 732 732 733 733 734 734 735 735 734 734 733 733 734 734 735 735 736 736 737 737 736 736 735 735 736 736 737 737 738 738 739 739 738 738 737 737 738 738 739 739 740 740 741 741 740 740 739 739 740 740 741 741 742 742 743 743 742 742 741 741 742 742 743 743 744 744 745 745 744 744 743 743 744 744 745 745 746 746 747 747 746 746 745 745 746 746 747 747 748 748 749 749 748 748 747 747 748 748 749 749 750 750 751 751 750 750 749 749 750 750 751 751 752 752 753 753 752 752 751 751 752 752 753 753 754 754 755 755 754 754 753 753 754 754 755 755 756 756 757 757 756 756 755 755 756 756 757 757 758 758 759 759 758 758 757 757 758 758 759 759 760 760 761 761 760 760 759 759 760 760 761 761 762 762 763 763 762 762 761 761 762 762 763 763 764 764 765 765 764 764 763 763 764 764 765 765 766 766 767 767 766 766 765 765 766 766 767 767 768 768 769 769 768 768 767 767 768 768 769 769 770 770 771 771 770 770 769 769 770 770 771 771 772 772 773 773 772 772 771 771 772 772 773 773 774 774 775 775 774 774 773 773 774 774 775 775 776 776 777 777 776 776 775 775 776 776 777 777 778 778 779 779 778 778 777 777 778 778 779 779 732 732 733 733 732 732 779 779 780 780 781 781 782 782 783 783 782 782 781 781 782 782 783 783 784 784 785 785 784 784 783 783 784 784 785 785 786 786 787 787 786 786 785 785 786 786 787 787 788 788 787 787 789 789 788 788 790 790 788 788 789 789 788 788 790 790 791 791 792 792 791 791 790 790 791 791 792 792 793 793 794 794 793 793 792 792 793 793 794 794 795 795 796 796 795 795 794 794 795 795 796 796 797 797 798 798 797 797 796 796 797 797 798 798 799 799 800 800 799 799 798 798 799 799 800 800 801 801 802 802 801 801 800 800 801 801 802 802 803 803 804 804 803 803 802 802 803 803 804 804 805 805 804 804 806 806 805 805 807 807 805 805 806 806 805 805 807 807 808 808 809 809 808 808 807 807 808 808 809 809 810 810 811 811 810 810 809 809 810 810 811 811 812 812 813 813 812 812 811 811 812 812 813 813 814 814 813 813 815 815 814 814 816 816 814 814 815 815 814 814 816 816 817 817 818 818 817 817 816 816 817 817 818 818 819 819 820 820 819 819 818 818 819 819 820 820 821 821 822 822 821 821 820 820 821 821 822 822 823 823 824 824 823 823 822 822 823 823 824 824 825 825 826 826 825 825 824 824 825 825 826 826 827 827 828 828 827 827 826 826 827 827 828 828 829 829 830 830 829 829 828 828 829 829 830 830 780 780 831 831 780 780 830 830 780 780 831 831 781 781 832 832 833 833 834 834 835 835 834 834 833 833 836 836 837 837 838 838 839 839 838 838 837 837 838 838 839 839 840 840 841 841 840 840 839 839 840 840 841 841 842 842 841 841 843 843 842 842 844 844 842 842 843 843 842 842 844 844 845 845 846 846 845 845 844 844 845 845 846 846 847 847 848 848 847 847 846 846 847 847 848 848 849 849 850 850 849 849 848 848 849 849 850 850 851 851 852 852 851 851 850 850 851 851 852 852 853 853 854 854 853 853 852 852 853 853 854 854 855 855 856 856 855 855 854 854 855 855 856 856 857 857 858 858 857 857 856 856 857 857 858 858 859 859 860 860 859 859 858 858 859 859 860 860 861 861 862 862 861 861 860 860 861 861 862 862 863 863 864 864 863 863 862 862 863 863 864 864 865 865 866 866 865 865 864 864 865 865 866 866 867 867 868 868 867 867 866 866 867 867 868 868 869 869 870 870 869 869 868 868 869 869 870 870 871 871 872 872 871 871 870 870 871 871 872 872 873 873 874 874 873 873 872 872 873 873 874 874 875 875 876 876 875 875 874 874 875 875 876 876 877 877 878 878 877 877 876 876 877 877 878 878 879 879 880 880 879 879 878 878 879 879 880 880 881 881 882 882 881 881 880 880 881 881 882 882 883 883 884 884 883 883 882 882 883 883 884 884 836 836 885 885 836 836 884 884 836 836 885 885 837 837 886 886 887 887 888 888 889 889 888 888 887 887 888 888 889 889 890 890 891 891 890 890 889 889 890 890 891 891 892 892 893 893 892 892 891 891 892 892 893 893 894 894 893 893 895 895 894 894 896 896 894 894 895 895 894 894 896 896 897 897 898 898 897 897 896 896 897 897 898 898 899 899 900 900 899 899 898 898 899 899 900 900 901 901 902 902 901 901 900 900 901 901 902 902 903 903 904 904 903 903 902 902 903 903 904 904 905 905 906 906 905 905 904 904 905 905 906 906 907 907 908 908 907 907 906 906 907 907 908 908 909 909 910 910 909 909 908 908 909 909 910 910 911 911 910 910 912 912 911 911 913 913 911 911 912 912 911 911 913 913 914 914 915 915 914 914 913 913 914 914 915 915 916 916 917 917 916 916 915 915 916 916 917 917 918 918 919 919 918 918 917 917 918 918 919 919 920 920 919 919 921 921 920 920 922 922 920 920 921 921 920 920 922 922 923 923 924 924 923 923 922 922 923 923 924 924 925 925 926 926 925 925 924 924 925 925 926 926 927 927 928 928 927 927 926 926 927 927 928 928 929 929 930 930 929 929 928 928 929 929 930 930 931 931 932 932 931 931 930 930 931 931 932 932 933 933 934 934 933 933 932 932 933 933 934 934 935 935 936 936 935 935 934 934 935 935 936 936 886 886 937 937 886 886 936 936 886 886 937 937 887 887 938 938 939 939 940 940 941 941 940 940 939 939 940 940 941 941 942 942 943 943 942 942 941 941 942 942 943 943 944 944 945 945 944 944 943 943 944 944 945 945 946 946 947 947 946 946 945 945 946 946 947 947 948 948 949 949 948 948 947 947 948 948 949 949 950 950 951 951 950 950 949 949 950 950 951 951 952 952 953 953 952 952 951 951 952 952 953 953 954 954 955 955 954 954 953 953 954 954 955 955 956 956 957 957 956 956 955 955 956 956 957 957 958 958 959 959 958 958 957 957 958 958 959 959 960 960 961 961 960 960 959 959 960 960 961 961 962 962 963 963 962 962 961 961 962 962 963 963 964 964 965 965 964 964 963 963 964 964 965 965 966 966 967 967 966 966 965 965 966 966 967 967 968 968 969 969 968 968 967 967 968 968 969 969 970 970 971 971 970 970 969 969 970 970 971 971 972 972 973 973 972 972 971 971 972 972 973 973 974 974 975 975 974 974 973 973 974 974 975 975 976 976 977 977 976 976 975 975 976 976 977 977 978 978 979 979 978 978 977 977 978 978 979 979 980 980 981 981 980 980 979 979 980 980 981 981 982 982 983 983 982 982 981 981 982 982 983 983 984 984 985 985 984 984 983 983 984 984 985 985 938 938 939 939 938 938 985 985 986 986 987 987 988 988 989 989 988 988 987 987 988 988 989 989 990 990 991 991 990 990 989 989 990 990 991 991 992 992 991 991 993 993 992 992 994 994 992 992 993 993 992 992 994 994 995 995 996 996 995 995 994 994 995 995 996 996 997 997 998 998 997 997 996 996 997 997 998 998 999 999 1000 1000 999 999 998 998 999 999 1000 1000 1001 1001 1002 1002 1001 1001 1000 1000 1001 1001 1002 1002 1003 1003 1004 1004 1003 1003 1002 1002 1003 1003 1004 1004 1005 1005 1006 1006 1005 1005 1004 1004 1005 1005 1006 1006 1007 1007 1008 1008 1007 1007 1006 1006 1007 1007 1008 1008 1009 1009 1010 1010 1009 1009 1008 1008 1009 1009 1010 1010 1011 1011 1012 1012 1011 1011 1010 1010 1011 1011 1012 1012 1013 1013 1014 1014 1013 1013 1012 1012 1013 1013 1014 1014 1015 1015 1016 1016 1015 1015 1014 1014 1015 1015 1016 1016 1017 1017 1018 1018 1017 1017 1016 1016 1017 1017 1018 1018 1019 1019 1020 1020 1019 1019 1018 1018 1019 1019 1020 1020 1021 1021 1022 1022 1021 1021 1020 1020 1021 1021 1022 1022 1023 1023 1024 1024 1023 1023 1022 1022 1023 1023 1024 1024 1025 1025 1026 1026 1025 1025 1024 1024 1025 1025 1026 1026 1027 1027 1028 1028 1027 1027 1026 1026 1027 1027 1028 1028 1029 1029 1030 1030 1029 1029 1028 1028 1029 1029 1030 1030 1031 1031 1032 1032 1031 1031 1030 1030 1031 1031 1032 1032 1033 1033 1034 1034 1033 1033 1032 1032 1033 1033 1034 1034 986 986 1035 1035 986 986 1034 1034 986 986 1035 1035 987 987 1036 1036 1037 1037 1038 1038 1039 1039 1038 1038 1037 1037 1038 1038 1039 1039 1040 1040 1041 1041 1040 1040 1039 1039 1040 1040 1041 1041 1042 1042 1043 1043 1044 1044 1045 1045 1046 1046 1045 1045 1044 1044 1045 1045 1046 1046 1047 1047 1048 1048 1047 1047 1046 1046 1047 1047 1048 1048 1049 1049 1050 1050 1049 1049 1048 1048 1049 1049 1050 1050 1051 1051 1052 1052 1051 1051 1050 1050 1051 1051 1052 1052 1053 1053 1054 1054 1053 1053 1052 1052 1053 1053 1054 1054 1055 1055 1056 1056 1055 1055 1054 1054 1055 1055 1056 1056 1057 1057 1058 1058 1057 1057 1056 1056 1057 1057 1058 1058 1059 1059 1060 1060 1059 1059 1058 1058 1059 1059 1060 1060 1036 1036 1061 1061 1036 1036 1060 1060 1036 1036 1061 1061 1037 1037 1062 1062 1063 1063 1064 1064 1065 1065 1064 1064 1063 1063 1064 1064 1065 1065 1066 1066 1067 1067 1066 1066 1065 1065 1066 1066 1067 1067 1043 1043 1068 1068 1043 1043 1067 1067 1043 1043 1068 1068 1044 1044 1041 1041 1069 1069 1042 1042 1070 1070 1042 1042 1069 1069 1042 1042 1070 1070 1071 1071 1072 1072 1071 1071 1070 1070 1071 1071 1072 1072 1073 1073 1074 1074 1073 1073 1072 1072 1073 1073 1074 1074 1075 1075 1076 1076 1075 1075 1074 1074 1075 1075 1076 1076 1077 1077 1078 1078 1077 1077 1076 1076 1077 1077 1078 1078 1079 1079 1080 1080 1079 1079 1078 1078 1079 1079 1080 1080 1081 1081 1082 1082 1081 1081 1080 1080 1081 1081 1082 1082 1083 1083 1084 1084 1083 1083 1082 1082 1083 1083 1084 1084 1085 1085 1086 1086 1085 1085 1084 1084 1085 1085 1086 1086 1062 1062 1087 1087 1062 1062 1086 1086 1062 1062 1087 1087 1063 1063 682 682 683 683 1088 1088 1089 1089 1090 1090 1091 1091 1092 1092 1091 1091 1090 1090 1091 1091 1092 1092 1093 1093 1094 1094 1093 1093 1092 1092 1093 1093 1094 1094 1095 1095 1096 1096 1095 1095 1094 1094 1095 1095 1096 1096 1097 1097 1098 1098 1097 1097 1096 1096 1097 1097 1098 1098 1099 1099 1100 1100 1099 1099 1098 1098 1099 1099 1100 1100 1101 1101 1102 1102 1101 1101 1100 1100 1101 1101 1102 1102 1103 1103 1104 1104 1103 1103 1102 1102 1103 1103 1104 1104 1105 1105 1106 1106 1105 1105 1104 1104 1105 1105 1106 1106 1107 1107 1108 1108 1107 1107 1106 1106 1107 1107 1108 1108 1109 1109 1110 1110 1109 1109 1108 1108 1109 1109 1110 1110 1111 1111 1112 1112 1111 1111 1110 1110 1111 1111 1112 1112 1113 1113 1114 1114 1113 1113 1112 1112 1113 1113 1114 1114 1115 1115 1116 1116 1115 1115 1114 1114 1115 1115 1116 1116 1117 1117 1118 1118 1117 1117 1116 1116 1117 1117 1118 1118 1119 1119 1120 1120 1119 1119 1118 1118 1121 1121 149 149 148 148 1091 1091 682 682 1089 1089 1088 1088 1089 1089 682 682 1089 1089 1088 1088 1122 1122 1123 1123 1122 1122 1088 1088 1122 1122 1123 1123 1124 1124 1125 1125 1124 1124 1123 1123 1124 1124 1125 1125 1126 1126 1127 1127 1126 1126 1125 1125 1126 1126 1127 1127 1128 1128 1129 1129 1128 1128 1127 1127 1128 1128 1129 1129 1130 1130 1131 1131 1130 1130 1129 1129 1130 1130 1131 1131 1132 1132 1133 1133 1132 1132 1131 1131 1132 1132 1133 1133 1134 1134 1135 1135 1134 1134 1133 1133 1134 1134 1135 1135 1136 1136 1137 1137 1136 1136 1135 1135 1136 1136 1137 1137 1138 1138 1139 1139 1138 1138 1137 1137 1138 1138 1139 1139 1140 1140 1141 1141 1140 1140 1139 1139 1140 1140 1141 1141 1142 1142 1143 1143 1142 1142 1141 1141 1142 1142 1143 1143 1144 1144 1145 1145 1144 1144 1143 1143 1144 1144 1145 1145 1146 1146 1147 1147 1146 1146 1145 1145 1146 1146 1147 1147 1148 1148 1149 1149 1148 1148 1147 1147 1148 1148 1149 1149 1150 1150 1151 1151 1150 1150 1149 1149 1150 1150 1151 1151 1152 1152 1153 1153 1152 1152 1151 1151 1152 1152 1153 1153 1154 1154 1155 1155 1154 1154 1153 1153 1154 1154 1155 1155 1156 1156 1157 1157 1156 1156 1155 1155 1156 1156 1157 1157 1158 1158 1159 1159 1158 1158 1157 1157 1158 1158 1159 1159 1160 1160 1121 1121 1160 1160 1159 1159 1160 1160 1121 1121 1161 1161 148 148 1161 1161 1121 1121 1161 1161 148 148 1120 1120 1162 1162 1120 1120 148 148 1120 1120 1162 1162 1119 1119 1163 1163 665 665 1164 1164 664 664 1164 1164 665 665 1165 1165 181 181 180 180 1166 1166 1167 1167 1168 1168 1165 1165 1168 1168 1167 1167 1165 1165 180 180 1168 1168 1169 1169 1168 1168 180 180 1168 1168 1169 1169 1170 1170 1171 1171 1170 1170 1169 1169 1170 1170 1171 1171 1172 1172 1173 1173 1172 1172 1171 1171 1172 1172 1173 1173 1174 1174 602 602 1174 1174 1173 1173 1174 1174 602 602 601 601 599 599 1175 1175 600 600 1176 1176 600 600 1175 1175 600 600 1176 1176 168 168 1177 1177 168 168 1176 1176 168 168 1177 1177 169 169 587 587 586 586 1178 1178 1179 1179 1178 1178 586 586 1178 1178 1179 1179 1180 1180 1181 1181 1182 1182 1179 1179 1183 1183 1179 1179 1182 1182 1179 1179 1183 1183 1180 1180 1184 1184 1180 1180 1183 1183 1180 1180 1184 1184 1185 1185 585 585 584 584 1186 1186 1185 1185 1186 1186 584 584 1186 1186 1185 1185 1187 1187 1184 1184 1187 1187 1185 1185 1188 1188 1189 1189 1190 1190 1188 1188 1190 1190 614 614 1191 1191 417 417 416 416 539 539 1192 1192 540 540 1193 1193 540 540 1192 1192 540 540 1193 1193 1190 1190 615 615 1190 1190 1193 1193 1190 1190 615 615 614 614 554 554 553 553 1194 1194 539 539 1191 1191 1192 1192 416 416 1192 1192 1191 1191 1192 1192 416 416 1195 1195 554 554 1195 1195 416 416 1195 1195 554 554 569 569 1194 1194 569 569 554 554 569 569 1194 1194 570 570 1196 1196 1197 1197 1198 1198 1199 1199 1198 1198 1197 1197 1198 1198 1199 1199 1200 1200 1201 1201 1200 1200 1199 1199 1200 1200 1201 1201 1202 1202 1203 1203 1204 1204 1205 1205 1206 1206 1205 1205 1204 1204 1205 1205 1206 1206 1207 1207 1208 1208 1207 1207 1206 1206 1207 1207 1208 1208 1209 1209 1210 1210 1209 1209 1208 1208 1209 1209 1210 1210 1201 1201 1211 1211 1201 1201 1210 1210 1201 1201 1211 1211 1202 1202 1212 1212 1213 1213 1214 1214 1215 1215 1214 1214 1213 1213 1214 1214 1215 1215 1216 1216 1217 1217 1216 1216 1215 1215 1216 1216 1217 1217 1218 1218 1214 1214 1219 1219 1212 1212 1220 1220 1212 1212 1219 1219 1212 1212 1220 1220 1221 1221 1221 1221 1220 1220 1222 1222 1223 1223 1222 1222 1220 1220 1222 1222 1223 1223 1224 1224 1225 1225 1224 1224 1223 1223 1224 1224 1225 1225 1226 1226 1227 1227 1226 1226 1225 1225 1226 1226 1227 1227 1228 1228 1229 1229 1230 1230 1231 1231 1232 1232 1231 1231 1230 1230 1196 1196 1198 1198 1232 1232 1226 1226 1232 1232 1198 1198 1232 1232 1226 1226 1231 1231 1228 1228 1231 1231 1226 1226 1231 1231 1228 1228 1233 1233 1234 1234 1233 1233 1228 1228 1233 1233 1234 1234 1235 1235 1236 1236 1237 1237 1238 1238 1239 1239 1240 1240 1241 1241 1242 1242 1243 1243 1244 1244 1245 1245 1246 1246 1247 1247 1248 1248 1249 1249 1250 1250 1251 1251 1252 1252 1253 1253 1254 1254 1253 1253 1252 1252 1253 1253 1254 1254 1255 1255 1256 1256 1257 1257 1258 1258 1259 1259 1258 1258 1257 1257 1258 1258 1259 1259 1253 1253 1260 1260 1253 1253 1259 1259 1253 1253 1260 1260 1251 1251 1241 1241 1261 1261 1262 1262 1263 1263 1262 1262 1261 1261 1263 1263 1264 1264 1262 1262 1265 1265 1262 1262 1264 1264 1262 1262 1265 1265 1266 1266 1265 1265 1267 1267 1266 1266 1268 1268 1266 1266 1267 1267 1266 1266 1268 1268 1258 1258 1269 1269 1258 1258 1268 1268 1258 1258 1269 1269 1256 1256 1270 1270 1271 1271 1241 1241 1271 1271 1272 1272 1241 1241 1273 1273 1241 1241 1272 1272 1241 1241 1273 1273 1261 1261 1250 1250 1274 1274 1270 1270 1249 1249 1275 1275 1250 1250 1276 1276 1250 1250 1275 1275 1250 1250 1276 1276 1274 1274 1255 1255 1277 1277 1278 1278 1279 1279 1278 1278 1277 1277 1278 1278 1279 1279 1280 1280 1281 1281 1280 1280 1279 1279 1280 1280 1281 1281 1282 1282 1283 1283 1284 1284 1285 1285 1286 1286 1285 1285 1284 1284 1285 1285 1286 1286 1287 1287 1288 1288 1289 1289 1247 1247 1290 1290 1247 1247 1289 1289 1247 1247 1290 1290 1245 1245 1283 1283 1285 1285 1291 1291 1292 1292 1291 1291 1285 1285 1291 1291 1292 1292 1293 1293 1266 1266 1294 1294 1292 1292 1295 1295 1292 1292 1294 1294 1292 1292 1295 1295 1293 1293 1296 1296 1297 1297 1258 1258 1298 1298 1258 1258 1297 1297 1258 1258 1298 1298 1266 1266 1299 1299 1266 1266 1298 1298 1266 1266 1299 1299 1294 1294 1300 1300 1253 1253 1301 1301 1302 1302 1301 1301 1253 1253 1300 1300 1303 1303 1253 1253 1304 1304 1253 1253 1303 1303 1253 1253 1304 1304 1258 1258 1305 1305 1258 1258 1304 1304 1258 1258 1305 1305 1296 1296 1255 1255 1278 1278 1253 1253 1306 1306 1253 1253 1278 1278 1253 1253 1306 1306 1302 1302 1307 1307 1308 1308 1309 1309 1310 1310 1309 1309 1308 1308 1309 1309 1310 1310 1278 1278 1311 1311 1278 1278 1310 1310 1278 1278 1311 1311 1306 1306 1312 1312 1313 1313 1314 1314 1315 1315 1314 1314 1313 1313 1316 1316 1317 1317 1318 1318 1319 1319 1318 1318 1317 1317 1320 1320 1318 1318 1321 1321 1319 1319 1322 1322 1318 1318 1323 1323 1318 1318 1322 1322 1318 1318 1323 1323 1321 1321 1315 1315 1324 1324 1314 1314 1325 1325 1314 1314 1324 1324 1314 1314 1325 1325 1326 1326 1326 1326 1327 1327 1292 1292 1328 1328 1292 1292 1327 1327 1292 1292 1328 1328 1329 1329 1321 1321 1330 1330 1320 1320 1331 1331 1320 1320 1330 1330 1320 1320 1331 1331 1332 1332 1333 1333 1332 1332 1331 1331 1332 1332 1333 1333 1334 1334 1335 1335 1334 1334 1333 1333 1334 1334 1335 1335 1336 1336 1337 1337 1336 1336 1335 1335 1336 1336 1337 1337 1338 1338 1329 1329 1339 1339 1292 1292 1340 1340 1292 1292 1339 1339 1292 1292 1340 1340 1341 1341 1342 1342 1343 1343 1336 1336 1343 1343 1344 1344 1336 1336 1345 1345 1336 1336 1344 1344 1336 1336 1345 1345 1346 1346 1347 1347 1348 1348 1349 1349 1350 1350 1349 1349 1348 1348 1351 1351 1247 1247 1309 1309 1246 1246 1309 1309 1247 1247 1309 1309 1246 1246 1307 1307 1347 1347 1352 1352 1348 1348 1353 1353 1348 1348 1352 1352 1348 1348 1353 1353 1354 1354 1247 1247 1354 1354 1353 1353 1354 1354 1247 1247 1355 1355 1351 1351 1355 1355 1247 1247 1282 1282 1248 1248 1280 1280 1250 1250 1280 1280 1248 1248 1280 1280 1250 1250 1356 1356 1357 1357 1356 1356 1250 1250 1357 1357 1358 1358 1356 1356 1359 1359 1356 1356 1358 1358 1356 1356 1359 1359 1360 1360 1360 1360 1361 1361 1356 1356 1362 1362 1356 1356 1361 1361 1356 1356 1362 1362 1363 1363 1243 1243 1364 1364 1262 1262 1365 1365 1262 1262 1364 1364 1262 1262 1365 1365 1366 1366 1367 1367 1368 1368 1369 1369 1366 1366 1370 1370 1262 1262 1371 1371 1262 1262 1370 1370 1262 1262 1371 1371 1367 1367 1372 1372 1373 1373 1374 1374 1375 1375 1374 1374 1373 1373 1374 1374 1375 1375 1376 1376 1377 1377 1376 1376 1375 1375 1376 1376 1377 1377 1378 1378 1379 1379 1378 1378 1377 1377 1378 1378 1379 1379 1380 1380 1381 1381 1380 1380 1379 1379 1380 1380 1381 1381 1382 1382 1383 1383 1382 1382 1381 1381 1382 1382 1383 1383 1384 1384 1368 1368 1385 1385 1369 1369 1386 1386 1369 1369 1385 1385 1369 1369 1386 1386 1372 1372 1387 1387 1372 1372 1386 1386 1372 1372 1387 1387 1373 1373 1383 1383 1388 1388 1384 1384 1389 1389 1384 1384 1388 1388 1384 1384 1389 1389 1244 1244 1390 1390 1244 1244 1389 1389 1244 1244 1390 1390 1391 1391 1391 1391 1392 1392 1244 1244 1393 1393 1244 1244 1392 1392 1244 1244 1393 1393 1242 1242 1394 1394 1395 1395 1396 1396 1397 1397 1396 1396 1395 1395 1398 1398 1266 1266 1399 1399 1400 1400 1399 1399 1266 1266 1243 1243 1262 1262 1244 1244 1401 1401 1244 1244 1262 1262 1244 1244 1401 1401 1402 1402 1396 1396 1403 1403 1404 1404 1405 1405 1404 1404 1403 1403 1406 1406 1262 1262 1407 1407 1266 1266 1407 1407 1262 1262 1407 1407 1266 1266 1408 1408 1398 1398 1408 1408 1266 1266 1406 1406 1409 1409 1262 1262 1410 1410 1262 1262 1409 1409 1262 1262 1410 1410 1411 1411 1397 1397 1412 1412 1396 1396 1413 1413 1396 1396 1412 1412 1396 1396 1413 1413 1403 1403 1411 1411 1414 1414 1262 1262 1415 1415 1262 1262 1414 1414 1262 1262 1415 1415 1401 1401 1416 1416 1417 1417 1402 1402 1418 1418 1402 1402 1417 1417 1402 1402 1418 1418 1419 1419 1419 1419 1420 1420 1402 1402 1421 1421 1402 1402 1420 1420 1402 1402 1421 1421 1244 1244 1422 1422 1395 1395 1266 1266 1394 1394 1266 1266 1395 1395 1266 1266 1394 1394 1400 1400 1423 1423 1424 1424 1292 1292 1422 1422 1425 1425 1395 1395 1426 1426 1395 1395 1425 1425 1395 1395 1426 1426 1427 1427 1428 1428 1427 1427 1426 1426 1424 1424 1429 1429 1292 1292 1430 1430 1292 1292 1429 1429 1292 1292 1430 1430 1431 1431 1432 1432 1433 1433 1434 1434 1435 1435 1436 1436 1266 1266 1437 1437 1266 1266 1436 1436 1266 1266 1437 1437 1422 1422 1341 1341 1316 1316 1292 1292 1318 1318 1292 1292 1316 1316 1292 1292 1318 1318 1423 1423 1438 1438 1423 1423 1318 1318 1423 1423 1438 1438 1439 1439 1440 1440 1439 1439 1438 1438 1432 1432 1434 1434 1426 1426 1441 1441 1426 1426 1434 1434 1426 1426 1441 1441 1428 1428 1431 1431 1442 1442 1292 1292 1443 1443 1292 1292 1442 1442 1292 1292 1443 1443 1266 1266 1444 1444 1266 1266 1443 1443 1266 1266 1444 1444 1435 1435 1445 1445 1446 1446 1447 1447 1445 1445 1447 1447 1448 1448 1440 1440 1438 1438 1447 1447 1449 1449 1447 1447 1438 1438 1447 1447 1449 1449 1448 1448 1450 1450 1451 1451 1452 1452 1270 1270 1241 1241 1250 1250 1240 1240 1250 1250 1241 1241 1250 1250 1240 1240 1453 1453 1453 1453 1454 1454 1250 1250 1455 1455 1250 1250 1454 1454 1250 1250 1455 1455 1456 1456 1357 1357 1457 1457 1458 1458 1451 1451 1459 1459 1452 1452 1460 1460 1452 1452 1459 1459 1452 1452 1460 1460 1461 1461 1462 1462 1241 1241 1463 1463 1464 1464 1463 1463 1241 1241 1462 1462 1465 1465 1241 1241 1466 1466 1241 1241 1465 1465 1241 1241 1466 1466 1239 1239 1456 1456 1467 1467 1250 1250 1468 1468 1250 1250 1467 1467 1250 1250 1468 1468 1357 1357 1469 1469 1357 1357 1468 1468 1357 1357 1469 1469 1457 1457 1458 1458 1470 1470 1357 1357 1471 1471 1357 1357 1470 1470 1357 1357 1471 1471 1452 1452 1472 1472 1452 1452 1471 1471 1452 1452 1472 1472 1450 1450 1367 1367 1369 1369 1262 1262 1452 1452 1262 1262 1369 1369 1262 1262 1452 1452 1241 1241 1461 1461 1241 1241 1452 1452 1241 1241 1461 1461 1464 1464 1238 1238 1237 1237 1353 1353 1287 1287 1288 1288 1285 1285 1247 1247 1285 1285 1288 1288 1285 1285 1247 1247 1473 1473 1474 1474 1473 1473 1247 1247 1475 1475 1476 1476 1238 1238 1477 1477 1478 1478 1247 1247 1473 1473 1479 1479 1285 1285 1480 1480 1285 1285 1479 1479 1285 1285 1480 1480 1481 1481 1476 1476 1482 1482 1238 1238 1483 1483 1238 1238 1482 1482 1238 1238 1483 1483 1236 1236 1237 1237 1484 1484 1353 1353 1485 1485 1353 1353 1484 1484 1353 1353 1485 1485 1486 1486 1478 1478 1487 1487 1247 1247 1488 1488 1247 1247 1487 1487 1247 1247 1488 1488 1474 1474 1481 1481 1489 1489 1285 1285 1490 1490 1285 1285 1489 1489 1285 1285 1490 1490 1491 1491 1326 1326 1292 1292 1314 1314 1285 1285 1314 1314 1292 1292 1314 1314 1285 1285 1238 1238 1491 1491 1238 1238 1285 1285 1238 1238 1491 1491 1475 1475 1486 1486 1492 1492 1353 1353 1493 1493 1353 1353 1492 1492 1353 1353 1493 1493 1247 1247 1494 1494 1247 1247 1493 1493 1247 1247 1494 1494 1477 1477 1352 1352 1495 1495 1353 1353 1496 1496 1353 1353 1495 1495 1353 1353 1496 1496 1238 1238 1342 1342 1238 1238 1496 1496 1238 1238 1342 1342 1314 1314 1336 1336 1314 1314 1342 1342 1314 1314 1336 1336 1312 1312 1338 1338 1312 1312 1336 1336 835 835 833 833 1497 1497 835 835 1497 1497 1498 1498 1499 1499 1498 1498 1497 1497 1498 1498 1499 1499 1500 1500 1501 1501 1500 1500 1499 1499 1500 1500 1501 1501 1502 1502 1503 1503 1502 1502 1501 1501 1502 1502 1503 1503 1504 1504 1505 1505 1504 1504 1503 1503 1504 1504 1505 1505 1506 1506 1190 1190 1506 1506 1505 1505 1506 1506 1190 1190 1189 1189 1507 1507 166 166 1508 1508 167 167 1508 1508 166 166 1509 1509 1510 1510 1511 1511 1512 1512 1513 1513 1514 1514 1515 1515 1516 1516 1517 1517 1518 1518 1517 1517 1516 1516 1519 1519 1520 1520 1521 1521 1522 1522 1521 1521 1520 1520 1519 1519 1523 1523 1520 1520 1524 1524 1520 1520 1523 1523 1520 1520 1524 1524 1525 1525 1526 1526 1525 1525 1524 1524 1525 1525 1526 1526 1527 1527 1528 1528 1529 1529 1530 1530 1531 1531 1530 1530 1529 1529 1530 1530 1531 1531 1510 1510 1532 1532 1510 1510 1531 1531 1510 1510 1532 1532 1511 1511 1533 1533 1534 1534 1535 1535 1536 1536 1535 1535 1534 1534 1535 1535 1536 1536 1515 1515 1537 1537 1515 1515 1536 1536 1515 1515 1537 1537 1516 1516 1528 1528 1530 1530 1538 1538 1539 1539 1538 1538 1530 1530 1538 1538 1539 1539 1540 1540 1511 1511 1541 1541 1509 1509 1542 1542 1509 1509 1541 1541 1509 1509 1542 1542 1543 1543 1544 1544 1545 1545 1546 1546 1518 1518 1547 1547 1517 1517 1548 1548 1517 1517 1547 1547 1517 1517 1548 1548 1549 1549 1514 1514 1549 1549 1548 1548 1549 1549 1514 1514 1550 1550 1513 1513 1550 1550 1514 1514 1522 1522 1520 1520 1514 1514 1551 1551 1514 1514 1520 1520 1514 1514 1551 1551 1512 1512 1527 1527 1552 1552 1525 1525 1553 1553 1525 1525 1552 1552 1525 1525 1553 1553 1554 1554 1555 1555 1554 1554 1553 1553 1554 1554 1555 1555 1556 1556 1538 1538 1556 1556 1555 1555 1556 1556 1538 1538 1557 1557 1540 1540 1557 1557 1538 1538 1546 1546 1558 1558 1544 1544 1509 1509 1544 1544 1558 1558 1544 1544 1509 1509 1559 1559 1543 1543 1559 1559 1509 1509 1533 1533 1535 1535 1560 1560 1561 1561 1560 1560 1535 1535 1560 1560 1561 1561 1562 1562 1562 1562 1563 1563 1560 1560 1564 1564 1560 1560 1563 1563 1560 1560 1564 1564 1565 1565 1566 1566 1567 1567 1568 1568 1569 1569 1570 1570 1571 1571 1572 1572 1573 1573 1574 1574 1575 1575 1576 1576 1577 1577 1578 1578 1577 1577 1576 1576 1577 1577 1578 1578 1579 1579 1580 1580 1581 1581 1582 1582 1583 1583 1582 1582 1581 1581 1584 1584 1585 1585 1586 1586 1586 1586 1587 1587 1582 1582 1588 1588 1582 1582 1587 1587 1582 1582 1588 1588 1580 1580 1579 1579 1589 1589 1577 1577 1590 1590 1577 1577 1589 1589 1577 1577 1590 1590 1591 1591 1592 1592 1591 1591 1590 1590 1591 1591 1592 1592 1593 1593 1585 1585 1594 1594 1586 1586 1595 1595 1586 1586 1594 1594 1586 1586 1595 1595 1587 1587 1593 1593 1596 1596 1591 1591 1597 1597 1591 1591 1596 1596 1591 1591 1597 1597 1586 1586 1598 1598 1586 1586 1597 1597 1586 1586 1598 1598 1584 1584 1583 1583 1599 1599 1582 1582 1600 1600 1582 1582 1599 1599 1582 1582 1600 1600 1601 1601 1600 1600 1602 1602 1601 1601 1603 1603 1601 1601 1602 1602 1601 1601 1603 1603 1604 1604 1605 1605 1604 1604 1603 1603 1604 1604 1605 1605 1577 1577 1606 1606 1577 1577 1605 1605 1577 1577 1606 1606 1575 1575 1607 1607 1608 1608 1609 1609 1610 1610 1611 1611 1609 1609 1612 1612 1609 1609 1611 1611 1612 1612 1613 1613 1609 1609 1614 1614 1609 1609 1613 1613 1609 1609 1614 1614 1607 1607 1615 1615 1616 1616 1617 1617 1617 1617 1618 1618 1615 1615 1619 1619 1615 1615 1618 1618 1615 1615 1619 1619 1591 1591 1620 1620 1591 1591 1619 1619 1591 1591 1620 1620 1621 1621 1622 1622 1623 1623 1577 1577 1624 1624 1577 1577 1623 1623 1577 1577 1624 1624 1625 1625 1608 1608 1626 1626 1615 1615 1627 1627 1615 1615 1626 1626 1615 1615 1627 1627 1616 1616 1621 1621 1628 1628 1591 1591 1629 1629 1591 1591 1628 1628 1591 1591 1629 1629 1577 1577 1630 1630 1577 1577 1629 1629 1577 1577 1630 1630 1622 1622 1610 1610 1631 1631 1632 1632 1604 1604 1632 1632 1631 1631 1625 1625 1633 1633 1577 1577 1634 1634 1577 1577 1633 1633 1577 1577 1634 1634 1604 1604 1635 1635 1604 1604 1634 1634 1604 1604 1635 1635 1632 1632 1636 1636 1637 1637 1638 1638 1638 1638 1637 1637 1639 1639 1640 1640 1641 1641 1638 1638 1642 1642 1638 1638 1641 1641 1638 1638 1642 1642 1636 1636 1637 1637 1643 1643 1639 1639 1644 1644 1639 1639 1643 1643 1639 1639 1644 1644 1645 1645 1586 1586 1646 1646 1647 1647 1647 1647 1648 1648 1586 1586 1649 1649 1586 1586 1648 1648 1586 1586 1649 1649 1591 1591 1650 1650 1591 1591 1649 1649 1591 1591 1650 1650 1638 1638 1651 1651 1638 1638 1650 1650 1638 1638 1651 1651 1640 1640 1652 1652 1653 1653 1646 1646 1654 1654 1655 1655 1656 1656 1657 1657 1656 1656 1655 1655 1656 1656 1657 1657 1658 1658 1658 1658 1659 1659 1656 1656 1660 1660 1656 1656 1659 1659 1656 1656 1660 1660 1646 1646 1661 1661 1646 1646 1660 1660 1646 1646 1661 1661 1652 1652 1653 1653 1662 1662 1646 1646 1663 1663 1646 1646 1662 1662 1646 1646 1663 1663 1647 1647 1664 1664 1665 1665 1666 1666 1645 1645 1667 1667 1639 1639 1668 1668 1639 1639 1667 1667 1639 1639 1668 1668 1666 1666 1669 1669 1666 1666 1668 1668 1666 1666 1669 1669 1664 1664 1670 1670 1671 1671 1672 1672 1673 1673 1674 1674 1672 1672 1675 1675 1672 1672 1674 1674 1676 1676 1677 1677 1678 1678 1675 1675 1679 1679 1672 1672 1680 1680 1672 1672 1679 1679 1672 1672 1680 1680 1670 1670 1671 1671 1681 1681 1676 1676 1682 1682 1676 1676 1681 1681 1676 1676 1682 1682 1677 1677 1615 1615 1683 1683 1673 1673 1683 1683 1615 1615 1684 1684 1591 1591 1684 1684 1615 1615 1684 1684 1591 1591 1685 1685 1638 1638 1685 1685 1591 1591 1685 1685 1638 1638 1686 1686 1639 1639 1687 1687 1688 1688 1689 1689 1690 1690 1638 1638 1691 1691 1638 1638 1690 1690 1638 1638 1691 1691 1686 1686 1688 1688 1692 1692 1639 1639 1693 1693 1639 1639 1692 1692 1639 1639 1693 1693 1638 1638 1694 1694 1638 1638 1693 1693 1638 1638 1694 1694 1689 1689 1695 1695 1696 1696 1697 1697 1698 1698 1697 1697 1696 1696 1697 1697 1698 1698 1666 1666 1699 1699 1666 1666 1698 1698 1666 1666 1699 1699 1639 1639 1700 1700 1639 1639 1699 1699 1639 1639 1700 1700 1687 1687 1570 1570 1701 1701 1574 1574 1702 1702 1574 1574 1701 1701 1574 1574 1702 1702 1572 1572 1678 1678 1695 1695 1676 1676 1697 1697 1676 1676 1695 1695 1676 1676 1697 1697 1571 1571 1703 1703 1571 1571 1697 1697 1571 1571 1703 1703 1704 1704 1704 1704 1705 1705 1571 1571 1706 1706 1571 1571 1705 1705 1571 1571 1706 1706 1569 1569 1707 1707 1708 1708 1709 1709 1707 1707 1709 1709 1710 1710 1664 1664 1654 1654 1665 1665 1656 1656 1665 1665 1654 1654 1665 1665 1656 1656 1709 1709 1711 1711 1709 1709 1656 1656 1709 1709 1711 1711 1710 1710 1712 1712 1713 1713 1646 1646 1714 1714 1646 1646 1713 1713 1646 1646 1714 1714 1715 1715 1716 1716 1717 1717 1656 1656 1718 1718 1656 1656 1717 1717 1656 1656 1718 1718 1719 1719 1720 1720 1721 1721 1722 1722 1723 1723 1722 1722 1721 1721 1715 1715 1724 1724 1646 1646 1725 1725 1646 1646 1724 1724 1646 1646 1725 1725 1656 1656 1726 1726 1656 1656 1725 1725 1656 1656 1726 1726 1716 1716 1727 1727 1728 1728 1711 1711 1729 1729 1711 1711 1728 1728 1711 1711 1729 1729 1730 1730 1731 1731 1730 1730 1729 1729 1730 1730 1731 1731 1732 1732 1733 1733 1732 1732 1731 1731 1732 1732 1733 1733 1734 1734 1735 1735 1734 1734 1733 1733 1734 1734 1735 1735 1722 1722 1736 1736 1722 1722 1735 1735 1722 1722 1736 1736 1720 1720 1719 1719 1737 1737 1656 1656 1738 1738 1656 1656 1737 1737 1656 1656 1738 1738 1711 1711 1739 1739 1711 1711 1738 1738 1711 1711 1739 1739 1727 1727 1740 1740 1741 1741 1571 1571 1676 1676 1742 1742 1743 1743 1671 1671 1676 1676 1672 1672 1743 1743 1672 1672 1676 1676 1672 1672 1743 1743 1744 1744 1570 1570 1574 1574 1571 1571 1745 1745 1571 1571 1574 1574 1571 1571 1745 1745 1740 1740 1741 1741 1746 1746 1571 1571 1747 1747 1571 1571 1746 1746 1571 1571 1747 1747 1748 1748 1744 1744 1749 1749 1672 1672 1750 1750 1672 1672 1749 1749 1672 1672 1750 1750 1751 1751 1752 1752 1753 1753 1574 1574 1754 1754 1574 1574 1753 1753 1574 1574 1754 1754 1745 1745 1755 1755 1756 1756 1676 1676 1757 1757 1676 1676 1756 1756 1676 1676 1757 1757 1742 1742 1751 1751 1758 1758 1672 1672 1759 1759 1672 1672 1758 1758 1672 1672 1759 1759 1574 1574 1760 1760 1574 1574 1759 1759 1574 1574 1760 1760 1752 1752 1748 1748 1761 1761 1571 1571 1762 1762 1571 1571 1761 1761 1571 1571 1762 1762 1676 1676 1763 1763 1676 1676 1762 1762 1676 1676 1763 1763 1755 1755 1673 1673 1672 1672 1615 1615 1574 1574 1615 1615 1672 1672 1615 1615 1574 1574 1764 1764 1573 1573 1764 1764 1574 1574 1764 1764 1573 1573 1566 1566 1765 1765 1766 1766 1609 1609 1568 1568 1767 1767 1768 1768 1608 1608 1615 1615 1609 1609 1769 1769 1609 1609 1615 1615 1609 1609 1769 1769 1765 1765 1566 1566 1568 1568 1764 1764 1768 1768 1764 1764 1568 1568 1764 1764 1768 1768 1770 1770 1770 1770 1771 1771 1764 1764 1772 1772 1764 1764 1771 1771 1764 1764 1772 1772 1773 1773 1766 1766 1774 1774 1609 1609 1775 1775 1609 1609 1774 1774 1609 1609 1775 1775 1776 1776 1777 1777 1778 1778 1568 1568 1779 1779 1568 1568 1778 1778 1568 1568 1779 1779 1767 1767 1776 1776 1780 1780 1609 1609 1781 1781 1609 1609 1780 1780 1609 1609 1781 1781 1568 1568 1782 1782 1568 1568 1781 1781 1568 1568 1782 1782 1777 1777 1783 1783 1784 1784 1615 1615 1785 1785 1615 1615 1784 1784 1615 1615 1785 1785 1769 1769 1773 1773 1786 1786 1764 1764 1787 1787 1764 1764 1786 1786 1764 1764 1787 1787 1615 1615 1788 1788 1615 1615 1787 1787 1615 1615 1788 1788 1783 1783 1610 1610 1609 1609 1631 1631 1568 1568 1631 1631 1609 1609 1631 1631 1568 1568 1789 1789 1567 1567 1789 1789 1568 1568 1789 1789 1567 1567 1790 1790 1586 1586 1791 1791 1646 1646 1722 1722 1646 1646 1791 1791 1646 1646 1722 1722 1712 1712 1723 1723 1712 1712 1722 1722 1792 1792 1793 1793 1794 1794 1795 1795 1794 1794 1793 1793 1796 1796 1797 1797 1794 1794 1798 1798 1794 1794 1797 1797 1794 1794 1798 1798 1792 1792 1582 1582 1799 1799 1800 1800 1800 1800 1801 1801 1582 1582 1802 1802 1582 1582 1801 1801 1582 1582 1802 1802 1803 1803 1804 1804 1586 1586 1805 1805 1806 1806 1805 1805 1586 1586 1807 1807 1808 1808 1791 1791 1809 1809 1791 1791 1808 1808 1791 1791 1809 1809 1794 1794 1810 1810 1794 1794 1809 1809 1794 1794 1810 1810 1796 1796 1803 1803 1811 1811 1582 1582 1812 1812 1582 1582 1811 1811 1582 1582 1812 1812 1586 1586 1813 1813 1586 1586 1812 1812 1586 1586 1813 1813 1806 1806 1804 1804 1814 1814 1586 1586 1815 1815 1586 1586 1814 1814 1586 1586 1815 1815 1791 1791 1816 1816 1791 1791 1815 1815 1791 1791 1816 1816 1807 1807 1601 1601 1817 1817 1582 1582 1794 1794 1582 1582 1817 1817 1582 1582 1794 1794 1799 1799 1795 1795 1799 1799 1794 1794 1818 1818 1819 1819 1820 1820 1821 1821 1822 1822 1823 1823 1824 1824 1823 1823 1822 1822 1823 1823 1824 1824 1820 1820 1825 1825 1820 1820 1824 1824 1820 1820 1825 1825 1818 1818 1826 1826 405 405 1827 1827 404 404 1827 1827 405 405 1826 1826 1827 1827 1828 1828 1829 1829 1828 1828 1827 1827 1828 1828 1829 1829 1830 1830 1831 1831 1830 1830 1829 1829 1830 1830 1831 1831 1832 1832 1833 1833 1832 1832 1831 1831 1832 1832 1833 1833 1834 1834 1835 1835 1834 1834 1833 1833 1834 1834 1835 1835 1836 1836 1837 1837 1836 1836 1835 1835 1836 1836 1837 1837 1838 1838 1839 1839 1838 1838 1837 1837 1838 1838 1839 1839 1840 1840 1841 1841 1840 1840 1839 1839 1840 1840 1841 1841 1842 1842 1843 1843 1842 1842 1841 1841 1842 1842 1843 1843 1844 1844 1845 1845 1844 1844 1843 1843 1844 1844 1845 1845 1846 1846 1847 1847 1846 1846 1845 1845 1846 1846 1847 1847 1848 1848 1849 1849 1848 1848 1847 1847 1848 1848 1849 1849 1850 1850 1851 1851 1850 1850 1849 1849 1851 1851 568 568 1850 1850 567 567 1850 1850 568 568 1852 1852 1853 1853 1854 1854 1855 1855 1856 1856 1857 1857 1858 1858 1857 1857 1856 1856 1857 1857 1858 1858 1859 1859 1859 1859 1860 1860 1857 1857 1861 1861 1857 1857 1860 1860 1857 1857 1861 1861 1862 1862 1854 1854 1853 1853 1861 1861 1863 1863 1861 1861 1853 1853 1861 1861 1863 1863 1864 1864 1865 1865 1866 1866 1867 1867 1868 1868 1867 1867 1866 1866 1867 1867 1868 1868 1869 1869 1852 1852 1854 1854 1870 1870 1871 1871 1870 1870 1854 1854 1870 1870 1871 1871 1872 1872 1873 1873 1872 1872 1871 1871 1872 1872 1873 1873 1874 1874 1875 1875 1874 1874 1873 1873 1874 1874 1875 1875 1876 1876 1877 1877 1876 1876 1875 1875 1876 1876 1877 1877 1878 1878 1879 1879 1878 1878 1877 1877 1878 1878 1879 1879 1880 1880 1881 1881 1880 1880 1879 1879 1880 1880 1881 1881 1882 1882 1883 1883 1882 1882 1881 1881 1882 1882 1883 1883 1884 1884 1885 1885 1884 1884 1883 1883 1884 1884 1885 1885 1886 1886 1887 1887 1886 1886 1885 1885 1886 1886 1887 1887 1888 1888 1889 1889 1888 1888 1887 1887 1888 1888 1889 1889 1890 1890 1891 1891 1890 1890 1889 1889 1890 1890 1891 1891 1892 1892 1893 1893 1892 1892 1891 1891 1892 1892 1893 1893 1894 1894 1895 1895 1894 1894 1893 1893 1894 1894 1895 1895 1896 1896 1897 1897 1896 1896 1895 1895 1896 1896 1897 1897 1898 1898 1864 1864 1899 1899 1861 1861 1900 1900 1861 1861 1899 1899 1861 1861 1900 1900 1862 1862 1901 1901 1862 1862 1900 1900 1862 1862 1901 1901 1869 1869 1902 1902 1869 1869 1901 1901 1869 1869 1902 1902 1867 1867 1898 1898 1897 1897 1867 1867 1903 1903 1867 1867 1897 1897 1867 1867 1903 1903 1865 1865 832 832 834 834 1904 1904 1905 1905 1904 1904 834 834 1904 1904 1905 1905 1906 1906 1907 1907 1906 1906 1905 1905 1906 1906 1907 1907 1908 1908 1909 1909 1908 1908 1907 1907 1908 1908 1909 1909 1910 1910 1911 1911 1910 1910 1909 1909 1910 1910 1911 1911 1912 1912 1913 1913 1912 1912 1911 1911 1912 1912 1913 1913 1914 1914 1915 1915 1914 1914 1913 1913 1914 1914 1915 1915 1916 1916 1917 1917 1916 1916 1915 1915 1916 1916 1917 1917 1918 1918 1919 1919 1918 1918 1917 1917 1918 1918 1919 1919 1920 1920 1921 1921 1920 1920 1919 1919 1920 1920 1921 1921 1922 1922 1923 1923 1922 1922 1921 1921 1922 1922 1923 1923 1924 1924 1925 1925 1924 1924 1923 1923 1924 1924 1925 1925 1926 1926 1927 1927 1926 1926 1925 1925 1927 1927 552 552 1926 1926 551 551 1926 1926 552 552 1928 1928 1929 1929 1930 1930 1931 1931 1929 1929 1932 1932 1933 1933 1932 1932 1929 1929 1931 1931 1934 1934 1929 1929 1935 1935 1929 1929 1934 1934 1929 1929 1935 1935 1930 1930 1936 1936 1937 1937 1930 1930 1937 1937 1938 1938 1930 1930 1939 1939 1930 1930 1938 1938 1930 1930 1939 1939 1928 1928 1936 1936 1940 1940 1941 1941 1936 1936 1941 1941 1942 1942 1941 1941 1943 1943 1942 1942 1944 1944 1942 1942 1943 1943 1942 1942 1944 1944 1945 1945 1946 1946 1945 1945 1944 1944 1945 1945 1946 1946 1947 1947 1948 1948 1947 1947 1946 1946 1947 1947 1948 1948 1949 1949 1950 1950 1949 1949 1948 1948 1949 1949 1950 1950 1951 1951 1952 1952 1951 1951 1950 1950 1951 1951 1952 1952 1953 1953 1954 1954 1953 1953 1952 1952 1953 1953 1954 1954 1955 1955 1956 1956 1955 1955 1954 1954 1955 1955 1956 1956 1957 1957 1958 1958 1957 1957 1956 1956 1957 1957 1958 1958 1959 1959 1960 1960 1959 1959 1958 1958 1959 1959 1960 1960 1961 1961 1962 1962 1961 1961 1960 1960 1961 1961 1962 1962 1963 1963 1964 1964 1963 1963 1962 1962 1963 1963 1964 1964 1965 1965 1966 1966 1965 1965 1964 1964 1965 1965 1966 1966 1967 1967 1968 1968 1967 1967 1966 1966 1967 1967 1968 1968 1969 1969 1970 1970 1969 1969 1968 1968 1969 1969 1970 1970 1971 1971 1970 1970 1972 1972 1971 1971 1973 1973 1971 1971 1972 1972 1971 1971 1973 1973 1930 1930 1974 1974 1930 1930 1973 1973 1930 1930 1974 1974 1975 1975 1975 1975 1976 1976 1930 1930 1977 1977 1930 1930 1976 1976 1930 1930 1977 1977 1936 1936 1978 1978 1936 1936 1977 1977 1936 1936 1978 1978 1940 1940</p>
        </triangles>
      </mesh>
    </geometry>
  </library_geometries>
  <library_materials>
    <material id="2e34c04cfb1e474e92351741ae89f37b" name="defaultmaterial">
      <instance_effect url="#c8316c699cc0431fa498f19f6d57e6dc"/>
    </material>
    <material id="536b8999e9d14ced914df8bca695cf31" name="defaultmaterial">
      <instance_effect url="#b8cf448a099d4bd9b1b83bf9abd9488c"/>
    </material>
    <material id="8f33bffcb9cd4e7fbefd4ca0678590d3" name="defaultmaterial">
      <instance_effect url="#203cf92cc6f449e2ab89476b0ac47a6b"/>
    </material>
  </library_materials>
  <library_visual_scenes>
    <visual_scene id="scene">
      <node id="node0" name="node0">
        <instance_geometry url="#b2f9c95a0b674cba879489e0e8c7db68">
          <bind_material>
            <technique_common>
              <instance_material symbol="material0" target="#2e34c04cfb1e474e92351741ae89f37b"/>
            </technique_common>
          </bind_material>
        </instance_geometry>
      </node>
      <node id="node1" name="node1">
        <instance_geometry url="#3a7e92965792449ea691e794436f360d">
          <bind_material>
            <technique_common>
              <instance_material symbol="material1" target="#536b8999e9d14ced914df8bca695cf31"/>
            </technique_common>
          </bind_material>
        </instance_geometry>
      </node>
      <node id="node2" name="node2">
        <instance_geometry url="#a4232ce7eab94617861de64ce6c4db85">
          <bind_material>
            <technique_common>
              <instance_material symbol="material2" target="#8f33bffcb9cd4e7fbefd4ca0678590d3"/>
            </technique_common>
          </bind_material>
        </instance_geometry>
      </node>
    </visual_scene>
  </library_visual_scenes>
  <scene>
    <instance_visual_scene url="#scene"/>
  </scene>
</COLLADA>
